photo_ID,class_coverage
1024196527_1.jpg,2.13
1052581155_1.jpg,17.65
1065603861_1.jpg,16.67
1065610920_1.jpg,32.92
1065611010_1.jpg,16.94
1065611010_2.jpg,9.59
1088935324_1.jpg,5.89
1098918548_1.jpg,19.88
1098918548_2.jpg,19.43
1132407895_1.jpg,1.56
1132407895_2.jpg,11.43
1134966182_1.jpg,21.76
1134966182_2.jpg,9.47
1135356260_1.jpg,1.95
1135356260_2.jpg,2.04
1135356260_3.jpg,2.50
1135356260_4.jpg,4.08
1135356260_5.jpg,3.26
1135526218_1.jpg,5.11
1135530375_1.jpg,10.21
1135530375_2.jpg,12.64
1135530375_3.jpg,10.82
1143525091_1.jpg,2.28
1143525091_2.jpg,3.45
1143525091_3.jpg,3.44
1143525091_4.jpg,3.32
1143528305_1.jpg,4.83
1143535745_1.jpg,3.27
1143550049_1.jpg,14.05
1143550049_2.jpg,4.82
1143550049_3.jpg,14.17
1143561862_1.jpg,11.50
1144279446_1.jpg,7.09
1211996486_1.jpg,37.94
1211996533_1.jpg,10.18
1227729356_1.jpg,14.89
1227729356_2.jpg,10.37
1227729356_3.jpg,24.34
1227736264_1.jpg,13.67
1227736264_2.jpg,3.42
1262385060_1.jpg,8.39
1265570533_1.jpg,5.04
1265577522_1.jpg,1.26
1265581194_1.jpg,1.19
1265893246_1.jpg,6.37
1269566047_1.jpg,18.47
1269572635_1.jpg,7.21
1269573956_1.jpg,10.07
1269573960_1.jpg,1.58
1269581703_1.jpg,0.82
1272087529_1.jpg,28.69
1291134097_1.jpg,2.62
1291135651_1.jpg,5.03
1291146174_1.jpg,3.80
1291146716_1.jpg,32.98
1291153746_1.jpg,6.28
1291674327_1.jpg,0.78
1305129161_1.jpg,19.94
1305129171_1.jpg,6.94
1305131563_1.jpg,20.79
1305155031_1.jpg,11.98
1305155031_2.jpg,5.76
1315071951_1.jpg,7.27
1453051998_1.jpg,19.00
1453371744_1.jpg,57.50
1453405956_1.jpg,22.80
1453405956_2.jpg,27.90
1453525819_1.jpg,1.54
1455577045_1.jpg,8.48
1455580666_1.jpg,1.39
1455583466_1.jpg,1.47
1455587241_1.jpg,19.13
1455591228_1.jpg,9.69
1455594731_1.jpg,3.18
1455594788_1.jpg,8.54
1457590068_1.jpg,11.25
1457590090_1.jpg,2.67
1457590242_1.jpg,12.29
1457593264_1.jpg,40.29
1457602821_1.jpg,4.28
1457608539_1.jpg,6.29
1457611320_1.jpg,0.65
1457611331_1.jpg,6.80
1457611359_1.jpg,3.66
1457614643_1.jpg,9.91
1457617149_1.jpg,3.81
1457618204_1.jpg,11.72
1457618338_1.jpg,15.87
1457625084_1.jpg,2.26
1457625489_1.jpg,5.12
1457626254_1.jpg,2.22
1457626977_1.jpg,4.89
1457630687_1.jpg,4.65
1457634571_1.jpg,0.85
1457637371_1.jpg,0.65
1457640855_1.jpg,1.70
1457641675_1.jpg,0.94
1457643663_1.jpg,9.57
1500247430_1.jpg,4.63
1500262768_1.jpg,2.61
1500270409_1.jpg,27.30
1500299628_1.jpg,25.12
1500299628_2.jpg,21.78
1500313153_1.jpg,1.15
1500313858_1.jpg,2.48
1500322685_1.jpg,0.97
1500345911_1.jpg,6.12
1500348335_1.jpg,1.71
1562907126_1.jpg,19.14
1562910524_1.jpg,6.03
1562914819_1.jpg,19.29
1562915990_1.jpg,3.75
1562925831_1.jpg,1.83
1562929429_1.jpg,5.60
1562930472_1.jpg,15.03
1562930581_1.jpg,15.47
1562931060_1.jpg,4.10
1562936401_1.jpg,9.61
1562939786_1.jpg,10.22
1562939820_1.jpg,1.98
1562949140_1.jpg,5.81
1562949228_1.jpg,5.31
1562952762_1.jpg,1.58
1562952827_1.jpg,5.51
1562954161_1.jpg,10.23
1562954161_2.jpg,10.04
1562956341_1.jpg,2.89
1562956814_1.jpg,21.32
1562967086_1.jpg,13.37
1562974520_1.jpg,6.81
1562974642_1.jpg,0.70
1562978676_1.jpg,0.00
1563435748_1.jpg,5.32
1563435771_1.jpg,3.07
1563435785_1.jpg,21.42
1563438696_1.jpg,8.58
1563438720_1.jpg,3.38
1563438764_1.jpg,6.38
1563446489_1.jpg,36.48
1563446525_1.jpg,11.24
1571108835_1.jpg,1.70
1571111388_1.jpg,3.10
1571116547_1.jpg,0.81
1571116567_1.jpg,6.62
1571120767_1.jpg,19.24
1571132348_1.jpg,42.55
1571132751_1.jpg,0.24
1571132751_2.jpg,0.32
1571139416_1.jpg,4.98
1571151402_1.jpg,24.26
1571153547_1.jpg,2.11
1571153862_1.jpg,3.35
1571186136_1.jpg,10.72
1571186245_1.jpg,14.14
1571187038_1.jpg,16.82
1571187869_1.jpg,17.09
1571187872_1.jpg,4.81
1571187879_1.jpg,6.00
1571194584_1.jpg,11.85
1571201349_1.jpg,21.16
1572356547_1.jpg,16.66
1572361196_1.jpg,0.45
1572361258_1.jpg,6.49
1572389469_1.jpg,5.32
1572399158_1.jpg,2.70
1572401923_1.jpg,10.38
1580511339_1.jpg,9.98
1586955494_1.jpg,2.03
1621794202_1.jpg,31.93
1621798260_1.jpg,9.24
1621798377_1.jpg,13.34
1621798450_1.jpg,27.50
1671725432_1.jpg,6.04
1702465264_1.jpg,5.96
1703230686_1.jpg,10.17
1802768149_1.jpg,11.46
1805396422_1.jpg,4.02
1807272547_1.jpg,9.74
1807272547_2.jpg,10.11
1807272547_3.jpg,14.17
1831095703_1.jpg,4.20
1831113682_1.jpg,20.85
1831120499_1.jpg,10.84
1831121823_1.jpg,6.53
1831123673_1.jpg,2.08
1831136565_1.jpg,2.14
1831141280_1.jpg,6.03
1831144864_1.jpg,10.76
1831144868_1.jpg,3.93
1831144925_1.jpg,2.23
1831144942_1.jpg,2.05
1831145408_1.jpg,3.46
1831146163_1.jpg,0.42
1831146244_1.jpg,9.54
1831146363_1.jpg,20.98
1831146367_1.jpg,6.49
1831161718_1.jpg,3.76
1831161724_1.jpg,5.26
1836656403_1.jpg,9.36
1837743816_1.jpg,8.10
1837743816_2.jpg,14.11
1837743816_3.jpg,10.01
1837759948_1.jpg,5.02
1838046165_1.jpg,12.90
1838046229_1.jpg,10.60
1838320955_1.jpg,3.52
1838324658_1.jpg,6.88
1838325172_1.jpg,2.36
1838360250_1.jpg,26.89
1838361705_1.jpg,6.34
1838378240_1.jpg,3.31
1838388974_1.jpg,1.20
1839216106_1.jpg,5.87
1839216451_1.jpg,26.93
1839216462_1.jpg,44.53
1839228721_1.jpg,2.24
1839230297_1.jpg,19.36
1839248174_1.jpg,1.91
1839268366_1.jpg,2.08
1841246403_1.jpg,14.51
1841283932_1.jpg,7.54
1841283932_2.jpg,23.66
1841298817_1.jpg,2.51
1841312935_1.jpg,9.39
1841316067_1.jpg,0.88
1841317513_1.jpg,1.11
1847420708_1.jpg,0.34
1847469834_1.jpg,6.32
1847492276_1.jpg,6.26
1847501153_1.jpg,8.42
1847516622_1.jpg,15.88
1847519874_1.jpg,21.75
1847550307_1.jpg,4.91
1847562441_1.jpg,15.17
1847562441_2.jpg,8.73
1847562441_3.jpg,5.11
1847587536_1.jpg,1.16
1847587536_2.jpg,3.18
1847612553_1.jpg,3.41
1847621674_1.jpg,22.27
1848763126_1.jpg,6.14
1848763126_2.jpg,3.51
1848763253_1.jpg,4.15
1848763253_2.jpg,2.42
1848770129_1.jpg,3.96
1848776926_1.jpg,1.46
1848778186_1.jpg,11.69
1848792365_1.jpg,8.82
1850916874_1.jpg,1.01
1850916874_2.jpg,0.72
1850955920_1.jpg,0.80
1880492148_1.jpg,3.03
1880502919_1.jpg,13.91
1880529075_1.jpg,32.61
1880529075_2.jpg,8.95
1880559714_1.jpg,26.43
1880591827_1.jpg,0.35
1880591923_1.jpg,12.78
1880591923_2.jpg,11.77
1880596184_1.jpg,3.49
1880602876_1.jpg,15.47
1880602876_2.jpg,8.99
1880612460_1.jpg,9.43
1880612472_1.jpg,2.16
1880618943_1.jpg,0.75
1880619756_1.jpg,2.80
1880642821_1.jpg,3.31
1880642836_1.jpg,6.24
1880642836_2.jpg,2.59
1880642836_3.jpg,5.35
1883484792_1.jpg,3.51
1883502909_1.jpg,22.31
1883503323_1.jpg,0.59
1883516789_1.jpg,4.21
1883525335_1.jpg,4.89
1883525335_10.jpg,7.26
1883525335_11.jpg,6.85
1883525335_2.jpg,7.95
1883525335_3.jpg,8.10
1883525335_4.jpg,6.26
1883525335_5.jpg,5.37
1883525335_6.jpg,5.29
1883525335_7.jpg,1.99
1883525335_8.jpg,5.29
1883525335_9.jpg,7.13
1883548875_1.jpg,10.83
1883958466_1.jpg,27.38
1883964370_1.jpg,9.48
1890074172_1.jpg,13.93
1890074172_2.jpg,5.04
1890075882_1.jpg,1.17
1890075882_2.jpg,5.28
1890083072_1.jpg,2.57
1890688453_1.jpg,15.92
1890688453_2.jpg,5.43
1890709289_1.jpg,0.96
1890716234_1.jpg,1.96
1890716234_2.jpg,2.07
1890721706_1.jpg,6.59
1891290902_1.jpg,2.53
1891352358_1.jpg,1.08
1891352358_2.jpg,2.08
1891352358_3.jpg,2.02
1898800457_1.jpg,9.89
1898814765_1.jpg,6.33
1899801559_1.jpg,9.83
1901048346_1.jpg,3.28
1913164548_1.jpg,3.96
1913185517_1.jpg,6.86
1913185517_2.jpg,11.43
1913185517_3.jpg,18.79
1913196381_1.jpg,5.55
1913196972_1.jpg,15.74
1913196972_2.jpg,5.68
1913203149_1.jpg,8.39
1913203194_1.jpg,0.91
1913203194_2.jpg,2.87
1913663871_1.jpg,0.15
1913668893_1.jpg,4.15
1913675589_1.jpg,4.78
1913675589_2.jpg,4.28
1913680585_1.jpg,9.62
1913681476_1.jpg,3.70
1913689521_1.jpg,8.92
1913697351_1.jpg,6.75
1913703583_1.jpg,0.29
1914204544_1.jpg,7.67
1914216735_1.jpg,7.20
1914342920_1.jpg,39.89
1914352128_1.jpg,11.37
1920810830_1.jpg,7.89
1931490728_1.jpg,0.08
1932352340_1.jpg,1.85
1932352340_2.jpg,0.20
1935629879_1.jpg,2.61
1944413323_1.jpg,46.13
1945435051_1.jpg,4.20
1946317358_1.jpg,19.42
1948769025_1.jpg,9.12
1948769025_2.jpg,3.55
1948769025_3.jpg,0.04
1950011466_1.jpg,0.00
1950011466_2.jpg,0.53
1950011466_3.jpg,0.49
1950011466_4.jpg,0.00
1978441281_1.jpg,6.39
1978441281_2.jpg,4.22
1978441281_3.jpg,2.23
1986599947_1.jpg,7.78
1990598717_1.jpg,4.56
2006078938_1.jpg,1.50
2012982704_1.jpg,4.67
2028461018_1.jpg,8.10
2234745441_1.jpg,24.62
2234745441_2.jpg,5.03
2234747394_1.jpg,13.28
2234747394_2.jpg,32.65
2234747394_3.jpg,7.65
2234797817_1.jpg,11.97
2235547745_1.jpg,3.25
2235555794_1.jpg,14.88
2236241447_1.jpg,28.50
2236241447_10.jpg,12.24
2236241447_2.jpg,9.29
2236241447_3.jpg,11.83
2236241447_4.jpg,31.77
2236241447_5.jpg,25.37
2236241447_6.jpg,20.07
2236241447_7.jpg,21.74
2236241447_8.jpg,14.56
2236241447_9.jpg,8.72
2236909655_1.jpg,9.68
2236914085_1.jpg,3.03
2237436702_1.jpg,4.31
2237449313_1.jpg,4.99
2237449313_2.jpg,35.73
2237449313_3.jpg,8.54
2237497623_1.jpg,2.92
2237498395_1.jpg,3.87
2237498883_1.jpg,4.83
2238866580_1.jpg,5.38
2239021528_1.jpg,22.76
2239021528_2.jpg,10.30
2239021528_3.jpg,7.85
2239021528_4.jpg,15.13
2239041879_1.jpg,5.08
2242813184_1.jpg,12.20
2242813184_2.jpg,1.93
2242971332_1.jpg,19.80
2242972707_1.jpg,4.07
2242972707_2.jpg,4.75
2242972707_3.jpg,2.42
2242972707_4.jpg,4.20
2242986787_1.jpg,24.95
2242986787_2.jpg,7.13
2243001208_1.jpg,16.01
2243013087_1.jpg,5.47
2251884462_1.jpg,5.84
2251907903_1.jpg,1.82
2251907903_2.jpg,1.67
2251943509_1.jpg,0.11
2251959060_1.jpg,2.19
2251995076_1.jpg,15.45
2252014564_1.jpg,5.90
2252014564_2.jpg,8.21
2252014564_3.jpg,14.12
2252031382_1.jpg,0.51
2252031382_2.jpg,0.00
2252032550_1.jpg,2.08
2252032550_2.jpg,7.43
2252035414_1.jpg,1.50
2252047223_1.jpg,7.75
2252066941_1.jpg,10.16
2252078536_1.jpg,10.58
2252080233_1.jpg,10.28
2265806064_1.jpg,1.37
2265824568_1.jpg,6.83
2265833302_1.jpg,4.49
2265839912_1.jpg,53.32
2265861293_1.jpg,3.11
2269231881_1.jpg,5.10
2269236181_1.jpg,1.21
2269236181_2.jpg,1.81
2273223706_1.jpg,9.41
2273223706_2.jpg,6.26
2273223706_3.jpg,22.38
2273227675_1.jpg,8.93
2273232773_1.jpg,7.27
2273232773_2.jpg,3.39
2273232773_3.jpg,40.71
2283070824_1.jpg,19.07
2283089911_1.jpg,2.64
2283101792_1.jpg,0.55
2283185768_1.jpg,4.62
2283185936_1.jpg,18.55
2283185936_2.jpg,21.68
2283185936_3.jpg,7.00
2283237895_1.jpg,2.99
2294457984_1.jpg,2.05
2294459988_1.jpg,1.10
2294522920_1.jpg,6.97
2294591769_1.jpg,1.14
2294595769_1.jpg,2.71
2294596374_1.jpg,2.08
2294597853_1.jpg,7.44
2294608612_1.jpg,7.92
2294681515_1.jpg,9.12
2294681515_2.jpg,4.85
2294681515_3.jpg,5.00
2294681515_4.jpg,5.21
2294681515_5.jpg,5.00
2294681515_6.jpg,4.85
2294681515_7.jpg,4.03
2294681515_8.jpg,8.26
2294681515_9.jpg,9.12
2331858942_1.jpg,0.00
2331876813_1.jpg,22.27
2331902156_1.jpg,1.14
2331915398_1.jpg,4.50
2350371135_1.jpg,7.19
2350403940_1.jpg,3.06
2350405070_1.jpg,15.33
2350422641_1.jpg,21.49
2350429868_1.jpg,1.95
2350429868_2.jpg,18.30
2350441619_1.jpg,0.91
2366053653_1.jpg,8.33
2366053653_2.jpg,5.14
2366129751_1.jpg,85.15
2366129751_2.jpg,35.71
2397518581_1.jpg,37.77
2397518581_2.jpg,32.48
2397518581_3.jpg,5.93
2397558415_1.jpg,0.05
2397570432_1.jpg,15.69
2422923454_1.jpg,8.14
2422934825_1.jpg,5.03
2423002534_1.jpg,9.81
2423002534_2.jpg,3.35
2423005968_1.jpg,0.99
2423025466_1.jpg,1.79
2423025677_1.jpg,5.94
2423031386_1.jpg,4.06
2423031386_2.jpg,1.68
2423095005_1.jpg,3.76
2423101758_1.jpg,9.56
2423102384_1.jpg,25.46
2423129859_1.jpg,2.15
2423169335_1.jpg,39.29
2423169335_2.jpg,8.16
2423171759_1.jpg,7.87
2423171759_2.jpg,12.31
2423171759_3.jpg,14.44
2423171759_4.jpg,8.58
2429301928_1.jpg,0.09
2429316568_1.jpg,0.11
2429317523_1.jpg,0.82
2429360166_1.jpg,15.75
2429385197_1.jpg,3.38
2429385209_1.jpg,13.14
2429386915_1.jpg,7.69
2429386915_2.jpg,7.36
2429386915_3.jpg,7.52
2429388125_1.jpg,0.72
2429532023_1.jpg,1.56
2429556511_1.jpg,0.62
2429587386_1.jpg,11.90
2429590960_1.jpg,28.28
2429590960_2.jpg,13.90
2429601739_1.jpg,2.11
2447979716_1.jpg,0.81
2447979716_2.jpg,0.72
2448000072_1.jpg,3.11
2448003331_1.jpg,23.39
2448003331_2.jpg,14.13
2451726527_1.jpg,3.16
2451726527_2.jpg,2.34
2456568602_1.jpg,13.43
2460071081_1.jpg,11.74
2465135757_1.jpg,3.43
2465154593_1.jpg,3.35
2465315239_1.jpg,26.98
2465355641_1.jpg,23.03
2518017405_1.jpg,0.23
2518017405_2.jpg,0.31
2529267522_1.jpg,5.26
2529318619_1.jpg,3.33
2540749834_1.jpg,10.22
2543034207_1.jpg,15.63
2550045497_1.jpg,4.68
2550122631_1.jpg,5.98
2550122631_2.jpg,18.80
2573855394_1.jpg,42.92
2573855394_2.jpg,39.91
2574110864_1.jpg,14.63
2574244235_1.jpg,10.09
2574297914_1.jpg,0.53
2574299702_1.jpg,8.20
2574299702_2.jpg,3.74
2576283193_1.jpg,23.31
2576325855_1.jpg,2.31
2576325855_2.jpg,1.62
2576325855_3.jpg,7.78
2576366467_1.jpg,2.23
2596042429_1.jpg,39.94
2596079571_1.jpg,20.55
2596162911_1.jpg,0.00
2596223683_1.jpg,25.23
2596230740_1.jpg,0.42
2596285334_1.jpg,6.52
2596340889_1.jpg,16.23
2596387543_1.jpg,8.72
2596403324_1.jpg,32.94
2597706369_1.jpg,3.14
2597706369_2.jpg,21.39
2597905030_1.jpg,4.54
2603295104_1.jpg,1.30
2603295104_2.jpg,0.88
2603332022_1.jpg,1.87
2603381529_1.jpg,2.82
2603410197_1.jpg,7.43
2603410310_1.jpg,4.95
2603416383_1.jpg,0.26
2603416383_2.jpg,0.43
2603416383_3.jpg,0.31
2609097171_1.jpg,7.08
2609097171_2.jpg,44.53
2609098601_1.jpg,2.61
2609106532_1.jpg,21.35
2609106532_2.jpg,41.49
2609106532_3.jpg,27.80
2609120106_1.jpg,2.57
2609135261_1.jpg,10.38
2609135261_2.jpg,4.59
2609154079_1.jpg,1.86
2609194022_1.jpg,5.90
2609262933_1.jpg,4.69
2609286641_1.jpg,20.41
2609286641_2.jpg,10.72
2609286641_3.jpg,15.53
2609338361_1.jpg,14.07
2609339294_1.jpg,20.76
2609339294_2.jpg,13.35
2609339294_3.jpg,11.84
2610934295_1.jpg,1.86
2610942656_1.jpg,14.50
2610947765_1.jpg,20.68
2610948983_1.jpg,12.90
2610975239_1.jpg,1.46
2611047326_1.jpg,3.92
2611275565_1.jpg,3.45
2611285560_1.jpg,2.62
2611285560_2.jpg,0.90
2611331370_1.jpg,4.69
2619879589_1.jpg,17.08
2619879589_2.jpg,3.80
2619893112_1.jpg,0.07
2620061917_1.jpg,1.21
2620106807_1.jpg,7.62
2620189825_1.jpg,0.30
2626109232_1.jpg,9.20
2626135071_1.jpg,5.24
2626150209_1.jpg,1.62
2626243439_1.jpg,0.55
2626303544_1.jpg,5.69
2626313469_1.jpg,1.09
2626313469_2.jpg,4.31
2626313469_3.jpg,0.39
2626329479_1.jpg,1.89
2626355071_1.jpg,7.89
2626357904_1.jpg,2.76
2626427303_1.jpg,1.80
2626477445_1.jpg,9.54
2626489423_1.jpg,1.33
2626492643_1.jpg,1.79
2626545235_1.jpg,5.18
2626545235_2.jpg,1.60
2626587976_1.jpg,1.55
2626616405_1.jpg,2.81
2626619746_1.jpg,5.90
2626635776_1.jpg,2.14
2634004928_1.jpg,6.53
2634004928_2.jpg,0.42
2634071162_1.jpg,0.36
2634096059_1.jpg,0.31
2634242991_1.jpg,2.57
2634263886_1.jpg,1.14
2634290051_1.jpg,3.91
2634364810_1.jpg,0.06
2634403202_1.jpg,0.05
2634426495_1.jpg,9.09
2634501347_1.jpg,6.84
2634570569_1.jpg,0.65
2634576324_1.jpg,7.05
2634580213_1.jpg,2.71
2634611836_1.jpg,2.59
2641333863_1.jpg,0.00
2641340569_1.jpg,1.27
2641426696_1.jpg,6.20
2641483699_1.jpg,11.32
2641538679_1.jpg,6.95
2802606228_1.jpg,14.24
2802631152_1.jpg,13.76
2802631152_2.jpg,1.34
2802655260_1.jpg,6.89
2802669513_1.jpg,8.13
2802822343_1.jpg,3.21
2802822343_2.jpg,2.51
2802832608_1.jpg,8.52
2802891173_1.jpg,40.23
2802990192_1.jpg,30.10
2803007517_1.jpg,0.85
2803149304_1.jpg,1.19
2813867833_1.jpg,10.76
2813867833_2.jpg,22.90
2813877517_1.jpg,1.87
2813886997_1.jpg,12.38
2813886997_2.jpg,11.22
2813886997_3.jpg,12.72
2813886997_4.jpg,11.20
2813901250_1.jpg,2.33
2814065210_1.jpg,2.92
2814176285_1.jpg,1.76
2814284669_1.jpg,6.91
2814332494_1.jpg,20.75
2814370547_1.jpg,12.12
2814372309_1.jpg,4.14
2814436317_1.jpg,3.67
2818523153_1.jpg,14.94
2818523153_2.jpg,5.75
2818523153_3.jpg,12.20
2818635405_1.jpg,7.60
2818636469_1.jpg,2.50
2818648493_1.jpg,20.15
2818725810_1.jpg,2.71
2823169329_1.jpg,10.10
2823169329_2.jpg,18.87
2823169329_3.jpg,2.15
2823375626_1.jpg,14.49
2823375626_2.jpg,49.95
2823375626_3.jpg,13.10
2823406414_1.jpg,15.90
2823438615_1.jpg,7.27
2826158505_1.jpg,2.57
2826340230_1.jpg,20.08
2826349093_1.jpg,8.06
2826366923_1.jpg,2.87
2826366923_2.jpg,2.04
2826366923_3.jpg,2.82
2826398968_1.jpg,3.83
2826493620_1.jpg,21.47
2832084277_1.jpg,5.47
2832142329_1.jpg,15.44
2832210629_1.jpg,10.31
2832345961_1.jpg,3.14
2832345961_2.jpg,7.98
2832419032_1.jpg,41.19
2832419032_2.jpg,17.33
2832419032_3.jpg,14.08
2832445409_1.jpg,7.00
2832474092_1.jpg,5.55
2832569105_1.jpg,38.96
2832595241_1.jpg,9.72
2832899498_1.jpg,8.48
2832899498_2.jpg,2.03
2832899498_3.jpg,9.32
2832899498_4.jpg,11.60
2832972134_1.jpg,2.67
2833039030_1.jpg,7.61
2833047428_1.jpg,29.95
2833284031_1.jpg,6.29
2833348047_1.jpg,12.24
2833354335_1.jpg,0.46
2833354335_2.jpg,0.50
2833439712_1.jpg,29.52
2834315209_1.jpg,5.03
2834315209_2.jpg,17.59
2834570693_1.jpg,32.82
2834570693_2.jpg,37.90
2835188981_1.jpg,19.01
2835247059_1.jpg,9.01
2835515099_1.jpg,25.73
2835747568_1.jpg,10.97
2835747568_2.jpg,0.00
2835747568_3.jpg,2.88
2835747568_4.jpg,6.47
2835748079_1.jpg,2.49
2835883176_1.jpg,4.65
2835883176_2.jpg,18.57
2835886233_1.jpg,6.61
2836059945_1.jpg,2.18
2836254276_1.jpg,11.44
2836378111_1.jpg,9.31
2836391117_1.jpg,7.58
2836814194_1.jpg,2.75
2837082394_1.jpg,10.57
2837190452_1.jpg,29.04
2837574139_1.jpg,31.31
2837574139_2.jpg,9.58
2837759131_1.jpg,0.97
2837828461_1.jpg,5.19
2837934085_1.jpg,7.04
2837934085_2.jpg,42.90
2837934085_3.jpg,32.40
2838321282_1.jpg,14.24
2838321282_2.jpg,5.80
2838378597_1.jpg,3.70
2838378597_2.jpg,2.39
2838699102_1.jpg,6.40
2838699102_2.jpg,9.35
2838752446_1.jpg,9.35
2839082086_1.jpg,20.41
2839240860_1.jpg,21.45
2839391985_1.jpg,0.00
2839419500_1.jpg,6.35
2839419500_2.jpg,0.16
2839419500_3.jpg,16.70
2839419500_4.jpg,4.52
2839965377_1.jpg,4.01
2839965377_2.jpg,8.89
2840117104_1.jpg,4.59
2840117104_2.jpg,11.31
2840117104_3.jpg,0.85
2840175604_1.jpg,2.77
2840276396_1.jpg,3.77
2840393100_1.jpg,9.17
2840393100_2.jpg,6.12
2840393100_3.jpg,10.10
2840414614_1.jpg,43.60
2840472312_1.jpg,2.69
2840543661_1.jpg,8.87
2840543661_2.jpg,9.41
2840543661_3.jpg,3.92
2840616854_1.jpg,6.03
2840897260_1.jpg,8.75
2840897260_2.jpg,5.82
2840996469_1.jpg,6.55
2840996469_2.jpg,16.95
2841078724_1.jpg,15.69
2841106088_1.jpg,37.46
2841106088_2.jpg,43.40
2841106088_3.jpg,3.14
2841118884_1.jpg,7.93
2841118884_2.jpg,52.45
2841721312_1.jpg,35.05
2841802281_1.jpg,15.47
2842019016_1.jpg,9.17
2842077689_1.jpg,24.25
2842297650_1.jpg,3.37
2842673529_1.jpg,12.73
2842698956_1.jpg,7.34
2842698956_2.jpg,4.78
2842814263_1.jpg,16.15
2843040810_1.jpg,6.89
2843040810_2.jpg,4.92
2843382771_1.jpg,24.32
2843382771_2.jpg,21.63
2843382771_3.jpg,9.52
2843391056_1.jpg,11.09
2843735023_1.jpg,33.83
2843735023_2.jpg,17.27
2843735023_3.jpg,10.38
2843735023_4.jpg,8.26
2843735023_5.jpg,9.45
2844215716_1.jpg,5.67
2844278964_1.jpg,7.42
2844278964_2.jpg,4.46
2844442658_1.jpg,31.11
2844676821_1.jpg,10.81
2844786436_1.jpg,7.84
2845282390_1.jpg,24.95
2845446053_1.jpg,0.97
2850699925_1.jpg,3.62
2850740779_1.jpg,23.51
2850744126_1.jpg,5.12
2850754477_1.jpg,8.16
2850776568_1.jpg,17.05
2850776568_2.jpg,2.49
2850806291_1.jpg,5.25
2850836619_1.jpg,2.82
2850873722_1.jpg,9.67
2850884644_1.jpg,11.56
2850915607_1.jpg,2.19
2850915607_2.jpg,0.80
2850966972_1.jpg,7.03
2851034645_1.jpg,40.09
2851083572_1.jpg,16.45
2851194176_1.jpg,1.43
2851208340_1.jpg,5.67
2851224764_1.jpg,7.99
2851259595_1.jpg,21.49
2856492187_1.jpg,3.07
2856628876_1.jpg,9.76
2859922977_1.jpg,8.34
2859922977_2.jpg,7.91
2859922977_3.jpg,9.54
2859946795_1.jpg,20.85
2859953768_1.jpg,3.49
2859953768_2.jpg,4.13
2860046380_1.jpg,2.95
2860180015_1.jpg,15.52
2860224446_1.jpg,2.12
2860255396_1.jpg,3.55
2860255396_2.jpg,4.68
2860255396_3.jpg,7.46
2862308921_1.jpg,7.55
2862334370_1.jpg,1.23
2862380584_1.jpg,3.34
2862380584_2.jpg,7.46
2862380584_3.jpg,3.93
2862488734_1.jpg,4.83
2862498596_1.jpg,2.39
2862498596_2.jpg,4.29
2862498596_3.jpg,3.45
2862498596_4.jpg,2.16
2862526844_1.jpg,4.08
2862526844_2.jpg,4.07
2862642340_1.jpg,7.25
2862642341_1.jpg,2.23
2862642341_2.jpg,1.58
2864646842_1.jpg,1.43
2864780014_1.jpg,3.46
2864780014_2.jpg,5.30
2864780014_3.jpg,3.78
2864794883_1.jpg,18.01
2864794883_2.jpg,6.65
2864794883_3.jpg,2.59
2864794883_4.jpg,5.23
2864808121_1.jpg,1.28
2868147233_1.jpg,5.20
2868147233_2.jpg,2.66
2868147233_3.jpg,1.78
2868172392_1.jpg,5.07
2868172392_2.jpg,3.76
2868172392_3.jpg,0.66
2868234530_1.jpg,2.39
2868234530_2.jpg,1.00
2868234530_3.jpg,2.57
2868234530_4.jpg,1.76
2868236005_1.jpg,2.26
2868236005_2.jpg,2.28
2868314770_1.jpg,5.20
2873755958_1.jpg,8.94
2873755958_2.jpg,10.47
2873775735_1.jpg,7.53
2873777769_1.jpg,3.94
2873804964_1.jpg,1.26
2873920823_1.jpg,3.10
2882944529_1.jpg,18.39
2882944529_2.jpg,23.01
2882946558_1.jpg,6.79
2882984643_1.jpg,22.59
2883018115_1.jpg,1.09
2883018115_2.jpg,0.00
2883236550_1.jpg,0.58
2883236550_2.jpg,6.31
2883236550_3.jpg,8.86
2883237389_1.jpg,8.34
2898381144_1.jpg,0.00
2898422670_1.jpg,9.55
2898422670_2.jpg,11.64
2901696655_1.jpg,1.64
2901696655_2.jpg,3.15
2901731740_1.jpg,1.64
2901737235_1.jpg,2.95
2901737235_2.jpg,3.63
2901737235_3.jpg,4.47
2901781139_1.jpg,11.53
2901793151_1.jpg,2.49
2963959568_1.jpg,21.57
2980969206_1.jpg,6.98
2980969206_2.jpg,1.82
2980969206_3.jpg,0.24
2980988177_1.jpg,2.05
2980988177_2.jpg,1.83
2980988177_3.jpg,2.48
2984407975_1.jpg,3.53
2984446406_1.jpg,4.61
2984450572_1.jpg,1.83
2984462465_1.jpg,4.09
2984519575_1.jpg,0.89
2988315148_1.jpg,6.69
2988315148_2.jpg,5.51
2988315148_3.jpg,10.14
2988319892_1.jpg,4.69
2988319892_2.jpg,2.14
2988476957_1.jpg,40.24
2988477978_1.jpg,19.14
2988509018_1.jpg,22.71
2988558634_1.jpg,3.94
2988561911_1.jpg,13.06
2988561911_2.jpg,2.69
2988561911_3.jpg,11.68
2988709435_1.jpg,1.72
2988709435_2.jpg,0.00
2999064922_1.jpg,9.53
3008559100_1.jpg,3.13
3014040889_1.jpg,1.85
3014093206_1.jpg,19.07
3031716583_1.jpg,10.36
3031884884_1.jpg,4.35
3031955620_1.jpg,5.20
3039183418_1.jpg,5.45
3039282714_1.jpg,1.16
3039311694_1.jpg,3.93
3039311694_2.jpg,4.28
3039371702_1.jpg,4.49
3039382048_1.jpg,15.23
3044676984_1.jpg,4.24
3044693068_1.jpg,12.72
3044725721_1.jpg,2.63
3044840695_1.jpg,41.68
3044840695_2.jpg,32.96
3044850768_1.jpg,37.42
3044850768_2.jpg,53.58
3044850768_3.jpg,32.78
3044943819_1.jpg,10.48
3044943819_2.jpg,11.38
3044943819_3.jpg,4.14
3058889883_1.jpg,1.85
3058889883_2.jpg,1.89
3058889883_3.jpg,2.05
3058889883_4.jpg,2.55
3061549282_1.jpg,3.82
3061599695_1.jpg,4.35
3061654914_1.jpg,5.74
3061667796_1.jpg,0.21
3061739562_1.jpg,23.30
3061777815_1.jpg,0.30
3067636090_1.jpg,15.63
3070262707_1.jpg,27.17
3070262707_2.jpg,23.65
3070347549_1.jpg,38.16
3070380075_1.jpg,1.19
3070380075_2.jpg,0.26
3070415441_1.jpg,2.17
3070415441_2.jpg,6.10
3070415441_3.jpg,1.59
3070455995_1.jpg,1.85
3070464578_1.jpg,34.24
3070494927_1.jpg,3.72
3070494927_2.jpg,0.53
3070649204_1.jpg,5.25
3070665808_1.jpg,1.64
3070671749_1.jpg,4.58
3070718063_1.jpg,38.62
3070777949_1.jpg,2.95
3070778244_1.jpg,7.36
3079543300_1.jpg,2.74
3079557827_1.jpg,0.53
3079559252_1.jpg,2.86
3079559252_2.jpg,2.42
3079591976_1.jpg,3.64
3079593444_1.jpg,13.13
3079607424_1.jpg,4.64
3079650111_1.jpg,10.68
3079672287_1.jpg,12.18
3079688728_1.jpg,3.97
3079692654_1.jpg,4.13
3079692654_2.jpg,5.83
3079692654_3.jpg,5.69
3079740438_1.jpg,1.69
3079743390_1.jpg,10.77
3079743390_2.jpg,19.08
3079743390_3.jpg,12.08
3079743390_4.jpg,10.63
3079743390_5.jpg,10.11
3079761309_1.jpg,1.37
3079775500_1.jpg,3.18
3079792301_1.jpg,1.54
3079792301_2.jpg,2.77
3079813899_1.jpg,19.93
3079814945_1.jpg,0.36
3079837756_1.jpg,9.64
3079852629_1.jpg,20.88
3079852629_2.jpg,11.64
3079852629_3.jpg,6.52
3079860346_1.jpg,9.33
3079860346_2.jpg,4.72
3079871788_1.jpg,33.35
3079884112_1.jpg,3.33
3079894561_1.jpg,10.26
3079894561_2.jpg,2.51
3090573256_1.jpg,10.03
3090677544_1.jpg,9.43
3090687990_1.jpg,1.62
3090715687_1.jpg,3.19
3090715687_2.jpg,3.96
3090723244_1.jpg,8.17
3090785703_1.jpg,10.10
3090785703_2.jpg,5.48
3090785703_3.jpg,8.77
3090810182_1.jpg,3.94
3090955338_1.jpg,20.50
3090955338_2.jpg,13.63
3090955338_3.jpg,13.36
3096990170_1.jpg,21.54
3096994316_1.jpg,13.30
3096994316_2.jpg,3.60
3097013030_1.jpg,5.10
3097013030_2.jpg,0.43
3097013030_3.jpg,11.71
3097013030_4.jpg,9.27
3097018799_1.jpg,5.00
3097117744_1.jpg,5.80
3097197705_1.jpg,19.59
3097197705_2.jpg,24.52
3097222719_1.jpg,5.63
3097357326_1.jpg,3.77
3097357326_2.jpg,5.21
3097369546_1.jpg,13.16
3097373737_1.jpg,3.59
3097373737_2.jpg,8.84
3097424751_1.jpg,2.75
3109021065_1.jpg,28.02
3109038724_1.jpg,8.23
3109071727_1.jpg,12.24
3109123600_1.jpg,3.55
3109147334_1.jpg,29.05
3109189208_1.jpg,4.77
3109189208_2.jpg,1.06
3109189208_3.jpg,2.42
3109189208_4.jpg,1.49
3109246516_1.jpg,10.22
3109269874_1.jpg,1.65
3109318595_1.jpg,6.10
3109318595_2.jpg,1.92
3109318595_3.jpg,1.17
3112300585_1.jpg,3.00
3112365562_1.jpg,12.96
3112528911_1.jpg,5.79
3112601696_1.jpg,25.65
3112694507_1.jpg,7.47
3112702319_1.jpg,1.55
3112702319_2.jpg,1.37
3112849520_1.jpg,2.33
3112849520_2.jpg,2.88
3112881572_1.jpg,17.13
3112897516_1.jpg,4.50
3112897516_2.jpg,5.11
3112942395_1.jpg,9.14
3112942395_2.jpg,1.29
3112943380_1.jpg,3.73
3112943380_2.jpg,2.97
3113248945_1.jpg,20.04
3113264933_1.jpg,1.98
3113359107_1.jpg,3.89
3113387631_1.jpg,29.40
3113427102_1.jpg,2.73
3113472819_1.jpg,0.52
3113497683_1.jpg,5.12
3113497683_2.jpg,24.25
3113517313_1.jpg,2.45
3113517315_1.jpg,4.15
3113552102_1.jpg,8.41
3113552102_2.jpg,10.95
3113578021_1.jpg,8.81
3113612367_1.jpg,4.28
3117747614_1.jpg,0.00
3117814601_1.jpg,20.01
3117814601_2.jpg,22.37
3117814601_3.jpg,16.47
3117916887_1.jpg,2.10
3118196709_1.jpg,12.79
3118196709_2.jpg,9.03
3118196709_3.jpg,16.89
3118278244_1.jpg,4.95
3118290234_1.jpg,2.23
3118369570_1.jpg,7.19
3124537583_1.jpg,6.19
3124539995_1.jpg,1.22
3124561693_1.jpg,21.72
3124572539_1.jpg,13.75
3124583575_1.jpg,13.00
3124656787_1.jpg,47.72
3124663917_1.jpg,5.75
3124749543_1.jpg,15.89
3124769879_1.jpg,9.51
3124800911_1.jpg,8.45
3124800911_2.jpg,3.08
3301789061_1.jpg,15.88
3301858419_1.jpg,0.28
3301955932_1.jpg,22.66
3301965662_1.jpg,2.08
3302008048_1.jpg,15.31
3302030828_1.jpg,0.82
3302054198_1.jpg,1.78
3302065665_1.jpg,5.40
3302096158_1.jpg,3.05
3302096158_2.jpg,20.87
3302096158_3.jpg,4.36
3302105416_1.jpg,4.77
3302105416_2.jpg,3.24
3302108562_1.jpg,1.45
3302128139_1.jpg,6.39
3302143131_1.jpg,6.14
3302161943_1.jpg,7.66
3302309084_1.jpg,5.60
3302309084_2.jpg,3.85
3302309084_3.jpg,2.04
3302309084_4.jpg,3.95
3302444206_1.jpg,4.13
3302449380_1.jpg,0.56
3302450516_1.jpg,1.52
3302456551_1.jpg,4.91
3302456551_2.jpg,4.60
3302463626_1.jpg,2.03
3302484513_1.jpg,0.10
3302538710_1.jpg,20.24
3302552108_1.jpg,7.63
3302561452_1.jpg,3.30
3302561452_2.jpg,3.79
3302561452_3.jpg,4.33
3302561452_4.jpg,1.92
3307147230_1.jpg,2.86
3307147230_2.jpg,0.94
3307147230_3.jpg,2.49
3307147230_4.jpg,8.45
3307147230_5.jpg,8.28
3307158129_1.jpg,10.27
3307158129_2.jpg,10.65
3307248462_1.jpg,27.99
3307248462_2.jpg,14.87
3307280304_1.jpg,18.43
3307294267_1.jpg,16.16
3307308296_1.jpg,15.16
3307348179_1.jpg,1.39
3307368280_1.jpg,5.20
3307368280_2.jpg,3.62
3307392027_1.jpg,33.50
3307411090_1.jpg,5.12
3307411090_2.jpg,2.37
3307411090_3.jpg,7.84
3307431931_1.jpg,3.73
3307495407_1.jpg,8.65
3307495407_2.jpg,15.95
3307495407_3.jpg,10.42
3314142667_1.jpg,3.19
3314185290_1.jpg,7.85
3314238974_1.jpg,7.94
3314309137_1.jpg,1.34
3314365331_1.jpg,2.52
3314379824_1.jpg,9.55
3314488473_1.jpg,17.51
3314494075_1.jpg,17.18
3314544548_1.jpg,17.13
3320850083_1.jpg,8.26
3320857249_1.jpg,10.09
3320881940_1.jpg,2.25
3320890217_1.jpg,6.48
3320959994_1.jpg,2.56
3321046482_1.jpg,1.41
3321079102_1.jpg,6.15
3321153843_1.jpg,0.58
3321165249_1.jpg,5.58
3321201254_1.jpg,15.48
3321256568_1.jpg,3.59
3321315498_1.jpg,2.12
3325485759_1.jpg,1.70
3325544079_1.jpg,1.77
3325544079_2.jpg,1.81
3325544079_3.jpg,1.64
3325571909_1.jpg,0.00
3325748412_1.jpg,1.36
3325786281_1.jpg,3.04
3325800411_1.jpg,0.81
3325815016_1.jpg,17.07
3325837366_1.jpg,8.46
3325837366_2.jpg,0.40
3325861393_1.jpg,9.32
3327716805_1.jpg,21.52
3327716805_2.jpg,23.32
3327716805_3.jpg,30.95
3327734048_1.jpg,21.24
3327734048_2.jpg,39.04
3327760775_1.jpg,15.45
3328014006_1.jpg,15.29
3328151342_1.jpg,1.82
3328165381_1.jpg,4.06
3330683254_1.jpg,21.36
3330683254_2.jpg,4.57
3330683254_3.jpg,1.53
3330886516_1.jpg,4.89
3330890440_1.jpg,5.96
3333082013_1.jpg,13.10
3333087290_1.jpg,2.13
3333087290_2.jpg,3.63
3333087290_3.jpg,1.53
3333087290_4.jpg,0.27
3333185472_1.jpg,25.43
3333185472_2.jpg,24.38
3333185472_3.jpg,12.73
3333185472_4.jpg,14.24
3333201444_1.jpg,22.85
3333264047_1.jpg,3.75
3333280667_1.jpg,14.82
3333410624_1.jpg,7.44
3333410624_2.jpg,1.35
3333410624_3.jpg,7.48
3333410624_4.jpg,3.22
3333414806_1.jpg,7.66
3333414806_2.jpg,1.72
3335066849_1.jpg,1.89
3335101098_1.jpg,2.91
3335113887_1.jpg,2.27
3335135143_1.jpg,13.54
3335186708_1.jpg,5.07
3335186708_2.jpg,5.53
3335217507_1.jpg,9.96
3337401948_1.jpg,1.24
3337401948_2.jpg,1.20
3337477342_1.jpg,14.30
3337490349_1.jpg,2.68
3337557819_1.jpg,0.55
3337557819_2.jpg,0.69
3337627424_1.jpg,6.27
3337627424_2.jpg,4.02
3337627424_3.jpg,4.43
3337639495_1.jpg,4.07
3337639495_2.jpg,5.90
3337639495_3.jpg,9.76
3337649379_1.jpg,4.31
3337674002_1.jpg,6.15
3337798190_1.jpg,1.73
3337846601_1.jpg,1.97
3337847399_1.jpg,6.15
3337857511_1.jpg,5.70
3337857511_2.jpg,5.58
3337857511_3.jpg,1.80
3337889093_1.jpg,2.19
3337889093_2.jpg,1.06
3337889093_3.jpg,1.07
3337983433_1.jpg,1.58
3337991434_1.jpg,4.65
3337995704_1.jpg,33.01
3337995704_2.jpg,28.42
3337999325_1.jpg,2.90
3338011844_1.jpg,10.05
3338011844_2.jpg,4.21
3338011844_3.jpg,6.63
3338047012_1.jpg,5.37
3338075752_1.jpg,0.82
3338080620_1.jpg,14.61
3338110335_1.jpg,0.08
3338110335_2.jpg,0.57
3338127780_1.jpg,2.56
3338154487_1.jpg,2.21
3343759298_1.jpg,0.05
3343836119_1.jpg,1.96
3343880370_1.jpg,4.15
3343899675_1.jpg,7.48
3343923404_1.jpg,0.00
3343939747_1.jpg,3.14
3343939747_2.jpg,2.24
3344142385_1.jpg,8.07
3355134414_1.jpg,6.38
3355220287_1.jpg,10.59
3355235245_1.jpg,1.53
3355327776_1.jpg,11.84
3355327776_2.jpg,9.03
3355384406_1.jpg,2.33
3355406928_1.jpg,1.13
3355413070_1.jpg,9.66
3355500994_1.jpg,5.72
3355500994_2.jpg,1.88
3355575410_1.jpg,1.03
3355588139_1.jpg,7.76
3355629678_1.jpg,2.64
3355645022_1.jpg,1.67
3355670530_1.jpg,3.84
3355719066_1.jpg,14.73
3355719066_2.jpg,1.30
3355721709_1.jpg,26.39
3355751427_1.jpg,5.64
3355751427_2.jpg,4.82
3355751427_3.jpg,14.40
3355751427_4.jpg,11.50
3355800114_1.jpg,11.43
3383983542_1.jpg,5.30
3383983542_2.jpg,7.98
3384057835_1.jpg,0.95
3384113426_1.jpg,6.48
3384126374_1.jpg,11.86
3384159031_1.jpg,4.04
3384170996_1.jpg,4.83
3384173839_1.jpg,12.08
3384173839_2.jpg,12.29
3384173839_3.jpg,9.44
3384194895_1.jpg,13.61
3384194895_2.jpg,9.78
3384194895_3.jpg,4.70
3384203758_1.jpg,5.40
3384261685_1.jpg,11.61
3384318608_1.jpg,16.52
3384318608_2.jpg,16.98
3384318608_3.jpg,6.53
3384348454_1.jpg,16.39
3384348454_2.jpg,17.65
3384348467_1.jpg,6.39
3384348467_2.jpg,6.69
3384348467_3.jpg,7.29
3384517444_1.jpg,4.26
3384517444_2.jpg,2.30
3384763549_1.jpg,15.25
3384955528_1.jpg,4.42
3384965112_1.jpg,5.45
3385030257_1.jpg,1.56
3385058048_1.jpg,3.48
3385173511_1.jpg,10.39
3385173511_2.jpg,4.16
3385173511_3.jpg,7.60
3385173511_4.jpg,14.79
3391291235_1.jpg,2.41
3391291664_1.jpg,6.63
3391500975_1.jpg,12.14
3391518220_1.jpg,18.82
3391687670_1.jpg,3.50
3391687670_2.jpg,3.36
3398706085_1.jpg,5.27
3398952383_1.jpg,0.13
3398952383_2.jpg,0.12
3398960359_1.jpg,0.50
3399239577_1.jpg,27.69
3399239577_2.jpg,17.09
3399239577_3.jpg,8.28
3407944893_1.jpg,11.94
3408178380_1.jpg,0.00
3408178380_2.jpg,0.00
3408178380_3.jpg,0.35
3408178380_4.jpg,0.00
3408178380_5.jpg,0.00
3408178380_6.jpg,0.00
3408237143_1.jpg,8.65
3408237143_2.jpg,1.42
3415421297_1.jpg,5.95
3415540262_1.jpg,9.34
3415576789_1.jpg,7.52
3415576789_2.jpg,2.42
3415794296_1.jpg,29.49
3415794296_2.jpg,6.19
3415794296_3.jpg,8.81
3415794296_4.jpg,2.64
3416001230_1.jpg,8.52
3416001460_1.jpg,23.26
3416161408_1.jpg,14.21
3416166889_1.jpg,37.54
3455402758_1.jpg,9.12
3455573918_1.jpg,10.14
3455573918_2.jpg,9.70
3455573918_3.jpg,13.29
3455724072_1.jpg,10.16
3455724072_2.jpg,5.25
3455780725_1.jpg,13.11
3455793522_1.jpg,11.74
3456069236_1.jpg,18.19
3456157898_1.jpg,0.68
3456188482_1.jpg,24.44
3456188482_2.jpg,28.24
3456331887_1.jpg,7.84
3456380686_1.jpg,14.06
3456423658_1.jpg,9.89
3456423658_2.jpg,7.43
3456423658_3.jpg,6.10
3456423658_4.jpg,9.28
3456440639_1.jpg,13.09
3456440639_2.jpg,8.83
3456458262_1.jpg,24.70
3456541839_1.jpg,8.90
3466005092_1.jpg,8.04
3466074081_1.jpg,1.44
3466127953_1.jpg,0.60
3466162142_1.jpg,7.49
3466172504_1.jpg,9.49
3466208540_1.jpg,5.71
3466221779_1.jpg,6.15
3466276547_1.jpg,2.25
3466541031_1.jpg,6.86
3499499907_1.jpg,6.20
3499499907_2.jpg,6.37
3499579893_1.jpg,28.35
3499592623_1.jpg,15.77
3499666973_1.jpg,12.99
3698102497_1.jpg,11.97
3698104949_1.jpg,3.15
3698195116_1.jpg,22.85
3698195116_2.jpg,6.17
3698202572_1.jpg,9.76
3698244648_1.jpg,12.54
3698244648_2.jpg,15.32
3698244648_3.jpg,27.03
3698361619_1.jpg,6.16
3698401716_1.jpg,30.91
3698401716_2.jpg,25.92
3698401716_3.jpg,41.14
3705393898_1.jpg,36.46
3705427593_1.jpg,4.24
3705460202_1.jpg,16.63
3705461730_1.jpg,18.59
3705461730_2.jpg,7.57
3705461730_3.jpg,3.51
3705461730_4.jpg,8.09
3705461730_5.jpg,10.54
3705461730_6.jpg,10.85
3712549034_1.jpg,6.95
3712598001_1.jpg,16.24
3712651364_1.jpg,19.11
3712651364_2.jpg,6.53
3712651364_3.jpg,26.68
3712683216_1.jpg,5.83
3712739767_1.jpg,10.46
3715767542_1.jpg,11.70
3716827515_1.jpg,17.24
3716827515_2.jpg,7.14
3717305332_1.jpg,12.40
3717345901_1.jpg,4.24
3717476817_1.jpg,2.42
3717856112_1.jpg,14.61
3717856112_2.jpg,13.08
3717882080_1.jpg,0.60
3717882080_2.jpg,1.15
3717976512_1.jpg,13.91
3718467471_1.jpg,2.32
3720374727_1.jpg,4.01
3720374727_2.jpg,4.78
3720818474_1.jpg,2.16
3720959648_1.jpg,12.14
3721431601_1.jpg,18.22
3721432161_1.jpg,22.88
3721461091_1.jpg,1.46
3721461091_2.jpg,11.94
3721461091_3.jpg,10.97
3721466718_1.jpg,3.57
3721704599_1.jpg,6.48
3721704599_2.jpg,3.00
3721733065_1.jpg,16.56
3721985203_1.jpg,21.41
3722090365_1.jpg,3.51
3722236271_1.jpg,8.23
3722280646_1.jpg,7.50
3722280646_2.jpg,3.85
3722316745_1.jpg,4.28
3722395426_1.jpg,10.94
3722395426_2.jpg,5.75
3722443910_1.jpg,10.59
3722443910_2.jpg,3.18
3723039134_1.jpg,29.81
3723522601_1.jpg,1.51
3723522601_2.jpg,1.53
3723522601_3.jpg,2.37
3726430175_1.jpg,8.97
3726827878_1.jpg,29.73
3726827878_2.jpg,44.65
3726827878_3.jpg,46.12
3726838584_1.jpg,6.07
3726963980_1.jpg,22.83
3727511911_1.jpg,4.93
3727516528_1.jpg,5.14
3727516528_2.jpg,3.49
3727541714_1.jpg,19.58
3727707743_1.jpg,1.30
3727747136_1.jpg,2.86
3727747136_2.jpg,18.61
3727747136_3.jpg,6.09
3728980871_1.jpg,36.40
3728993730_1.jpg,2.21
3729246560_1.jpg,21.96
3729246560_2.jpg,2.88
3729246560_3.jpg,12.78
3729246560_4.jpg,5.68
3729569553_1.jpg,24.15
3729891231_1.jpg,5.79
3730116359_1.jpg,1.07
3730116359_2.jpg,1.51
3730116359_3.jpg,3.09
3730116359_4.jpg,2.81
3730116359_5.jpg,5.99
3730521016_1.jpg,5.53
3730767880_1.jpg,2.45
3730893470_1.jpg,28.05
3731120569_1.jpg,3.32
3731120569_2.jpg,4.36
3731226996_1.jpg,7.52
3731226996_2.jpg,2.36
3731308274_1.jpg,7.68
3731504174_1.jpg,23.09
3731640889_1.jpg,5.59
3731988853_1.jpg,6.59
3732292115_1.jpg,4.13
3732363968_1.jpg,0.70
3732580142_1.jpg,13.92
3732720703_1.jpg,31.01
3732720703_2.jpg,6.84
3732720703_3.jpg,3.47
3742994332_1.jpg,20.25
3742994332_2.jpg,26.71
3743004417_1.jpg,15.80
3743078653_1.jpg,3.16
3743122338_1.jpg,3.84
3743152384_1.jpg,15.88
3743203793_1.jpg,5.99
3743203793_2.jpg,0.38
3743203793_3.jpg,4.21
3743203793_4.jpg,7.42
3743211485_1.jpg,12.04
3743244096_1.jpg,2.09
3743245850_1.jpg,14.12
3743247902_1.jpg,8.67
3743247902_2.jpg,1.38
3743247902_3.jpg,5.74
3743266387_1.jpg,1.56
3743266387_2.jpg,3.27
3743275242_1.jpg,0.29
3743275242_2.jpg,4.08
3743299908_1.jpg,3.91
3743326839_1.jpg,7.13
3743347877_1.jpg,2.29
3743386302_1.jpg,4.23
3746953788_1.jpg,12.79
3747057812_1.jpg,8.77
3747057812_2.jpg,8.63
3747057812_3.jpg,2.41
3747066519_1.jpg,4.49
3747066519_2.jpg,15.64
3747066519_3.jpg,15.68
3747123443_1.jpg,0.46
3747240260_1.jpg,10.72
3747272666_1.jpg,6.61
3747332654_1.jpg,11.85
3759080236_1.jpg,23.21
3759176292_1.jpg,3.81
3759223432_1.jpg,28.75
3759223432_2.jpg,7.98
3759223432_3.jpg,13.79
3759223432_4.jpg,18.27
3759223432_5.jpg,15.14
3759226992_1.jpg,1.51
3759236341_1.jpg,2.18
3759247621_1.jpg,11.25
3759247621_2.jpg,0.00
3759320199_1.jpg,1.39
3759353711_1.jpg,13.03
3759353711_2.jpg,14.79
3759353711_3.jpg,11.83
3759353711_4.jpg,3.11
3759385998_1.jpg,3.91
3759426432_1.jpg,11.03
3759445503_1.jpg,0.95
3759516514_1.jpg,1.50
3759516514_2.jpg,1.11
3759531261_1.jpg,4.35
3759552516_1.jpg,4.21
3759552516_2.jpg,5.64
3759552516_3.jpg,4.20
3759552516_4.jpg,7.93
3759573445_1.jpg,4.22
3759573445_2.jpg,0.43
3759573445_3.jpg,1.36
3759623664_1.jpg,16.48
3759646955_1.jpg,13.12
3759646955_10.jpg,12.40
3759646955_2.jpg,11.45
3759646955_3.jpg,14.53
3759646955_4.jpg,10.47
3759646955_5.jpg,30.17
3759646955_6.jpg,15.59
3759646955_7.jpg,32.90
3759646955_8.jpg,24.04
3759646955_9.jpg,15.59
3759664520_1.jpg,1.63
3759664520_2.jpg,0.90
3759664520_3.jpg,1.96
3759664520_4.jpg,0.33
3759664520_5.jpg,2.35
3759712551_1.jpg,2.72
3759712551_2.jpg,3.66
3759877236_1.jpg,9.91
3759903154_1.jpg,12.03
3759903154_2.jpg,7.71
3759903154_3.jpg,5.85
3759903323_1.jpg,1.80
3759917861_1.jpg,12.98
3759917861_2.jpg,11.50
3759928365_1.jpg,5.47
3759956791_1.jpg,0.55
3759956791_2.jpg,0.36
3759956791_3.jpg,0.55
3759982448_1.jpg,6.48
3759982448_2.jpg,6.62
3759992972_1.jpg,6.06
3760131538_1.jpg,1.82
3760132093_1.jpg,5.17
3760136411_1.jpg,23.71
3760141932_1.jpg,7.74
3760141932_2.jpg,8.06
3760244345_1.jpg,9.65
3760244345_2.jpg,10.45
3760385475_1.jpg,29.85
3764087978_1.jpg,2.93
3764092677_1.jpg,5.10
3764092677_2.jpg,5.22
3764092677_3.jpg,12.81
3764092677_4.jpg,16.32
3764118169_1.jpg,3.96
3764133485_1.jpg,0.06
3764133485_2.jpg,0.29
3764133485_3.jpg,0.77
3764170147_1.jpg,11.69
3764191920_1.jpg,6.11
3764208920_1.jpg,34.98
3764212565_1.jpg,7.20
3764245928_1.jpg,23.80
3764412327_1.jpg,4.36
3764483925_1.jpg,8.04
3764506105_1.jpg,25.46
3764506105_2.jpg,1.39
3764532531_1.jpg,1.16
3764555746_1.jpg,3.30
3772451084_1.jpg,17.79
3772451084_2.jpg,4.16
3772586543_1.jpg,1.73
3772586543_2.jpg,0.74
3772614974_1.jpg,6.07
3772780677_1.jpg,6.27
3772798652_1.jpg,2.45
3772885434_1.jpg,11.09
3772964570_1.jpg,13.22
3772967797_1.jpg,26.96
3773000056_1.jpg,16.98
3773078390_1.jpg,1.18
3773125934_1.jpg,9.54
3773405037_1.jpg,1.42
3773446303_1.jpg,13.66
3773446303_2.jpg,34.69
3773455994_1.jpg,11.24
3773478784_1.jpg,20.61
3773493640_1.jpg,1.62
3773493640_2.jpg,1.54
3773601448_1.jpg,3.77
3773646504_1.jpg,1.03
3773712486_1.jpg,2.86
3773712486_2.jpg,2.77
3773770174_1.jpg,7.35
3773793041_1.jpg,10.14
3784648805_1.jpg,2.34
3784702889_1.jpg,1.26
3784805773_1.jpg,4.15
3784805773_2.jpg,3.16
3784883536_1.jpg,14.53
3784899631_1.jpg,4.43
3784899631_2.jpg,3.39
3784926693_1.jpg,6.53
3784969860_1.jpg,1.40
3784975025_1.jpg,22.16
3785078120_1.jpg,16.96
3785078120_2.jpg,11.81
3785078120_3.jpg,2.92
3785085133_1.jpg,2.51
3785085133_2.jpg,17.56
3785085133_3.jpg,9.54
3785185657_1.jpg,3.98
3802356908_1.jpg,8.67
3802436565_1.jpg,2.21
3802440712_1.jpg,1.58
3802440712_2.jpg,7.44
3802440712_3.jpg,2.14
3802440712_4.jpg,13.81
3802526659_1.jpg,6.49
3802526828_1.jpg,8.32
3802568254_1.jpg,23.94
3802592090_1.jpg,9.42
3802677863_1.jpg,25.07
3802744641_1.jpg,5.76
3802760907_1.jpg,5.42
3802761915_1.jpg,18.88
3822378371_1.jpg,0.00
3822595510_1.jpg,4.76
3823186499_1.jpg,1.05
3823246800_1.jpg,2.75
3824271802_1.jpg,4.70
3824828783_1.jpg,1.34
3825452326_1.jpg,19.77
3825452326_2.jpg,2.97
3858367016_1.jpg,5.91
3858367016_2.jpg,4.28
3858454930_1.jpg,6.28
3858485111_1.jpg,28.50
3858525551_1.jpg,6.64
3858535267_1.jpg,0.50
3858563993_1.jpg,8.71
3858653220_1.jpg,7.96
3858704776_1.jpg,1.51
3858744119_1.jpg,3.01
3858744119_2.jpg,2.30
3858767393_1.jpg,2.87
3858878570_1.jpg,17.69
3858892622_1.jpg,18.05
3858900186_1.jpg,17.66
3858940509_1.jpg,4.08
3858951972_1.jpg,5.86
3858962563_1.jpg,3.22
3858967420_1.jpg,22.71
3858968366_1.jpg,4.62
3859066147_1.jpg,22.83
3859066147_2.jpg,27.40
3859066147_3.jpg,18.63
3859188646_1.jpg,9.35
3859396023_1.jpg,6.28
3859455556_1.jpg,4.78
3859455556_2.jpg,2.19
3859456094_1.jpg,10.96
3859555013_1.jpg,1.47
3859598643_1.jpg,12.26
3859598643_2.jpg,19.59
3859607810_1.jpg,7.29
3859647456_1.jpg,12.01
3859665272_1.jpg,16.08
3859677098_1.jpg,20.21
3859683267_1.jpg,0.28
3859697399_1.jpg,5.99
3859723381_1.jpg,3.15
3859809182_1.jpg,0.51
3859843434_1.jpg,1.92
3859847551_1.jpg,1.84
3859847551_2.jpg,2.01
3859865353_1.jpg,2.12
3859865353_2.jpg,0.97
3859961416_1.jpg,12.28
3859968485_1.jpg,38.98
3860002309_1.jpg,4.45
3860106709_1.jpg,0.50
3860106709_2.jpg,0.64
3860106709_3.jpg,1.56
3860106709_4.jpg,1.27
3860122714_1.jpg,7.03
3860384704_1.jpg,0.13
3860431746_1.jpg,23.35
3860439358_1.jpg,2.95
3860467164_1.jpg,7.84
3860520170_1.jpg,5.77
3860583850_1.jpg,14.50
3860638457_1.jpg,3.41
3860638457_2.jpg,2.89
3860638457_3.jpg,4.51
3860674580_1.jpg,3.37
3860687860_1.jpg,20.21
3860687860_2.jpg,13.08
3860773709_1.jpg,1.26
3872899991_1.jpg,10.46
3873163816_1.jpg,2.14
3873279962_1.jpg,0.01
3873331062_1.jpg,3.78
3873687670_1.jpg,6.72
3873687670_2.jpg,2.63
3873730055_1.jpg,3.51
3873730055_2.jpg,3.18
3873730055_3.jpg,1.37
3873768422_1.jpg,4.34
3873833073_1.jpg,9.51
3873833073_2.jpg,3.41
3873833073_3.jpg,4.22
3873900354_1.jpg,2.09
3873938790_1.jpg,14.22
3874020618_1.jpg,3.49
3874028801_1.jpg,0.84
3874031526_1.jpg,19.69
3874132773_1.jpg,11.00
3874132773_2.jpg,9.92
3874176026_1.jpg,1.55
3881356754_1.jpg,8.43
3881374994_1.jpg,9.16
3881423941_1.jpg,6.43
3881423941_10.jpg,20.60
3881423941_11.jpg,13.24
3881423941_12.jpg,18.22
3881423941_13.jpg,12.96
3881423941_2.jpg,5.10
3881423941_3.jpg,4.88
3881423941_4.jpg,11.35
3881423941_5.jpg,12.06
3881423941_6.jpg,20.63
3881423941_7.jpg,11.98
3881423941_8.jpg,1.24
3881423941_9.jpg,14.48
3881433230_1.jpg,8.74
3881452676_1.jpg,0.50
3881452676_2.jpg,0.79
3881469663_1.jpg,0.60
3881469663_2.jpg,2.89
3881505062_1.jpg,0.49
3881505062_2.jpg,1.16
3881505062_3.jpg,0.13
3881533989_1.jpg,4.56
3881540858_1.jpg,2.26
3881614876_1.jpg,4.65
3881647778_1.jpg,2.10
3881701952_1.jpg,8.19
3881733024_1.jpg,11.22
3881803161_1.jpg,0.33
3881803161_2.jpg,3.06
3881803161_3.jpg,3.25
3881826596_1.jpg,13.04
3881849550_1.jpg,5.61
3881868335_1.jpg,3.16
3881900735_1.jpg,2.68
3888718250_1.jpg,27.15
3888721669_1.jpg,2.14
3888764795_1.jpg,5.49
3888764795_2.jpg,8.08
3888885925_1.jpg,34.36
3888895174_1.jpg,18.28
3888979624_1.jpg,8.05
3889023940_1.jpg,0.74
3889023940_2.jpg,0.86
3889128156_1.jpg,2.95
3889160090_1.jpg,3.75
3892288134_1.jpg,2.82
3892288134_2.jpg,1.37
3892306877_1.jpg,5.36
3892322889_1.jpg,5.50
3892334131_1.jpg,7.32
3892334131_2.jpg,1.79
3892351113_1.jpg,0.83
3892353866_1.jpg,17.43
3892355691_1.jpg,0.67
3892364592_1.jpg,22.34
3892381909_1.jpg,6.10
3892382756_1.jpg,2.75
3892396901_1.jpg,5.61
3892403124_1.jpg,1.97
3892403605_1.jpg,4.27
3892407036_1.jpg,20.22
3892473861_1.jpg,9.87
3892480586_1.jpg,1.51
3892480849_1.jpg,13.95
3892480849_2.jpg,21.84
3892480849_3.jpg,18.14
3892480849_4.jpg,5.75
3892522734_1.jpg,11.72
3892523849_1.jpg,19.65
3892533890_1.jpg,4.23
3892561567_1.jpg,13.82
3892562914_1.jpg,15.31
3892591066_1.jpg,10.11
3892597896_1.jpg,4.13
3892612149_1.jpg,2.10
3892645875_1.jpg,35.10
3892663865_1.jpg,7.65
3892671873_1.jpg,4.86
3892679880_1.jpg,3.64
3892690656_1.jpg,3.60
3892690656_2.jpg,1.98
3902203271_1.jpg,1.99
3902220465_1.jpg,2.99
3902273876_1.jpg,15.97
3902414841_1.jpg,27.70
3902414841_2.jpg,37.28
3902414841_3.jpg,28.49
3902459676_1.jpg,1.15
3902459676_2.jpg,0.59
3902459676_3.jpg,0.58
3902506551_1.jpg,4.90
3902506551_2.jpg,9.59
3902510830_1.jpg,18.69
3902534183_1.jpg,2.92
3902534183_2.jpg,3.63
3902539855_1.jpg,4.18
3902539855_2.jpg,2.30
3902662663_1.jpg,5.04
3902662663_2.jpg,22.22
3902705019_1.jpg,9.82
3902707170_1.jpg,7.92
3902730314_1.jpg,3.31
3902768095_1.jpg,3.78
3902777293_1.jpg,1.05
3902784166_1.jpg,3.43
3902832916_1.jpg,14.50
3902939349_1.jpg,2.80
3902972766_1.jpg,6.50
3902993201_1.jpg,13.92
3903023281_1.jpg,0.64
3903023281_2.jpg,0.51
3903031053_1.jpg,12.06
3903048904_1.jpg,10.06
3903057049_1.jpg,26.40
3903113190_1.jpg,39.49
3903113190_2.jpg,33.35
3903113190_3.jpg,46.76
3903113190_4.jpg,55.47
3903113190_5.jpg,76.20
3903137006_1.jpg,7.13
3903137006_2.jpg,10.90
3903210292_1.jpg,29.73
3903224372_1.jpg,13.71
3903224372_2.jpg,34.32
3903224372_3.jpg,23.47
3903224372_4.jpg,33.84
3903224372_5.jpg,40.54
3903224372_6.jpg,39.08
3903224372_7.jpg,0.47
3903284500_1.jpg,3.42
3903284500_2.jpg,8.04
3903290702_1.jpg,27.75
3903290702_2.jpg,23.62
3903290702_3.jpg,60.89
3903290702_4.jpg,88.84
3903337006_1.jpg,8.92
3903337006_2.jpg,5.81
3903337006_3.jpg,3.94
3903373860_1.jpg,11.40
3903425225_1.jpg,36.16
3903459128_1.jpg,42.40
3903459128_2.jpg,49.04
3903459128_3.jpg,46.70
3903459128_4.jpg,39.01
3903459128_5.jpg,48.28
3903463575_1.jpg,33.71
3903476766_1.jpg,16.97
3903482434_1.jpg,10.85
3903482434_2.jpg,17.30
3903482434_3.jpg,23.72
3903482434_4.jpg,28.96
3903482434_5.jpg,31.56
3903482434_6.jpg,37.10
3903482434_7.jpg,47.43
3903539483_1.jpg,14.23
3903552213_1.jpg,4.56
3903552213_2.jpg,8.03
3903552213_3.jpg,5.82
3903552213_4.jpg,6.89
3903555903_1.jpg,7.61
3904122149_1.jpg,20.61
3904147109_1.jpg,22.88
3904147109_2.jpg,27.33
3904147109_3.jpg,18.61
3904273048_1.jpg,11.91
3904273048_2.jpg,28.61
3904273048_3.jpg,23.78
3904273048_4.jpg,11.69
3905257919_1.jpg,3.32
3905494048_1.jpg,2.76
3905627590_1.jpg,6.36
3906712267_1.jpg,12.52
3907457983_1.jpg,1.84
3907457983_2.jpg,4.98
3912126146_1.jpg,11.70
3912174802_1.jpg,7.56
3912229941_1.jpg,33.11
3912229941_2.jpg,79.85
3912229941_3.jpg,30.96
3912229941_4.jpg,74.45
3912273431_1.jpg,9.03
3912293359_1.jpg,39.80
3912293359_2.jpg,11.23
3912293359_3.jpg,7.65
3912293359_4.jpg,29.69
3912344153_1.jpg,4.62
3912344153_2.jpg,22.31
3912344153_3.jpg,7.67
3912344153_4.jpg,7.75
3912344153_5.jpg,6.30
3912344153_6.jpg,8.88
3912344153_7.jpg,18.92
3912344153_8.jpg,19.64
3912369330_1.jpg,6.64
3912474587_1.jpg,4.68
3912474587_10.jpg,4.13
3912474587_2.jpg,9.82
3912474587_3.jpg,3.30
3912474587_4.jpg,0.81
3912474587_5.jpg,4.16
3912474587_6.jpg,5.02
3912474587_7.jpg,5.50
3912474587_8.jpg,7.51
3912474587_9.jpg,8.58
3912474739_1.jpg,11.06
3912474739_2.jpg,21.21
3912474739_3.jpg,6.16
3912474739_4.jpg,11.06
3912474739_5.jpg,6.16
3912482403_1.jpg,8.18
3912482403_2.jpg,14.84
3912482403_3.jpg,16.77
3912482403_4.jpg,22.87
3912482403_5.jpg,10.01
3915519402_1.jpg,2.59
3923345354_1.jpg,1.07
3923469178_1.jpg,2.93
3923469178_2.jpg,2.69
3923487231_1.jpg,9.01
3923518291_1.jpg,3.79
3923547400_1.jpg,33.47
3923615967_1.jpg,10.71
3923623618_1.jpg,6.47
3923623618_2.jpg,4.56
3923623618_3.jpg,4.16
3923623618_4.jpg,2.01
3923737518_1.jpg,12.34
3923738560_1.jpg,27.12
3923738560_2.jpg,52.38
3923738560_3.jpg,67.75
3923738560_4.jpg,14.94
3924989204_1.jpg,1.79
3924994176_1.jpg,6.99
3924998211_1.jpg,9.99
3924998211_2.jpg,3.09
3925015194_1.jpg,7.15
3925027207_1.jpg,0.00
3925027211_1.jpg,9.98
3925059227_1.jpg,0.74
3925115199_1.jpg,0.37
3925118217_1.jpg,6.31
3925152209_1.jpg,1.14
3925172198_1.jpg,0.27
3925183215_1.jpg,0.02
3925183215_2.jpg,0.02
3925279649_1.jpg,6.39
3925313249_1.jpg,1.38
3925405615_1.jpg,27.26
3925405615_2.jpg,28.20
3925405615_3.jpg,43.00
3925405615_4.jpg,35.48
3925410494_1.jpg,33.26
3925439197_1.jpg,0.39
3925447215_1.jpg,10.74
3925453268_1.jpg,0.46
3925489532_1.jpg,28.38
3925496564_1.jpg,3.22
3947131827_1.jpg,4.41
3947351489_1.jpg,3.81
3947374875_1.jpg,1.53
3947412968_1.jpg,1.48
3947433936_1.jpg,1.48
3947458323_1.jpg,29.05
3947488591_1.jpg,4.93
3947488591_2.jpg,2.67
3947550521_1.jpg,45.09
3947634260_1.jpg,5.75
3947695072_1.jpg,14.73
3947819706_1.jpg,1.58
3961011805_1.jpg,0.19
3961077475_1.jpg,0.53
3961099766_1.jpg,0.00
3961105767_1.jpg,0.04
3961119777_1.jpg,0.17
3961152470_1.jpg,18.49
3961239867_1.jpg,5.71
3961259763_1.jpg,9.83
3961310449_1.jpg,33.11
3961318686_1.jpg,13.12
3961318686_2.jpg,31.90
3961358766_1.jpg,1.48
3961365804_1.jpg,0.00
3961365804_2.jpg,0.01
3961374790_1.jpg,0.01
3961448779_1.jpg,0.01
3961489305_1.jpg,2.11
3961489305_2.jpg,2.16
3961507705_1.jpg,42.16
3963383873_1.jpg,7.23
3963383873_2.jpg,15.74
3963383873_3.jpg,18.94
3963383873_4.jpg,19.28
3963404852_1.jpg,33.98
3963546347_1.jpg,5.33
3963546347_2.jpg,6.11
3963710404_1.jpg,2.71
3966374037_1.jpg,28.99
3966617354_1.jpg,49.48
3966708195_1.jpg,5.48
3966708195_2.jpg,2.61
3966849379_1.jpg,6.51
3985607106_1.jpg,32.80
3985608110_1.jpg,26.63
3985611212_1.jpg,26.83
3985612135_1.jpg,32.48
3985619103_1.jpg,37.51
3985623157_1.jpg,27.32
3985626227_1.jpg,35.56
3985627278_1.jpg,31.91
3985628081_1.jpg,33.12
3985630086_1.jpg,44.29
3985630298_1.jpg,33.74
3985633152_1.jpg,28.37
3985638171_1.jpg,25.87
3985639202_1.jpg,24.60
3985643261_1.jpg,62.96
3985645081_1.jpg,31.93
3985648296_1.jpg,15.13
3985657168_1.jpg,47.02
3985658233_1.jpg,40.34
3985662193_1.jpg,19.36
3985666159_1.jpg,27.97
3985667192_1.jpg,80.30
3985669078_1.jpg,38.68
3985669170_1.jpg,41.28
3985672020_1.jpg,38.62
3985673107_1.jpg,23.90
3985673184_1.jpg,21.85
3985675197_1.jpg,46.46
3985687154_1.jpg,39.38
3985687160_1.jpg,57.65
3985688168_1.jpg,24.12
3985691292_1.jpg,35.69
3985695196_1.jpg,25.18
3985696231_1.jpg,32.08
3985699172_1.jpg,48.10
3985703183_1.jpg,3.50
3985712187_1.jpg,8.70
3985727234_1.jpg,44.92
3985739215_1.jpg,38.75
3985740265_1.jpg,25.45
3985742208_1.jpg,38.34
3985744195_1.jpg,34.13
3985747202_1.jpg,4.32
3985750135_1.jpg,18.69
3985750232_1.jpg,42.95
3985753183_1.jpg,24.38
3985762186_1.jpg,13.04
3985764171_1.jpg,2.21
3985773144_1.jpg,26.40
3985781282_1.jpg,33.12
3985784185_1.jpg,17.83
3985784413_1.jpg,44.17
3985788489_1.jpg,47.16
3985792252_1.jpg,41.61
3985793425_1.jpg,14.01
3985794453_1.jpg,11.28
3985795358_1.jpg,27.13
3985797312_1.jpg,40.08
3985798306_1.jpg,21.15
3985801351_1.jpg,38.59
3985805260_1.jpg,33.68
3985812324_1.jpg,53.19
3985816490_1.jpg,62.58
3985817218_1.jpg,20.09
3985827271_1.jpg,21.63
3985827313_1.jpg,28.85
3985828137_1.jpg,20.29
3985830442_1.jpg,16.31
3985831465_1.jpg,36.33
3985834350_1.jpg,41.32
3985835400_1.jpg,14.31
3985835400_2.jpg,27.59
3985838219_1.jpg,29.45
3985838421_1.jpg,10.36
3985841290_1.jpg,28.41
3985842407_1.jpg,20.85
3985853306_1.jpg,16.17
3985854292_1.jpg,48.74
3985860397_1.jpg,45.89
3985863522_1.jpg,46.31
3985867321_1.jpg,4.00
3985871244_1.jpg,51.68
3985873239_1.jpg,35.61
3985874313_1.jpg,38.39
3985874348_1.jpg,31.79
3985876247_1.jpg,24.71
3985878268_1.jpg,46.84
3985878270_1.jpg,19.26
3985878519_1.jpg,45.30
3985879227_1.jpg,12.45
3985880271_1.jpg,14.96
3985884278_1.jpg,0.82
3985885535_1.jpg,39.19
3985885535_2.jpg,77.37
3985888545_1.jpg,33.01
3985893325_1.jpg,32.83
3985893331_1.jpg,29.03
3985899262_1.jpg,35.24
3985902210_1.jpg,75.27
3985905343_1.jpg,36.46
3985907364_1.jpg,22.30
3985912279_1.jpg,31.85
3985917333_1.jpg,37.76
3985917340_1.jpg,32.85
3985922238_1.jpg,18.59
3985926267_1.jpg,40.83
3985928381_1.jpg,32.66
3985928381_2.jpg,53.81
3985929426_1.jpg,20.01
3985930542_1.jpg,34.57
3985933392_1.jpg,40.11
3985933481_1.jpg,45.44
3985938322_1.jpg,33.69
3985946338_1.jpg,8.23
3985950440_1.jpg,50.00
3985958295_1.jpg,15.05
3985969331_1.jpg,16.68
3985988313_1.jpg,4.62
3986004102_1.jpg,42.32
3986013140_1.jpg,44.03
3986020268_1.jpg,40.87
3986023083_1.jpg,25.38
3986025354_1.jpg,29.31
3986027318_1.jpg,22.79
3986029149_1.jpg,19.11
3986065201_1.jpg,18.30
3986083119_1.jpg,46.04
3986085271_1.jpg,37.35
3986089225_1.jpg,42.78
3986098104_1.jpg,29.24
3986103210_1.jpg,21.11
3986134179_1.jpg,28.48
3986134189_1.jpg,50.04
3986136286_1.jpg,40.32
3986136286_2.jpg,57.45
3986137097_1.jpg,26.30
3986139313_1.jpg,25.88
3986139317_1.jpg,18.93
3986143200_1.jpg,5.35
3986149323_1.jpg,41.96
3986151141_1.jpg,30.50
3986155164_1.jpg,28.29
3986157320_1.jpg,14.42
3986159262_1.jpg,39.87
3986163075_1.jpg,27.01
3986197295_1.jpg,3.62
3986209100_1.jpg,23.99
3986209284_1.jpg,14.11
3986215194_1.jpg,34.23
3986215205_1.jpg,59.85
3986216160_1.jpg,48.46
3986217259_1.jpg,9.52
3986218207_1.jpg,28.52
3986221105_1.jpg,23.77
3986242401_1.jpg,36.22
3986247548_1.jpg,45.18
3986248418_1.jpg,54.92
3986251171_1.jpg,56.43
3986257304_1.jpg,33.33
3986261421_1.jpg,18.87
3986265335_1.jpg,35.86
3986267346_1.jpg,46.24
3986269445_1.jpg,34.43
3986273282_1.jpg,36.97
3986274191_1.jpg,26.30
3986276317_1.jpg,41.33
3986284359_1.jpg,28.87
3986287255_1.jpg,36.15
3986290307_1.jpg,44.32
3986293267_1.jpg,32.94
3986300319_1.jpg,25.49
3986303226_1.jpg,63.34
3986308526_1.jpg,62.44
3986312519_1.jpg,58.04
3986319278_1.jpg,17.95
3986322384_1.jpg,44.03
3986324270_1.jpg,30.17
3986326308_1.jpg,36.53
3986327266_1.jpg,38.93
3986391439_1.jpg,16.85
3988454823_1.jpg,35.33
3988454995_1.jpg,3.70
3988608247_1.jpg,5.69
3988608247_2.jpg,15.29
3988608247_3.jpg,19.56
3994095171_1.jpg,21.09
3994176624_1.jpg,31.49
3994253632_1.jpg,47.20
3994321276_1.jpg,7.21
3994321276_2.jpg,4.42
3994321276_3.jpg,3.88
3995078941_1.jpg,4.27
3995311777_1.jpg,1.10
3995460492_1.jpg,4.28
3995602546_1.jpg,4.73
3995615682_1.jpg,3.87
3995802323_1.jpg,13.89
3996580471_1.jpg,3.75
3996664229_1.jpg,4.66
3997089655_1.jpg,4.80
3997160727_1.jpg,10.64
3997160727_2.jpg,18.61
3997217443_1.jpg,2.74
3997468693_1.jpg,1.39
3997532723_1.jpg,2.74
3997532723_2.jpg,4.63
4006655082_1.jpg,25.64
4006702758_1.jpg,3.48
4006764955_1.jpg,4.78
4006764955_2.jpg,4.07
4006764955_3.jpg,10.41
4011741146_1.jpg,2.40
4014847842_1.jpg,4.63
4014936230_1.jpg,12.76
4015101286_1.jpg,42.07
4015251843_1.jpg,8.63
4018145171_1.jpg,5.74
4018173984_1.jpg,0.00
4018504515_1.jpg,7.19
4021946669_1.jpg,28.86
4022106306_1.jpg,2.37
4022181901_1.jpg,4.62
4022238489_1.jpg,2.22
4022277679_1.jpg,5.77
4022277679_2.jpg,1.23
4022277679_3.jpg,8.97
4022277679_4.jpg,1.13
4028611886_1.jpg,4.86
4028675781_1.jpg,28.14
4028679249_1.jpg,33.26
4028679942_1.jpg,0.44
4028707715_1.jpg,33.36
4028716817_1.jpg,5.74
4028716817_2.jpg,9.97
4028738780_1.jpg,35.41
4028795710_1.jpg,25.60
4028847267_1.jpg,19.45
4028866723_1.jpg,23.12
4028946548_1.jpg,30.74
4028994358_1.jpg,26.17
4029128697_1.jpg,29.70
4029159837_1.jpg,24.78
4029220938_1.jpg,21.64
4029220938_2.jpg,50.45
4029220938_3.jpg,40.90
4029253714_1.jpg,2.25
4029255571_1.jpg,4.45
4029315687_1.jpg,19.54
4034723632_1.jpg,12.46
4034854167_1.jpg,1.13
4034854167_2.jpg,2.69
4034854167_3.jpg,1.79
4034854167_4.jpg,0.95
4034990407_1.jpg,10.73
4039475965_1.jpg,10.04
4046457645_1.jpg,0.29
4055099345_1.jpg,1.78
4055955006_1.jpg,9.14
4055955006_2.jpg,4.52
4055955006_3.jpg,3.33
4055961948_1.jpg,8.30
4055982127_1.jpg,9.70
4056002162_1.jpg,11.79
4056008252_1.jpg,11.89
4056086726_1.jpg,2.92
4056105649_1.jpg,19.64
4056136232_1.jpg,5.90
4056148913_1.jpg,15.11
4056151362_1.jpg,4.49
4056151362_2.jpg,5.54
4056151362_3.jpg,8.39
4056151362_4.jpg,11.86
4056157796_1.jpg,5.80
4056181791_1.jpg,2.71
4056205580_1.jpg,2.10
4056214832_1.jpg,37.53
4056214832_2.jpg,11.81
4056214832_3.jpg,15.88
4056214832_4.jpg,10.29
4056214832_5.jpg,26.64
4056226939_1.jpg,8.02
4056226939_2.jpg,10.19
4056226939_3.jpg,11.48
4056229081_1.jpg,8.53
4056234039_1.jpg,2.81
4056243235_1.jpg,24.40
4056243235_2.jpg,18.38
4056307106_1.jpg,0.02
4056342677_1.jpg,3.67
4056347390_1.jpg,2.51
4056390605_1.jpg,14.22
4056390605_2.jpg,7.80
4056414589_1.jpg,11.40
4056428654_1.jpg,33.90
4056434888_1.jpg,3.21
4056442635_1.jpg,14.58
4056449013_1.jpg,5.44
4056453373_1.jpg,9.33
4056453373_2.jpg,4.59
4056465885_1.jpg,4.64
4056527141_1.jpg,3.12
4056551819_1.jpg,5.42
4056609496_1.jpg,4.69
4056612752_1.jpg,18.31
4056632814_1.jpg,3.94
4056656750_1.jpg,21.76
4056694582_1.jpg,4.15
4056814606_1.jpg,12.43
4056889625_1.jpg,2.80
4057185301_1.jpg,2.66
4057384432_1.jpg,3.81
4057384432_2.jpg,5.64
4058037835_1.jpg,5.81
4058037835_2.jpg,1.03
4058037835_3.jpg,8.87
4058037835_4.jpg,0.98
4058174465_1.jpg,9.43
4062762926_1.jpg,31.33
4062762926_2.jpg,24.95
4062805958_1.jpg,37.58
4062805958_2.jpg,26.59
4062863983_1.jpg,48.90
4062999018_1.jpg,44.75
4062999018_2.jpg,48.20
4063009325_1.jpg,16.10
4063041000_1.jpg,18.64
4063041000_2.jpg,31.60
4063088960_1.jpg,29.16
4063088960_2.jpg,32.76
4063094219_1.jpg,25.60
4063096151_1.jpg,9.31
4067155063_1.jpg,1.79
4067228578_1.jpg,6.58
4067286036_1.jpg,9.24
4067304173_1.jpg,17.05
4067537581_1.jpg,12.02
4075609078_1.jpg,4.69
4075747424_1.jpg,12.73
4075782076_1.jpg,3.06
4075803594_1.jpg,5.64
4075808390_1.jpg,33.59
4075808390_2.jpg,15.27
4075808390_3.jpg,35.41
4075808390_4.jpg,41.47
4075808390_5.jpg,41.04
4075808390_6.jpg,7.70
4075840061_1.jpg,4.19
4075850975_1.jpg,3.81
4075876076_1.jpg,6.78
4075876076_2.jpg,12.80
4075954017_1.jpg,12.99
4075973041_1.jpg,5.33
4076027728_1.jpg,2.72
4076160693_1.jpg,8.89
4076225485_1.jpg,10.36
4076319023_1.jpg,0.63
4076326459_1.jpg,7.25
4076341587_1.jpg,4.55
4076347617_1.jpg,11.87
4076347617_2.jpg,6.06
4076347617_3.jpg,4.36
4076347617_4.jpg,26.01
4076348974_1.jpg,0.61
4076358942_1.jpg,2.95
4076358942_2.jpg,2.28
4076366337_1.jpg,6.99
4076370794_1.jpg,4.50
4080486158_1.jpg,4.21
4080498099_1.jpg,4.00
4080544735_1.jpg,30.60
4080636647_1.jpg,3.02
4080636647_2.jpg,0.17
4080649194_1.jpg,0.07
4080656166_1.jpg,9.19
4080690515_1.jpg,3.08
4080690515_2.jpg,0.09
4080745581_1.jpg,5.82
4080757405_1.jpg,1.11
4080757405_2.jpg,0.30
4080757405_3.jpg,0.46
4080761483_1.jpg,3.08
4080766572_1.jpg,19.80
4080820638_1.jpg,28.53
4080932972_1.jpg,6.81
4080981152_1.jpg,19.97
4080981152_2.jpg,46.77
4080991675_1.jpg,1.79
4091376977_1.jpg,3.17
4091384485_1.jpg,18.03
4091456424_1.jpg,5.77
4091456424_2.jpg,9.61
4091456424_3.jpg,5.55
4091469106_1.jpg,21.71
4091469106_2.jpg,25.16
4091526859_1.jpg,4.33
4091614823_1.jpg,3.83
4091734669_1.jpg,1.58
4091734669_2.jpg,3.10
4091754727_1.jpg,7.50
4091769685_1.jpg,6.88
4091769685_2.jpg,4.10
4091769685_3.jpg,1.78
4091805930_1.jpg,0.92
4091826573_1.jpg,2.72
4091860784_1.jpg,10.43
4091898012_1.jpg,16.10
4091950863_1.jpg,3.38
4091950863_2.jpg,4.15
4096397786_1.jpg,34.70
4096397786_2.jpg,9.92
4096434088_1.jpg,6.88
4096439063_1.jpg,26.24
4096519787_1.jpg,5.06
4096519787_2.jpg,3.56
4096519787_3.jpg,9.23
4096519787_4.jpg,2.23
4096577768_1.jpg,3.61
4096577768_2.jpg,2.86
4096577768_3.jpg,6.27
4096594442_1.jpg,2.97
4096667804_1.jpg,1.78
4096688448_1.jpg,2.49
4096752251_1.jpg,48.38
4096760273_1.jpg,20.10
4096768098_1.jpg,0.95
4096800100_1.jpg,1.73
4096824077_1.jpg,13.21
4096850121_1.jpg,18.82
4096878107_1.jpg,6.66
4096878143_1.jpg,2.51
4096881099_1.jpg,0.98
4096886438_1.jpg,45.00
4102589819_1.jpg,4.13
4102658878_1.jpg,16.37
4102658878_2.jpg,10.54
4102716138_1.jpg,5.01
4102732775_1.jpg,0.50
4102732775_2.jpg,0.78
4102787288_1.jpg,10.15
4102787288_2.jpg,29.12
4102791506_1.jpg,1.03
4102804869_1.jpg,3.05
4102853889_1.jpg,2.73
4102881570_1.jpg,8.43
4102881570_2.jpg,5.35
4102881570_3.jpg,4.37
4102886496_1.jpg,44.79
4102944373_1.jpg,3.15
4102944373_2.jpg,10.36
4102945376_1.jpg,6.96
4102958330_1.jpg,1.38
4102992314_1.jpg,3.69
4102992314_2.jpg,0.00
4103168910_1.jpg,7.07
4103168910_2.jpg,2.89
4103241299_1.jpg,1.66
4103241299_2.jpg,1.74
4103241299_3.jpg,0.01
4103269865_1.jpg,0.90
4103269865_2.jpg,0.61
4103279250_1.jpg,2.17
4103283651_1.jpg,1.01
4103312221_1.jpg,3.41
4103347429_1.jpg,1.18
4103457529_1.jpg,1.80
4111584911_1.jpg,0.19
4111584911_2.jpg,6.04
4111592474_1.jpg,4.25
4111624926_1.jpg,39.58
4111627461_1.jpg,1.74
4111654149_1.jpg,0.16
4111666194_1.jpg,0.21
4111729147_1.jpg,0.30
4111729147_2.jpg,0.12
4111729147_3.jpg,0.00
4111748014_1.jpg,3.98
4111810937_1.jpg,19.28
4111814623_1.jpg,0.78
4111839624_1.jpg,12.93
4111839624_2.jpg,8.22
4111839624_3.jpg,10.87
4111900040_1.jpg,17.10
4111900040_2.jpg,10.82
4111940771_1.jpg,4.07
4111946574_1.jpg,31.52
4111949568_1.jpg,14.95
4111949568_2.jpg,2.82
4111974207_1.jpg,1.10
4112018801_1.jpg,11.79
4112049531_1.jpg,31.96
4112049531_2.jpg,32.28
4112049531_3.jpg,4.20
4112049574_1.jpg,2.42
4112215820_1.jpg,4.67
4112220603_1.jpg,16.08
4116124834_1.jpg,1.34
4116127159_1.jpg,2.32
4116127159_2.jpg,3.65
4116165152_1.jpg,1.02
4116182964_1.jpg,8.90
4116205833_1.jpg,0.47
4116205833_2.jpg,3.49
4116205833_3.jpg,3.35
4116217366_1.jpg,0.00
4116217366_2.jpg,0.01
4116224117_1.jpg,1.50
4116327244_1.jpg,3.65
4116327244_2.jpg,0.00
4116327244_3.jpg,0.01
4116401236_1.jpg,0.42
4116401236_2.jpg,0.00
4116406650_1.jpg,2.91
4116561970_1.jpg,22.11
4116561970_2.jpg,14.49
4116561970_3.jpg,11.63
4116561970_4.jpg,19.25
4116561970_5.jpg,24.74
4116576778_1.jpg,0.49
4116619633_1.jpg,20.08
4116640130_1.jpg,8.08
4116640130_2.jpg,24.79
4120843904_1.jpg,3.71
4120919736_1.jpg,8.57
4120919736_2.jpg,2.57
4120931904_1.jpg,9.73
4120999438_1.jpg,8.06
4121031834_1.jpg,5.96
4121031834_2.jpg,9.94
4121076725_1.jpg,8.17
4121151272_1.jpg,3.64
4121301019_1.jpg,1.19
4121301019_2.jpg,0.86
4121313904_1.jpg,4.52
4121453046_1.jpg,3.64
4121486829_1.jpg,15.07
4126677199_1.jpg,10.48
4126920211_1.jpg,2.30
4127044615_1.jpg,11.01
4127071908_1.jpg,19.91
4127109308_1.jpg,8.58
4127134636_1.jpg,3.53
4127293656_1.jpg,2.34
4127312293_1.jpg,9.09
4127332450_1.jpg,8.23
4127342189_1.jpg,3.41
4127384530_1.jpg,9.19
4127433906_1.jpg,2.25
4129793960_1.jpg,23.47
4129850814_1.jpg,4.10
4129911687_1.jpg,3.63
4129942281_1.jpg,10.03
4130051720_1.jpg,4.47
4130061383_1.jpg,1.62
4130183583_1.jpg,0.94
4130183583_2.jpg,1.59
4130195825_1.jpg,1.04
4130278446_1.jpg,3.92
4130278446_2.jpg,3.72
4133592111_1.jpg,10.38
4133592111_2.jpg,10.07
4133592111_3.jpg,2.42
4133819000_1.jpg,15.10
4133868731_1.jpg,9.26
4133889110_1.jpg,7.36
4133901467_1.jpg,5.82
4133936544_1.jpg,1.75
4133971305_1.jpg,3.07
4133981069_1.jpg,12.32
4134032908_1.jpg,39.62
4134101464_1.jpg,3.82
4134132681_1.jpg,4.83
4137580826_1.jpg,19.20
4137580826_2.jpg,19.64
4137773680_1.jpg,4.04
4137773680_2.jpg,4.06
4137773680_3.jpg,5.29
4137868234_1.jpg,13.86
4137868234_2.jpg,9.52
4137868234_3.jpg,9.15
4137868461_1.jpg,12.64
4137917962_1.jpg,5.34
4138022394_1.jpg,0.27
4138035826_1.jpg,2.46
4138035826_2.jpg,1.83
4138035826_3.jpg,7.61
4138035826_4.jpg,2.63
4138057472_1.jpg,2.69
4138114035_1.jpg,12.67
4138114035_2.jpg,19.16
4138114035_3.jpg,15.72
4138115061_1.jpg,2.95
4138115061_2.jpg,4.69
4138115061_3.jpg,2.66
4138153725_1.jpg,2.47
4138153725_2.jpg,0.43
4138153725_3.jpg,0.23
4138153725_4.jpg,4.90
4138172365_1.jpg,12.01
4138254662_1.jpg,6.44
4138254662_2.jpg,14.11
4138254662_3.jpg,15.29
4138353101_1.jpg,1.49
4138466272_1.jpg,1.76
4138469370_1.jpg,0.96
4138497081_1.jpg,5.29
4138497081_2.jpg,7.03
4138497081_3.jpg,10.45
4138497081_4.jpg,13.03
4138516881_1.jpg,12.53
4138529327_1.jpg,54.04
4138529327_2.jpg,30.64
4138529327_3.jpg,41.52
4138529327_4.jpg,28.40
4138624811_1.jpg,1.70
4145177223_1.jpg,3.58
4145210741_1.jpg,5.31
4145210741_2.jpg,15.39
4145210741_3.jpg,15.51
4145239735_1.jpg,2.11
4145282035_1.jpg,7.51
4145282035_2.jpg,11.53
4145282035_3.jpg,16.02
4145282035_4.jpg,0.22
4145286219_1.jpg,12.37
4145308295_1.jpg,29.83
4145365032_1.jpg,16.06
4145408902_1.jpg,6.75
4145417504_1.jpg,13.89
4145423729_1.jpg,5.47
4145539244_1.jpg,7.62
4145554983_1.jpg,4.63
4145603358_1.jpg,0.31
4145603358_2.jpg,0.00
4145622372_1.jpg,1.97
4145709318_1.jpg,1.50
4145709318_2.jpg,0.99
4153440659_1.jpg,2.30
4153472647_1.jpg,0.75
4153472647_2.jpg,0.00
4153472647_3.jpg,0.69
4153531518_1.jpg,5.81
4153665167_1.jpg,5.05
4153665167_2.jpg,4.54
4153674875_1.jpg,6.24
4153687771_1.jpg,1.77
4153761170_1.jpg,1.32
4153795389_1.jpg,11.62
4153805484_1.jpg,3.87
4153829082_1.jpg,4.70
4153829082_2.jpg,0.77
4153844403_1.jpg,39.25
4153856486_1.jpg,12.78
4153856486_2.jpg,6.17
4153958680_1.jpg,11.15
4153986962_1.jpg,29.97
4153997150_1.jpg,2.10
4155841267_1.jpg,8.08
4155841267_2.jpg,13.80
4156805596_1.jpg,12.32
4156805596_2.jpg,7.13
4156805596_3.jpg,10.08
4157009937_1.jpg,25.95
4157202184_1.jpg,4.99
4157202184_2.jpg,26.72
4157352461_1.jpg,13.69
4157352461_2.jpg,7.29
4157602349_1.jpg,2.95
4157909287_1.jpg,4.71
4158345347_1.jpg,22.03
4158847399_1.jpg,10.23
4159084764_1.jpg,4.65
4159092828_1.jpg,3.26
4159095850_1.jpg,47.23
4160726011_1.jpg,2.40
4161970254_1.jpg,3.74
4161980058_1.jpg,30.32
4162010177_1.jpg,3.89
4162039640_1.jpg,7.58
4162039640_2.jpg,13.26
4162416865_1.jpg,76.76
4162452173_1.jpg,4.77
4162583103_1.jpg,2.98
4162619335_1.jpg,11.85
4165651337_1.jpg,0.00
4165683949_1.jpg,26.49
4165683949_2.jpg,43.26
4165747014_1.jpg,8.29
4165747014_2.jpg,2.56
4165747014_3.jpg,2.51
4165747014_4.jpg,2.98
4165747014_5.jpg,5.69
4165748322_1.jpg,2.92
4165781718_1.jpg,3.47
4165835666_1.jpg,15.69
4165856731_1.jpg,1.01
4165867753_1.jpg,4.56
4165868641_1.jpg,11.85
4165927383_1.jpg,6.93
4165962425_1.jpg,2.08
4171233305_1.jpg,0.55
4171260224_1.jpg,4.49
4171337667_1.jpg,9.69
4171355127_1.jpg,20.57
4171355127_2.jpg,7.04
4171391302_1.jpg,11.18
4171436503_1.jpg,5.68
4171436503_2.jpg,9.28
4171436503_3.jpg,17.44
4171458783_1.jpg,9.03
4171488493_1.jpg,0.95
4171515819_1.jpg,27.35
4171669951_1.jpg,0.22
4171669951_2.jpg,3.60
4171758069_1.jpg,22.90
4171764438_1.jpg,16.35
4171796160_1.jpg,3.59
4171805448_1.jpg,2.07
4171868886_1.jpg,13.93
4171868886_2.jpg,17.29
4171868886_3.jpg,16.28
4171868886_4.jpg,11.99
4171868886_5.jpg,5.00
4171984041_1.jpg,22.67
4172068379_1.jpg,1.77
4172068379_2.jpg,1.27
4172107399_1.jpg,10.83
4172107399_2.jpg,1.03
4172155866_1.jpg,32.10
4172159013_1.jpg,38.03
4172168053_1.jpg,18.50
4172168053_2.jpg,12.26
4172171767_1.jpg,12.50
4172182977_1.jpg,29.00
4172289854_1.jpg,1.70
4172332961_1.jpg,3.55
4172332961_2.jpg,2.75
4176932688_1.jpg,28.98
4177030635_1.jpg,36.60
4177137831_1.jpg,14.67
4177145184_1.jpg,17.05
4177191087_1.jpg,2.74
4177207252_1.jpg,6.60
4177236831_1.jpg,19.23
4177243445_1.jpg,3.54
4177271347_1.jpg,9.06
4177283840_1.jpg,9.50
4177283840_2.jpg,25.46
4177283840_3.jpg,15.71
4177283840_4.jpg,24.88
4177283840_5.jpg,22.91
4177283840_6.jpg,13.96
4177283840_7.jpg,25.05
4177299051_1.jpg,36.07
4177307982_1.jpg,21.21
4177340224_1.jpg,3.74
4177352999_1.jpg,9.06
4177360083_1.jpg,8.31
4177364649_1.jpg,9.68
4177368306_1.jpg,3.98
4177380003_1.jpg,36.19
4177380006_1.jpg,16.84
4177402831_1.jpg,23.90
4177413063_1.jpg,1.09
4177452420_1.jpg,4.51
4177499768_1.jpg,1.49
4177499959_1.jpg,21.46
4177499959_2.jpg,26.09
4177543312_1.jpg,3.86
4177587868_1.jpg,2.85
4177587868_2.jpg,5.25
4399872290_1.jpg,12.81
4399872290_2.jpg,7.50
4399872290_3.jpg,3.25
4399932721_1.jpg,12.37
4399932721_2.jpg,3.12
4399948934_1.jpg,6.50
4399978575_1.jpg,6.75
4399981544_1.jpg,10.21
4400103650_1.jpg,13.59
4400161975_1.jpg,4.74
4400161975_2.jpg,18.43
4400174063_1.jpg,6.14
4400313727_1.jpg,2.75
4400313727_2.jpg,0.05
4400313727_3.jpg,0.78
4400364119_1.jpg,20.53
4400364119_2.jpg,13.83
4400425953_1.jpg,21.37
4400425953_2.jpg,18.73
4400501941_1.jpg,28.97
4405052047_1.jpg,10.06
4405123027_1.jpg,16.98
4405123027_2.jpg,4.12
4405123027_3.jpg,6.85
4405150044_1.jpg,4.79
4405186916_1.jpg,1.53
4405226878_1.jpg,16.56
4405254784_1.jpg,2.25
4405254784_2.jpg,1.61
4405372795_1.jpg,8.80
4405372795_2.jpg,2.43
4405374015_1.jpg,4.77
4405374015_2.jpg,39.11
4405445749_1.jpg,4.84
4405501935_1.jpg,6.70
4405501935_2.jpg,0.58
4407147241_1.jpg,0.29
4407192996_1.jpg,2.43
4407192996_2.jpg,22.74
4407192996_3.jpg,0.84
4407192996_4.jpg,2.22
4407224729_1.jpg,4.06
4407227112_1.jpg,3.85
4407422624_1.jpg,2.34
4407427660_1.jpg,12.59
4407458006_1.jpg,1.28
4407458006_2.jpg,2.50
4407486837_1.jpg,4.74
4407486837_2.jpg,17.24
4407534568_1.jpg,24.16
4407534568_2.jpg,2.94
4407534568_3.jpg,14.92
4407534568_4.jpg,22.32
4407534568_5.jpg,3.75
4407534568_6.jpg,4.68
4407560408_1.jpg,16.97
4407598433_1.jpg,9.86
4407632679_1.jpg,8.14
4407632679_2.jpg,3.59
4407632679_3.jpg,10.19
4410449225_1.jpg,25.46
4410817331_1.jpg,1.89
4413376065_1.jpg,1.04
4413517738_1.jpg,3.13
4413523417_1.jpg,6.00
4413657482_1.jpg,7.31
4413698627_1.jpg,0.73
4413701438_1.jpg,8.58
4413709541_1.jpg,10.78
4413725471_1.jpg,4.15
4413740858_1.jpg,3.05
4413740858_2.jpg,3.79
4413740858_3.jpg,3.29
4413745833_1.jpg,10.20
4413745833_2.jpg,19.24
4413745833_3.jpg,8.18
4413745833_4.jpg,12.11
4413745833_5.jpg,10.76
4413745833_6.jpg,5.85
4413745833_7.jpg,3.97
4413745833_8.jpg,3.88
4413745833_9.jpg,8.44
4413778519_1.jpg,0.60
4413778519_2.jpg,3.69
4413817473_1.jpg,21.50
4413825909_1.jpg,43.61
4413901095_1.jpg,2.56
4413901095_2.jpg,5.11
4413901095_3.jpg,3.08
4413974323_1.jpg,4.23
4413974323_2.jpg,1.14
4413986519_1.jpg,19.86
4413994723_1.jpg,12.71
4414031342_1.jpg,6.84
4414056200_1.jpg,7.34
4414056200_2.jpg,9.07
4414056200_3.jpg,9.57
4414063920_1.jpg,1.45
4414063920_2.jpg,3.70
4414063920_3.jpg,3.93
4414128358_1.jpg,9.93
4414217540_1.jpg,1.53
4414217540_2.jpg,9.59
4414217540_3.jpg,3.15
4414217540_4.jpg,3.19
4414250010_1.jpg,27.01
4414250010_2.jpg,33.91
4414267847_1.jpg,1.77
4414267847_2.jpg,3.54
4414278216_1.jpg,35.21
4414317685_1.jpg,3.33
4414374588_1.jpg,10.20
4414389125_1.jpg,3.71
4416725552_1.jpg,11.61
4416784134_1.jpg,10.71
4416784134_2.jpg,2.97
4416803941_1.jpg,5.73
4416935592_1.jpg,2.81
4416935592_2.jpg,5.51
4416995637_1.jpg,7.45
4416996359_1.jpg,5.08
4416996359_2.jpg,2.64
4417057339_1.jpg,2.58
4417141977_1.jpg,0.68
4417141977_2.jpg,0.70
4417141977_3.jpg,0.01
4417171653_1.jpg,0.82
4420725745_1.jpg,5.30
4420725745_2.jpg,6.79
4420725745_3.jpg,9.38
4420757912_1.jpg,7.68
4420757912_2.jpg,12.04
4420760878_1.jpg,1.32
4420760878_2.jpg,0.65
4420823611_1.jpg,11.57
4420839309_1.jpg,6.32
4420839309_2.jpg,0.01
4420839309_3.jpg,0.54
4420947904_1.jpg,5.76
4420964123_1.jpg,2.87
4421021338_1.jpg,20.05
4421021338_2.jpg,3.46
4421021768_1.jpg,9.38
4421021768_2.jpg,11.18
4421021768_3.jpg,16.17
4421084258_1.jpg,3.62
4421133972_1.jpg,1.68
4421133972_2.jpg,6.57
4421133972_3.jpg,13.90
4421133972_4.jpg,15.24
4421133972_5.jpg,16.13
4421133972_6.jpg,27.42
4421133972_7.jpg,7.92
4421142875_1.jpg,4.11
4424120299_1.jpg,1.45
4424138100_1.jpg,4.11
4424237061_1.jpg,5.25
4424237103_1.jpg,11.80
4424344309_1.jpg,15.34
4424397800_1.jpg,1.98
4424397800_2.jpg,1.83
4424399003_1.jpg,1.58
4424406549_1.jpg,3.17
4424438291_1.jpg,3.75
4424482051_1.jpg,1.96
4424482051_2.jpg,1.56
4424482051_3.jpg,1.30
4424482051_4.jpg,0.38
4424627074_1.jpg,7.95
4424627074_2.jpg,1.28
4424646730_1.jpg,1.38
4424646730_2.jpg,0.79
4424673817_1.jpg,5.24
4424681373_1.jpg,16.34
4424681373_2.jpg,15.18
4424681373_3.jpg,17.85
4424703729_1.jpg,31.75
4430472598_1.jpg,18.81
4430619154_1.jpg,14.81
4430696683_1.jpg,7.59
4430712475_1.jpg,11.06
4431042754_1.jpg,1.76
4431111945_1.jpg,1.77
4431153155_1.jpg,2.70
4431162772_1.jpg,13.33
4436112702_1.jpg,17.66
4436134055_1.jpg,23.32
4436140995_1.jpg,32.56
4436140995_2.jpg,56.05
4436140995_3.jpg,44.86
4436143990_1.jpg,5.26
4436151956_1.jpg,26.00
4436158091_1.jpg,7.40
4436158091_2.jpg,4.20
4436158091_3.jpg,0.84
4436210275_1.jpg,1.38
4436232750_1.jpg,36.93
4436276246_1.jpg,30.59
4436276246_2.jpg,24.89
4436276246_3.jpg,22.30
4436276246_4.jpg,54.98
4436334702_1.jpg,3.71
4436364997_1.jpg,7.50
4436393824_1.jpg,6.99
4436419111_1.jpg,17.22
4436421243_1.jpg,38.55
4436421243_2.jpg,15.36
4436435964_1.jpg,24.45
4436435964_2.jpg,17.44
4436435964_3.jpg,35.23
4436435964_4.jpg,36.38
4436435964_5.jpg,58.63
4436435964_6.jpg,64.43
4436435964_7.jpg,40.82
4436435964_8.jpg,89.52
4436450580_1.jpg,32.18
4436450580_2.jpg,54.45
4436450599_1.jpg,61.59
4438773256_1.jpg,5.19
4438786481_1.jpg,1.64
4438803223_1.jpg,2.36
4438839976_1.jpg,10.69
4438899760_1.jpg,4.00
4438956755_1.jpg,17.06
4438956755_2.jpg,34.10
4438956755_3.jpg,25.60
4438956755_4.jpg,13.09
4438956755_5.jpg,15.75
4438956755_6.jpg,13.93
4438956755_7.jpg,18.23
4440657621_1.jpg,18.44
4440666217_1.jpg,33.31
4440700181_1.jpg,15.57
4440700181_2.jpg,15.23
4440758836_1.jpg,8.01
4440758836_2.jpg,6.46
4440772449_1.jpg,21.86
4440772449_2.jpg,41.30
4440786266_1.jpg,9.33
4440821777_1.jpg,0.97
4440824009_1.jpg,1.40
4440841992_1.jpg,18.39
4440879472_1.jpg,39.31
4440879472_2.jpg,22.33
4440879472_3.jpg,20.34
4440881882_1.jpg,16.03
4440881882_2.jpg,39.49
4440960034_1.jpg,3.59
4440960034_2.jpg,2.93
4440960034_3.jpg,6.63
4440967020_1.jpg,10.32
4440983382_1.jpg,18.65
4440983382_2.jpg,55.38
4442419307_1.jpg,6.73
4442451517_1.jpg,5.46
4442452352_1.jpg,10.27
4442458968_1.jpg,4.87
4442504278_1.jpg,16.00
4442573465_1.jpg,5.33
4442573465_2.jpg,8.99
4442686084_1.jpg,9.37
4442701646_1.jpg,1.31
4453763087_1.jpg,8.25
4453784761_1.jpg,24.04
4453784761_2.jpg,28.61
4453784761_3.jpg,8.31
4453784761_4.jpg,27.43
4453784761_5.jpg,39.43
4453784761_6.jpg,30.24
4453784761_7.jpg,22.63
4453784761_8.jpg,5.05
4454055377_1.jpg,18.24
4454055377_2.jpg,48.54
4458381061_1.jpg,2.23
4458470306_1.jpg,3.27
4458470306_2.jpg,11.85
4458658716_1.jpg,24.32
4458674117_1.jpg,4.42
4459295005_1.jpg,34.01
4459354367_1.jpg,21.24
4459403163_1.jpg,12.29
4459424705_1.jpg,15.72
4459467436_1.jpg,6.75
4459467454_1.jpg,5.73
4459467479_1.jpg,6.95
4459467674_1.jpg,17.38
4459474217_1.jpg,12.64
4459501248_1.jpg,17.83
4459510560_1.jpg,5.79
4459544908_1.jpg,14.08
4459547673_1.jpg,25.42
4459552249_1.jpg,0.96
4459552249_2.jpg,2.49
4459554321_1.jpg,19.84
4459562365_1.jpg,4.03
4459562510_1.jpg,57.74
4459562515_1.jpg,3.59
4459567654_1.jpg,20.62
4459567812_1.jpg,20.84
4459567948_1.jpg,26.70
4459589753_1.jpg,24.22
4459589850_1.jpg,14.47
4459594685_1.jpg,8.92
4459594754_1.jpg,15.18
4459594853_1.jpg,12.75
4459599441_1.jpg,19.32
4459599771_1.jpg,7.59
4459599827_1.jpg,7.28
4459634311_1.jpg,12.29
4459675943_1.jpg,8.14
4459675943_2.jpg,6.03
4459678423_1.jpg,31.42
4459678492_1.jpg,2.38
4459804718_1.jpg,7.75
4459836233_1.jpg,8.06
4459951611_1.jpg,10.32
4459951646_1.jpg,5.55
4459996593_1.jpg,12.59
4460001873_1.jpg,2.95
4460010311_1.jpg,3.86
4460089442_1.jpg,51.68
4460126197_1.jpg,14.74
4460126290_1.jpg,4.38
4460136357_1.jpg,10.67
4460184156_1.jpg,23.56
4460184282_1.jpg,29.59
4460185147_1.jpg,20.50
4460196107_1.jpg,6.96
4460196217_1.jpg,17.61
4460202046_1.jpg,10.98
4460202159_1.jpg,4.73
4460256119_1.jpg,17.63
4460256119_2.jpg,14.52
4460256119_3.jpg,46.01
4460300286_1.jpg,3.82
4460342278_1.jpg,14.22
4460347220_1.jpg,34.86
4460360795_1.jpg,12.12
4460369117_1.jpg,41.27
4460380598_1.jpg,15.22
4460387725_1.jpg,19.31
4460400978_1.jpg,4.39
4460406316_1.jpg,28.46
4460406400_1.jpg,29.91
4460417087_1.jpg,5.65
4460450768_1.jpg,10.40
4460458221_1.jpg,24.01
4460487960_1.jpg,7.43
4460515919_1.jpg,8.00
4460515919_2.jpg,6.20
4460531666_1.jpg,10.27
4460551315_1.jpg,1.21
4460576952_1.jpg,25.30
4460590258_1.jpg,13.33
4460590258_2.jpg,24.97
4460590258_3.jpg,17.82
4460618278_1.jpg,13.31
4460618285_1.jpg,29.40
4460688670_1.jpg,3.29
4460696032_1.jpg,5.53
4460732481_1.jpg,15.39
4460751600_1.jpg,3.42
4460751601_1.jpg,14.11
4460784520_1.jpg,7.45
4460784530_1.jpg,47.69
4460792416_1.jpg,3.12
4460792416_2.jpg,3.49
4460792416_3.jpg,2.76
4460877062_1.jpg,1.51
4460897573_1.jpg,3.03
4460922802_1.jpg,13.03
4461000509_1.jpg,14.74
4461000575_1.jpg,11.76
4461000729_1.jpg,11.46
4461020997_1.jpg,29.11
4461031568_1.jpg,3.61
4461031568_2.jpg,5.59
4461031568_3.jpg,2.89
4461111681_1.jpg,29.38
4461131182_1.jpg,5.12
4461146402_1.jpg,13.62
4461146690_1.jpg,1.81
4461182544_1.jpg,17.68
4461193125_1.jpg,12.70
4461206677_1.jpg,13.62
4461206824_1.jpg,17.39
4461206858_1.jpg,3.95
4461206874_1.jpg,43.21
4461207067_1.jpg,41.01
4461315350_1.jpg,20.47
4461338968_1.jpg,7.35
4461344607_1.jpg,22.66
4461344651_1.jpg,20.50
4461344782_1.jpg,63.96
4461357780_1.jpg,24.04
4461357980_1.jpg,19.64
4461425136_1.jpg,11.87
4461465506_1.jpg,17.52
4461468335_1.jpg,4.87
4461479048_1.jpg,4.27
4461506392_1.jpg,2.40
4461555996_1.jpg,5.31
4461564999_1.jpg,4.26
4461570921_1.jpg,7.16
4461613774_1.jpg,3.66
4461620463_1.jpg,15.13
4461639868_1.jpg,2.51
4461639868_2.jpg,0.00
4461641966_1.jpg,18.76
4461642272_1.jpg,4.26
4461649638_1.jpg,28.35
4461661124_1.jpg,16.05
4461709726_1.jpg,8.02
4461709732_1.jpg,43.62
4461719856_1.jpg,16.93
4461721139_1.jpg,7.00
4461751697_1.jpg,38.87
4461782001_1.jpg,6.28
4461821408_1.jpg,6.42
4461831024_1.jpg,19.36
4461831119_1.jpg,38.66
4461836958_1.jpg,22.69
4461836958_2.jpg,9.24
4461836958_3.jpg,16.03
4461836958_4.jpg,12.38
4461842318_1.jpg,1.64
4461864052_1.jpg,11.03
4461868811_1.jpg,5.78
4461869236_1.jpg,3.81
4461895236_1.jpg,36.77
4461967600_1.jpg,5.41
4461970910_1.jpg,15.10
4462030329_1.jpg,9.97
4462066759_1.jpg,3.50
4462066775_1.jpg,38.23
4462066885_1.jpg,9.85
4462076745_1.jpg,8.12
4462076798_1.jpg,16.47
4462084530_1.jpg,1.93
4462084589_1.jpg,13.07
4462100881_1.jpg,14.85
4462127835_1.jpg,8.41
4462190306_1.jpg,6.23
4462196783_1.jpg,10.25
4462343283_1.jpg,12.65
4462369403_1.jpg,49.06
4462374551_1.jpg,32.11
4462374823_1.jpg,13.16
4462444433_1.jpg,31.68
4462444475_1.jpg,6.10
4462444513_1.jpg,14.73
4462444535_1.jpg,32.15
4462482301_1.jpg,20.96
4462501122_1.jpg,3.62
4462517642_1.jpg,26.93
4462559889_1.jpg,7.84
4462582457_1.jpg,1.80
4465464182_1.jpg,5.65
4465464182_2.jpg,11.95
4465480065_1.jpg,5.61
4465480065_2.jpg,8.16
4465497049_1.jpg,11.83
4465660704_1.jpg,48.29
4500865941_1.jpg,3.06
4500919637_1.jpg,1.93
4506303972_1.jpg,9.71
4506369872_1.jpg,24.25
4506501842_1.jpg,0.00
4506510032_1.jpg,20.71
4506510032_2.jpg,30.46
4506510032_3.jpg,50.45
4506510032_4.jpg,23.85
4506511718_1.jpg,2.31
4507678032_1.jpg,2.19
4507715729_1.jpg,7.23
4507724734_1.jpg,9.19
4507872920_1.jpg,6.85
4507879174_1.jpg,2.32
4507956761_1.jpg,7.34
4510302162_1.jpg,32.50
4510367300_1.jpg,29.34
4510367300_2.jpg,16.01
4510374926_1.jpg,1.48
4510374926_2.jpg,1.88
4512158264_1.jpg,4.12
4512158264_2.jpg,3.81
4512278924_1.jpg,6.93
4512278924_2.jpg,5.58
4512278924_3.jpg,5.29
4512278924_4.jpg,10.84
4512278924_5.jpg,3.89
4512278924_6.jpg,3.08
4512399140_1.jpg,2.61
4512399140_2.jpg,2.09
4516352167_1.jpg,1.65
4516377349_1.jpg,10.73
4516407052_1.jpg,14.22
4516604385_1.jpg,3.79
4516770084_1.jpg,1.86
4516770084_2.jpg,4.69
4516801041_1.jpg,16.19
4516903880_1.jpg,24.73
4516903880_2.jpg,30.51
4519120093_1.jpg,7.95
4519140146_1.jpg,21.93
4519140146_2.jpg,9.10
4519226073_1.jpg,24.71
4519248895_1.jpg,6.07
4522607403_1.jpg,22.86
4522607403_2.jpg,6.00
4522624934_1.jpg,6.82
4522659898_1.jpg,0.38
4522659898_2.jpg,50.74
4522659898_3.jpg,13.27
4522659898_4.jpg,14.46
4522659898_5.jpg,30.62
4525064293_1.jpg,5.81
4525064611_1.jpg,3.26
4525072291_1.jpg,2.18
4525072291_2.jpg,1.46
4525072291_3.jpg,1.30
4525176689_1.jpg,2.08
4525176689_2.jpg,1.49
4525250301_1.jpg,2.28
4528039908_1.jpg,30.36
4528096238_1.jpg,21.82
4528106209_1.jpg,8.64
4535572540_1.jpg,31.92
4535589500_1.jpg,5.11
4535589500_2.jpg,2.23
4535589500_3.jpg,40.60
4535608525_1.jpg,2.91
4535608525_2.jpg,26.07
4535608525_3.jpg,3.76
4535619356_1.jpg,2.58
4535619356_2.jpg,1.14
4535627536_1.jpg,2.92
4535628579_1.jpg,14.36
4535628579_2.jpg,9.73
4535628579_3.jpg,5.14
4535628579_4.jpg,5.41
4535681789_1.jpg,35.92
4535681789_2.jpg,18.63
4535681789_3.jpg,37.01
4535724095_1.jpg,26.07
4535742076_1.jpg,7.44
4535742076_2.jpg,10.44
4535742198_1.jpg,2.71
4535742198_2.jpg,18.17
4535749024_1.jpg,14.09
4535749024_2.jpg,8.62
4535760057_1.jpg,15.06
4535797564_1.jpg,2.92
4535799545_1.jpg,28.66
4535803375_1.jpg,2.31
4535866564_1.jpg,4.45
4535866564_2.jpg,7.50
4535882384_1.jpg,19.84
4535882384_2.jpg,6.51
4535886559_1.jpg,5.62
4535984197_1.jpg,2.55
4535984197_2.jpg,3.47
4536018128_1.jpg,7.57
4536018128_2.jpg,10.53
4596881133_1.jpg,21.53
4596889506_1.jpg,9.12
4596964166_1.jpg,1.69
4597003750_1.jpg,8.69
4597003750_2.jpg,4.93
4597017968_1.jpg,29.36
4597123960_1.jpg,5.78
4597261233_1.jpg,24.67
4597327420_1.jpg,9.94
4597367005_1.jpg,39.40
4597378144_1.jpg,9.41
4597389376_1.jpg,52.26
4597389559_1.jpg,12.10
4597397360_1.jpg,41.66
4597417305_1.jpg,16.52
4597425453_1.jpg,4.76
4597429433_1.jpg,8.17
4597452270_1.jpg,23.45
4597452270_2.jpg,13.34
4597452270_3.jpg,13.35
4597452270_4.jpg,12.36
4597541520_1.jpg,3.93
4597541520_2.jpg,6.84
4597561190_1.jpg,22.01
4597561190_10.jpg,6.32
4597561190_2.jpg,6.12
4597561190_3.jpg,9.05
4597561190_4.jpg,22.08
4597561190_5.jpg,26.39
4597561190_6.jpg,18.23
4597561190_7.jpg,7.24
4597561190_8.jpg,4.87
4597561190_9.jpg,2.53
4597570109_1.jpg,17.53
4597599401_1.jpg,7.36
4597607317_1.jpg,4.11
4597625787_1.jpg,15.84
4597625787_2.jpg,6.56
4599762928_1.jpg,6.37
4599762928_2.jpg,1.34
4599762928_3.jpg,1.79
4599780497_1.jpg,4.40
4599870330_1.jpg,8.67
4599878417_1.jpg,31.95
4599920196_1.jpg,5.43
4599930740_1.jpg,17.98
4599934612_1.jpg,2.71
4599934612_2.jpg,7.11
4599948652_1.jpg,2.35
4599953745_1.jpg,19.82
4599972666_1.jpg,26.69
4600053430_1.jpg,10.25
4600168116_1.jpg,1.61
4600168116_2.jpg,5.00
4600168116_3.jpg,0.80
4600168116_4.jpg,2.93
4600208791_1.jpg,15.69
4606590436_1.jpg,25.39
4606590436_2.jpg,37.46
4606590436_3.jpg,4.51
4606590436_4.jpg,32.76
4606590436_5.jpg,3.97
4606667502_1.jpg,3.18
4606667502_2.jpg,1.97
4606762937_1.jpg,19.75
4606801111_1.jpg,22.49
4606801111_2.jpg,6.56
4606842484_1.jpg,27.98
4606842484_2.jpg,6.60
4606842484_3.jpg,2.15
4606842484_4.jpg,14.97
4606842484_5.jpg,16.07
4606865597_1.jpg,0.76
4606896555_1.jpg,11.30
4606941571_1.jpg,17.89
4606951349_1.jpg,8.90
4606951349_2.jpg,4.37
4606997217_1.jpg,12.77
4607005496_1.jpg,12.67
4607068400_1.jpg,7.43
4607069113_1.jpg,9.59
4607069113_2.jpg,9.48
4607078470_1.jpg,1.16
4607099660_1.jpg,6.88
4607106837_1.jpg,25.82
4607119441_1.jpg,23.63
4607119441_2.jpg,36.70
4607119441_3.jpg,1.76
4607119441_4.jpg,33.45
4607119441_5.jpg,22.28
4607119441_6.jpg,22.28
4607125515_1.jpg,4.61
4607142360_1.jpg,3.64
4607143302_1.jpg,23.46
4607197452_1.jpg,38.59
4607206817_1.jpg,8.23
4607206817_2.jpg,8.42
4607206817_3.jpg,4.30
4607229613_1.jpg,1.35
4607244552_1.jpg,38.59
4607244552_2.jpg,61.72
4607244552_3.jpg,61.83
4607244552_4.jpg,42.18
4607244552_5.jpg,42.77
4607244552_6.jpg,45.13
4607244552_7.jpg,29.66
4607273772_1.jpg,9.78
4607277225_1.jpg,5.67
4607277225_2.jpg,3.78
4607403923_1.jpg,28.79
4607403923_2.jpg,33.57
4607403923_3.jpg,31.89
4607403923_4.jpg,38.47
4607403923_5.jpg,29.40
4607474559_1.jpg,7.59
4607485725_1.jpg,15.06
4607485725_2.jpg,16.63
4607551255_1.jpg,1.45
4607625364_1.jpg,6.09
4607625364_10.jpg,7.63
4607625364_2.jpg,1.12
4607625364_3.jpg,2.05
4607625364_4.jpg,6.15
4607625364_5.jpg,5.94
4607625364_6.jpg,1.98
4607625364_7.jpg,2.95
4607625364_8.jpg,2.33
4607625364_9.jpg,12.00
4607626857_1.jpg,20.21
4607629435_1.jpg,10.55
4607629435_2.jpg,13.98
4607629435_3.jpg,40.88
4607629435_4.jpg,33.68
4607629435_5.jpg,38.15
4607629435_6.jpg,14.42
4607629508_1.jpg,5.33
4607643082_1.jpg,3.50
4846735031_1.jpg,8.26
4846735031_2.jpg,4.89
4846737634_1.jpg,7.10
4846737634_2.jpg,6.25
4846780944_1.jpg,5.78
4846780944_2.jpg,4.29
4846814807_1.jpg,3.75
4846845055_1.jpg,8.91
4846857231_1.jpg,22.43
4846857231_2.jpg,45.20
4846896678_1.jpg,3.84
4846937819_1.jpg,6.65
4846959047_1.jpg,5.54
4846976917_1.jpg,2.74
4847012009_1.jpg,1.44
4847024043_1.jpg,0.78
4847024786_1.jpg,3.01
4847046455_1.jpg,6.61
4847046455_2.jpg,9.00
4847055219_1.jpg,3.97
4847080534_1.jpg,12.24
4847099529_1.jpg,5.98
4847099529_2.jpg,4.92
4847132863_1.jpg,4.61
4847139584_1.jpg,0.79
4847169130_1.jpg,10.50
4847169130_2.jpg,4.03
4847169130_3.jpg,4.88
4847179446_1.jpg,9.32
4847179446_2.jpg,0.33
4847212827_1.jpg,2.25
4847220919_1.jpg,25.02
4851742480_1.jpg,0.05
4851810903_1.jpg,3.72
4851810903_2.jpg,7.82
4851839391_1.jpg,1.97
4851839391_2.jpg,5.95
4851870509_1.jpg,8.10
4851870509_2.jpg,3.94
4851881382_1.jpg,1.87
4851958545_1.jpg,10.05
4851980183_1.jpg,9.86
4852013520_1.jpg,1.73
4852035773_1.jpg,4.94
4852102894_1.jpg,5.29
4852113806_1.jpg,16.81
4852230212_1.jpg,15.51
4852275568_1.jpg,1.23
4852283102_1.jpg,3.90
4852317265_1.jpg,12.17
4852352333_1.jpg,0.00
4852384497_1.jpg,37.35
4852384497_2.jpg,12.66
4852404642_1.jpg,3.40
4852478488_1.jpg,4.77
4852513571_1.jpg,0.46
4852532499_1.jpg,0.08
4852641187_1.jpg,2.21
4852776282_1.jpg,50.15
4852841038_1.jpg,13.17
4852841038_2.jpg,32.38
4852885394_1.jpg,2.97
4852895490_1.jpg,1.70
4852901689_1.jpg,6.54
4852924085_1.jpg,6.81
4852962742_1.jpg,11.69
4852971437_1.jpg,14.85
4853015610_1.jpg,26.53
4853020839_1.jpg,7.40
4853040469_1.jpg,2.84
4853053731_1.jpg,11.82
4853068135_1.jpg,4.95
4853143636_1.jpg,5.56
4853203953_1.jpg,1.10
4854914364_1.jpg,1.17
4854914364_2.jpg,1.55
4854920844_1.jpg,3.11
4855026026_1.jpg,78.42
4855026026_2.jpg,32.80
4855043126_1.jpg,11.95
4855043126_2.jpg,22.16
4855307641_1.jpg,16.08
4855307641_2.jpg,44.43
4855307641_3.jpg,4.94
4855361066_1.jpg,6.65
4855361066_2.jpg,10.77
4855361066_3.jpg,4.26
4855386531_1.jpg,13.75
4855417270_1.jpg,45.09
4855435555_1.jpg,38.71
4855435555_2.jpg,24.30
4855441743_1.jpg,1.84
4855562441_1.jpg,22.00
4863343654_1.jpg,11.02
4863343654_2.jpg,5.81
4863359862_1.jpg,0.33
4863365331_1.jpg,5.60
4863365331_2.jpg,31.33
4863367602_1.jpg,2.03
4863374308_1.jpg,9.22
4863398418_1.jpg,4.42
4863398418_2.jpg,1.99
4863398418_3.jpg,4.98
4863434479_1.jpg,12.82
4863434479_2.jpg,7.76
4863439060_1.jpg,0.74
4863453596_1.jpg,5.18
4863462960_1.jpg,6.47
4863462960_2.jpg,3.64
4863462960_3.jpg,2.02
4863469300_1.jpg,5.52
4863469300_2.jpg,15.68
4863485485_1.jpg,4.57
4863497554_1.jpg,6.03
4863501891_1.jpg,6.27
4863505249_1.jpg,0.25
4863517259_1.jpg,11.28
4863535936_1.jpg,2.06
4863549646_1.jpg,4.81
4863549646_2.jpg,7.04
4863549646_3.jpg,0.86
4863549646_4.jpg,6.27
4863599400_1.jpg,1.30
4863645728_1.jpg,0.05
4863649546_1.jpg,0.15
4863659070_1.jpg,7.17
4863683123_1.jpg,9.39
4863706691_1.jpg,7.27
4863737255_1.jpg,40.06
4863752375_1.jpg,6.14
4863752375_2.jpg,7.21
4863756544_1.jpg,10.75
4863798490_1.jpg,4.46
4863811067_1.jpg,35.21
4863863155_1.jpg,6.57
4863863155_2.jpg,0.23
4863888402_1.jpg,19.04
4863888402_2.jpg,8.65
4863937485_1.jpg,38.50
4863937485_2.jpg,38.55
4863937485_3.jpg,43.59
4863937485_4.jpg,22.24
4863937485_5.jpg,13.11
4863956860_1.jpg,1.42
4863956860_2.jpg,1.43
4863959427_1.jpg,0.25
4867561321_1.jpg,2.40
4867581433_1.jpg,13.85
4867611159_1.jpg,14.69
4867625511_1.jpg,0.28
4867669523_1.jpg,26.34
4867725067_1.jpg,9.54
4867729832_1.jpg,55.11
4867729832_2.jpg,37.32
4867730585_1.jpg,25.20
4867950146_1.jpg,0.16
4867977913_1.jpg,0.89
4867977913_2.jpg,0.24
4868106205_1.jpg,5.48
4868113928_1.jpg,4.73
4868151770_1.jpg,2.37
4868175681_1.jpg,0.00
4868175681_2.jpg,0.40
4868180615_1.jpg,0.84
4872073187_1.jpg,2.15
4872073187_2.jpg,1.76
4872074174_1.jpg,5.65
4872074174_2.jpg,9.44
4872074174_3.jpg,7.17
4872118590_1.jpg,6.36
4872138935_1.jpg,4.90
4872138935_2.jpg,1.89
4872140386_1.jpg,3.97
4872149052_1.jpg,16.26
4872158743_1.jpg,10.34
4872158743_2.jpg,11.58
4872195959_1.jpg,3.28
4872212217_1.jpg,8.83
4872227519_1.jpg,2.48
4872227519_2.jpg,14.16
4872247670_1.jpg,19.84
4872321727_1.jpg,2.73
4872321727_2.jpg,2.56
4872321727_3.jpg,1.13
4872397573_1.jpg,4.25
4872438706_1.jpg,3.35
4872444647_1.jpg,0.03
4872446262_1.jpg,5.74
4872446262_2.jpg,9.98
4872446262_3.jpg,5.48
4872491070_1.jpg,3.93
4872508183_1.jpg,6.66
4872512517_1.jpg,0.14
4872527164_1.jpg,0.59
4872559971_1.jpg,23.17
4872559971_2.jpg,12.89
4872560744_1.jpg,6.79
4872598225_1.jpg,6.57
4872612996_1.jpg,8.88
4872644883_1.jpg,6.48
4872644883_2.jpg,2.53
4874989281_1.jpg,19.13
4875070866_1.jpg,5.67
4875132225_1.jpg,24.33
4875159513_1.jpg,3.51
4875174905_1.jpg,15.69
4875214286_1.jpg,10.35
4875249350_1.jpg,17.12
4875384170_1.jpg,23.95
4875438838_1.jpg,9.17
4875482264_1.jpg,9.96
4875482264_2.jpg,13.94
4875549278_1.jpg,38.77
4875552614_1.jpg,3.09
4875573821_1.jpg,11.06
4880764238_1.jpg,32.78
4880770025_1.jpg,15.20
4881054123_1.jpg,0.73
4881054123_2.jpg,0.57
4881054123_3.jpg,0.58
4881054123_4.jpg,2.82
4881054123_5.jpg,2.84
4881054123_6.jpg,3.74
4881826001_1.jpg,7.82
4881927266_1.jpg,32.28
4882206410_1.jpg,6.07
4882386675_1.jpg,1.86
4882536230_1.jpg,4.74
4882942549_1.jpg,25.21
4883231591_1.jpg,13.17
4883915201_1.jpg,7.32
4884020784_1.jpg,17.75
4884591768_1.jpg,8.66
4884624946_1.jpg,3.68
4884874140_1.jpg,8.38
4885136489_1.jpg,17.63
4885629939_1.jpg,6.60
4885629939_2.jpg,4.72
4886129760_1.jpg,8.60
4886459720_1.jpg,5.60
4887299075_1.jpg,3.68
4888155891_1.jpg,15.52
4888759844_1.jpg,14.45
4889077024_1.jpg,3.00
4889211921_1.jpg,12.70
4889211921_2.jpg,19.82
4889757889_1.jpg,7.80
4890396861_1.jpg,1.34
4891243552_1.jpg,2.00
4891287723_1.jpg,25.13
4891306330_1.jpg,6.63
4891679069_1.jpg,26.23
4891715222_1.jpg,1.08
4891715222_2.jpg,1.27
4891715222_3.jpg,1.26
4891724087_1.jpg,2.15
4891724087_2.jpg,2.24
4891724087_3.jpg,3.07
4891770366_1.jpg,18.46
4891785688_1.jpg,1.52
4891878136_1.jpg,0.00
4891878136_2.jpg,0.00
4891878136_3.jpg,0.29
4891878136_4.jpg,0.00
4891910462_1.jpg,4.28
4891910462_2.jpg,4.39
4891910462_3.jpg,4.57
4891917741_1.jpg,0.09
4891917940_1.jpg,10.68
4891930269_1.jpg,11.53
4891950302_1.jpg,1.21
4891950302_2.jpg,0.79
4891950302_3.jpg,1.16
4891958220_1.jpg,36.87
4891960756_1.jpg,3.58
4891960756_2.jpg,0.66
4892014352_1.jpg,24.79
4892014352_2.jpg,13.84
4892014352_3.jpg,22.08
4892014352_4.jpg,5.43
4892014750_1.jpg,3.08
4892014750_2.jpg,2.87
4892042784_1.jpg,32.41
4892070130_1.jpg,1.80
4892115412_1.jpg,0.49
4892115412_2.jpg,1.19
4892143711_1.jpg,4.03
4892161479_1.jpg,2.98
4892186959_1.jpg,64.66
4892186959_2.jpg,7.00
4892205637_1.jpg,3.73
4892209779_1.jpg,5.54
4892235482_1.jpg,7.55
4892253164_1.jpg,2.83
4900860661_1.jpg,11.81
4900965497_1.jpg,11.42
4901001126_1.jpg,2.92
4901001126_2.jpg,6.05
4901001126_3.jpg,3.94
4901001126_4.jpg,0.42
4901143620_1.jpg,2.33
4901268978_1.jpg,0.51
4901297887_1.jpg,2.24
4901305484_1.jpg,19.09
4901414916_1.jpg,9.27
4901596998_1.jpg,4.97
4901596998_2.jpg,3.66
4901596998_3.jpg,2.09
4901596998_4.jpg,1.92
4901596998_5.jpg,2.37
4901624564_1.jpg,4.06
4901630969_1.jpg,6.79
4901637698_1.jpg,26.71
4901637698_2.jpg,32.83
4901637698_3.jpg,2.35
4901637698_4.jpg,19.67
4901655593_1.jpg,22.87
4901691659_1.jpg,4.18
4901691659_2.jpg,0.92
4901691659_3.jpg,0.25
4901691879_1.jpg,0.07
4901712259_1.jpg,3.44
4901766378_1.jpg,10.18
4901772615_1.jpg,20.05
4901784885_1.jpg,5.89
4901823528_1.jpg,29.16
4901823528_2.jpg,14.81
4901870484_1.jpg,12.93
4901877206_1.jpg,27.89
4901953838_1.jpg,9.23
4901953838_2.jpg,0.33
4901953838_3.jpg,0.35
4902066319_1.jpg,4.50
4902066319_2.jpg,4.15
4902066319_3.jpg,1.08
4902083559_1.jpg,1.40
4902097054_1.jpg,6.94
4902097054_2.jpg,3.50
4902097054_3.jpg,10.43
4902097054_4.jpg,7.16
4902102309_1.jpg,4.84
4902102309_2.jpg,13.56
4902102309_3.jpg,5.08
4902124549_1.jpg,3.09
4903723711_1.jpg,30.41
4903742218_1.jpg,0.79
4903800209_1.jpg,17.42
4903851447_1.jpg,0.19
4903851447_2.jpg,8.43
4903873590_1.jpg,0.75
4903881591_1.jpg,4.49
4903893953_1.jpg,4.78
4903960247_1.jpg,2.73
4903969307_1.jpg,15.30
4903978881_1.jpg,3.72
4904072107_1.jpg,23.46
4904106044_1.jpg,6.50
4904189925_1.jpg,1.38
4904189925_2.jpg,1.39
4904208780_1.jpg,3.61
4904209477_1.jpg,4.01
4904241802_1.jpg,10.20
4904299563_1.jpg,18.81
4904299563_2.jpg,16.48
4904311873_1.jpg,9.72
4904311873_2.jpg,27.75
4904311873_3.jpg,20.24
4904355701_1.jpg,4.48
4907989969_1.jpg,13.64
4907989969_2.jpg,16.83
4907989969_3.jpg,14.70
4907989969_4.jpg,5.51
4907989969_5.jpg,20.57
4907989969_6.jpg,12.64
4908175080_1.jpg,5.29
4908198305_1.jpg,10.75
4908200023_1.jpg,3.45
4908200023_2.jpg,3.19
4908200023_3.jpg,2.68
4908202788_1.jpg,11.60
4908202788_2.jpg,13.19
4908202788_3.jpg,6.81
4908202788_4.jpg,4.56
4908351073_1.jpg,5.54
4908439918_1.jpg,8.27
4908439918_2.jpg,3.26
4908439918_3.jpg,4.57
4908439918_4.jpg,5.01
4908498695_1.jpg,41.74
4908498695_10.jpg,26.46
4908498695_11.jpg,16.51
4908498695_2.jpg,44.07
4908498695_3.jpg,37.75
4908498695_4.jpg,37.73
4908498695_5.jpg,30.96
4908498695_6.jpg,51.08
4908498695_7.jpg,28.74
4908498695_8.jpg,25.75
4908498695_9.jpg,29.20
4908507968_1.jpg,2.26
4908525506_1.jpg,19.35
4908564146_1.jpg,2.01
4908597074_1.jpg,6.40
4908597074_2.jpg,31.65
4908714920_1.jpg,18.90
4908714920_2.jpg,25.64
4908771826_1.jpg,12.43
4908792065_1.jpg,5.92
4908792065_2.jpg,4.75
4908803009_1.jpg,19.76
4908844206_1.jpg,1.89
4908844206_2.jpg,3.40
4908853835_1.jpg,5.64
4908875656_1.jpg,11.55
4908949364_1.jpg,40.89
4908961224_1.jpg,15.69
4908961224_2.jpg,16.35
4908961224_3.jpg,33.21
4908961224_4.jpg,13.20
4908961224_5.jpg,14.62
4908961224_6.jpg,15.59
4908978503_1.jpg,5.93
4909113531_1.jpg,24.75
4909216367_1.jpg,0.23
4909335040_1.jpg,23.40
4909342370_1.jpg,1.62
4909342370_2.jpg,0.55
4909342370_3.jpg,2.79
4910731639_1.jpg,15.76
4910827583_1.jpg,16.74
4910872408_1.jpg,9.22
4910872408_2.jpg,7.11
4910926215_1.jpg,10.73
4910926215_2.jpg,4.47
4910926215_3.jpg,5.59
4910980145_1.jpg,5.04
4911063245_1.jpg,19.02
4911063245_2.jpg,14.28
4911063245_3.jpg,25.96
4911101943_1.jpg,2.59
4911101943_2.jpg,0.85
4911112037_1.jpg,25.48
4911112037_2.jpg,11.67
4911112037_3.jpg,8.58
4919098519_1.jpg,18.84
4919162968_1.jpg,14.78
4919237932_1.jpg,7.18
4919238063_1.jpg,1.19
4919315600_1.jpg,5.26
4919324686_1.jpg,32.15
4919379414_1.jpg,12.89
4919435331_1.jpg,6.11
4919435331_2.jpg,9.27
4919435331_3.jpg,11.48
4919487798_1.jpg,13.96
4919505190_1.jpg,2.13
4919533586_1.jpg,11.45
4919610555_1.jpg,4.84
4919610555_2.jpg,7.04
4919610555_3.jpg,5.22
4919611553_1.jpg,1.58
4921494498_1.jpg,27.22
4921494498_2.jpg,42.98
4921507695_1.jpg,17.03
4921507695_2.jpg,19.36
4921527567_1.jpg,25.38
4921527567_2.jpg,43.86
4921527567_3.jpg,5.09
4921543817_1.jpg,25.02
4921560887_1.jpg,17.41
4921591395_1.jpg,9.94
4921621556_1.jpg,23.30
4921621556_2.jpg,12.85
4921682434_1.jpg,36.14
4921682434_2.jpg,22.77
4921682434_3.jpg,24.82
4921689455_1.jpg,18.99
4921689937_1.jpg,1.55
4921689937_2.jpg,0.52
4921698677_1.jpg,15.34
4921698677_2.jpg,55.48
4921741015_1.jpg,18.77
4921769309_1.jpg,22.84
4921769309_2.jpg,22.32
4921816209_1.jpg,24.48
4921816209_2.jpg,18.70
4921848806_1.jpg,1.59
4921859075_1.jpg,22.35
4921859075_2.jpg,20.72
4921877955_1.jpg,3.72
4921877955_2.jpg,7.30
4921891926_1.jpg,16.27
4921893430_1.jpg,38.44
4921933953_1.jpg,4.63
4921959609_1.jpg,33.07
4921966304_1.jpg,3.20
4922008906_1.jpg,2.69
4923655549_1.jpg,9.92
4923655549_2.jpg,9.47
4923655549_3.jpg,6.74
4923655549_4.jpg,5.86
4923655549_5.jpg,4.62
4923668455_1.jpg,16.93
4923682636_1.jpg,26.36
4923695903_1.jpg,2.37
4923700066_1.jpg,6.37
4923700066_2.jpg,19.66
4923730521_1.jpg,2.06
4923841336_1.jpg,3.41
4923844292_1.jpg,32.67
4923934548_1.jpg,23.43
4923935383_1.jpg,7.35
4923935383_2.jpg,3.61
4923986328_1.jpg,12.18
4924016147_1.jpg,3.04
4924022556_1.jpg,1.64
4924044298_1.jpg,6.09
4924049472_1.jpg,28.80
4924049472_2.jpg,12.35
4924051375_1.jpg,1.11
4924077087_1.jpg,2.18
4924077087_2.jpg,6.55
4924084757_1.jpg,12.43
4924122632_1.jpg,6.06
4925937884_1.jpg,14.71
4925984321_1.jpg,19.54
4925984321_2.jpg,12.94
4926022234_1.jpg,0.73
4926022234_2.jpg,14.55
4926022234_3.jpg,6.46
4926022234_4.jpg,4.90
4926022234_5.jpg,2.72
4926041130_1.jpg,2.65
4926138809_1.jpg,1.51
4926156456_1.jpg,10.53
4926195247_1.jpg,0.00
4926195247_2.jpg,0.00
4926195247_3.jpg,0.84
4926231894_1.jpg,13.23
4926281584_1.jpg,0.95
4926348424_1.jpg,17.12
4926348424_2.jpg,7.03
4930357244_1.jpg,1.08
4930406354_1.jpg,17.57
4930936316_1.jpg,16.75
4931327558_1.jpg,4.58
4931367054_1.jpg,6.93
4931447213_1.jpg,1.49
4931577385_1.jpg,23.49
4931758320_1.jpg,10.92
4932026105_1.jpg,7.32
4932047713_1.jpg,5.80
4932459825_1.jpg,3.55
4932795459_1.jpg,39.99
4932901906_1.jpg,15.17
4933035232_1.jpg,7.54
4933108451_1.jpg,14.41
4933266593_1.jpg,21.16
4933426031_1.jpg,4.48
4933437847_1.jpg,1.51
4933474634_1.jpg,1.84
4933493196_1.jpg,12.12
4933630907_1.jpg,24.20
4933630907_2.jpg,16.52
4933630907_3.jpg,18.95
4933687060_1.jpg,8.46
4933698629_1.jpg,6.15
4933698629_2.jpg,26.19
4933932342_1.jpg,12.62
4934149309_1.jpg,8.49
4934203476_1.jpg,9.00
4934349015_1.jpg,10.14
4934746682_1.jpg,3.20
4934746682_2.jpg,3.94
4934746682_3.jpg,6.07
4934795794_1.jpg,6.51
4934795794_2.jpg,8.49
4934795794_3.jpg,1.52
4935238912_1.jpg,3.36
4935240366_1.jpg,7.76
4935240366_2.jpg,6.25
4935409244_1.jpg,14.64
4935488934_1.jpg,20.84
4935501423_1.jpg,5.86
4935501423_2.jpg,12.57
4935501423_3.jpg,9.69
4935501423_4.jpg,20.70
4935680448_1.jpg,7.37
4935756410_1.jpg,33.91
4935764039_1.jpg,8.26
4935807526_1.jpg,6.61
4935868517_1.jpg,0.59
4935868517_2.jpg,0.70
4935879166_1.jpg,19.00
4935882436_1.jpg,15.08
4935900623_1.jpg,0.07
4935900623_2.jpg,0.94
4935900623_3.jpg,2.11
4935902310_1.jpg,11.30
4935919693_1.jpg,11.34
4935931000_1.jpg,8.72
4935931000_2.jpg,14.35
4936003646_1.jpg,5.86
4936010374_1.jpg,51.81
4936010374_2.jpg,12.30
4936014628_1.jpg,0.00
4936014628_2.jpg,0.63
4936038538_1.jpg,20.08
4936060854_1.jpg,16.05
4936060854_2.jpg,5.69
4936060854_3.jpg,10.07
4936091706_1.jpg,4.27
4936129090_1.jpg,4.54
4936129090_2.jpg,1.05
4936206109_1.jpg,22.28
4936236685_1.jpg,1.69
4936430737_1.jpg,14.80
4936444961_1.jpg,11.82
4936618162_1.jpg,1.62
4936705960_1.jpg,12.14
4936719333_1.jpg,5.06
4936745881_1.jpg,4.62
4936745881_2.jpg,4.01
4936745881_3.jpg,3.66
4936745881_4.jpg,5.76
4936745881_5.jpg,3.08
4936745881_6.jpg,3.22
4936809934_1.jpg,16.58
4936851920_1.jpg,3.83
4936882599_1.jpg,4.07
4937006094_1.jpg,10.47
4937013895_1.jpg,6.53
4937089557_1.jpg,20.39
4937089557_2.jpg,22.31
4937111574_1.jpg,20.98
4937165669_1.jpg,0.38
4937203410_1.jpg,3.30
4937225515_1.jpg,2.04
4937225515_2.jpg,0.38
4937235649_1.jpg,12.54
4937235649_2.jpg,4.04
4937235649_3.jpg,5.32
4945489222_1.jpg,0.60
4945495660_1.jpg,13.68
4945525551_1.jpg,9.26
4945571607_1.jpg,4.09
4945597248_1.jpg,3.76
4945597248_2.jpg,3.80
4945597248_3.jpg,5.39
4945597248_4.jpg,5.80
4945597248_5.jpg,6.15
4945597248_6.jpg,2.89
4945627741_1.jpg,18.28
4945797813_1.jpg,2.35
4945827166_1.jpg,33.40
4945827166_2.jpg,41.31
4945844097_1.jpg,1.03
4945873037_1.jpg,3.53
4945906948_1.jpg,14.98
4945911983_1.jpg,2.21
4945911983_2.jpg,3.17
4945911983_3.jpg,7.92
4945952153_1.jpg,10.64
4945952153_2.jpg,0.01
4945952153_3.jpg,1.15
4945952153_4.jpg,58.79
4945952153_5.jpg,14.07
4945959688_1.jpg,15.95
4945959688_2.jpg,8.97
4945959688_3.jpg,6.61
4945959688_4.jpg,8.44
4945959688_5.jpg,4.71
4946002614_1.jpg,7.95
4946004010_1.jpg,2.58
4946087042_1.jpg,2.67
4946264069_1.jpg,3.23
4946264272_1.jpg,9.63
4946288401_1.jpg,0.44
4946432051_1.jpg,18.49
4946525485_1.jpg,1.18
4946530129_1.jpg,10.28
4946541370_1.jpg,2.60
4946593631_1.jpg,10.31
4946670428_1.jpg,7.00
4946670963_1.jpg,29.09
4946670963_2.jpg,6.41
4946690982_1.jpg,17.21
4946690982_2.jpg,20.44
4946690982_3.jpg,18.65
4946692386_1.jpg,4.60
4946709511_1.jpg,2.95
4946709511_2.jpg,4.42
4949963243_1.jpg,4.66
4949987668_1.jpg,2.86
4950015082_1.jpg,25.33
4950037235_1.jpg,14.64
4950076714_1.jpg,4.61
4950083071_1.jpg,16.57
4950094189_1.jpg,13.55
4950111798_1.jpg,6.04
4950151320_1.jpg,9.85
4950153046_1.jpg,11.39
4950153046_2.jpg,1.24
4950376469_1.jpg,1.17
4950376469_2.jpg,1.26
4950376469_3.jpg,2.56
4950376469_4.jpg,1.95
4950376469_5.jpg,0.33
4950376469_6.jpg,3.36
4950435704_1.jpg,0.46
4950518748_1.jpg,1.14
4950518748_2.jpg,2.15
4950518748_3.jpg,4.63
4950518748_4.jpg,10.96
4950518748_5.jpg,2.01
4950542632_1.jpg,2.44
4950556213_1.jpg,14.42
4950556213_2.jpg,18.63
4950556213_3.jpg,63.38
4950598957_1.jpg,12.66
4950600546_1.jpg,15.21
4950600546_2.jpg,20.92
4952167725_1.jpg,1.50
4952167725_2.jpg,1.15
4952182817_1.jpg,0.89
4952191499_1.jpg,6.13
4952191508_1.jpg,0.00
4952210590_1.jpg,12.37
4952225345_1.jpg,3.91
4952235295_1.jpg,14.97
4952241173_1.jpg,6.71
4952276091_1.jpg,1.67
4952278897_1.jpg,0.00
4952283171_1.jpg,4.50
4952289114_1.jpg,9.15
4952304486_1.jpg,4.60
4952321349_1.jpg,6.50
4952346699_1.jpg,0.23
4952353505_1.jpg,3.44
4952362873_1.jpg,0.11
4952380664_1.jpg,0.28
4952381498_1.jpg,30.68
4952387683_1.jpg,7.17
4952395928_1.jpg,1.18
4952400285_1.jpg,18.33
4952401377_1.jpg,1.01
4952406228_1.jpg,9.86
4952417317_1.jpg,1.94
4952420275_1.jpg,2.54
4952420275_2.jpg,15.95
4952424406_1.jpg,4.77
4952438110_1.jpg,8.04
4952440545_1.jpg,8.93
4952446825_1.jpg,9.48
4952446829_1.jpg,7.69
4952459148_1.jpg,2.07
4952479702_1.jpg,0.00
4952484605_1.jpg,1.38
4952484605_2.jpg,5.02
4952488370_1.jpg,3.03
4952488370_2.jpg,0.41
4952493462_1.jpg,2.73
4952495871_1.jpg,0.23
4952504461_1.jpg,0.26
4952602620_1.jpg,3.35
4952618073_1.jpg,1.35
4952620742_1.jpg,4.07
4952634535_1.jpg,0.05
4952644216_1.jpg,5.88
4952652135_1.jpg,27.02
4952652135_2.jpg,6.82
4952652135_3.jpg,5.66
4952652135_4.jpg,5.73
4952652135_5.jpg,5.90
4952653742_1.jpg,0.00
4952653742_2.jpg,0.00
4952653742_3.jpg,0.21
4952653742_4.jpg,0.00
4952667481_1.jpg,3.78
4952708186_1.jpg,1.32
4952714980_1.jpg,7.01
4952714980_2.jpg,15.78
4952722711_1.jpg,8.48
4952724477_1.jpg,4.27
4952741588_1.jpg,6.99
4952751920_1.jpg,29.80
4952770720_1.jpg,18.70
4952790831_1.jpg,3.50
4952795655_1.jpg,2.75
4952802590_1.jpg,0.00
4952805204_1.jpg,10.02
4952805205_1.jpg,3.01
4952816138_1.jpg,16.40
4952832724_1.jpg,13.89
4952839067_1.jpg,0.12
4952846175_1.jpg,11.24
4952865497_1.jpg,15.23
4952867229_1.jpg,0.93
4952882865_1.jpg,1.09
4952882923_1.jpg,3.15
4952885177_1.jpg,19.31
4952886093_1.jpg,0.38
4952887787_1.jpg,1.73
4952888254_1.jpg,58.91
4952888617_1.jpg,0.22
4952897878_1.jpg,3.07
4952919257_1.jpg,3.21
4952931599_1.jpg,0.57
4952954389_1.jpg,28.73
4952954496_1.jpg,2.78
4952954496_2.jpg,2.18
4953006279_1.jpg,9.41
4953006281_1.jpg,0.19
4953029867_1.jpg,16.51
4953031104_1.jpg,1.07
4953031104_2.jpg,0.21
4953031104_3.jpg,0.43
4953031104_4.jpg,0.09
4953068763_1.jpg,1.82
4953071104_1.jpg,10.23
4953078755_1.jpg,10.33
4953079634_1.jpg,4.07
4953081891_1.jpg,1.08
4953082236_1.jpg,5.76
4953084100_1.jpg,1.42
4953086472_1.jpg,8.10
4953110591_1.jpg,9.51
4953110591_2.jpg,1.83
4953119950_1.jpg,0.58
4953122769_1.jpg,2.01
4953123844_1.jpg,35.15
4953124272_1.jpg,1.16
4953126879_1.jpg,4.70
4953133057_1.jpg,1.45
4953134510_1.jpg,18.05
4953135371_1.jpg,3.70
4953137955_1.jpg,25.77
4953140659_1.jpg,7.87
4953141333_1.jpg,8.28
4953164227_1.jpg,2.81
4953175545_1.jpg,39.78
4953208346_1.jpg,1.25
4954253322_1.jpg,15.37
4954294000_1.jpg,3.33
4954427370_1.jpg,2.18
4954427370_2.jpg,7.99
4954427370_3.jpg,18.38
4954451343_1.jpg,15.92
4954451343_2.jpg,18.64
4954532591_1.jpg,36.21
4954532591_2.jpg,12.95
4954721213_1.jpg,13.07
4954738080_1.jpg,10.02
4954738080_2.jpg,25.70
4956106899_1.jpg,7.29
4956106899_2.jpg,7.74
4956350639_1.jpg,17.47
4956350639_2.jpg,14.18
4956350639_3.jpg,6.43
4956549522_1.jpg,7.81
4957036406_1.jpg,12.29
4957036406_2.jpg,3.13
4957036406_3.jpg,4.95
4957036406_4.jpg,7.92
4973897267_1.jpg,3.37
4973976557_1.jpg,5.79
4973976557_2.jpg,6.41
4973976557_3.jpg,5.50
4973976557_4.jpg,1.34
4974084191_1.jpg,0.28
4974119530_1.jpg,10.63
4974119530_2.jpg,5.29
4974173565_1.jpg,35.15
4974247565_1.jpg,12.59
4974247565_2.jpg,12.85
4974247565_3.jpg,12.98
4974281958_1.jpg,5.32
4974300668_1.jpg,6.37
4974300668_2.jpg,6.33
4976187961_1.jpg,16.30
4976187961_2.jpg,5.56
4976187961_3.jpg,5.61
4976187961_4.jpg,15.34
4976187961_5.jpg,13.11
4976187961_6.jpg,4.60
4976333704_1.jpg,1.94
4976480001_1.jpg,1.62
4976517632_1.jpg,2.29
4976574565_1.jpg,10.64
4976574565_2.jpg,13.50
4976591397_1.jpg,3.22
4978327590_1.jpg,4.50
4978385926_1.jpg,4.63
4978385926_2.jpg,4.30
4978385926_3.jpg,1.68
4978385926_4.jpg,2.32
4978394935_1.jpg,7.24
4978418027_1.jpg,15.16
4978430718_1.jpg,9.51
4978430718_2.jpg,17.18
4978430718_3.jpg,7.56
4978430718_4.jpg,4.80
4978499764_1.jpg,4.18
4978499764_2.jpg,6.20
4978499764_3.jpg,2.63
4978526514_1.jpg,13.52
4978642356_1.jpg,2.52
4978642356_2.jpg,2.34
4980276585_1.jpg,27.92
4980281292_1.jpg,24.68
4980335277_1.jpg,5.82
4980335277_2.jpg,12.78
4980335277_3.jpg,9.62
4980434152_1.jpg,3.37
4980441015_1.jpg,5.82
4980441015_2.jpg,3.88
4981922812_1.jpg,3.31
4981922812_2.jpg,0.40
4982015323_1.jpg,0.97
4982015323_2.jpg,3.74
4982022321_1.jpg,0.64
4982034732_1.jpg,0.33
4982114140_1.jpg,3.85
4982165525_1.jpg,4.77
4982175508_1.jpg,0.79
4982199981_1.jpg,1.14
4982275027_1.jpg,25.99
4982289789_1.jpg,4.97
4982312108_1.jpg,0.20
4982324905_1.jpg,2.72
4982355394_1.jpg,3.20
4982366471_1.jpg,0.39
4982367683_1.jpg,6.91
4982380575_1.jpg,2.16
4982389050_1.jpg,0.00
4985452232_1.jpg,5.85
4985452232_2.jpg,4.86
4985452232_3.jpg,3.10
4985452232_4.jpg,2.38
4985584377_1.jpg,3.00
4985604479_1.jpg,20.32
4985623104_1.jpg,2.01
4986003324_1.jpg,8.67
4986114515_1.jpg,10.11
4987608723_1.jpg,14.90
4987608723_2.jpg,11.31
4987608723_3.jpg,14.36
4987608723_4.jpg,15.12
4987728505_1.jpg,8.71
4987734955_1.jpg,8.10
4987752385_1.jpg,5.82
4987752385_2.jpg,6.99
4987772715_1.jpg,0.60
4987772715_2.jpg,1.16
4987772715_3.jpg,1.14
4987804838_1.jpg,7.62
4987809773_1.jpg,4.18
4987809773_2.jpg,3.30
4993725975_1.jpg,1.44
4993782965_1.jpg,2.55
4993842655_1.jpg,8.21
4993844044_1.jpg,6.82
4993861386_1.jpg,5.60
4994028873_1.jpg,1.58
4994048670_1.jpg,2.86
4994110641_1.jpg,0.74
4994177853_1.jpg,16.29
4994177853_2.jpg,10.29
4994193001_1.jpg,2.60
4994193001_2.jpg,4.16
4994193001_3.jpg,2.60
4994193001_4.jpg,4.73
4994226329_1.jpg,10.78
4994279999_1.jpg,16.43
4994447873_1.jpg,14.63
4994511114_1.jpg,8.95
4994511114_2.jpg,3.26
4994578085_1.jpg,29.49
4995550691_1.jpg,0.12
4995564896_1.jpg,0.48
4995574593_1.jpg,9.18
4995576196_1.jpg,3.00
4995603355_1.jpg,19.64
4995615009_1.jpg,4.97
4995637456_1.jpg,2.83
4995659627_1.jpg,0.92
4995667234_1.jpg,19.64
4995680956_1.jpg,7.34
4995705020_1.jpg,12.43
4995718110_1.jpg,8.49
5007172378_1.jpg,3.02
5007172378_2.jpg,4.39
5007415196_1.jpg,24.33
5007449407_1.jpg,5.06
5007459243_1.jpg,21.19
5008420461_1.jpg,5.00
5012824940_1.jpg,17.25
5012824940_2.jpg,18.64
5012940653_1.jpg,12.05
5013058109_1.jpg,26.92
5013058109_2.jpg,14.13
5013379664_1.jpg,0.26
5013379664_2.jpg,1.35
5015550696_1.jpg,10.57
5015550696_2.jpg,19.95
5015940040_1.jpg,32.89
5015940040_2.jpg,10.22
5015940040_3.jpg,2.14
5015940040_4.jpg,5.38
5016519204_1.jpg,41.06
5016519204_2.jpg,51.95
5017344197_1.jpg,6.32
5017421962_1.jpg,6.84
5017828844_1.jpg,32.72
5017828844_2.jpg,36.28
5017828844_3.jpg,28.24
5017828844_4.jpg,12.66
5017828844_5.jpg,41.59
5017828844_6.jpg,53.80
5017828844_7.jpg,52.44
5017828844_8.jpg,30.63
5018862818_1.jpg,1.55
5019672933_1.jpg,8.74
5019784981_1.jpg,10.44
5019784981_2.jpg,16.32
5020539692_1.jpg,11.99
5020539692_2.jpg,5.52
5020539692_3.jpg,8.31
5022412293_1.jpg,18.32
5022412293_2.jpg,8.03
5022878449_1.jpg,1.04
5022947666_1.jpg,3.31
5023397224_1.jpg,1.55
5024037192_1.jpg,23.90
5024196854_1.jpg,22.93
5026381439_1.jpg,9.14
5036789790_1.jpg,3.71
5036887914_1.jpg,0.14
5037061394_1.jpg,3.83
5053772102_1.jpg,3.98
5053772102_2.jpg,5.20
5061250773_1.jpg,26.10
5061601487_1.jpg,15.74
5062952972_1.jpg,5.90
5063030722_1.jpg,4.42
5063050808_1.jpg,3.49
5063199340_1.jpg,4.28
5063199340_2.jpg,3.85
5063199340_3.jpg,4.92
5063243024_1.jpg,6.91
5063243024_2.jpg,5.63
5063243024_3.jpg,6.15
5063282020_1.jpg,28.92
5063378953_1.jpg,6.76
5063378953_2.jpg,10.67
5063379796_1.jpg,8.58
5063380951_1.jpg,7.44
5063382810_1.jpg,27.83
5063382810_2.jpg,27.38
5063582145_1.jpg,13.09
5063646538_1.jpg,0.86
5063671699_1.jpg,5.33
5063705209_1.jpg,2.32
5063769464_1.jpg,8.50
5063786573_1.jpg,11.12
5063810526_1.jpg,12.06
5063810526_2.jpg,15.51
5063827952_1.jpg,12.21
5063827952_2.jpg,7.64
5063874331_1.jpg,5.45
5063890626_1.jpg,10.34
5063890626_2.jpg,5.31
5063988809_1.jpg,1.56
5064077805_1.jpg,15.25
5064097792_1.jpg,11.28
5064097792_2.jpg,17.69
5064115093_1.jpg,17.97
5064115093_2.jpg,28.62
5069887655_1.jpg,9.70
5069989914_1.jpg,8.45
5070003775_1.jpg,45.39
5070020743_1.jpg,15.76
5070120342_1.jpg,1.88
5070120342_2.jpg,2.53
5070120342_3.jpg,0.33
5075001037_1.jpg,6.13
5076931434_1.jpg,9.06
5076963426_1.jpg,2.84
5076963426_2.jpg,3.77
5077124090_1.jpg,6.64
5077152431_1.jpg,2.89
5086254798_1.jpg,5.83
5086945044_1.jpg,3.46
5086995706_1.jpg,4.35
5087130442_1.jpg,4.93
5087186829_1.jpg,3.09
5087244831_1.jpg,9.01
5087264922_1.jpg,3.63
5087271297_1.jpg,7.97
5087318181_1.jpg,10.42
5087318181_2.jpg,11.83
5087356469_1.jpg,10.15
5087382020_1.jpg,13.10
5087382020_2.jpg,38.44
5087382020_3.jpg,4.74
5087452363_1.jpg,6.11
5087461804_1.jpg,24.80
5087487252_1.jpg,5.97
5087527637_1.jpg,0.03
5087534968_1.jpg,1.35
5087534968_2.jpg,0.75
5087534968_3.jpg,0.98
5087553879_1.jpg,21.79
5087573326_1.jpg,12.48
5087595787_1.jpg,12.21
5087627515_1.jpg,1.77
5087629834_1.jpg,4.26
5087629834_2.jpg,2.05
5087629835_1.jpg,3.07
5087629835_2.jpg,3.85
5087629835_3.jpg,2.48
5087641598_1.jpg,2.88
5087672883_1.jpg,4.56
5087709917_1.jpg,13.62
5087719124_1.jpg,6.76
5087760024_1.jpg,4.66
5087808762_1.jpg,10.53
5087898750_1.jpg,9.71
5087983739_1.jpg,34.40
5087983739_10.jpg,23.74
5087983739_11.jpg,15.12
5087983739_12.jpg,32.27
5087983739_13.jpg,17.38
5087983739_14.jpg,7.58
5087983739_15.jpg,13.08
5087983739_2.jpg,20.03
5087983739_3.jpg,19.56
5087983739_4.jpg,23.31
5087983739_5.jpg,17.74
5087983739_6.jpg,18.02
5087983739_7.jpg,19.85
5087983739_8.jpg,20.02
5087983739_9.jpg,30.69
5088095337_1.jpg,6.62
5088102511_1.jpg,5.46
5088202015_1.jpg,4.88
5101354889_1.jpg,3.44
5101387031_1.jpg,6.26
5101411907_1.jpg,4.43
5101422837_1.jpg,10.21
5104309706_1.jpg,11.30
5104309706_2.jpg,6.85
5104309706_3.jpg,5.73
5104312403_1.jpg,10.29
5104335213_1.jpg,1.68
5104383459_1.jpg,7.75
5104403021_1.jpg,3.20
5104403021_2.jpg,6.91
5104445133_1.jpg,10.44
5104445133_2.jpg,6.41
5104456454_1.jpg,9.31
5104456454_2.jpg,4.74
5104478415_1.jpg,4.98
5104500940_1.jpg,0.64
5104506791_1.jpg,11.25
5104514999_1.jpg,10.62
5104514999_2.jpg,6.81
5104514999_3.jpg,12.70
5104514999_4.jpg,3.11
5104514999_5.jpg,6.91
5104514999_6.jpg,2.96
5104514999_7.jpg,12.72
5104551333_1.jpg,1.13
5104564817_1.jpg,9.66
5104572530_1.jpg,5.81
5104579759_1.jpg,32.71
5104628994_1.jpg,4.42
5104630851_1.jpg,27.85
5104652244_1.jpg,3.17
5104652244_2.jpg,9.70
5104710202_1.jpg,9.19
5104719155_1.jpg,5.81
5107990784_1.jpg,1.97
5108192992_1.jpg,16.21
5108213853_1.jpg,0.30
5108237255_1.jpg,3.93
5108237255_2.jpg,4.30
5108258782_1.jpg,2.46
5108262621_1.jpg,6.57
5108285658_1.jpg,4.09
5108323776_1.jpg,10.65
5108323950_1.jpg,0.43
5108323950_2.jpg,0.34
5108327887_1.jpg,8.76
5108327887_2.jpg,5.76
5108329012_1.jpg,1.13
5108329889_1.jpg,1.76
5108329889_2.jpg,1.50
5108329898_1.jpg,2.00
5108329898_2.jpg,2.70
5108329898_3.jpg,1.71
5108330019_1.jpg,18.29
5108337041_1.jpg,1.47
5108337041_2.jpg,1.00
5108344950_1.jpg,3.79
5108347025_1.jpg,1.28
5108355813_1.jpg,39.73
5108355813_2.jpg,30.77
5108355989_1.jpg,9.60
5108355989_2.jpg,1.58
5108357923_1.jpg,2.81
5108370315_1.jpg,11.90
5108370315_2.jpg,14.53
5108370315_3.jpg,0.54
5108379259_1.jpg,1.96
5108398590_1.jpg,9.21
5108407689_1.jpg,1.22
5108420870_1.jpg,0.43
5108436943_1.jpg,0.01
5108446891_1.jpg,13.14
5108446891_2.jpg,11.07
5108446891_3.jpg,16.59
5108453882_1.jpg,15.79
5108469896_1.jpg,3.80
5108473046_1.jpg,27.58
5108473046_2.jpg,16.76
5108473046_3.jpg,14.90
5108473046_4.jpg,20.63
5108473046_5.jpg,5.46
5108473046_6.jpg,6.95
5108473155_1.jpg,8.45
5108473155_2.jpg,6.84
5108473155_3.jpg,7.88
5108481909_1.jpg,2.07
5108481909_2.jpg,0.07
5108489947_1.jpg,2.38
5108493109_1.jpg,9.29
5108495189_1.jpg,17.47
5108495189_2.jpg,10.56
5108495189_3.jpg,6.19
5108517385_1.jpg,5.46
5108517385_2.jpg,7.43
5108517386_1.jpg,33.06
5108537497_1.jpg,4.42
5108537497_2.jpg,0.49
5108537497_3.jpg,3.70
5108551503_1.jpg,23.89
5108551503_2.jpg,44.09
5108813934_1.jpg,11.08
5132065492_1.jpg,39.69
5133096269_1.jpg,7.48
5133096269_2.jpg,6.75
5133096269_3.jpg,3.13
5133186681_1.jpg,10.50
5133186681_2.jpg,7.50
5133186681_3.jpg,15.24
5133186681_4.jpg,5.40
5133186681_5.jpg,14.38
5133186681_6.jpg,5.60
5133186681_7.jpg,9.75
5133240508_1.jpg,5.38
5133244425_1.jpg,9.37
5133247139_1.jpg,6.72
5133247139_2.jpg,6.15
5133247139_3.jpg,5.11
5133247139_4.jpg,5.03
5133259713_1.jpg,1.67
5133275568_1.jpg,8.91
5133275872_1.jpg,4.21
5133275872_2.jpg,1.78
5133275872_3.jpg,1.32
5133275872_4.jpg,0.67
5133275872_5.jpg,0.47
5133275872_6.jpg,0.13
5133275872_7.jpg,0.64
5133277939_1.jpg,0.16
5133322172_1.jpg,1.70
5133340759_1.jpg,12.00
5133346878_1.jpg,0.68
5133346878_2.jpg,1.17
5133346878_3.jpg,0.97
5133346878_4.jpg,8.92
5133346878_5.jpg,11.44
5133346878_6.jpg,1.38
5133346878_7.jpg,0.95
5133346878_8.jpg,0.05
5133346878_9.jpg,0.09
5133362896_1.jpg,9.48
5133362896_2.jpg,17.32
5133362974_1.jpg,0.88
5133373626_1.jpg,11.28
5133433608_1.jpg,5.81
5133564166_1.jpg,17.28
5133626078_1.jpg,3.14
5133658290_1.jpg,2.51
5133658291_1.jpg,0.00
5133693004_1.jpg,7.46
5133700194_1.jpg,3.65
5133700195_1.jpg,9.15
5133712257_1.jpg,0.52
5133722163_1.jpg,1.30
5133725363_1.jpg,11.88
5133740292_1.jpg,7.05
5133740293_1.jpg,0.95
5133742630_1.jpg,9.00
5133759064_1.jpg,12.19
5133759066_1.jpg,1.41
5133764196_1.jpg,1.59
5133764199_1.jpg,8.00
5133764200_1.jpg,7.92
5133775731_1.jpg,7.18
5133782598_1.jpg,6.03
5133785043_1.jpg,0.55
5133785538_1.jpg,41.72
5133791798_1.jpg,12.13
5133791798_2.jpg,11.03
5133796659_1.jpg,8.58
5133796659_2.jpg,6.54
5133796659_3.jpg,2.89
5133796659_4.jpg,5.38
5133810455_1.jpg,12.86
5133821632_1.jpg,0.27
5133822383_1.jpg,9.95
5133858058_1.jpg,4.15
5133858058_2.jpg,2.29
5133860199_1.jpg,3.35
5133882188_1.jpg,6.14
5133888813_1.jpg,6.67
5133895662_1.jpg,0.11
5133899759_1.jpg,5.41
5133905249_1.jpg,0.02
5133905252_1.jpg,0.51
5133934612_1.jpg,1.91
5133940291_1.jpg,14.80
5133940291_2.jpg,19.09
5133957640_1.jpg,0.73
5133957640_2.jpg,0.66
5133957640_3.jpg,8.31
5133957640_4.jpg,6.73
5133957640_5.jpg,4.22
5133960485_1.jpg,34.59
5133965539_1.jpg,0.32
5133968287_1.jpg,5.08
5133979040_1.jpg,8.81
5134016513_1.jpg,12.86
5134032152_1.jpg,0.77
5134038075_1.jpg,3.61
5134040244_1.jpg,4.99
5134044620_1.jpg,2.50
5134066917_1.jpg,9.18
5134066917_2.jpg,4.94
5134118201_1.jpg,1.67
5134122043_1.jpg,2.02
5134139089_1.jpg,5.28
5134159720_1.jpg,3.76
5134169322_1.jpg,4.85
5134169322_2.jpg,5.52
5134182424_1.jpg,2.39
5134182424_2.jpg,3.92
5134209649_1.jpg,3.18
5134265945_1.jpg,2.72
5134272834_1.jpg,4.56
5134274145_1.jpg,0.72
5134274153_1.jpg,0.79
5134274317_1.jpg,0.32
5134276259_1.jpg,8.14
5134276259_2.jpg,9.27
5134276697_1.jpg,0.35
5134279370_1.jpg,0.75
5134281303_1.jpg,0.31
5134281311_1.jpg,2.50
5134286175_1.jpg,6.19
5134286175_2.jpg,10.65
5134286175_3.jpg,12.14
5134298127_1.jpg,0.99
5134298641_1.jpg,11.48
5134298641_2.jpg,6.85
5134298641_3.jpg,5.34
5134314288_1.jpg,1.01
5134314292_1.jpg,0.97
5134314293_1.jpg,0.00
5134319937_1.jpg,2.67
5134335434_1.jpg,0.73
5134336624_1.jpg,1.75
5134336625_1.jpg,2.67
5134343050_1.jpg,37.58
5134343050_2.jpg,31.42
5134343050_3.jpg,31.12
5134353964_1.jpg,7.23
5134358310_1.jpg,8.88
5134363379_1.jpg,8.85
5134390289_1.jpg,0.94
5134390294_1.jpg,3.05
5134404985_1.jpg,2.89
5134404985_2.jpg,3.84
5134414237_1.jpg,2.87
5134414246_1.jpg,5.21
5134415844_1.jpg,3.81
5134417359_1.jpg,4.85
5134417359_2.jpg,5.50
5134418768_1.jpg,4.81
5134418768_2.jpg,10.40
5134418768_3.jpg,3.02
5134418768_4.jpg,7.43
5134421435_1.jpg,0.21
5134464130_1.jpg,2.68
5134464654_1.jpg,14.73
5134467080_1.jpg,4.96
5134467080_2.jpg,2.71
5134487457_1.jpg,7.77
5134490771_1.jpg,1.87
5134500344_1.jpg,1.58
5134511026_1.jpg,37.04
5134511026_2.jpg,25.06
5134511026_3.jpg,21.40
5134511026_4.jpg,30.64
5134511026_5.jpg,26.16
5134511026_6.jpg,28.02
5134511026_7.jpg,22.89
5134537232_1.jpg,8.09
5134540316_1.jpg,2.93
5134540316_2.jpg,2.88
5134548318_1.jpg,1.04
5134570782_1.jpg,2.96
5134570782_2.jpg,1.48
5134577520_1.jpg,11.54
5134590154_1.jpg,9.80
5134624571_1.jpg,3.67
5134624571_2.jpg,1.65
5134624571_3.jpg,1.38
5134650562_1.jpg,36.85
5134658453_1.jpg,6.13
5134695843_1.jpg,7.17
5134715579_1.jpg,7.55
5134715579_2.jpg,8.58
5134717960_1.jpg,2.85
5134719742_1.jpg,14.80
5134719742_2.jpg,8.91
5134741094_1.jpg,0.00
5134741094_2.jpg,0.92
5134741094_3.jpg,1.44
5134759549_1.jpg,1.63
5134759549_2.jpg,0.85
5134766231_1.jpg,3.69
5134772626_1.jpg,1.53
5134781510_1.jpg,9.18
5134786808_1.jpg,6.19
5134786808_2.jpg,9.24
5134786808_3.jpg,7.65
5134801313_1.jpg,34.24
5134801313_2.jpg,25.52
5134819290_1.jpg,5.42
5134864928_1.jpg,14.73
5134874541_1.jpg,16.74
5134874541_2.jpg,15.14
5134888724_1.jpg,36.44
5134892838_1.jpg,1.31
5134892838_2.jpg,0.93
5134900253_1.jpg,1.49
5134900253_2.jpg,1.17
5140047922_1.jpg,11.10
5140182275_1.jpg,22.44
5140182275_2.jpg,17.73
5140251377_1.jpg,40.97
5140251377_2.jpg,25.17
5140259961_1.jpg,6.83
5140339153_1.jpg,1.93
5140339153_2.jpg,2.40
5140373280_1.jpg,3.69
5140461406_1.jpg,10.60
5140513202_1.jpg,5.95
5140563043_1.jpg,1.89
5140569113_1.jpg,12.11
5140595282_1.jpg,11.21
5140595282_2.jpg,2.27
5140595282_3.jpg,9.27
5140607183_1.jpg,6.70
5140648959_1.jpg,11.67
5140765477_1.jpg,13.37
5140791872_1.jpg,2.65
5140832143_1.jpg,11.73
5140845148_1.jpg,7.41
5140883136_1.jpg,6.33
5140883136_2.jpg,11.62
5140883136_3.jpg,6.53
5140898360_1.jpg,10.20
5140908315_1.jpg,23.25
5140924109_1.jpg,10.43
5140959925_1.jpg,9.59
5140959925_2.jpg,4.36
5140973534_1.jpg,6.19
5140976280_1.jpg,0.22
5141038317_1.jpg,2.31
5141038317_2.jpg,2.15
5141038317_3.jpg,1.39
5141042328_1.jpg,39.66
5141042328_2.jpg,42.62
5141042328_3.jpg,15.27
5141105479_1.jpg,42.33
5141146762_1.jpg,2.32
5153079424_1.jpg,6.84
5153079424_2.jpg,2.31
5153090564_1.jpg,2.24
5153090564_2.jpg,12.56
5153093781_1.jpg,13.41
5153140624_1.jpg,4.95
5153140624_2.jpg,1.89
5153140624_3.jpg,0.48
5153140624_4.jpg,2.70
5153140624_5.jpg,2.70
5153140624_6.jpg,0.56
5153180597_1.jpg,5.57
5153194681_1.jpg,10.08
5153194681_2.jpg,7.79
5153201366_1.jpg,0.00
5153201366_2.jpg,2.84
5153211488_1.jpg,16.35
5153253673_1.jpg,6.56
5153268530_1.jpg,7.47
5153276050_1.jpg,0.01
5153356566_1.jpg,3.78
5153356566_2.jpg,24.69
5153415547_1.jpg,2.45
5153467410_1.jpg,10.28
5153593182_1.jpg,4.34
5153626645_1.jpg,5.36
5153665749_1.jpg,0.32
5153665778_1.jpg,4.61
5153696539_1.jpg,7.84
5153741303_1.jpg,5.63
5153789932_1.jpg,3.88
5153789932_2.jpg,13.09
5153789932_3.jpg,3.33
5153822124_1.jpg,5.43
5153903252_1.jpg,21.93
5153929687_1.jpg,2.48
5153935271_1.jpg,3.01
5153939176_1.jpg,3.62
5153950996_1.jpg,3.31
5153950996_2.jpg,13.18
5153950996_3.jpg,1.40
5153950996_4.jpg,3.75
5153974250_1.jpg,18.46
5153974251_1.jpg,9.75
5153975331_1.jpg,2.49
5153975331_2.jpg,2.01
5154022937_1.jpg,8.45
5154022937_2.jpg,14.04
5154047584_1.jpg,7.05
5154049116_1.jpg,3.81
5154064594_1.jpg,13.12
5154067074_1.jpg,11.39
5154067074_2.jpg,14.70
5154067074_3.jpg,8.29
5154067074_4.jpg,33.55
5154094034_1.jpg,9.24
5154115118_1.jpg,4.84
5154127149_1.jpg,6.44
5154127149_2.jpg,1.72
5154152739_1.jpg,6.40
5154152739_2.jpg,9.59
5154186238_1.jpg,6.97
5154186238_2.jpg,7.55
5154214395_1.jpg,1.60
5154255345_1.jpg,7.02
5154255345_2.jpg,13.17
5154273405_1.jpg,16.01
5154273405_2.jpg,7.91
5154273405_3.jpg,3.96
5154340509_1.jpg,0.77
5154340509_2.jpg,2.80
5154369379_1.jpg,6.81
5154369379_2.jpg,6.02
5154475457_1.jpg,4.30
5154495587_1.jpg,10.58
5154512863_1.jpg,1.71
5154512863_2.jpg,1.12
5154517176_1.jpg,11.38
5154517176_2.jpg,17.19
5154521163_1.jpg,2.77
5154521163_2.jpg,2.51
5154521163_3.jpg,1.48
5154537000_1.jpg,8.34
5154545128_1.jpg,2.00
5154545128_2.jpg,3.35
5154545128_3.jpg,0.88
5154545128_4.jpg,0.84
5154587789_1.jpg,13.25
5154695965_1.jpg,14.82
5154695965_2.jpg,13.75
5154695965_3.jpg,1.41
5154727661_1.jpg,27.10
5154771520_1.jpg,8.76
5154771520_2.jpg,4.10
5154814831_1.jpg,12.95
5154859419_1.jpg,6.66
5154859419_2.jpg,11.99
5154934127_1.jpg,7.41
5154934127_2.jpg,9.74
5154939032_1.jpg,14.95
5157936696_1.jpg,31.53
5157936696_2.jpg,19.58
5158127359_1.jpg,9.06
5158475442_1.jpg,20.79
5158614423_1.jpg,2.62
5158689407_1.jpg,23.62
5164537508_1.jpg,0.12
5164537508_2.jpg,0.00
5166863869_1.jpg,7.19
5166864617_1.jpg,16.28
5166864617_2.jpg,5.05
5166914955_1.jpg,14.83
5166965194_1.jpg,8.64
5166987573_1.jpg,9.78
5166987573_2.jpg,6.45
5167031217_1.jpg,13.56
5167053711_1.jpg,16.62
5167053711_2.jpg,10.18
5167053711_3.jpg,10.98
5167053711_4.jpg,5.91
5167074900_1.jpg,4.17
5167140224_1.jpg,8.43
5167140224_2.jpg,10.93
5167184241_1.jpg,3.61
5167225893_1.jpg,11.90
5167255730_1.jpg,5.55
5167304497_1.jpg,4.60
5167347053_1.jpg,4.62
5167347053_2.jpg,3.27
5167369233_1.jpg,35.03
5167369233_2.jpg,29.93
5167369233_3.jpg,28.38
5167412864_1.jpg,0.23
5167473274_1.jpg,22.11
5167474500_1.jpg,2.93
5167485824_1.jpg,4.17
5167524728_1.jpg,8.69
5167541995_1.jpg,11.38
5167541995_2.jpg,22.61
5167541995_3.jpg,37.95
5167705131_1.jpg,3.98
5167725965_1.jpg,12.24
5167725965_2.jpg,11.00
5167757128_1.jpg,4.34
5167851906_1.jpg,6.62
5167882326_1.jpg,8.55
5168078775_1.jpg,0.14
5168078775_2.jpg,0.00
5168085905_1.jpg,4.43
5168085905_2.jpg,2.77
5168085905_3.jpg,0.92
5168085905_4.jpg,2.02
5168122774_1.jpg,2.55
5168166833_1.jpg,5.19
5168166833_2.jpg,2.10
5168166833_3.jpg,5.69
5168166833_4.jpg,8.00
5168198929_1.jpg,4.57
5168223250_1.jpg,0.95
5168248056_1.jpg,3.15
5168257446_1.jpg,10.88
5168272762_1.jpg,3.82
5168275325_1.jpg,5.02
5168327694_1.jpg,29.65
5168434997_1.jpg,3.33
5168434997_2.jpg,3.83
5168489565_1.jpg,17.32
5168512535_1.jpg,8.78
5168512535_2.jpg,12.09
5168512535_3.jpg,37.69
5168512535_4.jpg,55.66
5176377286_1.jpg,4.56
5176377286_2.jpg,15.82
5176377286_3.jpg,11.50
5176405250_1.jpg,8.75
5176405250_2.jpg,3.87
5176424193_1.jpg,13.69
5176431074_1.jpg,5.82
5176457459_1.jpg,2.66
5176476511_1.jpg,6.42
5176512529_1.jpg,8.03
5176512529_2.jpg,13.34
5176512529_3.jpg,35.07
5176528521_1.jpg,2.80
5176528521_2.jpg,1.29
5176528521_3.jpg,4.53
5176528521_4.jpg,2.45
5176528521_5.jpg,1.20
5176559380_1.jpg,1.55
5176575486_1.jpg,4.86
5176610491_1.jpg,11.58
5176610491_2.jpg,6.28
5176610491_3.jpg,1.49
5176706025_1.jpg,0.84
5176724267_1.jpg,4.16
5176778440_1.jpg,6.33
5176781856_1.jpg,14.43
5176781856_2.jpg,6.73
5176781856_3.jpg,22.33
5176795747_1.jpg,11.55
5176795747_2.jpg,7.04
5176829268_1.jpg,0.58
5176853380_1.jpg,5.52
5176855394_1.jpg,16.91
5176855394_2.jpg,16.62
5176880656_1.jpg,0.36
5176985756_1.jpg,32.24
5176985756_2.jpg,7.87
5176985756_3.jpg,6.82
5177069498_1.jpg,3.13
5177106654_1.jpg,3.62
5177117402_1.jpg,1.21
5177135464_1.jpg,3.02
5177135464_2.jpg,6.65
5177135464_3.jpg,0.79
5177160719_1.jpg,4.69
5177160719_2.jpg,3.16
5177160719_3.jpg,0.72
5177160719_4.jpg,7.28
5177160719_5.jpg,8.51
5177177616_1.jpg,21.03
5177196135_1.jpg,13.77
5177196135_2.jpg,9.38
5177196135_3.jpg,9.51
5177240930_1.jpg,36.26
5177245467_1.jpg,4.91
5177247464_1.jpg,26.84
5177262430_1.jpg,4.41
5177332468_1.jpg,0.80
5177344471_1.jpg,13.59
5177344471_2.jpg,17.60
5177348357_1.jpg,0.39
5187562601_1.jpg,4.63
5187562601_2.jpg,8.46
5187696120_1.jpg,7.67
5187723941_1.jpg,0.15
5187806789_1.jpg,0.69
5187915812_1.jpg,25.63
5187915812_2.jpg,4.90
5187915812_3.jpg,20.90
5187929668_1.jpg,6.51
5187929668_2.jpg,8.62
5187964481_1.jpg,1.88
5187964481_2.jpg,0.20
5187964481_3.jpg,0.25
5188098909_1.jpg,2.81
5188100093_1.jpg,4.27
5188128469_1.jpg,3.50
5188128469_2.jpg,6.79
5188155253_1.jpg,6.42
5188211885_1.jpg,9.86
5188225052_1.jpg,4.23
5188242661_1.jpg,24.71
5188242661_2.jpg,43.52
5188242661_3.jpg,28.53
5188376881_1.jpg,0.90
5188400331_1.jpg,3.04
5188400331_2.jpg,0.88
5188434161_1.jpg,10.17
5197753479_1.jpg,9.61
5198305935_1.jpg,17.15
5198317008_1.jpg,0.03
5198419575_1.jpg,0.50
5198419575_2.jpg,0.49
5198423600_1.jpg,0.45
5198423600_2.jpg,0.45
5198490410_1.jpg,11.48
5198490410_2.jpg,5.61
5198541374_1.jpg,1.55
5198598737_1.jpg,4.80
5198762304_1.jpg,3.81
5198806712_1.jpg,0.00
5198806712_10.jpg,0.62
5198806712_11.jpg,2.79
5198806712_2.jpg,0.30
5198806712_3.jpg,0.74
5198806712_4.jpg,0.86
5198806712_5.jpg,1.13
5198806712_6.jpg,1.76
5198806712_7.jpg,0.18
5198806712_8.jpg,0.05
5198806712_9.jpg,0.22
5198911136_1.jpg,1.72
5198914742_1.jpg,8.88
5199066141_1.jpg,6.38
5199101248_1.jpg,0.85
5199111608_1.jpg,11.16
5199129220_1.jpg,5.72
5199215568_1.jpg,3.29
5199239814_1.jpg,24.74
5199257468_1.jpg,42.86
5199267605_1.jpg,5.29
5199267605_2.jpg,2.10
5205821773_1.jpg,5.45
5205862839_1.jpg,2.96
5205888893_1.jpg,0.86
5205888893_2.jpg,0.39
5205907840_1.jpg,8.39
5205907840_2.jpg,25.55
5205994897_1.jpg,1.65
5206000899_1.jpg,7.11
5206052797_1.jpg,0.96
5206078696_1.jpg,20.84
5206172137_1.jpg,2.60
5206180918_1.jpg,4.92
5206193784_1.jpg,12.49
5206193784_2.jpg,2.46
5206193784_3.jpg,4.72
5206193784_4.jpg,7.69
5206196180_1.jpg,30.57
5206196180_2.jpg,20.72
5206339351_1.jpg,11.13
5206339351_2.jpg,23.98
5206339351_3.jpg,3.21
5206339351_4.jpg,3.77
5206372296_1.jpg,4.70
5206448096_1.jpg,18.83
5206460772_1.jpg,11.68
5206527834_1.jpg,10.95
5206591843_1.jpg,3.68
5206693955_1.jpg,16.81
5206693955_2.jpg,16.99
5206693966_1.jpg,2.19
5206693966_2.jpg,2.11
5206778879_1.jpg,0.46
5206778879_2.jpg,1.75
5215106432_1.jpg,24.52
5215106432_2.jpg,24.06
5215106432_3.jpg,26.21
5215106432_4.jpg,39.69
5215106432_5.jpg,11.91
5215164494_1.jpg,18.54
5215756497_1.jpg,0.61
5215779550_1.jpg,10.99
5215779550_2.jpg,9.86
5215779550_3.jpg,3.44
5215791323_1.jpg,15.15
5215797275_1.jpg,2.83
5215797827_1.jpg,18.08
5215797827_2.jpg,5.00
5215863888_1.jpg,0.70
5215865245_1.jpg,48.52
5215950314_1.jpg,2.30
5215950314_2.jpg,2.87
5215950314_3.jpg,2.29
5215994118_1.jpg,5.30
5215994118_2.jpg,6.07
5215994118_3.jpg,2.85
5215994118_4.jpg,6.31
5216128356_1.jpg,0.42
5216194350_1.jpg,15.32
5216194350_2.jpg,10.78
5216194350_3.jpg,7.72
5216197631_1.jpg,11.53
5216197631_2.jpg,11.18
5216197631_3.jpg,9.28
5216199350_1.jpg,1.93
5216200405_1.jpg,0.52
5216211692_1.jpg,3.36
5216234280_1.jpg,3.04
5216234280_2.jpg,3.03
5216288186_1.jpg,2.54
5216441629_1.jpg,0.54
5216563680_1.jpg,3.60
5216698855_1.jpg,9.56
5216698855_2.jpg,3.39
5216703481_1.jpg,0.93
5216809349_1.jpg,6.06
5216865227_1.jpg,0.00
5216911470_1.jpg,16.35
5216972865_1.jpg,1.01
5216982145_1.jpg,6.10
5216988500_1.jpg,2.23
5216988500_2.jpg,3.54
5217007570_1.jpg,0.61
5217008245_1.jpg,28.20
5217032811_1.jpg,0.76
5217047454_1.jpg,2.90
5217086302_1.jpg,2.96
5217094330_1.jpg,0.19
5217105144_1.jpg,2.99
5217112704_1.jpg,19.10
5217200539_1.jpg,14.93
5217216899_1.jpg,3.02
5217216899_2.jpg,14.92
5217255490_1.jpg,22.58
5217268335_1.jpg,14.90
5217268672_1.jpg,58.69
5217319291_1.jpg,63.65
5217383282_1.jpg,18.83
5217486847_1.jpg,1.68
5217486847_2.jpg,0.97
5217489664_1.jpg,23.46
5217530853_1.jpg,6.03
5217621374_1.jpg,0.28
5218988370_1.jpg,17.73
5230099024_1.jpg,4.80
5230099024_2.jpg,7.09
5230160163_1.jpg,3.08
5230233641_1.jpg,9.68
5230233641_2.jpg,11.89
5230309486_1.jpg,3.32
5230486246_1.jpg,0.61
5230486246_2.jpg,3.94
5230588698_1.jpg,30.52
5230645703_1.jpg,3.16
5230697705_1.jpg,4.38
5230697705_2.jpg,4.78
5230829439_1.jpg,1.57
5230845582_1.jpg,11.18
5230857502_1.jpg,15.48
5230894325_1.jpg,9.06
5231003438_1.jpg,2.67
5231013336_1.jpg,8.28
5231013336_2.jpg,27.99
5231013336_3.jpg,40.09
5231277157_1.jpg,2.72
5231277157_2.jpg,1.29
5231297161_1.jpg,11.25
5231297161_2.jpg,13.50
5231313723_1.jpg,12.82
5231313723_2.jpg,17.40
5231501802_1.jpg,3.29
5231583136_1.jpg,3.96
5231603716_1.jpg,24.19
5231628205_1.jpg,10.55
5231873339_1.jpg,0.84
5231873339_2.jpg,0.31
5231873339_3.jpg,0.15
5231875848_1.jpg,0.69
5232218319_1.jpg,41.98
5232218319_2.jpg,63.72
5232218319_3.jpg,48.42
5232218319_4.jpg,59.14
5232218319_5.jpg,56.09
5234224331_1.jpg,6.63
5234538442_1.jpg,6.89
5234848454_1.jpg,7.46
5237464813_1.jpg,15.20
5237464813_2.jpg,33.02
5237464813_3.jpg,12.46
5237473929_1.jpg,37.75
5237473929_2.jpg,10.91
5237473929_3.jpg,11.36
5237476957_1.jpg,17.94
5237476957_2.jpg,20.41
5237476957_3.jpg,2.59
5237476957_4.jpg,27.02
5237476957_5.jpg,14.14
5237489276_1.jpg,8.14
5237529895_1.jpg,13.34
5237529895_2.jpg,5.68
5237529895_3.jpg,24.30
5237529895_4.jpg,38.99
5237583838_1.jpg,11.39
5237594850_1.jpg,16.71
5237594850_2.jpg,11.80
5237597819_1.jpg,4.30
5237609847_1.jpg,5.56
5237613827_1.jpg,13.63
5237630252_1.jpg,5.10
5237659819_1.jpg,5.79
5237664999_1.jpg,14.88
5237667978_1.jpg,14.26
5237675569_1.jpg,4.44
5237675569_2.jpg,1.99
5237683352_1.jpg,6.15
5237698972_1.jpg,27.34
5237698972_2.jpg,22.86
5237698972_3.jpg,25.51
5237698972_4.jpg,0.10
5237704785_1.jpg,6.58
5237734995_1.jpg,29.53
5237738856_1.jpg,5.53
5237761650_1.jpg,6.38
5237761650_2.jpg,2.54
5237790826_1.jpg,0.00
5237803878_1.jpg,8.09
5237803878_2.jpg,3.48
5237814607_1.jpg,29.16
5237849871_1.jpg,8.28
5237851925_1.jpg,14.38
5237851925_2.jpg,4.37
5237876807_1.jpg,8.57
5237890671_1.jpg,3.28
5237919878_1.jpg,10.37
5237983342_1.jpg,7.49
5237987455_1.jpg,3.14
5238008626_1.jpg,14.00
5238028804_1.jpg,0.57
5238053933_1.jpg,7.19
5238148807_1.jpg,0.00
5238172791_1.jpg,15.96
5238232904_1.jpg,12.96
5238232904_2.jpg,2.73
5238264331_1.jpg,1.32
5238271848_1.jpg,9.19
5238271848_2.jpg,6.33
5238343009_1.jpg,4.68
5238398894_1.jpg,6.24
5238398894_2.jpg,2.58
5238406805_1.jpg,19.16
5238454372_1.jpg,0.05
5281780210_1.jpg,5.03
5281815687_1.jpg,4.55
5281815687_2.jpg,5.69
5281815687_3.jpg,8.14
5281880607_1.jpg,3.08
5281969154_1.jpg,13.42
5281969154_2.jpg,8.50
5281969154_3.jpg,5.82
5282008196_1.jpg,0.62
5282020247_1.jpg,24.20
5282020247_2.jpg,16.82
5282061672_1.jpg,8.80
5282061672_2.jpg,4.56
5282086741_1.jpg,9.48
5282097471_1.jpg,0.94
5282097471_2.jpg,1.24
5282111231_1.jpg,0.63
5282162429_1.jpg,14.84
5282162429_2.jpg,3.73
5282318824_1.jpg,35.93
5282318824_2.jpg,19.89
5282360851_1.jpg,0.23
5282374244_1.jpg,2.25
5282417103_1.jpg,1.09
5282459671_1.jpg,8.92
5282459671_2.jpg,8.23
5282472398_1.jpg,23.89
5282491761_1.jpg,9.61
5282491761_2.jpg,5.27
5282491761_3.jpg,0.69
5282530869_1.jpg,3.76
5282563542_1.jpg,0.63
5282585769_1.jpg,20.40
5282585769_2.jpg,21.77
5282585769_3.jpg,21.67
5282608386_1.jpg,1.99
5282608386_2.jpg,1.67
5282608386_3.jpg,0.52
5282619149_1.jpg,5.67
5283382438_1.jpg,8.23
5287935305_1.jpg,22.73
5287935305_2.jpg,13.00
5287935305_3.jpg,3.91
5288034366_1.jpg,35.08
5288034366_2.jpg,29.87
5288034366_3.jpg,4.75
5288034366_4.jpg,2.71
5288034366_5.jpg,10.47
5291766381_1.jpg,20.67
5291766381_2.jpg,45.67
5291787890_1.jpg,19.57
5291807482_1.jpg,5.41
5291830077_1.jpg,8.17
5291830077_2.jpg,2.63
5291830077_3.jpg,4.19
5291830077_4.jpg,6.04
5291831671_1.jpg,0.48
5291880476_1.jpg,3.52
5291881980_1.jpg,13.93
5291911754_1.jpg,3.57
5291949515_1.jpg,8.78
5291949848_1.jpg,23.13
5291949848_2.jpg,28.45
5291966942_1.jpg,3.61
5291966942_2.jpg,8.92
5292050173_1.jpg,8.15
5292164807_1.jpg,4.01
5292240362_1.jpg,56.46
5292255900_1.jpg,13.64
5292319957_1.jpg,9.95
5292320981_1.jpg,0.27
5292353131_1.jpg,8.68
5292358952_1.jpg,39.70
5292381150_1.jpg,3.65
5292381233_1.jpg,6.29
5292405684_1.jpg,1.00
5292407948_1.jpg,0.85
5292428883_1.jpg,10.42
5292433950_1.jpg,7.37
5292444857_1.jpg,6.14
5292448875_1.jpg,2.58
5292449711_1.jpg,11.49
5292505568_1.jpg,7.18
5292542048_1.jpg,13.39
5292544365_1.jpg,7.82
5292546350_1.jpg,6.32
5292594978_1.jpg,1.37
5292612982_1.jpg,8.17
5292626987_1.jpg,8.54
5292627278_1.jpg,9.91
5292629084_1.jpg,1.75
5292644449_1.jpg,8.86
5292660423_1.jpg,5.44
5292692340_1.jpg,22.37
5292692340_2.jpg,11.37
5292700470_1.jpg,23.93
5292733484_1.jpg,3.82
5292733489_1.jpg,10.97
5292733686_1.jpg,4.74
5292733686_2.jpg,22.27
5292733686_3.jpg,12.57
5292733686_4.jpg,10.25
5292738328_1.jpg,64.55
5292781080_1.jpg,26.20
5292785836_1.jpg,0.20
5292793279_1.jpg,6.35
5292798635_1.jpg,8.07
5292838056_1.jpg,9.27
5292857871_1.jpg,27.19
5292857871_2.jpg,12.83
5292857871_3.jpg,3.67
5292870842_1.jpg,43.85
5292877159_1.jpg,0.33
5292893748_1.jpg,1.50
5292915278_1.jpg,4.10
5292936484_1.jpg,0.00
5292982024_1.jpg,6.33
5293013738_1.jpg,3.65
5293045468_1.jpg,9.26
5293057343_1.jpg,9.13
5293072743_1.jpg,5.13
5293086673_1.jpg,9.50
5293086673_2.jpg,3.50
5293086673_3.jpg,17.80
5293086673_4.jpg,14.37
5293086673_5.jpg,11.82
5293086673_6.jpg,15.62
5293086673_7.jpg,25.76
5293086673_8.jpg,2.28
5293165996_1.jpg,7.92
5293168167_1.jpg,0.07
5293180643_1.jpg,6.74
5293222148_1.jpg,7.29
5293226069_1.jpg,1.41
5293250020_1.jpg,3.65
5293251734_1.jpg,9.06
5293288104_1.jpg,9.28
5293297450_1.jpg,2.90
5293297450_2.jpg,5.93
5293323590_1.jpg,13.49
5716426325_1.jpg,8.58
5759502941_1.jpg,18.72
5759502941_2.jpg,5.76
5759665944_1.jpg,8.74
5759665944_2.jpg,3.26
5759665944_3.jpg,7.80
5759665944_4.jpg,8.54
5759665944_5.jpg,7.01
5759665944_6.jpg,5.75
5759665944_7.jpg,10.56
5759665944_8.jpg,5.91
5759665944_9.jpg,7.67
5759750306_1.jpg,8.47
5759773380_1.jpg,17.46
5759782992_1.jpg,15.42
5759817848_1.jpg,22.88
5759817848_2.jpg,0.93
5759841526_1.jpg,10.45
5759841526_2.jpg,2.71
5759841526_3.jpg,14.88
5759841526_4.jpg,26.03
5759841526_5.jpg,26.91
5759841526_6.jpg,4.70
5759841526_7.jpg,29.26
5759841526_8.jpg,34.06
5759941813_1.jpg,4.39
5759993381_1.jpg,20.85
5760031699_1.jpg,9.11
5760096694_1.jpg,4.69
5760147603_1.jpg,16.56
5760189122_1.jpg,1.81
5760263428_1.jpg,4.96
5760263428_2.jpg,5.73
5760263428_3.jpg,4.96
5760356131_1.jpg,2.74
5760356131_2.jpg,25.01
5760381906_1.jpg,3.13
5760381906_2.jpg,3.54
5760389609_1.jpg,0.00
5760428374_1.jpg,11.47
5760466304_1.jpg,1.39
5760466304_2.jpg,6.91
5760571286_1.jpg,30.30
5760571286_2.jpg,17.26
5760587480_1.jpg,5.97
5760587480_2.jpg,15.67
5760587480_3.jpg,12.92
5760672805_1.jpg,9.85
5760672805_2.jpg,1.74
5760711308_1.jpg,11.30
5760726241_1.jpg,5.63
5760756710_1.jpg,0.99
5760756710_2.jpg,1.87
5760764110_1.jpg,0.98
5760765766_1.jpg,7.42
5760791454_1.jpg,2.11
5760806153_1.jpg,7.66
5760814098_1.jpg,2.64
5760814098_2.jpg,1.43
5760814098_3.jpg,2.81
5760824453_1.jpg,1.91
5760824453_2.jpg,3.34
5760824453_3.jpg,1.67
5760860660_1.jpg,6.47
5760889365_1.jpg,52.46
5760906752_1.jpg,8.20
5761071426_1.jpg,4.17
5761101199_1.jpg,6.94
5761101199_2.jpg,7.07
5761118148_1.jpg,9.13
5761133423_1.jpg,3.63
5761166329_1.jpg,4.75
5761177027_1.jpg,6.39
5761210638_1.jpg,4.41
5762019409_1.jpg,2.11
5762174606_1.jpg,3.46
5762267214_1.jpg,6.65
5827427373_1.jpg,8.51
5827430378_1.jpg,11.84
5827430378_2.jpg,19.92
5827430378_3.jpg,6.75
5827482163_1.jpg,16.24
5827482163_2.jpg,32.09
5827482164_1.jpg,6.86
5827502643_1.jpg,14.19
5827522119_1.jpg,8.17
5827602345_1.jpg,9.90
5827602345_2.jpg,52.63
5827613739_1.jpg,11.60
5827613739_2.jpg,39.74
5827613739_3.jpg,42.30
5827629550_1.jpg,17.70
5827632579_1.jpg,5.89
5827632579_2.jpg,2.24
5827635027_1.jpg,25.43
5827699990_1.jpg,2.58
5827720427_1.jpg,2.09
5827784631_1.jpg,8.36
5827784632_1.jpg,1.39
5827784632_2.jpg,0.74
5827816153_1.jpg,3.76
5827833825_1.jpg,8.99
5827898336_1.jpg,8.14
5827935674_1.jpg,2.85
5827935674_2.jpg,2.17
5827969774_1.jpg,12.24
5827969774_2.jpg,11.33
5828032699_1.jpg,1.01
5828067976_1.jpg,28.92
5828067976_2.jpg,7.28
5828067976_3.jpg,26.31
5828084442_1.jpg,24.28
5828084442_2.jpg,17.24
5828113393_1.jpg,0.25
5828159549_1.jpg,10.43
5828159549_2.jpg,12.25
5828159549_3.jpg,17.19
5828163495_1.jpg,46.46
5828163495_2.jpg,9.81
5828163495_3.jpg,56.41
5828173662_1.jpg,9.64
5828197377_1.jpg,21.83
5828216817_1.jpg,5.98
5828216817_2.jpg,4.13
5828216817_3.jpg,2.92
5828228855_1.jpg,21.24
5828229986_1.jpg,2.71
5828231304_1.jpg,3.49
5828231304_2.jpg,12.94
5828231304_3.jpg,26.76
5828231304_4.jpg,4.88
5828237372_1.jpg,4.30
5828282935_1.jpg,32.39
5828293326_1.jpg,7.73
5828360222_1.jpg,20.68
5828360222_2.jpg,27.28
5828433699_1.jpg,3.05
5828464608_1.jpg,4.08
5828464608_2.jpg,3.84
5828464608_3.jpg,1.32
5828464608_4.jpg,1.18
5828510740_1.jpg,7.13
5828510740_2.jpg,5.55
5828510740_3.jpg,7.51
5828556534_1.jpg,3.67
5828600626_1.jpg,2.22
5828612753_1.jpg,4.96
5828612753_2.jpg,7.92
5828612753_3.jpg,7.37
5828612753_4.jpg,2.75
5828655740_1.jpg,34.86
5828708879_1.jpg,2.33
5828708879_2.jpg,11.02
5828716428_1.jpg,47.48
5828716428_2.jpg,22.59
5828716428_3.jpg,13.16
5828716428_4.jpg,13.37
5828758492_1.jpg,14.20
5828758492_2.jpg,5.14
5828758492_3.jpg,0.00
5828783907_1.jpg,1.26
5828783907_2.jpg,2.88
5828783907_3.jpg,6.15
5828783907_4.jpg,2.64
5828783907_5.jpg,10.95
5828867490_1.jpg,2.38
5828878526_1.jpg,24.61
5828878526_2.jpg,7.32
5828878526_3.jpg,31.39
5828878526_4.jpg,26.94
5830408576_1.jpg,19.05
5830556151_1.jpg,13.13
5830607581_1.jpg,3.95
5830671955_1.jpg,19.15
5830688964_1.jpg,2.38
5830688964_2.jpg,2.22
5830752675_1.jpg,4.12
5830782747_1.jpg,1.65
5830807991_1.jpg,2.32
5830812250_1.jpg,24.81
5830872207_1.jpg,39.22
5830872207_2.jpg,12.28
5830872207_3.jpg,8.47
5830886993_1.jpg,9.66
5830897061_1.jpg,1.05
5830935144_1.jpg,1.36
5831028656_1.jpg,0.60
5831028656_2.jpg,1.59
5831028656_3.jpg,1.60
5832245983_1.jpg,34.34
5832245983_2.jpg,5.92
5832245983_3.jpg,19.49
5837683360_1.jpg,11.47
5837734868_1.jpg,4.96
5837783226_1.jpg,13.80
5837882837_1.jpg,5.11
5837882837_2.jpg,7.41
5837882837_3.jpg,5.11
5837925859_1.jpg,0.40
5837925859_2.jpg,1.12
5837952724_1.jpg,21.08
5837952724_2.jpg,4.31
5837965694_1.jpg,2.44
5837991919_1.jpg,0.43
5838014215_1.jpg,3.10
5838024410_1.jpg,2.34
5838024410_2.jpg,2.64
5838025265_1.jpg,11.26
5838106312_1.jpg,7.34
5838124843_1.jpg,1.76
5838256462_1.jpg,7.89
5838280677_1.jpg,4.16
5838320455_1.jpg,6.64
5839832009_1.jpg,3.54
5839856249_1.jpg,0.91
5839856249_2.jpg,0.74
5839910260_1.jpg,26.95
5839969582_1.jpg,29.61
5839969582_2.jpg,34.19
5839969582_3.jpg,22.35
5839969582_4.jpg,15.16
5839969582_5.jpg,14.70
5840002169_1.jpg,7.55
5840002169_2.jpg,13.43
5840026207_1.jpg,3.28
5840026633_1.jpg,1.91
5840049257_1.jpg,1.09
5840086232_1.jpg,1.13
5840086232_2.jpg,0.68
5840193335_1.jpg,32.38
5840193335_2.jpg,58.25
5840193335_3.jpg,37.15
5840193354_1.jpg,14.75
5840239102_1.jpg,1.81
5840239102_2.jpg,2.04
5840239102_3.jpg,1.50
5840239102_4.jpg,1.71
5840239102_5.jpg,1.47
5840239102_6.jpg,1.60
5840264681_1.jpg,0.48
5840264681_2.jpg,2.88
5840278482_1.jpg,3.86
5840278482_2.jpg,6.18
5840294556_1.jpg,29.03
5840308068_1.jpg,1.02
5840363950_1.jpg,5.14
5840405187_1.jpg,1.27
5840412667_1.jpg,0.02
5840426366_1.jpg,27.57
5840792915_1.jpg,4.46
5840802972_1.jpg,14.79
5840985402_1.jpg,21.16
5841035193_1.jpg,5.83
5843939246_1.jpg,0.75
5843939246_2.jpg,1.63
5843939246_3.jpg,1.45
5844008324_1.jpg,3.79
5844120413_1.jpg,11.36
5844120413_2.jpg,7.13
5844120413_3.jpg,5.04
5844120413_4.jpg,5.00
5844120449_1.jpg,11.95
5844122935_1.jpg,0.60
5844126235_1.jpg,8.04
5844126235_2.jpg,7.99
5844143284_1.jpg,12.59
5844143284_2.jpg,5.53
5844143284_3.jpg,15.70
5844143284_4.jpg,2.85
5844151183_1.jpg,3.65
5844166106_1.jpg,8.23
5844166106_2.jpg,5.30
5844241749_1.jpg,37.56
5844241749_2.jpg,30.04
5844344340_1.jpg,2.75
5844378702_1.jpg,26.27
5844378702_2.jpg,4.59
5844383367_1.jpg,2.63
5844463405_1.jpg,0.72
5844463405_2.jpg,1.66
5844518625_1.jpg,2.41
5844548352_1.jpg,5.63
5844639964_1.jpg,6.96
5867727549_1.jpg,4.34
5867774083_1.jpg,1.83
5867812072_1.jpg,24.42
5867874865_1.jpg,5.15
5867949347_1.jpg,7.00
5867949347_2.jpg,9.93
5867949347_3.jpg,9.70
5867949347_4.jpg,2.06
5867954113_1.jpg,16.60
5867962627_1.jpg,18.70
5867962627_2.jpg,18.53
5867962627_3.jpg,22.04
5867962627_4.jpg,22.38
5868028291_1.jpg,10.74
5868028291_2.jpg,0.66
5868028291_3.jpg,0.96
5868028291_4.jpg,1.01
5868090256_1.jpg,31.96
5868090256_2.jpg,6.98
5868090930_1.jpg,14.00
5868090930_2.jpg,10.84
5868090930_3.jpg,23.61
5868090930_4.jpg,39.23
5868093389_1.jpg,2.98
5868094335_1.jpg,16.47
5868094335_2.jpg,4.93
5868181657_1.jpg,6.87
5868248116_1.jpg,14.04
5868397299_1.jpg,2.10
5868397299_2.jpg,2.62
5869016122_1.jpg,18.69
5871915953_1.jpg,14.71
5871915953_2.jpg,3.79
5872209315_1.jpg,19.80
5872209315_2.jpg,8.45
5889600527_1.jpg,25.97
5889650853_1.jpg,9.23
5889699666_1.jpg,7.16
5889762572_1.jpg,13.38
5889910116_1.jpg,5.65
5889910116_2.jpg,7.70
5890102080_1.jpg,3.58
5890102080_2.jpg,1.54
5890112959_1.jpg,19.50
5890118272_1.jpg,6.54
5890118272_2.jpg,4.43
5890199178_1.jpg,1.51
5890249523_1.jpg,0.55
5890292485_1.jpg,10.90
5892482837_1.jpg,7.07
5892597482_1.jpg,4.57
5892603559_1.jpg,5.80
5892603559_2.jpg,6.74
5892617051_1.jpg,27.16
5892617051_2.jpg,24.21
5892632504_1.jpg,5.73
5892730260_1.jpg,0.28
5892778613_1.jpg,18.41
5892887778_1.jpg,9.40
5892887778_2.jpg,2.80
5897120655_1.jpg,0.87
5897321421_1.jpg,24.93
5897401513_1.jpg,11.93
5897407534_1.jpg,7.95
5897453977_1.jpg,2.73
5897605438_1.jpg,11.13
5897741916_1.jpg,26.74
5897854414_1.jpg,33.95
5897854414_2.jpg,14.34
5902040992_1.jpg,1.26
5902040992_2.jpg,7.07
5902040992_3.jpg,3.82
5902040992_4.jpg,4.99
5902302626_1.jpg,1.93
5902599402_1.jpg,0.77
5908906633_1.jpg,5.06
5908906633_2.jpg,12.86
5908906633_3.jpg,2.48
5909002049_1.jpg,8.60
5909011590_1.jpg,14.41
5909011590_2.jpg,29.08
5909011590_3.jpg,16.15
5909020942_1.jpg,12.33
5909034242_1.jpg,9.10
5920174409_1.jpg,11.19
5920254069_1.jpg,1.84
5920254069_2.jpg,3.63
5920337967_1.jpg,8.09
5920349071_1.jpg,2.58
5932529423_1.jpg,7.07
5932529423_2.jpg,5.31
5932529423_3.jpg,2.91
5932553657_1.jpg,2.65
5932557667_1.jpg,6.42
5935926067_1.jpg,11.44
5935926067_2.jpg,7.47
5935926067_3.jpg,20.82
5938543660_1.jpg,1.33
5938577345_1.jpg,3.56
6130449713_1.jpg,1.27
6130449713_2.jpg,12.61
6131585179_1.jpg,27.91
6131585179_2.jpg,3.40
6131585179_3.jpg,8.36
6131585179_4.jpg,20.76
6131653320_1.jpg,16.78
6131653320_2.jpg,19.35
6131697541_1.jpg,2.07
6133125366_1.jpg,22.04
6133391320_1.jpg,17.32
6133391320_2.jpg,9.48
6133391320_3.jpg,9.38
6133391320_4.jpg,2.64
6133473525_1.jpg,4.08
6133473525_2.jpg,4.57
6133475633_1.jpg,25.62
6147398054_1.jpg,2.34
6147416594_1.jpg,38.94
6147507750_1.jpg,4.06
6147507750_2.jpg,5.34
6147573909_1.jpg,26.55
6147573909_2.jpg,26.00
6150418343_1.jpg,16.11
6150418343_2.jpg,2.97
6150421094_1.jpg,9.26
6150421094_2.jpg,15.54
6150421094_3.jpg,3.65
6150459683_1.jpg,3.59
6150477498_1.jpg,32.11
6150546880_1.jpg,2.01
6150554948_1.jpg,1.69
6150584181_1.jpg,4.95
6150584181_2.jpg,3.32
6150587523_1.jpg,2.50
6150587523_2.jpg,0.13
6150587523_3.jpg,0.58
6150599874_1.jpg,6.09
6150603781_1.jpg,24.34
6150607053_1.jpg,34.21
6150607053_2.jpg,6.82
6150664781_1.jpg,3.99
6150678831_1.jpg,22.18
6150678831_2.jpg,2.01
6150678831_3.jpg,5.04
6150685302_1.jpg,9.44
6150685491_1.jpg,14.21
6150685491_2.jpg,21.37
6150699616_1.jpg,17.31
6150715343_1.jpg,11.61
6150729829_1.jpg,2.57
6150729829_2.jpg,3.22
6150740337_1.jpg,4.49
6150743090_1.jpg,7.14
6150760497_1.jpg,2.87
6150760649_1.jpg,4.59
6150760677_1.jpg,16.79
6150770037_1.jpg,3.03
6150780074_1.jpg,3.49
6150785950_1.jpg,5.56
6150796803_1.jpg,22.68
6150807206_1.jpg,4.51
6150807206_2.jpg,4.04
6150811050_1.jpg,20.59
6150814082_1.jpg,5.40
6150819929_1.jpg,3.62
6150837218_1.jpg,8.90
6150890392_1.jpg,8.73
6150901827_1.jpg,8.44
6150902959_1.jpg,7.45
6150904865_1.jpg,2.23
6150914732_1.jpg,15.98
6150935910_1.jpg,3.83
6150956637_1.jpg,1.71
6150957204_1.jpg,4.27
6150974908_1.jpg,36.79
6150991116_1.jpg,10.23
6151095229_1.jpg,23.28
6151095229_2.jpg,48.65
6151095229_3.jpg,30.30
6151095229_4.jpg,21.58
6151117691_1.jpg,1.80
6151128322_1.jpg,6.41
6151128322_2.jpg,11.31
6151128322_3.jpg,24.09
6151128322_4.jpg,7.57
6151128337_1.jpg,15.42
6151191079_1.jpg,1.48
6151215444_1.jpg,7.62
6151265640_1.jpg,6.98
6151282087_1.jpg,22.59
6151282087_2.jpg,15.48
6151282087_3.jpg,23.35
6151282087_4.jpg,28.73
6151302064_1.jpg,13.50
6151329029_1.jpg,10.59
6151376920_1.jpg,18.00
6151383794_1.jpg,11.69
6151407958_1.jpg,31.87
6151407958_2.jpg,5.18
6151407958_3.jpg,13.84
6151407958_4.jpg,24.11
6151409384_1.jpg,1.89
6151409384_2.jpg,2.11
6151445018_1.jpg,10.90
6151461791_1.jpg,4.29
6151463176_1.jpg,13.43
6151463176_2.jpg,20.15
6151468130_1.jpg,2.38
6151483155_1.jpg,5.69
6151488795_1.jpg,4.54
6151491465_1.jpg,4.40
6151500120_1.jpg,1.77
6151558433_1.jpg,7.81
6151573800_1.jpg,5.16
6151573800_2.jpg,9.54
6151574441_1.jpg,15.21
6151575017_1.jpg,31.63
6151583765_1.jpg,20.67
6151591342_1.jpg,11.22
6151594385_1.jpg,9.63
6151601277_1.jpg,5.49
6151629016_1.jpg,13.98
6151632786_1.jpg,4.28
6151632979_1.jpg,7.65
6151632979_2.jpg,13.16
6151670786_1.jpg,37.58
6151673872_1.jpg,9.13
6151673901_1.jpg,2.14
6151709862_1.jpg,5.90
6151722600_1.jpg,5.38
6151739897_1.jpg,7.29
6151773490_1.jpg,6.35
6151773490_2.jpg,11.87
6151786536_1.jpg,7.78
6151786536_2.jpg,17.75
6151796340_1.jpg,7.49
6151820995_1.jpg,18.58
6151822816_1.jpg,1.57
6151843010_1.jpg,20.03
6151843294_1.jpg,44.22
6151845321_1.jpg,34.31
6151948806_1.jpg,5.22
6152012363_1.jpg,2.37
6152045043_1.jpg,5.99
6152045043_2.jpg,6.22
6152045043_3.jpg,7.26
6152048223_1.jpg,7.42
6152049947_1.jpg,4.21
6152049947_2.jpg,14.29
6152133598_1.jpg,12.41
6152169162_1.jpg,5.81
6152191653_1.jpg,2.62
6152220412_1.jpg,10.26
6152259162_1.jpg,9.49
6152283522_1.jpg,6.62
6152296940_1.jpg,11.32
6152296940_2.jpg,12.15
6152343919_1.jpg,5.71
6152369679_1.jpg,19.34
6152370344_1.jpg,7.59
6152438453_1.jpg,2.34
6152460498_1.jpg,2.14
6159227042_1.jpg,30.91
6159265486_1.jpg,14.21
6159265486_2.jpg,11.29
6159265486_3.jpg,1.32
6159265486_4.jpg,4.16
6159265486_5.jpg,5.68
6159265486_6.jpg,0.00
6159430543_1.jpg,1.54
6159431953_1.jpg,21.59
6159448518_1.jpg,1.70
6159448518_2.jpg,2.20
6159448518_3.jpg,7.83
6159641281_1.jpg,20.17
6162823486_1.jpg,3.63
6162823486_2.jpg,2.51
6162893044_1.jpg,12.53
6162906804_1.jpg,10.86
6163244651_1.jpg,6.23
6169034695_1.jpg,4.22
6169034695_2.jpg,6.08
6169034695_3.jpg,2.61
6169034695_4.jpg,15.41
6169532846_1.jpg,2.31
6169532846_2.jpg,2.39
6169682436_1.jpg,1.95
6169682436_2.jpg,4.70
6169872887_1.jpg,2.30
6170848501_1.jpg,7.31
6170848501_2.jpg,3.77
6170865105_1.jpg,10.35
6170920968_1.jpg,9.31
6170922278_1.jpg,2.66
6170922278_2.jpg,1.48
6170922278_3.jpg,0.18
6170922278_4.jpg,0.00
6170944610_1.jpg,23.76
6170944610_2.jpg,18.60
6170966575_1.jpg,12.35
6171090899_1.jpg,2.97
6171090899_2.jpg,3.47
6171100766_1.jpg,0.09
6171147244_1.jpg,11.42
6171147244_2.jpg,30.53
6171147244_3.jpg,14.35
6171153632_1.jpg,5.11
6171153632_2.jpg,1.28
6171154603_1.jpg,7.25
6171278848_1.jpg,1.91
6171278848_2.jpg,2.52
6171306720_1.jpg,15.08
6171324069_1.jpg,16.96
6171324069_2.jpg,19.54
6171324069_3.jpg,25.22
6171360656_1.jpg,7.91
6171365353_1.jpg,39.95
6178309986_1.jpg,0.98
6178360949_1.jpg,1.80
6178360949_2.jpg,0.07
6178373303_1.jpg,47.14
6178464918_1.jpg,1.96
6178465948_1.jpg,7.93
6178475768_1.jpg,40.01
6178519960_1.jpg,24.29
6178519960_2.jpg,24.62
6178524539_1.jpg,7.22
6178584228_1.jpg,7.76
6178594308_1.jpg,43.54
6178696509_1.jpg,11.19
6178761491_1.jpg,3.66
6178799604_1.jpg,4.56
6178799604_10.jpg,17.86
6178799604_11.jpg,11.57
6178799604_12.jpg,10.88
6178799604_13.jpg,15.80
6178799604_14.jpg,13.67
6178799604_15.jpg,5.67
6178799604_2.jpg,14.83
6178799604_3.jpg,23.93
6178799604_4.jpg,26.16
6178799604_5.jpg,19.19
6178799604_6.jpg,22.15
6178799604_7.jpg,19.89
6178799604_8.jpg,20.93
6178799604_9.jpg,13.88
6178825873_1.jpg,8.88
6178892528_1.jpg,3.64
6178892528_2.jpg,7.72
6178905099_1.jpg,9.72
6178905099_2.jpg,16.58
6178951268_1.jpg,36.94
6178995024_1.jpg,24.33
6178995024_2.jpg,32.59
6179032716_1.jpg,2.54
6179032716_2.jpg,8.73
6179073966_1.jpg,9.81
6179073966_2.jpg,19.27
6179073966_3.jpg,10.01
6179073966_4.jpg,10.50
6179100225_1.jpg,23.12
6179115306_1.jpg,12.76
6179125608_1.jpg,3.05
6179125608_2.jpg,1.91
6179125608_3.jpg,2.14
6179129012_1.jpg,5.03
6179203896_1.jpg,0.89
6179203896_2.jpg,1.27
6179231605_1.jpg,4.14
6179297633_1.jpg,5.91
6179322887_1.jpg,5.21
6179337195_1.jpg,15.04
6179389580_1.jpg,5.85
6179408067_1.jpg,18.01
6179428359_1.jpg,6.51
6179497236_1.jpg,3.13
6179527546_1.jpg,6.36
6179530709_1.jpg,13.12
6179566627_1.jpg,5.38
6179574064_1.jpg,8.35
6179587027_1.jpg,8.31
6182637167_1.jpg,18.55
6183423204_1.jpg,1.11
6183713728_1.jpg,1.59
6184841172_1.jpg,8.39
6184844891_1.jpg,6.83
6184844891_2.jpg,3.87
6184844891_3.jpg,0.37
6184844891_4.jpg,0.44
6184934268_1.jpg,0.85
6184937313_1.jpg,3.30
6184984876_1.jpg,3.12
6184994567_1.jpg,3.72
6185072735_1.jpg,10.23
6185148846_1.jpg,14.11
6185148846_2.jpg,7.11
6185183184_1.jpg,9.20
6185190257_1.jpg,17.83
6185190257_2.jpg,9.43
6185190281_1.jpg,3.39
6185198338_1.jpg,9.16
6185265182_1.jpg,0.28
6185321876_1.jpg,18.67
6185337342_1.jpg,11.95
6185357860_1.jpg,36.72
6185357860_2.jpg,25.59
6185384277_1.jpg,2.78
6185495367_1.jpg,16.89
6185632319_1.jpg,0.00
6185734387_1.jpg,8.75
6185734387_2.jpg,15.65
6185734387_3.jpg,2.30
6185734982_1.jpg,41.27
6185738398_1.jpg,3.22
6185738398_2.jpg,4.57
6185738398_3.jpg,0.59
6185815660_1.jpg,12.87
6185815660_2.jpg,1.46
6185815660_3.jpg,4.64
6185815660_4.jpg,12.89
6185874629_1.jpg,1.34
6185902369_1.jpg,21.41
6185940094_1.jpg,3.82
6186008376_1.jpg,3.92
6186008376_2.jpg,0.81
6186008376_3.jpg,2.02
6186008376_4.jpg,3.75
6186008376_5.jpg,2.06
6186008376_6.jpg,1.66
6186008376_7.jpg,1.48
6186008376_8.jpg,1.42
6186050802_1.jpg,7.06
6186078301_1.jpg,9.82
6186677350_1.jpg,19.89
6186699702_1.jpg,4.81
6187895907_1.jpg,6.93
6187895907_2.jpg,9.25
6187925453_1.jpg,4.15
6187927634_1.jpg,4.11
6187973064_1.jpg,1.65
6187973064_2.jpg,9.17
6187973064_3.jpg,8.18
6187977378_1.jpg,2.71
6187977378_2.jpg,2.55
6187991698_1.jpg,1.76
6188030394_1.jpg,1.52
6188030394_2.jpg,2.12
6188030394_3.jpg,3.19
6188037077_1.jpg,3.33
6188037077_2.jpg,3.05
6188037077_3.jpg,9.65
6188049382_1.jpg,0.81
6188064849_1.jpg,11.74
6188094001_1.jpg,3.08
6188095349_1.jpg,2.10
6188095349_2.jpg,1.76
6188095349_3.jpg,0.10
6188095349_4.jpg,0.00
6188095353_1.jpg,4.18
6188095705_1.jpg,10.06
6188143312_1.jpg,3.89
6188156683_1.jpg,2.94
6188162308_1.jpg,5.21
6188186348_1.jpg,4.91
6188195397_1.jpg,4.30
6188195397_2.jpg,2.81
6188198164_1.jpg,6.45
6188206306_1.jpg,11.59
6188206306_2.jpg,4.80
6188227129_1.jpg,2.72
6188235421_1.jpg,5.47
6188244889_1.jpg,20.50
6188266014_1.jpg,1.21
6188284071_1.jpg,1.55
6188304726_1.jpg,7.03
6188304726_2.jpg,12.32
6188317444_1.jpg,11.71
6188412333_1.jpg,1.67
6188435685_1.jpg,24.43
6188436672_1.jpg,6.45
6188436672_2.jpg,0.03
6188464190_1.jpg,6.17
6188489057_1.jpg,5.56
6188489057_2.jpg,15.99
6188494803_1.jpg,5.31
6188505383_1.jpg,0.79
6188505383_2.jpg,1.39
6188505383_3.jpg,9.11
6188535002_1.jpg,10.75
6188576459_1.jpg,6.95
6188576459_2.jpg,3.00
6188625785_1.jpg,10.37
6188626106_1.jpg,5.40
6188670892_1.jpg,0.90
6188678223_1.jpg,10.23
6193411003_1.jpg,2.24
6195230845_1.jpg,19.02
6195233425_1.jpg,6.18
6195247603_1.jpg,1.44
6195276333_1.jpg,3.05
6195297650_1.jpg,8.59
6195306021_1.jpg,0.00
6195314480_1.jpg,13.38
6195314480_2.jpg,6.51
6195322600_1.jpg,10.60
6195327758_1.jpg,4.19
6195327758_2.jpg,5.13
6195327758_3.jpg,8.02
6195356483_1.jpg,15.97
6195360426_1.jpg,5.14
6195386758_1.jpg,18.43
6195386758_2.jpg,16.37
6195386758_3.jpg,8.95
6195386758_4.jpg,18.43
6195409393_1.jpg,13.75
6195409393_10.jpg,24.66
6195409393_11.jpg,20.77
6195409393_12.jpg,26.14
6195409393_2.jpg,17.54
6195409393_3.jpg,17.81
6195409393_4.jpg,21.93
6195409393_5.jpg,20.21
6195409393_6.jpg,19.14
6195409393_7.jpg,40.79
6195409393_8.jpg,24.91
6195409393_9.jpg,34.43
6195417344_1.jpg,7.03
6195422718_1.jpg,3.74
6195422718_2.jpg,16.91
6195422718_3.jpg,9.58
6195422718_4.jpg,10.83
6195422718_5.jpg,13.64
6195429277_1.jpg,3.82
6195433544_1.jpg,4.87
6195443161_1.jpg,3.02
6195443161_2.jpg,2.16
6195484550_1.jpg,19.20
6195484550_2.jpg,6.60
6195539122_1.jpg,0.03
6195542061_1.jpg,6.82
6195549490_1.jpg,5.76
6195549490_2.jpg,5.14
6195549490_3.jpg,8.25
6195572877_1.jpg,19.43
6195575719_1.jpg,2.61
6195575719_2.jpg,9.20
6195575719_3.jpg,2.95
6195595108_1.jpg,2.48
6195600423_1.jpg,4.97
6195602941_1.jpg,6.83
6195624834_1.jpg,9.31
6195644307_1.jpg,2.67
6195656775_1.jpg,6.44
6195658888_1.jpg,21.27
6195658888_2.jpg,22.84
6195660486_1.jpg,2.85
6195660486_2.jpg,4.24
6195660486_3.jpg,1.60
6195683102_1.jpg,1.55
6195683102_2.jpg,8.39
6195683902_1.jpg,0.62
6195716381_1.jpg,8.93
6195743360_1.jpg,9.24
6195762969_1.jpg,0.01
6195782708_1.jpg,26.69
6195805107_1.jpg,3.14
6195805107_2.jpg,1.00
6195805107_3.jpg,2.49
6195805107_4.jpg,3.35
6195805107_5.jpg,1.10
6195805107_6.jpg,1.56
6195805107_7.jpg,0.95
6195805107_8.jpg,2.02
6195805107_9.jpg,1.05
6195820031_1.jpg,6.75
6195820031_2.jpg,8.62
6195842764_1.jpg,7.86
6195843369_1.jpg,9.31
6195865528_1.jpg,8.38
6195882618_1.jpg,11.94
6195882618_2.jpg,12.27
6195882618_3.jpg,15.04
6195882618_4.jpg,9.01
6195882618_5.jpg,10.29
6195882618_6.jpg,0.89
6195882618_7.jpg,4.94
6195882618_8.jpg,1.43
6195941466_1.jpg,9.36
6195948338_1.jpg,1.65
6195948338_2.jpg,1.69
6196002585_1.jpg,0.00
6196002585_2.jpg,0.17
6196002585_3.jpg,0.58
6196046535_1.jpg,0.57
6234181176_1.jpg,11.00
6234184499_1.jpg,6.91
6234184499_2.jpg,2.09
6234213177_1.jpg,3.56
6234213177_2.jpg,2.82
6234213177_3.jpg,5.27
6234228029_1.jpg,1.79
6234230182_1.jpg,16.92
6234230182_2.jpg,15.68
6234230182_3.jpg,1.86
6234353145_1.jpg,13.17
6234353145_2.jpg,9.33
6234353145_3.jpg,18.23
6234353145_4.jpg,8.81
6234353145_5.jpg,8.46
6234353145_6.jpg,12.38
6234353145_7.jpg,7.17
6234378308_1.jpg,3.32
6234475422_1.jpg,10.67
6234517386_1.jpg,6.53
6234571986_1.jpg,2.38
6234598051_1.jpg,6.03
6234601738_1.jpg,9.37
6234611484_1.jpg,1.66
6234616764_1.jpg,13.60
6234616764_2.jpg,6.30
6234616764_3.jpg,9.03
6234616764_4.jpg,4.74
6234616764_5.jpg,14.62
6234616764_6.jpg,8.17
6234617110_1.jpg,3.51
6234647167_1.jpg,4.10
6234647167_2.jpg,8.78
6234655094_1.jpg,3.73
6234657843_1.jpg,6.70
6234657843_2.jpg,5.99
6234657843_3.jpg,0.01
6234657843_4.jpg,0.96
6234744622_1.jpg,8.22
6234751052_1.jpg,10.97
6234751052_2.jpg,11.22
6234782178_1.jpg,1.94
6234864496_1.jpg,11.80
6234874577_1.jpg,10.07
6234874577_2.jpg,8.15
6234880421_1.jpg,6.81
6234880421_2.jpg,10.67
6234892325_1.jpg,16.68
6234892325_2.jpg,22.43
6234892325_3.jpg,4.71
6234907488_1.jpg,15.49
6234944043_1.jpg,5.29
6234968030_1.jpg,2.94
6235019743_1.jpg,4.74
6235030652_1.jpg,30.77
6235039843_1.jpg,7.20
6235067578_1.jpg,7.58
6235067578_2.jpg,6.34
6235071819_1.jpg,8.54
6235071819_2.jpg,6.00
6235121952_1.jpg,10.34
6235121952_2.jpg,11.67
6235182232_1.jpg,31.93
6235184286_1.jpg,9.24
6235184286_2.jpg,3.32
6235184286_3.jpg,6.04
6235184286_4.jpg,0.40
6235184286_5.jpg,0.97
6235185509_1.jpg,1.32
6235205638_1.jpg,0.66
6235215156_1.jpg,3.28
6235246569_1.jpg,3.78
6235291854_1.jpg,5.30
6235305703_1.jpg,1.48
6235305703_2.jpg,1.48
6235305703_3.jpg,7.67
6235332984_1.jpg,5.39
6235365590_1.jpg,1.68
6235408478_1.jpg,5.83
6235408478_2.jpg,11.44
6235411399_1.jpg,17.45
6235460694_1.jpg,24.23
6235460694_2.jpg,20.55
6235460694_3.jpg,29.55
6235460694_4.jpg,22.66
6235513557_1.jpg,10.05
6235528806_1.jpg,2.42
6235579575_1.jpg,15.01
6235579575_2.jpg,6.34
6235585714_1.jpg,24.05
6235585714_2.jpg,9.11
6235632227_1.jpg,2.50
6235638156_1.jpg,5.52
6235642139_1.jpg,22.26
6235717587_1.jpg,9.55
6235736495_1.jpg,5.34
6235750389_1.jpg,12.83
6235750389_2.jpg,16.59
6235750389_3.jpg,22.82
6235750389_4.jpg,22.39
6235750389_5.jpg,29.10
6235750389_6.jpg,20.38
6235750389_7.jpg,24.11
6235761670_1.jpg,3.85
6235761670_2.jpg,15.76
6235797935_1.jpg,11.40
6235826769_1.jpg,0.49
6235826769_2.jpg,0.45
6235836733_1.jpg,3.15
6235838312_1.jpg,4.01
6235855408_1.jpg,3.45
6235860027_1.jpg,0.68
6235877000_1.jpg,22.26
6235908533_1.jpg,21.54
6235964034_1.jpg,6.90
6235976598_1.jpg,0.43
6235976598_2.jpg,1.50
6235976598_3.jpg,0.63
6236058322_1.jpg,3.10
6236058322_2.jpg,3.38
6236058552_1.jpg,3.39
6236076791_1.jpg,14.44
6236089954_1.jpg,8.92
6236097703_1.jpg,12.26
6236097703_2.jpg,17.56
6236097703_3.jpg,23.42
6236097703_4.jpg,16.02
6236156845_1.jpg,4.35
6236175824_1.jpg,9.63
6236193789_1.jpg,8.48
6236193789_2.jpg,3.27
6236346221_1.jpg,1.95
6236346221_2.jpg,1.72
6236346548_1.jpg,15.93
6236375910_1.jpg,3.91
6236390321_1.jpg,10.20
6236404521_1.jpg,18.02
6236420769_1.jpg,6.68
6236425710_1.jpg,3.29
6236480836_1.jpg,2.78
6251443165_1.jpg,12.90
6251443165_2.jpg,18.72
6251443165_3.jpg,5.30
6251443165_4.jpg,7.49
6251452120_1.jpg,3.93
6251465577_1.jpg,16.01
6251506530_1.jpg,5.86
6251591468_1.jpg,3.71
6251591468_2.jpg,6.46
6251598917_1.jpg,11.64
6251616190_1.jpg,18.41
6251619169_1.jpg,26.21
6251619169_2.jpg,21.08
6251619169_3.jpg,30.81
6251889349_1.jpg,0.24
6251889349_2.jpg,0.16
6251889349_3.jpg,0.02
6251889349_4.jpg,0.18
6251891778_1.jpg,27.94
6251891778_2.jpg,26.21
6251891778_3.jpg,23.04
6251936468_1.jpg,5.97
6251936468_2.jpg,4.28
6251936468_3.jpg,10.47
6251936468_4.jpg,13.36
6251936468_5.jpg,2.50
6251969442_1.jpg,4.91
6252024525_1.jpg,6.54
6252032443_1.jpg,4.16
6252130132_1.jpg,12.23
6252130132_2.jpg,8.92
6252288414_1.jpg,26.36
6252290108_1.jpg,28.89
6252568150_1.jpg,23.97
6252581968_1.jpg,28.30
6252809930_1.jpg,38.55
6252809930_2.jpg,20.41
6252809930_3.jpg,14.36
6252906384_1.jpg,2.33
6252906384_2.jpg,1.94
6252906384_3.jpg,1.54
6252906384_4.jpg,0.00
6252909374_1.jpg,7.27
6253029212_1.jpg,6.42
6253029212_2.jpg,8.35
6253029212_3.jpg,2.52
6253119452_1.jpg,8.75
6253227550_1.jpg,4.40
6253240060_1.jpg,7.75
6253240302_1.jpg,0.55
6253240302_2.jpg,0.28
6253240302_3.jpg,0.33
6253263487_1.jpg,3.35
6253302384_1.jpg,2.80
6253303366_1.jpg,0.89
6253328452_1.jpg,1.48
6253328452_2.jpg,23.48
6273173998_1.jpg,5.81
6273175458_1.jpg,11.33
6273175458_2.jpg,10.90
6273260322_1.jpg,2.57
6273317898_1.jpg,3.52
6273351580_1.jpg,2.45
6273355852_1.jpg,0.76
6273355852_2.jpg,11.07
6273382880_1.jpg,2.67
6273387615_1.jpg,1.65
6273429468_1.jpg,6.24
6273450071_1.jpg,8.31
6273450071_2.jpg,7.97
6273453530_1.jpg,3.68
6273453639_1.jpg,19.12
6273465773_1.jpg,14.98
6273493384_1.jpg,2.39
6273493384_2.jpg,0.68
6273497387_1.jpg,2.76
6273499554_1.jpg,6.51
6273502996_1.jpg,4.28
6273502996_2.jpg,3.95
6273502996_3.jpg,10.94
6273502996_4.jpg,4.72
6273502996_5.jpg,2.91
6273518324_1.jpg,4.31
6273522140_1.jpg,1.96
6273522140_2.jpg,1.95
6273523663_1.jpg,3.22
6273626800_1.jpg,10.69
6273646891_1.jpg,1.86
6273694336_1.jpg,6.57
6273694336_2.jpg,3.88
6273782879_1.jpg,6.68
6273792940_1.jpg,7.94
6273792940_2.jpg,11.46
6273792940_3.jpg,23.02
6273807577_1.jpg,0.34
6273827726_1.jpg,14.02
6273894861_1.jpg,3.42
6273908774_1.jpg,0.45
6273939466_1.jpg,0.79
6273989423_1.jpg,5.93
6273989423_2.jpg,6.96
6274023818_1.jpg,5.99
6274042450_1.jpg,9.72
6274084364_1.jpg,2.96
6274108956_1.jpg,2.28
6274110338_1.jpg,2.24
6274155331_1.jpg,7.05
6274155331_2.jpg,0.35
6274173597_1.jpg,0.40
6274180733_1.jpg,2.65
6274188670_1.jpg,2.70
6274200050_1.jpg,32.37
6274241327_1.jpg,10.13
6274316863_1.jpg,5.58
6274337690_1.jpg,4.20
6320156954_1.jpg,2.68
6320156954_2.jpg,2.85
6320290702_1.jpg,10.76
6320409335_1.jpg,8.29
6320416318_1.jpg,0.57
6320462783_1.jpg,7.78
6320513308_1.jpg,12.08
6320513308_2.jpg,8.14
6320539064_1.jpg,1.18
6320577495_1.jpg,4.00
6320615859_1.jpg,32.84
6320615859_2.jpg,47.97
6320615859_3.jpg,31.42
6320615859_4.jpg,2.15
6320615859_5.jpg,42.15
6320615859_6.jpg,41.32
6320615859_7.jpg,31.68
6320668075_1.jpg,4.79
6320676091_1.jpg,3.28
6320680776_1.jpg,11.55
6320680776_2.jpg,5.21
6320680776_3.jpg,10.43
6320680776_4.jpg,7.82
6320680776_5.jpg,11.08
6320680776_6.jpg,2.35
6320687754_1.jpg,7.77
6320687754_2.jpg,34.08
6320691640_1.jpg,24.82
6320753851_1.jpg,2.45
6320753851_2.jpg,1.75
6320763580_1.jpg,3.43
6320763580_2.jpg,3.15
6320791491_1.jpg,0.66
6320823592_1.jpg,7.40
6320846742_1.jpg,6.66
6320999335_1.jpg,3.24
6321074861_1.jpg,9.04
6321158885_1.jpg,11.58
6321217315_1.jpg,4.75
6333856884_1.jpg,6.49
6333875376_1.jpg,0.00
6333875376_2.jpg,1.47
6333885571_1.jpg,7.81
6333904580_1.jpg,3.69
6334012934_1.jpg,3.47
6334060080_1.jpg,5.07
6334060080_2.jpg,5.37
6334067880_1.jpg,0.95
6334073736_1.jpg,3.37
6334073736_2.jpg,1.29
6334073736_3.jpg,0.63
6334111645_1.jpg,8.27
6334118913_1.jpg,4.11
6334138526_1.jpg,29.82
6334138584_1.jpg,1.98
6334138584_2.jpg,2.48
6334168379_1.jpg,1.71
6334207888_1.jpg,7.44
6334242638_1.jpg,24.45
6334247555_1.jpg,8.94
6334255301_1.jpg,0.37
6334300004_1.jpg,1.80
6334304979_1.jpg,3.23
6334304979_2.jpg,8.14
6334304979_3.jpg,3.31
6334304979_4.jpg,1.81
6334316406_1.jpg,3.22
6334316406_2.jpg,2.45
6334316406_3.jpg,0.57
6334338585_1.jpg,2.58
6334338585_2.jpg,1.29
6334338585_3.jpg,2.04
6334338585_4.jpg,0.08
6334357764_1.jpg,14.08
6334377561_1.jpg,6.31
6334431502_1.jpg,13.07
6334435013_1.jpg,0.97
6334447870_1.jpg,8.17
6334447870_2.jpg,7.95
6334462444_1.jpg,0.81
6334462444_2.jpg,19.39
6334479717_1.jpg,10.21
6334479717_2.jpg,4.28
6334496047_1.jpg,10.78
6334603620_1.jpg,1.68
6334660652_1.jpg,4.32
6334660652_2.jpg,1.26
6334660652_3.jpg,1.08
6334662414_1.jpg,0.71
6334662414_2.jpg,0.55
6334662414_3.jpg,0.00
6334684388_1.jpg,22.12
6334684388_2.jpg,8.99
6334684388_3.jpg,33.78
6334696681_1.jpg,15.92
6334714416_1.jpg,29.51
6334742677_1.jpg,7.87
6334742677_2.jpg,8.10
6334801813_1.jpg,5.05
6334817920_1.jpg,10.80
6334831350_1.jpg,3.81
6334865376_1.jpg,3.91
6334865376_2.jpg,3.78
6334865376_3.jpg,0.43
6334934500_1.jpg,10.04
6334958980_1.jpg,18.09
6334961347_1.jpg,10.38
6334961347_2.jpg,5.82
6334961347_3.jpg,8.52
6334971749_1.jpg,8.64
6334971749_2.jpg,13.71
6334971749_3.jpg,15.50
6334992473_1.jpg,16.48
6341988712_1.jpg,18.39
6342461495_1.jpg,6.75
6342697031_1.jpg,10.96
6342744020_1.jpg,4.93
6342744020_2.jpg,16.80
6342744020_3.jpg,6.86
6342744020_4.jpg,7.37
6342808060_1.jpg,16.10
6342808060_2.jpg,16.10
6343011719_1.jpg,12.16
6343056609_1.jpg,5.59
6343753230_1.jpg,4.79
6343779402_1.jpg,7.57
6343992890_1.jpg,4.63
6343992890_2.jpg,4.65
6344092706_1.jpg,12.95
6344092706_2.jpg,2.33
6344092706_3.jpg,2.83
6344092706_4.jpg,3.97
6344538418_1.jpg,8.74
6344589236_1.jpg,56.34
6344601816_1.jpg,4.08
6344601816_2.jpg,3.76
6344617469_1.jpg,17.53
6344617469_2.jpg,27.03
6344617469_3.jpg,49.02
6344765519_1.jpg,20.51
6344770138_1.jpg,2.24
6344785964_1.jpg,3.67
6344805757_1.jpg,12.55
6344927273_1.jpg,3.00
6345006348_1.jpg,4.46
6345006348_2.jpg,3.86
6345013507_1.jpg,7.92
6352248482_1.jpg,0.84
6352267863_1.jpg,0.90
6352276902_1.jpg,6.87
6352276902_2.jpg,31.44
6352276902_3.jpg,4.10
6352299156_1.jpg,2.51
6352302393_1.jpg,3.80
6352362821_1.jpg,4.58
6352367018_1.jpg,2.33
6352367018_2.jpg,0.59
6352367018_3.jpg,0.98
6352434724_1.jpg,1.04
6352498029_1.jpg,2.39
6352498029_2.jpg,2.99
6352498029_3.jpg,2.91
6352513364_1.jpg,2.83
6352513364_2.jpg,11.22
6352522121_1.jpg,3.49
6352522121_2.jpg,12.46
6352522121_3.jpg,18.03
6352529950_1.jpg,5.46
6352529950_2.jpg,5.83
6352565358_1.jpg,2.34
6352639775_1.jpg,14.01
6352639775_2.jpg,10.15
6352654966_1.jpg,0.74
6352709555_1.jpg,1.97
6352742825_1.jpg,19.61
6352767425_1.jpg,3.10
6352792869_1.jpg,9.27
6352796055_1.jpg,3.83
6352796055_2.jpg,2.10
6352802444_1.jpg,3.11
6352802444_2.jpg,0.64
6352802444_3.jpg,2.38
6352802444_4.jpg,5.70
6352818450_1.jpg,6.24
6352839048_1.jpg,8.75
6352921768_1.jpg,19.94
6352921768_2.jpg,31.58
6352926933_1.jpg,3.06
6352954495_1.jpg,3.56
6352957413_1.jpg,2.93
6353000061_1.jpg,15.92
6353016909_1.jpg,2.25
6353034771_1.jpg,3.95
6353051050_1.jpg,12.89
6353051050_2.jpg,32.35
6353051050_3.jpg,17.42
6353051050_4.jpg,8.37
6353051050_5.jpg,5.04
6353051050_6.jpg,5.40
6353051050_7.jpg,11.09
6353051050_8.jpg,4.32
6353051050_9.jpg,24.40
6353063574_1.jpg,6.37
6353068075_1.jpg,3.64
6353069515_1.jpg,9.76
6353069515_2.jpg,4.29
6353146014_1.jpg,2.38
6353193530_1.jpg,6.30
6353193530_2.jpg,4.65
6353216604_1.jpg,0.84
6353274321_1.jpg,8.39
6353285692_1.jpg,0.00
6353314980_1.jpg,22.76
6353314980_2.jpg,0.00
6353322460_1.jpg,1.70
6353322460_2.jpg,3.24
6353397439_1.jpg,2.61
6398585453_1.jpg,24.70
6398591344_1.jpg,3.57
6398675987_1.jpg,13.23
6398730163_1.jpg,0.90
6398735052_1.jpg,14.64
6398757732_1.jpg,20.41
6398757732_2.jpg,25.95
6398801718_1.jpg,3.93
6398801718_2.jpg,0.84
6398879664_1.jpg,3.84
6398974590_1.jpg,1.06
6398974624_1.jpg,25.02
6398995877_1.jpg,4.01
6398995877_2.jpg,2.23
6398995877_3.jpg,1.79
6399063327_1.jpg,10.08
6399136277_1.jpg,4.93
6399172765_1.jpg,2.31
6399178995_1.jpg,3.15
6399221481_1.jpg,1.78
6399221481_2.jpg,14.09
6399319635_1.jpg,6.43
6399319635_2.jpg,4.80
6399319635_3.jpg,9.80
6399319635_4.jpg,5.23
6399330809_1.jpg,4.99
6399354335_1.jpg,6.39
6399424749_1.jpg,14.68
6399424749_2.jpg,15.21
6399424749_3.jpg,15.76
6399427733_1.jpg,5.89
6399478775_1.jpg,2.13
6399493709_1.jpg,5.10
6399504604_1.jpg,3.88
6399527679_1.jpg,2.24
6399538056_1.jpg,4.27
6399552603_1.jpg,1.70
6399567350_1.jpg,12.26
6399567350_2.jpg,7.40
6399712965_1.jpg,5.79
6399766579_1.jpg,7.24
6399817428_1.jpg,14.14
6399873524_1.jpg,2.33
6399931787_1.jpg,14.38
6399974643_1.jpg,4.43
6399994806_1.jpg,19.09
6400030496_1.jpg,38.70
6400032614_1.jpg,8.44
6400049430_1.jpg,16.44
6400050179_1.jpg,4.39
6400166168_1.jpg,12.06
6400211428_1.jpg,6.40
6400216369_1.jpg,4.01
6400321791_1.jpg,21.23
6400338485_1.jpg,4.70
6400348622_1.jpg,3.99
6400365692_1.jpg,1.85
6400365692_2.jpg,0.59
6400367424_1.jpg,2.78
6400367424_2.jpg,0.78
6400367424_3.jpg,0.32
6400408655_1.jpg,4.94
6400482365_1.jpg,22.39
6400579760_1.jpg,3.58
6400579760_2.jpg,2.64
6400586649_1.jpg,0.30
6400705744_1.jpg,3.37
6400746492_1.jpg,42.29
6400880491_1.jpg,8.95
6400880491_2.jpg,6.06
6410670717_1.jpg,4.75
6410670717_2.jpg,1.90
6410933648_1.jpg,6.05
6410933648_2.jpg,13.98
6411136006_1.jpg,4.72
6411541537_1.jpg,3.67
6411598758_1.jpg,18.95
6411598758_2.jpg,8.26
6411744369_1.jpg,4.66
6411789830_1.jpg,2.88
6411985641_1.jpg,11.42
6412021359_1.jpg,13.81
6412312593_1.jpg,13.35
6412974482_1.jpg,2.62
6413040157_1.jpg,2.71
6413044513_1.jpg,19.56
6413044513_2.jpg,25.83
6413089017_1.jpg,2.43
6413089017_2.jpg,2.47
6413102663_1.jpg,7.67
6413148079_1.jpg,3.40
6413217491_1.jpg,6.73
6413242645_1.jpg,20.93
6413281561_1.jpg,4.89
6413443599_1.jpg,16.26
6413443599_2.jpg,21.65
6413550683_1.jpg,10.89
6413550683_2.jpg,4.26
6413577559_1.jpg,14.31
6413581933_1.jpg,0.72
6413581933_2.jpg,0.31
6413581933_3.jpg,1.62
6413581933_4.jpg,1.10
6413612827_1.jpg,2.57
6413612827_2.jpg,5.41
6413650970_1.jpg,5.20
6413650970_2.jpg,11.13
6413655664_1.jpg,3.54
6413666598_1.jpg,5.55
6413699990_1.jpg,6.16
6413751743_1.jpg,6.25
6413851438_1.jpg,3.10
6413866577_1.jpg,3.06
6413868662_1.jpg,0.30
6413911031_1.jpg,31.69
6413996436_1.jpg,17.99
6414056077_1.jpg,22.62
6422059439_1.jpg,17.73
6422113891_1.jpg,0.32
6422124572_1.jpg,2.08
6422251960_1.jpg,12.60
6422255577_1.jpg,20.54
6422407459_1.jpg,11.24
6422407459_2.jpg,7.55
6422407459_3.jpg,10.68
6422455074_1.jpg,29.46
6422455074_2.jpg,20.45
6422455074_3.jpg,23.95
6422470594_1.jpg,12.08
6422487004_1.jpg,1.46
6422487004_2.jpg,2.80
6422487004_3.jpg,1.25
6422545995_1.jpg,8.38
6422554762_1.jpg,18.94
6422565855_1.jpg,46.73
6422565855_2.jpg,9.39
6422566577_1.jpg,0.01
6422566577_2.jpg,0.00
6422566577_3.jpg,0.04
6422566577_4.jpg,0.62
6422566577_5.jpg,0.00
6422566577_6.jpg,0.78
6422566577_7.jpg,0.53
6422619902_1.jpg,2.67
6422621538_1.jpg,6.57
6422621538_2.jpg,40.09
6422639756_1.jpg,0.91
6422720005_1.jpg,2.05
6422798871_1.jpg,2.56
6422798871_2.jpg,1.81
6422798871_3.jpg,0.87
6422798871_4.jpg,2.18
6422798871_5.jpg,1.75
6422802823_1.jpg,15.04
6422802823_2.jpg,14.22
6422802823_3.jpg,18.68
6423005998_1.jpg,1.97
6423092561_1.jpg,6.91
6423127474_1.jpg,1.71
6423127474_2.jpg,1.54
6423127474_3.jpg,1.34
6424200389_1.jpg,8.66
6424200389_2.jpg,7.73
6430944119_1.jpg,2.81
6431001090_1.jpg,1.06
6431056983_1.jpg,9.56
6431081531_1.jpg,2.34
6431195558_1.jpg,5.11
6431199515_1.jpg,1.71
6431199515_10.jpg,1.36
6431199515_2.jpg,2.08
6431199515_3.jpg,2.66
6431199515_4.jpg,2.35
6431199515_5.jpg,4.68
6431199515_6.jpg,2.59
6431199515_7.jpg,1.60
6431199515_8.jpg,5.55
6431199515_9.jpg,1.78
6431260808_1.jpg,8.43
6431295881_1.jpg,15.46
6431333924_1.jpg,18.62
6431349514_1.jpg,1.57
6431391799_1.jpg,5.66
6431391799_2.jpg,8.76
6431391799_3.jpg,15.18
6431413787_1.jpg,3.14
6431493793_1.jpg,12.68
6431493793_2.jpg,33.31
6431493793_3.jpg,36.21
6431558628_1.jpg,41.06
6431603449_1.jpg,10.56
6431624385_1.jpg,0.86
6431682687_1.jpg,1.27
6431717029_1.jpg,1.20
6431796570_1.jpg,3.68
6431796570_2.jpg,4.00
6431828583_1.jpg,5.70
6431828583_2.jpg,1.95
6431837997_1.jpg,17.46
6431851511_1.jpg,28.15
6431901434_1.jpg,2.78
6431922663_1.jpg,13.94
6431922663_2.jpg,4.66
6431922663_3.jpg,4.41
6431922663_4.jpg,4.45
6431922663_5.jpg,0.84
6431937998_1.jpg,3.70
6440938786_1.jpg,3.08
6440945215_1.jpg,10.94
6440981305_1.jpg,4.75
6440981305_2.jpg,3.64
6441089084_1.jpg,2.38
6441116454_1.jpg,18.00
6441116454_2.jpg,24.15
6441153911_1.jpg,4.01
6441153911_2.jpg,2.11
6441162472_1.jpg,2.16
6441359616_1.jpg,3.61
6441430915_1.jpg,4.90
6441435784_1.jpg,1.28
6441437313_1.jpg,5.33
6441437313_2.jpg,4.07
6441492910_1.jpg,1.66
6441610840_1.jpg,19.93
6441610840_2.jpg,9.26
6441652866_1.jpg,26.43
6441652866_2.jpg,57.37
6441669651_1.jpg,7.44
6441684889_1.jpg,0.19
6441693458_1.jpg,22.40
6441762861_1.jpg,0.09
6441762861_2.jpg,0.36
6441811429_1.jpg,7.72
6441838434_1.jpg,0.74
6441862393_1.jpg,41.59
6441862393_2.jpg,35.36
6441864007_1.jpg,1.54
6441894479_1.jpg,11.71
6441894479_2.jpg,11.49
6441894479_3.jpg,11.10
6442011748_1.jpg,0.23
6442061330_1.jpg,9.67
6447560622_1.jpg,2.92
6447681668_1.jpg,36.12
6451523374_1.jpg,4.53
6451526797_1.jpg,9.53
6451568614_1.jpg,0.27
6451627360_1.jpg,1.37
6451768982_1.jpg,5.00
6451768982_2.jpg,4.41
6451768982_3.jpg,3.05
6451768982_4.jpg,2.73
6451768982_5.jpg,4.30
6451768982_6.jpg,5.78
6451768982_7.jpg,4.71
6451768982_8.jpg,1.87
6451797308_1.jpg,6.12
6451804537_1.jpg,14.54
6451804537_2.jpg,9.80
6451804537_3.jpg,1.64
6451884567_1.jpg,5.21
6451956806_1.jpg,15.55
6451956806_2.jpg,10.01
6451977482_1.jpg,21.57
6451986078_1.jpg,28.56
6452020497_1.jpg,21.78
6452033308_1.jpg,0.08
6452039964_1.jpg,1.39
6452039964_2.jpg,1.00
6452070382_1.jpg,0.48
6452282315_1.jpg,4.39
6452301357_1.jpg,16.03
6452306624_1.jpg,50.83
6452390789_1.jpg,2.09
6452496975_1.jpg,2.19
6452506907_1.jpg,9.12
6452513603_1.jpg,5.81
6452513603_2.jpg,3.50
6452513603_3.jpg,3.55
6452627687_1.jpg,38.83
6452699343_1.jpg,0.94
6469599423_1.jpg,0.20
6469667317_1.jpg,4.09
6469667317_2.jpg,7.28
6469684531_1.jpg,10.35
6469699327_1.jpg,23.31
6469741057_1.jpg,16.06
6469741057_2.jpg,8.40
6469741057_3.jpg,25.28
6469749644_1.jpg,40.69
6469767597_1.jpg,24.93
6469774760_1.jpg,12.80
6469796534_1.jpg,29.22
6469864057_1.jpg,0.00
6469892414_1.jpg,56.99
6469901836_1.jpg,16.44
6469971005_1.jpg,22.75
6469971005_2.jpg,4.97
6469971005_3.jpg,6.16
6470036332_1.jpg,25.59
6470048533_1.jpg,9.74
6470065587_1.jpg,7.35
6470084707_1.jpg,63.15
6470096370_1.jpg,6.26
6470109362_1.jpg,1.16
6470201613_1.jpg,53.51
6470205575_1.jpg,15.00
6470210985_1.jpg,54.38
6470212780_1.jpg,4.58
6470212780_2.jpg,5.78
6470213319_1.jpg,2.21
6470213319_2.jpg,2.27
6470213319_3.jpg,2.37
6470225142_1.jpg,18.05
6470237069_1.jpg,1.80
6470332162_1.jpg,6.08
6470433551_1.jpg,39.84
6470455089_1.jpg,34.16
6470461092_1.jpg,4.90
6470472845_1.jpg,31.44
6470475598_1.jpg,3.69
6470498037_1.jpg,6.80
6470515351_1.jpg,13.76
6470534019_1.jpg,20.54
6470596518_1.jpg,9.40
6470606497_1.jpg,2.76
6470646682_1.jpg,11.72
6470678769_1.jpg,13.26
6470678769_2.jpg,2.31
6470678769_3.jpg,0.29
6470748475_1.jpg,7.00
6479154375_1.jpg,0.83
6479154375_2.jpg,1.12
6479226198_1.jpg,1.89
6479230341_1.jpg,6.52
6479264939_1.jpg,37.13
6479275112_1.jpg,43.79
6479277196_1.jpg,2.90
6479277196_2.jpg,2.65
6479277196_3.jpg,3.40
6479295416_1.jpg,11.05
6479400555_1.jpg,4.10
6479400555_2.jpg,4.66
6479408750_1.jpg,8.19
6479408750_2.jpg,3.50
6479408750_3.jpg,8.75
6479518605_1.jpg,35.73
6479518605_2.jpg,23.79
6479524318_1.jpg,34.59
6479617341_1.jpg,7.35
6479617341_2.jpg,16.33
6479617341_3.jpg,4.45
6479624351_1.jpg,5.25
6479624351_2.jpg,4.79
6479624351_3.jpg,3.32
6479624351_4.jpg,2.00
6479743761_1.jpg,1.23
6479749700_1.jpg,4.94
6479749700_2.jpg,9.71
6479761031_1.jpg,6.48
6479768267_1.jpg,19.63
6479813910_1.jpg,1.12
6479815934_1.jpg,31.06
6479831456_1.jpg,2.13
6479850581_1.jpg,4.29
6479884519_1.jpg,6.42
6479907035_1.jpg,4.46
6479921511_1.jpg,2.32
6480052307_1.jpg,2.39
6480166855_1.jpg,3.97
6480166855_2.jpg,0.13
6480228989_1.jpg,4.00
6480228989_2.jpg,3.88
6480228989_3.jpg,0.00
6480311725_1.jpg,0.00
6480355487_1.jpg,5.79
6480395643_1.jpg,7.63
6480440933_1.jpg,12.40
6480440933_2.jpg,4.08
6480470878_1.jpg,0.16
6480470878_2.jpg,9.88
6480470878_3.jpg,4.87
6480525879_1.jpg,28.84
6480641734_1.jpg,17.04
6480641734_2.jpg,25.56
6480641734_3.jpg,30.21
6480648470_1.jpg,6.94
6480648470_2.jpg,15.09
6480710101_1.jpg,24.39
6480721884_1.jpg,37.50
6480721884_2.jpg,25.34
6480731865_1.jpg,0.12
6480731865_2.jpg,3.49
6480775663_1.jpg,9.77
6480873455_1.jpg,14.46
6480966706_1.jpg,14.64
6480995342_1.jpg,13.16
6481057643_1.jpg,14.93
6481078778_1.jpg,3.54
6481078778_2.jpg,0.54
6481078778_3.jpg,0.71
6481078778_4.jpg,3.24
6481101419_1.jpg,24.59
6481107839_1.jpg,38.54
6481107839_2.jpg,27.92
6481107839_3.jpg,24.23
6481107839_4.jpg,26.79
6481107839_5.jpg,35.96
6481107839_6.jpg,14.29
6481107839_7.jpg,19.04
6481107839_8.jpg,19.20
6481107839_9.jpg,16.42
6481110865_1.jpg,4.47
6481110865_2.jpg,3.50
6481112892_1.jpg,20.66
6481112892_2.jpg,18.34
6481141756_1.jpg,1.52
6481183591_1.jpg,4.21
6481196532_1.jpg,24.20
6481196532_2.jpg,32.66
6481196532_3.jpg,9.68
6481245257_1.jpg,0.36
6481292701_1.jpg,3.66
6481302915_1.jpg,14.31
6481333433_1.jpg,2.99
6481333433_2.jpg,3.49
6481374667_1.jpg,2.73
6481374667_2.jpg,13.55
6481374667_3.jpg,7.96
6481383413_1.jpg,8.46
6481408651_1.jpg,5.29
6481411867_1.jpg,51.93
6481411867_2.jpg,1.82
6481411867_3.jpg,2.99
6481411867_4.jpg,5.73
6481411867_5.jpg,5.78
6481431572_1.jpg,9.31
6486984712_1.jpg,0.90
6487473381_1.jpg,21.97
891151614_1.jpg,8.99
891151614_2.jpg,20.02
891151614_3.jpg,4.86
891151614_4.jpg,31.11
891151614_5.jpg,33.14
891151614_6.jpg,24.43
