"photo_id","wb_gain_r","wb_gain_g","wb_gain_b","exposure_gain","saturated_frac","wb_clamped","exp_clamped","n_bg_pixels","residual_a","residual_b","residual_euclid"
"1038340344_1",0.891791748465478,1.01533990658064,1.11885592922892,1.14265579243277,0.0278,FALSE,FALSE,19444,-0.957671622976941,2.52056864389825,2.6963681547701
"1453120285_1",0.892183597206201,1.07789365028127,1.05106145213003,1.47488392512577,0.00175000000000003,FALSE,FALSE,19965,1.9432005846739,5.62252125802609,5.9488464267648
"1500329613_1",0.93640818307284,1.01747981119002,1.05344200144826,1.21012579127818,0,FALSE,FALSE,20000,0.188957766527664,8.67494275518552,8.67700045195786
"1571084583_1",0.883943457338207,1.01034259804805,1.13773066615327,1.08648695910466,0.04205,FALSE,FALSE,19159,0.946099368524356,5.21503961355163,5.30016435462476
"1836612813_1",0.847410629165532,1.05954918725362,1.14137409020727,1.37768824816024,0.00690000000000002,FALSE,FALSE,19862,-0.302106340464431,2.49143095249913,2.50968054381818
"1850921723_1",1.00342226347368,0.975615732228634,1.02205923721577,1.0688220327697,0.08385,FALSE,FALSE,18323,4.01338722520639,-0.277541733166653,4.02297233809766
"1883943470_1",0.794826127198285,0.779626931103517,2,1.28599975843192,0.03645,TRUE,FALSE,19271,-4.21047537560892,15.6585868213319,16.2147909061387
"1883955048_1",0.781043632869464,0.866253428518582,1.76908109047729,1.29947892729926,0.03355,FALSE,FALSE,19329,-3.84076395292832,15.7540719449455,16.2154941518485
"1891296267_1",0.953978527391731,0.941474803824777,1.12410696116584,1.35256569659629,0.000499999999999945,FALSE,FALSE,19990,-4.34308536438816,6.06079897710906,7.45625071488941
"1913197900_1",0.946993232571518,1.03579432835606,1.02188508414853,1.19192862869418,0.00305,FALSE,FALSE,19939,0.283721722210528,-0.166790359604563,0.329115541582478
"1932340499_2",0.997702291275667,0.999932857063626,1.00237577873991,0.997318129758065,0.0202,FALSE,FALSE,19596,0.282875078284894,-0.274376319953662,0.394082066156276
"1950018831_1",0.974088566964077,0.965892086854722,1.06599925295715,2.64975206409928,0.3057,FALSE,FALSE,13886,-4.56361551454054,21.5235379790561,22.0020288541858
"1950018831_2",0.969779333473935,0.969134051153093,1.06724885962292,2.62825716680396,0.42,FALSE,FALSE,11600,-0.894702241281908,16.2701355326524,16.2947170074056
"2265815760_1",0.631249455191717,1.09269493118225,1.99731680596926,1.87288374017014,0.1582,FALSE,FALSE,16836,-1.37519203969683,16.8962189990736,16.9520904200839
"2294470807_1",0.796613938762485,1.03696168884564,1.28150744793087,1.23700405233545,0.00349999999999995,FALSE,FALSE,19930,0.720522194255363,4.08409988087914,4.1471706101162
"2294654908_1",0.910507105729367,1.00172704921539,1.10688648908966,1.06589850861783,0.0551,FALSE,FALSE,18898,2.05816012487681,0.69092099566449,2.17103544924603
"2331950932_1",0.977939528891801,0.994153989294809,1.02927092240074,1.07701942083679,0.00924999999999998,FALSE,FALSE,19815,0.0126654993591879,0.30567048007144,0.305932765916177
"2331962060_1",0.847004465996043,0.945229930190399,1.31332692790197,1.2347628726811,0.02105,FALSE,FALSE,19579,-0.488652508205567,6.80678514476667,6.82430254903692
"2350398607_1",0.87255980751931,0.991676251948748,1.18265778163801,1.56108162115693,0.00595000000000001,FALSE,FALSE,19881,0.484410002585312,0.78269230988367,0.92046743698826
"2423229015_1",1.08273122680666,1.039459334841,0.897367087714961,2.6544278665213,0.0162,FALSE,FALSE,19676,-0.639032899969916,4.18336904718242,4.23189551290765
"2460075097_1",0.827525809610491,0.952889630308115,1.34745648461938,1.10858750802126,0.16265,FALSE,FALSE,16747,0.401625448724019,10.6594333894641,10.6669969150406
"2465191800_1",0.988161237601546,1.00325830579242,1.00880980908828,1.05388000255507,0.000850000000000017,FALSE,FALSE,19983,-0.000577631134257572,2.72673890184922,2.72673896303178
"2557747757_1",0.903056608705762,1.01445024613451,1.10266455584159,1.66734322281621,0.00529999999999997,FALSE,FALSE,19894,0.732188997526972,3.56034113306127,3.63484933826253
"2563617270_1",0.741319982029148,1.07476182968224,1.38770135953286,1.44870647728546,0.0574,FALSE,FALSE,18852,-7.4732484548091,21.9906472511011,23.2258048082228
"2573839305_1",0.845184655423225,0.975857000112483,1.26248869957529,1.40202171950314,0.00134999999999996,FALSE,FALSE,19973,0.255172504243895,2.18770847081813,2.20253975224319
"2573853581_1",0.990621011264441,1.00410024793473,1.00541342988512,1.03211517763113,0.01735,FALSE,FALSE,19653,0.0226526598516852,0.872250226981142,0.872544326362282
"2574275530_1",0.818292691238731,0.970258849294743,1.33816754340426,1.16973548147506,0.0283,FALSE,FALSE,19434,-0.5240727476718,3.21939863667263,3.26177556350247
"2574275530_2",0.821255645467073,0.978642586353329,1.31487450977547,1.1796300329367,0.00405,FALSE,FALSE,19919,0.479285628606996,3.33526869436427,3.36952993418897
"2576273207_1",0.968013904195913,1.00813814977936,1.02561005520937,1.21738692810293,0.00129999999999997,FALSE,FALSE,19974,-0.0188080217259912,0.535695907584655,0.536025976128202
"2579234560_1",1.02558034004479,1.01476391519452,0.962008901780347,1.02130019069991,0.05245,FALSE,FALSE,18951,-0.332863560256136,-1.22021947374775,1.26480580084835
"2579234560_2",1.03113426502151,1.03171461164756,0.942565786259348,1.03953379919695,0.01625,FALSE,FALSE,19675,0.383083105933824,2.17737555433533,2.21081816770827
"2579234560_3",0.963823524830078,1.04065926704846,0.998466010087574,1.03378984700425,0.0364,FALSE,FALSE,19272,-0.383747673217583,1.44838544054875,1.49835999048743
"2579235321_1",0.987134615479585,0.993692377609983,1.01976375673874,1.02437173578548,0.026,FALSE,FALSE,19480,0.0224716112280365,1.69558960801289,1.69573850935588
"2580215428_1",0.751156861041816,1.01156321945287,1.47026135964606,1.2794217862978,0.0598,FALSE,FALSE,18804,0.101834477846646,0.227585955529741,0.249330359227841
"2609298414_1",0.976565380953471,1.00366568270248,1.0207671864176,1.0063909498201,0.0367,FALSE,FALSE,19266,0.304880083165121,2.1405350907299,2.16213837201897
"2634278770_1",0.923159048638433,1.05981562586533,1.02753517420288,1.09029719519203,0.04405,FALSE,FALSE,19119,0.517383568323093,1.69967304852001,1.77667504868956
"2634278770_2",0.946866087773541,1.07736666356895,0.984547193813666,1.0331403470831,0.15595,FALSE,FALSE,16881,1.56647083614408,1.75152422309703,2.34982296877565
"2634389240_1",0.813665620113533,0.953126298470083,1.38539650760396,1.22053228531932,0.0434,FALSE,FALSE,19132,-0.898728414497479,14.1994878242473,14.2279010129384
"2802695629_1",0.914771354870023,1.00110780312894,1.10139771898852,1.02829793286274,0.02305,FALSE,FALSE,19539,0.866969218193236,3.58887979253882,3.69211237513
"2826482285_1",1.00658137658158,1.01386806647716,0.980183897432173,1.01779846526572,0.0165,FALSE,FALSE,19670,0.0280320966952741,-0.382558410802969,0.383584066563285
"2832394160_1",1.01313950589092,1.02048305702896,0.968015770559283,2.28815308908755,0.00700000000000001,FALSE,FALSE,19860,-0.537529717484386,2.72488619467341,2.77739859780706
"2832394160_3",0.976640741702018,1.03439582808471,0.990752189719953,2.11682030030617,0.00244999999999995,FALSE,FALSE,19951,0.0827352290959094,0.458292353239975,0.465700546673275
"2832840723_1",0.968032456613554,1.00282105982117,1.03115117027191,1.23845998234579,0,FALSE,FALSE,20000,0.443729452710873,-2.19116980220619,2.23564776503443
"2836130398_1",0.988562802232066,0.979211250973632,1.03391191463736,1.1112785860095,0.000600000000000045,FALSE,FALSE,19988,-0.270677224855742,0.278979243486854,0.388710146963137
"2836130398_2",0.990915266372928,0.980344060762197,1.03009745364501,1.03746874038516,0.00375000000000003,FALSE,FALSE,19925,-0.298980574750363,0.408796152381541,0.506461921846065
"2836130398_3",0.932549160878237,1.01159768250705,1.06480942099181,1.03105356393276,0.00770000000000004,FALSE,FALSE,19846,-1.55720028042799,-0.311927022053027,1.58813449696551
"2836130398_4",0.989033558644399,0.978538854946524,1.03414740763326,1.06869054340191,0.00129999999999997,FALSE,FALSE,19974,-0.312487403029194,0.352654707060407,0.47118331832079
"2837320920_1",0.711104450800305,1.11334205754769,1.43773126702462,1.3628766127004,0.1191,FALSE,FALSE,17618,1.12656402671754,2.34664747505897,2.60305606518467
"2837931090_1",0.980089136079683,0.977432942877376,1.04537278280337,1.27967604251884,0.0781500000000001,FALSE,FALSE,18437,-0.80149994527845,3.96082168510539,4.04110264451207
"2838074333_1",0.986387034406679,0.971568035908863,1.04500287415623,1.38977229997277,0,FALSE,FALSE,20000,-0.414697771770389,0.757804907653103,0.863853297715795
"2840158249_1",0.791694043097166,1.00543464082666,1.34718046269314,1.18332675955095,0.0222,FALSE,FALSE,19556,0.697409697692719,4.22510510968885,4.2822766695246
"2841427591_1",0.975705371289581,0.961285158533463,1.06971732802649,1.02530427534766,0.0936,FALSE,FALSE,18128,-1.10740300658291,1.40994574872247,1.7928436723065
"2843233380_1",1.01622170137712,1.00852468658511,0.976166514966517,1.09858884668782,0.01655,FALSE,FALSE,19669,-0.0351068190810877,-0.0795279239293789,0.0869320391484595
"2843670306_1",0.948666235410148,0.991459042375156,1.06692391905381,1.06314151920622,0.0224,FALSE,FALSE,19552,-3.35166758275082,-0.122153235710099,3.35389281257723
"2843670306_2",0.870601316488074,0.976996088000249,1.20798761243588,1.15093647148681,0.02075,FALSE,FALSE,19585,-1.42861433890684,2.67236148807879,3.03025656542427
"2844903345_1",0.875938083984995,1.00309914433124,1.16082489898792,1.30038497298774,0.0474,FALSE,FALSE,19052,0.166886999279553,2.92787336956152,2.9326257413308
"2864577207_1",0.908402107551883,1.01744001956212,1.09133729557248,1.13052476682246,0.000499999999999945,FALSE,FALSE,19990,0.0221902805853103,2.16530101553531,2.16541471696087
"2864770464_1",0.797752209206054,1.03921033056879,1.27517055867204,1.18640395398077,0.11025,FALSE,FALSE,17795,3.98013949158299,9.86854454807591,10.6409436550438
"2873727958_1",0.923339856698145,0.994522941987753,1.0971312944314,1.09042881818786,0.08595,FALSE,FALSE,18281,-0.0595247462834569,0.778111381667812,0.780384852301159
"2873866750_1",0.636989160889825,1.26453154839758,1.56419154902406,1.49897108886509,0.0825,FALSE,FALSE,18350,4.2362209598561,5.06616569090879,6.60390814809424
"2873976282_1",0.947764546449544,1.00776777651206,1.04976569081441,1.14797960394112,0.0128,FALSE,FALSE,19744,0.833506820460156,2.13062206888937,2.28785576909734
"2883055341_1",0.94040347308645,0.98037379783703,1.09097946118385,1.03871378170715,0.08935,FALSE,FALSE,18213,0.340731095607394,6.43176176301119,6.44078077997122
"2883055341_2",0.924425861952151,0.975860106039495,1.11918109996518,1.05826985863614,0.0596,FALSE,FALSE,18808,0.113571135285817,7.84572226601321,7.84654422521059
"2883055341_3",0.940523507966116,0.990362658806484,1.07871230895849,1.0347063218674,0.0556,FALSE,FALSE,18888,0.125792605854574,7.60994548816184,7.61098509474841
"2901806160_1",0.908544647046376,0.955277461156703,1.17298978426039,1.61002524939951,0.00295000000000001,FALSE,FALSE,19941,-7.75320129651236,10.5654779110861,13.1050163614507
"2901806160_2",0.903263935585631,0.974565070810021,1.1536618396429,1.44472567521213,0.00139999999999996,FALSE,FALSE,19972,-5.44183313053281,7.96390166812344,9.64558332088339
"2963821637_1",0.87366945509897,0.96748341102116,1.21685159043375,1.21118143384844,0.0986,FALSE,FALSE,18028,1.28115623920141,12.645895658616,12.7106269836641
"2963821637_2",0.889157154012398,0.972940171997284,1.17990342270843,1.30240805848605,0.12665,FALSE,FALSE,17467,10.9074014376038,11.6770086614389,15.9788590769291
"2980956638_1",0.992505459093369,0.994209672119617,1.0135565049803,1.08662003250009,0.00529999999999997,FALSE,FALSE,19894,-0.552696625556348,0.668308198401735,0.867242415909385
"2980980656_1",0.950691699983382,1.00219298495247,1.05227438575106,1.9405809439,4.99999999999945e-05,FALSE,FALSE,19999,0.163285699480764,1.73237238290667,1.74005065808805
"2980981625_1",1.05812869306403,1.01426975191776,0.935449877451315,1.16075469885706,0.0502,FALSE,FALSE,18996,-0.262827894139617,13.7169945489404,13.7195123075712
"2981000641_1",0.914181273615993,0.994114764718156,1.11085812160246,1.01834254208436,0.1093,FALSE,FALSE,17814,0.335844265122676,6.39765633704026,6.40646532631584
"2981002637_1",0.94278000433504,0.993351205852309,1.07225513023324,0.987982609976107,0.13565,FALSE,FALSE,17287,0.047679263468714,7.63785097954106,7.63799979692598
"2984469058_1",0.918083954585163,1.01913017396564,1.07579390299309,1.08863467329401,0.0122,FALSE,FALSE,19756,0.73271123999008,0.560142176912426,0.922293347891002
"2988582925_1",1.01943038022196,1.02092738601894,0.9619468779236,1.44084576238545,0,FALSE,FALSE,20000,-1.60525564341452,3.56280233647561,3.90773670677929
"3058770954_1",0.944260162818853,0.981113767810221,1.0849281275641,1.04286652156201,0.0448,FALSE,FALSE,19104,-0.292255351721782,-1.23667082177873,1.27073518564998
"3068121913_1",0.854811069863841,0.988430946520771,1.221827123854,1.13663977805862,0.04795,FALSE,FALSE,19041,0.635200071499753,4.53306429089646,4.5773519633336
"3070426710_1",0.922115041282935,0.978391691912593,1.11925546713237,1.2128900627767,0.00314999999999999,FALSE,FALSE,19937,-0.0812159183403161,0.187563416012626,0.204391928456547
"3097148683_1",0.887646965652051,1.00493595209805,1.1385142640648,1.12876304107396,0.0278,FALSE,FALSE,19444,0.727646105936813,3.33442105436674,3.41289212007781
"3112460305_1",0.993345204508345,0.964246557260544,1.04578283357552,1.40917558846692,0,FALSE,FALSE,20000,0.356016154562822,1.46802722909096,1.51057983822842
"3113356712_1",0.976018162989952,0.995899026233591,1.02953632443411,1.19954852845953,0.00114999999999998,FALSE,FALSE,19977,0.493763998638819,0.90112688840196,1.02753713088764
"3301887658_1",0.872671842596411,0.983135097672908,1.19482923844741,1.46701000600721,0.000299999999999967,FALSE,FALSE,19994,-0.676502544573854,-1.34250697477116,1.50332320880246
"3301887658_2",0.731988053840543,1.02327818975832,1.52298304317079,2.58351231938493,0.04875,FALSE,FALSE,19025,-0.830323022083024,-2.11846734538836,2.27537693898789
"3302477598_1",0.941071294783927,1.01806419208603,1.04698346663225,1.0490436390465,0.1108,FALSE,FALSE,17784,2.52111477931294,2.03206934271786,3.23810523980984
"3307442606_1",0.883278700824384,1.05247029167003,1.08967012826251,1.24932590848784,0.00134999999999996,FALSE,FALSE,19973,-1.13394762590041,9.1087328212516,9.17904411293634
"3314445925_1",0.800957426746891,1.03476593281956,1.27373597022152,1.22214275287428,0.000750000000000028,FALSE,FALSE,19985,7.95936826911964,0.280800141186099,7.96431993096452
"3330778873_1",0.95903965627125,0.996439405394403,1.04852914520419,1.03578226874781,0.03205,FALSE,FALSE,19359,-0.262326833112503,-1.31483831393215,1.34075171420915
"3333069622_1",0.879954495184439,1.0329768497303,1.11669247297267,1.11367568097262,0.0414,FALSE,FALSE,19172,-1.55841499641662,14.8448287258797,14.9264060376823
"3333082666_1",0.842343985389272,0.999240488114977,1.23141115432282,1.17450404596965,0.00270000000000004,FALSE,FALSE,19946,0.354911657887258,4.53209405540073,4.54596951286553
"3333272669_1",0.924663920569642,1.00046630190229,1.08814866845357,1.09863081222209,0.00670000000000004,FALSE,FALSE,19866,-0.675313324430521,10.975479060837,10.9962352057886
"3333278685_1",0.97583585955077,0.983747577358502,1.043061144718,1.14378626271536,0.0257500000000001,FALSE,FALSE,19485,-0.237124432508173,-0.228830218048848,0.329531887963223
"3333444422_1",0.948108865368306,1.00424048890264,1.05319544375981,1.0552399213786,0.0107,FALSE,FALSE,19786,0.165253061553072,1.8660252457017,1.87332826593439
"3333444422_2",0.986278406975217,1.02287079440261,0.991623830685563,1.34543973713608,0.00275000000000003,FALSE,FALSE,19945,-1.51592975816633,-0.657046028561048,1.652196270224
"3333444422_3",0.973547438256664,1.03258035070357,0.99563805882274,1.24792611131022,0.00185000000000002,FALSE,FALSE,19963,-1.71811176733355,-0.141380728394358,1.72391895268059
"3333444422_4",0.928091967496177,1.0028005954699,1.08071498334889,1.11784866343278,0.00644999999999996,FALSE,FALSE,19871,0.0383496502391889,1.82189052095643,1.82229409427357
"3333444422_5",0.91515431139355,1.01321174166825,1.08656963848594,1.1456587862783,0.00244999999999995,FALSE,FALSE,19951,-0.196977039157109,1.70421698518952,1.71556273174826
"3333444422_6",0.970793916308446,1.02237710880478,1.00826516048885,1.15352318729719,0.0254,FALSE,FALSE,19492,-0.406199509874056,4.81479851966193,4.83190260940353
"3333444422_7",0.960147881003086,1.01236343444519,1.03017780566902,1.05833433449133,0.0163,FALSE,FALSE,19674,-0.49855853154579,2.83941713238032,2.88285453344978
"3333444422_8",0.945325605173204,1.00371902177674,1.05722922695817,1.02929516099282,0.01915,FALSE,FALSE,19617,-0.595156588015011,0.78117025155986,0.98205820916062
"3355189793_1",0.995688865676327,1.00404178777423,1.00030437580556,1.00555096697582,0.01485,FALSE,FALSE,19703,0.02654614986769,-0.0803211675570514,0.0845942553045169
"3355371525_1",0.866510212357402,0.960271910446807,1.24289405944265,1.11272008854236,0.0236,FALSE,FALSE,19528,-0.230690054688509,2.02968112953392,2.04274897844015
"3355371525_2",0.859744772203899,0.957458816630714,1.26193671373522,1.15185704642533,0.0244,FALSE,FALSE,19512,-0.0526515703471175,2.70878756970403,2.70929922408786
"3355371525_3",0.849731268242928,0.957889740801532,1.28337437822297,1.13373284616189,0.09265,FALSE,FALSE,18147,0.273399418431575,3.0045381410061,3.01695155459266
"3355598905_1",0.991109136510809,0.98279372578937,1.02719829337069,1.00677668083099,0.0306,FALSE,FALSE,19388,-0.307942645606907,0.49069569168827,0.579319372043444
"3384278828_1",0.950574274532864,1.00909319138401,1.04491504384443,1.18674250037404,0.0212,FALSE,FALSE,19576,0.43582521140223,0.439616830729594,0.619036810500419
"3384278828_2",0.987686888150194,0.999105416484823,1.01354296020522,1.0098604142171,0.0316,FALSE,FALSE,19368,0.609745032920578,3.15179521826142,3.21023396390775
"3384478332_1",0.887238188165149,0.962883266893028,1.19852420200679,1.08537118924663,0.2082,FALSE,FALSE,15836,0.555380802156197,5.56430529175809,5.59195325582132
"3384842977_1",0.841552324793754,0.982256824954261,1.25999161368319,1.19735665675076,0.024,FALSE,FALSE,19520,-0.461772800863014,5.3628473005081,5.38269126814681
"3398821297_1",0.95047412374666,1.05663687959357,0.998507644995395,1.06899963037818,0.00175000000000003,FALSE,FALSE,19965,2.25245366509924,1.48633072475488,2.69865272622644
"3398821297_2",0.935414798206441,1.0585755257811,1.01390074243764,1.02478970246502,0.00370000000000004,FALSE,FALSE,19926,1.82212377472402,0.988237374998602,2.07285989872896
"3398821297_3",0.928721904940379,1.05525897473894,1.02499267039319,1.01206122648404,0.00249999999999995,FALSE,FALSE,19950,1.38957825328395,1.11589676873465,1.7821765682648
"3398821297_4",0.924803119365803,1.06645620551986,1.01936408868177,1.02048993474206,0.00449999999999995,FALSE,FALSE,19910,1.32959185942405,0.892375129677347,1.60129568934453
"3398821297_5",0.941529295918091,1.060481602292,1.00509547148563,1.02529139776372,0.00280000000000002,FALSE,FALSE,19944,1.7180818588354,1.49861160680452,2.27983377063078
"3398821297_6",0.911276250828237,1.06265375683558,1.03993600538761,1.08328398101595,0.00149999999999995,FALSE,FALSE,19970,1.02527292553969,0.776442381625653,1.28609771939353
"3456453257_1",0.915833105873798,1.00615556058713,1.09383352272019,1.24402747366499,0.01085,FALSE,FALSE,19783,0.619197902924307,6.87278659479384,6.90062327768759
"3456812595_1",0.842666992826769,0.987997307777754,1.24821646787638,1.14339691662119,0.09115,FALSE,FALSE,18177,-0.2561323962742,6.59199949363907,6.59697363406577
"3456832289_1",0.891313635000121,1.00063339627188,1.13805330130772,1.25146504313953,9.9999999999989e-05,FALSE,FALSE,19998,0.0201748681149527,0.967818945484211,0.968029202318621
"3456865758_1",0.827624483257068,0.941604829661786,1.37041510800724,1.17058185181023,0.0714,FALSE,FALSE,18572,-1.41776101100449,9.19053741083389,9.29924858170066
"3456921947_1",0.903244336267822,0.998768523431276,1.12152023874149,1.1468107246665,0.00249999999999995,FALSE,FALSE,19950,-5.92533534576889,9.70594147677792,11.3716708935168
"3456921947_2",0.871322500696856,1.00615166738951,1.1649127679727,1.35371584842257,4.99999999999945e-05,FALSE,FALSE,19999,-6.59856712400003,9.63129746017701,11.67488667424
"3456957729_1",0.947900524784155,1.02907122990992,1.02744622349115,1.13357133364076,0.05655,FALSE,FALSE,18869,-0.286196707607655,0.626149218371208,0.688455807668391
"3499575985_1",0.811699226208293,1.08838806290252,1.1775419729097,1.20284818431628,0.0580000000000001,FALSE,FALSE,18840,6.55575882041234,14.4457561727719,15.8637273398969
"3712538000_1",0.729905474309047,1.08027761416486,1.41990674009263,1.36643792085323,0.0462,FALSE,FALSE,19076,-1.31012526638188,3.26472582560681,3.51779233753163
"3712705587_1",0.728117877584001,1.1752625339221,1.28912113438167,1.37236853501143,0.2185,FALSE,FALSE,15630,0.303587886345713,11.4656978179396,11.4697163023782
"3716412969_1",0.989108939416436,0.99490259293773,1.01639909692362,1.03281874363767,0.0319,FALSE,FALSE,19362,0.0849026387037266,1.97348710116758,1.97531258198131
"3717067901_1",0.933726267275139,1.01727014713835,1.05708327536439,1.0829993714035,0.00754999999999995,FALSE,FALSE,19849,0.356047130611936,1.55938382524967,1.59951476194104
"3719478579_1",0.915157258346456,1.01710659711198,1.08212166220007,1.24842240033919,0.13645,FALSE,FALSE,17271,-2.29530403665176,2.9706458850151,3.75408545385251
"3721204917_1",0.976029220949853,0.978740634496464,1.04852646798936,1.02531501803425,0.04655,FALSE,FALSE,19069,-0.183595480777676,0.183196037055122,0.2593609233379
"3722273728_1",1.02020170605415,1.00306405748551,0.977654364171853,1.03049325322744,0.0225,FALSE,FALSE,19550,-0.24991383377343,2.72026033290284,2.73171616444241
"3722486952_1",0.865202031486167,0.977697421026838,1.21744957325275,1.38419318103284,0.00270000000000004,FALSE,FALSE,19946,0.475609119848674,4.84255031187193,4.86585013722105
"3722486952_2",0.855095086905059,0.974403129614541,1.24336334010854,1.55598221064906,0.01295,FALSE,FALSE,19741,0.300385363463551,5.557811873828,5.56592348055977
"3722486952_3",0.887101237065931,0.971166703845473,1.18617826241658,1.35605487501476,0.00714999999999999,FALSE,FALSE,19857,0.335284487906262,4.66963170034045,4.68165311665174
"3722537597_1",1.00409879142347,1.01189079533354,0.984413654836286,1.00331844851928,0.0235,FALSE,FALSE,19530,0.18930108954518,-0.364454648501411,0.410684907584001
"3722586072_1",0.991128977003657,0.991467451997526,1.01787013662041,1.01573762401723,0.00844999999999996,FALSE,FALSE,19831,-0.0136380837587047,0.0810839748432324,0.0822229183682225
"3722774853_1",0.936713154081503,0.98049631631312,1.09583555133988,1.04739289195675,0.05765,FALSE,FALSE,18847,-1.32303737153794,2.29526556052035,2.64927761470874
"3722937237_1",0.976888043575102,1.00202987906711,1.0221113236038,1.05670393815458,0.00349999999999995,FALSE,FALSE,19930,-0.190116341883595,0.58002714762333,0.610389806133143
"3722937237_10",1.0148658350141,1.00338462459602,0.982297731021594,1.90787233602643,0,FALSE,FALSE,20000,-0.0078151328844478,0.540558586645479,0.540615077387007
"3722937237_11",1.00465540355472,1.00134603561358,0.994057467363761,1.5369399304755,9.9999999999989e-05,FALSE,FALSE,19998,-0.0788807486017395,0.179361419851665,0.195940530343204
"3722937237_2",1.06787144401236,1.00390391380714,0.936815166833405,1.26065586509273,0.000149999999999983,FALSE,FALSE,19997,0.323546879340553,2.58263274627206,2.60282048655834
"3722937237_3",1.06375028375284,1.00361003591853,0.940267799405565,1.2596206431579,0,FALSE,FALSE,20000,1.02598548828431,3.26281199872618,3.42031992088482
"3722937237_4",1.01892437501837,1.00557336431651,0.976452488242588,1.21588909424581,0.000249999999999972,FALSE,FALSE,19995,-0.0342945331830991,0.697526175510332,0.698368728200453
"3722937237_5",1.10693509935708,1.01112500959828,0.902847085448026,1.22515280737707,0.00105,FALSE,FALSE,19979,0.692777363316077,4.12020649652844,4.17804284912905
"3722937237_6",1.19013622420216,1.05403874361398,0.825744519654782,1.37140822428825,0.1323,FALSE,FALSE,17354,-0.0909712552618347,7.07411289897363,7.0746978081547
"3722937237_7",1.01288690426286,1.00392650808432,0.983638070100826,1.86382344083979,0,FALSE,FALSE,20000,-0.0293400129012245,0.501106338167578,0.501964539094908
"3722937237_8",1.03002299814341,1.00240618723884,0.969416553361266,1.60261410960403,0,FALSE,FALSE,20000,0.0884074489164166,1.46381399770517,1.46648126374035
"3722937237_9",1.04131128565231,1.0064408979442,0.955957099258122,1.75382604757827,0,FALSE,FALSE,20000,0.113632306151967,1.49928221674931,1.50358221140786
"3723212713_1",0.814796782386687,0.972146997012617,1.34399733975281,1.21963755025935,0.0123,FALSE,FALSE,19754,-1.12951769172359,6.33604993631196,6.43594119079373
"3723288201_1",0.955839200281609,0.996122381350854,1.05273551086673,1.03362276413293,0.06325,FALSE,FALSE,18735,0.463633070665825,-0.27719336973373,0.54017755269852
"3723288201_2",0.913865138782263,0.982449468072891,1.12627504940279,1.07892895245432,0.0234,FALSE,FALSE,19532,0.89564102756573,-0.0511436143709965,0.89710006105781
"3723288201_3",0.953297676270768,0.983128710605911,1.07083704672521,1.03506298565824,0.06035,FALSE,FALSE,18793,0.256108946252775,-0.156221599286388,0.299994967348294
"3723288201_4",0.945614913941036,0.987088149182624,1.07595566945092,1.04133216113712,0.05625,FALSE,FALSE,18875,0.607979756113486,-0.851823099377436,1.04653809126892
"3726181438_1",0.701834963744545,1.03013283952563,1.65449231683858,1.39978474300011,0.0323,FALSE,FALSE,19354,0.431461970071378,9.86442615926319,9.87385754825205
"3726332413_1",0.976759682248613,1.01062085509965,1.01346288470189,1.45422886592335,0.00305,FALSE,FALSE,19939,-0.173185087757488,-0.24102307881928,0.296791507872267
"3726537849_1",1.17679764841416,1.03090278342619,0.847304922911245,1.68588883978129,0,FALSE,FALSE,20000,-0.121977134954265,0.645869112198727,0.657286339082156
"3727072388_1",0.819740729307596,0.952793698651151,1.36881868268535,1.21434629670436,0.0165999999999999,FALSE,FALSE,19668,-0.225567427192763,5.26115328436101,5.26598656908209
"3728869498_1",0.988906876566243,0.989634671181326,1.0221724071824,1.01516484858238,0.00865000000000005,FALSE,FALSE,19827,-0.148597822228869,0.0295920816247408,0.151515689174579
"3729861787_1",0.868582864455542,0.916787997535514,1.31937495732348,1.18174357284394,0.04525,FALSE,FALSE,19095,-6.020996386366,-2.53478094449529,6.53280276154185
"3730019654_1",0.946358290237909,1.0034579717019,1.05622963833404,1.0324704953525,0.0516,FALSE,FALSE,18968,0.235958230232619,3.370617229763,3.37886619977614
"3730019654_2",0.94098189590177,0.998379509731402,1.06876751877513,1.04144520515071,0.04545,FALSE,FALSE,19091,-0.268943204554728,1.84338460569806,1.86290022593825
"3731005832_1",0.738596976548201,1.01123637444954,1.52162262813005,1.21545379303488,0.19295,FALSE,FALSE,16141,2.52924461931753,7.74814839897784,8.15051421426461
"3731005832_2",0.718572652799573,0.997815447831868,1.64972145197912,1.39551045368163,0.06865,FALSE,FALSE,18627,2.4754628458879,7.57897660167237,7.9730046174619
"3731005832_3",0.700233383903266,1.04231420628694,1.63265010744541,2.55792730397035,0.00739999999999996,FALSE,FALSE,19852,-3.02879589349148,10.0243051970465,10.4718813614348
"3731636020_1",0.973474514951734,0.981778186002259,1.0480074055499,1.1527725511752,0.02215,FALSE,FALSE,19557,-0.184683766574045,-0.384485390259992,0.426540864348722
"3731831303_1",0.969171038815531,1.01884639751744,1.01349143347309,1.03039773867575,0.04075,FALSE,FALSE,19185,-0.196751453413302,4.72914037753256,4.733231437911
"3732890566_1",0.859218546686264,1.06308387828437,1.11670430496821,1.12377673036915,0.16515,FALSE,FALSE,16697,3.01306236895604,0.870249564995529,3.13622051912711
"3759482924_1",0.907190067007515,1.00995040093013,1.10187066726493,1.12964766052258,0.00895000000000001,FALSE,FALSE,19821,-1.00430939380575,4.70717952934046,4.81312543779282
"3759988061_1",0.85742266408455,1.03305728870958,1.1551165195191,1.08478726502433,0.0851,FALSE,FALSE,18298,3.58905607923449,11.038335105116,11.607160093353
"3760047309_1",0.903995240025622,1.00917686167101,1.10755107552423,1.23569387496111,0.00549999999999995,FALSE,FALSE,19890,1.08538690497412,2.58160484686664,2.8004907282215
"3760066261_1",0.849875517427334,1.00597204800474,1.20584542732172,1.16547595768491,0.00619999999999998,FALSE,FALSE,19876,-0.71100302268326,2.71918229682643,2.81060094315059
"3760246471_1",0.735928281140471,1.02191472179724,1.50916811229532,1.41371938911324,0.00665000000000004,FALSE,FALSE,19867,0.545585583959507,5.36798962319567,5.39564418991475
"3760256884_1",1.02350657445927,1.00088184085327,0.976707699643761,1.05203784233013,0.0237000000000001,FALSE,FALSE,19526,-0.762418193702763,-0.280035809574475,0.812220140561052
"3760256884_2",1.01235689820705,0.989944349367798,0.997955911659644,1.1431228074333,0.02585,FALSE,FALSE,19483,-0.139111076190968,6.00389608016645,6.0055074750563
"3760256884_3",1.03324285875654,0.99219492366979,0.976269952055058,1.09462675585423,0.0590000000000001,FALSE,FALSE,18820,0.616018022726483,-2.14919900242015,2.23574027031935
"3764383743_1",1.19220821506003,1.02997221623833,0.840109964781188,1.23460003238307,0.00214999999999999,FALSE,FALSE,19957,-0.199662304225856,0.0420415049853906,0.20404049566254
"3764383743_2",1.16243989587692,1.04703823626505,0.844120126193294,1.16943504039041,0.019,FALSE,FALSE,19620,-0.232310234000943,0.286653953732863,0.368969557026396
"3772866981_1",0.906554523429671,0.992291268715296,1.12466486064218,1.05584659122792,0.01615,FALSE,FALSE,19677,0.484944698657064,2.56232464511783,2.60781114111697
"3772866981_2",0.902797368259586,0.987834232350657,1.13634280432467,1.05151090448656,0.05485,FALSE,FALSE,18903,0.800846030542202,2.38423037472077,2.51513594948193
"3772866981_3",0.893428442850093,0.991622209858617,1.14643715824553,1.09082101194885,0.0103,FALSE,FALSE,19794,0.544703472910191,2.18050518902048,2.24751079035133
"3772866981_4",0.893264478288164,0.990399333099184,1.14834690334557,1.09204693362531,0.01075,FALSE,FALSE,19785,0.651613905333526,2.34439580859584,2.43326784160433
"3772866981_5",0.890234665452115,0.991136105509186,1.15239567612262,1.10091788693509,0.00839999999999996,FALSE,FALSE,19832,0.611500174374391,2.23317227320596,2.31538136493231
"3773113464_1",0.771006236405279,1.00378994931592,1.4148889076212,1.19511382017439,0.1112,FALSE,FALSE,17776,2.13484026746524,4.82789073723051,5.2788324408175
"3773113464_2",0.939603873967471,1.01588626058841,1.05112730687245,1.01930541737363,0.05955,FALSE,FALSE,18809,1.03605397988224,0.448572376779222,1.12899292577021
"3773243031_1",0.823741124692606,1.01492178795933,1.24886232408983,1.14365484791951,0.03105,FALSE,FALSE,19379,1.29076982587056,5.53793971857448,5.68637521360864
"3773243031_2",0.817885749781072,1.01837216473876,1.25726690786614,1.13233847115895,0.03155,FALSE,FALSE,19369,1.75613670167118,5.91247059408218,6.16776496316478
"3773243031_3",0.812957885156468,1.01994241998528,1.26666218796437,1.15267691976366,0.02055,FALSE,FALSE,19589,1.71318471624127,5.65228720252795,5.90621304152025
"3773243031_4",0.80964519320215,1.02319959856246,1.26973701307952,1.16264557882948,0.02315,FALSE,FALSE,19537,1.49588093646902,5.39134874068246,5.59502466658993
"3773243031_5",0.819271388579017,1.01625546360507,1.2572311327786,1.18273938934419,0.00524999999999998,FALSE,FALSE,19895,1.92543854696675,6.32890845270151,6.61531524576282
"3802670246_1",0.836409708274674,1.05868557950512,1.16299871521785,1.12702209418951,0.06965,FALSE,FALSE,18607,1.76406723027983,7.96218958396602,8.15526800074431
"3823183511_1",0.959300710340113,1.00596571018522,1.03787805077328,1.0924026263081,0.00485000000000002,FALSE,FALSE,19903,-0.0290533130865023,0.923118061452088,0.923575146038677
"3826070635_1",1.11639220497774,0.936927824643196,0.964376530983303,1.20034998557016,0.00044999999999995,FALSE,FALSE,19991,-0.462807784925912,0.615169287935369,0.769820952304455
"3827320067_1",0.963972833186859,0.996505235563246,1.04262311433993,1.23238135445611,0.01225,FALSE,FALSE,19755,0.31219220400619,0.304791269646509,0.436304584315789
"3827320067_2",0.930277018184904,0.991582956632828,1.09103261327655,1.24432166283136,0.0168,FALSE,FALSE,19664,0.349345223199377,-0.136920852599443,0.375219142433832
"3858541671_1",0.899935924180598,0.980141566008437,1.15134552534316,1.03587499576736,0.1787,FALSE,FALSE,16426,-0.0968367202875409,5.08123385771595,5.08215651738462
"3858541671_2",0.882652147733866,0.987955187058091,1.1697832930471,1.09894890316517,0.0777,FALSE,FALSE,18446,0.158522170767339,2.99793409575633,3.00212226951587
"3858549267_1",0.940974047649045,0.991809797023248,1.07641050913145,1.05138307348298,0.0173,FALSE,FALSE,19654,0.0188580751490641,1.54422129164695,1.54433643503419
"3859435335_16",0.939120082154417,1.00111053479092,1.06805342746389,1.51594884403062,0,FALSE,FALSE,20000,-0.398739818945781,-2.34623891765908,2.37988035454537
"3859435335_7",0.947862196270943,0.950803608795709,1.1195043903998,1.07859706251071,0.00380000000000003,FALSE,FALSE,19924,-1.8369216225137,-1.98413966182414,2.70390296513798
"3859908278_1",0.824290924637893,1.00158117511057,1.26836791709412,1.19451214234424,0.00505,FALSE,FALSE,19899,0.252309699832143,3.5473093271339,3.55627103115054
"3860540781_1",1.00570656154519,1.00281323802083,0.991591770418671,1.05489859877474,0.1173,FALSE,FALSE,17654,0.190170209368679,4.39482062203927,4.3989331670796
"3860540781_2",1.0034781329608,0.987138187292266,1.0096556569619,1.07111067391848,0.01805,FALSE,FALSE,19639,-0.0820476119752223,5.43450347469348,5.43512279779273
"3860540781_3",0.990500099462788,0.993659213670478,1.01623151672979,1.07061676928183,0.0314,FALSE,FALSE,19372,-0.0649539363910545,4.47111000145316,4.47158178488856
"3860540781_4",0.99641917277961,0.989518194677469,1.01439068696082,1.06710888785237,0.0296,FALSE,FALSE,19408,-0.245911579222047,4.84965922077184,4.85588993516254
"3860707797_1",1.03050118507054,1.0702372308944,0.913053461259112,1.60345860688146,0,FALSE,FALSE,20000,1.12229949336287,0.376281341262019,1.18369920190245
"3881401228_1",0.928232681022435,0.997760064810209,1.0864381620617,1.06543581666184,0.05685,FALSE,FALSE,18863,1.60339940836518,5.22252309550704,5.46311606556645
"3902862211_1",0.897103080857441,1.01764407430923,1.10786254420287,1.08716789416439,0.17145,FALSE,FALSE,16571,1.57809612321833,7.00442999897257,7.18000187915182
"3902862211_2",0.897610203620935,1.01321664636818,1.11237809353086,1.04132381973706,0.16165,FALSE,FALSE,16767,1.53465517716539,5.97533664118555,6.1692636909355
"3902862211_3",0.92543778233549,1.00710833411635,1.07934422214575,1.07318383173625,0.16665,FALSE,FALSE,16667,2.10404507090223,6.77030278149263,7.08971123625461
"3902862211_4",0.912776589434138,1.00788186557781,1.09617644610569,1.05401486562362,0.1332,FALSE,FALSE,17336,1.11447070389417,2.63070263753077,2.85703365695081
"3902967429_1",0.807078106445698,0.987612024540632,1.33614960464179,1.34014228879011,0.00449999999999995,FALSE,FALSE,19910,-2.6585576874496,10.6159228380236,10.9437537746592
"3902981876_1",0.917645743073214,0.966385252484324,1.14224249270399,1.07397758766188,0.0705,FALSE,FALSE,18590,0.580227609734862,4.68129881642354,4.71712016888981
"3902981876_2",0.938532700987323,0.949253149277679,1.13501289462363,1.09544922098067,0.0578,FALSE,FALSE,18844,1.23678813320102,4.68568701315866,4.84616422252802
"3903396620_1",0.824939774933744,1.0041853828103,1.2626928491622,1.8333641590328,0.000700000000000034,FALSE,FALSE,19986,0.100773917797559,8.57241568674479,8.57300799538041
"3903411689_1",1.00607282900924,1.010120013082,0.984198886823982,1.19101226456455,0.00175000000000003,FALSE,FALSE,19965,0.481242071126931,0.35039079677035,0.595287864384869
"3906202757_1",0.987666142350435,1.03651701918346,0.97776310074001,1.24970819788345,0.01095,FALSE,FALSE,19781,-0.813469761318908,4.69624329162928,4.76617604655485
"3906202757_2",0.951423335678177,1.00390060126263,1.04950668865881,1.17440832055095,0.016,FALSE,FALSE,19680,0.154174568973653,2.49259242878258,2.49735596456381
"3912160950_1",1.0071232936488,1.00812611371708,0.98509208577967,1.10236954729482,0.00719999999999998,FALSE,FALSE,19856,-1.42164437787862,0.644653435086462,1.56097751057555
"3915520262_1",0.993773347122361,0.934151543524739,1.08313703821384,1.10721275667186,0.0508,FALSE,FALSE,18984,-11.2581470696366,11.4954854672268,16.0901231060794
"3923238471_1",0.973532852855141,1.02379200068851,1.00396325082838,1.08638072630884,0.00785000000000002,FALSE,FALSE,19843,-0.170964644345795,1.50393172526391,1.5136180310341
"3923582681_1",0.962631123242103,1.0028637338773,1.03730562015346,1.00835140687918,0.00914999999999999,FALSE,FALSE,19817,0.498123428899655,3.4230369437918,3.45909075755209
"3947327530_1",1.03676192289567,1.00250268141225,0.963433055027759,1.46713836015793,0,FALSE,FALSE,20000,0.0641322824674884,3.96865982532046,3.96917797015543
"3947327530_2",0.958724653307729,1.00829172573407,1.03608562829167,1.52848144814917,0,FALSE,FALSE,20000,-0.00830953984651273,2.82003461743907,2.82004685989563
"3947803672_1",0.96517599234252,1.0271703584309,1.00972243247828,1.04031174282815,0.0471,FALSE,FALSE,19058,-0.410569957772,2.31290936540989,2.3490673517006
"3961423615_1",0.803746335452346,0.991731148491146,1.33781309994886,1.22568868212411,0.0134,FALSE,FALSE,19732,-0.230072312917773,2.43728438533106,2.44811936885233
"3985754255_1",0.904011862665718,1.027407734283,1.08637033649567,1.04842017343057,0.02495,FALSE,FALSE,19501,-0.329601795908518,8.36964696121716,8.3761344067104
"3988458859_1",0.918943035288928,0.982876229361546,1.11810402893672,1.05635756549302,0.0326,FALSE,FALSE,19348,1.14065836169683,6.00217722833455,6.10960170374851
"3994100977_1",0.988530818323452,0.994415825919855,1.01751942787198,1.00340333667559,0.0107,FALSE,FALSE,19786,1.03426741027596,1.80441245105605,2.07981089753012
"3995689061_1",0.992215370045649,0.993061864697546,1.01505562499028,1.03745458347919,0.01165,FALSE,FALSE,19767,-0.0302840234449597,0.344874063155665,0.34620115758546
"3997237906_1",0.975610989362348,0.989938045570828,1.03644442345174,1.15232880292798,0.12635,FALSE,FALSE,17473,0.129397016851385,-0.35498638098368,0.377834512258909
"3997237906_2",0.899018859670596,0.985585360699789,1.14540869116383,1.16528514842507,0.04275,FALSE,FALSE,19145,-0.224690105748493,5.28371085438568,5.28848617624877
"3997237906_3",0.978433957066469,0.997774324551822,1.02487581508767,1.0430525635831,0.1419,FALSE,FALSE,17162,-0.078425356344447,0.386353848091936,0.394233220889869
"4029102524_1",1.00759325993247,0.947299003312888,1.05052706300488,1.23351390739316,0.00134999999999996,FALSE,FALSE,19973,-1.76024062167013,-1.21772583517195,2.14039791997256
"4034999533_1",0.843354351189086,0.946910413416227,1.31892593663,1.20572260751909,0.0495,FALSE,FALSE,19010,1.56794228003004,2.89480768688295,3.29216563033248
"4046426831_1",0.767446385428442,0.929528860127746,1.60988196253314,1.26690237010443,0.051,FALSE,FALSE,18980,-0.612933669494942,9.84293509288347,9.86200075673884
"4056871645_1",0.990772259898257,1.00808114939481,1.00129900164862,1.00140032554336,0.01675,FALSE,FALSE,19665,1.10606113516076,1.67090431148245,2.00381946613056
"4057175676_1",1.03496212056587,0.987404380603924,0.979408168363095,1.05150599894494,0.00795000000000001,FALSE,FALSE,19841,-0.415122515806332,0.136395416007029,0.436955847468722
"4057916546_1",0.984903874675943,0.997024937841313,1.01865301468367,1.07095056996714,0.00329999999999997,FALSE,FALSE,19934,-0.6001468886562,0.724505942779952,0.940789641252062
"4058432899_1",0.763397503842686,0.98717234509499,1.47694755632897,1.30980509732889,0.0313,FALSE,FALSE,19374,0.176300471837421,13.5376140095735,13.5387619422372
"4058432899_2",0.683628288030628,1.06117234749051,1.68105998891144,1.6367716488367,0.0652,FALSE,FALSE,18696,1.4590185467,14.0364697851899,14.1120947824964
"4058432899_3",0.674303661256035,1.04583217052642,1.78312791329698,1.33313962013328,0.2316,FALSE,FALSE,15368,1.53655900111169,18.447825359153,18.5117064055615
"4062645353_1",0.887975593766949,0.983521591453892,1.16674075815382,1.11912037693759,0.00495000000000001,FALSE,FALSE,19901,0.609278227697796,4.4278012564696,4.46952390367703
"4062749967_1",0.950140311481609,0.952442328463704,1.11409250851073,1.16048951231038,0.0855,FALSE,FALSE,18290,1.35699816668028,4.37956398644802,4.58497816088213
"4062749967_2",0.970433838473929,0.9468767976702,1.09477530927487,1.17103380044768,0.0468499999999999,FALSE,FALSE,19063,1.36726946804561,4.42487273854426,4.63129836553011
"4062749967_3",0.955193826073675,0.976105513673099,1.07687527014166,1.10559919246175,0.02705,FALSE,FALSE,19459,0.683937551648417,1.54674268458685,1.6912077066043
"4062749967_4",0.936200117893509,0.964946355413139,1.11666308163377,1.15531169560478,0.02095,FALSE,FALSE,19581,0.738195845517153,2.72957696925027,2.82763567975089
"4062749967_5",0.936664131851266,0.96815957749303,1.11173630764824,1.10960791752248,0.05055,FALSE,FALSE,18989,1.47087652201411,3.73924207435772,4.0181350193416
"4062835793_1",0.762873524238451,1.08301599656445,1.30579101558734,1.22821124542872,0.0558999999999999,FALSE,FALSE,18882,2.8699133953819,8.78875377403163,9.24546352529432
"4075794471_1",0.854476448001222,1.01343358714763,1.18631244987724,1.15056291372095,0.0468499999999999,FALSE,FALSE,19063,1.47552731890727,4.26081139260679,4.50906804031714
"4075981856_1",0.927773245971438,1.01138184146448,1.0713472521813,1.16516757055339,0.00370000000000004,FALSE,FALSE,19926,-0.32140212738363,-0.350918957532786,0.47586073828655
"4080512888_1",0.882306640343496,1.00020899187573,1.15364718399858,1.09858950660905,0.00609999999999999,FALSE,FALSE,19878,2.78440199424052,3.87092907648634,4.76833161396289
"4080639109_1",0.87584136346357,0.943049874347614,1.25336619523763,1.10301941623996,0.16145,FALSE,FALSE,16771,1.88609067613166,5.10875086015683,5.44579410093183
"4080680039_1",0.986735993974478,1.03635327582553,0.978822424976896,1.53733897380452,0.00170000000000003,FALSE,FALSE,19966,0.116201899099,1.12768002533085,1.13365123423582
"4080680039_2",0.892300394826089,1.02138128989237,1.11082121159434,1.92591020959857,0.00055000000000005,FALSE,FALSE,19989,-0.129399158196153,0.0692417264737344,0.146760208595302
"4080680039_3",0.953827279594546,1.03112248045943,1.01856304138242,1.60167445960967,0.00380000000000003,FALSE,FALSE,19924,-0.392882968936303,1.17968080226108,1.24338402052767
"4080680039_4",0.931209510672744,1.03296881551046,1.04379299203192,1.43013046583715,0.00409999999999999,FALSE,FALSE,19918,-0.723342672291793,0.439359931285255,0.846322498092315
"4080861465_1",0.837537190446851,0.931206000278821,1.36584606471542,1.27368791586036,0.0227000000000001,FALSE,FALSE,19546,-2.24653445479056,6.28370055481855,6.67321584539179
"4080861465_10",0.861655316601705,0.952499178294914,1.26650661067853,1.26328591488756,0.02255,FALSE,FALSE,19549,-0.914369864413012,2.47919902619365,2.64244206377854
"4080861465_11",0.872323071425573,0.960589324734374,1.23060545739066,1.23269243182249,0.0328000000000001,FALSE,FALSE,19344,0.456002244960452,0.430671584192405,0.627228874367059
"4080861465_12",0.8723512873108,0.96245789812288,1.22749642698423,1.28084161413819,0.01195,FALSE,FALSE,19761,-0.181008855593134,0.531239164101738,0.561230126845173
"4080861465_13",0.869635268990739,0.956904617639149,1.2421489978823,1.27033619009538,0.00939999999999996,FALSE,FALSE,19812,0.0149360522177788,-1.61126525971959,1.61133448508839
"4080861465_14",0.856373144685118,0.959684721151748,1.26538094420176,1.24673401239764,0.0127,FALSE,FALSE,19746,-0.453582593833213,-0.463412800896723,0.64845091831488
"4080861465_15",0.842390716114342,0.930318700282268,1.35500999614605,1.25468675660821,0.02335,FALSE,FALSE,19533,-0.769443040125217,0.582195789154061,0.964880577535819
"4080861465_16",0.864040256689771,0.957378734734119,1.25293216094913,1.25069193082122,0.01875,FALSE,FALSE,19625,-0.214052265045173,-0.478635986159137,0.524319348696478
"4080861465_2",0.848463068221785,0.951698465908572,1.29761376983142,1.29208730362482,0.00939999999999996,FALSE,FALSE,19812,0.219762291469666,-1.44977161462817,1.46633324975381
"4080861465_3",0.809683155243495,0.944350062512678,1.41639120058219,1.33907470356334,0.011,FALSE,FALSE,19780,-0.830977886892126,-4.08245119114583,4.1661651403409
"4080861465_4",0.849830966911373,0.949344804276332,1.29880697305811,1.26002796342571,0.00995000000000001,FALSE,FALSE,19801,1.05755210794212,-2.18003934225504,2.42301217388452
"4080861465_5",0.863026063003054,0.971199685580909,1.23208536704506,1.2253140552943,0.00760000000000005,FALSE,FALSE,19848,0.347999566045032,-1.25304340642751,1.30046971374154
"4080861465_6",0.868979455697609,0.961855627020665,1.23522708392089,1.22514074613129,0.0103,FALSE,FALSE,19794,0.225139076107883,-2.98193008123144,2.99041713025853
"4080861465_7",0.848372161468721,0.944152848117691,1.31212676886218,1.23450976368929,0.0246499999999999,FALSE,FALSE,19507,-2.13623743870761,6.50978818204855,6.85133947266336
"4080861465_8",0.831518480059561,0.946161914540012,1.35047655087175,1.2664531584748,0.0237000000000001,FALSE,FALSE,19526,-2.69037994183199,7.20218764795316,7.6882801163681
"4080861465_9",0.851350027928861,0.950569650380229,1.29300162356493,1.25475481414683,0.00905,FALSE,FALSE,19819,0.107419402104791,0.974849080794438,0.98074953901305
"4091674783_1",0.991177665939302,0.99145786697415,1.01782889154639,1.05413708235244,0.000650000000000039,FALSE,FALSE,19987,0.258191937487107,0.839936703031174,0.87872449703091
"4091775160_1",0.922545370257283,1.01409532514038,1.07533602063201,1.06679448376907,0.0179,FALSE,FALSE,19642,-0.418345815612287,0.13753901907182,0.440375071055967
"4096891575_1",1.08417056184068,0.994359660618836,0.932867521942522,1.24640377782194,9.9999999999989e-05,FALSE,FALSE,19998,0.218403398620781,0.214798607309918,0.306330681178671
"4102563127_1",0.936523870555281,1.01503849184765,1.05592468166323,1.03711530710794,0.02385,FALSE,FALSE,19523,0.0230240498483858,0.77839221816669,0.778732657703452
"4102563127_2",0.94825733466467,1.00787909266603,1.04904116463594,1.04216659962152,0.01595,FALSE,FALSE,19681,0.241652312425178,0.574237893590435,0.623012839783913
"4102563127_3",0.939857689601673,1.00528851320111,1.06239462449879,1.03966407715337,0.03205,FALSE,FALSE,19359,0.224556794689579,0.580088728126871,0.622035920619628
"4102563127_4",0.944014312816652,1.00534078796268,1.05707525331085,1.04192575907038,0.0263,FALSE,FALSE,19474,0.238415899937783,0.637281558162273,0.680418933978822
"4103330851_1",0.804867619476996,1.00559630501994,1.31040162087983,1.20941100846662,0.1279,FALSE,FALSE,17442,1.36627750253793,4.92361792681987,5.1096700190172
"4103330851_2",0.838075233186072,1.00243424501385,1.23576089206609,1.13839841825296,0.23265,FALSE,FALSE,15347,2.69489477916734,4.98367435617335,5.66563923658781
"4111611198_2",0.928564541697502,1.00610997790282,1.07626197710773,1.51635332661707,0.019,FALSE,FALSE,19620,-0.897327995191655,3.6405412965955,3.74949842821302
"4111622109_1",0.835725729516811,1.0149924423135,1.22218583451925,1.16875920060976,0.03245,FALSE,FALSE,19351,1.21522747449793,4.60249492155922,4.76022450287305
"4111639539_1",0.885121406823797,0.981730035573029,1.17425812442357,1.13211507262096,0.016,FALSE,FALSE,19680,-0.604166869927175,4.4386363588504,4.47956586432506
"4116539799_1",1.00550748755236,0.992761193554071,1.0018175651221,1.3503009229262,0.000349999999999961,FALSE,FALSE,19993,-0.942294922625209,3.69881602219724,3.81695686211781
"4121131856_1",0.899908612953519,1.08131682511323,1.03736837572292,1.16827198518392,0.0672,FALSE,FALSE,18656,0.526624620670435,-0.368670764420553,0.642846500834153
"4121214084_1",0.896277390473504,1.00719898725847,1.12180374729671,1.284910264872,4.99999999999945e-05,FALSE,FALSE,19999,1.73056567984059,5.34568001115157,5.61882126018149
"4127112622_1",0.911170697270161,1.039893904419,1.06284130332858,1.05336485118244,0.07795,FALSE,FALSE,18441,1.37817303081966,0.724697242839323,1.55709569283894
"4127390019_2",0.99247605993475,0.899234274308755,1.13589667356944,1.52010419916279,0.00275000000000003,FALSE,FALSE,19945,4.53607695934222,-1.17871183936173,4.68672121864816
"4127390019_3",0.990829716901133,0.99189803912855,1.01773224849158,1.09495579720884,0.00365000000000004,FALSE,FALSE,19927,0.769972960838139,2.34658083065715,2.46967608305815
"4127390019_4",0.975961941634686,1.00144417958334,1.02373846980927,1.06322306517404,0.002,FALSE,FALSE,19960,1.09528146347901,1.28950821014759,1.69188442521313
"4133733953_1",1.01955726363771,1.01487512134186,0.967268402140313,1.17870665091705,4.99999999999945e-05,FALSE,FALSE,19999,-0.0511326429598613,0.0737928843198121,0.0897771516160868
"4133888180_1",0.960953746939156,0.988608682760486,1.05502524984957,1.0183393678377,0.13185,FALSE,FALSE,17363,-0.487031002615712,6.71433791969487,6.73197837915135
"4133888180_2",0.997547168086559,1.00033360456294,1.00212989660113,0.994967412411715,0.1105,FALSE,FALSE,17790,-0.299549254237141,3.51287566223926,3.5256240829202
"4134144690_1",0.991442527874443,1.0069117550165,1.00177015184751,1.17030140049209,0.000650000000000039,FALSE,FALSE,19987,0.270085327366887,1.12964271482858,1.16148127286847
"4134238904_1",0.98052571095705,1.01335526382297,1.00672676482012,1.19137791817079,0,FALSE,FALSE,20000,-0.747196518610715,-0.0404701517417005,0.748291701548246
"4145429905_1",0.865133239773826,0.959125751686625,1.24767226243818,1.11454749859742,0.04895,FALSE,FALSE,19021,0.487758411838346,3.59365530743525,3.62660540133285
"4145429905_2",0.832931142027866,0.958754639824801,1.32205035508655,1.14706265761282,0.08905,FALSE,FALSE,18219,1.91154455248438,2.26521826684354,2.96398656754283
"4145429905_3",0.814419165079888,0.971430046071536,1.34640086426227,1.15715061569286,0.1456,FALSE,FALSE,17088,1.89234808765396,6.84658771503137,7.10329111218638
"4145429905_4",0.832289113590878,0.956663739801418,1.32767730105992,1.14025758644216,0.0680500000000001,FALSE,FALSE,18639,0.862318906756643,3.85461640181479,3.94989385959795
"4145429905_5",0.859617092933176,0.977400076306116,1.22915225688845,1.12132657460307,0.0708,FALSE,FALSE,18584,0.389775905326489,3.66074713990435,3.68143924011941
"4156097567_1",1.05955422426056,1.00322441054446,0.943911891728503,1.15958581652446,0.00429999999999997,FALSE,FALSE,19914,-0.404380706925056,4.00543274970472,4.0257937439144
"4156097567_3",1.02457116990183,1.00097036272994,0.975656084585216,1.1901586877323,0.000149999999999983,FALSE,FALSE,19997,0.126981621881794,1.33642662059323,1.34244569518695
"4156097567_4",1.22687471262345,1.03283034137704,0.82189014374929,2.66088176682768,4.99999999999945e-05,FALSE,FALSE,19999,-0.246811456034612,-0.126208743216738,0.277208480559802
"4156394336_1",0.698536141823174,1.05569177527715,1.60981687834675,1.67691331370351,0.01315,FALSE,FALSE,19737,0.5843118548432,9.94503118368164,9.96218176847374
"4156394336_2",0.700441789104833,1.03945637772344,1.63856989182701,1.81351787029329,0.0144,FALSE,FALSE,19712,0.812266690308816,9.42103645830788,9.45598779213212
"4156394336_3",0.717911166135455,1.01055183869806,1.61940261754308,1.72474336639371,0.01405,FALSE,FALSE,19719,0.65026600558149,9.95089996439689,9.97212394525102
"4156394336_4",0.713013147652681,1.02337824882926,1.6120048986451,1.55453386610967,0.01275,FALSE,FALSE,19745,0.621344482647335,9.57669300808619,9.59682853536746
"4158409247_1",0.851157268962921,0.986220595869109,1.23280687266809,1.1166633923986,0.0402,FALSE,FALSE,19196,0.270311170704862,5.14417053180606,5.15126766818709
"4158752770_1",0.953246870749562,0.988160568119212,1.06499388864338,1.06449834707833,0.1108,FALSE,FALSE,17784,-0.216824035461666,3.4563312926182,3.46312556322835
"4160077813_1",0.936714653796738,1.01028427113521,1.06087444352529,1.06012662410141,0.0145,FALSE,FALSE,19710,0.524124830025896,1.16865346363922,1.28080355852318
"4160077813_2",0.933639930501318,1.00538744711383,1.07034081607123,1.05353919732201,0.0172,FALSE,FALSE,19656,1.0953478854327,0.949158539626249,1.44937535630606
"4162180770_1",0.980757510269825,1.0172492172424,1.00267041305436,1.04511791691522,0.00339999999999996,FALSE,FALSE,19932,-0.404990434790753,-0.337442699466495,0.527147823380917
"4162370693_1",0.9239735397699,0.989615429143429,1.10226314312047,1.13840075661236,0.02725,FALSE,FALSE,19455,0.398027888821095,0.917776839742657,1.00037019540138
"4162370693_2",0.95993695908988,0.975515513430122,1.07162081047188,1.24596034035784,0.01275,FALSE,FALSE,19745,0.276712138844559,4.25210964432949,4.26110385172479
"4162370693_3",0.827062955974448,0.990986666185319,1.27908824504875,1.19173630529612,0.09155,FALSE,FALSE,18169,0.860056371828788,5.45708423214055,5.52444253109763
"4162370693_4",0.729157587954236,1.01203240033557,1.56141750835225,1.74112145150097,0,FALSE,FALSE,20000,0.322886808868161,2.49444470402034,2.51525550844366
"4165393084_1",0.997635559757016,1.02009447684663,0.982966566681107,1.02727144188426,0.0306,FALSE,FALSE,19388,-1.04174653676301,6.26324313211302,6.34928739141792
"4165393084_2",0.986499398133637,0.97753854894534,1.03805824956951,1.03606787557877,0.0191,FALSE,FALSE,19618,-1.65685004937857,9.42322484050366,9.56777500157749
"4165471179_1",0.988132240666385,1.00785692309507,1.00423245974452,1.02236514254631,0.0413,FALSE,FALSE,19174,-0.355469918756901,5.16633547043033,5.17855009207863
"4165553976_1",0.918279871830386,0.908769324374999,1.23362649400921,1.11754397938965,0.0654,FALSE,FALSE,18692,-3.79734007145349,6.23669292191312,7.301789521789
"4165705709_1",0.871647755597876,0.930991631053144,1.28431684170234,1.1495532925922,0.14685,FALSE,FALSE,17063,2.51992030224768,4.15392725213954,4.85850902497336
"4165705709_2",0.830638156272035,0.996850327255794,1.26111876771558,1.15867966653635,0.1309,FALSE,FALSE,17382,1.64620007565075,4.38021465588531,4.67934344974858
"4165705709_3",0.853184560618378,0.979661427044134,1.23891198894066,1.13885288017161,0.1151,FALSE,FALSE,17698,1.30881104182434,4.29943738662077,4.49423499437599
"4171540876_1",0.921994473096255,0.973288499048052,1.1261892677831,1.08816376024196,0.09115,FALSE,FALSE,18177,-0.0517724435943334,1.41855784698397,1.41950228994374
"4177021805_1",0.831151550595634,0.98882722865737,1.27299186723914,1.51580195223897,0.00260000000000005,FALSE,FALSE,19948,-0.157824096507331,3.98107259875781,3.98419972918259
"4177021805_2",0.892173722214313,0.963446541622268,1.18877545950944,1.09477056029748,0.10985,FALSE,FALSE,17803,-0.0238305082524981,6.74931110405772,6.74935317437756
"4177021805_3",0.783551585660116,0.999205603945246,1.38319318039094,1.24175518312215,0.08445,FALSE,FALSE,18311,-0.15955040078125,8.76751917848013,8.76897079909646
"4177021805_4",0.881354114384164,0.969897614994641,1.19854408635498,1.10744727352691,0.088,FALSE,FALSE,18240,0.300064012840717,7.66544707925128,7.67131783571793
"4177072411_1",0.84039226911663,0.952486961345353,1.31544962232104,1.14228305671689,0.04895,FALSE,FALSE,19021,0.32369210476918,10.9171786613116,10.9219763093356
"4177072411_2",0.831275074724608,0.959359105543828,1.32508911876094,1.22649860897071,0.01545,FALSE,FALSE,19691,0.841990714044616,10.5820655891395,10.6155103737591
"4177072411_3",0.834941314964356,0.95236722128179,1.3292641977947,1.25852980106895,0.00670000000000004,FALSE,FALSE,19866,0.822800655179978,10.623905374687,10.6557198878569
"4400020068_1",0.990308939269647,0.995065260816897,1.01496578009045,0.991431125230257,0.22025,FALSE,FALSE,15595,0.414963002944468,0.860138600564442,0.955004034543126
"4400020068_2",1.00592759773064,1.00280695041794,0.991383133884008,0.996506705184865,0.0566,FALSE,FALSE,18868,0.556377674490904,-0.294062610151924,0.62930829913586
"4400020068_3",1.05957924036793,1.00761789899297,0.940035638332933,1.04463072508164,0.01975,FALSE,FALSE,19605,0.134257690885931,-0.505053085750951,0.522593290225371
"4405138685_1",0.79022318573374,1.07000026480956,1.25006950641765,1.7067439589159,0.00455000000000005,FALSE,FALSE,19909,-3.14095114950524,5.56967075513786,6.39427919661131
"4407431064_1",0.750833644983077,0.959665183345154,1.59714567335118,1.41074340905396,0.0399,FALSE,FALSE,19202,-1.4362987321771,2.93732679272689,3.26968541840416
"4407431064_2",0.656287937757955,0.940368969170107,2,1.86958809665297,0.153,TRUE,FALSE,16940,-2.39049342394509,10.6033978620165,10.8695218399956
"4407473724_1",1.00733048393816,0.979982889069239,1.01332403669201,1.06344067167837,0.01275,FALSE,FALSE,19745,0.496464243198103,-0.513860202276328,0.714513157511976
"4408602755_1",0.86102580002334,0.962716675870412,1.25020720167761,1.29214539093649,0.00754999999999995,FALSE,FALSE,19849,-0.0321143515726319,1.55902784769497,1.55935857373003
"4409863827_1",0.916814265975857,1.00250249623179,1.09677650352888,1.21608458639276,9.9999999999989e-05,FALSE,FALSE,19998,0.263712994508225,0.209863751545425,0.337027206149912
"4410007929_1",0.967759824497383,0.992788647035107,1.04229417826138,1.03033136869054,0.01445,FALSE,FALSE,19711,0.0114193426794529,0.802507413190989,0.802588655298419
"4410110867_1",0.971959088898472,1.0007428434916,1.02892048138021,1.01231488747611,0.0108,FALSE,FALSE,19784,-0.404362377894374,2.2493628950492,2.28541951647406
"4413708238_1",0.979969553622202,1.00742067089189,1.0132470458311,1.04836037137787,0.0344,FALSE,FALSE,19312,0.930083236034024,1.63500816078063,1.88103867896723
"4413708238_2",0.967673154919346,1.01819034370053,1.01578676299429,1.02763179450521,0.0792,FALSE,FALSE,18416,1.54822793252507,2.42440984494243,2.87659048654908
"4413708238_3",0.952621462274638,1.01282950635939,1.03849483270602,1.02095065970303,0.07125,FALSE,FALSE,18575,1.6185666302197,3.13772845986564,3.53059454261057
"4413708238_4",0.91209587015051,1.00453175990684,1.1011574557966,1.0465212095733,0.23735,FALSE,FALSE,15253,2.51178954878578,7.29012324670264,7.7107057841357
"4413809238_1",0.994691101877793,0.986993804789008,1.0188640834883,1.01353905119827,0.00949999999999995,FALSE,FALSE,19810,-0.313971060628387,0.38431936905452,0.496265256030058
"4413809238_2",0.999330409609897,0.989765957646018,1.01113246732211,1.0010595069011,0.00805,FALSE,FALSE,19839,-0.28390420486446,0.116509481126892,0.306881176894542
"4413959305_1",0.990610612387135,1.00280225477967,1.00672893567637,1.11102228768527,0.01095,FALSE,FALSE,19781,0.912378365870492,5.76669912339314,5.83842898922747
"4416681254_1",1.02732376758608,1.01786393195029,0.957719143051626,1.99847352257288,0.00309999999999999,FALSE,FALSE,19938,1.40566330122971,-1.33183720617337,1.93640895994924
"4416687145_1",0.849142970447076,1.00492726430805,1.20883154939339,1.14777042113654,0.107,FALSE,FALSE,17860,2.01560305767171,4.83175976741717,5.23531834143127
"4416687145_2",0.846070941667542,0.971027395997989,1.26866692205631,1.38783925324531,0.0614,FALSE,FALSE,18772,1.12568116470629,-0.583438620583387,1.26789538549628
"4416687145_3",0.887161581736975,1.01685094605825,1.12437711475643,1.32319122826443,0.00044999999999995,FALSE,FALSE,19991,0.749649362246529,-0.109100197575374,0.757546711053262
"4416687145_4",0.868482863076565,0.951718267944409,1.25339091722268,1.07279874065611,0.3263,FALSE,FALSE,13474,1.90512580454175,11.6435595839067,11.7983890474554
"4416687145_5",0.948791878683308,0.941512024345521,1.13134105843338,1.12640306039486,0.0818,FALSE,FALSE,18364,2.18184728534149,5.16878937617095,5.61042255019795
"4416809224_1",0.782559012140622,0.996891032893931,1.39077718748833,1.7027349562736,0.000600000000000045,FALSE,FALSE,19988,0.481973622151188,2.62496393105162,2.66884510823905
"4417114556_1",0.99975862726902,1.00850840645645,0.991871422044418,1.15635767217021,0.00229999999999997,FALSE,FALSE,19954,0.324338981703753,1.66736947232295,1.69862200983243
"4420688146_1",1.36427427398315,0.610040405622055,1.59293024715101,1.90313654937644,0.8229,FALSE,FALSE,3542,-36.1584676071399,6.32686399892795,36.7078191637356
"4420688146_2",2,0.512641955632973,1.67727073672506,1.9656850484172,0.66625,TRUE,FALSE,6675,-40.1276261299414,2.2370212605195,40.1899321092282
"4420688146_3",1.05479065848071,0.993034287561491,0.957001898246109,1.10228676868134,0.0162,FALSE,FALSE,19676,-0.715744287413667,0.931433855085251,1.17467395960082
"4420701729_1",0.914908565189739,0.959986185032644,1.15565126504879,1.23765553449966,0.00275000000000003,FALSE,FALSE,19945,0.0175726268250576,2.09552397340482,2.09559765230062
"4420701729_2",0.916443479012871,0.94135903375868,1.18129124409008,1.29341632458789,0.00575000000000003,FALSE,FALSE,19885,1.32591812908006,1.67747264434455,2.13821733169186
"4420701729_3",0.926133719932695,0.913734749288004,1.21089885637722,1.37081330477796,0.00595000000000001,FALSE,FALSE,19881,1.89721397193326,0.761975803214354,2.04451167274314
"4420701729_4",0.943490847050135,0.986899362904477,1.078944464237,1.13928933680231,0.00890000000000002,FALSE,FALSE,19822,0.0196969496099042,2.28513515475814,2.28522004308895
"4421054777_1",1.03244040685078,0.942195176884169,1.03085357716627,1.72339403509908,0.0165999999999999,FALSE,FALSE,19668,-0.459122400151279,1.89137926062071,1.94630647273928
"4424687994_1",0.938984602931272,0.980483744846794,1.09275872596441,1.02628221380345,0.0398500000000001,FALSE,FALSE,19203,0.231141728231049,2.4861748669636,2.49689646714699
"4430401886_1",0.786747216587622,1.001330526376,1.3693519148272,1.17395941141444,0.0893,FALSE,FALSE,18214,2.25297094552196,4.49437702752995,5.02745491744631
"4430401886_2",0.78497840727746,1.00518061893931,1.36755217490035,1.19446023248784,0.0423,FALSE,FALSE,19154,1.8097818808378,4.1855389106078,4.560048950222
"4430599563_1",0.982839549656509,0.99439742021423,1.02364016984596,1.00823039160223,0.0469000000000001,FALSE,FALSE,19062,0.247333094026081,-0.602384229878028,0.651183860216344
"4430599563_2",0.988704273576515,0.993647817814494,1.01814079274731,1.01205441637117,0.02945,FALSE,FALSE,19411,-0.0315741461295316,-0.299106313968278,0.300768206031654
"4430638430_1",0.933533643533497,0.93541437462369,1.16312016980812,1.22567791594115,0.02785,FALSE,FALSE,19443,-3.99181402455606,1.57673223677626,4.29193007318758
"4430642614_1",0.861827710228093,1.0185526282425,1.16565064357557,1.17677517062542,0.01625,FALSE,FALSE,19675,0.116253045469916,4.16824428183802,4.16986512535554
"4430642614_2",0.860785474007247,1.00420541244849,1.18700256924008,1.13046839956034,0.03455,FALSE,FALSE,19309,0.408152687578156,2.34033917245939,2.37566328812085
"4430717794_1",0.936730755000244,0.986250562074776,1.08871234940818,1.50952720070147,9.9999999999989e-05,FALSE,FALSE,19998,-0.0792420042557418,2.59641360830813,2.59762255161256
"4430787289_1",0.977019883443345,1.00256170485261,1.02141442733497,1.11468750037964,0.00270000000000004,FALSE,FALSE,19946,0.963873327515852,2.22378457564637,2.42368926027641
"4436442118_1",1.0543071876155,1.03121760317172,0.924400323329893,1.14540096249467,0.00544999999999995,FALSE,FALSE,19891,0.136184754451985,1.6258263733731,1.63152005311019
"4436442118_2",1.02482931319978,1.01710908897212,0.960569536265245,1.21992996613697,0.00044999999999995,FALSE,FALSE,19991,0.410819077737046,1.82256149514313,1.86828871382639
"4438765143_1",0.967100502201564,0.996403486316356,1.03909943198733,1.04579295613044,0.0177,FALSE,FALSE,19646,-0.126298962838167,-0.390224026207964,0.410153896292538
"4440826970_1",0.881246686400094,1.01473325575738,1.13666937618513,1.13831416678344,0.0423,FALSE,FALSE,19154,0.661746717767447,2.45521478939172,2.54283078094549
"4440922775_1",0.862920510330186,0.990523506761491,1.20253366391681,1.09927006937869,0.1878,FALSE,FALSE,16244,1.31713725817811,6.86047473807475,6.98576868988967
"4442671402_1",1.02063253742838,1.02059316845651,0.961175166575857,1.40447414376142,0.000900000000000012,FALSE,FALSE,19982,-0.734624120992955,-1.96602584002308,2.09879255830183
"4442671402_2",1.04423920156595,1.00048034454579,0.958915163423107,1.25076089526098,0.0144,FALSE,FALSE,19712,-0.125452230260698,0.727075356253848,0.737818972207304
"4453680267_1",1.06214241865656,1.00861727293246,0.937162923739878,1.20567474449061,0.00219999999999998,FALSE,FALSE,19956,1.16583466469705,3.44718298695821,3.63898900946175
"4453726753_1",0.856151673901463,0.951050105567012,1.28120806792722,1.12903354799308,0.0921999999999999,FALSE,FALSE,18156,-0.131899919055489,6.11420836303442,6.11563091555131
"4454005444_1",0.930633152556718,0.96829470876934,1.12017292875305,1.06733017266393,0.10665,FALSE,FALSE,17867,-0.444662991295391,6.72028714457509,6.73498214410172
"4454090368_1",0.967898666062407,0.99821890378427,1.03621604203603,1.14805414854611,0.0383,FALSE,FALSE,19234,0.694161446474106,3.12772547593997,3.20383001524971
"4454090368_2",0.989581576738027,0.993753360244826,1.01710156101137,1.09654859448361,0.04755,FALSE,FALSE,19049,1.22551886674011,2.5262473410663,2.80781447410268
"4459425151_1 - Copy",1.00828689341456,0.982781920070148,1.00938827077551,1.07808242101866,0.01285,FALSE,FALSE,19743,0.369334455610548,-0.386566105212727,0.534641275810685
"4459425151_1",1.00611424339104,0.983646701919253,1.01066053618365,1.05731731174027,0.0129,FALSE,FALSE,19742,0.316989824571956,-0.409563950515346,0.517904603613345
"4459935914_1",0.748390845541717,0.963699791695067,1.59710668536592,1.42422952103379,0.0366,FALSE,FALSE,19268,-1.63798120633535,2.94696058090302,3.37158109760155
"4459935914_2",0.648530939510227,0.956586920101059,2,1.87536098365954,0.14085,TRUE,FALSE,17183,-2.95533108728163,10.7476330094834,11.1465509078813
"4460445179_1",1.03087577198945,1.00984954584799,0.96181175488748,1.11314673543091,0.01895,FALSE,FALSE,19621,-0.0772804472474742,1.09946284952367,1.10217549646573
"4460824850_1",0.97162354702599,1.02082969248469,1.00887866011372,1.02469812364267,0.09145,FALSE,FALSE,18171,-0.111827400702758,3.31925787227385,3.32114109760484
"4460824850_2",0.951891138167576,1.16251683635484,0.918056897788777,1.29632213099376,0.15515,FALSE,FALSE,16897,-7.54451807492673,6.5431602221407,9.98662599056861
"4460824850_3",0.766705398172589,1.29705250447253,1.08138591193316,1.24896806450503,0.38535,FALSE,FALSE,12293,-3.14931243821648,1.06534410582526,3.324624324239
"4462237404_1",0.918809966427221,0.971344945459124,1.13361298485419,1.07701880713327,0.01095,FALSE,FALSE,19781,-0.409375953570434,1.79226121376015,1.83842022663773
"4465765015_1",1.04598818462158,1.02303699856596,0.937660132941364,1.25228650220631,0.00105,FALSE,FALSE,19979,-8.00403762193808,10.5043299480404,13.2062699469115
"4510314411_1",0.95571595416744,0.964704849910645,1.09042034413521,1.07458845885996,0.06385,FALSE,FALSE,18723,0.98721145257008,7.29284294719477,7.35935762852533
"4525117373_1",0.767207237493992,1.07012371820249,1.31216406770108,1.33375337534868,0.00905,FALSE,FALSE,19819,0.655127454525395,4.02761288896376,4.08054623365793
"4525118695_1",0.793289387877383,1.03415635744992,1.29457512780168,1.31302241127996,0.1143,FALSE,FALSE,17714,2.27371203012344,10.1278206127276,10.3799092847441
"4525123738_1",0.687486881787016,1.0352676845905,1.72564627194497,1.62414668104395,0.00044999999999995,FALSE,FALSE,19991,0.0802367245076319,3.58579923946922,3.58669682545623
"4525281316_1",0.795105457154568,0.947906795914144,1.45486466068519,1.24249932923134,0.00954999999999995,FALSE,FALSE,19809,1.52025525262234,-0.535537674838937,1.6118240084754
"4528104303_1",0.93801665840237,1.00640968342395,1.063502010212,1.41975111047133,0.0596,FALSE,FALSE,18808,-0.612041753905723,3.11304197325337,3.17263698455421
"4528104303_2",0.899081076931561,0.996356754400324,1.13109800358815,1.09133858337117,0.08335,FALSE,FALSE,18333,-0.840582228107623,1.73183345405215,1.92505210183635
"4597184392_1",1.00737842789825,1.0072012287651,0.985732384003189,1.03406632499357,0.02585,FALSE,FALSE,19483,-0.880733395967226,5.26596836396394,5.33911173558308
"4597518748_1",0.966073416344147,1.01802849036986,1.01771723391165,1.05635552243655,0.0953000000000001,FALSE,FALSE,18094,0.557707428622795,1.72931555900039,1.81702225592915
"4597518748_2",0.959734747672515,1.01087769327732,1.03219831272533,1.07205726020926,0.0777,FALSE,FALSE,18446,0.584131092488727,1.72623300774903,1.82238567000905
"4597518748_3",0.970405704442972,1.00435321268584,1.02686534753313,1.01844870649731,0.0902500000000001,FALSE,FALSE,18195,0.72816039689666,0.728716231065696,1.03016741796045
"4599801235_1",0.955396259737929,1.0010536478863,1.0478155723478,1.04050157878478,0.0348000000000001,FALSE,FALSE,19304,0.537571201238873,5.54631265410437,5.5723035500123
"4599801235_10",0.850730307093275,1.02044642782134,1.18402593067898,1.12261355289829,0.03935,FALSE,FALSE,19213,3.06554072999438,5.52202852434387,6.31587990630932
"4599801235_2",0.948427797354123,0.995523566498754,1.06255594271195,1.0531314583095,0.01415,FALSE,FALSE,19717,0.224291886495753,2.72751886414682,2.73672541637347
"4599801235_3",0.944798784283338,0.950696709807065,1.12395743568466,1.07632472061776,0.16815,FALSE,FALSE,16637,0.908635989486428,8.97336404163116,9.01925061105573
"4599801235_4",0.911377900119461,1.02766362160521,1.07563978441477,1.12474441339967,0.06035,FALSE,FALSE,18793,0.708559553087795,2.07833258779824,2.19579666312163
"4599801235_5",0.814130975831595,0.99990428558814,1.29600714079722,1.47519076718512,0.01375,FALSE,FALSE,19725,1.0480826497451,4.22633148316856,4.35434898076836
"4599801235_6",0.877408118818521,1.00031926217036,1.16198179224219,1.03783419189197,0.0473,FALSE,FALSE,19054,2.19266484380248,6.66157722081107,7.0131583602594
"4599801235_8",0.914384317504656,1.02772715435836,1.07141283019081,1.02776785822467,0.07795,FALSE,FALSE,18441,0.143122320540423,6.46772643548315,6.46930979648404
"4600015257_1",0.836886447701298,1.04074094566039,1.1844960946647,1.06431859761133,0.1701,FALSE,FALSE,16598,3.34385868948547,13.1645784443537,13.5826181773909
"4607314938_1",0.990058693117038,0.980198108336753,1.03118622361469,1.00931131500207,0.022,FALSE,FALSE,19560,-0.367010333775231,0.147411228143235,0.395508097616854
"4851906758_1",0.906488558107392,0.977319402779911,1.14464256154275,1.06070736946994,0.0563,FALSE,FALSE,18874,-0.0473073152977843,4.83366722283365,4.83389871668584
"4851906758_4",0.854299057993612,0.95694411378765,1.27476775330376,1.10054662210703,0.114,FALSE,FALSE,17720,1.85470170248994,5.80869197260936,6.09760779633091
"4851972343_1",0.842194686441124,1.01326802570896,1.21106372926886,1.14291906963033,0.00824999999999998,FALSE,FALSE,19835,1.1801721413916,3.69176764415731,3.87581663933727
"4852441331_1",0.909885891280708,0.978620802497646,1.13750782039819,1.06205793631533,0.10325,FALSE,FALSE,17935,-0.0551678399840494,7.95048556962292,7.9506769701297
"4852894072_1",0.731782418081024,1.06476321210274,1.44030447369201,2.02632134969841,0.000249999999999972,FALSE,FALSE,19995,-0.133519916101499,-0.403434187026197,0.424954952032848
"4863402504_1",0.935712485786047,0.983024545271124,1.09405951625251,1.06883648782152,0.0649,FALSE,FALSE,18702,0.113834068907775,6.63391936123819,6.63489595145659
"4863402504_2",0.947390016506506,0.983634939176869,1.07778228228974,1.03609998965805,0.02685,FALSE,FALSE,19463,0.14615765018261,6.1342359404615,6.13597690934023
"4863774303_1",0.999069820893415,1.00041724433464,1.00051423913689,1.03374740984206,0.00860000000000005,FALSE,FALSE,19828,0.0205230941622558,1.34162188599907,1.3417788500292
"4863774303_2",0.994726210368019,0.978759838046699,1.02775223608585,1.09327682159321,0.00314999999999999,FALSE,FALSE,19937,0.0320680339580548,2.15822359560709,2.15846182441041
"4863774303_3",0.99136242338794,1.0039867770241,1.00476448127739,1.08097011951029,0.01605,FALSE,FALSE,19679,0.63332702773039,-0.546655791863082,0.836621586400485
"4867643958_1",1.03094524125675,1.00019038558124,0.970678965896299,1.35210865233454,0.00055000000000005,FALSE,FALSE,19989,0.160536900959796,1.37808756763489,1.3874067322309
"4872056973_1",0.916586311265764,0.943510225890166,1.17768520360604,1.08414240426458,0.11605,FALSE,FALSE,17679,-2.70983367957933,7.5257635906044,7.99876966743319
"4872575094_1",0.752162717759709,0.98520915263258,1.52558200675683,2.12252172638545,0.000650000000000039,FALSE,FALSE,19987,-0.263794195337508,0.868865179386868,0.908027575266709
"4875117150_1",1.00878879088339,1.03313002871792,0.960817988198005,1.13613437978381,0.017,FALSE,FALSE,19660,-0.613119134153933,3.21031347846112,3.26833714641786
"4875420460_1",0.973772268260319,0.999496449279646,1.02821203863189,1.01140716322556,0.0431,FALSE,FALSE,19138,1.7977001446545,2.77633520486,3.30753125152822
"4882502441_1",0.85805387795592,0.877312671006751,1.43941320530421,1.79217700041248,0.0499000000000001,FALSE,FALSE,19002,-6.66142826609295,9.48142537830365,11.5875818766748
"4883641127_1",0.971371450106074,1.02163173473456,1.00836803128364,1.03086905748186,0.02445,FALSE,FALSE,19511,0.396049979079105,-0.0156430936748997,0.396358792394317
"4883641127_2",0.947038715010786,0.990259609024548,1.07038789502825,1.07181580746356,0.01205,FALSE,FALSE,19759,0.00471710589983187,-1.39625681449025,1.39626478258908
"4883641127_3",0.979765579710775,1.01451640297343,1.00638411389758,1.03028434589092,0.02035,FALSE,FALSE,19593,0.492701802436546,-0.150094219130303,0.515056638381214
"4883641127_4",0.929020111974469,1.05297535850419,1.02679187707853,1.06274228906825,0.0256999999999999,FALSE,FALSE,19486,0.308783314198702,0.177332298694166,0.356081281855268
"4891934074_1",1.04807313520681,0.91027476452078,1.05563322939587,1.07201150064241,0.24895,FALSE,FALSE,15021,-1.1755405025578,-0.45703160356485,1.26125864112438
"4901293013_1",0.900469779048483,1.00105405895213,1.1229375026869,1.08384401853068,0.0314,FALSE,FALSE,19372,0.538821356731584,2.21753861910737,2.28206178305994
"4901449541_1",0.964834602538112,1.00423627114628,1.03330195006331,1.0402990928293,0.00870000000000004,FALSE,FALSE,19826,0.246576362252643,2.70934336582129,2.72054064045028
"4901588463_1",0.920112419855514,0.970426101918463,1.13288629897485,1.20143606917379,0.0132,FALSE,FALSE,19736,0.776207058713202,4.22720732691964,4.29788077809974
"4901818403_1",0.861320088020729,1.00037325150678,1.19137745824214,1.07249976556863,0.23315,FALSE,FALSE,15337,3.8613402259276,4.98245417893486,6.30355439300337
"4901818403_2",0.865409094136834,1.01570502905191,1.16287274099371,1.11503523266012,0.0408500000000001,FALSE,FALSE,19183,2.1518270858939,4.20024366770202,4.71936507124184
"4901891788_1",1.06461275248142,0.976976903601484,0.964203307499058,1.04461951858615,0.14545,FALSE,FALSE,17091,-0.950059033877904,-2.93095493024957,3.08108892617647
"4901891788_2",1.0166030669083,0.98181200418167,1.00219783986094,1.11324325452477,0.2591,FALSE,FALSE,14818,-0.021967592536698,-0.843229106627152,0.843515205189026
"4902065322_1",0.973745710308794,1.00436090893694,1.02314370303862,1.08335294161608,0.000900000000000012,FALSE,FALSE,19982,-0.289176457177742,0.256225528294984,0.386360640769624
"4903906659_1",0.991879381680449,0.998312719105753,1.00997576828855,1.08335089857194,0.0907,FALSE,FALSE,18186,-1.17114592038298,3.43442923547084,3.62862052855992
"4904216544_1",0.877107022406489,1.03235044997312,1.12205114820743,1.3195879026533,0.0372,FALSE,FALSE,19256,-0.750202501016484,2.32546328927525,2.44347770652778
"4904216544_2",0.844627170897301,0.962060211263546,1.28764812057996,1.16619165067363,0.0431,FALSE,FALSE,19138,0.0575862638942382,3.63784802076134,3.6383037806025
"4904226480_1",0.71875831317549,1.02178056393758,1.58723097492378,1.32124778608974,0.05715,FALSE,FALSE,18857,1.75227936899203,6.41155078209561,6.64668837981637
"4908273406_1",0.999107570244771,1.00993956933916,0.991130846079979,1.00526105418288,0.00314999999999999,FALSE,FALSE,19937,-0.331396376738735,0.81883931091058,0.883358011005773
"4908545970_1",0.770921828646549,1.04088878691538,1.34746520390243,1.21406018318559,0.04775,FALSE,FALSE,19045,4.95753010592231,11.50149387456,12.5244347616037
"4911026738_1",0.914748772362969,1.046902859978,1.05085595258538,1.12991697102115,0.0449000000000001,FALSE,FALSE,19102,1.22954613445159,1.20942174257477,1.72466943155998
"4919305517_1",1.0342777480411,1.02268475913583,0.94757691807454,1.0818757450305,0.00775000000000003,FALSE,FALSE,19845,0.286079224057934,0.495200672739671,0.571895994669845
"4919305517_2",1.0470215809938,1.01676931311305,0.942149575812931,1.25445064575101,0.0541,FALSE,FALSE,18918,-1.03848757444036,3.72693343645942,3.86891319133245
"4919305517_3",1.05019549936119,1.02545304074028,0.932298703447152,1.22150598256664,0.0139,FALSE,FALSE,19722,0.313449676395516,0.955935123621043,1.00601325051156
"4919305517_4",1.01280145946935,1.01888232841951,0.969770275270473,1.10484407869856,0.06525,FALSE,FALSE,18695,0.0869618475509149,3.37303960314859,3.37416041813934
"4919305517_5",1.03149502186171,1.02889717834909,0.944626953392523,1.19946736280885,0.00934999999999997,FALSE,FALSE,19813,0.504733451637651,0.160176734500483,0.529539841255873
"4921568157_1",0.82385578034804,1.00129226936335,1.26986396810486,1.21084786065858,0.00905,FALSE,FALSE,19819,-0.0899635802524834,4.38677124841764,4.38769363466908
"4921639469_1",0.914881527806104,0.986771217515212,1.11912382411425,1.01016966805284,0.20305,FALSE,FALSE,15939,-0.700010299436893,6.5495425792365,6.58684464797445
"4921856906_1",0.999553934700352,1.00667166300166,0.993856789757303,1.01997599412631,0.0651,FALSE,FALSE,18698,-1.61834990513121,5.12167346454891,5.37127503418906
"4921952348_1",1.01239007244557,0.984292161547869,1.00373396549407,1.03431845457619,0.0303,FALSE,FALSE,19394,-1.47648226523284,2.52301617279597,2.92328761632124
"4921952348_2",1.05223329174512,0.976004058941161,0.975557878495351,1.24292350292964,0.05875,FALSE,FALSE,18825,-1.15890675752711,3.11121122080216,3.32004520045846
"4921952348_3",1.00704915726172,0.972204433099101,1.02206686788136,1.1924208233526,0.05975,FALSE,FALSE,18805,-2.3828185947331,11.2159261559059,11.466247162439
"4922021375_1",0.99980147283303,1.02520764514224,0.97619139767476,1.20935018289383,0.00590000000000002,FALSE,FALSE,19882,-0.546704259029834,3.86567457543139,3.90414209141752
"4922021375_2",1.01958803305443,1.00951879400399,0.972156698862622,1.08359041893638,0.00465000000000004,FALSE,FALSE,19907,-0.13848384780929,1.49803895664249,1.50442629986403
"4922021375_3",0.932714137026743,1.03925159644614,1.03559415439441,1.08998374344959,0.03185,FALSE,FALSE,19363,-4.32328323016606,9.22308555663194,10.1860730938467
"4922021375_6",0.941197416868165,0.989656493198115,1.07866483369027,1.03040711130435,0.02845,FALSE,FALSE,19431,-0.629361597970723,5.81483310479405,5.84879304280884
"4923625233_1",0.963568445435216,1.00748031927309,1.03133634576067,1.09073069179443,0.00595000000000001,FALSE,FALSE,19881,0.466190073037054,3.8791503275752,3.90706289277829
"4923856289_1",1.00067333995307,0.996209208667015,1.00314217155765,1.02810931820169,0.1365,FALSE,FALSE,17270,0.0854930519693931,0.763714945831451,0.768485250620581
"4923899994_1",0.828026908191346,1.01688677164315,1.23622211477447,1.20961924509556,0.004,FALSE,FALSE,19920,-0.747160346976306,11.472848671832,11.4971520486967
"4923987644_1",0.947097016819181,0.993245417226512,1.06684710046293,0.992655988414809,0.10925,FALSE,FALSE,17815,0.414226787775862,7.34058675769524,7.35226480609627
"4925858761_1",0.909464630366888,1.00225725411661,1.10778260924052,1.06352710334263,0.0432,FALSE,FALSE,19136,0.578475462883254,2.72911611026586,2.78975063481858
"4925926882_1",0.956638224490038,0.914794524740522,1.16072420303683,1.13326957938317,0.003,FALSE,FALSE,19940,-0.929851175585278,10.7573108178344,10.7974237316239
"4925926882_2",0.947876367068083,0.949892463222328,1.12075037802901,1.05400842721969,0.06365,FALSE,FALSE,18727,-1.68303756556637,10.5054455515197,10.6394079573561
"4925926882_3",1.00366818946358,1.0220911870641,0.975354263254965,1.04819164960288,0.0071,FALSE,FALSE,19858,0.781993655757929,-0.25427225085759,0.822294627978218
"4932522563_1",0.953906723140986,0.987095479174529,1.06540948673824,1.09255248860493,0.00575000000000003,FALSE,FALSE,19885,0.800990927030731,-0.79435705492521,1.12809112925109
"4936020073_1",1.02546612434577,1.02185396511181,0.955821646719702,1.14665816740383,0.00314999999999999,FALSE,FALSE,19937,1.33200038879883,2.64567495325412,2.96206363774251
"4936020073_2",1.04302575150321,1.01673526006207,0.945438103786536,1.40867378277788,0.00180000000000002,FALSE,FALSE,19964,0.969544869409256,3.41805492643665,3.55290257872851
"4936784539_1",1.04605394850263,1.00909564306787,0.949631526004512,1.02964106064646,0.0738,FALSE,FALSE,18524,0.0638970330609778,1.51338393719851,1.5147322443932
"4936784539_2",0.976838635881121,1.01050131646889,1.01349812020215,1.58177498499293,0.000199999999999978,FALSE,FALSE,19996,-0.228396523425933,8.08080393575443,8.08403100068384
"4937103993_1",1.06551472097348,1.02881795203067,0.917854590542037,1.03581601767523,0.01715,FALSE,FALSE,19657,-1.59513660500771,3.36759019844364,3.72627488697347
"4945522059_1",0.909287046684581,1.00951826349589,1.09930482687297,1.09933304937593,0.043,FALSE,FALSE,19140,0.508072806167603,4.96633053355329,4.99225169085761
"4945622066_1",0.928033275677949,0.981510775559456,1.10666610593736,1.11003674534793,0.00624999999999998,FALSE,FALSE,19875,-0.195876402220851,0.480200245564788,0.518613382769349
"4945622066_2",0.905484973650188,0.972105325503671,1.15350321675185,1.10703945668568,0.01,FALSE,FALSE,19800,-0.157420687061649,0.599631665123668,0.619951132375725
"4945673708_1",1.01530934232524,0.982449187854054,1.00279362814099,1.0554208326571,0.0134,FALSE,FALSE,19732,2.11115873097178,0.927696902267483,2.30599495442533
"4945879602_1",1.00045209029738,1.00595003350078,0.993673552747559,1.24125861855377,0.0175,FALSE,FALSE,19650,-4.34680091266254,5.42279346768202,6.94991850077817
"4945915427_1",0.885592544647947,1.0044936459625,1.1424836107492,1.09806201780192,0.0184,FALSE,FALSE,19632,0.254786315828981,3.55720756804627,3.56632047759303
"4945929651_1",0.997797689136835,1.012125325185,0.990321693751161,1.03811225490924,0.0236499999999999,FALSE,FALSE,19527,0.965093605698464,-3.11491690270025,3.26099877008376
"4945940093_1",0.987956236850798,0.99923733449936,1.01312383520121,1.23061337477171,0.01315,FALSE,FALSE,19737,-0.0733753999903053,2.36029714691248,2.36143739511488
"4946239095_1",0.905628811972849,0.994675194759016,1.12303835568927,1.08936257949283,0.04355,FALSE,FALSE,19129,-5.30154546478551,16.8278897266937,17.6432496147663
"4946338301_1",1.00846473321788,1.05084461475913,0.946272354022485,1.17530860694096,0.0217000000000001,FALSE,FALSE,19566,-1.59607372923193,3.09313203421525,3.48064895245598
"4946339517_1",1.02263995933589,0.997179241875168,0.98105581046293,1.28933721434189,0.00665000000000004,FALSE,FALSE,19867,0.188021903278546,1.82011263369661,1.82979841388458
"4946403221_1",1.01232929388971,0.999814270316075,0.988148766637461,1.00520385975069,0.0206,FALSE,FALSE,19588,0.0855235904085039,1.07660678846271,1.07999836179522
"4946588369_1",0.955548959483218,0.999009724058331,1.04987990940187,1.24160871844962,0.000700000000000034,FALSE,FALSE,19986,0.0430049068149696,0.617476882132451,0.61897263427245
"4950183835_1",0.92827016825975,1.00163303654212,1.08183217305421,1.05936560433842,0.0283,FALSE,FALSE,19434,-0.385755685706035,2.79225635423331,2.81877686183402
"4950183835_2",0.905561768895853,1.00066162497841,1.11560540694926,1.07246786941824,0.04705,FALSE,FALSE,19059,-0.304363830957333,2.70820585580263,2.72525527226325
"4950303358_1",0.953083890004277,0.985232709553136,1.06862063497649,1.09695865539864,0.00944999999999996,FALSE,FALSE,19811,0.739228492832422,1.82047705897661,1.96483981201405
"4952859677_1",0.971979075864603,0.970271949868242,1.06322761161203,1.11495859220828,0.06355,FALSE,FALSE,18729,-0.0252033545331543,1.94246858538085,1.94263208412484
"4954683926_1",0.975326265201618,0.974570801784704,1.05417471788548,1.04255378920045,0.0811500000000001,FALSE,FALSE,18377,-1.29015483096101,8.00712812346542,8.11040074678452
"4973844329_1",0.995836114226187,0.997290893586677,1.00694567140842,1.00773701976443,0.04175,FALSE,FALSE,19165,0.854862626854941,-0.342788491120949,0.921028805433525
"4973957561_1",0.943448171960457,0.919099307814723,1.17365842890924,1.3086241725694,0.00129999999999997,FALSE,FALSE,19974,-4.94971767178201,12.027982430575,13.0066162540675
"4973957561_2",0.933836666331431,0.929675987563477,1.17163881736957,1.23066215319333,0.00209999999999999,FALSE,FALSE,19958,-6.47521039034024,12.5109554213869,14.0873118498563
"4973957561_3",0.900306124897882,0.925409945886855,1.23660674871635,1.37221967893365,0.00175000000000003,FALSE,FALSE,19965,-9.61708612496787,15.3135568543077,18.0829579733284
"4973957561_4",0.870976114022654,0.907555758262187,1.33332939798421,1.43576018048707,0.00044999999999995,FALSE,FALSE,19991,-6.59727091926288,11.7448513362378,13.4709137215142
"4974198541_1",0.985017646913751,1.02360300936825,0.99221260434314,1.14797419500044,0.15095,FALSE,FALSE,16981,-2.3194434978783,5.28021895957802,5.76719432661473
"4976413039_1",0.805473766364366,1.02182257971022,1.28229596532626,1.41726548690345,0.0105499999999999,FALSE,FALSE,19789,1.19238451992065,1.05527819085027,1.59229171430069
"4976608751_1",0.99104056866425,1.05936301537926,0.955113404275933,1.05144125263121,0.11655,FALSE,FALSE,17669,-0.42433171866163,6.58108835069462,6.59475407328513
"4976608751_2",0.781730194129305,1.47577808309176,0.958609528645308,1.39111833347662,0.03815,FALSE,FALSE,19237,2.9972068673661,19.7050123023827,19.9316521854772
"4980312912_1",1.25098912320183,1.10271398057437,0.772929493677693,1.24640474954461,0.0138,FALSE,FALSE,19724,-1.04415817131193,-0.539350175041697,1.17522972138854
"4980312912_2",1.2497401019862,1.04592715057521,0.80402391548116,1.27650197522429,0.02005,FALSE,FALSE,19599,-0.868193179412335,-2.99888841333551,3.1220331696534
"4980353611_1",1.11441084218654,1.01624155898685,0.893937166800449,1.1008906317489,0.0286999999999999,FALSE,FALSE,19426,-0.00145952468616484,-2.48240434007223,2.48240476913451
"4980353611_2",1.40757100703586,1.06647140866169,0.739708095857404,2.06624036320726,0.00754999999999995,FALSE,FALSE,19849,-0.107322632043605,2.42083196656389,2.42320976345143
"4980353611_3",1.36946994347861,1.06975079850292,0.749067418239417,2.00626490988434,0.00690000000000002,FALSE,FALSE,19862,-1.18443904562729,2.72456573313977,2.97088442841622
"4980422103_1",1.08084389197976,0.989831030694313,0.939387372245207,1.41243896760697,0,FALSE,FALSE,20000,0.371152408125519,2.33256087453051,2.36190481252905
"4980684003_1",1.06222282668421,1.08007575861065,0.882833076259273,1.45176561461952,0.01905,FALSE,FALSE,19619,0.163385804042127,3.05592906337071,3.06029367239752
"4981940973_1",0.945563383039524,0.988833064500905,1.07395652072227,1.09998691689649,0.0654,FALSE,FALSE,18692,1.00767571239246,2.37929804221849,2.58388651357803
"4981940973_2",0.931405342877878,1.0055896079867,1.07306254203973,1.09576350848395,0.07365,FALSE,FALSE,18527,0.48401678346438,1.26711608060299,1.35641269840631
"4981940973_3",0.926921012628497,0.990757349816723,1.09669499519588,1.09750634940321,0.0751500000000001,FALSE,FALSE,18497,1.06440949342923,2.68395279196116,2.88731192620028
"4982324676_1",0.947153153894468,0.879380511538033,1.23909537120524,1.18481185786406,0.0515,FALSE,FALSE,18970,1.7564701009854,2.17975991369952,2.79938216344732
"4982390032_1",0.813826686147121,0.979671949064371,1.33246759744752,1.16683027003794,0.20845,FALSE,FALSE,15831,0.454642052189591,3.88412857075995,3.91064625731002
"4985982889_2",0.901209730998976,0.942912061785768,1.20505725057151,1.63968358751039,0.000349999999999961,FALSE,FALSE,19993,0.180969372482853,-1.72450540586755,1.7339748581347
"4987777717_1",0.899365853296,1.00015393829798,1.12579731939171,1.20987195330743,0.00175000000000003,FALSE,FALSE,19965,1.10020191269677,5.80596101985182,5.90928317249567
"4987777717_2",0.896554135398544,0.994358253057636,1.13772809871054,1.10553854318068,0.000299999999999967,FALSE,FALSE,19994,0.93404180060136,5.31576988244471,5.39720701181425
"4987777717_5",0.893034134666875,1.02996622020982,1.09972728850765,1.19839151611584,0.0767,FALSE,FALSE,18466,-0.773764513107927,5.80334285924762,5.85469895585806
"4993776227_1",1.13103401433252,1.04890771811983,0.860229426872273,1.20756716835764,0.05975,FALSE,FALSE,18805,0.157832060709795,-4.86463631726204,4.86719605713728
"4993974833_1",1.15577698865865,1.09116761513819,0.82079453670868,1.07801847364193,0.1749,FALSE,FALSE,16502,-4.53304181901615,-3.40238723471291,5.66786617942649
"4994034395_1",0.930781146691949,1.01964690971338,1.05831088147087,1.07632693380717,0.00670000000000004,FALSE,FALSE,19866,1.35205150795306,-9.8652086826708,9.95742866571493
"4994111499_1",0.984301079463819,1.03111573512769,0.985972125443374,1.15353074219106,0.01875,FALSE,FALSE,19625,-2.97089904391867,8.03127554278351,8.56315525803833
"4994163207_1",0.933895111754512,1.02206099099533,1.05174507071154,1.03899455191219,0.014,FALSE,FALSE,19720,-1.25179734786129,3.93429790873691,4.12864343759596
"4994338739_1",0.848187892311574,0.959907822076785,1.28328644512021,1.136305229101,0.0258,FALSE,FALSE,19484,-0.629131851750869,9.0586807742106,9.08050132184013
"5006777836_1",0.85859555991471,0.948975463111192,1.27952626451376,1.1444116745087,0.1638,FALSE,FALSE,16724,-0.11160196938223,12.5468726916869,12.547369020674
"5006780677_1",0.912317557439611,1.00812213762418,1.09655478962364,1.07832505525884,0.1624,FALSE,FALSE,16752,-0.565190888313083,6.4312240653023,6.45601144038295
"5006924852_1",0.735039688282481,1.08335082333945,1.39573725992237,1.40485454049333,0.09255,FALSE,FALSE,18149,-1.44002984993674,17.2850446771125,17.3449259283078
"5006939566_1",0.940285661512844,0.990987312501264,1.07828482326165,1.01165309098459,0.18645,FALSE,FALSE,16271,0.645685455200051,9.73957239424534,9.76095180450159
"5007118111_1",0.910662609533141,1.00513461133051,1.10252749709672,1.45956792237265,0.03555,FALSE,FALSE,19289,1.89617593323671,4.94668052870237,5.29765338832481
"5007394124_1",0.756440667380245,1.05600121147923,1.36789429436929,1.46572569641765,0.14865,FALSE,FALSE,17027,-1.96548751682296,13.2725314682123,13.4172736706632
"5007409918_1",0.933174749612159,0.996975489633231,1.08066556316926,1.01768602648489,0.05945,FALSE,FALSE,18811,2.13018078732247,5.74617489985012,6.12831103701055
"5007960477_1",0.985238524304414,1.0284240686664,0.987502338987006,0.983177456027033,0.03125,FALSE,FALSE,19375,-2.55248356476917,11.618391952371,11.8954698901446
"5008157227_1",0.794443413559533,1.01907139183038,1.31583866435736,1.18985750508699,0.0365,FALSE,FALSE,19270,1.91135005123616,7.29489343468188,7.54113580581369
"5008311936_1",0.844536244422888,1.10552850358144,1.09724504344133,1.38363090924,0.2842,FALSE,FALSE,14316,1.54849444649857,10.8505698815542,10.9605064575196
"5015448463_1",0.929025042713702,0.973184711908964,1.11601090690854,1.13147162756345,0.0231,FALSE,FALSE,19538,-0.549675895947899,3.27754624109073,3.32331956830428
"5015448463_2",0.942669651570039,0.981379811275152,1.08670904407792,1.18482020073992,0.00924999999999998,FALSE,FALSE,19815,-0.118760706039223,1.1564242061725,1.16250636553983
"5063058396_1",0.914401616168389,0.999252905331772,1.10419031448393,1.04882534324726,0.05335,FALSE,FALSE,18933,-1.05108538988075,5.25010985732497,5.35429117725228
"5063058396_2",0.921194898556765,1.00547753108367,1.08707340528763,1.01914227187112,0.09295,FALSE,FALSE,18141,-0.801663266251695,3.3874841651238,3.48105055427551
"5063575333_1",0.874793816987085,0.973402032060452,1.20547467390149,1.09567811145198,0.0783,FALSE,FALSE,18434,0.836751778372058,8.59427381987859,8.63491146623169
"5070000825_1",0.936180120736316,0.99307086551216,1.081254076574,1.45382184104591,0,FALSE,FALSE,20000,-0.580313141054611,2.32746545938808,2.39872024344758
"5070003774_1",0.960925511830415,1.00069037653593,1.0416379012376,1.16762443304214,0.02345,FALSE,FALSE,19531,1.21894836281256,6.59370444460756,6.70542865252035
"5070024808_1",0.831642175729416,0.992800463316721,1.26532941044561,1.24609521334709,0.00549999999999995,FALSE,FALSE,19890,1.46024021577856,3.06457894465194,3.39469374108785
"5070119814_1",0.951574974245268,1.00099564275945,1.05251490610195,1.28323714751809,0.0104,FALSE,FALSE,19792,0.0507243042506822,3.39085755226317,3.39123692696071
"5070122838_1",0.821462148234602,0.91715910458424,1.44438727924796,3.38465601113583,0.02325,FALSE,FALSE,19535,-16.1505173791346,16.7693093645586,23.2819446820493
"5087257743_1",0.882269340115589,0.992550901129118,1.16407080849871,1.17413519595027,0.0123,FALSE,FALSE,19754,0.301474860548101,7.54595873043233,7.55197856544432
"5087257743_2",1.03070646982549,1.00524948226708,0.966170746900675,1.20828912374658,0.00185000000000002,FALSE,FALSE,19963,-0.00034936315657097,3.75269125352242,3.7526912697847
"5087257743_3",0.989104383796608,0.985300751691432,1.02662466684743,1.0958906692818,0.02705,FALSE,FALSE,19459,0.760320541532022,7.20207349661651,7.24209568954605
"5087257743_4",0.965078479199222,0.992142055204607,1.04614038010065,1.03314987866293,0.0115499999999999,FALSE,FALSE,19769,0.0148539981414952,7.04171457477882,7.04173024148989
"5087257743_5",1.03293562462817,0.937214780030977,1.03638308335317,1.19395005419125,0.04575,FALSE,FALSE,19085,-0.226922920512768,7.31355304519063,7.31707264940504
"5087265965_1",0.874709888723042,0.938257913934895,1.26428837882536,1.2814552712865,0.05325,FALSE,FALSE,18935,-1.5570349699186,11.0874642369533,11.1962592459833
"5087487189_1",0.794757760025621,0.93062228217266,1.49878937180778,1.27912321026031,0.18915,FALSE,FALSE,16217,-1.60993317191893,10.1871988413315,10.3136271529889
"5087487189_2",0.800714689662885,0.932964909254648,1.47218158690796,1.25411021673535,0.19195,FALSE,FALSE,16161,-1.22948311702747,10.3386835763328,10.4115323956941
"5087487189_3",0.832372160217786,0.950546166987018,1.33942762731323,1.21665873304568,0.20905,FALSE,FALSE,15819,-0.908945411552953,9.14477384895545,9.18983517315314
"5087487189_4",0.788826806774597,0.958675163006124,1.45098203282549,1.25246427174122,0.17595,FALSE,FALSE,16481,0.176679983455885,8.38774942218576,8.38961001393578
"5087823996_1",0.996102414499356,1.0104174237724,0.993643480014961,1.26367571995743,0.00114999999999998,FALSE,FALSE,19977,0.32097526554925,-0.282312650707772,0.427464096555559
"5087823996_2",0.994270933389531,1.00768519841596,0.998138961276765,1.19058931150782,0.000499999999999945,FALSE,FALSE,19990,0.351006528480358,0.130639046720582,0.374529229251729
"5087823996_3",0.996465071955271,1.00539535353704,0.998184370682818,1.20776693300459,0.000299999999999967,FALSE,FALSE,19994,0.312798250931834,0.628085622223895,0.70166537226116
"5087823996_4",0.995045981676269,1.00735399765487,0.99768374909986,1.18265770380134,0.00105,FALSE,FALSE,19979,0.424846748754426,-0.074568647894746,0.431341214325802
"5087823996_5",0.987553870128442,1.00882380425125,1.00387129166709,1.23459318587739,0.000850000000000017,FALSE,FALSE,19983,0.329528187716144,-0.154800473193806,0.364076932804747
"5087992577_1",0.974850855039835,0.985908753977319,1.04176497059593,1.18312116410292,0.00519999999999998,FALSE,FALSE,19896,0.719394678044105,2.41730682469807,2.52208266865503
"5087992577_2",0.977815780175762,0.982433508666836,1.04228347638662,1.1530202886692,0.00854999999999995,FALSE,FALSE,19829,1.07023134441608,1.75620584082083,2.05661228380652
"5087992577_3",0.96358636654901,0.995822033211653,1.04382519815132,1.13000959805114,0.00575000000000003,FALSE,FALSE,19885,1.41462718724478,1.17664068268442,1.84001450402982
"5101394522_1",0.854456189736392,0.971113165135636,1.25012676829107,1.22838712996039,0.09,FALSE,FALSE,18200,0.396323726968795,3.53681894463802,3.5589550072611
"5107586231_1",1.10342988481507,1.00705215507366,0.908481676461244,1.08127547226575,0.00765000000000005,FALSE,FALSE,19847,-0.167103965390492,-0.869730775863786,0.88563838993906
"5107722415_1",0.992511114012064,0.99782959523047,1.00981593421292,1.02817473088267,0.00975000000000004,FALSE,FALSE,19805,0.0113967462390674,-0.216093658713867,0.216393981342326
"5107996021_1",0.917853753911623,0.99604566811203,1.10310528384084,1.04304707128924,0.0976,FALSE,FALSE,18048,-1.99857699879377,14.0505825185201,14.192011102372
"5107996021_2",0.789279437041362,0.95850816141857,1.44983499176487,1.28106542204325,0.13615,FALSE,FALSE,17277,-3.8575842547926,25.2400628586422,25.5331496175273
"5108235884_1",0.938867148755832,0.994137919622812,1.07643792981456,1.31747640731059,0.00175000000000003,FALSE,FALSE,19965,0.0453574607280349,0,0.0453574607280349
"5108832248_1",0.871258438597694,0.978262268977432,1.20479870372069,1.10942294940504,0.04125,FALSE,FALSE,19175,0.956643156818038,3.73806641188932,3.85853685082595
"5108832248_2",0.880098559195578,0.98960600487173,1.1719750902001,1.09832526241585,0.03505,FALSE,FALSE,19299,1.10929167952406,2.13489354830745,2.40588829600754
"5132165761_1",0.971094519530664,1.00371906836699,1.02675791638148,1.02862085840895,0.00370000000000004,FALSE,FALSE,19926,0.212635829448971,1.35287362831884,1.36948203718268
"5133288749_1",0.833641803829775,0.984505441726011,1.27436325270888,1.17328441830446,0.0534,FALSE,FALSE,18932,-0.871909365847301,1.29151104720713,1.55827684552851
"5133288749_2",0.831957386708126,0.995169271745757,1.26077778651482,1.16801885869264,0.0384,FALSE,FALSE,19232,-1.20766153614174,-0.171545520612926,1.21978451027982
"5133564233_1",0.832842156534777,0.956585417093931,1.32642295865976,1.16813476166697,0.1377,FALSE,FALSE,17246,1.2116762409734,8.10721012453276,8.19725657255316
"5133705365_1",0.973122986766138,1.02803853115475,1.00034564450512,1.00662722796965,0.06825,FALSE,FALSE,18635,0.426507309451707,1.6227046193277,1.6778196466257
"5134445746_1",0.809812411069767,1.03057054660224,1.25816260016197,1.38966648375976,0.00409999999999999,FALSE,FALSE,19918,-0.0846377047135083,5.38776489450501,5.38842965060506
"5134445746_2",0.828106646080243,1.01630394595134,1.2369066349514,1.40876819444641,0.00334999999999996,FALSE,FALSE,19933,-0.111477189218501,7.29656626392305,7.29741779039244
"5134445746_3",0.820421641448554,1.02596648442132,1.24004270033383,1.2154133731069,0.00360000000000005,FALSE,FALSE,19928,-0.166463038157011,5.43365509703353,5.43620434279203
"5134555424_1",1.00082932545931,0.987359046627863,1.0121192726765,1.00305252630227,0.06835,FALSE,FALSE,18633,-0.216078441716616,2.40326478948292,2.41295908405904
"5134631779_1",0.771774807183708,1.02129006444649,1.37906021514813,1.87947175880535,0.01655,FALSE,FALSE,19669,-0.291806767906355,4.38351376150967,4.39321568866595
"5134631779_2",0.870667174600128,1.01681237959029,1.15208715033474,1.24880636710851,0.00790000000000002,FALSE,FALSE,19842,-0.384778140894271,5.65702791689876,5.67009868258763
"5134631779_3",0.823304360806982,1.0163939205987,1.24764218302454,1.37725196167159,0.00524999999999998,FALSE,FALSE,19895,-0.0542809732935745,5.84475146872585,5.84500352054938
"5134631779_4",0.808976516701612,1.02418029530746,1.26987418536789,2.11258572851236,0.02885,FALSE,FALSE,19423,-0.400689186507319,6.41509047028765,6.42759189480472
"5134631779_5",0.813108246744061,1.01819054136417,1.2690081477732,1.79144148040795,0.01895,FALSE,FALSE,19621,-0.524814616074898,6.29784446174428,6.31967366606607
"5138850726_1",0.938320679828639,0.915604830826529,1.18751864826008,1.19068093986506,0.0768,FALSE,FALSE,18464,-0.800251103402039,7.56021532650941,7.60245076351593
"5138852840_1",1.00891258834133,0.982864357807659,1.00867514678031,1.20439466323501,0.00109999999999999,FALSE,FALSE,19978,-0.107373294534918,0.248841630830787,0.271018784614292
"5140116489_1",0.955941416635532,0.997222487109838,1.0513859163466,1.01485588305658,0.1892,FALSE,FALSE,16216,1.08827971360836,1.43183434527752,1.7984722203492
"5153122456_2",0.979076241532461,0.992475893534452,1.02981528019837,1.02250462153522,0.02835,FALSE,FALSE,19433,0.167316898960823,0.27926353924228,0.325550409350059
"5153122456_3",0.976752397456874,0.997148063481788,1.02739128956816,1.02002488824835,0.03415,FALSE,FALSE,19317,0.251951686356611,0.481322177375443,0.543277728874815
"5153122456_4",0.932299549431092,0.983371555103475,1.0983293095695,1.07657213307913,0.034,FALSE,FALSE,19320,0.353032693893529,0.969073896953798,1.03137592599156
"5153143559_1",1.02074647554864,1.01853504620929,0.96290638347626,1.06644490335883,0.03825,FALSE,FALSE,19235,1.30428040739727,3.27211116392152,3.52247907732328
"5153143559_2",0.953443369557722,1.02264714450323,1.02741595844111,1.01529989985665,0.09665,FALSE,FALSE,18067,0.432428555189046,1.88258831025963,1.93161414399177
"5153143559_3",0.928727135256657,1.03518091696016,1.04466708195277,1.0485957628658,0.1315,FALSE,FALSE,17370,0.985839634609548,4.6305766161915,4.73435524476001
"5153384591_1",0.946200275215152,0.918724787961321,1.17003395759774,1.14740176085955,0.04945,FALSE,FALSE,19011,1.00872005751745,4.75789207617996,4.86364607707161
"5153575599_1",1.00276565863784,1.0027529764304,0.994526672953168,1.1471435622793,0.02555,FALSE,FALSE,19489,-0.265518177640922,1.67712725253688,1.6980152307502
"5153780201_1",0.770429922337157,0.996886654824819,1.43081915125712,2.5842335002987,0.6439,FALSE,FALSE,7122,-0.4349180149191,-1.4828473290297,1.54531222764582
"5154616235_1",0.976614265314838,1.01335510934565,1.0108838038012,2.27921397664326,0,FALSE,FALSE,20000,0.343280401738449,2.04638034785198,2.0749732437534
"5164751199_1",0.999107751559016,0.985660955019548,1.01568284348348,1.04935756896786,0.01135,FALSE,FALSE,19773,0.0281027400760858,0.403592646478712,0.404569880603431
"5166863231_1",0.954758949792636,0.984623406789706,1.06723758243626,1.31667415932207,0.000349999999999961,FALSE,FALSE,19993,-0.107926968740013,0.209360551137672,0.235542078945732
"5167152731_1",0.973528272393773,1.01661417656638,1.01096786676505,1.17538250280126,0.001,FALSE,FALSE,19980,1.76739523633823,1.4459236361442,2.28350193408973
"5167429436_1",0.915602881225455,1.03052391466658,1.06673124178087,1.3551683821123,0.000199999999999978,FALSE,FALSE,19996,1.43434820546745,3.44535336383309,3.73199873743329
"5167429436_2",0.865615656423464,1.05689649905344,1.11285900299416,1.23781672637143,0.02,FALSE,FALSE,19600,0.0531486178496909,3.62308492772268,3.62347473691629
"5167572760_1",0.853284664280898,0.958188344293555,1.27482400437989,1.49467185823284,0.0416,FALSE,FALSE,19168,-0.0213558478986409,3.01202514231191,3.01210084993158
"5167572760_13",0.948856268574075,0.984871867985754,1.07441495394442,1.01411068496571,0.07925,FALSE,FALSE,18415,0.790501029662605,-0.541100935812233,0.95795725407479
"5167572760_15",0.888551236520962,0.972838410839062,1.18112204520102,1.21044348398101,0.109,FALSE,FALSE,17820,0.0423330146389067,3.05729061897546,3.0575836886345
"5167572760_16",0.853939337358466,0.973274684780892,1.24766459163847,1.37840577336388,0.1374,FALSE,FALSE,17252,0.0624170439566529,0.165988877216461,0.177336388639974
"5167572760_17",0.835017224506928,0.956719333767928,1.32068767937761,1.65261991664265,0.11885,FALSE,FALSE,17623,0.315578938352157,2.3599953197029,2.38100146479398
"5167572760_18",0.900120648974378,0.989775475947644,1.13803490086893,1.10634092081762,0.01285,FALSE,FALSE,19743,0.666442072597362,7.1157339494565,7.14687446899522
"5167572760_19",0.901131227949242,0.987570446512836,1.13934441813282,1.16287045083706,0.00280000000000002,FALSE,FALSE,19944,0.913558658322877,6.58319538855221,6.64628098608927
"5167572760_2",0.810479518452451,0.963775745070961,1.37253898208017,1.20003193552489,0.00875000000000004,FALSE,FALSE,19825,-0.175117455353924,4.22178142192089,4.22541175480521
"5167572760_4",0.998132732177615,1.00839764218385,0.993584476672043,2.13688896118896,0.002,FALSE,FALSE,19960,-0.0101777957396409,0.276497466177372,0.276684723699421
"5167572760_5",1.00439370527304,1.01459680213368,0.981584217831503,1.85187555953367,0.0679,FALSE,FALSE,18642,0.107516714904277,0.657441068583164,0.666174603721562
"5167572760_6",1.00484490649133,1.01277250969727,0.982865724786053,1.66820231862438,0.0947,FALSE,FALSE,18106,0.141510264635492,0.604201730393972,0.62055208162432
"5167572760_7",1.00384519599154,1.01610066597934,0.980703665563685,1.97822338778235,0.08675,FALSE,FALSE,18265,0.0627704185858224,0.72169141202636,0.724416054240959
"5167572760_8",0.826444074839361,0.970033936707033,1.31734081236432,1.27863510874439,0.0208,FALSE,FALSE,19584,0.167543798383574,4.7637636717794,4.76670905813874
"5167572760_9",0.849885522358138,0.968572012572279,1.26434527924996,1.22710523720803,0.0128,FALSE,FALSE,19744,-0.116091459490542,6.26061733909556,6.26169359626856
"5167714005_1",0.893202694704193,0.988529873293145,1.1509730478211,1.3250334276622,0.0427,FALSE,FALSE,19146,3.28404714049405,1.96221424949046,3.82560457730416
"5167826067_1",0.837773306907022,1.01925855614309,1.21174762691241,1.1391221864628,0.0674,FALSE,FALSE,18652,0.172679434177203,2.03572828415044,2.04303887233646
"5167976235_1",1.09004918796088,0.993762211289945,0.929080271268102,1.52064583876574,0.000149999999999983,FALSE,FALSE,19997,0.798323621639063,1.72743372015807,1.90298393645507
"5168424547_1",0.97144275173357,1.00409135250421,1.02597992172248,1.08118481869248,0.00119999999999998,FALSE,FALSE,19976,0.480346511826213,0.721201612262923,0.8665244006687
"5176724002_1",0.876311236946975,0.97847190556139,1.19495559487503,1.13521707695747,0.0217000000000001,FALSE,FALSE,19566,0.019633100447336,1.33953590759779,1.33967977755022
"5176861973_1",0.818396491684598,1.0167084864872,1.2586021054393,1.29333442039795,0.000700000000000034,FALSE,FALSE,19986,-1.62742249914188,4.77144179784079,5.04134514002914
"5176861973_10",0.538037815391378,1.49094095784114,2,2.56319126743502,0.20215,TRUE,FALSE,15957,37.6134729508088,9.83667406326738,38.8784452370228
"5176861973_11",0.605711898405806,1.23493294606688,1.85429150890947,1.66325149866046,0.22215,FALSE,FALSE,15557,0.743155839961068,0.660951683542366,0.994554035960706
"5176861973_12",0.527308843158198,1.72600081236018,1.90765365551395,2.41472615242769,0.55635,FALSE,FALSE,8873,32.9774727306343,5.56953945447225,33.4444835127507
"5176861973_2",0.5,2,2,3.51170276110856,0.1638,TRUE,FALSE,16724,-14.2844782019211,0.482216713059236,14.2926152421281
"5176861973_4",0.809088050157724,1.02869757417298,1.26272579069669,1.31276116300366,0.00219999999999998,FALSE,FALSE,19956,-0.441866598196172,3.51462060761571,3.54228797616435
"5176861973_5",0.840168284328328,1.02388058800191,1.20035645807425,1.34909039523007,0.00195000000000001,FALSE,FALSE,19961,-0.339740151527379,3.88821726037532,3.90303174909459
"5176861973_7",0.871460037943775,1.01453630403116,1.15363076336612,1.13960727417935,0.00314999999999999,FALSE,FALSE,19937,-0.29552468652716,2.1328082172584,2.15318502037143
"5176861973_8",0.85327704602942,1.01610203352148,1.18498215782905,1.27086753158494,0.00244999999999995,FALSE,FALSE,19951,-0.164127704708472,2.54667309478991,2.55195645636435
"5176861973_9",0.802283017737622,1.00857289457214,1.31223764536689,1.34645247262452,0.06335,FALSE,FALSE,18733,-1.97815049350936,13.4163546082181,13.5614029638687
"5180394617_1",0.960702974109748,1.01368335866692,1.0281780389355,1.07430914444689,0.02915,FALSE,FALSE,19417,1.25009201905157,0.784109435440361,1.47565499451703
"5180394617_2",0.963420450326472,1.01486308950426,1.02387995617576,1.24156987307298,0.1156,FALSE,FALSE,17688,0.367532854299524,1.72529406711416,1.76400680752906
"5187566356_1",0.784920800606892,1.05753673254669,1.28140650274108,2.04662513175741,0,FALSE,FALSE,20000,0.176475999145331,0.716299083725191,0.737718208816816
"5198436085_1",0.99879858406808,1.00345633490446,0.997763444659378,1.02437198064993,0.0566,FALSE,FALSE,18868,0.0507929016982933,2.6099475422537,2.61044174272843
"5198436085_2",0.984155102213051,1.00249954726102,1.01379438135906,1.01761483995391,0.0391,FALSE,FALSE,19218,0.291015306485787,2.74211338589715,2.75751259828951
"5198436085_3",0.933291080923693,1.04366763065251,1.03054167389813,1.12118156153524,0.01715,FALSE,FALSE,19657,-1.45837224090201,4.85021127795753,5.06472102231307
"5198436085_4",1.0116584796151,1.05713065262778,0.938467273242316,1.20533312443928,0.0364,FALSE,FALSE,19272,-2.10997055144341,7.14820910351227,7.45311137146723
"5198574796_1",1.05568839501479,0.927943210868664,1.02553727886025,1.15224291434458,0.00765000000000005,FALSE,FALSE,19847,0.155738988858789,5.12992352183645,5.13228701190236
"5198967697_1",1.03841589659261,1.02211021887193,0.944620094302913,1.21068216994861,0.06345,FALSE,FALSE,18731,-0.603987483523416,9.57755176133544,9.59657744309462
"5198975459_1",0.818813942303286,1.06440911799055,1.19156427162333,1.18200392497461,0.21925,FALSE,FALSE,15615,0.320165664984717,0.321468260417812,0.453704634637074
"5198975459_2",0.843196947653799,1.03417990579254,1.18051530600407,1.13487665128162,0.2296,FALSE,FALSE,15408,0.794539114489318,0.0572861924041046,0.796601601990373
"5198975459_3",0.841106279406156,1.02844798335554,1.19224939880962,1.09572297857462,0.28565,FALSE,FALSE,14287,1.09025567355497,2.3326401933526,2.57485294829877
"5206228492_1",0.909050822912833,0.917702802056297,1.23415027514137,1.13805555155467,0.02615,FALSE,FALSE,19477,-4.72703760392712,15.5770670353721,16.2785104334954
"5206325656_1",0.834112581038897,1.01558285403139,1.22479251023799,1.30212662486613,0.00654999999999994,FALSE,FALSE,19869,1.16671376162852,1.84516664791634,2.18308519305963
"5206325656_2",0.852175994701785,0.987333375009167,1.22894758707101,1.41780333678584,0.00129999999999997,FALSE,FALSE,19974,1.4437714615127,1.90982269045721,2.39413841330524
"5206325656_3",0.869107806886219,1.01029008470574,1.16335880423077,1.21829892488158,0.0118,FALSE,FALSE,19764,1.34537369050691,1.29771752951602,1.86925149552471
"5206325656_4",0.903539265502846,1.0109689905075,1.10608308599265,1.60777015336307,0.000700000000000034,FALSE,FALSE,19986,1.41196221939388,2.4427330389634,2.82145033779421
"5206644829_1",0.94948879120381,0.937633860548646,1.13599276714092,1.06394378718533,0.0544,FALSE,FALSE,18912,-1.07590147744024,8.35518146527496,8.42416887929203
"5206791621_1",0.961823729859992,1.0114508810061,1.02919867781559,1.03310731283039,0.0396,FALSE,FALSE,19208,0.484444283928409,3.07494631907144,3.11287345219845
"5206791621_2",0.873126370634159,0.952938965811007,1.24176513217957,1.29561167083035,0.016,FALSE,FALSE,19680,0.206175303638478,2.5510027787027,2.55932089288923
"5216939223_1",0.930485303601707,1.014507305351,1.0642919020365,1.05037788282169,0.11465,FALSE,FALSE,17707,1.01965135999921,4.53511803702287,4.64833136788659
"5217493725_1",0.975737563257084,1.00964911347032,1.01554684653518,1.07595608958194,0.00260000000000005,FALSE,FALSE,19948,0.315815445400353,5.28747470209241,5.29689797153208
"5219366599_1",1.33237702266971,1.08930335056172,0.751064390274623,1.81559303100931,4.99999999999945e-05,FALSE,FALSE,19999,-0.360689723446384,2.69858613490002,2.7225841041324
"5230128321_1",0.934678392775118,0.999216733140694,1.07604472754821,1.05360361939706,0.04535,FALSE,FALSE,19093,0.0996985375615878,4.22358927068305,4.22476580721593
"5230459452_1",0.904916663627006,1.01727938027389,1.09659735378713,1.18932643212135,0.00875000000000004,FALSE,FALSE,19825,0.00721248611978975,2.21057709369173,2.21058885980877
"5230978959_1",0.929001452610696,1.01863795731198,1.06171498870872,1.13438046080807,0.0154,FALSE,FALSE,19692,0.11928158213087,-0.244306354722945,0.271870724414485
"5230978959_2",0.9191311400262,1.01529425209064,1.0786557573363,1.1425348411789,0.0172,FALSE,FALSE,19656,-0.01852240972261,-0.27919899874459,0.279812724088655
"5230978959_3",0.918938247154716,1.00081948504286,1.09576263120464,1.15979503321101,0.0137,FALSE,FALSE,19726,0.714860413711715,-0.198610469347837,0.741937685811048
"5230978959_4",0.949752286437087,0.986720141167535,1.07108205232175,1.16285093134584,0.0208,FALSE,FALSE,19584,1.37342841096993,-0.158427952345064,1.38253571966284
"5237534866_1",0.895889404411874,1.04567697908922,1.07819905560114,1.01825174694093,0.01275,FALSE,FALSE,19745,2.44314670226464,5.28775694139534,5.82488963672799
"5237673830_1",1.08115737332566,1.00342120036387,0.927235380948582,1.10536568371134,0.00765000000000005,FALSE,FALSE,19847,-0.593146700667069,-2.39062074293479,2.4631058737014
"5237751834_1",1.08498854383081,0.988607504018555,0.937376235626437,1.01715425996244,0.0806,FALSE,FALSE,18388,0.0429706140697428,-0.938696567185504,0.939679583112978
"5238043783_1",0.847302681439516,0.992747572627492,1.23080133785445,1.11489674922947,0.2667,FALSE,FALSE,14666,3.89332227513089,10.2795501889678,10.9921385737962
"5238090770_1",0.950509086986793,1.00594097238172,1.04839596004214,1.03253887359245,0.0155999999999999,FALSE,FALSE,19688,0.90543616831118,-0.824212447530881,1.22439405974991
"5238174140_1",0.975501470643597,0.997024000399779,1.02891102374641,0.986046967479567,0.1055,FALSE,FALSE,17890,-0.5108682216729,7.33814878020346,7.35591013133771
"5238283801_1",0.983819016159063,0.97192068579113,1.04749077551465,1.02034746868045,0.1036,FALSE,FALSE,17928,-0.0636247418309144,3.72718196735373,3.72772497986907
"5238321782_1",1.02539732933198,1.00217297068861,0.973770005051072,1.05049688159804,0.00595000000000001,FALSE,FALSE,19881,0.626138546286126,0.635335061012898,0.892020245789055
"5281923114_1",0.994153416090251,0.96439030897234,1.04471978492946,1.01147051946114,0.00639999999999996,FALSE,FALSE,19872,-4.80527019429003,13.3341050897847,14.173530970988
"5282127511_1",0.954537676754524,0.983718283383791,1.06858017449449,1.0313071969916,0.04315,FALSE,FALSE,19137,0.124541301084358,6.08040217661574,6.08167749597668
"5282574916_1",0.950734121705074,0.947865903920145,1.11959556564879,1.15347154199942,0.0604,FALSE,FALSE,18792,-2.20475067477066,3.30377246003326,3.97188091533167
"5282574916_2",0.992932070964429,0.992883499410052,1.01449278875258,1.05666614877252,0.0432,FALSE,FALSE,19136,-1.71943396113444,-0.0546830388451824,1.72030328181976
"5292001597_1",0.986576350582403,1.04202895598971,0.973968287721526,1.2066543547805,0.000249999999999972,FALSE,FALSE,19995,-6.57223329019485,10.4481407352028,12.3433340408234
"5292537065_1",0.823289713813347,0.992550783093349,1.28558561001251,1.21366422480309,0.00190000000000001,FALSE,FALSE,19962,0.704399523711097,3.77971078447965,3.84478767987469
"5292537065_2",0.811933363781723,0.981833884767874,1.3335651872667,1.1367708821708,0.02345,FALSE,FALSE,19531,0.499745373055249,4.85430876403576,4.87996506283442
"5292537065_3",0.850484229110566,1.00740369355219,1.20257564014246,1.20856776831657,0.00149999999999995,FALSE,FALSE,19970,-0.0137087922663648,2.5739985009632,2.57403500635602
"5292621560_1",0.740847119692832,0.969261359658432,1.61686616860872,1.65247965028545,0.339,FALSE,FALSE,13220,3.84051471934657,9.88418720322675,10.6040893045065
"5716681309_1",0.881213912344155,1.08562485636054,1.05923983933734,1.2123458176277,0.0157,FALSE,FALSE,19686,-0.12765039051138,-0.707774554249452,0.719193605255718
"5716681309_2",0.879076824539699,1.00900390845984,1.14762265422565,1.14028260922803,0.0399,FALSE,FALSE,19202,-0.464790826747552,-1.9815557014379,2.03533621559921
"5759771061_1",0.970030880582036,0.997097418948828,1.03498888216387,1.02767394865372,0.29715,FALSE,FALSE,14057,-1.10971632466533,6.82739082596286,6.91698892666965
"5759920768_1",1.06833017440585,1.00834184083223,0.93263344209339,1.23197022824989,0.00944999999999996,FALSE,FALSE,19811,1.27537265361644,4.74911241382987,4.91738183638261
"5760022289_1",0.970403849179904,0.989545160019617,1.04282256631428,1.05823261268018,0.0169,FALSE,FALSE,19662,0.573394265655391,4.26730042738809,4.30565139339834
"5760022289_2",0.961884943176051,0.983405858078875,1.05988288988094,1.05828707235752,0.0164,FALSE,FALSE,19672,0.717534479653698,4.32357989965521,4.38271592487973
"5760415423_1",0.840942079314415,0.999510838839655,1.23400717497323,1.2343473512233,0.00875000000000004,FALSE,FALSE,19825,-0.813637134967182,6.2698813101449,6.32245340280985
"5760415423_10",0.847991147691073,0.999722705547796,1.21882098198328,1.11286499878508,0.0172,FALSE,FALSE,19656,-0.0855582301319824,5.86034952910571,5.86097404993683
"5760415423_2",0.841198359095964,0.996833074767798,1.2375582724329,1.22657130439945,0.00790000000000002,FALSE,FALSE,19842,-0.514221923650582,5.80502429257888,5.82775524745109
"5760415423_3",0.827474770967182,0.991510264886988,1.27723461302802,1.25255693846731,0.0113,FALSE,FALSE,19774,0.0696165691486672,6.78705793069546,6.78741495868023
"5760415423_4",0.772969941933052,0.99206760710014,1.43206399858622,1.24897884592279,0.01675,FALSE,FALSE,19665,0.581812030317763,3.86235125699708,3.9059265829057
"5760415423_5",0.754523680404113,0.991522918998434,1.50125130831084,1.2885347944819,0.0138,FALSE,FALSE,19724,-0.0571441144649465,5.3213595278059,5.32166634373
"5760415423_6",0.805215935735412,0.972929513491675,1.36935012672278,1.31026941882057,0.0843,FALSE,FALSE,18314,0.378841576445882,3.38685862691918,3.40798067758326
"5760415423_7",0.836338741597852,0.997116499938902,1.24778456289512,1.12536093529989,0.0166500000000001,FALSE,FALSE,19667,0.0424883585410929,5.79248866367852,5.79264448930328
"5760415423_8",0.854697543328727,0.99804327191212,1.20767856135109,1.16083631844081,0.0209,FALSE,FALSE,19582,0.837236275457232,2.25028340311955,2.40098729178161
"5760415423_9",0.86242024689493,0.997216448724563,1.19377161032679,1.17332322553397,0.0202,FALSE,FALSE,19596,0.524974132421335,3.4482740388987,3.48800683586691
"5761025261_1",0.92940169271212,1.00292878586371,1.07879612569721,1.07285177022771,0.0278,FALSE,FALSE,19444,0.799021948596212,1.06932274940177,1.33487348341581
"5827458319_1",0.811581960673922,0.949467643622215,1.39935141478816,1.19328115699835,0.02955,FALSE,FALSE,19409,0.600795719354008,5.08240519531704,5.11779230389235
"5827560801_1",0.920703564624624,1.01332173438641,1.0787245803023,1.06838069142071,0.00929999999999997,FALSE,FALSE,19814,-1.12822695806611,4.55505075146612,4.69269468614134
"5827560801_2",0.937827296460439,1.00707822035027,1.06299966897579,1.08657989436213,0.02185,FALSE,FALSE,19563,-0.773866367837939,5.27472639460291,5.33119195801383
"5827560801_3",0.964539897720491,0.998758073085828,1.03950884098064,1.06155059708819,0.00834999999999997,FALSE,FALSE,19833,-0.390205484772366,4.90459077534495,4.92008851484861
"5827965567_2",0.966825158505908,0.987610359536104,1.04916188465755,1.08920870173312,0.00055000000000005,FALSE,FALSE,19989,-0.129945938837306,0.484860888820582,0.501972139195188
"5827965567_5",0.944899800474947,1.0077394536505,1.05333371783112,1.56822781177065,0.00105,FALSE,FALSE,19979,0.456478125917648,1.15407739258675,1.24107490004476
"5828410576_1",0.87274008328616,1.02754996358735,1.13508048111003,1.12797039563201,0.05515,FALSE,FALSE,18897,1.56569203563955,4.44656411570372,4.71416206610774
"5828504252_1",0.974045638175437,1.01243934469806,1.01456862884456,1.08334006231713,0.0375,FALSE,FALSE,19250,2.91915615214511,-2.16136251489806,3.63221152487202
"5828504252_2",0.951605418132415,0.997654331750756,1.05619697382102,1.09380695316057,0.02685,FALSE,FALSE,19463,0.253035305230631,2.38407952762005,2.39746992884378
"5828504252_3",0.876592202453047,0.991712842891923,1.17527832613601,1.26092742923899,0.002,FALSE,FALSE,19960,2.61640862489598,0.727576475374125,2.71568805645051
"5828534906_1",0.834472009651694,1.01432755343601,1.22584678723804,1.17609215448836,0.031,FALSE,FALSE,19380,0.552066674616658,4.75957156528279,4.79148193133093
"5828602786_1",1.00722041240689,0.982683341835662,1.01056357998496,1.11410255490039,0.000299999999999967,FALSE,FALSE,19994,-0.317107255261878,0.221806292697457,0.386981967047448
"5828676655_1",0.989392925908618,0.980305128890346,1.03179086135887,1.40896877800304,0.00390000000000001,FALSE,FALSE,19922,0.167387573371869,7.01802602371601,7.02002192797675
"5828676655_2",0.964979348005736,0.988946124695523,1.04983463930907,1.3093581699004,0.000850000000000017,FALSE,FALSE,19983,0.597946041653696,7.49150253768964,7.51532765359832
"5828742124_1",0.840572701442263,1.00487771946557,1.22670946254554,1.15762766012881,0.04565,FALSE,FALSE,19087,-1.20918879649679,-2.98422007018926,3.21989238529702
"5828863830_1",0.961489525617776,1.00269085654562,1.03881997154507,1.11891580244788,0.00605,FALSE,FALSE,19879,0.00657164906486818,2.42169835395658,2.42170727052785
"5828863830_2",0.952754162099893,0.98954157132015,1.06400824732932,1.12878137496487,0.00170000000000003,FALSE,FALSE,19966,0.265526219645873,1.0428694449016,1.0761416507267
"5828863830_3",0.952660229771577,0.994480618286062,1.05847234220048,1.12271294021792,0.00224999999999997,FALSE,FALSE,19955,-0.00315986495003084,0.697885800226206,0.697892953757146
"5828863830_4",0.936396250160715,0.989606564087068,1.08510071988216,1.189158643357,0.000650000000000039,FALSE,FALSE,19987,-0.0308735182838471,0.809950417980865,0.810538619510878
"5829214898_1",0.996396623060814,0.996627386920993,1.00704978587374,1.07805057611399,0.00519999999999998,FALSE,FALSE,19896,-0.269052632939137,2.17558498088805,2.19215860018319
"5829275763_1",0.842956483953336,1.00227454002233,1.22553747474149,1.15189871656944,0.0394,FALSE,FALSE,19212,0.751249327742343,4.79462555601773,4.85312371312041
"5830359977_1",1.00132279543005,0.986941540347585,1.01205375381641,1.04126034701886,0.00775000000000003,FALSE,FALSE,19845,0.14404976058352,0.192845014448184,0.240706321316433
"5830359977_2",0.992525703919401,0.989631458297239,1.0183379825311,1.03247858978242,0.00765000000000005,FALSE,FALSE,19847,0.0609003353095328,0.051341288142126,0.0796541192212075
"5830359977_3",0.976658913569722,0.993005448150449,1.03193075817232,1.10594512840481,0.00229999999999997,FALSE,FALSE,19954,-0.201931004999545,-0.260164595875834,0.329335311995786
"5830657227_1",0.958311013249957,0.980090424306518,1.06816675309535,1.07509382397791,0.0462,FALSE,FALSE,19076,-3.49893568173726,7.58004063665864,8.34862665103252
"5830717863_1",0.945415326027113,1.00626123778068,1.05431171476044,1.04365704629374,0.06585,FALSE,FALSE,18683,0.596907221537102,2.15887749891972,2.23987729272499
"5830717863_2",0.980801537536222,1.0032807660549,1.01657445384461,1.04872614571801,0.02235,FALSE,FALSE,19553,0.0512522277373306,1.10599971078842,1.10718659272595
"5830717863_3",0.965902701250892,0.998888657927572,1.03778959809852,1.12412787426751,0.00260000000000005,FALSE,FALSE,19948,0.29445647372911,0.545821305244254,0.620181837995537
"5831033623_1",0.943440739718173,1.04362259834224,1.01848632005232,1.1218740171084,0.02025,FALSE,FALSE,19595,1.80027176183173,3.07311149893525,3.56159973906906
"5837644281_1",1.00971090255115,0.994332652524671,0.996097431211645,1.1434546051663,9.9999999999989e-05,FALSE,FALSE,19998,-0.15282103842873,0.726063574950353,0.741972091561483
"5837978934_1",0.805471624738837,1.05261762676704,1.23689089704402,1.20766520644007,0.05355,FALSE,FALSE,18929,-2.80515673916032,-0.339058968845962,2.82557344898543
"5838004830_1",0.986069971673289,0.96578167560596,1.05214152351104,1.16528876813385,0.00185000000000002,FALSE,FALSE,19963,2.08578390843783,2.34854281203936,3.14104247864939
"5838014321_1",0.928035908707032,0.982694342314512,1.10516157098481,1.34031745967789,0.00314999999999999,FALSE,FALSE,19937,0.443888770333134,3.16671944345521,3.19767873214073
"5838014321_2",0.941120558076021,0.97263074590967,1.09975012104294,1.31301740870246,0.003,FALSE,FALSE,19940,0.11462723244926,2.65901538575937,2.66148496597745
"5838014321_3",0.933272867207703,0.977089512687904,1.10490604931163,1.33865415982016,0.00275000000000003,FALSE,FALSE,19945,0.434037409484,2.46280470082383,2.50075897823671
"5839899762_1",0.945743287607593,0.984888130316806,1.07841492347257,1.23910450877005,0.1934,FALSE,FALSE,16132,0.0122736528525014,0.335145445170615,0.335370111925546
"5839899762_2",0.778067609161851,0.988366213094727,1.42248740962802,1.25333985074974,0.0931,FALSE,FALSE,18138,0.706296550952112,7.53668208815658,7.56970486319163
"5839899762_3",0.829174664790381,0.995113343995145,1.26731335418152,1.17830664247743,0.04735,FALSE,FALSE,19053,0.662603122704775,3.92161714872292,3.97720051787383
"5839899762_4",0.831595994691528,1.03930130506236,1.19716301977773,1.24028779093623,0.00865000000000005,FALSE,FALSE,19827,-0.83558822337837,8.77595251071852,8.81564235603029
"5839899762_5",0.802411501989288,1.02404945429963,1.28660171367894,1.26350969830306,0.01395,FALSE,FALSE,19721,-0.724616596536443,7.51651220754921,7.55135914774369
"5840156569_1",0.803227605722337,1.01674142571605,1.2961953751772,1.26935279143032,0.03545,FALSE,FALSE,19291,0.219794840542742,7.56781044906274,7.57100156946704
"5840156569_2",0.979382610015218,0.990029761862043,1.03212175528574,1.0503627737803,0.01175,FALSE,FALSE,19765,0.22233674936567,1.76654961012142,1.78048621312792
"5840156569_3",0.960410664081234,0.986430406401109,1.05817588438451,1.06201098473602,0.01845,FALSE,FALSE,19631,0.571002151048938,2.67353479727475,2.73383096930689
"5840156569_4",0.821124336468382,1.00639721567094,1.26820799320802,1.19371353798697,0.04565,FALSE,FALSE,19087,0.835520038827531,4.4966458050355,4.57361096194525
"5840281297_1",0.654659748695164,1.14910833895989,1.660442812886,1.4008814970377,0.207,FALSE,FALSE,15860,12.8740231420962,4.45066260597216,13.621632409349
"5840431702_1",0.719453721409037,1.07620478457786,1.46871918864575,1.37432298045217,0.1098,FALSE,FALSE,17804,-1.34891428206155,6.32862734225336,6.47078772464886
"5840431702_2",0.920296709867926,0.991403537610358,1.10531078638404,1.06965272420502,0.03045,FALSE,FALSE,19391,0.520580627002554,3.38028656878382,3.42013763996577
"5840437875_1",1.01285716837092,1.00114228827989,0.986353848814053,1.03276158479728,0.00590000000000002,FALSE,FALSE,19882,0.404063046915648,1.59129089811295,1.64178977591526
"5840706202_1",0.855296906154446,0.887477794955054,1.42040085502863,1.16878180203438,0.2175,FALSE,FALSE,15650,-0.64051301035406,11.7387584077097,11.7562198801744
"5840706202_2",0.838038375939638,0.875746948372618,1.50408768834436,1.19126371930289,0.2014,FALSE,FALSE,15972,0.992701900726006,9.64781717503146,9.6987542141523
"5840790183_1",1.02448041114566,1.01102994635195,0.966365592571296,1.0311297664739,0.05,FALSE,FALSE,19000,-0.0159509959959947,-3.83021411508846,3.83024732905019
"5844112382_1",0.777787781006238,0.996266263382788,1.40735154211672,1.35305849481908,0.06845,FALSE,FALSE,18631,1.32196780802557,7.28309183248408,7.40209602246906
"5844122892_1",0.922231095038873,0.998846044007972,1.09347243614705,1.04673290954413,0.46975,FALSE,FALSE,10605,-0.0242860355103014,-1.31516239852019,1.31538661465068
"5844122892_2",0.920842116102957,1.00008281525946,1.09394790059586,1.05242528758141,0.46825,FALSE,FALSE,10635,-0.0797107638851879,-1.29973804177639,1.30218001179556
"5844122892_3",0.90864035337502,1.0107057457093,1.09884446132423,1.0393408572877,0.06515,FALSE,FALSE,18697,1.77364910961075,7.70288006598552,7.9044413132732
"5844122892_4",1.02829912855454,0.995863170084266,0.977167205316661,1.10653777347397,0.00414999999999999,FALSE,FALSE,19917,0.292705765542023,1.11496817486572,1.1527491904768
"5844122892_5",0.988862515882263,1.00572838861948,1.00559833049912,1.0194397781356,0.01985,FALSE,FALSE,19603,0.695206643910429,3.38633057661202,3.45695632773032
"5844122892_6",0.926131271353327,1.01276903121802,1.07198657806427,1.1207978490686,0.01115,FALSE,FALSE,19777,-0.871689773670692,-2.0107196634078,2.19153750283604
"5844399005_1",0.867198913342429,1.00613611643671,1.17238693307994,1.1498018132688,0.04575,FALSE,FALSE,19085,0.995529962095565,4.21268456356889,4.32871703135717
"5844399005_2",0.888639067313917,0.988978089640525,1.15802531051631,1.10889073104656,0.01885,FALSE,FALSE,19623,0.662010820435016,4.21547352997655,4.26713901909769
"5867808684_1",0.835853372627125,1.01075190161255,1.22811582977096,1.28667772037834,0.000800000000000023,FALSE,FALSE,19984,-0.201584185302278,5.18298538769273,5.18690405856907
"5868050927_1",0.760035650138828,1.02779331449871,1.40584893400291,1.35859175614053,0.06745,FALSE,FALSE,18651,0.542725139544675,9.11520316246384,9.13134597253245
"5868050927_2",0.726654702051722,1.07159787383724,1.44792254758545,1.41137706496817,0.01885,FALSE,FALSE,19623,2.32181624547695,13.8734722884077,14.0664161752373
"5868052592_1",1.070113184843,1.0343197869249,0.910166202892908,1.12558872211232,0.0164,FALSE,FALSE,19672,0.212083518815021,2.4878570130598,2.49688044094702
"5868194220_1",0.617148823330525,1.04515772087953,2,1.61108340819536,0.02555,TRUE,FALSE,19489,-1.3266184529892,-4.31780659273382,4.51700899844876
"5889464411_1",0.724211404555293,1.08509353872144,1.43346941963841,1.73772363186617,0.23475,FALSE,FALSE,15305,1.02738789968809,7.9922721168439,8.05803570891232
"5889464411_2",0.804924536500657,1.05099407175003,1.24043722153538,1.57050318236247,0.03665,FALSE,FALSE,19267,0.681446581372536,7.22996047591147,7.26200371292292
"5890068155_1",0.841991732567942,0.965082743400388,1.2883953087856,1.18327459906302,0.15115,FALSE,FALSE,16977,2.05463521241461,7.25642598065208,7.54170033008317
"5890120580_1",0.84051868549273,1.00342212860846,1.2290011149441,1.17365523802334,0.01175,FALSE,FALSE,19765,0.256210571073723,1.80055538234243,1.81869281122795
"5890209987_1",0.890921043959183,1.02587579040197,1.10767829063275,1.19804324410473,0.00739999999999996,FALSE,FALSE,19852,0.183132078696413,0.141860331892696,0.231649977363209
"5890209987_2",0.912664084782033,1.007117235243,1.09724491785047,1.16674091048979,0.00629999999999997,FALSE,FALSE,19874,1.07458681578837,-0.0667609348429909,1.0766586492883
"5890209987_3",0.862156486083529,1.03947103705037,1.13883544073137,1.16194339416313,0.07065,FALSE,FALSE,18587,0.181438485775787,0.11600670854699,0.215354313977028
"5901309242_1",0.884306175199393,0.968352750674485,1.19547381755713,1.35639559114186,0.00114999999999998,FALSE,FALSE,19977,-0.281918103454626,-0.215800787862808,0.355032107136329
"5901445011_1",0.758574844508745,0.984620372996817,1.50123402535942,1.26594931875492,0.0416,FALSE,FALSE,19168,1.81938869281315,1.60569227018692,2.42660727808897
"5901445011_2",0.757821765888852,1.01911106787173,1.43024442677135,1.25566733573171,0.05855,FALSE,FALSE,18829,0.569845797002644,5.63416708604207,5.66291117587071
"5902896683_2 - Copy",0.965094050984618,1.02802540367347,1.00898709923171,1.09467701929862,0.00395000000000001,FALSE,FALSE,19921,0.605569957318253,3.33671838983554,3.39122464402951
"5902896683_2",0.96750939528587,1.02702499698029,1.00732103745769,1.10007964507025,0.00444999999999995,FALSE,FALSE,19911,0.640861038761098,3.37067442030898,3.43105653097224
"5903213695_1",0.941183982165156,0.986325268036581,1.08266803020468,1.02451495879042,0.04355,FALSE,FALSE,19129,0.575092404185462,2.20989938393858,2.28350313345175
"5908629606_1",0.98364801014035,0.980045728949096,1.03840474901954,1.03816838812886,0.00405,FALSE,FALSE,19919,-0.274407921984687,1.14311994565239,1.17559470813554
"5908629606_10",0.950010411204017,0.978554882587405,1.08053804609615,1.27110459433476,0.00734999999999997,FALSE,FALSE,19853,-0.319249646706654,6.56672852134337,6.57448429992397
"5908629606_11",0.993443338241476,0.990634389356882,1.01631602886963,1.13522567758551,0.000600000000000045,FALSE,FALSE,19988,-0.44548811832279,0.884246985914472,0.990127464352751
"5908629606_12",0.991703120555306,0.991151310982585,1.01759832603494,1.05387875918003,0.00124999999999997,FALSE,FALSE,19975,-0.457693438413176,0.993894058450762,1.09421601294726
"5908629606_13",0.947379667913936,0.969742976832711,1.09498334390444,1.11688364734722,0.00295000000000001,FALSE,FALSE,19941,-0.887784477799691,7.89438059419203,7.94414288925985
"5908629606_14",0.906697035443198,0.950530843051163,1.18335906111989,1.38112715846882,0.00155000000000005,FALSE,FALSE,19969,-0.582566322541944,4.17759172193117,4.21801566086565
"5908629606_15",0.937009396132926,0.958715152998625,1.12395901214913,1.44439589598421,0.00529999999999997,FALSE,FALSE,19894,-0.148167198980087,2.41614794272987,2.42068676205977
"5908629606_16",0.969847721873717,0.951515358107494,1.08937788829876,1.42974465536326,0.000499999999999945,FALSE,FALSE,19990,-1.07109861130145,6.99430420984746,7.07584225481474
"5908629606_17",0.924868471938129,0.939936567146467,1.16977726823687,1.30169414017223,0.00119999999999998,FALSE,FALSE,19976,-0.588535936658363,2.07989676087282,2.1615607982723
"5908629606_18",0.973659965130544,0.969081064780831,1.0626518467782,1.30674553011572,0.00180000000000002,FALSE,FALSE,19964,-0.972002855277487,6.19592930978314,6.27170866371338
"5908629606_19",0.942976554217606,0.968776701024325,1.10217293849483,1.15157743789462,0.00405,FALSE,FALSE,19919,0.557412074262575,5.08785902450208,5.11830222571323
"5908629606_2",0.995281569017339,0.985531653200631,1.01980622071448,1.09878848437012,0.00114999999999998,FALSE,FALSE,19977,-0.465785985300671,3.67861520682589,3.70798684247843
"5908629606_20",0.982965831280266,0.988110794084801,1.03024980311308,1.17491340468109,0.00129999999999997,FALSE,FALSE,19974,-0.41461651811614,4.98086189881175,4.99808884596196
"5908629606_3",0.9188080320765,0.950035220273029,1.16408904075412,1.20203089994088,0.002,FALSE,FALSE,19960,0.154215014840559,5.75545568156206,5.75752137410077
"5908629606_4",1.00215297128772,0.969772929642617,1.02988826238352,1.38841334648001,0.000750000000000028,FALSE,FALSE,19985,-0.841690880904244,4.73790844394679,4.81209101765747
"5908629606_5",0.996199999652662,0.985073667099188,1.01933370197307,1.03692900811443,0.00290000000000001,FALSE,FALSE,19942,-0.321150524899672,0.741749351595722,0.808288166581701
"5908629606_6",0.992285582710548,0.990371580452411,1.01780799566293,1.26968007274032,0.00044999999999995,FALSE,FALSE,19991,-0.1935884195301,0.842631960776608,0.864583771243939
"5908629606_7",1.01474802106784,1.00861063446974,0.977449456642468,1.04638133014214,0.00134999999999996,FALSE,FALSE,19973,-0.151417894883044,0.177766402266921,0.233512896144383
"5908629606_8",0.992533287364488,0.991932176115606,1.01590534621819,1.06823721396577,0.000750000000000028,FALSE,FALSE,19985,-0.159749568057199,0.799879853801699,0.815676225601978
"5908629606_9",0.983841446303274,0.974201521285701,1.04482902261336,1.2224484120587,4.99999999999945e-05,FALSE,FALSE,19999,-0.300409184642303,2.1812202521114,2.20181004322316
"5908743964_1",0.944548641120971,0.907730474052258,1.19097997518786,1.47655796298124,0.000600000000000045,FALSE,FALSE,19988,-1.22106490270524,1.78429709741125,2.162109069508
"5908743964_2",1.03520971033915,0.94012223196356,1.0305871238673,1.42479429212808,0,FALSE,FALSE,20000,-0.644897082173634,0.275307845473494,0.701203719596042
"5908743964_3",1.07557244269456,0.937381672212598,0.996550721535194,1.35237223352392,0.2161,FALSE,FALSE,15678,-0.766187793948409,3.37342887907306,3.45934475555121
"5908810370_1",0.913695413879718,1.0322611240327,1.06746798484583,1.32432339641585,0.018,FALSE,FALSE,19640,-0.474787437228341,1.86816094921822,1.92754985479852
"5908840243_1",0.965096582808573,0.979860399860674,1.0601297818001,1.05614605101777,0.02405,FALSE,FALSE,19519,0.858933112448834,3.80549178282363,3.90122209067867
"5908961865_1",0.88376246907389,1.03911391019418,1.10361165369016,1.19224390470137,0.03215,FALSE,FALSE,19357,-0.934140723631349,-1.9260073908957,2.14058948921351
"5909384703_2",1.02117941253899,0.807355873739118,1.27856149342621,1.28733145333549,0.00760000000000005,FALSE,FALSE,19848,1.63963435265091,-0.767635308261927,1.8104322072045
"5918313324_1",0.989960209784768,0.9832840617779,1.02789894629143,1.01484775691126,0.0081,FALSE,FALSE,19838,-0.0669503391793613,0.745619023124244,0.748618778525482
"5918313324_2",0.99925330531625,0.97999841287399,1.0216143650916,0.991102381376843,0.0962,FALSE,FALSE,18076,-0.431710138630109,0.681709018481103,0.806908191602054
"5918313324_3",0.990716126695176,0.985344682676538,1.02484654504447,1.00396094737976,0.01795,FALSE,FALSE,19641,-0.192673469900595,0.754030439664932,0.778257650103631
"5918313324_4",0.915482382474299,1.01266178114965,1.08674017206497,1.0569011521356,0.0379,FALSE,FALSE,19242,0.5036328916036,3.99880333004972,4.03039379737535
"5918313324_5",0.923794054825039,1.00195370071667,1.0875978044967,1.03690596577276,0.0462,FALSE,FALSE,19076,-0.548139824568222,3.41404350889949,3.45776667054566
"5918313324_6",0.919986978396076,0.993525343094509,1.10313027968402,1.04247409902786,0.04405,FALSE,FALSE,19119,-0.204144466153078,3.37819655516349,3.38435916066534
"6130530580_1",0.986815649121393,1.00949207588574,1.00397340227511,1.06056252944602,0.01525,FALSE,FALSE,19695,0.339373492210637,2.80291652928106,2.8233872276633
"6130530580_2",0.959864666267031,1.00464063874435,1.03863119254526,1.03218220589025,0.05135,FALSE,FALSE,18973,0.169126255069429,1.64140589152935,1.65009605505287
"6130552382_1",1.00172603258525,1.0009399750121,0.997344917411387,1.04768991110139,0.05965,FALSE,FALSE,18807,-0.00738093254604166,3.83679522917419,3.83680232860374
"6130552382_2",1.0072831102794,0.977540861582089,1.01599655089713,1.07240661413584,0.0142,FALSE,FALSE,19716,-0.425621948263122,6.33228189996018,6.34656979032033
"6150440929_1",1.01169623753329,0.995095775627646,0.993411079020673,1.00771025045697,0.0646,FALSE,FALSE,18708,1.23620904649716,3.06623021298484,3.30605210570894
"6151745674_1",0.992492289027091,1.01539491517443,0.992460277274723,1.18981684654986,0.000199999999999978,FALSE,FALSE,19996,0.420460808797318,2.17635403319665,2.21659743064586
"6159267731_1",0.978322351144888,0.993313083576309,1.029749370865,1.00454524429412,0.0484,FALSE,FALSE,19032,-0.75342683235663,2.05033797502644,2.18438499435206
"6171029749_1",0.874190632662291,0.969424655438973,1.21278998955024,1.11349047536101,0.14885,FALSE,FALSE,17023,-0.424083411843246,10.5755866927686,10.5840861975168
"6171029749_3",0.878479056099652,0.967959435911861,1.2069018501616,1.11369264957809,0.09165,FALSE,FALSE,18167,-0.0669047884808149,10.3906820195537,10.3908974146701
"6178498417_1",0.921737779064311,1.04816317016471,1.04053636432026,1.11896796722393,0.0385,FALSE,FALSE,19230,-2.95083556908338,2.58729748012411,3.92447943126527
"6178695149_1",1.07801574914199,0.992442160288995,0.939183746435208,1.03212280404123,0.05225,FALSE,FALSE,18955,-0.263823217366788,-2.5641280552684,2.577664713231
"6183842415_1",0.889071406395848,1.02289793410826,1.11406175689388,1.12652271489164,0.0105499999999999,FALSE,FALSE,19789,-1.44755166385679,3.72622646646916,3.99752041882838
"6186586171_1",0.926747554606807,1.00367903061667,1.08152182400833,1.00182993468554,0.04175,FALSE,FALSE,19165,-0.769761012569647,-0.457685918315898,0.89554922606014
"6188056152_1",0.976379260594234,0.875303135999422,1.19998107449226,1.17261056874968,0.1675,FALSE,FALSE,16650,-8.58200494262529,10.3292568792681,13.4292351425221
"6188193741_1",0.772165779820828,1.02700333726492,1.3675500858635,1.192462547029,0.1186,FALSE,FALSE,17628,4.28175924718591,5.46938946353994,6.94605523694879
"6188193741_2",0.748947383368315,1.01417717572822,1.4732493759737,1.20745459284121,0.09955,FALSE,FALSE,18009,2.97347593052089,4.26370589859537,5.19814842988386
"6188193741_3",0.774052534891178,1.00857285100924,1.39548253398576,1.1751492207697,0.1062,FALSE,FALSE,17876,3.26466928756597,4.35183781392471,5.44027186047549
"6188193741_4",0.731530389607205,1.01251700458951,1.54951060208359,1.25842394609072,0.0841,FALSE,FALSE,18318,2.47700302497905,2.32839027463403,3.39955074337267
"6188292805_1",0.957541253057603,0.993467558500895,1.05364843099469,1.06370526109954,0.00380000000000003,FALSE,FALSE,19924,0.807474807583503,0.293733474194569,0.85924089680626
"6188482408_1",0.957863263625606,0.973800149694039,1.07630472779244,1.05712042752637,0.015,FALSE,FALSE,19700,-0.617711105817487,3.12894507810135,3.18933602996375
"6188493351_1",0.988718582970104,0.985156650579646,1.02719723857155,1.13948115102058,0.00980000000000003,FALSE,FALSE,19804,0.380229266512988,-0.406846012912876,0.556864411985637
"6188493351_2",0.985393628641543,0.963984977640266,1.05505648050365,1.3035606064192,0.00044999999999995,FALSE,FALSE,19991,0.331926714049247,-0.326011012416139,0.465251033009198
"6188493351_3",0.976215712972276,0.964637949800017,1.0649878219979,1.14771012161142,0.00229999999999997,FALSE,FALSE,19954,0.48380256921593,-0.441832410008325,0.655195241522479
"6188505244_1",0.856526203112075,1.00869340348899,1.18890248841423,1.10187846562715,0.10295,FALSE,FALSE,17941,1.24743500463842,2.79091373838831,3.0570072924221
"6188505244_2",0.925010801751472,1.0059008062987,1.08131752815314,1.05155079646449,0.0669,FALSE,FALSE,18662,0.892304663181909,2.84610172416949,2.98270056094418
"6188505244_3",0.913074428268541,1.01071719323005,1.09241553306406,1.04778774065683,0.0543,FALSE,FALSE,18914,1.07892078879407,2.58092886636437,2.7973673126218
"6188568455_1",0.91701409192513,0.975148314191272,1.13119716914946,1.07143674747183,0.00690000000000002,FALSE,FALSE,19862,0.627585596387925,3.50789022488414,3.56358773017184
"6188568455_2",0.955241218774398,0.976303061042803,1.07657472824767,1.02466152380253,0.2863,FALSE,FALSE,14274,-0.417454332860279,3.36252593167347,3.38834011887832
"6188568455_3",0.938949147839186,0.978814579725997,1.09488774548673,1.02597689646753,0.0239,FALSE,FALSE,19522,0.0733340119091208,4.01904787910135,4.01971687209581
"6188603455_1",0.871232281629219,0.978746198555057,1.20411546579646,1.17202065429441,0.00514999999999999,FALSE,FALSE,19897,0.377238829652349,6.7521989477489,6.7627287217941
"6195612566_1",0.960477426793961,0.950178152059447,1.10324509676564,1.1181561836111,0.0499000000000001,FALSE,FALSE,19002,-7.73747921514112,18.8105492052591,20.3397479337433
"6195612566_2",0.963266675284037,0.954986964408773,1.09321736535715,1.11923790907643,0.04425,FALSE,FALSE,19115,-7.80932815217311,18.3293686946874,19.9236382956053
"6195612566_3",0.933881997912176,0.94021712024202,1.15524562539545,1.12777250818226,0.0669999999999999,FALSE,FALSE,18660,-7.63785941476866,19.4604242476427,20.9056214530449
"6195685708_1",0.967088812814496,0.996000023403753,1.03955208221335,1.0163326699349,0.02805,FALSE,FALSE,19439,0.15375693105113,2.47825786934031,2.48302300851068
"6195685708_2",0.970701235034031,0.998424801266528,1.03280261263043,1.00410805564304,0.0411,FALSE,FALSE,19178,-0.148765402520706,3.40350109077285,3.40675077161203
"6195685708_3",0.971981468288679,0.999803221597186,1.02989052997673,1.00168144564385,0.0511,FALSE,FALSE,18978,0.11179175854481,2.68975030819862,2.69207245774201
"6195685708_4",0.983291229442239,0.998005958192405,1.01935835272465,1.02197559195301,0.01045,FALSE,FALSE,19791,0.290329098430242,1.49972131024299,1.52756505386587
"6195723707_1",0.815578215660377,1.01044418487688,1.2751649646941,1.39072813783867,4.99999999999945e-05,FALSE,FALSE,19999,0.494056692571132,2.48212641716949,2.5308187541357
"6195723707_2",0.822095247545139,1.00906766271065,1.2616989215618,1.38592910771471,0,FALSE,FALSE,20000,0.420595484110275,2.30753261546821,2.34555053936246
"6195723707_4",0.841563967995266,1.00751618497623,1.22070862107244,1.14833556790042,0.00824999999999998,FALSE,FALSE,19835,0.402088631457798,3.50362893883458,3.52662600917459
"6195802499_2",0.928975584812244,0.943243190186125,1.1582473172447,2.75650558566692,0.04005,FALSE,FALSE,19199,-2.71491510382749,13.059517494999,13.3387316197297
"6195802499_3",0.974804460288484,1.00582297798816,1.02046803312385,1.05802608253322,0.21415,FALSE,FALSE,15717,0.612020056034279,0.478219844087646,0.776699921634742
"6195837802_1",0.915752877238585,1.01118272952478,1.08806658849361,1.17014930567466,0.0383,FALSE,FALSE,19234,1.06828915101786,4.61321058383004,4.73528812227345
"6227569398_1",1.0472300325944,0.934099010954354,1.02611500157303,1.10165988292281,0.0385,FALSE,FALSE,19230,-7.31785844081126,11.8616157897926,13.9373233192177
"6228339469_1",0.99020453617978,0.966864614728229,1.04620384686723,1.05044597471333,0.0314,FALSE,FALSE,19372,-2.40644757693609,5.28861691097041,5.81037509731891
"6234644257_1",0.97736968580651,0.999241841537936,1.0244988796732,1.01060763315637,0.05705,FALSE,FALSE,18859,-0.0790246921567594,0.361935019599113,0.370461685444907
"6234690675_1",0.958358428640104,0.979219287188563,1.06914440376868,1.041139158083,0.0382,FALSE,FALSE,19236,-1.08580436496988,7.90338812160144,7.97762589494258
"6234720307_1",0.960466397745176,0.986912199594534,1.05755444025466,1.05882016574059,0.0202,FALSE,FALSE,19596,0.59754269628054,2.67836642356771,2.7442128147746
"6235455910_1",0.916347647204402,1.0099344208823,1.08867495211929,1.0729707524912,0.05315,FALSE,FALSE,18937,0.463594690675195,3.89114946317315,3.91866867468722
"6235455910_2",0.939406413186634,1.01021736197489,1.05751615774751,1.04831730784466,0.06115,FALSE,FALSE,18777,0.627942340730159,4.85369138530614,4.89414258548693
"6235455910_3",0.877722585133636,0.993460168971573,1.17081626965221,1.94228593625552,0.000750000000000028,FALSE,FALSE,19985,1.83256895216888,5.24698876644631,5.5578053294144
"6235832224_1",0.971128889468105,0.994244009042715,1.0368267877924,0.989046263689391,0.06245,FALSE,FALSE,18751,-0.0585255526104889,6.59769335425879,6.59795292777533
"6236079123_1",0.734339670125325,0.967734481642397,1.65319022656387,1.29923578971985,0.06145,FALSE,FALSE,18771,0.551703704114725,5.16854459798775,5.19790633221898
"6236511840_1",1.04228038526685,0.99155270815992,0.968949045763768,1.07032107770571,0.0375,FALSE,FALSE,19250,-9.56244075564039,22.5565233837114,24.4997351080589
"6236511840_2",0.856277881535295,1.01068671005819,1.18662174920244,1.19131894473433,0.11275,FALSE,FALSE,17745,-6.53294253435155,10.8870013032593,12.6966978200755
"6251479494_1",0.988831577775284,1.01543020569727,0.996113992239806,1.06196231100657,0.02925,FALSE,FALSE,19415,0.316556064412443,2.76080945137749,2.77889844519939
"6251784224_1",0.856402439788539,0.951788712275869,1.2793100801674,1.18852856995254,0.0479000000000001,FALSE,FALSE,19042,-0.562543320295511,6.94853225882141,6.97126642290271
"6251784224_2",0.86628365868092,0.955799366271121,1.25093973558478,1.15434906420053,0.06295,FALSE,FALSE,18741,-0.758281966932783,8.33391282315077,8.36833881276638
"6273254805_1",0.912381667820053,1.00730070267689,1.09743554578396,1.11263913135695,0.07285,FALSE,FALSE,18543,-0.856572700187352,6.92397673979019,6.97675932535027
"6274094773_1",0.894087120453029,0.988564749310058,1.14946065228845,1.33984398603059,0.0148,FALSE,FALSE,19704,-0.822319319276288,0.910012894378975,1.22651234432884
"6320076350_1",0.942575696137243,0.99739810737887,1.0678414979325,1.19465904048346,0.000149999999999983,FALSE,FALSE,19997,-0.109784237473709,0.133281789879525,0.172674880371099
"6320360109_1",0.891564785630366,0.991379631846418,1.14984664384302,1.1149737585657,0.10795,FALSE,FALSE,17841,0.922322431282041,3.03259737183761,3.16975164435991
"6320569535_1",1.01455842383354,0.999357155069279,0.986479062442339,0.978470307693488,0.1501,FALSE,FALSE,16998,-0.69559387317869,11.0025722997547,11.0245384505535
"6320569535_2",1.00284417336797,1.00090390224262,0.996274736549533,1.04121257411679,0.06005,FALSE,FALSE,18799,0.512078988724129,5.90427239491862,5.9264371593809
"6320922472_1",0.874915326805164,1.01920667389872,1.1417128436008,1.15750416621487,0.00329999999999997,FALSE,FALSE,19934,-0.166697751695866,2.75335712603484,2.75839873910704
"6320951853_1",0.957466563945665,1.03450711123172,1.0111906501808,1.10129579553818,0.00139999999999996,FALSE,FALSE,19972,0.643600926333254,0.307958587025858,0.713484858774162
"6321105312_1",0.904416235798411,0.992158142512824,1.12814539083191,1.0941049060366,0.01225,FALSE,FALSE,19755,-0.125209325781417,4.47650912915936,4.47825985832775
"6333997425_1",1.11048542359299,1.01857410453301,0.894671804163673,1.14747803192926,0.18685,FALSE,FALSE,16263,-9.68994141268947,21.9410195738146,23.9854811192077
"6334118970_1",0.980387259271665,1.00938727415197,1.01082096245214,1.12316704826461,0.06985,FALSE,FALSE,18603,-1.95391243220261,4.68425062968525,5.07542882468295
"6334118970_2",0.819487996524033,0.922800354578146,1.43664154083726,2.82020628358385,0.0783,FALSE,FALSE,18434,-20.9068636414711,28.4141223064806,35.2768946163166
"6334138335_1",1.0155621402229,1.01096710492861,0.974495690351097,1.28773333332873,0.00160000000000005,FALSE,FALSE,19968,-0.0606750152375435,-0.156606069675247,0.167949154606995
"6334214688_1",0.909006286023299,1.00364222282864,1.10677427546159,1.13740313592242,0.0116000000000001,FALSE,FALSE,19768,-0.221965322002582,0.592906628520518,0.633093100827419
"6334214688_2",0.923421526013726,1.00076318956772,1.08952216509114,1.10398475630162,0.00905,FALSE,FALSE,19819,0.697944780143345,0.848187738725592,1.09843040573983
"6334272968_1",0.992774065470239,0.975994699498537,1.03292367472453,1.01373674267266,0.0495,FALSE,FALSE,19010,-0.330860696088064,0.35323214946219,0.483985280385218
"6334296439_1",0.93743130100994,1.03040396626334,1.03867829758649,1.11614371006897,0.000199999999999978,FALSE,FALSE,19996,1.06014062124093,3.94919334601322,4.08901286632853
"6334647435_1",0.998716289172921,1.03509696249262,0.968408977486195,1.00154609663698,0.02235,FALSE,FALSE,19553,-0.895488892756091,8.24477160148056,8.29325986073208
"6334647435_2",0.862919593166687,1.01274054166934,1.1713391051601,1.11490016054567,0.01725,FALSE,FALSE,19655,0.147270687683609,2.5790863753717,2.58328767021382
"6335018579_1",0.98335161765226,1.02487328815586,0.992714094703981,1.07197764781465,0.0106000000000001,FALSE,FALSE,19788,0.23799007039435,1.05083382115452,1.07744651527977
"6343065697_1",0.925931370849087,1.04183448847808,1.04149200998781,1.0672183974814,0.0244,FALSE,FALSE,19512,1.20575290294062,2.55024332278607,2.82091847956737
"6343450499_1",0.780691475505684,1.00177961574415,1.38723054507177,1.2009206536403,0.166,FALSE,FALSE,16680,1.85985516806444,5.83542369033621,6.12464128679493
"6344669432_1",0.948554894169897,0.9989744289851,1.05849437603365,1.02613648394725,0.02905,FALSE,FALSE,19419,-0.26484685182443,-0.123981341339152,0.292429868381406
"6344903021_1",0.881964091994565,1.00050845607022,1.15383480770327,1.14452107892393,0.0859,FALSE,FALSE,18282,0.23386814604387,6.84714317458681,6.85113596150483
"6344903021_2",0.771584284947552,1.03523571629708,1.35501037720468,1.33179624236191,0.04495,FALSE,FALSE,19101,1.40619283030025,6.44611286990093,6.59770789043364
"6344903021_3",0.891910436899132,0.986230922219118,1.15627003467152,1.09449999227392,0.0456,FALSE,FALSE,19088,4.95051151430859,6.57027049911023,8.22654354420981
"6345013372_1",0.891691424234955,0.99955216343283,1.13883831429961,1.07292797855596,0.08995,FALSE,FALSE,18201,1.05553334572872,5.90950512611614,6.00303269019404
"6352529990_1",1.0252544521408,0.990488384134569,0.98519311930577,1.10018775827203,0.0167,FALSE,FALSE,19666,1.44867900731227,4.36676646421119,4.60079560719521
"6352529990_2",1.01811947401718,0.99307540049154,0.989291789165162,1.09852382019601,0.01555,FALSE,FALSE,19689,1.28189416566626,4.388558265137,4.57194666400118
"6352529990_3",0.991586035091952,0.981811551330999,1.02776059194498,1.12814865794797,0.00729999999999997,FALSE,FALSE,19854,2.31122095508282,4.0895445467226,4.69745855786323
"6352701751_1",0.942792086641568,1.00122425890162,1.06321502782916,1.0234934947806,0.0574,FALSE,FALSE,18852,-0.106817790726937,1.27715251403263,1.28161171363079
"6352833353_1",1.02172085224859,0.997764039825053,0.981336822600886,1.04208519535246,0.00929999999999997,FALSE,FALSE,19814,0.23183002291588,3.47287847533413,3.48060771474814
"6352833353_2",1.03874348958597,0.977740432785274,0.985676073791382,1.15183016544771,0.0137,FALSE,FALSE,19726,0.444395048258994,3.51257390781151,3.54057374118311
"6398587523_1",1.02095157503838,0.993350251064894,0.986361237184091,1.42116888532164,0.00654999999999994,FALSE,FALSE,19869,2.72335253021144,2.23146714709823,3.52080880372505
"6399093894_1",0.932796324563299,1.01668608791802,1.05891053778875,1.06571481668775,0.0154,FALSE,FALSE,19692,0.677224537147914,-1.36689066956727,1.52545834956752
"6399093894_2",0.93654129307962,1.01199457428052,1.05921675071061,1.06091460396554,0.0177,FALSE,FALSE,19646,0.510807182182438,-1.1556497075389,1.26350711272391
"6399610042_1",0.821148295399356,1.03303931688047,1.22823595716046,1.13085501747134,0.08585,FALSE,FALSE,18283,-11.4528664465788,15.7326908968054,19.4598487326493
"6399610042_2",0.820573494449339,1.03540807869819,1.22618543078287,1.1356013194014,0.1073,FALSE,FALSE,17854,-1.68090297704165,9.58651360017972,9.73276311355919
"6399610042_3",0.835835007586504,1.01782203073721,1.21787608794029,1.09302130261829,0.21295,FALSE,FALSE,15741,2.22488776237001,3.34500693761521,4.01736194135377
"6399610042_4",0.819700785115035,1.01039537827534,1.26529252591015,1.15828385666155,0.1051,FALSE,FALSE,17898,-12.0640821669544,25.1708247766499,27.912586739101
"6399610042_5",0.804039299627421,1.03040539930797,1.27260805765997,1.12592686030163,0.14685,FALSE,FALSE,17063,2.34794566647839,4.11881931740918,4.741046448011
"6400254059_1",0.942869721832557,0.968042685142006,1.10327079102184,1.03240476542586,0.08,FALSE,FALSE,18400,-0.152756927184833,3.27251497219206,3.27607828386688
"6400722756_1",0.789220419411965,0.949446513738131,1.47127706126257,1.2454363621442,0.0348000000000001,FALSE,FALSE,19304,1.40901664226434,15.882820358196,15.9451970959566
"6413124669_1",0.97881078715536,1.00132770214314,1.02074352275685,0.986528382390441,0.04615,FALSE,FALSE,19077,0.76122188006994,-0.574547687544635,0.953710540971474
"6413321929_1",0.879512087776287,0.995791629206645,1.1644428441878,1.23644766373097,0.00129999999999997,FALSE,FALSE,19974,1.02557441362919,2.06959105630363,2.30976406115924
"6413928700_2",0.99120047527992,1.00598874261747,1.00293313077415,1.03314150216026,0.01625,FALSE,FALSE,19675,1.06902543067222,2.29138997579248,2.52849429356409
"6422786430_1",0.991314971981372,0.991132612831295,1.01802706008028,1.00657405061873,0.0177,FALSE,FALSE,19646,0.00350791962383523,0.0552976010960826,0.0554087555091139
"6422806395_1",0.993190013221818,0.982474339197419,1.02532025212934,0.998078452540847,0.02965,FALSE,FALSE,19407,-0.125133003924971,0.213020593404489,0.24705473459476
"6422883553_1",0.966906403913148,0.990478053172358,1.04584979594439,1.15409097119454,0.00160000000000005,FALSE,FALSE,19968,-0.0901576767104451,0.293870914485517,0.307389851898821
"6422943855_1",0.992993415802187,0.993572207879305,1.01371084336362,1.13027827246638,0.00844999999999996,FALSE,FALSE,19831,-0.602362050903582,0.854745139962199,1.04567169544641
"6423144963_1",1.07624345223343,0.938361475235408,0.994871636369645,1.22562148517063,4.99999999999945e-05,FALSE,FALSE,19999,3.16171322693976,0.741542645804372,3.24750920321288
"6423144963_2",1.02997093106346,0.963462959107192,1.00890236143241,1.07251486130925,0.00124999999999997,FALSE,FALSE,19975,0.797032247301654,0.764247901891157,1.1042351465081
"6440994925_1",0.898112325874361,1.00390791799395,1.12303243178883,1.10677393719071,0.0158,FALSE,FALSE,19684,-0.342160193221808,2.8092228611722,2.82998351259475
"6441499411_1",0.889911673614866,0.928144797540444,1.25176047780832,1.35897346201982,0.02315,FALSE,FALSE,19537,-2.6095925024,9.58057645832064,9.92962327091567
"6451946720_1",1.04008419251464,1.0355786309157,0.932057088649015,1.03088647325438,0.0427999999999999,FALSE,FALSE,19144,0.105069772686261,-0.556079575890756,0.565918856246357
"6451946720_2",1.02279874195305,1.02132425416995,0.958616919685939,1.011658635235,0.0349,FALSE,FALSE,19302,0.0358366110897457,0.0705831777876087,0.0791596341641045
"6452095853_1",0.919441038743449,1.04610942135909,1.04552232185401,1.220877932103,0.0253,FALSE,FALSE,19494,1.74623269065199,3.35492333716955,3.78217387334143
"6469711389_1",0.947082308471822,0.996603196149373,1.06301874831058,1.35978421517886,0.02085,FALSE,FALSE,19583,-0.962656554908958,11.5517620860647,11.5918037826626
"6469711389_2",0.925498721067458,0.993857178507325,1.09490566867698,1.33568667622066,0.0105,FALSE,FALSE,19790,-0.564085219890043,8.60100499246591,8.61948252598275
"6469711389_3",0.935141519114817,0.995027146532133,1.08032726713213,1.51313381958283,0.00819999999999999,FALSE,FALSE,19836,-0.663301107149572,6.06563589452536,6.10179540493618
"6470436320_1",0.818133948183836,0.999520674473648,1.28662588251927,1.18507477616159,0.0455,FALSE,FALSE,19090,-1.37321302944851,-0.0975023979921108,1.37667016451341
"6470436320_2",0.822875861827063,0.996978822831673,1.27923117542837,1.20857345444424,0.0158,FALSE,FALSE,19684,0.0508202582887307,-2.15399713696167,2.1545965665738
"6479394914_1",0.836076232506349,0.975308694215164,1.28432286046762,1.25752936447097,0.00485000000000002,FALSE,FALSE,19903,0.10670209038588,1.68287525475008,1.68625456534382
"6479394914_2",0.803879806075365,1.0020944279302,1.3190471919225,1.36297261617128,0.00234999999999996,FALSE,FALSE,19953,0.0204984451587786,1.69024191918714,1.690366212284
"6479394914_3",0.839525011578906,0.982890736134555,1.26351459502476,1.23082473633703,0.00549999999999995,FALSE,FALSE,19890,0.0707480192223553,1.94853648963094,1.94982043625744
"6479414866_1",0.899775869764191,0.973313364712019,1.16117884981138,1.11107354040467,0.0690499999999999,FALSE,FALSE,18619,-0.89997356286392,6.87142400555145,6.93010968729375
"6479414866_2",0.881599536805979,0.954031515773325,1.22321954768058,1.09729030144715,0.0780999999999999,FALSE,FALSE,18438,-0.297722898434383,6.9995802495712,7.00590911976736
"6479414866_3",0.90229714867736,0.965095914986589,1.16883710118731,1.08192727806586,0.13085,FALSE,FALSE,17383,-0.55380520838344,8.08982135068859,8.10875512608992
"6479414866_4",0.885399536851109,0.959039651472178,1.20793862638269,1.1218504592284,0.07825,FALSE,FALSE,18435,-1.25839094203273,8.85593231953457,8.94489155949735
"6479414866_5",0.907437350120518,0.962819904957198,1.16362998306227,1.0743545091404,0.10815,FALSE,FALSE,17837,-0.563013942780632,7.38306022375187,7.40449613189935
"6479963915_1",0.902349481281351,0.871265430895984,1.34403891658385,1.25009991856465,0.12365,FALSE,FALSE,17527,-7.20388106333492,25.1685605450025,26.1792349445535
"6480628165_1",0.911413244464776,1.03306810661654,1.06973326373656,1.06013451457003,0.09495,FALSE,FALSE,18101,0.356332133124415,-1.57077195208823,1.61068218918695
"6480628165_2",0.849206402617601,1.04961487445706,1.14982233312505,1.79291477282539,0.15095,FALSE,FALSE,16981,1.28344573217537,3.18130810810853,3.43044519358002
"6480628165_3",0.900871121587067,0.990187627359563,1.13629429881553,1.21673417022839,0.0204,FALSE,FALSE,19592,0.198471981741222,0.798843613724221,0.823129544315024
"6480631417_1",0.969452974255274,1.00335479520289,1.02898228473711,1.01379962413232,0.184,FALSE,FALSE,16320,-0.589770630155084,4.16850290373655,4.21001732236977
"6480843556_1",0.816720709862172,0.976803235871201,1.3300638636346,1.20878639756076,0.0347499999999999,FALSE,FALSE,19305,0.36846286106218,1.96396341912723,1.9982285133718
"6480843556_2",0.823089402100667,0.969251840576951,1.3274191547494,1.19233103761255,0.03135,FALSE,FALSE,19373,0.232623802694842,1.88941464213956,1.90368104563543
"6480843556_3",0.836133863041214,0.96432598931344,1.30373756871162,1.14995581676516,0.05535,FALSE,FALSE,18893,0.54930100604772,1.93656966226008,2.01296638124713
"6481470674_1",0.94664376592548,1.00785149054772,1.0510530717023,1.08001088171964,0.00924999999999998,FALSE,FALSE,19815,0.233301443888945,9.96641150553781,9.96914178158968
"6498577772_1",0.987800104818294,0.985773237691643,1.02751970577578,1.07389956138325,0.01515,FALSE,FALSE,19697,0.703018893892127,1.14174197920927,1.34082448972936
"6498577772_2",0.993716879515514,0.988422633214818,1.0183670853002,1.04881573433839,0.00995000000000001,FALSE,FALSE,19801,0.885495502397859,2.15412203279257,2.32902211602407
"6498577772_3",1.00284509841119,0.996984610403087,1.00018751803756,1.0275084798503,0.0164,FALSE,FALSE,19672,0.693921388013968,1.02218638863436,1.23547234119287
"6498820025_1",0.955164845608148,1.0088754804869,1.039654830488,1.06783248133893,0.00290000000000001,FALSE,FALSE,19942,0.394982499922369,0.855147521181354,0.941959902664407
"6498820025_2",0.993204063636608,1.01628404278664,0.990902833754364,1.05206062091516,0.00260000000000005,FALSE,FALSE,19948,0.309487399563935,0.915477032417977,0.966375003491746
"6498949812_1",0.985774424713409,1.01557203833991,0.999098408109396,1.05223757538008,0.00305,FALSE,FALSE,19939,0.183818372952727,-0.00290354947225513,0.183841303396504
"6519460344_1",0.899908893932235,0.946978917933229,1.20078769260987,1.08864263781024,0.07975,FALSE,FALSE,18405,0.863111074957124,1.24974961402227,1.5188267924495
"6519460344_2",0.87549298196819,0.943105065499102,1.25398274326816,1.11588935925146,0.0646,FALSE,FALSE,18708,0.654357633866454,-1.54487143975157,1.67774005088971
"6519460344_3",0.892819851897768,0.969740908085174,1.17820331558106,1.10810297299977,0.0115499999999999,FALSE,FALSE,19769,0.19441165982953,-0.687265023749428,0.714233229657494
"6519460344_5",0.899112126760839,0.967826511747593,1.17020841192689,1.09747154920895,0.0566,FALSE,FALSE,18868,0.306532707369328,0.303638904158254,0.431461336397128
"6519482200_1",0.843501749767661,0.962007465952243,1.29036748226131,1.14416896449293,0.05605,FALSE,FALSE,18879,-0.229676075133411,0.278875779610566,0.361279393187723
"6520165142_1",0.820450836893574,1.06539206651444,1.1868924375675,2.20268013266997,0.00309999999999999,FALSE,FALSE,19938,0.440840746258858,2.30579374704289,2.34755731931388
"6520505263_1",0.890744678247446,0.976692583761918,1.17167331030578,1.10960858848792,0.09355,FALSE,FALSE,18129,-1.77589312690279,4.5850014973738,4.91691317079126
