"photo_id","file","cluster","proportion","L","a","b","hex"
"1038340344_1","1038340344_1.png",1,0.3596,60.4872627362353,-1.77372007618491,0.707382911392603,"#8F9391"
"1038340344_1","1038340344_1.png",2,0.6404,44.1120106767411,-2.80621530642673,1.10238376210036,"#646A66"
"1453120285_1","1453120285_1.png",1,0.6796,78.8799024067277,-5.87590901456675,-7.3507916259298,"#B0C7D1"
"1453120285_1","1453120285_1.png",2,0.3204,62.9586298760031,-2.67697601104465,-4.93023035910487,"#8F9AA1"
"1500329613_1","1500329613_1.png",1,0.4784,85.9445042396714,0.457375348693022,4.14395232639673,"#DBD6CF"
"1500329613_1","1500329613_1.png",2,0.5216,76.160179746427,0.984551504233051,7.57407826980875,"#C4BBAE"
"1571084583_1","1571084583_1.png",1,0.4348,76.6984354186794,-0.545367579371983,-2.82896052181611,"#BABEC2"
"1571084583_1","1571084583_1.png",2,0.5652,57.7003827844893,0.00729138288694446,-2.5251863115666,"#888B8F"
"1836612813_1","1836612813_1.png",1,0.4372,78.3501166100018,1.68789947107603,3.90106020726407,"#C8C0BB"
"1836612813_1","1836612813_1.png",2,0.5628,57.5732139493419,1.21179843274395,3.05262410182626,"#8F8985"
"1850921723_1","1850921723_1.png",1,0.6106,76.7850149546426,3.16711628912697,-3.83565485908225,"#C0BCC5"
"1850921723_1","1850921723_1.png",2,0.3894,47.755067548052,6.1749448487415,-4.73172701673319,"#786E79"
"1883943470_1","1883943470_1.png",1,0.6348,74.5606411287703,-2.55416989448366,10.1865986246028,"#BBB8A5"
"1883943470_1","1883943470_1.png",2,0.3652,57.1049534454745,-3.18896411154823,19.0521719431822,"#908A68"
"1883955048_1","1883955048_1.png",1,0.7484,80.4331336455187,-2.15611355283362,2.93195490962446,"#C6C9C2"
"1883955048_1","1883955048_1.png",2,0.2516,50.0552543975229,-6.15786630142345,17.4758222050514,"#787959"
"1891296267_1","1891296267_1.png",1,0.2884,86.190050955788,0.338831562448328,-2.85878149355176,"#D6D8DD"
"1891296267_1","1891296267_1.png",2,0.7116,70.4584295005116,-2.40235714881876,-1.36779407519844,"#A6AEAF"
"1913197900_1","1913197900_1.png",1,0.6256,75.271476917694,0.12707776005481,-3.0775611291438,"#B7B9BF"
"1913197900_1","1913197900_1.png",2,0.3744,46.6108532707836,2.6196930110315,-3.10679266088684,"#716D74"
"1932340499_2","1932340499_2.png",1,0.565,74.9503252241553,2.24895357576637,3.7431505672358,"#C0B7B2"
"1932340499_2","1932340499_2.png",2,0.435,52.7879304001598,3.27713613364634,2.11604903820408,"#857C7A"
"1950018831_1","1950018831_1.png",1,0.5602,85.9247266116412,1.80698286004895,-0.112726350343921,"#DAD6D7"
"1950018831_1","1950018831_1.png",2,0.4398,57.0760913749885,4.09311316728213,6.04307478768854,"#95867F"
"1950018831_2","1950018831_2.png",1,0.4976,85.0507624929642,1.46100895773838,1.5096919354722,"#D9D3D2"
"1950018831_2","1950018831_2.png",2,0.5024,59.3268437211169,4.05993333381871,8.67111043098181,"#9C8C80"
"2265815760_1","2265815760_1.png",1,0.6232,85.1216419993953,-2.75220475160527,-0.943917025719634,"#CED6D6"
"2265815760_1","2265815760_1.png",2,0.3768,60.6138752427188,-3.37573795531682,6.88886272670596,"#919486"
"2294470807_1","2294470807_1.png",1,0.5776,84.181856848769,-0.364040003855426,-1.59849718675886,"#D0D2D5"
"2294470807_1","2294470807_1.png",2,0.4224,62.7305075235517,1.15379693983129,-2.28444358740496,"#98979C"
"2294654908_1","2294654908_1.png",1,0.5692,77.8816606619553,0.515400784120716,-1.41699395964598,"#C0C0C3"
"2294654908_1","2294654908_1.png",2,0.4308,45.8233169573522,1.73655380366472,-2.27968466844242,"#6E6C70"
"2331950932_1","2331950932_1.png",1,0.5794,82.2721208474871,0.444836782945032,2.00435640994129,"#CFCCC9"
"2331950932_1","2331950932_1.png",2,0.4206,59.9013760486136,1.7958898403064,2.4294648742679,"#958F8C"
"2331962060_1","2331962060_1.png",1,0.4902,71.5326309446054,2.35236696469185,-2.67285760235042,"#B1AEB4"
"2331962060_1","2331962060_1.png",2,0.5098,41.4817262914803,1.3950819496231,0.916109917959217,"#656160"
"2350398607_1","2350398607_1.png",1,0.5958,74.8137771432737,-0.627093398339374,-9.41570722260477,"#AEB9C9"
"2350398607_1","2350398607_1.png",2,0.4042,54.5046456612878,0.139310785086668,-5.25227821249791,"#7E838B"
"2423229015_1","2423229015_1.png",1,0.323,77.3752785621764,1.12219579870881,7.32937660695972,"#C7BEB2"
"2423229015_1","2423229015_1.png",2,0.677,49.7376300027135,2.32247553317876,6.07167401766309,"#7F756C"
"2460075097_1","2460075097_1.png",1,0.5116,82.2167944987519,2.39149353940169,0.587970212519749,"#D2CBCB"
"2460075097_1","2460075097_1.png",2,0.4884,51.022898348471,7.02429014398178,3.50541463063714,"#887574"
"2465191800_1","2465191800_1.png",1,0.5488,71.4281755748136,1.65541378581674,1.69807607840472,"#B3AEAC"
"2465191800_1","2465191800_1.png",2,0.4512,49.6260201378414,2.30727507273116,0.3050698851109,"#7A7576"
"2557747757_1","2557747757_1.png",1,0.6588,78.7730513711614,0.369611746070747,-2.86913112278015,"#C1C3C8"
"2557747757_1","2557747757_1.png",2,0.3412,58.3078202065853,1.34218445770102,-3.26597638893365,"#8C8C92"
"2563617270_1","2563617270_1.png",1,0.657,79.0043443799849,-2.22867924431137,-3.13169717420953,"#BCC5C9"
"2563617270_1","2563617270_1.png",2,0.343,59.336505379439,-3.21668738230867,7.35830314402828,"#8F9082"
"2573839305_1","2573839305_1.png",1,0.4816,77.7592525334745,2.37296441274292,4.83989265266623,"#C9BEB7"
"2573839305_1","2573839305_1.png",2,0.5184,55.3120109874933,3.35831309571313,6.19168761627516,"#8F827A"
"2573853581_1","2573853581_1.png",1,0.3264,71.3297586150644,-0.191189125117921,-2.85988498711335,"#ACAFB4"
"2573853581_1","2573853581_1.png",2,0.6736,43.6957537600639,-0.250278915952354,-6.25381497876724,"#626871"
"2574275530_1","2574275530_1.png",1,0.4848,84.3741568263396,0.161398962927754,-4.40166007652524,"#CFD3DB"
"2574275530_1","2574275530_1.png",2,0.5152,56.3403662212133,0.903550455045057,-6.54351728816018,"#838792"
"2574275530_2","2574275530_2.png",1,0.544,83.444786371231,0.274502026259927,-3.15589189530284,"#CED0D6"
"2574275530_2","2574275530_2.png",2,0.456,56.0820452853764,0.750131869365407,-2.87609304656026,"#85868B"
"2576273207_1","2576273207_1.png",1,0.4926,82.4601726199773,-0.373717712724896,-1.04086464272551,"#CCCDCF"
"2576273207_1","2576273207_1.png",2,0.5074,67.8013463825606,-0.050531500094403,-0.464281101035793,"#A5A5A6"
"2579234560_1","2579234560_1.png",1,0.4822,90.7691215161492,0.775983790883707,0.295456383146391,"#E6E4E4"
"2579234560_1","2579234560_1.png",2,0.5178,54.6669744463869,3.54192833191821,1.78370793333604,"#8A8180"
"2579234560_2","2579234560_2.png",1,0.7196,90.2985826461916,-0.155683928201242,-0.448964715353004,"#E2E3E4"
"2579234560_2","2579234560_2.png",2,0.2804,52.5870918097824,5.30407224445831,2.85893050508139,"#897A79"
"2579234560_3","2579234560_3.png",1,0.5406,66.1172589645493,-1.83129247188966,-4.15876884182526,"#99A2A8"
"2579234560_3","2579234560_3.png",2,0.4594,38.1987135440331,0.190070250252564,-4.16204461572169,"#575A61"
"2579235321_1","2579235321_1.png",1,0.755,78.9104808730704,0.540780369050412,1.15675058292216,"#C5C3C1"
"2579235321_1","2579235321_1.png",2,0.245,52.2513907734899,1.05966204339662,1.32738457083736,"#807C7A"
"2580215428_1","2580215428_1.png",1,0.4562,79.9189797391978,0.568494967126757,-0.191398761949183,"#C7C6C6"
"2580215428_1","2580215428_1.png",2,0.5438,49.0187673549816,1.46935264577559,5.60477551141354,"#7B736B"
"2609298414_1","2609298414_1.png",1,0.6182,83.8897576684866,0.230570164213282,-4.66522004735145,"#CDD1DA"
"2609298414_1","2609298414_1.png",2,0.3818,45.4133632454177,0.803337911627646,-6.38206108703346,"#686B76"
"2634278770_1","2634278770_1.png",1,0.47,83.5069457276096,-0.742902694074237,-8.28384091402095,"#C7D1DF"
"2634278770_1","2634278770_1.png",2,0.53,63.3692705365691,0.759752930478842,-6.609496900524,"#9599A5"
"2634278770_2","2634278770_2.png",1,0.4834,89.443957132664,-0.789525003533928,-7.5887124478172,"#D8E2EF"
"2634278770_2","2634278770_2.png",2,0.5166,70.4730291615528,1.83395629244839,-9.65382290297066,"#A7ACBE"
"2634389240_1","2634389240_1.png",1,0.4848,82.7823007147074,-0.30438613468981,-1.7912869349805,"#CCCED1"
"2634389240_1","2634389240_1.png",2,0.5152,50.4058564659049,1.18287210226742,3.39698717449766,"#7D7772"
"2802695629_1","2802695629_1.png",1,0.5516,76.6435090990526,1.32954556851387,2.07818663661852,"#C1BCB9"
"2802695629_1","2802695629_1.png",2,0.4484,44.9839099372405,2.72392249208758,5.11434751589878,"#736962"
"2826482285_1","2826482285_1.png",1,0.593,76.0224980825405,1.82199971264003,2.09555226948751,"#C1BAB8"
"2826482285_1","2826482285_1.png",2,0.407,48.6739798948583,4.20901973975097,2.9981983917546,"#7D716F"
"2832394160_1","2832394160_1.png",1,0.5386,70.3693609452048,0.347599479706758,0.592124876482248,"#ADACAB"
"2832394160_1","2832394160_1.png",2,0.4614,55.3433700910591,0.600905847572394,0.751723580152572,"#868483"
"2832394160_3","2832394160_3.png",1,0.409,72.3522397019794,1.13401350095344,-1.50916769879516,"#B2B1B4"
"2832394160_3","2832394160_3.png",2,0.591,44.7689730676612,2.32301090793612,0.40869308141567,"#6E6969"
"2832840723_1","2832840723_1.png",1,0.4526,76.9843275286686,2.57485466627424,-1.28732783975619,"#C2BDC0"
"2832840723_1","2832840723_1.png",2,0.5474,62.7378704547877,3.59169724697669,-3.81376073652431,"#9B969F"
"2836130398_1","2836130398_1.png",1,0.7348,77.1291699270265,2.89873425373227,14.8501870951337,"#CFBCA3"
"2836130398_1","2836130398_1.png",2,0.2652,59.3104001446539,3.73054675124305,11.2545873698385,"#9D8C7B"
"2836130398_2","2836130398_2.png",1,0.7204,77.2421199993196,2.71766286737372,14.3309519777118,"#CEBCA5"
"2836130398_2","2836130398_2.png",2,0.2796,58.3811582707994,3.65208908754303,11.4199197125014,"#9B8A79"
"2836130398_3","2836130398_3.png",1,0.7138,78.9981209554381,1.26079090083452,12.6344922054129,"#D0C2AC"
"2836130398_3","2836130398_3.png",2,0.2862,60.9245108241102,2.7954410415665,9.9112033079194,"#9F9182"
"2836130398_4","2836130398_4.png",1,0.7968,89.7443011606327,1.09088358169451,4.93297540295477,"#E8E1D8"
"2836130398_4","2836130398_4.png",2,0.2032,69.3101597596621,4.54557410777998,11.6845446150288,"#BAA694"
"2837320920_1","2837320920_1.png",1,0.6366,81.3770196427847,-1.77007691905556,0.916423279505805,"#C7CBC8"
"2837320920_1","2837320920_1.png",2,0.3634,62.7860331455232,0.364983953039616,6.00064509195899,"#9D978D"
"2837931090_1","2837931090_1.png",1,0.615,80.1880771438536,1.59081586967588,-4.89305507701172,"#C6C6D0"
"2837931090_1","2837931090_1.png",2,0.385,48.8002620174088,3.32198832171579,-7.8280145328987,"#737381"
"2838074333_1","2838074333_1.png",1,0.5702,77.766362448352,0.419178736983095,1.88151383446255,"#C3C0BD"
"2838074333_1","2838074333_1.png",2,0.4298,58.1001967768813,-0.209452348308315,3.20412028824489,"#8E8C86"
"2840158249_1","2840158249_1.png",1,0.7576,83.9502242080968,0.570688541054577,4.4386039385616,"#D6D1C9"
"2840158249_1","2840158249_1.png",2,0.2424,53.3784032136042,2.16996753924056,11.7628714771569,"#8B7E6B"
"2841427591_1","2841427591_1.png",1,0.5786,72.9019094467738,-0.884151940889531,6.75763637635927,"#B7B3A7"
"2841427591_1","2841427591_1.png",2,0.4214,40.9431268916617,-0.832565841487516,1.23518492203645,"#60615E"
"2843233380_1","2843233380_1.png",1,0.7104,69.6823056187167,2.68766451413045,11.4961700819233,"#B8A896"
"2843233380_1","2843233380_1.png",2,0.2896,48.4197889395942,4.4599954428384,10.6749193107553,"#817061"
"2843670306_1","2843670306_1.png",1,0.2468,92.1185353574465,0.302462508400822,-6.45086509952866,"#E3E9F5"
"2843670306_1","2843670306_1.png",2,0.7532,75.6999539842278,0.825689075227607,-17.7744357436572,"#AABBDB"
"2843670306_2","2843670306_2.png",1,0.6548,90.2450416942312,0.444879246019839,-2.86616096448745,"#E1E3E8"
"2843670306_2","2843670306_2.png",2,0.3452,66.0229976145603,1.65108674732343,-2.75145690777939,"#A1A0A5"
"2844903345_1","2844903345_1.png",1,0.4652,79.5482361389805,0.142659583789589,-0.603430141345797,"#C5C5C6"
"2844903345_1","2844903345_1.png",2,0.5348,50.6841999315893,0.587595988008364,2.6592162984712,"#7C7874"
"2864577207_1","2864577207_1.png",1,0.6042,82.9749672319231,-0.114757780086195,-6.38807217279625,"#C9CFDA"
"2864577207_1","2864577207_1.png",2,0.3958,66.7940261757614,0.719103308859964,-6.20948728133239,"#9EA3AE"
"2864770464_1","2864770464_1.png",1,0.7014,78.4539737544765,0.158459284995657,-1.95157134374935,"#C1C2C6"
"2864770464_1","2864770464_1.png",2,0.2986,56.2614084590144,2.76226937723488,0.60552419269522,"#8C8586"
"2873727958_1","2873727958_1.png",1,0.5818,69.7396554396109,-0.706039290345921,-9.0228547912775,"#A1ABBB"
"2873727958_1","2873727958_1.png",2,0.4182,47.3617596779358,-0.621390788256398,-7.50408901048959,"#69717D"
"2873866750_1","2873866750_1.png",1,0.5346,80.7422407051296,-5.44580878981405,-2.80997605855288,"#BBCCCD"
"2873866750_1","2873866750_1.png",2,0.4654,45.6108745388427,-0.873651828527471,0.304398048361136,"#6B6C6B"
"2873976282_1","2873976282_1.png",1,0.7768,75.5780054073618,-0.0827752506407435,0.823768459403004,"#BBBAB9"
"2873976282_1","2873976282_1.png",2,0.2232,40.5536205100264,0.188533932473353,4.16145592013208,"#635F59"
"2883055341_1","2883055341_1.png",1,0.6388,80.6303943187621,4.61878939143531,4.0125379151135,"#D4C5C1"
"2883055341_1","2883055341_1.png",2,0.3612,56.4995957633492,7.60173319493513,4.27454278769545,"#988380"
"2883055341_2","2883055341_2.png",1,0.5598,76.2743189789033,5.0571770102739,4.0733922364476,"#C9B9B5"
"2883055341_2","2883055341_2.png",2,0.4402,54.4041171287981,6.73799583340212,3.27703146922992,"#907E7D"
"2883055341_3","2883055341_3.png",1,0.788,89.452493247022,2.04345690728815,-1.59576539918133,"#E3E0E4"
"2883055341_3","2883055341_3.png",2,0.212,65.1102152855654,5.23923751791096,1.99373499528121,"#A99B9B"
"2901806160_1","2901806160_1.png",1,0.5278,86.7989662170954,2.90796315961539,9.49087224084017,"#E6D7C8"
"2901806160_1","2901806160_1.png",2,0.4722,71.7443505597821,4.01742474731649,8.75335508769413,"#BEADA0"
"2901806160_2","2901806160_2.png",1,0.5322,86.5206049986245,2.23705768611936,9.58390995857268,"#E4D6C7"
"2901806160_2","2901806160_2.png",2,0.4678,71.137328821676,3.59901117156081,8.39558330166543,"#BBAB9F"
"2963821637_1","2963821637_1.png",1,0.8178,86.1191412079425,0.162610936734196,-0.398428749313981,"#D7D7D8"
"2963821637_1","2963821637_1.png",2,0.1822,50.8000004872829,1.61064821130326,6.73695459801898,"#81786E"
"2963821637_2","2963821637_2.png",1,0.7554,85.8012030997636,0.543648334276626,-0.916693227666784,"#D7D6D8"
"2963821637_2","2963821637_2.png",2,0.2446,52.1408717989804,3.3442775038525,5.75731320428362,"#867A73"
"2980956638_1","2980956638_1.png",1,0.4978,67.0341945483067,-0.343576335085071,3.69303383310121,"#A5A39D"
"2980956638_1","2980956638_1.png",2,0.5022,47.205415699175,-0.871824461732744,5.06918481671802,"#727067"
"2980980656_1","2980980656_1.png",1,0.4608,70.1775574382418,-0.342514146478725,-2.99384035563021,"#A8ACB1"
"2980980656_1","2980980656_1.png",2,0.5392,47.1780320110212,-1.27079831129468,-0.470403423053637,"#6D7171"
"2980981625_1","2980981625_1.png",1,0.7106,69.0253836155184,-0.530965352698418,1.79447335131743,"#A9A9A5"
"2980981625_1","2980981625_1.png",2,0.2894,37.5409880485458,-1.8915770129037,5.4431533806426,"#595950"
"2981000641_1","2981000641_1.png",1,0.5412,65.8571288852044,-0.395939080686476,-2.4214370700099,"#9DA0A4"
"2981000641_1","2981000641_1.png",2,0.4588,34.7238517627846,-0.960047054685403,0.495334223611265,"#505251"
"2981002637_1","2981002637_1.png",1,0.595,74.5628269535778,-0.640591798878654,-1.07742184380528,"#B5B8B9"
"2981002637_1","2981002637_1.png",2,0.405,49.0317286359697,-2.20933871769478,3.56216758256691,"#73756E"
"2984469058_1","2984469058_1.png",1,0.582,82.65253426558,0.958099302409666,2.81814993108078,"#D2CDC8"
"2984469058_1","2984469058_1.png",2,0.418,64.6810686130783,2.03340002951955,5.41621256812072,"#A59B93"
"2988582925_1","2988582925_1.png",1,0.6884,71.3046293098843,-0.539997665766763,1.44393808803261,"#AFAFAC"
"2988582925_1","2988582925_1.png",2,0.3116,53.0624232271419,-0.399303610901823,2.61044035043515,"#807F7A"
"3058770954_1","3058770954_1.png",1,0.573,70.2985244333218,3.86332820261636,5.5236889353866,"#B7A9A2"
"3058770954_1","3058770954_1.png",2,0.427,50.6276007284566,3.22737612570074,2.85482304798308,"#807774"
"3068121913_1","3068121913_1.png",1,0.7684,70.7845548254331,1.08041856628725,-2.24366884278278,"#ADADB1"
"3068121913_1","3068121913_1.png",2,0.2316,45.042127060851,2.03895474147273,1.49962165878561,"#6F6968"
"3070426710_1","3070426710_1.png",1,0.617,64.3220124087511,1.6888284773706,-8.34910753264223,"#989CAB"
"3070426710_1","3070426710_1.png",2,0.383,34.2858022369352,5.48891347741666,-15.7820498991181,"#4C4F6A"
"3097148683_1","3097148683_1.png",1,0.3854,72.4293055954777,0.456553379006853,2.51650137153674,"#B5B1AD"
"3097148683_1","3097148683_1.png",2,0.6146,36.3087214221658,3.87532972766866,2.46199397314438,"#5D5352"
"3112460305_1","3112460305_1.png",1,0.5356,92.9090844985025,0.728860191654305,-3.20658505332629,"#E9EAF1"
"3112460305_1","3112460305_1.png",2,0.4644,82.2827031957457,0.696067363530256,-2.50768020321322,"#CCCCD1"
"3113356712_1","3113356712_1.png",1,0.5066,81.9865020930823,1.14920030364684,0.805411379321545,"#CFCBCA"
"3113356712_1","3113356712_1.png",2,0.4934,54.8149899382448,4.32872086579835,1.73644069613054,"#8C8180"
"3301887658_1","3301887658_1.png",1,0.5544,80.2115774827415,-1.29620253477629,-10.848928415889,"#BAC9DB"
"3301887658_1","3301887658_1.png",2,0.4456,66.4402794412347,0.693069417355938,-13.6763374411691,"#96A2BA"
"3301887658_2","3301887658_2.png",1,0.4018,92.4634348807099,-1.95020378663004,-6.80093671058154,"#DFEBF6"
"3301887658_2","3301887658_2.png",2,0.5982,73.4181658706646,0.293402933189103,-12.5162514712159,"#A9B5CB"
"3302477598_1","3302477598_1.png",1,0.7446,82.8462748211867,7.75956248711316,-4.9991144433004,"#D9CAD8"
"3302477598_1","3302477598_1.png",2,0.2554,47.50578171043,18.1658789001578,-6.83542836090348,"#8A667D"
"3307442606_1","3307442606_1.png",1,0.6108,82.8718906198941,-1.43677184185041,2.96325941324373,"#CECFC9"
"3307442606_1","3307442606_1.png",2,0.3892,54.9818044479545,2.02746215207111,1.09955185166011,"#888282"
"3314445925_1","3314445925_1.png",1,0.501,92.421752450659,-0.563589460305083,-1.47977365453543,"#E7EAEC"
"3314445925_1","3314445925_1.png",2,0.499,63.401160537609,6.59245209650044,4.04213622213091,"#A89593"
"3330778873_1","3330778873_1.png",1,0.4168,78.130908577299,6.15684266870961,11.0031245661103,"#D5BDAD"
"3330778873_1","3330778873_1.png",2,0.5832,53.9668702236807,5.39653991845015,2.27109044406072,"#8C7E7D"
"3333069622_1","3333069622_1.png",1,0.7176,84.1686579892934,-0.607281592844724,1.68073377197589,"#D2D2CF"
"3333069622_1","3333069622_1.png",2,0.2824,53.7547622581045,3.47037267520001,1.25622616410706,"#887E7E"
"3333082666_1","3333082666_1.png",1,0.6112,79.887055552448,0.286479162559281,-0.270100175193953,"#C6C6C7"
"3333082666_1","3333082666_1.png",2,0.3888,61.4784184338219,1.09452700745003,0.619435336645315,"#979493"
"3333272669_1","3333272669_1.png",1,0.5354,79.7220987653507,-0.0545707752500253,6.97073350518473,"#CBC5B9"
"3333272669_1","3333272669_1.png",2,0.4646,64.8991564963413,0.111701332824375,10.8522439289539,"#A69D8A"
"3333278685_1","3333278685_1.png",1,0.7172,73.7199849682236,-0.379298366726219,0.869400253638124,"#B5B5B4"
"3333278685_1","3333278685_1.png",2,0.2828,21.8172132012725,-0.505481656725323,7.54774477440376,"#383429"
"3333444422_1","3333444422_1.png",1,0.7542,87.1165528445711,1.94710330901253,7.03111785107726,"#E4D8CD"
"3333444422_1","3333444422_1.png",2,0.2458,61.8375231345421,3.7420878139984,20.3066517078611,"#A99272"
"3333444422_2","3333444422_2.png",1,0.7278,88.9415203335906,0.636206333911243,3.99072606546416,"#E4DFD8"
"3333444422_2","3333444422_2.png",2,0.2722,69.6165130261241,1.33740180178327,6.30041847032204,"#B1A99F"
"3333444422_3","3333444422_3.png",1,0.629,86.2533387559601,0.711482335197307,9.07895552411282,"#E0D7C7"
"3333444422_3","3333444422_3.png",2,0.371,66.1417098737095,2.65722902032248,15.0788221930202,"#B09E86"
"3333444422_4","3333444422_4.png",1,0.6754,88.2511666859324,1.59291818726484,9.73818853299172,"#E8DCCB"
"3333444422_4","3333444422_4.png",2,0.3246,70.2845079562534,3.53097244408912,17.5639332098534,"#BEA98C"
"3333444422_5","3333444422_5.png",1,0.7694,85.3047470632297,2.24280176058485,8.61147820350225,"#E0D3C5"
"3333444422_5","3333444422_5.png",2,0.2306,61.4816236053764,3.4601681630419,25.4239539061142,"#AA9168"
"3333444422_6","3333444422_6.png",1,0.6812,83.4857853408005,2.66430938241158,10.6796963754167,"#DDCEBC"
"3333444422_6","3333444422_6.png",2,0.3188,62.9520276877127,3.83054052900256,20.2340347774707,"#AC9575"
"3333444422_7","3333444422_7.png",1,0.7228,87.3115912707649,1.54361111325849,9.76850731340018,"#E6D9C8"
"3333444422_7","3333444422_7.png",2,0.2772,68.2919039130566,2.95378303102282,16.7405632256702,"#B7A489"
"3333444422_8","3333444422_8.png",1,0.6928,84.2158746925543,1.91097415343848,11.2835340464301,"#DFD0BD"
"3333444422_8","3333444422_8.png",2,0.3072,66.5018047293426,2.53206840087386,18.2472670909444,"#B39F81"
"3355189793_1","3355189793_1.png",1,0.6494,84.66553143989,0.680142499159918,-0.216315583189077,"#D4D3D4"
"3355189793_1","3355189793_1.png",2,0.3506,49.7241943798687,1.11701450817214,-0.751529615105553,"#787678"
"3355371525_1","3355371525_1.png",1,0.6928,82.6900389229284,-0.216877345101534,5.22828764430202,"#D2CEC4"
"3355371525_1","3355371525_1.png",2,0.3072,39.0511933836046,6.97375703638075,12.5560854188222,"#6E5748"
"3355371525_2","3355371525_2.png",1,0.626,79.5280246780144,-0.181720118284666,5.52450214511128,"#C9C5BB"
"3355371525_2","3355371525_2.png",2,0.374,35.0979520148173,6.31923811509383,15.2918616521194,"#644E3A"
"3355371525_3","3355371525_3.png",1,0.7364,81.8096423961907,-0.257142710447993,5.61251240631306,"#CFCBC1"
"3355371525_3","3355371525_3.png",2,0.2636,37.4589362638933,10.0731764885039,17.2774118306373,"#70523D"
"3355598905_1","3355598905_1.png",1,0.6846,81.592838824929,1.25834901481532,1.86294217255629,"#CFCAC7"
"3355598905_1","3355598905_1.png",2,0.3154,51.2259951791566,3.80127083164994,6.20188227692086,"#857770"
"3384278828_1","3384278828_1.png",1,0.6826,87.7202492522793,-0.589748461584138,-1.1719046568533,"#DADCDE"
"3384278828_1","3384278828_1.png",2,0.3174,55.9517587917924,0.0931273697802899,-0.689714714029576,"#868687"
"3384278828_2","3384278828_2.png",1,0.6126,74.7284202460138,0.262189812432395,1.19649290278905,"#B9B8B6"
"3384278828_2","3384278828_2.png",2,0.3874,37.2816334996818,2.00983370110816,3.31690726552319,"#5D5652"
"3384478332_1","3384478332_1.png",1,0.6036,80.1001627981659,-0.452925026144383,5.57046414383238,"#CAC6BC"
"3384478332_1","3384478332_1.png",2,0.3964,39.5535636514478,-0.666902621578699,18.7709872062835,"#675D3F"
"3384842977_1","3384842977_1.png",1,0.5104,74.2727289570066,0.984831530855956,-2.32163107627296,"#B7B6BB"
"3384842977_1","3384842977_1.png",2,0.4896,47.8252887904505,1.3337558131357,1.10155991211475,"#757170"
"3398821297_1","3398821297_1.png",1,0.6652,81.7264986655358,-0.680559541856325,-1.98365421719988,"#C8CCCF"
"3398821297_1","3398821297_1.png",2,0.3348,62.0840628760519,0.668413379887303,1.84335085937576,"#999693"
"3398821297_2","3398821297_2.png",1,0.6576,84.3154192864409,-0.848599064129236,-2.05279493857477,"#CFD3D6"
"3398821297_2","3398821297_2.png",2,0.3424,66.6056411817213,0.535035484662445,1.24823427453871,"#A4A2A0"
"3398821297_3","3398821297_3.png",1,0.7012,84.8931633245994,-0.600709327917659,-2.46661810655715,"#D1D4D9"
"3398821297_3","3398821297_3.png",2,0.2988,69.8879061628217,0.507429409719803,1.99552640372717,"#ADAAA7"
"3398821297_4","3398821297_4.png",1,0.6886,85.5754332172438,-1.04015451673035,-2.70145642756839,"#D1D7DB"
"3398821297_4","3398821297_4.png",2,0.3114,68.6625389845775,0.227613199390395,1.34374907630358,"#A9A7A5"
"3398821297_5","3398821297_5.png",1,0.6932,84.3614549331328,-0.91307824959422,-2.20505105289961,"#CFD3D7"
"3398821297_5","3398821297_5.png",2,0.3068,65.2683304559071,0.493691934997567,1.61695693158788,"#A19E9C"
"3398821297_6","3398821297_6.png",1,0.6782,83.7052793533082,-0.789809680702664,-2.47787876760312,"#CDD1D5"
"3398821297_6","3398821297_6.png",2,0.3218,69.1560419876635,0.849222731214647,0.208918678541701,"#ABA8A8"
"3456453257_1","3456453257_1.png",1,0.5594,77.6877316446915,0.280584179204447,4.63712587096857,"#C4BFB7"
"3456453257_1","3456453257_1.png",2,0.4406,57.3763585802519,0.98037498518356,4.48699077657369,"#8F8982"
"3456812595_1","3456812595_1.png",1,0.6668,69.7763984913312,0.656157242652735,0.0912511347566183,"#ACAAAA"
"3456812595_1","3456812595_1.png",2,0.3332,36.80060352907,0.725765183497783,1.14581060571665,"#595655"
"3456832289_1","3456832289_1.png",1,0.441,73.2940311100747,0.313707903210264,2.06032625781734,"#B6B4B0"
"3456832289_1","3456832289_1.png",2,0.559,46.4590894332166,1.06752270248322,2.01122237092965,"#716D6B"
"3456865758_1","3456865758_1.png",1,0.4612,79.084300225224,1.49385960736428,-1.49075873902416,"#C5C3C7"
"3456865758_1","3456865758_1.png",2,0.5388,54.7043441681663,2.1657079912908,0.620185360787553,"#878282"
"3456921947_1","3456921947_1.png",1,0.6942,81.7903250447986,0.933812119157017,0.158271085683718,"#CDCBCB"
"3456921947_1","3456921947_1.png",2,0.3058,57.8532816659095,0.654317230755738,-1.90578772473013,"#8B8B8E"
"3456921947_2","3456921947_2.png",1,0.5112,74.2647501619599,-2.23330968430757,-0.0183612343148865,"#B2B8B7"
"3456921947_2","3456921947_2.png",2,0.4888,56.2995382439578,-1.51968838957914,-0.25818849955773,"#848887"
"3456957729_1","3456957729_1.png",1,0.7044,81.2557353636908,-2.11332562856656,-8.06836548552888,"#BECCD9"
"3456957729_1","3456957729_1.png",2,0.2956,59.5582709966898,-0.576649644666084,-9.69067120163316,"#8590A0"
"3499575985_1","3499575985_1.png",1,0.565,79.1225773518752,3.65621305637872,4.34553754643115,"#CEC1BC"
"3499575985_1","3499575985_1.png",2,0.435,55.1109894498985,7.78906388555246,7.63120633502941,"#967F77"
"3712538000_1","3712538000_1.png",1,0.7324,89.1551918050807,-0.803974523861936,6.88655035346191,"#E4E0D3"
"3712538000_1","3712538000_1.png",2,0.2676,55.3982360831482,2.90605483238153,7.03354892216865,"#8F8379"
"3712705587_1","3712705587_1.png",1,0.6866,87.6502539435105,-2.482153223044,16.8941118799983,"#E4DCBC"
"3712705587_1","3712705587_1.png",2,0.3134,37.0598085708689,9.23380834774246,4.52412912220298,"#685250"
"3716412969_1","3716412969_1.png",1,0.6906,81.0392283165648,0.219036694047432,1.08791442107751,"#CBC9C7"
"3716412969_1","3716412969_1.png",2,0.3094,59.1027623256207,0.481716193867137,0.614948126729225,"#908E8D"
"3717067901_1","3717067901_1.png",1,0.4902,70.8775247162227,0.975153857769942,-5.74616294326004,"#AAADB8"
"3717067901_1","3717067901_1.png",2,0.5098,45.9677629691367,2.23340684485876,-7.01963236762347,"#6B6C79"
"3719478579_1","3719478579_1.png",1,0.7864,73.305783564381,1.13187824011071,-1.42467195219194,"#B5B3B7"
"3719478579_1","3719478579_1.png",2,0.2136,39.2700412442267,-1.40485070661212,1.53001206782151,"#5B5D5A"
"3721204917_1","3721204917_1.png",1,0.7382,71.9954845994908,1.0852771849519,2.86961312903219,"#B5B0AB"
"3721204917_1","3721204917_1.png",2,0.2618,51.5819351415524,2.28197921434457,6.44146491729957,"#837970"
"3722273728_1","3722273728_1.png",1,0.578,77.6373930018676,-0.0219708053129317,-3.35211147597998,"#BDC0C6"
"3722273728_1","3722273728_1.png",2,0.422,39.1386278594437,3.3588030515061,-8.66328355974207,"#5B5B6A"
"3722486952_1","3722486952_1.png",1,0.435,79.4623079186284,-0.185747040110476,2.558138783952,"#C7C5C0"
"3722486952_1","3722486952_1.png",2,0.565,57.4126767608488,-0.374946462454597,0.0752331655027184,"#898A8A"
"3722486952_2","3722486952_2.png",1,0.4856,80.3654591568764,-0.795787665454183,2.52290039272074,"#C8C8C3"
"3722486952_2","3722486952_2.png",2,0.5144,54.6474326310005,-0.913134361419408,1.23209393390998,"#828381"
"3722486952_3","3722486952_3.png",1,0.514,79.2413844785629,-0.448034457838553,3.11968601860141,"#C6C4BE"
"3722486952_3","3722486952_3.png",2,0.486,56.3878805077224,-0.905590696134182,0.590457277047514,"#868886"
"3722537597_1","3722537597_1.png",1,0.5834,81.3685780590421,0.474129031911904,1.33529562991008,"#CCCAC8"
"3722537597_1","3722537597_1.png",2,0.4166,63.8121467584431,1.03433337864693,3.39970132545837,"#9F9A95"
"3722586072_1","3722586072_1.png",1,0.4324,69.7278224539245,1.82051956555929,4.00439725223575,"#B1A9A3"
"3722586072_1","3722586072_1.png",2,0.5676,39.5335335969905,0.159021308412003,2.27625784107162,"#5F5D59"
"3722774853_1","3722774853_1.png",1,0.3352,79.8831400647194,-0.93765993550102,1.47339133030251,"#C5C6C3"
"3722774853_1","3722774853_1.png",2,0.6648,60.8185668274215,-2.59854836361017,2.01978154922106,"#8F948F"
"3722937237_1","3722937237_1.png",1,0.803,76.1478482098577,1.27833430480294,4.0591833959601,"#C1BBB4"
"3722937237_1","3722937237_1.png",2,0.197,59.8918487318095,1.49808047790444,1.87869699277308,"#948F8D"
"3722937237_10","3722937237_10.png",1,0.6208,71.3205763027929,2.87876896232971,3.70569955187504,"#B7ADA8"
"3722937237_10","3722937237_10.png",2,0.3792,62.5597827986229,4.52974836044436,6.90905465548251,"#A4948B"
"3722937237_11","3722937237_11.png",1,0.4926,70.1109420837882,2.2335360903282,2.96499398004064,"#B2AAA6"
"3722937237_11","3722937237_11.png",2,0.5074,62.4974025374603,3.21778761840951,4.51616505287997,"#A0958F"
"3722937237_2","3722937237_2.png",1,0.787,77.6690238019092,1.35522199198624,3.57741198948027,"#C5BFB9"
"3722937237_2","3722937237_2.png",2,0.213,60.3821882939399,2.93120564508421,5.9750827646335,"#9B8F87"
"3722937237_3","3722937237_3.png",1,0.8008,80.6005310472426,2.29976962698929,4.99230180057432,"#D0C6BF"
"3722937237_3","3722937237_3.png",2,0.1992,64.6052349430472,3.72152905379994,6.81261413088183,"#A89A91"
"3722937237_4","3722937237_4.png",1,0.5328,76.5136054626656,1.19944497863548,2.53833932230037,"#C1BCB8"
"3722937237_4","3722937237_4.png",2,0.4672,61.7566875756508,1.61756092344626,3.09096562826992,"#9B9490"
"3722937237_5","3722937237_5.png",1,0.755,80.471959099616,1.86911427895616,5.1597680699107,"#CFC6BE"
"3722937237_5","3722937237_5.png",2,0.245,61.4301183869531,2.69386617469034,6.43126255221819,"#9E9289"
"3722937237_6","3722937237_6.png",1,0.6942,76.1399247968797,2.06304796132282,8.5399374733657,"#C6BAAC"
"3722937237_6","3722937237_6.png",2,0.3058,60.7732193101685,2.35646548695208,8.20939168521285,"#9D9184"
"3722937237_7","3722937237_7.png",1,0.565,68.8786205734554,3.39193724037755,4.62504361054147,"#B2A6A0"
"3722937237_7","3722937237_7.png",2,0.435,59.3992437241438,3.90772003017221,5.23220478357581,"#9A8C86"
"3722937237_8","3722937237_8.png",1,0.6312,71.6973692679697,2.11134813001066,2.42642110253459,"#B6AEAB"
"3722937237_8","3722937237_8.png",2,0.3688,64.5284353061539,3.90266008154733,5.65300171439446,"#A89A93"
"3722937237_9","3722937237_9.png",1,0.6604,71.870891969957,1.92448968986411,2.3150853621183,"#B6AFAC"
"3722937237_9","3722937237_9.png",2,0.3396,64.1770418742526,4.0912700537498,6.56037588715872,"#A89990"
"3723212713_1","3723212713_1.png",1,0.588,79.6884449484887,-0.695423622365023,-2.52211533311248,"#C2C6CA"
"3723212713_1","3723212713_1.png",2,0.412,61.1172861161891,0.366613454687146,0.127838481268128,"#949393"
"3723288201_1","3723288201_1.png",1,0.6424,77.8076831274517,0.423189178276421,3.73842363372705,"#C4C0B9"
"3723288201_1","3723288201_1.png",2,0.3576,44.490680039552,2.09468598296227,4.50067354882591,"#706862"
"3723288201_2","3723288201_2.png",1,0.6782,89.0949602822693,1.05903956539743,2.26967813156046,"#E4DFDC"
"3723288201_2","3723288201_2.png",2,0.3218,53.9460136478298,5.12872131647396,5.39914240862834,"#8E7E78"
"3723288201_3","3723288201_3.png",1,0.4926,77.7971589542499,0.731157667916271,3.01464404101234,"#C4C0BB"
"3723288201_3","3723288201_3.png",2,0.5074,40.6404424243993,2.11946478158587,0.641833809432491,"#645F5F"
"3723288201_4","3723288201_4.png",1,0.4848,71.7022086926902,0.85034898988927,4.07323265027,"#B5AFA8"
"3723288201_4","3723288201_4.png",2,0.5152,42.9519258402925,2.71947791228564,0.122657544433126,"#6A6465"
"3726181438_1","3726181438_1.png",1,0.6382,87.062927139683,0.351916048508615,2.83610975196921,"#DDDAD5"
"3726181438_1","3726181438_1.png",2,0.3618,65.7695959640231,2.01109548499888,6.98835734839597,"#A99E93"
"3726332413_1","3726332413_1.png",1,0.5488,73.747096585653,1.28695790535691,2.19867807150744,"#B9B4B1"
"3726332413_1","3726332413_1.png",2,0.4512,54.6787112676917,2.97899933238916,5.9775220403666,"#8C8179"
"3726537849_1","3726537849_1.png",1,0.4804,76.3384497254427,5.4286731603998,14.1305138125903,"#D0B8A3"
"3726537849_1","3726537849_1.png",2,0.5196,62.1362003203103,4.19911086006105,9.02314037031575,"#A49386"
"3727072388_1","3727072388_1.png",1,0.597,85.6561583107747,0.15724863212265,3.17441031250603,"#D9D6D0"
"3727072388_1","3727072388_1.png",2,0.403,58.2832264808357,0.413224154925851,10.9357515281348,"#958B79"
"3728869498_1","3728869498_1.png",1,0.4656,69.2800976618674,0.264815903053718,0.328819568780322,"#AAA9A9"
"3728869498_1","3728869498_1.png",2,0.5344,38.4712647364268,1.97162467367618,-6.39303359028225,"#595A65"
"3729861787_1","3729861787_1.png",1,0.5774,84.0142962315636,-0.970273802653327,-6.31063726013584,"#CAD3DD"
"3729861787_1","3729861787_1.png",2,0.4226,60.8978734563755,-10.4116403729543,-24.5252524314093,"#5C9ABE"
"3730019654_1","3730019654_1.png",1,0.541,77.9486090867485,0.228130829437201,-1.20077815137577,"#C0C1C3"
"3730019654_1","3730019654_1.png",2,0.459,42.7255877347312,1.44963370466081,-2.1787780628424,"#666468"
"3730019654_2","3730019654_2.png",1,0.6546,78.3621608555795,0.0790393446753047,-1.24486539336241,"#C1C2C4"
"3730019654_2","3730019654_2.png",2,0.3454,47.4077583216595,1.52286088353592,-0.843527778002494,"#727072"
"3731005832_1","3731005832_1.png",1,0.5998,88.8504638383695,0.981203985701247,-0.495745887822103,"#E1DFE0"
"3731005832_1","3731005832_1.png",2,0.4002,73.5391744058946,2.60640953161652,6.75162512801019,"#BFB3A8"
"3731005832_2","3731005832_2.png",1,0.4586,74.273427723963,1.55657074498021,2.45203543119257,"#BCB6B2"
"3731005832_2","3731005832_2.png",2,0.5414,64.3941543716207,2.11604649815048,6.16796282470136,"#A59A91"
"3731005832_3","3731005832_3.png",1,0.3752,88.8804299006543,1.56003053750226,10.8595150242391,"#EBDDCB"
"3731005832_3","3731005832_3.png",2,0.6248,69.2917209990299,-0.0302475101894686,5.07892732028032,"#ADA9A0"
"3731636020_1","3731636020_1.png",1,0.7062,74.62698991177,-0.272965592615924,0.556832541791465,"#B8B8B7"
"3731636020_1","3731636020_1.png",2,0.2938,25.0890501692047,-0.590314016825602,7.70674390264789,"#3F3B30"
"3731831303_1","3731831303_1.png",1,0.7588,74.5837274555842,3.44668666983336,11.9231079950957,"#C7B5A2"
"3731831303_1","3731831303_1.png",2,0.2412,53.2540679164936,5.19856793645398,13.9324491621215,"#917B68"
"3732890566_1","3732890566_1.png",1,0.7018,81.3886901781693,0.736611378894572,-2.39125049048717,"#CACACF"
"3732890566_1","3732890566_1.png",2,0.2982,39.874259146235,10.1000629642454,-4.0341452236019,"#6C5965"
"3759482924_1","3759482924_1.png",1,0.560383244206774,83.7080146709768,1.36757685767836,0.569178848473991,"#D4D0D0"
"3759482924_1","3759482924_1.png",2,0.439616755793226,69.6810041094979,1.79902760202296,1.9174103359392,"#AFA9A7"
"3759988061_1","3759988061_1.png",1,0.4864,73.69207917244,4.05586478846771,5.82915153734379,"#C1B2AB"
"3759988061_1","3759988061_1.png",2,0.5136,45.986657817341,5.92928596664532,8.93106948811939,"#7C695E"
"3760047309_1","3760047309_1.png",1,0.513,72.5876678514443,1.30799872313624,-0.291712415933853,"#B4B1B3"
"3760047309_1","3760047309_1.png",2,0.487,51.809788808005,3.87444976643607,2.17807992489095,"#847978"
"3760066261_1","3760066261_1.png",1,0.432,86.9105765129182,-0.903878779525022,-0.62994877186584,"#D7DADB"
"3760066261_1","3760066261_1.png",2,0.568,61.5938153050128,-1.35213485400905,0.615147982741811,"#939594"
"3760246471_1","3760246471_1.png",1,0.4434,86.8202477914457,-0.658070361132878,6.42407038966913,"#DDD9CD"
"3760246471_1","3760246471_1.png",2,0.5566,56.8409515824784,1.57850361246776,5.56455672043003,"#8F877F"
"3760256884_1","3760256884_1.png",1,0.6116,74.6486721672918,0.887671789386875,-4.24584934242049,"#B6B7BF"
"3760256884_1","3760256884_1.png",2,0.3884,49.4092627774175,-0.0608820123746774,-1.50239021988548,"#747678"
"3760256884_2","3760256884_2.png",1,0.6486,82.1803959483561,1.57221832610763,1.70054064854709,"#D1CBC9"
"3760256884_2","3760256884_2.png",2,0.3514,54.2360757374491,3.9239018314115,2.95163719124337,"#8B7F7D"
"3760256884_3","3760256884_3.png",1,0.7654,82.1898084428078,0.512391548728008,-3.17198988542999,"#CBCCD2"
"3760256884_3","3760256884_3.png",2,0.2346,54.7967946799947,0.556589285423188,-3.16407245707893,"#828389"
"3764383743_1","3764383743_1.png",1,0.4156,72.4087094425457,-0.947940138213773,5.04388357439872,"#B4B2A8"
"3764383743_1","3764383743_1.png",2,0.5844,46.9616142550254,-2.7685882260513,2.48188983479973,"#6C716B"
"3764383743_2","3764383743_2.png",1,0.2676,83.151343811295,-0.604985390319632,4.48467596456698,"#D2CFC7"
"3764383743_2","3764383743_2.png",2,0.7324,53.0128546289638,-0.471184663333681,-2.81354847782471,"#7B7F83"
"3772866981_1","3772866981_1.png",1,0.464,81.1699675696519,3.07810623609877,9.96590455979621,"#D7C7B7"
"3772866981_1","3772866981_1.png",2,0.536,48.6971084548917,6.95316005516093,10.29056622779,"#866F63"
"3772866981_2","3772866981_2.png",1,0.4726,82.2403848142575,3.2100322557122,11.0288271815144,"#DBCAB8"
"3772866981_2","3772866981_2.png",2,0.5274,47.7277891504753,7.18196126948165,10.9056965504116,"#846C5F"
"3772866981_3","3772866981_3.png",1,0.547,81.6023494958827,2.72233299866791,10.0496305498848,"#D8C8B8"
"3772866981_3","3772866981_3.png",2,0.453,53.3629672593955,5.69495565787347,8.71071896735881,"#8F7C71"
"3772866981_4","3772866981_4.png",1,0.509,81.8807245726743,3.3220840789137,9.40877903471122,"#D9C9BA"
"3772866981_4","3772866981_4.png",2,0.491,49.9659468062618,6.60846383932944,10.3535758287695,"#897266"
"3772866981_5","3772866981_5.png",1,0.5244,79.9575335553241,3.47881929348617,9.36711091016606,"#D4C3B5"
"3772866981_5","3772866981_5.png",2,0.4756,47.0575959515616,6.63699870874969,8.54494214876223,"#806B62"
"3773113464_1","3773113464_1.png",1,0.4602,69.8845695552337,1.92117526504525,-0.368573732094646,"#AEAAAB"
"3773113464_1","3773113464_1.png",2,0.5398,46.9691701570031,5.97880595114448,1.52814902686804,"#7B6C6D"
"3773113464_2","3773113464_2.png",1,0.4548,68.2522467652033,2.23280627481619,-3.95937398746004,"#A7A5AE"
"3773113464_2","3773113464_2.png",2,0.5452,35.4711233548187,7.76279895614002,-5.83473004069826,"#5C505D"
"3773243031_1","3773243031_1.png",1,0.4388,80.0268114282957,3.18035152443909,5.9891982143432,"#D1C4BB"
"3773243031_1","3773243031_1.png",2,0.5612,40.2729927598607,4.28044884866553,2.70121193318372,"#685C5B"
"3773243031_2","3773243031_2.png",1,0.538,84.9819729286613,2.08216781600539,6.4142777397923,"#DDD2C8"
"3773243031_2","3773243031_2.png",2,0.462,49.3187968175411,5.94123522581918,2.28924868742844,"#817272"
"3773243031_3","3773243031_3.png",1,0.5258,80.9154911401281,3.80423537527531,8.6951775396193,"#D7C6B9"
"3773243031_3","3773243031_3.png",2,0.4742,50.0222446308661,6.33235969752927,5.11457907350534,"#85736F"
"3773243031_4","3773243031_4.png",1,0.499,79.3940299785546,3.55689228129423,7.91205344240087,"#D2C2B6"
"3773243031_4","3773243031_4.png",2,0.501,45.3393139940929,5.62382650356048,3.27768848459869,"#776866"
"3773243031_5","3773243031_5.png",1,0.5488,84.257924111758,2.31546408501788,6.85536309909343,"#DCD0C5"
"3773243031_5","3773243031_5.png",2,0.4512,48.6992573572613,5.84806471411372,2.38833234350416,"#7F7070"
"3802670246_1","3802670246_1.png",1,0.5366,87.769736699227,-0.623599007987062,4.71556727513768,"#DFDCD3"
"3802670246_1","3802670246_1.png",2,0.4634,53.9790589552824,0.930758097178076,4.72551089330373,"#868079"
"3823183511_1","3823183511_1.png",1,0.6914,77.7900939728422,0.964002440361495,3.30814848042897,"#C5BFBA"
"3823183511_1","3823183511_1.png",2,0.3086,49.2825450937479,3.10487454609438,6.06178257229079,"#7F736B"
"3826070635_1","3826070635_1.png",1,0.6174,66.2372147399207,-3.02839952636812,-6.92750335690042,"#95A3AD"
"3826070635_1","3826070635_1.png",2,0.3826,51.1259013690361,-6.04751621266424,-10.9750604390411,"#637E8C"
"3827320067_1","3827320067_1.png",1,0.6098,97.1690999819195,0.223794385008067,2.9576008179592,"#FAF6F1"
"3827320067_1","3827320067_1.png",2,0.3902,82.477798170809,1.59840610654103,6.64808676456283,"#D6CCC1"
"3827320067_2","3827320067_2.png",1,0.7004,95.9475576483604,0.152439379759355,-0.437813965624593,"#F3F3F4"
"3827320067_2","3827320067_2.png",2,0.2996,76.3679591136532,0.638426133890036,0.605095192280813,"#BEBCBB"
"3858541671_1","3858541671_1.png",1,0.6676,80.2133936086241,1.73743081915801,5.21420911680633,"#CEC6BD"
"3858541671_1","3858541671_1.png",2,0.3324,38.1844546746076,0.777869116898471,11.1807181379195,"#625948"
"3858541671_2","3858541671_2.png",1,0.5742,89.0694208004187,1.28764614891564,3.24496314354565,"#E5DFDA"
"3858541671_2","3858541671_2.png",2,0.4258,65.5298292201388,4.48110102289827,11.3490454888731,"#AF9C8B"
"3858549267_1","3858549267_1.png",1,0.761,88.6504341675711,0.070051870943523,0.248894364648039,"#DFDEDE"
"3858549267_1","3858549267_1.png",2,0.239,60.7138613701798,1.00473018563835,3.57129065372691,"#97928C"
"3859435335_16","3859435335_16.png",1,0.495,85.5762276245101,1.26323648599797,2.36083124682481,"#DAD5D1"
"3859435335_16","3859435335_16.png",2,0.505,77.2911221515995,1.67871827076932,2.4398929396629,"#C4BEBA"
"3859435335_7","3859435335_7.png",1,0.424,74.9127819859892,-0.791418276179402,-2.14652386566641,"#B5B9BC"
"3859435335_7","3859435335_7.png",2,0.576,61.5546371159576,-0.456510733482852,-2.18513475666607,"#929598"
"3859908278_1","3859908278_1.png",1,0.5906,76.8154875662867,1.771699471438,2.62666027063407,"#C3BCB9"
"3859908278_1","3859908278_1.png",2,0.4094,57.7149146362605,3.69949785091253,6.80849483848865,"#96887F"
"3860540781_1","3860540781_1.png",1,0.7028,78.9890626430345,-0.0181950780542202,-5.36745022008218,"#BFC4CD"
"3860540781_1","3860540781_1.png",2,0.2972,33.0410725106101,5.62851610855806,-14.8754726539088,"#4A4C65"
"3860540781_2","3860540781_2.png",1,0.5808,82.1847059256889,0.680907501196961,-6.12828403070733,"#C8CCD8"
"3860540781_2","3860540781_2.png",2,0.4192,54.1778254790278,1.47748219969919,-8.40902824685999,"#7D8190"
"3860540781_3","3860540781_3.png",1,0.628,83.4420931830317,0.777173906878724,-6.55591021067842,"#CBD0DC"
"3860540781_3","3860540781_3.png",2,0.372,52.7629496697762,1.93236065751271,-9.85365582390203,"#797E8F"
"3860540781_4","3860540781_4.png",1,0.6218,82.453907779491,0.654619559408421,-6.12524704898339,"#C9CDD9"
"3860540781_4","3860540781_4.png",2,0.3782,50.9541379249311,1.78805810514831,-9.50035793940079,"#747989"
"3860707797_1","3860707797_1.png",1,0.6342,79.7301702846921,1.79401402221819,2.18692244734904,"#CBC4C2"
"3860707797_1","3860707797_1.png",2,0.3658,62.9192271590945,5.79636166974015,1.76559469490462,"#A49595"
"3881401228_1","3881401228_1.png",1,0.4134,80.7743396495639,-0.361096978938369,-1.84091807813191,"#C6C9CC"
"3881401228_1","3881401228_1.png",2,0.5866,47.358234299196,0.311655906922361,-1.47320967363183,"#707073"
"3902862211_1","3902862211_1.png",1,0.628,85.628652601221,-2.01559652095058,-1.8727973027641,"#D0D7D9"
"3902862211_1","3902862211_1.png",2,0.372,42.4951213263554,0.684214099887721,-3.33785544323762,"#63646A"
"3902862211_2","3902862211_2.png",1,0.6756,85.5221746225918,-0.687097347004839,0.146293684020205,"#D4D6D5"
"3902862211_2","3902862211_2.png",2,0.3244,40.4080560813825,5.90032282777088,4.84297984485156,"#6C5C58"
"3902862211_3","3902862211_3.png",1,0.6542,86.0733229193355,-1.66529523884359,-1.48977320214265,"#D3D8DA"
"3902862211_3","3902862211_3.png",2,0.3458,43.5544894065103,1.14679986683562,-2.68364863799538,"#67666B"
"3902862211_4","3902862211_4.png",1,0.6374,83.121820069686,-0.585150419275204,0.297648576316918,"#CECFCE"
"3902862211_4","3902862211_4.png",2,0.3626,39.8744668013905,4.69796983956087,2.57620937996528,"#675B5A"
"3902967429_1","3902967429_1.png",1,0.5656,81.0414876633634,-0.908532162554882,0.294895939805594,"#C8CAC9"
"3902967429_1","3902967429_1.png",2,0.4344,55.0137053019635,-0.947319219986599,0.824390984388536,"#838482"
"3902981876_1","3902981876_1.png",1,0.497,66.9680581299248,1.186456182449,-3.06985844791446,"#A3A2A8"
"3902981876_1","3902981876_1.png",2,0.503,31.0322291622641,3.30330471403686,-2.18471886208107,"#4D474C"
"3902981876_2","3902981876_2.png",1,0.4732,66.5733673252346,1.59600833366801,-4.42785471089432,"#A1A1AA"
"3902981876_2","3902981876_2.png",2,0.5268,33.5761704289682,3.57913852898387,-4.00254705920998,"#524D55"
"3903396620_1","3903396620_1.png",1,0.5716,83.7218774610992,0.34522110466376,2.17516633736082,"#D3D0CD"
"3903396620_1","3903396620_1.png",2,0.4284,70.6763787296948,0.463006994555338,5.07954748636277,"#B2ACA4"
"3903411689_1","3903411689_1.png",1,0.6356,78.3009934807167,1.56027701686816,-3.11968431102555,"#C2C1C7"
"3903411689_1","3903411689_1.png",2,0.3644,58.1250922951627,2.82402569433034,-4.09792980220233,"#8D8A93"
"3906202757_1","3906202757_1.png",1,0.6526,87.9082801435563,0.336034706398809,-4.36927437098039,"#D9DDE5"
"3906202757_1","3906202757_1.png",2,0.3474,66.9827332676507,1.78933916865545,-4.37155950980312,"#A3A2AB"
"3906202757_2","3906202757_2.png",1,0.6306,84.7858932297899,1.21048260908864,-7.4545441064127,"#CFD3E2"
"3906202757_2","3906202757_2.png",2,0.3694,62.3296253631155,2.71662549758542,-8.75534521025433,"#9496A6"
"3912160950_1","3912160950_1.png",1,0.8484,82.9460536600342,1.40171515927811,10.2424693739418,"#D9CDBB"
"3912160950_1","3912160950_1.png",2,0.1516,52.4356034004809,-0.235015008433581,7.49838156315581,"#827D70"
"3915520262_1","3915520262_1.png",1,0.6402,86.9684530685125,1.32828524114777,-1.79380537842286,"#DBD9DD"
"3915520262_1","3915520262_1.png",2,0.3598,52.931983665761,3.3749254477276,-2.758130187548,"#827D83"
"3923238471_1","3923238471_1.png",1,0.63,80.0354957106662,0.910097094227076,-0.467462308563016,"#C8C6C7"
"3923238471_1","3923238471_1.png",2,0.37,62.66163385472,2.46102256308867,-0.421428932550579,"#9C9698"
"3923582681_1","3923582681_1.png",1,0.686,88.2233121932616,-1.1895923724013,0.351728424844578,"#DBDEDD"
"3923582681_1","3923582681_1.png",2,0.314,68.9591805322349,-0.469132955694591,1.2997125120931,"#A8A8A6"
"3947327530_1","3947327530_1.png",1,0.6216,83.917133205428,-0.298772939208149,-3.93274911132996,"#CDD2D9"
"3947327530_1","3947327530_1.png",2,0.3784,74.039474581688,0.170514420985921,-1.59678464142771,"#B5B6B9"
"3947327530_2","3947327530_2.png",1,0.6158,85.9968291510547,-0.432594712384679,-5.94968761356731,"#D1D8E2"
"3947327530_2","3947327530_2.png",2,0.3842,77.3764026637046,0.0566236313683178,-3.97771115628565,"#BCBFC6"
"3947803672_1","3947803672_1.png",1,0.7332,83.7845125096055,-0.0253958557382626,-1.35338026708378,"#D0D1D3"
"3947803672_1","3947803672_1.png",2,0.2668,58.6601533033737,1.23405325051155,-1.90095382836042,"#8E8D90"
"3961423615_1","3961423615_1.png",1,0.5876,85.2555819966906,1.37093816601069,4.35366356606209,"#DBD4CD"
"3961423615_1","3961423615_1.png",2,0.4124,68.3459737410195,3.06960672572249,8.83197015896782,"#B3A497"
"3985754255_1","3985754255_1.png",1,0.752,85.9569146736212,1.56134964073568,2.36556787573114,"#DCD6D3"
"3985754255_1","3985754255_1.png",2,0.248,56.8540264907596,1.83625513204983,10.1483961429993,"#938777"
"3988458859_1","3988458859_1.png",1,0.6362,74.3203396830908,5.09288294292328,9.87785232546545,"#C8B3A5"
"3988458859_1","3988458859_1.png",2,0.3638,45.8926380963914,8.20841141783634,6.11581808002661,"#7E6863"
"3994100977_1","3994100977_1.png",1,0.6622,83.8488084950019,-1.61358311109921,-0.2099753848242,"#CED2D1"
"3994100977_1","3994100977_1.png",2,0.3378,66.2473976140126,-0.748160497868197,2.08176967779523,"#A1A19D"
"3995689061_1","3995689061_1.png",1,0.5336,79.8343126900887,0.618470049922887,1.21896651192261,"#C8C5C4"
"3995689061_1","3995689061_1.png",2,0.4664,55.1799373775322,2.2452284309581,3.07549167853796,"#8A837F"
"3997237906_1","3997237906_1.png",1,0.7894,80.5627901535607,0.838825335909164,2.8289155929146,"#CCC7C3"
"3997237906_1","3997237906_1.png",2,0.2106,53.6058114248363,4.29148631802029,3.60839635408375,"#8A7D7A"
"3997237906_2","3997237906_2.png",1,0.6896,70.1968843295907,-0.104907501613544,4.5486379238171,"#AFABA3"
"3997237906_2","3997237906_2.png",2,0.3104,39.1180761032373,2.8453831024827,9.68837132640397,"#675A4D"
"3997237906_3","3997237906_3.png",1,0.7522,80.8904896617618,0.000332668572896476,0.690900741428006,"#C9C9C8"
"3997237906_3","3997237906_3.png",2,0.2478,43.1806655391807,2.02642489096375,4.56071200684408,"#6D655F"
"4029102524_1","4029102524_1.png",1,0.6204,80.2290477979976,1.63278725920567,-7.28649622826061,"#C4C7D4"
"4029102524_1","4029102524_1.png",2,0.3796,50.9237977976771,4.4058047219773,-7.72197111358843,"#7B7786"
"4034999533_1","4034999533_1.png",1,0.525,86.7294189675633,1.27313952174613,0.667964881867476,"#DCD8D8"
"4034999533_1","4034999533_1.png",2,0.475,58.5930664764189,1.36704404874238,2.2982067138964,"#918C89"
"4046426831_1","4046426831_1.png",1,0.595,86.2136631020815,3.08151571069693,-2.14981954335956,"#DCD6DC"
"4046426831_1","4046426831_1.png",2,0.405,62.0890092889686,3.52269532692129,2.85153827239998,"#9F9491"
"4056871645_1","4056871645_1.png",1,0.6978,82.7574313463569,-1.49120458180524,-0.203915857797001,"#CBCFCE"
"4056871645_1","4056871645_1.png",2,0.3022,63.593355216731,0.28990885016019,2.32842948919538,"#9C9A96"
"4057175676_1","4057175676_1.png",1,0.7004,70.5110266100815,-0.854433553361438,4.75833859084438,"#AFADA4"
"4057175676_1","4057175676_1.png",2,0.2996,53.0527290869851,-0.294427486332602,7.48350768934644,"#847E72"
"4057916546_1","4057916546_1.png",1,0.577,85.618223880211,1.16954021206456,-2.50037060932928,"#D6D5DB"
"4057916546_1","4057916546_1.png",2,0.423,61.0383246256307,2.24925780730385,-4.93443857226901,"#93929C"
"4058432899_1","4058432899_1.png",1,0.6552,83.5248052375758,0.797476075089147,9.20183256536429,"#D9CFBF"
"4058432899_1","4058432899_1.png",2,0.3448,60.9877492072262,-1.92066588352537,31.7624741050201,"#A3935B"
"4058432899_2","4058432899_2.png",1,0.6316,84.8231547837992,-0.725399285797921,10.5609795779456,"#DBD3C0"
"4058432899_2","4058432899_2.png",2,0.3684,53.6605256619674,3.82832927908738,20.5015524087146,"#937D5D"
"4058432899_3","4058432899_3.png",1,0.6472,81.6128532835527,0.640738729458187,16.4845528522053,"#D8C9AC"
"4058432899_3","4058432899_3.png",2,0.3528,41.094662530222,11.8903010509113,31.3579704836874,"#81592D"
"4062645353_1","4062645353_1.png",1,0.6236,84.7306299504644,-0.00640026422028893,-1.53368990415246,"#D2D4D6"
"4062645353_1","4062645353_1.png",2,0.3764,54.690434516494,2.48286708615575,0.499852234573554,"#888182"
"4062749967_1","4062749967_1.png",1,0.7462,85.8142701253377,1.61594308975373,-1.25262247187236,"#D9D6D9"
"4062749967_1","4062749967_1.png",2,0.2538,54.3836970153631,5.72191965338606,0.822239384168292,"#8D7F81"
"4062749967_2","4062749967_2.png",1,0.6342,89.1859464768281,1.36973514757153,-0.874733050328747,"#E2DFE2"
"4062749967_2","4062749967_2.png",2,0.3658,61.3426348773744,3.12459781389314,1.21144493062263,"#9B9292"
"4062749967_3","4062749967_3.png",1,0.6844,82.1890894618771,1.29938315412363,-0.531342814959294,"#CECCCD"
"4062749967_3","4062749967_3.png",2,0.3156,48.5251291418179,2.26581073233599,-3.33493467961553,"#757279"
"4062749967_4","4062749967_4.png",1,0.7378,86.9456048528964,1.53794822065858,-2.16216228012908,"#DBD9DE"
"4062749967_4","4062749967_4.png",2,0.2622,38.6532884193794,5.01182872133689,1.8715728187624,"#645858"
"4062749967_5","4062749967_5.png",1,0.8126,84.1510767210785,1.78225162647345,-1.26265550675576,"#D4D1D4"
"4062749967_5","4062749967_5.png",2,0.1874,43.7680480973074,6.22111249065898,-1.17784191577296,"#71646A"
"4062835793_1","4062835793_1.png",1,0.5538,69.119987784014,1.63450221617443,-0.142333603912846,"#ACA8A9"
"4062835793_1","4062835793_1.png",2,0.4462,43.6457544816603,4.38401383734181,2.14847947158213,"#706564"
"4075794471_1","4075794471_1.png",1,0.6818,80.2745231721263,0.788463852030268,-1.45458750896476,"#C7C7CA"
"4075794471_1","4075794471_1.png",2,0.3182,39.825580123969,8.4726654539033,1.49168399022891,"#6D595C"
"4075981856_1","4075981856_1.png",1,0.4746,82.873489091021,0.596019005068542,0.0100943597333327,"#CFCECE"
"4075981856_1","4075981856_1.png",2,0.5254,58.5398783858724,2.97285403973878,0.426505199572382,"#928B8C"
"4080512888_1","4080512888_1.png",1,0.533,85.9267308618478,-1.06057451857008,-5.29550273013059,"#D0D8E1"
"4080512888_1","4080512888_1.png",2,0.467,65.6251582536788,-0.0496881854391407,-4.54283098654339,"#9BA0A7"
"4080639109_1","4080639109_1.png",1,0.5948,79.4603726637867,1.4182612538151,-0.522643513582914,"#C7C4C6"
"4080639109_1","4080639109_1.png",2,0.4052,48.1705075963909,3.68720522651655,4.67170526543215,"#7C706B"
"4080680039_1","4080680039_1.png",1,0.6606,76.3092881523976,0.717122440075384,-2.11392797120125,"#BCBCC0"
"4080680039_1","4080680039_1.png",2,0.3394,56.2123287052702,1.67928978925381,0.13129378701451,"#8A8687"
"4080680039_2","4080680039_2.png",1,0.5892,76.2220925401165,0.292888279362609,-4.13178213952328,"#B9BCC3"
"4080680039_2","4080680039_2.png",2,0.4108,58.7039131730666,0.817027309204739,-1.61667924525278,"#8D8D90"
"4080680039_3","4080680039_3.png",1,0.7434,77.4152639890352,0.250785696148012,-1.64172778700567,"#BEBFC2"
"4080680039_3","4080680039_3.png",2,0.2566,52.709611494949,0.616309622390098,0.358589777857485,"#7F7D7D"
"4080680039_4","4080680039_4.png",1,0.6738,78.1031403284099,-0.144648855442734,-1.8442518235196,"#BFC1C4"
"4080680039_4","4080680039_4.png",2,0.3262,59.6468102836982,0.295919098861045,0.314819266827431,"#908F8F"
"4080861465_1","4080861465_1.png",1,0.5938,89.2608104711175,3.1194570082195,-2.60926161793451,"#E4DFE5"
"4080861465_1","4080861465_1.png",2,0.4062,55.242315257256,7.22222003250129,0.584765444101358,"#918083"
"4080861465_10","4080861465_10.png",1,0.5894,85.9581784519563,3.77356714616687,-2.67765722087191,"#DCD5DC"
"4080861465_10","4080861465_10.png",2,0.4106,57.5144061441218,7.59147875512182,-1.50075074955047,"#96868D"
"4080861465_11","4080861465_11.png",1,0.6066,85.3182913912415,4.1781241580118,-2.5952787387855,"#DBD3DA"
"4080861465_11","4080861465_11.png",2,0.3934,55.8091940013485,9.57412355518822,-1.63120162008146,"#958089"
"4080861465_12","4080861465_12.png",1,0.55,87.7879272359827,2.85120423555973,-1.77524031451354,"#E0DAE0"
"4080861465_12","4080861465_12.png",2,0.45,68.6595072664667,5.08474181368243,-0.78187578944479,"#B0A5A9"
"4080861465_13","4080861465_13.png",1,0.4092,89.6077423818174,1.8162872278557,-2.22761644423989,"#E3E0E5"
"4080861465_13","4080861465_13.png",2,0.5908,70.7394257733664,3.71123895510294,-3.22362111761383,"#B1ABB3"
"4080861465_14","4080861465_14.png",1,0.539,89.1091804773059,2.30983556845374,-2.52941784269452,"#E2DFE5"
"4080861465_14","4080861465_14.png",2,0.461,71.9946885347658,3.87575595669799,-1.59351791667018,"#B6AEB3"
"4080861465_15","4080861465_15.png",1,0.516,87.8498593178303,2.94542580808946,-2.31218659943755,"#E0DBE1"
"4080861465_15","4080861465_15.png",2,0.484,62.4894478306192,5.97963975187133,0.94161995574233,"#A39496"
"4080861465_16","4080861465_16.png",1,0.636,85.3789341126124,3.25445673201986,-2.34454184552291,"#DAD3DA"
"4080861465_16","4080861465_16.png",2,0.364,60.8465950555862,6.25408807064102,-0.721329366068609,"#9D8F94"
"4080861465_2","4080861465_2.png",1,0.4316,87.8102337736302,2.27051376858542,-2.68943505725105,"#DEDBE1"
"4080861465_2","4080861465_2.png",2,0.5684,67.1561083866007,4.43224457251889,-3.46625218611887,"#A9A1AA"
"4080861465_3","4080861465_3.png",1,0.4086,88.3171561454136,1.76324379903426,-2.70300743175504,"#DFDDE3"
"4080861465_3","4080861465_3.png",2,0.5914,64.3442961693931,3.90333095421539,-2.08887152599071,"#A19AA0"
"4080861465_4","4080861465_4.png",1,0.4338,87.9146517936376,3.24050948627465,-4.11445717208029,"#DFDBE4"
"4080861465_4","4080861465_4.png",2,0.5662,67.1722499717558,5.01471585931504,-5.94560579916509,"#A8A1AE"
"4080861465_5","4080861465_5.png",1,0.5066,86.5682995027543,3.17903883532719,-2.87555522741475,"#DCD7DE"
"4080861465_5","4080861465_5.png",2,0.4934,65.1814444900719,4.70107788230713,-4.54882787779247,"#A39CA6"
"4080861465_6","4080861465_6.png",1,0.4844,91.0782659245563,1.93559526157264,-2.18450899814193,"#E7E4EA"
"4080861465_6","4080861465_6.png",2,0.5156,77.2573716636813,2.99617266599838,-3.57172869729933,"#C2BDC5"
"4080861465_7","4080861465_7.png",1,0.5544,87.020688661905,2.85313492591168,-1.66649987377201,"#DED8DD"
"4080861465_7","4080861465_7.png",2,0.4456,54.5313189981953,5.98766969585584,0.393405078976745,"#8D7F82"
"4080861465_8","4080861465_8.png",1,0.5012,89.2432224047006,2.6087271069437,-2.34345986485816,"#E3DFE5"
"4080861465_8","4080861465_8.png",2,0.4988,58.548406537652,5.88329350780728,-0.720595656295911,"#97898E"
"4080861465_9","4080861465_9.png",1,0.4246,89.8197844707177,3.04850016404401,-2.55122086772887,"#E6E0E7"
"4080861465_9","4080861465_9.png",2,0.5754,64.5524334695017,4.89620987574204,-4.47962386986243,"#A29AA5"
"4091674783_1","4091674783_1.png",1,0.4386,63.0193767181014,0.422412798876397,-6.08108928261621,"#9499A3"
"4091674783_1","4091674783_1.png",2,0.5614,43.1195111118646,1.37745648154297,-7.0288014672504,"#626671"
"4091775160_1","4091775160_1.png",1,0.6658,83.4560987847402,-0.570404911018784,-0.571773355376002,"#CED0D1"
"4091775160_1","4091775160_1.png",2,0.3342,60.4586736007819,0.585797802482106,0.378504614929105,"#939191"
"4096891575_1","4096891575_1.png",1,0.5806,73.2628234034375,3.67223155442442,2.11977769397755,"#BCB2B0"
"4096891575_1","4096891575_1.png",2,0.4194,55.0418005928112,1.80683673256008,-4.73609752482682,"#83838C"
"4102563127_1","4102563127_1.png",1,0.5918,72.7599486421634,0.856224040966189,0.165410066848213,"#B4B2B2"
"4102563127_1","4102563127_1.png",2,0.4082,44.0729670025772,0.714205956573735,-1.83725565148249,"#68686B"
"4102563127_2","4102563127_2.png",1,0.5674,70.8226511133383,0.924713754309187,-0.206955184284454,"#AFADAE"
"4102563127_2","4102563127_2.png",2,0.4326,41.0035408186681,0.673458173386305,-2.32445572611999,"#606064"
"4102563127_3","4102563127_3.png",1,0.5064,72.5277725645101,1.39928266170636,0.614139526227869,"#B5B1B1"
"4102563127_3","4102563127_3.png",2,0.4936,47.5018697584017,1.71059772058798,-0.464331932623444,"#737071"
"4102563127_4","4102563127_4.png",1,0.4776,69.9448120491458,1.09713800619276,0.612953833140852,"#ADAAAA"
"4102563127_4","4102563127_4.png",2,0.5224,43.5335962266167,1.47427866540866,-0.570860727869535,"#696668"
"4103330851_1","4103330851_1.png",1,0.6788,75.2721464442259,0.783141786481084,0.427375432022319,"#BBB9B9"
"4103330851_1","4103330851_1.png",2,0.3212,46.6792999503886,3.51885299397621,6.86192681348939,"#796C63"
"4103330851_2","4103330851_2.png",1,0.6702,69.1837010877566,1.74529520749304,1.06253698588224,"#ADA8A7"
"4103330851_2","4103330851_2.png",2,0.3298,31.0383980773459,7.14942937770426,12.5572028074752,"#5A4536"
"4111611198_2","4111611198_2.png",1,0.6366,71.4836193747325,-1.38879884622712,-5.69394316371884,"#A7B0B9"
"4111611198_2","4111611198_2.png",2,0.3634,54.4042578664937,-1.11707082127136,-4.4276061715066,"#7C838A"
"4111622109_1","4111622109_1.png",1,0.661,78.1591169722883,0.855918861546644,-3.28054398099614,"#C0C1C7"
"4111622109_1","4111622109_1.png",2,0.339,63.5687048971004,2.08687798026288,-1.50479671504802,"#9D999D"
"4111639539_1","4111639539_1.png",1,0.6486,86.2064193319047,2.21404522796729,9.83122692448626,"#E4D6C5"
"4111639539_1","4111639539_1.png",2,0.3514,57.0626897395738,3.0890243218227,9.78212754885563,"#958778"
"4116539799_1","4116539799_1.png",1,0.6428,74.0292975839921,-2.02683977469447,-2.76994210155854,"#B0B7BB"
"4116539799_1","4116539799_1.png",2,0.3572,58.0170263340578,-0.643780730750762,-1.55674449190783,"#898C8E"
"4121131856_1","4121131856_1.png",1,0.5328,71.0851404365217,1.15288207061501,-7.84793756912513,"#A9AEBC"
"4121131856_1","4121131856_1.png",2,0.4672,40.6264999079695,3.46212869466742,-10.694723657426,"#5D5F71"
"4121214084_1","4121214084_1.png",1,0.6598,74.3717119159891,0.66598094693563,-0.761345613780273,"#B8B7B8"
"4121214084_1","4121214084_1.png",2,0.3402,53.6676535212783,1.63159924379579,1.84885923828055,"#857F7D"
"4127112622_1","4127112622_1.png",1,0.5596,91.757337305896,-1.03671268688266,-4.85453194277657,"#E1E8F1"
"4127112622_1","4127112622_1.png",2,0.4404,70.1937843119436,0.584488227444395,-8.7259026119619,"#A5ACBB"
"4127390019_2","4127390019_2.png",1,0.6828,85.0447409847477,2.02660918574282,-11.3654541793818,"#CED4EA"
"4127390019_2","4127390019_2.png",2,0.3172,69.18896456048,1.98900578460811,-12.5690918042944,"#A1A9BF"
"4127390019_3","4127390019_3.png",1,0.6854,78.8239197617118,-0.947656142633233,-7.18323969920096,"#BBC4D0"
"4127390019_3","4127390019_3.png",2,0.3146,60.8957331493608,-0.309436170286494,-6.88118575882231,"#8C949F"
"4127390019_4","4127390019_4.png",1,0.7112,79.3211339047067,-1.37159156603051,-7.38974400783141,"#BBC6D2"
"4127390019_4","4127390019_4.png",2,0.2888,62.9818588525862,-0.920095638381758,-8.19108987661713,"#8F99A7"
"4133733953_1","4133733953_1.png",1,0.4336,75.7715373572828,1.82217523133608,3.01545620967273,"#C1B9B5"
"4133733953_1","4133733953_1.png",2,0.5664,44.8536292496634,6.25179639007554,5.88960170133381,"#786661"
"4133888180_1","4133888180_1.png",1,0.7916,80.4036229626943,-1.88936658409017,-0.289169347118444,"#C3C9C8"
"4133888180_1","4133888180_1.png",2,0.2084,27.0023150868652,-3.96706636943475,2.26334409273239,"#3B423C"
"4133888180_2","4133888180_2.png",1,0.7742,81.3843155788308,-1.79299204897741,0.00987692132377016,"#C7CBCA"
"4133888180_2","4133888180_2.png",2,0.2258,34.4107174856399,-3.24592816824022,1.76407575490162,"#4D524E"
"4134144690_1","4134144690_1.png",1,0.5712,71.5026667406525,3.196750133265,10.6459227548807,"#BDAC9C"
"4134144690_1","4134144690_1.png",2,0.4288,42.6453469790943,8.00969508809601,13.1999392705278,"#795F4F"
"4134238904_1","4134238904_1.png",1,0.5632,86.7485063082533,-0.798760955675437,-0.0783071811456598,"#D7DAD9"
"4134238904_1","4134238904_1.png",2,0.4368,60.4347601518427,0.368024262983713,2.1717443925631,"#94918E"
"4145429905_1","4145429905_1.png",1,0.5542,83.349917847015,-0.0273827662543859,-2.42111737064476,"#CDD0D4"
"4145429905_1","4145429905_1.png",2,0.4458,51.6867631807312,-0.533478149812706,-3.78868708335282,"#777C82"
"4145429905_2","4145429905_2.png",1,0.7134,86.3582937504085,1.64542972339783,1.02924196051541,"#DCD7D6"
"4145429905_2","4145429905_2.png",2,0.2866,57.6660152641825,4.57641371198907,5.49199305730557,"#978881"
"4145429905_3","4145429905_3.png",1,0.488,82.6364694672681,0.414221826432181,0.25849156521577,"#CFCDCD"
"4145429905_3","4145429905_3.png",2,0.512,42.8221723434051,3.17830746417556,5.74225042796442,"#6E635C"
"4145429905_4","4145429905_4.png",1,0.575,84.1386897001201,1.05598929839058,1.88663133691002,"#D6D1CE"
"4145429905_4","4145429905_4.png",2,0.425,54.6249315523712,0.619329351358367,3.25355647481263,"#86827D"
"4145429905_5","4145429905_5.png",1,0.543,84.3371611500099,-0.478438043771097,-0.800370541963315,"#D1D3D4"
"4145429905_5","4145429905_5.png",2,0.457,57.6391215152415,-0.626361492127997,-3.68262864929337,"#868B91"
"4156097567_1","4156097567_1.png",1,0.6514,76.8937164101138,1.32030884383627,-2.29777381161508,"#BEBDC2"
"4156097567_1","4156097567_1.png",2,0.3486,56.3820271662716,2.13954603136207,-5.07828615482823,"#878690"
"4156097567_3","4156097567_3.png",1,0.5962,85.3191278176308,0.133073463706524,-1.97072459879928,"#D4D5D9"
"4156097567_3","4156097567_3.png",2,0.4038,63.1240452456942,0.625185902639655,-2.28982484899828,"#98999D"
"4156097567_4","4156097567_4.png",1,0.4058,69.7389577534774,0.637519187829844,-2.03135747295531,"#AAAAAE"
"4156097567_4","4156097567_4.png",2,0.5942,50.5096396565424,1.33830705570985,-3.93356129523433,"#77787F"
"4156394336_1","4156394336_1.png",1,0.6348,88.3875664506024,-1.9071053936092,8.65017026437373,"#E1DECD"
"4156394336_1","4156394336_1.png",2,0.3652,66.3635654261388,1.60603749568938,13.9295455085778,"#AEA089"
"4156394336_2","4156394336_2.png",1,0.6288,87.0000548800734,-1.51215642671407,8.75823864529026,"#DEDAC9"
"4156394336_2","4156394336_2.png",2,0.3712,64.4753920124068,2.30986310392495,11.985765842339,"#A99A87"
"4156394336_3","4156394336_3.png",1,0.5954,86.2301265014181,-0.941847047549192,9.23029404089429,"#DDD8C6"
"4156394336_3","4156394336_3.png",2,0.4046,64.7742486760933,2.63362754965241,12.2828780722431,"#AB9B87"
"4156394336_4","4156394336_4.png",1,0.6436,87.0823350403152,-1.02420368393374,8.41004139294312,"#DFDACA"
"4156394336_4","4156394336_4.png",2,0.3564,64.9900824823089,2.80903765953982,12.4533622400467,"#AC9B88"
"4158409247_1","4158409247_1.png",1,0.534,73.2931255359069,3.85156804716297,6.60952489629917,"#C0B1A8"
"4158409247_1","4158409247_1.png",2,0.466,52.3013475900365,4.56567385913217,9.43267552516516,"#8B7A6D"
"4158752770_1","4158752770_1.png",1,0.6998,81.6855032917352,3.04504811611995,4.94221072084127,"#D5C9C2"
"4158752770_1","4158752770_1.png",2,0.3002,46.9353265708391,5.38500917961296,8.04184925359785,"#7E6C62"
"4160077813_1","4160077813_1.png",1,0.5908,79.9250264700517,0.928548680096826,-1.66602288024388,"#C6C6C9"
"4160077813_1","4160077813_1.png",2,0.4092,55.6682852679962,2.71699082008223,-2.13441023287328,"#898489"
"4160077813_2","4160077813_2.png",1,0.562,80.5151988052245,0.635719153813512,-2.30720653067624,"#C7C8CC"
"4160077813_2","4160077813_2.png",2,0.438,58.1080963635196,1.94181950390828,-3.3311287118719,"#8C8B91"
"4162180770_1","4162180770_1.png",1,0.6872,87.2917317638545,0.971930244668105,1.21470858716384,"#DEDAD8"
"4162180770_1","4162180770_1.png",2,0.3128,70.8368445126761,2.24866538574077,2.78877328912376,"#B4ACA8"
"4162370693_1","4162370693_1.png",1,0.2392,77.2704839154621,0.277773582234545,-3.07086059035678,"#BDBFC4"
"4162370693_1","4162370693_1.png",2,0.7608,48.0568255850463,1.32738265604853,-5.89735127769993,"#70727C"
"4162370693_2","4162370693_2.png",1,0.4128,71.6515790423847,-0.251239715197711,-2.65648965331368,"#ADB0B4"
"4162370693_2","4162370693_2.png",2,0.5872,39.1758976897691,-0.953681245495675,-2.29407208751677,"#595D60"
"4162370693_3","4162370693_3.png",1,0.6574,73.1940537720054,1.35485439990947,-1.40357143722603,"#B5B3B6"
"4162370693_3","4162370693_3.png",2,0.3426,46.4422263793864,4.11251467132308,3.09351309031326,"#776C69"
"4162370693_4","4162370693_4.png",1,0.402,72.9881082409529,1.50153855555486,-5.39792970171895,"#B1B3BD"
"4162370693_4","4162370693_4.png",2,0.598,50.1076269104611,0.621415049103379,-6.5131951951429,"#737782"
"4165393084_1","4165393084_1.png",1,0.6076,89.1841197195776,-3.38481727338667,-4.22715200089053,"#D5E2E8"
"4165393084_1","4165393084_1.png",2,0.3924,66.076727956444,-2.0867006458264,-4.39036415015613,"#99A2A8"
"4165393084_2","4165393084_2.png",1,0.6856,86.2148494877131,-2.10935682420833,-5.30986888861329,"#CED9E2"
"4165393084_2","4165393084_2.png",2,0.3144,68.0288709429094,-2.91401586928803,-0.931176181691871,"#9FA7A7"
"4165471179_1","4165471179_1.png",1,0.6282,87.0299030251296,-0.0987540593192476,-4.6280545968481,"#D6DAE3"
"4165471179_1","4165471179_1.png",2,0.3718,56.7666052129301,1.34331827770407,-6.54401365221264,"#858893"
"4165553976_1","4165553976_1.png",1,0.6316,87.8948933404152,3.86536682915028,-2.50015479317503,"#E2DAE1"
"4165553976_1","4165553976_1.png",2,0.3684,58.1795905753488,4.30064271013393,2.92723364955879,"#968987"
"4165705709_1","4165705709_1.png",1,0.478,82.0978404954396,1.43449485901519,-5.56771375883686,"#CACCD7"
"4165705709_1","4165705709_1.png",2,0.522,49.7099084924888,1.01989170616181,-3.61678522713113,"#75767C"
"4165705709_2","4165705709_2.png",1,0.5486,82.5160894862945,-0.959362272558626,-4.37848284961657,"#C7CED5"
"4165705709_2","4165705709_2.png",2,0.4514,54.1778458534666,-1.61205363425691,-2.94521205740292,"#7C8386"
"4165705709_3","4165705709_3.png",1,0.5464,84.8968772707679,-0.605267243526202,-2.90942420071617,"#D0D5D9"
"4165705709_3","4165705709_3.png",2,0.4536,54.6236254752962,-1.0013084901034,-1.65470492412567,"#7F8385"
"4171540876_1","4171540876_1.png",1,0.5544,83.5134028976524,-0.268022215091382,-3.71010059121716,"#CCD1D7"
"4171540876_1","4171540876_1.png",2,0.4456,61.0313977578159,-0.212605486449094,-2.79019741600342,"#919498"
"4177021805_1","4177021805_1.png",1,0.6266,84.8778365360351,-0.140829896316911,0.729255389777848,"#D4D4D3"
"4177021805_1","4177021805_1.png",2,0.3734,56.4984337667909,0.266932301504441,3.3207369026276,"#8B8782"
"4177021805_2","4177021805_2.png",1,0.5818,86.0438461781375,0.893858824640174,-1.38677420806292,"#D8D7DA"
"4177021805_2","4177021805_2.png",2,0.4182,46.9962365843094,1.58779477576064,-1.70714602354979,"#716F72"
"4177021805_3","4177021805_3.png",1,0.5574,72.2035505321793,-0.252232268172765,2.53615291928914,"#B3B1AC"
"4177021805_3","4177021805_3.png",2,0.4426,36.9773371686425,-0.464779269026692,10.8005038010265,"#5D5746"
"4177021805_4","4177021805_4.png",1,0.5788,77.9152312449602,0.767286885337007,3.63482249982891,"#C5C0BA"
"4177021805_4","4177021805_4.png",2,0.4212,43.1604529552945,0.756219227453235,12.1225789997049,"#6F6552"
"4177072411_1","4177072411_1.png",1,0.5072,80.8249936299339,0.273405422471476,1.09305674009138,"#CAC8C7"
"4177072411_1","4177072411_1.png",2,0.4928,59.3740863553818,0.591724321180919,8.1357930694514,"#968E81"
"4177072411_2","4177072411_2.png",1,0.4728,80.1304476603589,0.140208912115079,-0.166563964688426,"#C7C7C7"
"4177072411_2","4177072411_2.png",2,0.5272,60.7961079586072,1.26769516009363,5.4651127625991,"#999289"
"4177072411_3","4177072411_3.png",1,0.4062,77.6329441499158,0.380590316741356,-0.292977247726763,"#C0C0C0"
"4177072411_3","4177072411_3.png",2,0.5938,56.421913146193,0.865355884849073,5.56007880987151,"#8D867E"
"4400020068_1","4400020068_1.png",1,0.5022,70.4627699736039,-2.35825156796496,-5.83885320657964,"#A2AEB7"
"4400020068_1","4400020068_1.png",2,0.4978,49.6530056640062,-1.23586763101797,-4.96366938721972,"#70777E"
"4400020068_2","4400020068_2.png",1,0.5876,75.3930941680347,-3.14497673509529,-6.94258707829356,"#ADBCC6"
"4400020068_2","4400020068_2.png",2,0.4124,53.4368809525819,-1.74569756794785,-7.0803082603999,"#76818C"
"4400020068_3","4400020068_3.png",1,0.5934,73.6541059377694,-2.25462655119466,-5.01752737332013,"#ACB7BE"
"4400020068_3","4400020068_3.png",2,0.4066,58.5658870102902,-2.88915200982393,-7.31165851715413,"#818F99"
"4405138685_1","4405138685_1.png",1,0.3762,72.4239117239292,-2.52179411420872,-4.2396562271079,"#A9B3B9"
"4405138685_1","4405138685_1.png",2,0.6238,39.3612235790024,-2.31362542709217,-2.12032242569825,"#575E60"
"4407431064_1","4407431064_1.png",1,0.4894,66.1000648575953,-0.589942805422829,1.99777140155801,"#A1A19D"
"4407431064_1","4407431064_1.png",2,0.5106,44.7745959209638,-4.58850371043218,-2.4450855303934,"#5F6C6E"
"4407431064_2","4407431064_2.png",1,0.543,59.1021633707695,-1.43703520098883,11.1787766911678,"#948E7B"
"4407431064_2","4407431064_2.png",2,0.457,37.9343516016848,-0.844483559098139,13.823261759518,"#605943"
"4407473724_1","4407473724_1.png",1,0.7454,97.0347415814656,1.18207872040097,0.620599278949067,"#F9F6F5"
"4407473724_1","4407473724_1.png",2,0.2546,82.6095130031335,3.14667979272581,0.985081327235492,"#D5CCCC"
"4408602755_1","4408602755_1.png",1,0.483,74.5567979676392,8.38219559339664,18.1301562416932,"#D3B197"
"4408602755_1","4408602755_1.png",2,0.517,47.6300151273969,8.93315295597379,9.60962117381207,"#866B61"
"4409863827_1","4409863827_1.png",1,0.349,69.0986810547062,1.41033883653021,0.883411873464159,"#ACA8A7"
"4409863827_1","4409863827_1.png",2,0.651,45.2176691768609,3.36720093198456,0.618086040569212,"#71696A"
"4410007929_1","4410007929_1.png",1,0.4606,74.8529769729182,0.672742497521836,-2.03344568349245,"#B8B8BC"
"4410007929_1","4410007929_1.png",2,0.5394,48.6759797356492,1.78000062227993,-2.19591856857413,"#757377"
"4410110867_1","4410110867_1.png",1,0.5666,74.9638376472891,0.065615004260182,-1.54202695226557,"#B7B9BB"
"4410110867_1","4410110867_1.png",2,0.4334,55.1816436308475,0.517116325139878,-2.00744968677262,"#838488"
"4413708238_1","4413708238_1.png",1,0.6938,76.4413203128296,3.87636789353872,-2.69048124832354,"#C2BAC2"
"4413708238_1","4413708238_1.png",2,0.3062,43.67511185153,3.81244272538438,-4.5606326332089,"#6A656F"
"4413708238_2","4413708238_2.png",1,0.3306,59.9754495480368,0.62575490657618,-1.67205812574005,"#909093"
"4413708238_2","4413708238_2.png",2,0.6694,34.9001602444246,1.42742303815433,-4.8824965563616,"#51525A"
"4413708238_3","4413708238_3.png",1,0.3832,65.7505827478817,1.34429352872997,-0.778129544671491,"#A29FA1"
"4413708238_3","4413708238_3.png",2,0.6168,36.7216771834429,3.37172336247339,-2.18117540863052,"#5A555A"
"4413708238_4","4413708238_4.png",1,0.4172,83.0376054039512,2.53594793853712,-3.26530960735051,"#D1CDD5"
"4413708238_4","4413708238_4.png",2,0.5828,58.0296839236155,11.7812641754843,7.21518646585236,"#A4847F"
"4413809238_1","4413809238_1.png",1,0.5968,88.4613675487223,1.33900845503136,3.64622381538615,"#E4DDD7"
"4413809238_1","4413809238_1.png",2,0.4032,68.0324730834532,2.53041313262954,6.15078897815619,"#AFA49B"
"4413809238_2","4413809238_2.png",1,0.5894,89.8493937330163,0.986025003178706,2.75479097555317,"#E6E1DD"
"4413809238_2","4413809238_2.png",2,0.4106,72.5970309242434,1.71024301424257,4.37327930103141,"#B9B1AA"
"4413959305_1","4413959305_1.png",1,0.62,74.1049529311686,0.845221540710327,-0.380672274199161,"#B7B6B7"
"4413959305_1","4413959305_1.png",2,0.38,49.8585526657976,1.77956274532814,0.307194230138742,"#7A7676"
"4416681254_1","4416681254_1.png",1,0.5892,79.1259255325876,2.94115649783127,-2.58770455783795,"#C7C2C9"
"4416681254_1","4416681254_1.png",2,0.4108,61.4373080379794,3.61134006063672,-2.30779296666802,"#999298"
"4416687145_1","4416687145_1.png",1,0.465,58.6607922916206,2.28278511854112,4.12995815045594,"#948C86"
"4416687145_1","4416687145_1.png",2,0.535,36.8615214087843,3.35707611874657,8.79396678628824,"#625449"
"4416687145_2","4416687145_2.png",1,0.6672,75.393869913599,1.03656551539515,-1.5438298454796,"#BAB9BD"
"4416687145_2","4416687145_2.png",2,0.3328,33.9575745789605,4.21287668746452,5.20572957591307,"#5A4D48"
"4416687145_3","4416687145_3.png",1,0.4522,80.4001094580149,0.143901857837906,-0.79943372658242,"#C7C7C9"
"4416687145_3","4416687145_3.png",2,0.5478,55.4385719177023,1.61794782335278,-1.60233760998725,"#868488"
"4416687145_4","4416687145_4.png",1,0.727,66.0518364164527,1.90998322488811,5.80525039634274,"#A89F96"
"4416687145_4","4416687145_4.png",2,0.273,27.7875292860543,5.24475322120088,10.9798094498615,"#4F3E31"
"4416687145_5","4416687145_5.png",1,0.5166,73.1431048699019,1.44971740840159,2.05038844950416,"#B8B3B0"
"4416687145_5","4416687145_5.png",2,0.4834,48.3064891774096,1.89781812720301,5.88579497988332,"#7A7169"
"4416809224_1","4416809224_1.png",1,0.4572,79.7099150193473,-1.25888232888134,-6.39981815985225,"#BDC7D1"
"4416809224_1","4416809224_1.png",2,0.5428,43.753358773372,-0.11426357260413,-3.33135341862052,"#65686D"
"4417114556_1","4417114556_1.png",1,0.5692,73.663720908466,-1.42358683976181,-6.12655618181686,"#ADB6C0"
"4417114556_1","4417114556_1.png",2,0.4308,55.1779441043521,-0.975887265121718,-7.14686378794137,"#7C8590"
"4420688146_1","4420688146_1.png",1,0.5162,86.7355171973679,9.37911443462152,3.47446418191217,"#EED3D3"
"4420688146_1","4420688146_1.png",2,0.4838,44.4450614056347,-2.26094156960478,20.5022058479175,"#726947"
"4420688146_2","4420688146_2.png",1,0.576,61.0625480907745,4.19324684010897,2.38608673521183,"#9D918F"
"4420688146_2","4420688146_2.png",2,0.424,39.5250227012826,-27.6021683983489,25.0350611397311,"#3A6832"
"4420688146_3","4420688146_3.png",1,0.382,74.8596260718811,2.13331196163615,8.96735125545141,"#C3B6A8"
"4420688146_3","4420688146_3.png",2,0.618,57.278672177952,2.1674803349937,8.10437054757115,"#93887C"
"4420701729_1","4420701729_1.png",1,0.5862,86.0385473347658,-1.1118312140837,-5.55645644747841,"#D0D8E2"
"4420701729_1","4420701729_1.png",2,0.4138,64.8907201555461,-1.95247526486493,-5.78598041648899,"#949FA8"
"4420701729_2","4420701729_2.png",1,0.5876,82.360157002721,-0.177496033896914,-7.09860679174961,"#C6CEDA"
"4420701729_2","4420701729_2.png",2,0.4124,56.8534916941395,-0.622726585905651,-8.62369764503853,"#7F8997"
"4420701729_3","4420701729_3.png",1,0.5992,82.7536451580618,0.579300263887921,-8.08144823451821,"#C8CEDD"
"4420701729_3","4420701729_3.png",2,0.4008,57.1289215663478,-0.235829112055015,-9.53424908594593,"#808A9A"
"4420701729_4","4420701729_4.png",1,0.633,83.9049152768574,-1.20368144501704,-4.6828700571794,"#CAD2DA"
"4420701729_4","4420701729_4.png",2,0.367,63.131910733176,-0.879372373838513,-5.72234718814149,"#929AA3"
"4421054777_1","4421054777_1.png",1,0.6314,79.5379173410959,1.45360819281211,5.40764285546974,"#CCC4BB"
"4421054777_1","4421054777_1.png",2,0.3686,53.3341404473655,2.22484653749496,6.56688494341646,"#887E74"
"4424687994_1","4424687994_1.png",1,0.5802,76.9851115172593,-1.08907003507026,4.39249875652825,"#C0BEB6"
"4424687994_1","4424687994_1.png",2,0.4198,47.5514612350974,-1.72079200650099,6.2290042020998,"#727166"
"4430401886_1","4430401886_1.png",1,0.5802,83.2774339103662,2.60353211464935,4.10053494191758,"#D8CEC8"
"4430401886_1","4430401886_1.png",2,0.4198,46.3697801305033,7.25047903347209,9.04789939997464,"#80695F"
"4430401886_2","4430401886_2.png",1,0.468,81.8795087063253,2.26018096991631,1.02640352132554,"#D1CACA"
"4430401886_2","4430401886_2.png",2,0.532,52.2430983184855,4.7926294577503,2.98923674626764,"#877A78"
"4430599563_1","4430599563_1.png",1,0.4638,76.2691006894888,0.359416038225647,0.870968176295208,"#BDBCBA"
"4430599563_1","4430599563_1.png",2,0.5362,36.028518196245,1.74754420226976,-2.71961406373096,"#565459"
"4430599563_2","4430599563_2.png",1,0.5788,73.7285639363935,0.0589544591756772,1.24679123704627,"#B6B5B3"
"4430599563_2","4430599563_2.png",2,0.4212,25.5221526976044,0.779397791713182,-4.23634346883601,"#3B3C43"
"4430638430_1","4430638430_1.png",1,0.5746,71.5519992801845,-1.64636414937163,-8.26084820070004,"#A4B1BE"
"4430638430_1","4430638430_1.png",2,0.4254,45.2683905433377,-3.25327171422354,-12.5127929179518,"#596E80"
"4430642614_1","4430642614_1.png",1,0.5926,81.4236476935778,-0.245296876364643,-0.0816107938068116,"#CACACA"
"4430642614_1","4430642614_1.png",2,0.4074,62.2544666214452,0.676855863517807,2.41787230395732,"#9A9692"
"4430642614_2","4430642614_2.png",1,0.7014,85.7740388716936,0.27030153990856,-0.0131677565658323,"#D7D6D6"
"4430642614_2","4430642614_2.png",2,0.2986,62.6106660764423,0.652765387469047,0.677936125507779,"#999796"
"4430717794_1","4430717794_1.png",1,0.6162,74.0457960004146,1.81603646036812,5.00721698382468,"#BDB5AD"
"4430717794_1","4430717794_1.png",2,0.3838,55.6369085045463,3.18483405046689,7.54321615391606,"#908378"
"4430787289_1","4430787289_1.png",1,0.653,87.7809146870047,0.395277121586712,1.89983855341164,"#DEDCD8"
"4430787289_1","4430787289_1.png",2,0.347,70.7202160587199,1.43934598265156,5.62686254671163,"#B4ACA3"
"4436442118_1","4436442118_1.png",1,0.633,75.4463030438554,0.419775951336933,0.384175913145435,"#BBBAB9"
"4436442118_1","4436442118_1.png",2,0.367,56.3257789832967,1.21552236015299,-0.626697067868265,"#898688"
"4436442118_2","4436442118_2.png",1,0.634,77.1761075633799,0.483126227554943,-0.279771502859331,"#BFBEBF"
"4436442118_2","4436442118_2.png",2,0.366,57.3390641386511,1.14486177755844,-0.505810446768149,"#8B898B"
"4438765143_1","4438765143_1.png",1,0.6056,65.9701888379833,1.01194380840423,-1.22051595222875,"#A1A0A2"
"4438765143_1","4438765143_1.png",2,0.3944,27.9871923132763,4.91607654788491,-2.2152957188379,"#484046"
"4440826970_1","4440826970_1.png",1,0.5488,79.4247868014399,-1.65738300171949,-0.101274430869374,"#C1C6C5"
"4440826970_1","4440826970_1.png",2,0.4512,45.6791103138749,-1.52863196889574,3.2112991060004,"#6C6D67"
"4440922775_1","4440922775_1.png",1,0.6512,88.5389469122539,-0.773468164964597,0.747003218058745,"#DDDFDD"
"4440922775_1","4440922775_1.png",2,0.3488,38.2800819984759,5.1932566638694,9.6168196438325,"#68574B"
"4442671402_1","4442671402_1.png",1,0.641,76.0701177513535,-0.829374564055717,-3.09559354483103,"#B7BCC1"
"4442671402_1","4442671402_1.png",2,0.359,61.9228045676999,0.219409393954446,-1.39592700536619,"#959698"
"4442671402_2","4442671402_2.png",1,0.5398,77.1541708978187,-4.33517906190237,-12.8563074988809,"#A9C2D6"
"4442671402_2","4442671402_2.png",2,0.4602,65.1523323035728,-4.87363380036826,-16.8167181868422,"#82A2BC"
"4453680267_1","4453680267_1.png",1,0.3386,83.1666006316937,-0.49284990373855,-3.54883362553895,"#CBD0D6"
"4453680267_1","4453680267_1.png",2,0.6614,63.3570877800424,0.73127574658725,-3.2384294311533,"#98999F"
"4453726753_1","4453726753_1.png",1,0.6338,74.0236248614222,3.14523108437888,4.40665999718474,"#BFB4AE"
"4453726753_1","4453726753_1.png",2,0.3662,52.2973034199462,5.46479784240178,8.6383142915175,"#8C796E"
"4454005444_1","4454005444_1.png",1,0.6538,89.8968037324019,1.71195902412764,0.632203651844154,"#E6E1E1"
"4454005444_1","4454005444_1.png",2,0.3462,59.1014153482799,7.64514030499553,0.13578002496958,"#9C8A8E"
"4454090368_1","4454090368_1.png",1,0.786,84.7830564804656,4.1112014689563,2.8112504773806,"#DED1CF"
"4454090368_1","4454090368_1.png",2,0.214,62.2545503946499,8.05471825837728,6.55541313928199,"#A9918B"
"4454090368_2","4454090368_2.png",1,0.7746,83.1944245112756,4.04997383339056,1.78227365946536,"#D9CDCC"
"4454090368_2","4454090368_2.png",2,0.2254,65.5400443028375,6.05782654975711,4.72063926520853,"#AE9B97"
"4459425151_1 - Copy","4459425151_1 - Copy.png",1,0.7572,96.9936391579033,1.11177153114328,0.707417522772484,"#F9F6F5"
"4459425151_1 - Copy","4459425151_1 - Copy.png",2,0.2428,82.3538300145509,2.87790741536868,1.26105418129825,"#D4CBCB"
"4459425151_1","4459425151_1.png",1,0.7618,96.7721187215945,1.12299124215848,0.725347029710667,"#F9F5F4"
"4459425151_1","4459425151_1.png",2,0.2382,82.0413963902591,2.89030555075579,1.27451863565037,"#D3CACA"
"4459935914_1","4459935914_1.png",1,0.499,65.8935297291769,-0.692024046892092,1.36590943703922,"#A0A09E"
"4459935914_1","4459935914_1.png",2,0.501,44.1232962343662,-4.89463066591614,-1.16147874719025,"#5E6B6A"
"4459935914_2","4459935914_2.png",1,0.814,53.4007940812818,-1.54520267505496,9.34646318135643,"#848070"
"4459935914_2","4459935914_2.png",2,0.186,34.5318239181627,-2.24629692037984,32.3518864524038,"#5C511B"
"4460445179_1","4460445179_1.png",1,0.7634,79.7100168612297,-0.293633206507025,-3.81201821878173,"#C2C6CD"
"4460445179_1","4460445179_1.png",2,0.2366,56.547360068903,0.343919140875921,-7.02845619124141,"#828894"
"4460824850_1","4460824850_1.png",1,0.7768,82.6757789103679,1.01944378625341,-0.611694700164512,"#CFCDCF"
"4460824850_1","4460824850_1.png",2,0.2232,47.6802022623372,2.43316693754039,-1.36180176455872,"#747073"
"4460824850_2","4460824850_2.png",1,0.895,71.5049603235474,-1.26226964640609,0.632648032424973,"#ADB0AE"
"4460824850_2","4460824850_2.png",2,0.105,47.6098743922206,41.1124150167739,2.40142819008666,"#B0526E"
"4460824850_3","4460824850_3.png",1,0.6442,91.9695591712965,-6.65498439573134,-3.82912342388533,"#D6ECEF"
"4460824850_3","4460824850_3.png",2,0.3558,65.8216862965412,-3.59642028632917,-5.65547677582155,"#94A2AA"
"4462237404_1","4462237404_1.png",1,0.2708,76.8290285951132,-0.0572695678717789,1.59295418590937,"#BFBEBB"
"4462237404_1","4462237404_1.png",2,0.7292,50.2708088163026,-1.06789957857585,2.37875650845431,"#787874"
"4465765015_1","4465765015_1.png",1,0.6326,76.4514780764175,1.67198905541254,-0.496622022366024,"#BFBCBE"
"4465765015_1","4465765015_1.png",2,0.3674,52.4070969410393,0.471016083226896,0.951437254927162,"#7F7D7B"
"4510314411_1","4510314411_1.png",1,0.7444,79.5203039655359,-3.3222411552835,-6.72965710710442,"#B8C7D1"
"4510314411_1","4510314411_1.png",2,0.2556,62.8039567875568,-3.41725229026153,-7.4659211899224,"#8A9AA5"
"4525117373_1","4525117373_1.png",1,0.4652,69.3777925185474,1.57653992891533,2.17905812418003,"#AEA8A6"
"4525117373_1","4525117373_1.png",2,0.5348,31.0299344631895,4.15738612149606,2.07775604101685,"#514746"
"4525118695_1","4525118695_1.png",1,0.6952,85.1206925647828,-0.848052332153463,3.27857784630339,"#D6D5CE"
"4525118695_1","4525118695_1.png",2,0.3048,31.8715858218162,6.22246776738881,8.61194496386348,"#59473E"
"4525123738_1","4525123738_1.png",1,0.7118,83.8828795987977,-0.931051487408058,-6.87249472833646,"#C9D2DE"
"4525123738_1","4525123738_1.png",2,0.2882,64.1420672405344,-0.0348507124563505,-4.90695136093821,"#979CA4"
"4525281316_1","4525281316_1.png",1,0.5858,75.4807158885552,0.418837328921594,-12.4875340134814,"#AFBBD1"
"4525281316_1","4525281316_1.png",2,0.4142,48.1191758512846,0.128773780079002,-10.9082222628621,"#697384"
"4528104303_1","4528104303_1.png",1,0.565,78.0608982065296,-0.105579318080893,2.18037789556207,"#C3C1BD"
"4528104303_1","4528104303_1.png",2,0.435,42.814888162647,-1.25983922167329,2.96085502922532,"#656660"
"4528104303_2","4528104303_2.png",1,0.6278,79.7695629748713,-0.302765171197054,1.26325125398971,"#C6C6C3"
"4528104303_2","4528104303_2.png",2,0.3722,44.0421200956658,-0.95450205409867,1.36754493569656,"#676966"
"4597184392_1","4597184392_1.png",1,0.65,77.5902433259029,-0.419837714606688,1.75494318893405,"#C0C0BC"
"4597184392_1","4597184392_1.png",2,0.35,54.4317381937301,-0.450981956845955,1.55461164719768,"#83827F"
"4597518748_1","4597518748_1.png",1,0.5112,82.5553574323406,4.51019586783554,-0.83651490625477,"#D5CBCF"
"4597518748_1","4597518748_1.png",2,0.4888,60.0334183336832,7.73069449610426,-1.03440126791944,"#9E8C93"
"4597518748_2","4597518748_2.png",1,0.433,78.2931573754707,5.06618606560762,-1.43739620472493,"#CABFC4"
"4597518748_2","4597518748_2.png",2,0.567,56.3433576937256,4.62897446265268,0.434420391171268,"#908486"
"4597518748_3","4597518748_3.png",1,0.4584,80.8677861110461,5.96358078147252,-0.751387196230569,"#D4C5CA"
"4597518748_3","4597518748_3.png",2,0.5416,60.2951454402131,7.74267172100793,-1.7707149215403,"#9E8D95"
"4599801235_1","4599801235_1.png",1,0.7192,79.6953081920291,-0.65077441245748,0.553933616992887,"#C5C6C4"
"4599801235_1","4599801235_1.png",2,0.2808,46.6607058233311,-0.624555420254238,3.36910452493506,"#706F69"
"4599801235_10","4599801235_10.png",1,0.633,83.2280244708645,0.562266409487208,-1.82353283722365,"#CFCFD3"
"4599801235_10","4599801235_10.png",2,0.367,56.3212674821098,5.97054359010136,6.03890160553027,"#96837D"
"4599801235_2","4599801235_2.png",1,0.645,78.8329304568434,-0.372492346885155,1.31809338514268,"#C3C3C1"
"4599801235_2","4599801235_2.png",2,0.355,40.3217858837361,-0.263468710215233,-0.478227947414879,"#5E5F60"
"4599801235_3","4599801235_3.png",1,0.5328,87.2855072208588,1.36265825761197,-2.52021602558875,"#DBDADF"
"4599801235_3","4599801235_3.png",2,0.4672,54.4744562788998,6.12975789003517,-6.55833347990291,"#887F8E"
"4599801235_4","4599801235_4.png",1,0.6174,86.656427730799,0.225577897440994,-1.86881521555261,"#D8D9DC"
"4599801235_4","4599801235_4.png",2,0.3826,56.7439699025826,1.86414431160956,-4.85785363079688,"#878791"
"4599801235_5","4599801235_5.png",1,0.6224,88.1698230732557,0.32772251152569,-2.61694570828824,"#DBDDE2"
"4599801235_5","4599801235_5.png",2,0.3776,54.5514052019452,3.37622408357866,-0.908496058824178,"#888184"
"4599801235_6","4599801235_6.png",1,0.7,79.5930249904922,0.90444648046645,1.30349791605706,"#C8C5C3"
"4599801235_6","4599801235_6.png",2,0.3,53.3846338721949,4.26590632729653,3.19014611120319,"#897D7A"
"4599801235_8","4599801235_8.png",1,0.373,83.7229074407376,0.40161495465704,4.45288672665538,"#D5D0C8"
"4599801235_8","4599801235_8.png",2,0.627,50.1466805112082,2.78045772726822,6.35422103285532,"#81756D"
"4600015257_1","4600015257_1.png",1,0.6332,81.0419751895702,1.44203040262605,9.68748742181388,"#D4C8B7"
"4600015257_1","4600015257_1.png",2,0.3668,57.6271905972645,5.55653837526414,13.7340825025648,"#9D8673"
"4607314938_1","4607314938_1.png",1,0.514,71.3545855496643,0.249059342237945,1.99777429067477,"#B1AEAB"
"4607314938_1","4607314938_1.png",2,0.486,36.3507921228621,-0.743919969783758,4.968173259846,"#58564E"
"4851906758_1","4851906758_1.png",1,0.5758,76.2552794300294,0.631058265865798,3.95917617202096,"#C0BBB5"
"4851906758_1","4851906758_1.png",2,0.4242,54.9096641700318,1.36925965474606,9.29241313970346,"#8C8274"
"4851906758_4","4851906758_4.png",1,0.5128,82.1541118535068,1.7454683726214,1.11436505220926,"#D1CBCA"
"4851906758_4","4851906758_4.png",2,0.4872,61.3839404928518,3.75724452318187,6.83575544266555,"#A09288"
"4851972343_1","4851972343_1.png",1,0.5718,80.6686389412839,0.0436988109252276,-3.32674977511577,"#C5C8CE"
"4851972343_1","4851972343_1.png",2,0.4282,64.012337934576,1.23988909489233,-3.63597418060917,"#9A9BA2"
"4852441331_1","4852441331_1.png",1,0.7482,82.1306865172294,0.892488688381274,0.609712731322236,"#CFCCCB"
"4852441331_1","4852441331_1.png",2,0.2518,48.9078006073319,4.49563443615568,4.75143480213041,"#7F716C"
"4852894072_1","4852894072_1.png",1,0.52,77.0903330696069,1.25416816738634,-7.86978881001171,"#BABECD"
"4852894072_1","4852894072_1.png",2,0.48,58.305927289601,3.45135148447264,-7.55845137762821,"#8C8B99"
"4863402504_1","4863402504_1.png",1,0.4088,57.6465770881495,0.837483158553272,0.000854817348346379,"#8C8A8A"
"4863402504_1","4863402504_1.png",2,0.5912,41.0471932165086,0.0405006015775176,0.260392736760843,"#616160"
"4863402504_2","4863402504_2.png",1,0.4228,56.6955538444475,0.953722386692606,0.453553621131489,"#8A8787"
"4863402504_2","4863402504_2.png",2,0.5772,42.3885418589917,0.0815506334577374,0.534019630554945,"#656463"
"4863774303_1","4863774303_1.png",1,0.5598,78.7615637413147,0.204410965849037,0.180111119093039,"#C3C3C3"
"4863774303_1","4863774303_1.png",2,0.4402,56.8888133842258,1.06773529509238,-1.1549905020348,"#8A888B"
"4863774303_2","4863774303_2.png",1,0.5022,78.0355551809604,0.566043782718337,1.89074515282059,"#C4C0BD"
"4863774303_2","4863774303_2.png",2,0.4978,60.6599787188945,0.686059580917369,0.517011350156527,"#949291"
"4863774303_3","4863774303_3.png",1,0.5664,81.1062037586467,0.534941854732549,-0.415408630115609,"#CAC9CA"
"4863774303_3","4863774303_3.png",2,0.4336,50.8483278252131,1.73939779376918,-3.86959705362097,"#797880"
"4867643958_1","4867643958_1.png",1,0.6084,71.0064259082744,0.717720302656545,-5.39481236447302,"#AAAEB8"
"4867643958_1","4867643958_1.png",2,0.3916,57.1152103979863,1.30087177100073,-5.74480289030591,"#878993"
"4872056973_1","4872056973_1.png",1,0.4888,59.6429297969723,-0.753668973624869,2.42472647508983,"#90908B"
"4872056973_1","4872056973_1.png",2,0.5112,46.2007098760348,0.463860510169752,2.9341439125351,"#706D69"
"4872575094_1","4872575094_1.png",1,0.5472,85.0252437358186,2.27976502777345,4.67331267998154,"#DDD3CC"
"4872575094_1","4872575094_1.png",2,0.4528,56.2722970368436,4.48501703288618,3.32531128933123,"#918481"
"4875117150_1","4875117150_1.png",1,0.7768,86.3486320246294,1.67789720621996,-0.0574027752882394,"#DBD7D8"
"4875117150_1","4875117150_1.png",2,0.2232,55.2861207838363,4.55363363840865,3.1683021419392,"#8F827F"
"4875420460_1","4875420460_1.png",1,0.823,80.8263791037651,2.18544896031311,1.91637413898537,"#CEC7C5"
"4875420460_1","4875420460_1.png",2,0.177,48.9942379677291,5.31968892253421,2.9934556172886,"#807170"
"4882502441_1","4882502441_1.png",1,0.774,82.0973622848248,3.49116859623584,-7.31317387365625,"#CCCBDA"
"4882502441_1","4882502441_1.png",2,0.226,55.896878161464,4.23760773060903,-2.18114775688907,"#8C848A"
"4883641127_1","4883641127_1.png",1,0.614,78.9907967745582,1.15553087297151,3.71371438847575,"#C9C3BD"
"4883641127_1","4883641127_1.png",2,0.386,51.9092321759366,2.60411090949884,5.26026613336665,"#847A73"
"4883641127_2","4883641127_2.png",1,0.5638,76.101968909279,1.23673012966201,0.822365602914313,"#BFBBBA"
"4883641127_2","4883641127_2.png",2,0.4362,53.1539595630818,2.72028688357544,0.419580255756461,"#847D7E"
"4883641127_3","4883641127_3.png",1,0.6432,83.9276706188059,0.552861004788506,0.116424237274731,"#D2D1D1"
"4883641127_3","4883641127_3.png",2,0.3568,52.6698964748027,3.01105813567653,-1.48276644262328,"#827C80"
"4883641127_4","4883641127_4.png",1,0.587,85.2783465384119,2.27057392423776,1.86972402320195,"#DBD4D2"
"4883641127_4","4883641127_4.png",2,0.413,55.3782337824354,4.67813073588212,0.074768842871657,"#8D8285"
"4891934074_1","4891934074_1.png",1,0.7272,87.7566535504238,2.47361490379928,-1.53676741544346,"#E0DBDF"
"4891934074_1","4891934074_1.png",2,0.2728,54.8278697586372,0.858894035235927,-1.27636588953269,"#848385"
"4901293013_1","4901293013_1.png",1,0.6236,70.7982708806728,0.821907093260821,1.05448712358404,"#B0ADAB"
"4901293013_1","4901293013_1.png",2,0.3764,42.1102617455441,1.59955641112116,3.74687022449877,"#69625D"
"4901449541_1","4901449541_1.png",1,0.6314,91.0894038295346,-1.97495619847633,-4.33590337450222,"#DDE7EE"
"4901449541_1","4901449541_1.png",2,0.3686,76.5222935259246,-1.01552792318863,-4.95674852146733,"#B6BEC6"
"4901588463_1","4901588463_1.png",1,0.6562,84.5831280949598,0.0404702695384117,-3.79884775984007,"#D0D3DA"
"4901588463_1","4901588463_1.png",2,0.3438,61.7172642489236,1.07582388975964,-2.4881128390059,"#959599"
"4901818403_1","4901818403_1.png",1,0.777,86.3340403773676,1.71881011577686,0.0813843589108964,"#DBD7D8"
"4901818403_1","4901818403_1.png",2,0.223,66.8939619403769,3.76707350495608,4.3078294586227,"#ADA09B"
"4901818403_2","4901818403_2.png",1,0.762,83.341604129581,1.06001553404581,0.0988929225608445,"#D2CFCF"
"4901818403_2","4901818403_2.png",2,0.238,67.4750304082769,2.61133647906474,2.7814110580355,"#ABA39F"
"4901891788_1","4901891788_1.png",1,0.6788,76.8387725948614,3.66665451707192,12.1648646433015,"#CEBBA7"
"4901891788_1","4901891788_1.png",2,0.3212,57.5528946582468,3.86931432041057,11.0256300832603,"#998777"
"4901891788_2","4901891788_2.png",1,0.5896,81.2714040754018,1.48428196335295,6.1009866900402,"#D2C9BF"
"4901891788_2","4901891788_2.png",2,0.4104,69.5963452250474,0.928246528104416,2.93644165290484,"#AEA9A5"
"4902065322_1","4902065322_1.png",1,0.6804,65.4883737245825,0.788862275233792,-0.91431889516476,"#A09FA1"
"4902065322_1","4902065322_1.png",2,0.3196,44.2914499584085,1.34889131256355,-0.682531337337262,"#6B686A"
"4903906659_1","4903906659_1.png",1,0.644,80.9076430385941,-0.467456937471871,-4.4357280339313,"#C4C9D1"
"4903906659_1","4903906659_1.png",2,0.356,46.0725647869699,0.439746906071665,-4.60138754656165,"#6A6D75"
"4904216544_1","4904216544_1.png",1,0.744,86.7507225422986,0.0382116928327881,-10.1869357137317,"#D0DAEC"
"4904216544_1","4904216544_1.png",2,0.256,53.9725977265999,3.04815033008199,-9.4963144020291,"#7E8091"
"4904216544_2","4904216544_2.png",1,0.6756,75.1633127012275,1.07695079363485,-0.734600285177652,"#BAB8BA"
"4904216544_2","4904216544_2.png",2,0.3244,34.4356062502717,6.13823908718315,8.71644760604699,"#604D43"
"4904226480_1","4904226480_1.png",1,0.5714,73.7939950313716,0.125985281380712,-4.84098973171325,"#B1B6BE"
"4904226480_1","4904226480_1.png",2,0.4286,35.3237930307908,6.36260669341278,4.38487559918007,"#604F4C"
"4908273406_1","4908273406_1.png",1,0.5778,81.7886407338623,0.898261032605741,-1.11627873993732,"#CCCBCD"
"4908273406_1","4908273406_1.png",2,0.4222,58.1107633265021,1.55285858123669,0.0626673914023304,"#8F8B8C"
"4908545970_1","4908545970_1.png",1,0.8382,82.6960014894371,0.802407515450097,-3.25469208588682,"#CDCED4"
"4908545970_1","4908545970_1.png",2,0.1618,64.0389027924762,3.64995730499681,4.05681472492054,"#A59994"
"4911026738_1","4911026738_1.png",1,0.6842,74.0423702268667,0.481147294749966,-0.839698967501755,"#B6B6B8"
"4911026738_1","4911026738_1.png",2,0.3158,48.1184061897738,2.85296294139138,-1.3101185979878,"#767174"
"4919305517_1","4919305517_1.png",1,0.6132,76.5530132662828,1.36354742267027,-2.84414889310154,"#BDBCC2"
"4919305517_1","4919305517_1.png",2,0.3868,65.2177290150953,3.06899162530312,-2.79773516528649,"#A29DA3"
"4919305517_2","4919305517_2.png",1,0.482362821948488,76.9748596572261,0.419824264372745,-1.4977773301667,"#BEBEC1"
"4919305517_2","4919305517_2.png",2,0.517637178051512,69.4524906997227,0.757532772492666,-0.362120533088591,"#ABA9AA"
"4919305517_3","4919305517_3.png",1,0.5216,78.2049648133483,0.25877887505244,-3.4269309376797,"#BFC1C8"
"4919305517_3","4919305517_3.png",2,0.4784,65.7049248031221,1.72928299701503,-2.63441122415136,"#A19FA4"
"4919305517_4","4919305517_4.png",1,0.5386,79.8648371906574,0.32356549999813,-3.24271608884737,"#C4C6CC"
"4919305517_4","4919305517_4.png",2,0.4614,63.931465539919,0.902025234567975,-2.45164128117238,"#9B9B9F"
"4919305517_5","4919305517_5.png",1,0.7314,70.2489102083405,2.48226483600967,-3.35690652481491,"#AEABB2"
"4919305517_5","4919305517_5.png",2,0.2686,51.9687624913253,5.21353917305364,-3.65304010364944,"#827982"
"4921568157_1","4921568157_1.png",1,0.5816,86.4992015176197,-1.42850469357823,3.86036876990032,"#D9D9D1"
"4921568157_1","4921568157_1.png",2,0.4184,54.7147600892882,-0.0498060650833521,1.30754739921871,"#848381"
"4921639469_1","4921639469_1.png",1,0.6024,83.6478546171552,0.875227305668331,5.39792762399454,"#D7D0C6"
"4921639469_1","4921639469_1.png",2,0.3976,64.4983412833127,0.974729274163414,8.02791819757514,"#A49B8E"
"4921856906_1","4921856906_1.png",1,0.6454,91.909704403396,1.74466416883509,9.38164056017527,"#F3E6D6"
"4921856906_1","4921856906_1.png",2,0.3546,78.7552070856279,3.3142417662379,10.3338457542487,"#D1C0B0"
"4921952348_1","4921952348_1.png",1,0.4522,68.2465703943903,1.39338425414307,13.9560149913512,"#B3A58D"
"4921952348_1","4921952348_1.png",2,0.5478,42.4855242753724,0.0638763240221626,5.58672052493323,"#68645B"
"4921952348_2","4921952348_2.png",1,0.6652,62.5246564225212,1.10164776944213,8.58574283661812,"#A09688"
"4921952348_2","4921952348_2.png",2,0.3348,42.8858247693772,0.304118700428647,10.8408600839686,"#6D6453"
"4921952348_3","4921952348_3.png",1,0.5976,70.700793008922,4.16592100646005,5.77615564225793,"#B9AAA3"
"4921952348_3","4921952348_3.png",2,0.4024,51.1799056181882,4.14731347643568,6.56147890916134,"#86776F"
"4922021375_1","4922021375_1.png",1,0.5484,81.297718973089,0.738211682273851,9.63506650548639,"#D3C9B8"
"4922021375_1","4922021375_1.png",2,0.4516,56.8674883761331,1.82644464595258,5.46507898595698,"#90877F"
"4922021375_2","4922021375_2.png",1,0.6012,83.6162412273866,1.22219476706572,8.03593605917376,"#D9CFC1"
"4922021375_2","4922021375_2.png",2,0.3988,59.4625907562786,1.48864855302165,3.29095954736498,"#948E89"
"4922021375_3","4922021375_3.png",1,0.697,85.9319516946543,-0.471387354928667,0.155546522279557,"#D6D7D7"
"4922021375_3","4922021375_3.png",2,0.303,58.4890930884759,0.661269983296349,4.76509714269069,"#918C84"
"4922021375_6","4922021375_6.png",1,0.7832,83.4650379989918,-0.16921758826601,-3.34185925755817,"#CDD0D6"
"4922021375_6","4922021375_6.png",2,0.2168,60.8496252428067,1.29831759160633,0.368092916715441,"#959292"
"4923625233_1","4923625233_1.png",1,0.686,64.5261278691788,2.1634557324541,0.825409496083823,"#A19B9B"
"4923625233_1","4923625233_1.png",2,0.314,41.9502866448313,4.01440200646829,2.79157587542106,"#6C615F"
"4923856289_1","4923856289_1.png",1,0.6188,81.9715711890107,1.03111029781966,-4.54197404835274,"#CACCD4"
"4923856289_1","4923856289_1.png",2,0.3812,50.4046503617729,1.83616160314217,-3.21020470801066,"#79777D"
"4923899994_1","4923899994_1.png",1,0.6704,84.8316784873148,-0.203778630454493,3.06521961690258,"#D6D4CE"
"4923899994_1","4923899994_1.png",2,0.3296,65.7294647924225,1.52602837665745,7.45902551522043,"#A89E92"
"4923987644_1","4923987644_1.png",1,0.7512,75.6361439209595,1.63284706826855,2.01911424836435,"#BFB9B7"
"4923987644_1","4923987644_1.png",2,0.2488,46.0972893314417,3.22333810383953,5.70513214717569,"#776B64"
"4925858761_1","4925858761_1.png",1,0.7144,61.4207878881761,1.14254235848973,2.30522337958046,"#989390"
"4925858761_1","4925858761_1.png",2,0.2856,29.5182097991675,8.91959040929027,12.171203486031,"#594033"
"4925926882_1","4925926882_1.png",1,0.62,80.0832059876952,4.5896893701962,6.42540705207027,"#D4C3BB"
"4925926882_1","4925926882_1.png",2,0.38,65.5130252182345,7.30858176985288,7.40961813418262,"#B19A92"
"4925926882_2","4925926882_2.png",1,0.652,80.7040015332706,5.50128523870103,5.35042442333905,"#D7C5BF"
"4925926882_2","4925926882_2.png",2,0.348,63.5987751968656,8.59797207030419,8.69596236058564,"#AF948B"
"4925926882_3","4925926882_3.png",1,0.5812,70.4684726308442,0.839246070990934,-3.42600075756164,"#ABACB3"
"4925926882_3","4925926882_3.png",2,0.4188,53.7061714337832,0.979555483258611,-1.07934920075864,"#818082"
"4932522563_1","4932522563_1.png",1,0.3374,84.1127566612803,2.65219361425807,-4.94140271466421,"#D3D1DB"
"4932522563_1","4932522563_1.png",2,0.6626,70.2956388240182,2.78117971417425,-5.94411644527448,"#ACABB7"
"4936020073_1","4936020073_1.png",1,0.7882,79.729659096868,-1.23904264983606,-7.30066376581745,"#BCC7D3"
"4936020073_1","4936020073_1.png",2,0.2118,50.7891200412316,2.6304849127867,-14.9217612274994,"#707992"
"4936020073_2","4936020073_2.png",1,0.7038,80.7688610389689,-1.75610888758866,-6.22898009242399,"#BFCAD4"
"4936020073_2","4936020073_2.png",2,0.2962,52.7606734775022,1.63303755712945,-11.2700373066276,"#777E91"
"4936784539_1","4936784539_1.png",1,0.5196,71.130211314261,1.5187049399252,4.10057914683078,"#B4ADA7"
"4936784539_1","4936784539_1.png",2,0.4804,48.8032470788751,1.73219107893318,4.10943953843989,"#7A736D"
"4936784539_2","4936784539_2.png",1,0.4912,82.6629658019539,1.07842583796073,1.53335122647161,"#D1CDCB"
"4936784539_2","4936784539_2.png",2,0.5088,53.5483446130741,1.60294168857195,3.06468561912093,"#857F7B"
"4937103993_1","4937103993_1.png",1,0.289,83.5727756325025,1.18286354085639,9.88595174040882,"#DACFBE"
"4937103993_1","4937103993_1.png",2,0.711,52.6921398466362,1.12309388354439,6.91194639666469,"#857D72"
"4945522059_1","4945522059_1.png",1,0.427,78.5346300608411,1.93178317118628,0.52188666044935,"#C6C1C1"
"4945522059_1","4945522059_1.png",2,0.573,39.0835007698265,5.11431446982562,3.35063367286516,"#675957"
"4945622066_1","4945622066_1.png",1,0.6524,87.024158908284,2.0047205196667,4.77699655873853,"#E2D8D1"
"4945622066_1","4945622066_1.png",2,0.3476,56.1242590244237,3.40462012765635,7.82111705495841,"#928479"
"4945622066_2","4945622066_2.png",1,0.642,83.9764268630669,2.07441741369307,6.00218868352861,"#DAD0C6"
"4945622066_2","4945622066_2.png",2,0.358,54.7520498208918,3.22000113283817,10.2778807293105,"#908171"
"4945673708_1","4945673708_1.png",1,0.7074,79.6408321894526,1.28578088776103,-0.179756760825328,"#C8C5C6"
"4945673708_1","4945673708_1.png",2,0.2926,54.1462724796755,2.44429205552479,0.683697638049908,"#868080"
"4945879602_1","4945879602_1.png",1,0.5262,79.1639719488315,1.6038353170268,-7.45155257823335,"#C0C4D2"
"4945879602_1","4945879602_1.png",2,0.4738,56.6370419263598,1.90646378811141,-6.46274532435868,"#868793"
"4945915427_1","4945915427_1.png",1,0.4684,75.9769399352576,1.79853410111515,3.04659720581475,"#C1BAB6"
"4945915427_1","4945915427_1.png",2,0.5316,49.7528647161531,3.40157979336885,5.90711924508032,"#80746C"
"4945929651_1","4945929651_1.png",1,0.5706,82.4510053828184,0.15829059147171,0.025458787999395,"#CDCDCD"
"4945929651_1","4945929651_1.png",2,0.4294,54.0652650868237,1.21096394644955,-2.64210756539434,"#818186"
"4945940093_1","4945940093_1.png",1,0.6134,71.197348770804,-1.71182497280962,-9.9330893359975,"#A2B0C0"
"4945940093_1","4945940093_1.png",2,0.3866,43.0909952757751,-0.0485794125813527,-7.94470757024926,"#5F6673"
"4946239095_1","4946239095_1.png",1,0.6402,70.8813013760753,1.78137768245486,1.24454661174143,"#B2ACAB"
"4946239095_1","4946239095_1.png",2,0.3598,40.6625361558865,1.84864216501444,3.92628545065106,"#665F5A"
"4946338301_1","4946338301_1.png",1,0.7116,70.4486804796546,1.60496255274094,-6.59209034000761,"#AAACB8"
"4946338301_1","4946338301_1.png",2,0.2884,42.6787893897085,2.8491451154502,-9.70317189498897,"#626475"
"4946339517_1","4946339517_1.png",1,0.4062,67.8783430707819,1.52982952526037,1.6933190726569,"#AAA4A2"
"4946339517_1","4946339517_1.png",2,0.5938,50.4644887834804,1.33389796016379,-0.108090671030793,"#7A7778"
"4946403221_1","4946403221_1.png",1,0.6094,78.2712577803767,1.00867399578136,-5.56319573006943,"#BFC1CC"
"4946403221_1","4946403221_1.png",2,0.3906,59.6470096040433,1.60119227900335,-6.87901351703417,"#8D8F9C"
"4946588369_1","4946588369_1.png",1,0.621,80.2866956775406,1.86083136428356,-0.0452648149013714,"#CBC6C7"
"4946588369_1","4946588369_1.png",2,0.379,57.7959523892787,3.35319000962053,0.391960718959602,"#91898A"
"4950183835_1","4950183835_1.png",1,0.4678,88.2661255595325,0.016572621673331,-2.25255503161406,"#DBDEE2"
"4950183835_1","4950183835_1.png",2,0.5322,64.9302742611355,1.15443459593951,-2.95528560355502,"#9D9DA3"
"4950183835_2","4950183835_2.png",1,0.4696,90.6803248128318,-0.0291344206569619,-3.43518894695267,"#E1E5EB"
"4950183835_2","4950183835_2.png",2,0.5304,71.5899523662797,0.448259079742406,-4.46126285115705,"#ACAFB7"
"4950303358_1","4950303358_1.png",1,0.4916,82.9622309844013,-1.37659065961405,-4.53399068089967,"#C8D0D7"
"4950303358_1","4950303358_1.png",2,0.5084,64.8849824800777,1.67739351547921,-6.1826683553021,"#9B9DA8"
"4952859677_1","4952859677_1.png",1,0.4914,68.1240507855833,1.06528600013018,1.15749865098657,"#A9A5A4"
"4952859677_1","4952859677_1.png",2,0.5086,34.4697671556255,1.85492203920495,0.530818816717734,"#545050"
"4954683926_1","4954683926_1.png",1,0.6364,74.3325133045272,2.99466220727832,-4.42988471199405,"#B9B5BF"
"4954683926_1","4954683926_1.png",2,0.3636,44.7255284097462,5.21750611892566,-6.47915521269693,"#6E6775"
"4973844329_1","4973844329_1.png",1,0.6314,82.178321896024,1.65043899534798,-1.0055562019147,"#CFCBCE"
"4973844329_1","4973844329_1.png",2,0.3686,59.0502860711653,0.18444075675566,-8.10280751802993,"#878F9C"
"4973957561_1","4973957561_1.png",1,0.632,85.8860266384769,4.47443885075719,0.116202083514818,"#E0D4D7"
"4973957561_1","4973957561_1.png",2,0.368,68.4429722899744,9.36337494537415,0.247063000888784,"#B8A1A7"
"4973957561_2","4973957561_2.png",1,0.6054,85.2225359277945,3.76057874453759,0.451141931539266,"#DDD3D4"
"4973957561_2","4973957561_2.png",2,0.3946,67.9565030579412,4.63111234715618,2.30449838476961,"#B0A3A2"
"4973957561_3","4973957561_3.png",1,0.6512,87.1584934557452,4.00261781461634,-1.05481038370357,"#E1D8DC"
"4973957561_3","4973957561_3.png",2,0.3488,69.4661791642428,6.50831579774418,0.110515436857929,"#B6A6AA"
"4973957561_4","4973957561_4.png",1,0.5852,87.9348394694389,5.0276332548498,-3.6660216879048,"#E3DAE4"
"4973957561_4","4973957561_4.png",2,0.4148,72.3535638076831,9.01509468884997,-2.7053896527742,"#C0ACB7"
"4974198541_1","4974198541_1.png",1,0.4164,58.761143593682,-1.09653950196343,0.398583899808743,"#8C8E8D"
"4974198541_1","4974198541_1.png",2,0.5836,34.453558793514,-2.0479218115313,0.056720778009308,"#4E5251"
"4976413039_1","4976413039_1.png",1,0.5814,73.8303861690361,2.16686186498453,8.31709968020438,"#C0B4A6"
"4976413039_1","4976413039_1.png",2,0.4186,50.6348781340039,3.24302082928671,6.93430153966823,"#83766D"
"4976608751_1","4976608751_1.png",1,0.5676,82.3013375935806,0.148798812694463,4.86049127653604,"#D1CCC4"
"4976608751_1","4976608751_1.png",2,0.4324,50.6199511301535,4.33140994590359,6.0270296173663,"#84766E"
"4976608751_2","4976608751_2.png",1,0.5112,86.4419769006784,-9.25053973392493,5.60012345430911,"#CADDCD"
"4976608751_2","4976608751_2.png",2,0.4888,54.722892342353,-5.63213956401521,5.54138373221694,"#7D8679"
"4980312912_1","4980312912_1.png",1,0.7026,70.8178123814224,-6.54775127145207,-2.73027496823158,"#9EB1B2"
"4980312912_1","4980312912_1.png",2,0.2974,38.1838445047767,-0.164928561623376,-5.67169053650323,"#555A63"
"4980312912_2","4980312912_2.png",1,0.557,75.8536742149821,0.45185786930924,-0.137577188754621,"#BCBBBB"
"4980312912_2","4980312912_2.png",2,0.443,52.5395685088813,0.977736693523978,-3.95337279071457,"#7C7D84"
"4980353611_1","4980353611_1.png",1,0.599,77.2288985042899,0.474625072287756,-2.38257421684481,"#BEBFC3"
"4980353611_1","4980353611_1.png",2,0.401,45.8047714862716,3.58908465690151,-15.1790432880964,"#656C86"
"4980353611_2","4980353611_2.png",1,0.577,79.2457407785158,1.091535828297,-1.84573024350132,"#C5C4C8"
"4980353611_2","4980353611_2.png",2,0.423,48.603959930049,6.05885054200981,-11.9910740813452,"#747188"
"4980353611_3","4980353611_3.png",1,0.6336,83.801529510575,-0.358382938018214,-2.64137978345834,"#CED1D6"
"4980353611_3","4980353611_3.png",2,0.3664,53.4960483415284,2.39275446202747,-11.2591940312402,"#7A7F93"
"4980422103_1","4980422103_1.png",1,0.568,70.671653538485,0.461430340175303,-3.01130616291547,"#ABADB2"
"4980422103_1","4980422103_1.png",2,0.432,52.8372197754738,0.789870718245851,-4.75737901337851,"#7C7E86"
"4980684003_1","4980684003_1.png",1,0.4136,61.5748980581896,2.5091425507125,4.71251717522556,"#9D938D"
"4980684003_1","4980684003_1.png",2,0.5864,38.0430486203598,-0.809658085466953,4.34498906822438,"#5B5A53"
"4981940973_1","4981940973_1.png",1,0.632,85.6349115750656,0.857705204049022,-0.119186684828945,"#D8D6D6"
"4981940973_1","4981940973_1.png",2,0.368,59.1780353431521,1.93205516114916,-1.48160291267471,"#918D91"
"4981940973_2","4981940973_2.png",1,0.5812,83.9920126772918,0.539728724325471,0.0521065616065579,"#D3D1D1"
"4981940973_2","4981940973_2.png",2,0.4188,55.4552057164567,1.42834186993485,-1.01666298309739,"#878487"
"4981940973_3","4981940973_3.png",1,0.6492,86.1067516625622,0.554238498152658,-0.400159700033491,"#D8D7D8"
"4981940973_3","4981940973_3.png",2,0.3508,59.6553535806478,1.78780306228513,-0.454418177473144,"#938F91"
"4982324676_1","4982324676_1.png",1,0.0833333333333333,90.4184689386339,3.06961254571617,-3.66952438938702,"#E6E2EB"
"4982324676_1","4982324676_1.png",2,0.916666666666667,46.6981778755563,1.98296317507787,-1.27105870415773,"#716E71"
"4982390032_1","4982390032_1.png",1,0.674,83.032107853462,-0.60349923253288,-0.865164007228997,"#CDCFD0"
"4982390032_1","4982390032_1.png",2,0.326,39.3818952167716,-0.806823792684372,6.62173082127405,"#605D52"
"4985982889_2","4985982889_2.png",1,0.5222,85.6848581961982,0.536568789941706,2.33172183827515,"#D9D6D2"
"4985982889_2","4985982889_2.png",2,0.4778,56.0541186956282,2.05903496058615,-0.980087760641464,"#898588"
"4987777717_1","4987777717_1.png",1,0.4378,82.3698766815138,1.00412304326284,-0.130998629205135,"#CFCCCD"
"4987777717_1","4987777717_1.png",2,0.5622,65.6094277158927,2.31111612617394,4.4055104582707,"#A79E98"
"4987777717_2","4987777717_2.png",1,0.5328,81.5204843158488,1.27825805768982,0.832913084704974,"#CECAC9"
"4987777717_2","4987777717_2.png",2,0.4672,63.7422870060835,2.7122648642172,4.22827131460227,"#A39993"
"4987777717_5","4987777717_5.png",1,0.7308,85.4240122089109,2.96485953491248,0.550803998103132,"#DCD4D5"
"4987777717_5","4987777717_5.png",2,0.2692,71.001579126174,4.60596227097005,2.4333966879431,"#B8ABAA"
"4993776227_1","4993776227_1.png",1,0.6388,80.280252621945,4.13118949781133,17.8197743593164,"#DCC3A6"
"4993776227_1","4993776227_1.png",2,0.3612,44.1716861523368,3.3281588164449,6.99149250558927,"#73665D"
"4993974833_1","4993974833_1.png",1,0.6514,67.7848119059061,4.96084420005963,12.7443701503085,"#B7A18F"
"4993974833_1","4993974833_1.png",2,0.3486,28.9242217050072,7.92629353089408,7.38792442375751,"#544039"
"4994034395_1","4994034395_1.png",1,0.5534,85.0019421495485,0.79248104373527,0.0675763651261054,"#D6D4D4"
"4994034395_1","4994034395_1.png",2,0.4466,51.296305382922,2.90367981571916,-4.20375365890952,"#7C7981"
"4994111499_1","4994111499_1.png",1,0.7094,79.4563162693483,4.77023119292758,14.0597330198334,"#D8C1AB"
"4994111499_1","4994111499_1.png",2,0.2906,47.9190437918721,7.90090114561058,19.5193241138865,"#8A6C51"
"4994163207_1","4994163207_1.png",1,0.662,73.4969851451399,-0.172944259534063,2.99994339968267,"#B7B4AF"
"4994163207_1","4994163207_1.png",2,0.338,38.9285039383707,0.571558033404181,5.10774567028164,"#605B53"
"4994338739_1","4994338739_1.png",1,0.72,86.1880594443185,1.31355871314554,-6.53996491387399,"#D4D7E4"
"4994338739_1","4994338739_1.png",2,0.28,64.3030634554824,2.05812572206507,-3.536298256473,"#9D9BA2"
"5006777836_1","5006777836_1.png",1,0.6828,83.1604296050087,4.99019625866853,-0.607034828105967,"#D8CCD0"
"5006777836_1","5006777836_1.png",2,0.3172,49.4372961507626,9.85852703279489,6.46807772173214,"#8A6F6B"
"5006780677_1","5006780677_1.png",1,0.5164,82.2891419192648,1.50939832619373,3.45419565558796,"#D2CCC6"
"5006780677_1","5006780677_1.png",2,0.4836,43.2340266094635,1.84121715745231,3.90967849513662,"#6C6560"
"5006924852_1","5006924852_1.png",1,0.7364,81.0583309585235,0.932398772958647,9.46738824452844,"#D3C8B8"
"5006924852_1","5006924852_1.png",2,0.2636,57.4366423682576,1.63376708549178,21.0173884116412,"#9A8865"
"5006939566_1","5006939566_1.png",1,0.7464,79.7187373731807,2.4115257784239,6.08676616789784,"#CFC4BA"
"5006939566_1","5006939566_1.png",2,0.2536,45.9399206386633,4.96607719613725,10.7414464244544,"#7C695B"
"5007118111_1","5007118111_1.png",1,0.7412,76.9918157432265,3.42043048333575,8.15604899186638,"#CBBBAF"
"5007118111_1","5007118111_1.png",2,0.2588,45.6112600021318,4.84285137614276,16.0716422893489,"#7D6851"
"5007394124_1","5007394124_1.png",1,0.6218,79.8097565612239,0.896452690402887,9.84469363466053,"#CFC5B4"
"5007394124_1","5007394124_1.png",2,0.3782,57.3882876033346,1.44557191349943,8.05256719846651,"#92887C"
"5007409918_1","5007409918_1.png",1,0.6706,88.0698973155129,-0.250912751331873,1.69559310331875,"#DEDDDA"
"5007409918_1","5007409918_1.png",2,0.3294,46.6351866775126,4.03822606209362,6.0669670953107,"#796C65"
"5007960477_1","5007960477_1.png",1,0.5916,76.8348379244861,3.66279565167698,15.2679606021286,"#CFBAA2"
"5007960477_1","5007960477_1.png",2,0.4084,46.0772484366619,3.55199219479133,7.62947707845192,"#786B61"
"5008157227_1","5008157227_1.png",1,0.6276,89.1380803152476,0.0478031976829127,-1.15071955712233,"#DFE0E2"
"5008157227_1","5008157227_1.png",2,0.3724,57.3316244822846,2.83472560317752,3.79110052520022,"#928883"
"5008311936_1","5008311936_1.png",1,0.7774,77.8172260782715,4.19825667856015,2.51655544063565,"#CABEBC"
"5008311936_1","5008311936_1.png",2,0.2226,41.6239097624712,14.9920763950651,-9.41384292608262,"#745A72"
"5015448463_1","5015448463_1.png",1,0.5532,73.6754657500734,1.1354034473653,6.08233124546527,"#BCB4AA"
"5015448463_1","5015448463_1.png",2,0.4468,43.5299557895486,0.86795979303432,5.86234576485285,"#6C665D"
"5015448463_2","5015448463_2.png",1,0.546,82.1698370132242,1.00749825827331,1.761659153397,"#D0CCC9"
"5015448463_2","5015448463_2.png",2,0.454,47.2846377469842,2.2362964522384,8.0445096138138,"#796E63"
"5063058396_1","5063058396_1.png",1,0.6462,82.3482480664756,0.698719738428881,4.67576723744233,"#D2CCC4"
"5063058396_1","5063058396_1.png",2,0.3538,55.7340292115064,0.891307464762466,9.67194635031157,"#8E8475"
"5063058396_2","5063058396_2.png",1,0.7614,87.0115119581962,1.02698108577703,2.99329044114194,"#DED9D4"
"5063058396_2","5063058396_2.png",2,0.2386,64.668059731136,2.06731630716198,5.43420236124583,"#A59B93"
"5063575333_1","5063575333_1.png",1,0.5826,77.0565116250723,0.521171528192873,-2.26013422181935,"#BDBEC2"
"5063575333_1","5063575333_1.png",2,0.4174,53.7299712106372,1.31904025423164,0.946026965708449,"#83807F"
"5070000825_1","5070000825_1.png",1,0.606,78.3815588005133,1.56136334594468,-2.1670517492655,"#C3C1C6"
"5070000825_1","5070000825_1.png",2,0.394,57.6342602319914,2.72062817494987,1.23791902296199,"#908988"
"5070003774_1","5070003774_1.png",1,0.597,83.4352949057453,1.82260026196625,15.4827643646904,"#DFCEB3"
"5070003774_1","5070003774_1.png",2,0.403,61.0519078195295,4.60335279019787,12.8816560435984,"#A4907D"
"5070024808_1","5070024808_1.png",1,0.5174,80.0475379720142,1.44732491511497,-0.554252248960363,"#C9C6C8"
"5070024808_1","5070024808_1.png",2,0.4826,45.4156624924782,2.95338010705908,-1.16864842214681,"#706A6D"
"5070119814_1","5070119814_1.png",1,0.5708,80.4510898581911,2.53126718402036,3.18935941840475,"#CFC6C2"
"5070119814_1","5070119814_1.png",2,0.4292,60.5278739793015,4.15511237290625,1.57310086027873,"#9B8F8F"
"5070122838_1","5070122838_1.png",1,0.6164,87.8534315994715,1.36259268064454,1.72116132214767,"#E0DBD9"
"5070122838_1","5070122838_1.png",2,0.3836,54.8961904063967,0.870720936813932,1.1738660827945,"#868381"
"5087257743_1","5087257743_1.png",1,0.6986,78.9022077975676,0.910796164990249,-0.708039235268236,"#C4C3C5"
"5087257743_1","5087257743_1.png",2,0.3014,49.2931926203651,0.376183168137516,2.6447810183267,"#787571"
"5087257743_2","5087257743_2.png",1,0.6612,72.3510345338643,1.41332153156224,2.90728005463694,"#B6B0AC"
"5087257743_2","5087257743_2.png",2,0.3388,57.9622965462655,1.74378620343208,3.59341524536742,"#918A85"
"5087257743_3","5087257743_3.png",1,0.7728,75.8680213966021,1.83590326008145,3.16215098301334,"#C1BAB5"
"5087257743_3","5087257743_3.png",2,0.2272,58.6778873306082,2.47129347903658,4.85881161274542,"#958B85"
"5087257743_4","5087257743_4.png",1,0.7076,79.8456722987776,1.2729514021774,2.13658861842099,"#CAC5C2"
"5087257743_4","5087257743_4.png",2,0.2924,59.6097111673895,2.1090952620709,4.24972424758436,"#978E88"
"5087257743_5","5087257743_5.png",1,0.7352,81.5664014827588,4.21521746683991,1.02339993718491,"#D4C8C9"
"5087257743_5","5087257743_5.png",2,0.2648,64.7902929875992,4.54130598876819,4.39355382253249,"#A99A96"
"5087265965_1","5087265965_1.png",1,0.7688,76.788800781566,4.94019093742048,7.56703421312279,"#CDBAB0"
"5087265965_1","5087265965_1.png",2,0.2312,53.0349383674904,6.27014175525181,7.53415011911339,"#8E7B72"
"5087487189_1","5087487189_1.png",1,0.5766,79.2076231018367,1.75936522661457,-2.56600642178984,"#C5C3C9"
"5087487189_1","5087487189_1.png",2,0.4234,56.7370337917415,1.75574198386885,-1.87230104169188,"#8A878B"
"5087487189_2","5087487189_2.png",1,0.6424,79.5874076729498,1.67186297214106,-2.76274615608551,"#C6C4CA"
"5087487189_2","5087487189_2.png",2,0.3576,54.4979796466391,1.57820406213085,-2.13012320664588,"#838286"
"5087487189_3","5087487189_3.png",1,0.5912,83.7221983697238,1.44656580775033,2.12701402695651,"#D5D0CD"
"5087487189_3","5087487189_3.png",2,0.4088,62.2333586012091,1.84230120617616,4.60289719942628,"#9D958E"
"5087487189_4","5087487189_4.png",1,0.557,78.0959216274529,0.478932540233871,-1.84845593139631,"#C0C1C4"
"5087487189_4","5087487189_4.png",2,0.443,50.9177468950425,1.0544995551369,0.648948360431563,"#7C7978"
"5087823996_1","5087823996_1.png",1,0.3842,70.420249894859,4.03417241757046,6.09536286751725,"#B8A9A1"
"5087823996_1","5087823996_1.png",2,0.6158,54.381333394747,4.11847928519418,3.82970047992006,"#8C7F7C"
"5087823996_2","5087823996_2.png",1,0.3828,72.0441329929805,3.94689662018121,6.2231926037743,"#BDAEA5"
"5087823996_2","5087823996_2.png",2,0.6172,54.4209330353481,4.68143726133846,5.0645808773133,"#8E7F7A"
"5087823996_3","5087823996_3.png",1,0.4222,73.2243934752522,3.45669936372795,5.16240867266721,"#BEB1AB"
"5087823996_3","5087823996_3.png",2,0.5778,54.9285491947882,3.88838244845898,3.87668650961448,"#8D817D"
"5087823996_4","5087823996_4.png",1,0.362,69.9591904392459,4.4131700432347,6.31985650310903,"#B8A8A0"
"5087823996_4","5087823996_4.png",2,0.638,51.6431008299748,4.39754865438748,2.91606627356816,"#857876"
"5087823996_5","5087823996_5.png",1,0.4766,73.2614770442029,3.75484588068922,5.4333272666462,"#BFB1AA"
"5087823996_5","5087823996_5.png",2,0.5234,51.7808361026824,4.1789718845587,3.10504015013006,"#857976"
"5087992577_1","5087992577_1.png",1,0.7486,85.5381587273308,-0.839100228667175,0.95289531978711,"#D5D6D4"
"5087992577_1","5087992577_1.png",2,0.2514,64.1327404666921,-1.36947731783333,4.0082675860343,"#9C9C94"
"5087992577_2","5087992577_2.png",1,0.787,88.5734825237651,0.984917535236385,-1.63270120595287,"#DFDEE1"
"5087992577_2","5087992577_2.png",2,0.213,69.6237493615756,2.42366941906977,-1.29590647379072,"#AEA9AC"
"5087992577_3","5087992577_3.png",1,0.761,90.7181490872387,0.442575713709931,-0.734223282516902,"#E5E4E6"
"5087992577_3","5087992577_3.png",2,0.239,75.1229974721406,1.65295447284485,0.684225086679621,"#BDB8B8"
"5101394522_1","5101394522_1.png",1,0.9464,78.1743862002763,1.69152595095751,-2.62843006507017,"#C2C0C6"
"5101394522_1","5101394522_1.png",2,0.0536,36.8399671927655,0.814443555997127,7.48007031552395,"#5D564B"
"5107586231_1","5107586231_1.png",1,0.4536,70.9288242925228,-0.277605551293776,-2.34351149400738,"#ABAEB2"
"5107586231_1","5107586231_1.png",2,0.5464,56.2951869728922,0.0697064037306365,-4.70741803757111,"#83878F"
"5107722415_1","5107722415_1.png",1,0.6542,78.4850447371646,1.28098314069237,7.68066553599612,"#CBC1B4"
"5107722415_1","5107722415_1.png",2,0.3458,45.486456731177,1.96885201967147,5.51774456271046,"#736A63"
"5107996021_1","5107996021_1.png",1,0.6454,85.4779005441675,1.99404511188464,3.14548435832807,"#DCD4D0"
"5107996021_1","5107996021_1.png",2,0.3546,49.8304965669928,1.90259600134402,4.78856963320729,"#7D756E"
"5107996021_2","5107996021_2.png",1,0.5318,78.937755917696,1.634880452826,10.2226013146978,"#CEC2B1"
"5107996021_2","5107996021_2.png",2,0.4682,45.6224149898679,2.57121370637408,12.2893586835271,"#786A58"
"5108235884_1","5108235884_1.png",1,0.5722,75.6240697484489,3.6319581799122,13.6934414587373,"#CBB7A1"
"5108235884_1","5108235884_1.png",2,0.4278,48.3872528753903,6.23024097582124,16.968298328531,"#876E57"
"5108832248_1","5108832248_1.png",1,0.4572,75.9901656067406,1.23431815031216,2.07810508379843,"#BFBAB8"
"5108832248_1","5108832248_1.png",2,0.5428,53.7631144984874,3.21796097463935,4.49690254626326,"#897E79"
"5108832248_2","5108832248_2.png",1,0.4838,79.256589458761,0.799964551928528,0.159656013156597,"#C6C4C4"
"5108832248_2","5108832248_2.png",2,0.5162,56.7324390956595,3.06315839269358,0.431821658970771,"#8E8687"
"5132165761_1","5132165761_1.png",1,0.7016,76.3753650129692,-0.706829710756644,-2.49579357754319,"#B9BDC1"
"5132165761_1","5132165761_1.png",2,0.2984,52.8928764802136,-0.483231997507136,-4.69687013090511,"#797F86"
"5133288749_1","5133288749_1.png",1,0.6764,90.7810619370733,0.534681818757714,6.97606804164476,"#EBE4D7"
"5133288749_1","5133288749_1.png",2,0.3236,61.2113830294925,2.29059909574148,0.757246140272994,"#999292"
"5133288749_2","5133288749_2.png",1,0.5622,89.9060986914511,0.107947815823604,5.19066420031343,"#E7E2D8"
"5133288749_2","5133288749_2.png",2,0.4378,57.8158823955046,2.06101020204077,-0.18418472450624,"#8E8A8B"
"5133564233_1","5133564233_1.png",1,0.2584,80.1687222206297,0.698915081960606,-2.06646281537939,"#C6C7CB"
"5133564233_1","5133564233_1.png",2,0.7416,43.1257452579298,3.00365119087501,3.76744835644264,"#6E6460"
"5133705365_1","5133705365_1.png",1,0.6888,86.2993319979117,0.599958489774386,-1.92339783701313,"#D7D8DC"
"5133705365_1","5133705365_1.png",2,0.3112,56.0667133502968,1.49216706932264,-1.62548650310556,"#888689"
"5134445746_1","5134445746_1.png",1,0.553,79.9920290188204,-0.614088727444019,-0.994296055719315,"#C4C7C8"
"5134445746_1","5134445746_1.png",2,0.447,55.4822482251478,0.137756588083676,-0.830299234359885,"#848586"
"5134445746_2","5134445746_2.png",1,0.6734,78.3127997192358,-0.3169966595227,-1.11222380416068,"#C0C2C4"
"5134445746_2","5134445746_2.png",2,0.3266,52.6947902578672,0.29433795739094,-0.934430758784649,"#7E7E7F"
"5134445746_3","5134445746_3.png",1,0.5618,80.2857768285371,-0.513126739320002,-1.16383818731003,"#C5C8C9"
"5134445746_3","5134445746_3.png",2,0.4382,54.3790598639924,0.205017753489378,-1.1500019111165,"#818284"
"5134555424_1","5134555424_1.png",1,0.432,82.6440376669136,1.03043520418651,5.33650884830535,"#D4CDC4"
"5134555424_1","5134555424_1.png",2,0.568,61.0506667646304,2.38071781573341,5.66625342407458,"#9C9289"
"5134631779_1","5134631779_1.png",1,0.562,78.1679480841099,-1.0211726191644,-3.65015181133175,"#BCC2C8"
"5134631779_1","5134631779_1.png",2,0.438,50.9997848882921,-0.63191056233388,-1.66147492723934,"#777A7C"
"5134631779_2","5134631779_2.png",1,0.2986,77.0884752371289,0.428460083650432,-1.21401431978742,"#BEBEC1"
"5134631779_2","5134631779_2.png",2,0.7014,42.6433212608643,-0.0929262406566477,-0.862398158643664,"#646566"
"5134631779_3","5134631779_3.png",1,0.5814,79.8905161881258,-0.288282866138125,-1.94953779508708,"#C4C6CA"
"5134631779_3","5134631779_3.png",2,0.4186,55.2332274053863,0.488304948597448,-0.784694940495603,"#848486"
"5134631779_4","5134631779_4.png",1,0.5714,79.8479817788991,-0.871820887447828,-2.1577446610601,"#C2C7CA"
"5134631779_4","5134631779_4.png",2,0.4286,45.9955890241719,-0.925178300062635,-1.97270466110552,"#6A6E70"
"5134631779_5","5134631779_5.png",1,0.5586,78.945920951315,-0.622827114297377,-2.65574902128767,"#C0C4C8"
"5134631779_5","5134631779_5.png",2,0.4414,44.8734076374353,-0.728856940822467,-2.24097200679105,"#676B6E"
"5138850726_1","5138850726_1.png",1,0.7828,87.02903908161,4.44225880388797,-5.42787458413667,"#DED8E4"
"5138850726_1","5138850726_1.png",2,0.2172,67.7924635453787,3.14443267890612,-2.87384178015807,"#A9A4AA"
"5138852840_1","5138852840_1.png",1,0.7144,73.0323040919394,-0.45723084611123,-0.863359375608995,"#B2B4B5"
"5138852840_1","5138852840_1.png",2,0.2856,44.07446158427,-3.03822997690586,-1.85961898134802,"#616A6B"
"5140116489_1","5140116489_1.png",1,0.7684,71.5456284446985,0.90431795589294,1.17895911567526,"#B2AFAD"
"5140116489_1","5140116489_1.png",2,0.2316,25.3912291503697,6.58581620639878,1.14628968834708,"#47393B"
"5153122456_2","5153122456_2.png",1,0.696,82.523468912548,1.07330292359311,4.65285547896586,"#D3CCC5"
"5153122456_2","5153122456_2.png",2,0.304,50.8561893703886,3.86173338299383,5.28938924953219,"#837770"
"5153122456_3","5153122456_3.png",1,0.682,82.8438449659602,1.02065539089687,4.71506483200943,"#D4CDC5"
"5153122456_3","5153122456_3.png",2,0.318,51.6211639272181,3.89050774480068,3.71673425453881,"#847975"
"5153122456_4","5153122456_4.png",1,0.6462,85.2451218996486,1.21997942787094,7.11752884276347,"#DDD4C8"
"5153122456_4","5153122456_4.png",2,0.3538,50.9618643815827,3.47864838355744,8.75393687944981,"#85776B"
"5153143559_1","5153143559_1.png",1,0.6422,85.1006040994304,-1.49648902238387,-3.17121922867549,"#CFD6DA"
"5153143559_1","5153143559_1.png",2,0.3578,71.9320474902699,0.380666769621253,-1.97167594289741,"#AFB0B4"
"5153143559_2","5153143559_2.png",1,0.6542,90.1248213106367,-0.612767014453933,-3.13369969103234,"#DFE3E9"
"5153143559_2","5153143559_2.png",2,0.3458,69.9176887220266,1.8522546770186,-1.65587949737086,"#ADAAAE"
"5153143559_3","5153143559_3.png",1,0.6638,85.5153424108519,-1.04833835188553,-3.64711262476328,"#D0D7DC"
"5153143559_3","5153143559_3.png",2,0.3362,61.6394340750937,1.01444677967557,-2.9329584992833,"#94949A"
"5153384591_1","5153384591_1.png",1,0.5492,78.812191651789,2.21649781151717,-3.33280934013452,"#C4C2C9"
"5153384591_1","5153384591_1.png",2,0.4508,58.6438776097324,1.50288082865124,-3.1805858976694,"#8D8C93"
"5153575599_1","5153575599_1.png",1,0.6532,80.5123632025985,0.705414245818892,-0.231493064993369,"#C9C7C8"
"5153575599_1","5153575599_1.png",2,0.3468,60.3921935890561,1.16291991013197,1.78497113407717,"#95918E"
"5153780201_1","5153780201_1.png",1,0.3796,84.8088353567035,-0.494677836269111,-7.84295236019697,"#CBD5E2"
"5153780201_1","5153780201_1.png",2,0.6204,48.5788793441844,0.159436629965344,-4.88582314269506,"#70747C"
"5154616235_1","5154616235_1.png",1,0.4724,92.4803961454001,-0.50499968351051,-1.02350124067005,"#E7EAEB"
"5154616235_1","5154616235_1.png",2,0.5276,80.6959185448761,0.177255560756947,-0.677760177909637,"#C8C8CA"
"5164751199_1","5164751199_1.png",1,0.543,76.4137271813466,1.21520622955785,3.28606450233376,"#C1BCB6"
"5164751199_1","5164751199_1.png",2,0.457,46.5618775063115,1.30121398574204,3.12771973155849,"#736D69"
"5166863231_1","5166863231_1.png",1,0.5358,78.5335689311752,0.323249568056609,0.77119635807734,"#C4C2C1"
"5166863231_1","5166863231_1.png",2,0.4642,57.1483234557943,0.669336613023552,-0.826900755521663,"#8A898B"
"5167152731_1","5167152731_1.png",1,0.5958,75.8825450965892,2.00031223177332,0.591380724278606,"#BFBABA"
"5167152731_1","5167152731_1.png",2,0.4042,58.5758134033213,4.16710952567593,-1.41454010624654,"#938B8F"
"5167429436_1","5167429436_1.png",1,0.3758,79.0897999663276,-0.650352482082543,-3.344798187309,"#C0C4CA"
"5167429436_1","5167429436_1.png",2,0.6242,55.3191524417909,1.0944536660994,-2.26234121142746,"#858488"
"5167429436_2","5167429436_2.png",1,0.4052,78.183915696791,-1.34545442816964,-3.05083588991773,"#BCC2C7"
"5167429436_2","5167429436_2.png",2,0.5948,54.7958681203763,0.183209286979822,-2.87309338033607,"#818388"
"5167572760_1","5167572760_1.png",1,0.4226,75.4740475505653,0.176206091246286,-3.35393847543101,"#B7BAC0"
"5167572760_1","5167572760_1.png",2,0.5774,46.6243246783592,0.607765320594507,-0.804038840928427,"#6F6E70"
"5167572760_13","5167572760_13.png",1,0.4352,68.2897023087684,1.82562449470915,-2.13376413513194,"#A8A6AA"
"5167572760_13","5167572760_13.png",2,0.5648,45.8136162688127,2.90564588306073,-4.35411331957672,"#6E6B74"
"5167572760_15","5167572760_15.png",1,0.3612,75.1032891379981,0.595334183394624,-1.08495588369068,"#B9B9BB"
"5167572760_15","5167572760_15.png",2,0.6388,57.3593118958217,1.37648518945839,0.0818575204038896,"#8C898A"
"5167572760_16","5167572760_16.png",1,0.4904,82.9366480834525,0.215637316266489,-1.13118735818388,"#CECED1"
"5167572760_16","5167572760_16.png",2,0.5096,60.5233279230469,1.5953961645622,-1.26453405540628,"#949194"
"5167572760_17","5167572760_17.png",1,0.4566,75.2109715502904,0.568781486515243,-1.86928070231671,"#B9B9BD"
"5167572760_17","5167572760_17.png",2,0.5434,46.1018910786388,1.25960917035551,-3.13744004097366,"#6D6D72"
"5167572760_18","5167572760_18.png",1,0.4978,82.0568491504788,0.302790154501538,2.62051837835966,"#CFCCC7"
"5167572760_18","5167572760_18.png",2,0.5022,46.2867652348206,1.48897856559333,5.47228552189602,"#746C65"
"5167572760_19","5167572760_19.png",1,0.4886,84.1945300277087,0.667698270280388,1.37410255868404,"#D4D1CF"
"5167572760_19","5167572760_19.png",2,0.5114,51.1400107903407,2.53957403891463,5.28544827916779,"#827871"
"5167572760_2","5167572760_2.png",1,0.4456,87.3589486836955,0.711036284343531,-1.94050639789826,"#DBDBDF"
"5167572760_2","5167572760_2.png",2,0.5544,66.3145202809547,3.54688824305464,3.60187060627332,"#AA9F9B"
"5167572760_4","5167572760_4.png",1,0.3766,70.7919340013962,1.14272524051234,-4.52098386764865,"#ABADB5"
"5167572760_4","5167572760_4.png",2,0.6234,53.0238432208738,2.17536767239833,-4.69681328103242,"#7F7E87"
"5167572760_5","5167572760_5.png",1,0.3432,73.0929543984148,1.31587637933297,-4.62642945934018,"#B2B3BC"
"5167572760_5","5167572760_5.png",2,0.6568,53.8616490756356,2.53518882233217,-3.42997733733647,"#838087"
"5167572760_6","5167572760_6.png",1,0.3718,72.3614736840098,1.3693452276278,-4.19750041337243,"#B0B1B9"
"5167572760_6","5167572760_6.png",2,0.6282,52.6905640422999,2.4914662109753,-2.89787888959235,"#807D83"
"5167572760_7","5167572760_7.png",1,0.2864,81.6076295112309,0.774669200097922,-3.15365467621277,"#CACBD1"
"5167572760_7","5167572760_7.png",2,0.7136,54.6195217739778,2.39266829973912,-3.58137815019733,"#848289"
"5167572760_8","5167572760_8.png",1,0.581,73.2495720736041,0.94817828144902,0.10184525662302,"#B6B3B4"
"5167572760_8","5167572760_8.png",2,0.419,44.4330009080834,2.29601481743465,1.33268857351135,"#6E6867"
"5167572760_9","5167572760_9.png",1,0.533,83.0094252421541,0.532334567283769,1.42573928272013,"#D1CECC"
"5167572760_9","5167572760_9.png",2,0.467,51.3573270515328,2.14792761277523,7.37891577317448,"#83796E"
"5167714005_1","5167714005_1.png",1,0.4638,79.0084311506437,2.59481606839021,-5.41271929119761,"#C4C2CE"
"5167714005_1","5167714005_1.png",2,0.5362,53.8606310498022,6.33032514274578,-7.50509057540017,"#867E8E"
"5167826067_1","5167826067_1.png",1,0.7814,82.067498803153,1.58884238917322,-0.261700844542519,"#CFCBCD"
"5167826067_1","5167826067_1.png",2,0.2186,47.0938802083768,7.21337794367212,5.69269273676878,"#7F6B66"
"5167976235_1","5167976235_1.png",1,0.5372,79.5730506216473,1.17278894940781,3.08795095228489,"#CAC4BF"
"5167976235_1","5167976235_1.png",2,0.4628,62.6451575843502,2.50153742961113,-2.75370328641792,"#9A969C"
"5168424547_1","5168424547_1.png",1,0.3632,83.0880258199467,0.795401976433335,0.986979505071477,"#D1CECD"
"5168424547_1","5168424547_1.png",2,0.6368,62.3744848469638,1.44088637909563,0.550279650075089,"#9A9696"
"5176724002_1","5176724002_1.png",1,0.6162,68.5826862612743,1.10200496249161,3.92277813130654,"#ACA6A0"
"5176724002_1","5176724002_1.png",2,0.3838,26.9666005556007,2.80146184315344,12.2743195154015,"#4A3E2D"
"5176861973_1","5176861973_1.png",1,0.4762,81.8589488137042,0.216074142341186,0.166551600989026,"#CCCBCB"
"5176861973_1","5176861973_1.png",2,0.5238,61.2479276791932,1.41010466243292,2.20176487023071,"#989390"
"5176861973_10","5176861973_10.png",1,0.7152,89.6354671174909,-6.12368301553763,-2.43639976094762,"#D2E5E6"
"5176861973_10","5176861973_10.png",2,0.2848,60.2545649015407,2.53723394820709,2.74511356198777,"#98908D"
"5176861973_11","5176861973_11.png",1,0.7384,78.4592336567496,2.30205471864905,-2.63459589786316,"#C4C1C7"
"5176861973_11","5176861973_11.png",2,0.2616,42.8511321984861,34.7523200564889,15.4985806154103,"#9F4C4D"
"5176861973_12","5176861973_12.png",1,0.4734,85.6906972658782,-10.3575183060411,-1.58077662328831,"#BFDCD9"
"5176861973_12","5176861973_12.png",2,0.5266,60.6795114002569,-3.66033647050394,0.537285464297496,"#8C9491"
"5176861973_2","5176861973_2.png",1,0.7828,87.4001043604262,-8.14965912839898,0.912328429156507,"#CBE0D9"
"5176861973_2","5176861973_2.png",2,0.2172,46.3227786552944,33.4386297658215,14.1688450177537,"#A65658"
"5176861973_4","5176861973_4.png",1,0.4574,81.1934109801088,0.528058350076085,1.04157335475696,"#CCC9C8"
"5176861973_4","5176861973_4.png",2,0.5426,60.9535337517376,2.0950928939107,2.23962899019305,"#99928F"
"5176861973_5","5176861973_5.png",1,0.4208,85.8435593987625,0.00270717111892314,1.29677763343716,"#D8D7D4"
"5176861973_5","5176861973_5.png",2,0.5792,64.6037794420199,1.21234352666173,2.16037492007144,"#A19C99"
"5176861973_7","5176861973_7.png",1,0.4642,82.9671885618212,0.528190187451231,1.60540862987023,"#D1CECC"
"5176861973_7","5176861973_7.png",2,0.5358,58.291038237743,2.19593046343439,3.19870056749651,"#928B87"
"5176861973_8","5176861973_8.png",1,0.4132,83.4305174944784,0.55980101972029,1.18157509650128,"#D2CFCE"
"5176861973_8","5176861973_8.png",2,0.5868,62.3540897961672,1.98670324405914,2.2346021996006,"#9C9593"
"5176861973_9","5176861973_9.png",1,0.4734,84.7182353528087,0.451199129697529,0.723732396332038,"#D5D3D2"
"5176861973_9","5176861973_9.png",2,0.5266,62.6331317778311,1.62653652826366,4.19976069988178,"#9E9690"
"5180394617_1","5180394617_1.png",1,0.668288555108949,86.6842451746572,-0.00914414246033593,-1.24907426075815,"#D8D9DB"
"5180394617_1","5180394617_1.png",2,0.331711444891051,61.9228274335429,1.59728784583088,-3.37120315980223,"#96959C"
"5180394617_2","5180394617_2.png",1,0.612189727205702,88.6756608802916,-0.128896410936975,-1.58724692740729,"#DDDFE2"
"5180394617_2","5180394617_2.png",2,0.387810272794298,58.9678503221201,0.813474814388635,-3.83413166901498,"#8C8E95"
"5187566356_1","5187566356_1.png",1,0.599,83.9857193105192,-0.327964064145562,-2.16705852597682,"#CFD2D5"
"5187566356_1","5187566356_1.png",2,0.401,59.354530956402,2.6714862192558,1.85635115096216,"#958D8C"
"5198436085_1","5198436085_1.png",1,0.5372,83.4931839057257,3.1780202443753,-0.759847638819772,"#D6CED2"
"5198436085_1","5198436085_1.png",2,0.4628,46.407845709371,8.80900622292394,1.23442274295186,"#7E696C"
"5198436085_2","5198436085_2.png",1,0.5656,83.4350909671529,2.37774189333065,-1.16201809356235,"#D4CFD2"
"5198436085_2","5198436085_2.png",2,0.4344,47.2296775879763,6.2084616310996,0.435801297039459,"#7B6C6F"
"5198436085_3","5198436085_3.png",1,0.602,85.7548577272844,-0.652494523091768,-6.46167267185898,"#CFD7E2"
"5198436085_3","5198436085_3.png",2,0.398,57.8635024437186,3.03588232743409,-9.16511662148961,"#898A9B"
"5198436085_4","5198436085_4.png",1,0.6116,84.4166027064803,-0.69406116148978,-7.62938275217376,"#CAD4E1"
"5198436085_4","5198436085_4.png",2,0.3884,58.9560987507919,1.81294356275901,-9.21184459026072,"#898D9E"
"5198574796_1","5198574796_1.png",1,0.5826,78.5106076791611,3.20316441664369,-6.01246916259624,"#C3C1CD"
"5198574796_1","5198574796_1.png",2,0.4174,56.5589289366471,1.89653612785162,-2.44914099802786,"#89878C"
"5198967697_1","5198967697_1.png",1,0.6548,81.1581234207232,1.60282002463463,15.6130482489316,"#D8C8AD"
"5198967697_1","5198967697_1.png",2,0.3452,44.4298173097891,5.01638981091532,22.1727812643234,"#7D6544"
"5198975459_1","5198975459_1.png",1,0.6408,87.0094276441178,-0.968562344296006,-7.6066456661753,"#D1DBE8"
"5198975459_1","5198975459_1.png",2,0.3592,64.6211815445794,0.501570093805557,-9.43713098884612,"#959DAD"
"5198975459_2","5198975459_2.png",1,0.644,87.1642369273378,-0.31535433599533,-7.86154042480778,"#D2DBE9"
"5198975459_2","5198975459_2.png",2,0.356,64.6285150716553,1.19681531190333,-9.03714128846988,"#979DAD"
"5198975459_3","5198975459_3.png",1,0.6944,85.0993015658667,-0.586264122295035,-7.7293788707844,"#CCD5E3"
"5198975459_3","5198975459_3.png",2,0.3056,50.3497556319668,1.96911479299607,-11.2020834693277,"#71788B"
"5206228492_1","5206228492_1.png",1,0.6686,86.9782686891874,2.86800659994993,-2.48047069622416,"#DDD8DF"
"5206228492_1","5206228492_1.png",2,0.3314,58.4346798684745,2.98711826723849,2.03962252229349,"#938B89"
"5206325656_1","5206325656_1.png",1,0.5222,83.7477939527495,-0.723651358658703,-3.84307383211899,"#CCD1D8"
"5206325656_1","5206325656_1.png",2,0.4778,64.7350760902499,1.30404215059985,-2.26208703264653,"#9E9CA1"
"5206325656_2","5206325656_2.png",1,0.4984,86.7701039676113,-0.295525429972391,-4.96637251251828,"#D4DAE3"
"5206325656_2","5206325656_2.png",2,0.5016,66.4277169850539,1.5735749463625,-3.8030139618546,"#A1A1A8"
"5206325656_3","5206325656_3.png",1,0.5212,75.5044889656255,0.954658246366299,-3.39146457692001,"#B9BAC0"
"5206325656_3","5206325656_3.png",2,0.4788,57.656155175993,2.94633401606433,-3.11332939872328,"#8D8990"
"5206325656_4","5206325656_4.png",1,0.5044,84.1241682734876,-0.333628075728321,-3.08889089219082,"#CED2D8"
"5206325656_4","5206325656_4.png",2,0.4956,64.2138503124552,1.61704462687112,-1.88436208246303,"#9D9B9F"
"5206644829_1","5206644829_1.png",1,0.5694,87.7021319886798,0.195096185440275,-3.2836855304592,"#D9DCE2"
"5206644829_1","5206644829_1.png",2,0.4306,64.7784667504463,-0.584708365643085,-4.97036619315001,"#989EA6"
"5206791621_1","5206791621_1.png",1,0.5888,78.2187627667769,0.675794445511599,-0.476851472311853,"#C2C1C2"
"5206791621_1","5206791621_1.png",2,0.4112,56.9767394461844,1.3069654134048,2.4554912354941,"#8D8885"
"5206791621_2","5206791621_2.png",1,0.3958,87.0601644275162,1.39751751391173,-0.180430864489085,"#DDD9DA"
"5206791621_2","5206791621_2.png",2,0.6042,62.0094481190198,0.979304741732673,-0.185682081527799,"#979596"
"5216939223_1","5216939223_1.png",1,0.6132,87.2331764362136,2.27342123020134,3.24092389388591,"#E2D9D4"
"5216939223_1","5216939223_1.png",2,0.3868,67.0759034974628,4.66257120517187,8.01641316263475,"#B2A095"
"5217493725_1","5217493725_1.png",1,0.6352,84.2720860866947,2.94806231616353,1.0269171692522,"#D9D0D0"
"5217493725_1","5217493725_1.png",2,0.3648,68.115110918883,4.60295305371208,2.12413157587082,"#B0A3A2"
"5219366599_1","5219366599_1.png",1,0.5966,76.3139660048597,0.0507045333596251,5.19669037902029,"#C0BCB3"
"5219366599_1","5219366599_1.png",2,0.4034,56.4239299789049,-0.0611162039863219,6.19750774011321,"#8C877D"
"5230128321_1","5230128321_1.png",1,0.617,79.6554169554665,1.27240877418747,-3.86520554823118,"#C4C5CD"
"5230128321_1","5230128321_1.png",2,0.383,50.1967447706991,2.9899948263093,-3.33458462699727,"#7A767D"
"5230459452_1","5230459452_1.png",1,0.6498,80.2616941689965,-0.557168337204212,-0.065974993779713,"#C6C7C7"
"5230459452_1","5230459452_1.png",2,0.3502,55.1163731151304,-0.00661304440886153,-0.531308900125257,"#838485"
"5230978959_1","5230978959_1.png",1,0.748,88.191538334653,3.0265761241361,1.58919361051324,"#E5DBDA"
"5230978959_1","5230978959_1.png",2,0.252,60.89655388223,6.32739586379883,3.60021214707967,"#A18F8D"
"5230978959_2","5230978959_2.png",1,0.7588,88.4555218267716,2.56868996773664,0.991227482353553,"#E4DCDC"
"5230978959_2","5230978959_2.png",2,0.2412,58.9778243105228,4.55800038357624,2.53357328307387,"#988B8A"
"5230978959_3","5230978959_3.png",1,0.7796,89.7628543722073,2.38113643185114,-0.385180285053676,"#E6E0E2"
"5230978959_3","5230978959_3.png",2,0.2204,56.0566120684105,4.50332041564752,0.975499074738769,"#8F8485"
"5230978959_4","5230978959_4.png",1,0.755,88.0987859574595,3.16273579808493,-0.466894142509988,"#E3DBDE"
"5230978959_4","5230978959_4.png",2,0.245,50.5524475727364,5.84634000491261,0.597666184584564,"#837577"
"5237534866_1","5237534866_1.png",1,0.6212,81.9183651732068,-3.53431779831326,-2.57092252736765,"#C2CED0"
"5237534866_1","5237534866_1.png",2,0.3788,55.2655488007823,-2.59387470072828,-3.67881167509143,"#7C868B"
"5237673830_1","5237673830_1.png",1,0.25,77.8593779495765,-2.45153241562745,-5.10012741331585,"#B7C2CA"
"5237673830_1","5237673830_1.png",2,0.75,51.0357130261052,1.41368071629552,-11.5564337350725,"#727A8D"
"5237751834_1","5237751834_1.png",1,0.4638,70.9481019838483,-0.233848571810534,-5.28444191343207,"#A8AEB7"
"5237751834_1","5237751834_1.png",2,0.5362,44.798777311654,2.12391783265191,-13.0712363871119,"#626A80"
"5238043783_1","5238043783_1.png",1,0.4416,70.188028191392,2.40941062271206,1.51124792381668,"#B1AAA9"
"5238043783_1","5238043783_1.png",2,0.5584,31.9311918589497,3.98457976285239,5.04236229257533,"#554943"
"5238090770_1","5238090770_1.png",1,0.5502,81.6507844206484,0.37472337926724,-0.791342330783337,"#CBCBCC"
"5238090770_1","5238090770_1.png",2,0.4498,45.1423745309272,3.55603053091502,-8.92460757581068,"#6A6A7A"
"5238174140_1","5238174140_1.png",1,0.575,79.2243858990515,-0.331450677132215,-0.115746542694242,"#C3C4C4"
"5238174140_1","5238174140_1.png",2,0.425,56.6832074723968,-0.672410194284673,1.79205401510594,"#888885"
"5238283801_1","5238283801_1.png",1,0.3764,73.676717531649,-1.06572279665035,-2.1725188527538,"#B1B6B9"
"5238283801_1","5238283801_1.png",2,0.6236,50.9274410530838,-1.18737857537767,-0.432085414468425,"#777A7A"
"5238321782_1","5238321782_1.png",1,0.5358,77.3806749871969,-0.830034287667778,-6.42901814358242,"#B8C0CB"
"5238321782_1","5238321782_1.png",2,0.4642,52.2373315901613,5.74594562364454,-13.495080921513,"#7B7A94"
"5281923114_1","5281923114_1.png",1,0.7468,78.8072427432472,-0.308380314315198,2.26079703739154,"#C4C3BF"
"5281923114_1","5281923114_1.png",2,0.2532,52.1156627903662,-7.16818281171604,17.7802863912269,"#7C7F5E"
"5282127511_1","5282127511_1.png",1,0.6542,67.8135495986583,-0.272329846916955,-5.92607786703799,"#9FA6B0"
"5282127511_1","5282127511_1.png",2,0.3458,42.4411325228336,-0.646453039452637,-0.150475198093785,"#636564"
"5282574916_1","5282574916_1.png",1,0.5246,94.978535404255,0.760503769767888,-1.98840992529275,"#F0F0F4"
"5282574916_1","5282574916_1.png",2,0.4754,68.2205565516063,-0.378922049620339,-4.76134990410673,"#A1A7AF"
"5282574916_2","5282574916_2.png",1,0.57258064516129,69.1194666228407,7.02230558348682,2.61138018835295,"#B8A4A4"
"5282574916_2","5282574916_2.png",2,0.42741935483871,53.3977390318164,1.92040300925382,-8.32352717043341,"#7C7F8E"
"5292001597_1","5292001597_1.png",1,0.4842,80.5547224065831,-1.41177277127505,0.0148102546917164,"#C5C9C8"
"5292001597_1","5292001597_1.png",2,0.5158,64.3685086430267,-3.4168621727221,4.46335364123987,"#999E94"
"5292537065_1","5292537065_1.png",1,0.6114,85.6684029644377,-0.216636192698301,-5.74021244960312,"#D0D7E1"
"5292537065_1","5292537065_1.png",2,0.3886,58.402106926183,1.6874021765717,-3.75232970174794,"#8C8C93"
"5292537065_2","5292537065_2.png",1,0.611,84.2280517314834,0.16895063091991,-3.57803683796954,"#CFD2D9"
"5292537065_2","5292537065_2.png",2,0.389,59.2655938722251,3.0924718234318,1.27606608301327,"#958D8D"
"5292537065_3","5292537065_3.png",1,0.635,80.8438283628456,-0.470443714247946,-5.12719035846947,"#C3C9D2"
"5292537065_3","5292537065_3.png",2,0.365,59.143756910484,0.621822806977078,-3.80277719810802,"#8C8E95"
"5292621560_1","5292621560_1.png",1,0.8334,83.4826332715427,-1.07918655096173,0.271225581761078,"#CED1CF"
"5292621560_1","5292621560_1.png",2,0.1666,34.7016465186705,4.08628593852245,5.18807366843827,"#5B4F4A"
"5716681309_1","5716681309_1.png",1,0.8534,65.9054803731828,0.682337682276077,-4.86815579472887,"#9DA0A9"
"5716681309_1","5716681309_1.png",2,0.1466,23.2645755867408,8.20031858557567,-18.1615861919715,"#353553"
"5716681309_2","5716681309_2.png",1,0.4746,78.6772698328775,0.39000310984849,-3.54990583788751,"#C0C3C9"
"5716681309_2","5716681309_2.png",2,0.5254,60.2674191911066,0.55864384858956,-6.23552664099264,"#8D919C"
"5759771061_1","5759771061_1.png",1,0.549,72.5837466172307,-0.472497742550089,0.109476784022256,"#B1B2B2"
"5759771061_1","5759771061_1.png",2,0.451,49.1786674696587,-0.710369390710286,1.23750203492433,"#757573"
"5759920768_1","5759920768_1.png",1,0.4976,74.0427309983552,-0.368492855929949,-3.77730271673339,"#B2B6BD"
"5759920768_1","5759920768_1.png",2,0.5024,55.399291776248,0.600533553840233,-3.5189921540114,"#83858B"
"5760022289_1","5760022289_1.png",1,0.6456,74.5085724407745,0.453404221630376,-1.81338235754385,"#B7B7BB"
"5760022289_1","5760022289_1.png",2,0.3544,47.577595351079,5.5645064788168,-5.94050385018719,"#766E7B"
"5760022289_2","5760022289_2.png",1,0.485,74.5594055858594,0.720718785580805,-0.651408930836441,"#B8B7B9"
"5760022289_2","5760022289_2.png",2,0.515,47.6612800639066,7.44555003084622,-4.68911013418278,"#7A6D79"
"5760415423_1","5760415423_1.png",1,0.6122,76.3832804285059,3.20197496288928,7.43945809831532,"#C8BAAF"
"5760415423_1","5760415423_1.png",2,0.3878,53.2521123741228,4.43331424690756,2.0501054470332,"#887D7C"
"5760415423_10","5760415423_10.png",1,0.6354,79.0726314271863,2.06056793764528,5.56297067351234,"#CCC2BA"
"5760415423_10","5760415423_10.png",2,0.3646,53.7977200651329,3.90562376639675,5.86236132631781,"#8C7E77"
"5760415423_2","5760415423_2.png",1,0.5908,76.8037659840898,3.23418346324728,7.93940136470954,"#CABBAF"
"5760415423_2","5760415423_2.png",2,0.4092,55.6394386309604,4.73151730119503,2.32719633945633,"#8F8281"
"5760415423_3","5760415423_3.png",1,0.5604,75.8637768197839,2.74676250637216,6.29003431053594,"#C5B9B0"
"5760415423_3","5760415423_3.png",2,0.4396,56.8279519437778,4.70077264194566,4.15064316670182,"#948581"
"5760415423_4","5760415423_4.png",1,0.6398,81.3066594671867,2.74182758896084,2.53653460895738,"#D1C8C5"
"5760415423_4","5760415423_4.png",2,0.3602,61.709966298353,5.53093338691227,-1.005837036642,"#9E9297"
"5760415423_5","5760415423_5.png",1,0.6342,78.1800767565271,2.50388891140592,3.48841322645745,"#C9C0BB"
"5760415423_5","5760415423_5.png",2,0.3658,54.2837197927126,4.56099270970405,0.112072098041046,"#8A7F82"
"5760415423_6","5760415423_6.png",1,0.6226,79.0112976217933,2.89342681238823,2.11279663063279,"#CBC2C0"
"5760415423_6","5760415423_6.png",2,0.3774,51.6698143781753,4.80705754348127,-0.0557320706757855,"#84787B"
"5760415423_7","5760415423_7.png",1,0.6018,78.2175824272666,2.28649710804288,5.42237675426767,"#CAC0B8"
"5760415423_7","5760415423_7.png",2,0.3982,54.3707040860571,4.39941567786531,4.07583548343203,"#8D7F7B"
"5760415423_8","5760415423_8.png",1,0.4688,73.3578075530443,2.78423952967951,2.87525417152647,"#BCB2AF"
"5760415423_8","5760415423_8.png",2,0.5312,44.3197672508103,3.95468505208508,2.09520632199258,"#716665"
"5760415423_9","5760415423_9.png",1,0.5744,74.2924598143801,2.49619262775136,5.54605962946114,"#C0B5AD"
"5760415423_9","5760415423_9.png",2,0.4256,46.0705408519392,3.68970251938369,3.91189548892179,"#766B67"
"5761025261_1","5761025261_1.png",1,0.7098,86.7616529572639,-0.851426147556131,-2.60374403642235,"#D5DADE"
"5761025261_1","5761025261_1.png",2,0.2902,52.0632135474137,0.747244069230534,-1.83306033665864,"#7C7C7F"
"5827458319_1","5827458319_1.png",1,0.6014,66.0304047902709,0.740743350367448,3.02268499446965,"#A4A09B"
"5827458319_1","5827458319_1.png",2,0.3986,38.7296828885426,2.19329402998752,7.8942989246698,"#645A4F"
"5827560801_1","5827560801_1.png",1,0.5366,71.0646656831042,-2.03380306859252,-0.258218878595126,"#AAAFAE"
"5827560801_1","5827560801_1.png",2,0.4634,40.1241384436382,-3.19626301017733,-2.34931810114348,"#576062"
"5827560801_2","5827560801_2.png",1,0.4802,76.9144183840655,-1.24482327710692,-0.275331436200941,"#BBBFBE"
"5827560801_2","5827560801_2.png",2,0.5198,49.1393973845956,-1.26156475801734,-3.20886957426654,"#70767A"
"5827560801_3","5827560801_3.png",1,0.4398,85.8189774006553,-0.486194612940917,-2.05687009218881,"#D4D7DA"
"5827560801_3","5827560801_3.png",2,0.5602,59.3011290144104,-1.16445462132615,-4.19327019072272,"#899096"
"5827965567_2","5827965567_2.png",1,0.6598,80.5962852800801,0.0460083732354999,0.620243932329073,"#C9C8C7"
"5827965567_2","5827965567_2.png",2,0.3402,63.0713776122393,0.233273375361757,0.400496734134996,"#999898"
"5827965567_5","5827965567_5.png",1,0.5584,78.0588157419307,-0.0686524628728636,1.05703112024044,"#C2C1BF"
"5827965567_5","5827965567_5.png",2,0.4416,56.7532441130431,1.09596968870169,1.97649575101922,"#8C8785"
"5828410576_1","5828410576_1.png",1,0.726,81.8376481893587,-0.661962355911667,0.787450200048549,"#CBCCCA"
"5828410576_1","5828410576_1.png",2,0.274,39.4513755720218,2.99480827417106,5.68785861103127,"#665B54"
"5828504252_1","5828504252_1.png",1,0.621,79.8609533353103,3.65757495631388,-2.05877510584611,"#CBC4CA"
"5828504252_1","5828504252_1.png",2,0.379,45.8992855269291,8.6734660751722,-7.08795452244161,"#766879"
"5828504252_2","5828504252_2.png",1,0.6792,76.5454624159147,3.82493240370983,-6.4765766847408,"#BFBBC9"
"5828504252_2","5828504252_2.png",2,0.3208,39.6187391294415,8.31805375986712,-13.1036287051952,"#615A73"
"5828504252_3","5828504252_3.png",1,0.6162,82.4142362434329,2.75562904283445,0.503931154684999,"#D3CBCC"
"5828504252_3","5828504252_3.png",2,0.3838,55.0772252808229,4.21766257422708,-1.43159267899016,"#8A8286"
"5828534906_1","5828534906_1.png",1,0.6546,82.8210310288928,0.645309601636531,2.28737413861139,"#D1CECA"
"5828534906_1","5828534906_1.png",2,0.3454,58.1940569327512,2.45406468385238,10.6227004801579,"#988A7A"
"5828602786_1","5828602786_1.png",1,0.6892,78.6214282353692,0.531497512264361,2.43585151514009,"#C6C2BE"
"5828602786_1","5828602786_1.png",2,0.3108,49.3486317892923,1.53268160936787,7.10452509710487,"#7D7469"
"5828676655_1","5828676655_1.png",1,0.523,75.2786675140323,0.356945617113944,-0.303538857993941,"#BAB9BA"
"5828676655_1","5828676655_1.png",2,0.477,42.9017709604136,2.12140219895644,0.725139382210395,"#696464"
"5828676655_2","5828676655_2.png",1,0.6146,79.9647416035292,-0.314389318700367,-0.204260351073624,"#C5C6C7"
"5828676655_2","5828676655_2.png",2,0.3854,48.9528654006066,1.14876059616053,1.62763086996726,"#787472"
"5828742124_1","5828742124_1.png",1,0.6324,61.9621962430511,-0.542520504816566,-7.43219787983387,"#8E97A3"
"5828742124_1","5828742124_1.png",2,0.3676,28.9802910593852,5.03328014672975,-15.4333294515831,"#3F435C"
"5828863830_1","5828863830_1.png",1,0.7968,89.9163469038814,0.16946026766639,-0.563922111730081,"#E2E2E3"
"5828863830_1","5828863830_1.png",2,0.2032,67.9556931871581,2.33666757953355,1.57315256006814,"#ABA4A3"
"5828863830_2","5828863830_2.png",1,0.69,84.7683451758876,1.4685874742822,-0.669591434559443,"#D6D3D5"
"5828863830_2","5828863830_2.png",2,0.31,64.5247328978119,2.5685134829489,0.255527941846459,"#A19B9C"
"5828863830_3","5828863830_3.png",1,0.7154,86.4762535719437,1.02408282544176,-2.80841466581399,"#D8D8DE"
"5828863830_3","5828863830_3.png",2,0.2846,64.678443060713,3.08950073695968,-0.028204288253685,"#A39B9D"
"5828863830_4","5828863830_4.png",1,0.6732,79.5539687334758,0.935509933007047,-0.474515831982731,"#C7C5C6"
"5828863830_4","5828863830_4.png",2,0.3268,55.6237824524285,2.84942621191222,-1.08125819081563,"#8A8487"
"5829214898_1","5829214898_1.png",1,0.6172,74.1020319008997,-0.32415635048994,3.83870422144965,"#B9B6AF"
"5829214898_1","5829214898_1.png",2,0.3828,53.4401859790208,-0.266369762968641,8.10025924316182,"#857F72"
"5829275763_1","5829275763_1.png",1,0.499,72.7233482631854,0.118652887362053,1.43854452449161,"#B4B2B0"
"5829275763_1","5829275763_1.png",2,0.501,61.6177919362775,0.417211136350698,3.1802533447801,"#98948F"
"5830359977_1","5830359977_1.png",1,0.48,72.7085011190398,-0.325203135775896,-1.81737058667082,"#B0B3B6"
"5830359977_1","5830359977_1.png",2,0.52,61.6727551690131,-0.411076072360418,-2.19131028232331,"#929599"
"5830359977_2","5830359977_2.png",1,0.472,72.1919311345557,-0.166169551379331,-1.27032997477623,"#B0B1B3"
"5830359977_2","5830359977_2.png",2,0.528,61.4232598625985,-0.309847059608968,-1.95998049914075,"#929598"
"5830359977_3","5830359977_3.png",1,0.447,72.8051589399905,-0.451932422480529,-1.68130393525239,"#B0B3B6"
"5830359977_3","5830359977_3.png",2,0.553,63.8202511539153,-0.636774707276282,-2.56077372663637,"#979B9F"
"5830657227_1","5830657227_1.png",1,0.4784,90.039892276096,1.42280585615656,-5.58607785215221,"#E0E2ED"
"5830657227_1","5830657227_1.png",2,0.5216,78.4224423914411,2.24042790026588,-7.25583425107473,"#C0C1CF"
"5830717863_1","5830717863_1.png",1,0.8504,87.8698831155139,-0.720121583458441,-2.33874323136458,"#D9DDE1"
"5830717863_1","5830717863_1.png",2,0.1496,54.1571967302766,0.820501188380967,-0.200182853897778,"#838182"
"5830717863_2","5830717863_2.png",1,0.5466,86.7611437773681,-1.67860800333038,-3.41545703360625,"#D3DAE0"
"5830717863_2","5830717863_2.png",2,0.4534,72.2849978335129,-0.972050897747234,-2.39765621420152,"#ADB2B6"
"5830717863_3","5830717863_3.png",1,0.603,85.1438826550817,-1.69420102795921,-3.93776098337994,"#CED6DC"
"5830717863_3","5830717863_3.png",2,0.397,69.9377184626884,-0.864492425808703,-2.27264180170337,"#A7ACAF"
"5831033623_1","5831033623_1.png",1,0.6012,85.0802108709753,2.56331491239478,-6.51610248654068,"#D4D3E1"
"5831033623_1","5831033623_1.png",2,0.3988,59.3814192424044,4.04203540385697,-9.38330309364493,"#8E8D9F"
"5837644281_1","5837644281_1.png",1,0.5752,77.987030408535,0.432048581017103,-1.92883923853749,"#C0C1C4"
"5837644281_1","5837644281_1.png",2,0.4248,49.6392191751838,1.48516687282868,-2.68706656467133,"#77757B"
"5837978934_1","5837978934_1.png",1,0.6986,85.5338044273102,-0.938695018674683,4.39405339218195,"#D8D6CD"
"5837978934_1","5837978934_1.png",2,0.3014,57.290097498304,4.57175568306455,8.47773047965575,"#97867B"
"5838004830_1","5838004830_1.png",1,0.7388,88.9140371606885,1.96089774653226,-6.15555155232437,"#DEDFEB"
"5838004830_1","5838004830_1.png",2,0.2612,63.4605742507445,4.28809040928546,-6.13452391311225,"#9C98A5"
"5838014321_1","5838014321_1.png",1,0.5498,79.1101815361128,0.776518837111638,-0.777983148228916,"#C5C3C5"
"5838014321_1","5838014321_1.png",2,0.4502,57.7864792833588,2.39502304910393,1.36700757656015,"#908989"
"5838014321_2","5838014321_2.png",1,0.556,78.0035060332655,0.776119975348479,-1.12834558186228,"#C1C0C3"
"5838014321_2","5838014321_2.png",2,0.444,57.2559278006831,1.8009238081686,1.04253569702712,"#8D8888"
"5838014321_3","5838014321_3.png",1,0.5428,78.3307750006259,0.985207568932402,-1.02702092719569,"#C3C1C4"
"5838014321_3","5838014321_3.png",2,0.4572,57.855072283957,2.39803555175543,1.01760722299921,"#908A89"
"5839899762_1","5839899762_1.png",1,0.7662,73.4914735678841,0.466638223017707,-0.260372106105668,"#B5B4B5"
"5839899762_1","5839899762_1.png",2,0.2338,50.8206700885232,1.19328530937923,-3.45809391913527,"#78797F"
"5839899762_2","5839899762_2.png",1,0.6374,76.6747748456735,0.93532476071859,-2.65383963866813,"#BDBDC2"
"5839899762_2","5839899762_2.png",2,0.3626,50.4691240934112,2.67307463824522,4.69268923210276,"#807670"
"5839899762_3","5839899762_3.png",1,0.6312,80.249122960677,0.537297274730127,-2.02109581876572,"#C6C7CB"
"5839899762_3","5839899762_3.png",2,0.3688,57.1867744284851,2.05801646519835,1.00656008649118,"#8E8888"
"5839899762_4","5839899762_4.png",1,0.5368,79.9752989437646,-1.15077004364491,-3.42952213889489,"#C1C7CD"
"5839899762_4","5839899762_4.png",2,0.4632,58.5508629159442,0.0587187229861723,-7.82989013551883,"#868D9A"
"5839899762_5","5839899762_5.png",1,0.6644,76.4815655245704,-0.898050515706641,-4.89843207409586,"#B6BEC6"
"5839899762_5","5839899762_5.png",2,0.3356,54.2006095810069,1.63076585007532,-14.78273399617,"#77829B"
"5840156569_1","5840156569_1.png",1,0.6896,71.2019086169359,0.483550815746682,6.57613164934248,"#B4AEA2"
"5840156569_1","5840156569_1.png",2,0.3104,51.6396398458955,1.89387669014633,15.2546137304342,"#887961"
"5840156569_2","5840156569_2.png",1,0.6712,70.5993383960876,1.35686929184866,7.22198205726534,"#B5ABA0"
"5840156569_2","5840156569_2.png",2,0.3288,44.1013759934175,3.42079895262356,9.98293609042642,"#746658"
"5840156569_3","5840156569_3.png",1,0.6542,65.0716091282744,1.52584421946855,7.18803447484142,"#A69D91"
"5840156569_3","5840156569_3.png",2,0.3458,37.2952501257269,3.49626949160348,11.1447896626231,"#645546"
"5840156569_4","5840156569_4.png",1,0.6654,67.7280526317381,1.14152932221864,2.65348338531647,"#A9A4A0"
"5840156569_4","5840156569_4.png",2,0.3346,44.7599777431489,4.44529624252524,8.679603899028,"#77675C"
"5840281297_1","5840281297_1.png",1,0.6252,67.4707866624248,2.28935063988169,-0.949909111962799,"#A8A3A6"
"5840281297_1","5840281297_1.png",2,0.3748,39.9217262676419,15.4665333400957,15.6422856746242,"#7E5445"
"5840431702_1","5840431702_1.png",1,0.5,76.8685413457368,0.30099044381481,-1.09569796157245,"#BDBEC0"
"5840431702_1","5840431702_1.png",2,0.5,57.0039148826978,3.73675713727363,6.41312638279374,"#94867E"
"5840431702_2","5840431702_2.png",1,0.6172,64.2677669817851,1.36859118472258,3.2325877938681,"#A19B96"
"5840431702_2","5840431702_2.png",2,0.3828,37.3241301693626,5.13520136965349,8.93211688551022,"#65554A"
"5840437875_1","5840437875_1.png",1,0.6532,79.9247885631228,0.222547416736506,-0.12368159726933,"#C6C6C6"
"5840437875_1","5840437875_1.png",2,0.3468,58.0058700099798,1.92641694751742,2.08706107854737,"#908A88"
"5840706202_1","5840706202_1.png",1,0.7074,80.295546314198,5.99621665755794,1.3219536532707,"#D4C3C5"
"5840706202_1","5840706202_1.png",2,0.2926,49.0691772654195,8.45810803114192,13.5595649059807,"#8B6F5E"
"5840706202_2","5840706202_2.png",1,0.6644,78.2539467385629,6.7121234633322,0.524978011128348,"#CFBDC1"
"5840706202_2","5840706202_2.png",2,0.3356,48.4068102392797,8.08250553598299,11.9216749001533,"#886E5F"
"5840790183_1","5840790183_1.png",1,0.6286,85.0980516311032,0.958799639742787,-1.84519762499992,"#D5D4D8"
"5840790183_1","5840790183_1.png",2,0.3714,58.3022039382459,2.9972391821784,-3.9346884184149,"#8E8B93"
"5844112382_1","5844112382_1.png",1,0.7614,87.6588887587199,0.18598994281102,-4.72028823817829,"#D8DCE5"
"5844112382_1","5844112382_1.png",2,0.2386,58.3817675779677,2.10053399933418,1.77604207130652,"#928B89"
"5844122892_1","5844122892_1.png",1,0.2602,84.8125991680127,-0.043737863842673,-3.02625213742368,"#D1D4D9"
"5844122892_1","5844122892_1.png",2,0.7398,73.7864165764744,-0.860226452508893,-5.69634793649535,"#AEB6C0"
"5844122892_2","5844122892_2.png",1,0.271,84.4158116047636,-0.149145461757839,-3.20509922099018,"#CFD3D9"
"5844122892_2","5844122892_2.png",2,0.729,73.625726921985,-0.892070268142124,-5.75310830389466,"#AEB6BF"
"5844122892_3","5844122892_3.png",1,0.4592,77.3690382171689,1.47950195518521,3.9407233112301,"#C5BEB8"
"5844122892_3","5844122892_3.png",2,0.5408,53.4191829517449,3.22202704435762,3.71893605468004,"#887E79"
"5844122892_4","5844122892_4.png",1,0.3534,69.6361978327623,0.954783513104055,-0.507130968419168,"#ABAAAB"
"5844122892_4","5844122892_4.png",2,0.6466,56.7743893600924,0.206378262834871,-5.40131810098428,"#848891"
"5844122892_5","5844122892_5.png",1,0.3844,75.1463333261374,0.514007798051907,-0.256207485055325,"#BAB9B9"
"5844122892_5","5844122892_5.png",2,0.6156,56.6602259504432,0.341459250960721,-3.04894680241625,"#86888D"
"5844122892_6","5844122892_6.png",1,0.325,86.958359349424,-0.699579725555686,-2.55051933519072,"#D6DADF"
"5844122892_6","5844122892_6.png",2,0.675,75.260266422952,-1.17123343110205,-5.02112975518503,"#B2BAC2"
"5844399005_1","5844399005_1.png",1,0.6604,66.4844760769237,1.07369106737032,1.27847847823644,"#A5A19F"
"5844399005_1","5844399005_1.png",2,0.3396,36.7089610611281,4.60000560770338,5.18270034291123,"#61544E"
"5844399005_2","5844399005_2.png",1,0.661,71.4221399895984,0.983152755871998,0.931394244626987,"#B2AEAD"
"5844399005_2","5844399005_2.png",2,0.339,46.6108722742678,2.4982252342064,1.05753433710265,"#746D6D"
"5867808684_1","5867808684_1.png",1,0.676,73.2463521970107,0.0428305980806194,1.07970560901104,"#B5B4B2"
"5867808684_1","5867808684_1.png",2,0.324,44.388946327719,3.09396466423251,2.90548217933752,"#706764"
"5868050927_1","5868050927_1.png",1,0.4876,69.2178188314332,-0.508218462326995,-2.86046468641498,"#A6A9AE"
"5868050927_1","5868050927_1.png",2,0.5124,38.5441361268737,1.25324831633774,3.05997998798493,"#5F5A56"
"5868050927_2","5868050927_2.png",1,0.5878,61.8584993310336,0.069653080118104,-0.82804964829803,"#959597"
"5868050927_2","5868050927_2.png",2,0.4122,36.3581618372805,3.57238738027816,7.49842130081228,"#60534A"
"5868052592_1","5868052592_1.png",1,0.5152,56.2826619830386,0.196385111340535,-3.54363298660846,"#84878D"
"5868052592_1","5868052592_1.png",2,0.4848,24.8334358758518,0.784398851699616,-5.06315162851684,"#383B42"
"5868194220_1","5868194220_1.png",1,0.3574,82.6480218850618,1.56586343921476,19.9949510763996,"#DFCBA8"
"5868194220_1","5868194220_1.png",2,0.6426,53.4520266845309,2.27162432047456,-6.65559885254648,"#7E7F8B"
"5889464411_1","5889464411_1.png",1,0.725,90.0939816496665,-1.23863184407436,0.683687826695925,"#E1E3E1"
"5889464411_1","5889464411_1.png",2,0.275,62.6273113109354,0.928591395112622,8.58370626746734,"#9F9688"
"5889464411_2","5889464411_2.png",1,0.6488,87.4840006692692,-1.43020319216951,1.13011991173219,"#D9DCD9"
"5889464411_2","5889464411_2.png",2,0.3512,65.1265077189727,1.07930522416741,8.16867207539468,"#A69D90"
"5890068155_1","5890068155_1.png",1,0.8536,76.780949526861,1.50311226844694,0.852935229020989,"#C1BDBC"
"5890068155_1","5890068155_1.png",2,0.1464,33.9663490870613,4.38007360490401,7.17419264775283,"#5B4D45"
"5890120580_1","5890120580_1.png",1,0.58089707649179,73.0933676990154,0.176301866431687,-3.67994099004345,"#B1B4BA"
"5890120580_1","5890120580_1.png",2,0.41910292350821,56.4859566500646,0.652095409410017,-1.27588221799479,"#88878A"
"5890209987_1","5890209987_1.png",1,0.582,76.3973817290618,-0.597943906391596,0.993564868946955,"#BCBDBB"
"5890209987_1","5890209987_1.png",2,0.418,49.4297678441144,0.791544329740352,2.47084574989117,"#797571"
"5890209987_2","5890209987_2.png",1,0.6194,69.8408093051899,0.235555715297187,1.40790417450009,"#ACAAA8"
"5890209987_2","5890209987_2.png",2,0.3806,43.7999022469975,2.13571946813317,3.67493911235605,"#6E6662"
"5890209987_3","5890209987_3.png",1,0.6098,68.8625207363675,-0.722559051208891,0.167755122040947,"#A7A8A8"
"5890209987_3","5890209987_3.png",2,0.3902,46.2674780575405,0.651934156078816,1.28129963507417,"#706D6B"
"5901309242_1","5901309242_1.png",1,0.657,69.7915460051612,0.703001877475654,3.12732438240578,"#AEAAA5"
"5901309242_1","5901309242_1.png",2,0.343,51.8515592440972,0.156832941368124,3.07573416678076,"#7E7B76"
"5901445011_1","5901445011_1.png",1,0.738,85.7199379538623,0.541163048577146,-2.24389219528771,"#D5D6DA"
"5901445011_1","5901445011_1.png",2,0.262,58.5939843432886,2.6200197630778,3.8495002506317,"#958B86"
"5901445011_2","5901445011_2.png",1,0.658,81.5809005844506,0.454098683981645,-1.8719314357252,"#CACBCE"
"5901445011_2","5901445011_2.png",2,0.342,48.7703028168515,4.60187410817419,2.70325774133863,"#7E716F"
"5902896683_2 - Copy","5902896683_2 - Copy.png",1,0.5522,81.7750709512089,-1.33825819908865,-4.08374509240285,"#C5CCD3"
"5902896683_2 - Copy","5902896683_2 - Copy.png",2,0.4478,58.333656671368,-0.00788522443447905,-5.47973715183346,"#878D96"
"5902896683_2","5902896683_2.png",1,0.539,82.4512094789211,-1.29390453329421,-3.89623324658657,"#C7CED4"
"5902896683_2","5902896683_2.png",2,0.461,58.5952404886839,-0.0874686363528228,-5.37603149832268,"#888D96"
"5903213695_1","5903213695_1.png",1,0.6176,79.8827276789243,-0.204373245119538,0.235453789779909,"#C6C6C6"
"5903213695_1","5903213695_1.png",2,0.3824,52.5148461097631,0.250647729352957,1.85783786577746,"#7F7D7A"
"5908629606_1","5908629606_1.png",1,0.5106,72.4251031114949,-0.494343766331675,5.1339947257584,"#B5B2A8"
"5908629606_1","5908629606_1.png",2,0.4894,51.6471972978179,-0.0246396189330314,6.39121030447793,"#807B70"
"5908629606_10","5908629606_10.png",1,0.5684,80.0029790120233,-0.150183157920285,0.107450571718534,"#C6C6C6"
"5908629606_10","5908629606_10.png",2,0.4316,61.3644612813607,-0.131163454028291,2.51865562508491,"#969490"
"5908629606_11","5908629606_11.png",1,0.56,70.4646799610034,-0.466028569597068,4.0948526340674,"#AFACA5"
"5908629606_11","5908629606_11.png",2,0.44,54.0195833222541,-0.239855087850455,6.33458963411299,"#858176"
"5908629606_12","5908629606_12.png",1,0.5734,70.9800455139366,-0.383425158355711,4.52232151960922,"#B1AEA6"
"5908629606_12","5908629606_12.png",2,0.4266,55.5200473162753,0.0944968171654379,6.73492410548123,"#8A8479"
"5908629606_13","5908629606_13.png",1,0.5258,80.076391179696,-0.54810832052281,2.0031568768285,"#C7C7C3"
"5908629606_13","5908629606_13.png",2,0.4742,61.5221233371939,-0.541031796281925,4.76340584167626,"#97958C"
"5908629606_14","5908629606_14.png",1,0.4292,76.9634462850711,-0.718264618295296,1.94890800196892,"#BEBEBA"
"5908629606_14","5908629606_14.png",2,0.5708,60.2686562027243,-0.417143274183692,5.00917217273034,"#949188"
"5908629606_15","5908629606_15.png",1,0.5246,74.6896540275961,-0.423825062146658,-0.00747991800579697,"#B7B8B8"
"5908629606_15","5908629606_15.png",2,0.4754,54.3225859292826,-0.253931023460805,2.14133267405538,"#83827E"
"5908629606_16","5908629606_16.png",1,0.6314,82.289766949762,-0.346203938118259,1.05088848969206,"#CDCDCB"
"5908629606_16","5908629606_16.png",2,0.3686,62.21985685351,-0.147049776652601,3.31895344735097,"#999691"
"5908629606_17","5908629606_17.png",1,0.548,81.5983722579327,-0.789915914672792,4.07026139354036,"#CDCBC3"
"5908629606_17","5908629606_17.png",2,0.452,66.2587391872508,-0.499160916651411,3.9334126413819,"#A3A19A"
"5908629606_18","5908629606_18.png",1,0.5024,78.467517587476,-0.564837493801752,0.962730791756954,"#C2C2C0"
"5908629606_18","5908629606_18.png",2,0.4976,62.8013703544357,-0.616198793233742,3.14502975709137,"#999892"
"5908629606_19","5908629606_19.png",1,0.5986,83.8724611809185,-0.325949094087302,0.4195218536312,"#D1D1D0"
"5908629606_19","5908629606_19.png",2,0.4014,66.1775937480574,-0.617062594507553,4.42392931166557,"#A3A199"
"5908629606_2","5908629606_2.png",1,0.5386,74.768127810348,-0.436218173319599,3.66918832929451,"#BAB8B1"
"5908629606_2","5908629606_2.png",2,0.4614,57.5525018166538,-0.324126858902958,4.55403845228292,"#8D8A82"
"5908629606_20","5908629606_20.png",1,0.5148,76.8287350112858,-0.733180764243425,2.9120519535856,"#BFBEB8"
"5908629606_20","5908629606_20.png",2,0.4852,57.8570483677031,-0.56202825435146,5.53617155390275,"#8E8B81"
"5908629606_3","5908629606_3.png",1,0.5476,81.0252253273706,-0.498902991343642,1.68959572470541,"#CAC9C6"
"5908629606_3","5908629606_3.png",2,0.4524,65.4714438369304,-0.742598366884198,4.07306537184752,"#A19F98"
"5908629606_4","5908629606_4.png",1,0.5838,77.9058826938007,-0.745384738548984,0.769766242286853,"#C0C1BF"
"5908629606_4","5908629606_4.png",2,0.4162,60.2387051338156,-0.625618020269,3.70077508225099,"#93918B"
"5908629606_5","5908629606_5.png",1,0.5318,71.054552565962,-0.29942621864397,4.95056062357809,"#B1AEA5"
"5908629606_5","5908629606_5.png",2,0.4682,51.8491155606501,0.00698862165346812,7.72946064292843,"#817B6E"
"5908629606_6","5908629606_6.png",1,0.5456,67.2594728679114,-0.44700073696691,4.85386911228912,"#A7A49B"
"5908629606_6","5908629606_6.png",2,0.4544,47.1808519402947,-0.160225826637929,6.48109644260065,"#747065"
"5908629606_7","5908629606_7.png",1,0.5216,67.7957342783844,-0.0303784497212754,2.79400487167964,"#A7A5A0"
"5908629606_7","5908629606_7.png",2,0.4784,47.7349105873756,0.161357222537333,5.46962322904646,"#757168"
"5908629606_8","5908629606_8.png",1,0.4394,66.8333700001315,0.118486497825306,3.04558292419244,"#A5A29D"
"5908629606_8","5908629606_8.png",2,0.5606,50.060368815813,0.276745877993627,4.5151570363601,"#7B776F"
"5908629606_9","5908629606_9.png",1,0.5218,70.7842666347723,-0.280846431551712,3.8719068830187,"#B0ADA6"
"5908629606_9","5908629606_9.png",2,0.4782,56.044189940533,-0.174018673529859,5.2849774070344,"#8A867D"
"5908743964_1","5908743964_1.png",1,0.5294,82.674990550184,1.71149250745141,2.03198337164847,"#D3CDCA"
"5908743964_1","5908743964_1.png",2,0.4706,45.8235281233169,8.01985784101376,-13.640633926926,"#6F6983"
"5908743964_2","5908743964_2.png",1,0.301,78.8800449668337,3.28226075408585,4.90837584692967,"#CDC1BA"
"5908743964_2","5908743964_2.png",2,0.699,51.9858038333059,8.48869000069021,-5.14380187495101,"#877785"
"5908743964_3","5908743964_3.png",1,0.4414,63.1920443310573,3.88022868564384,-0.593035222565199,"#A0979A"
"5908743964_3","5908743964_3.png",2,0.5586,20.7032590303697,23.1405244077087,-25.4680983706339,"#402658"
"5908810370_1","5908810370_1.png",1,0.5936,83.5039806336377,-1.84288219944277,-3.04665525669576,"#CAD1D6"
"5908810370_1","5908810370_1.png",2,0.4064,61.6885536148597,-0.366802292580951,-3.9639425578376,"#91959C"
"5908840243_1","5908840243_1.png",1,0.7392,78.6098140131415,0.451581260113045,-1.41043544201576,"#C2C2C5"
"5908840243_1","5908840243_1.png",2,0.2608,59.5981579919027,2.87430742866849,1.35133342816468,"#968E8D"
"5908961865_1","5908961865_1.png",1,0.6458,67.9828597801585,-0.501019527920608,-4.84642859360232,"#A0A6AE"
"5908961865_1","5908961865_1.png",2,0.3542,30.6807328317854,2.84524126211239,-9.09464020753838,"#464756"
"5909384703_2","5909384703_2.png",1,0.5276,81.6567222354756,8.60780795117522,-7.02345269533326,"#D6C6D8"
"5909384703_2","5909384703_2.png",2,0.4724,55.2181907555259,8.69467380934758,-5.74177898140165,"#8F808E"
"5918313324_1","5918313324_1.png",1,0.4548,65.783752224169,0.0742078196699015,1.11713668616413,"#A1A09E"
"5918313324_1","5918313324_1.png",2,0.5452,41.0685159380206,0.0679565071711599,2.61454959499015,"#63615D"
"5918313324_2","5918313324_2.png",1,0.464,73.3035757240956,-0.368306920244793,0.725753692567139,"#B4B4B3"
"5918313324_2","5918313324_2.png",2,0.536,48.1996535816992,-1.00258538332641,1.59027742430518,"#727370"
"5918313324_3","5918313324_3.png",1,0.3814,69.2413048851955,-0.0152114820965516,1.40013155797388,"#AAA9A6"
"5918313324_3","5918313324_3.png",2,0.6186,44.4475173019774,-0.0634512629076337,2.6900827642796,"#6B6965"
"5918313324_4","5918313324_4.png",1,0.5546,77.3308801418962,-0.681559598833507,-4.06717909556318,"#BAC0C6"
"5918313324_4","5918313324_4.png",2,0.4454,53.885269354159,0.224795089000986,-4.39319628965916,"#7E8188"
"5918313324_5","5918313324_5.png",1,0.5036,75.5988848834498,-1.7246487337812,-3.28855073042,"#B4BBC0"
"5918313324_5","5918313324_5.png",2,0.4964,54.3994695997713,-2.37603005891412,-3.92250384201691,"#7A8489"
"5918313324_6","5918313324_6.png",1,0.526,77.2913938078792,-1.27456197839944,-4.63720616207351,"#B8C0C7"
"5918313324_6","5918313324_6.png",2,0.474,53.6958403022922,-1.34000780158595,-4.63205151717917,"#7A8188"
"6130530580_1","6130530580_1.png",1,0.7158,85.6572047868488,0.0372157659538357,-0.190381126918082,"#D6D6D6"
"6130530580_1","6130530580_1.png",2,0.2842,64.8787000620163,2.14614310517793,-0.549851438630154,"#A19C9E"
"6130530580_2","6130530580_2.png",1,0.5678,81.9650370104739,-0.37576201539071,-3.02164014304128,"#C8CCD1"
"6130530580_2","6130530580_2.png",2,0.4322,62.7783387329567,0.553621944631329,1.08586827134066,"#9A9796"
"6130552382_1","6130552382_1.png",1,0.6424,81.8110873760241,-0.252984527331316,-3.55716206591244,"#C8CCD2"
"6130552382_1","6130552382_1.png",2,0.3576,50.354339465659,0.75799330552173,-3.90622145991958,"#76787E"
"6130552382_2","6130552382_2.png",1,0.5976,86.2622832108119,-0.748783922751723,-2.44514066708823,"#D4D8DC"
"6130552382_2","6130552382_2.png",2,0.4024,60.2493966854699,-0.404274757807189,0.250526937851234,"#919191"
"6150440929_1","6150440929_1.png",1,0.4086,80.2081694092736,0.43652210087628,-2.26987255497257,"#C6C7CB"
"6150440929_1","6150440929_1.png",2,0.5914,60.2946580632298,1.20580594511223,-3.57406305405861,"#919198"
"6151745674_1","6151745674_1.png",1,0.5768,77.9018364211291,-1.1991347548423,-4.52236204338171,"#BAC2C9"
"6151745674_1","6151745674_1.png",2,0.4232,60.1480521326505,-0.589676722711635,-6.29288167377242,"#8A929C"
"6159267731_1","6159267731_1.png",1,0.7142,86.8379108127613,0.662519829663654,11.39417887329,"#E4D8C4"
"6159267731_1","6159267731_1.png",2,0.2858,55.6325648433289,2.13317095833138,14.0237246107446,"#92836D"
"6171029749_1","6171029749_1.png",1,0.7252,76.0528847378784,1.79259297875123,2.37874319755104,"#C1BAB7"
"6171029749_1","6171029749_1.png",2,0.2748,38.4934648506208,3.75733334729608,6.05500939903495,"#655851"
"6171029749_3","6171029749_3.png",1,0.6314,78.3502079642438,0.867740318849664,3.51549828028763,"#C6C1BB"
"6171029749_3","6171029749_3.png",2,0.3686,57.743849825709,3.11176937949891,6.24200453693885,"#958980"
"6178498417_1","6178498417_1.png",1,0.6632,79.835757063691,-1.35803083541005,-5.04046304325373,"#BFC7CF"
"6178498417_1","6178498417_1.png",2,0.3368,57.7994804253245,-1.19163822662932,-4.76499725756143,"#848C93"
"6178695149_1","6178695149_1.png",1,0.7974,75.5072565531983,-0.0429687665062524,1.28527480433098,"#BBBAB8"
"6178695149_1","6178695149_1.png",2,0.2026,32.3029934231171,0.161564211289705,-2.77132298600346,"#4A4C50"
"6183842415_1","6183842415_1.png",1,0.3906,85.5143052979974,-0.560854960155285,1.14812417633435,"#D6D6D4"
"6183842415_1","6183842415_1.png",2,0.6094,61.2892556422011,1.35186784912175,4.29048564700152,"#9A938C"
"6186586171_1","6186586171_1.png",1,0.574,71.7041817321201,0.158730900444421,-0.223098941361288,"#B0B0B0"
"6186586171_1","6186586171_1.png",2,0.426,42.2114282951608,1.70091056208593,1.54343368256665,"#686361"
"6188056152_1","6188056152_1.png",1,0.378200919238345,79.8825721997726,0.580959805528696,-3.76572207050312,"#C4C6CD"
"6188056152_1","6188056152_1.png",2,0.621799080761655,44.5176219857974,-4.76779054000114,0.674479726829911,"#616C68"
"6188193741_1","6188193741_1.png",1,0.6922,85.4972827208579,0.667030191881108,2.5212132757763,"#D9D5D1"
"6188193741_1","6188193741_1.png",2,0.3078,44.6846858914603,7.32715138195909,5.09765510488388,"#796562"
"6188193741_2","6188193741_2.png",1,0.733,84.0479692905126,1.57664688608065,1.9528262260929,"#D6D0CE"
"6188193741_2","6188193741_2.png",2,0.267,46.9488484198827,6.29671623249497,2.96973825094278,"#7C6C6B"
"6188193741_3","6188193741_3.png",1,0.7298,84.9495249637873,1.62493011579223,2.82472230308181,"#DAD3CF"
"6188193741_3","6188193741_3.png",2,0.2702,54.5341559493531,5.38674930575546,6.03408126604859,"#907F78"
"6188193741_4","6188193741_4.png",1,0.8928,88.670953232952,0.186079247653725,-0.267073045477278,"#DFDEDF"
"6188193741_4","6188193741_4.png",2,0.1072,55.9643220220076,5.9364496313428,2.41389151135249,"#928382"
"6188292805_1","6188292805_1.png",1,0.6098,83.257615954478,1.00019975377066,1.96935906137544,"#D3CFCC"
"6188292805_1","6188292805_1.png",2,0.3902,64.5106421923603,2.32764278898173,1.63273892189044,"#A29B9A"
"6188482408_1","6188482408_1.png",1,0.5718,80.0505167314138,1.95849116599498,-2.32341597198225,"#C8C5CB"
"6188482408_1","6188482408_1.png",2,0.4282,46.3474496773562,2.62114398892034,-2.94361178629143,"#706D73"
"6188493351_1","6188493351_1.png",1,0.4908,73.3767832113231,0.775242247486209,6.6630678303105,"#BBB3A8"
"6188493351_1","6188493351_1.png",2,0.5092,33.0657327071781,3.1444040848859,-5.63654417249157,"#4F4C57"
"6188493351_2","6188493351_2.png",1,0.5416,80.9177472793888,1.00822845746239,5.64777245498031,"#CFC8BE"
"6188493351_2","6188493351_2.png",2,0.4584,42.2008536458085,3.06722595604222,-3.75784240979176,"#66626A"
"6188493351_3","6188493351_3.png",1,0.5976,79.0316244433265,0.94611489779628,4.44623683344929,"#C9C3BB"
"6188493351_3","6188493351_3.png",2,0.4024,40.8711762446349,3.7571221518142,-6.1086030022726,"#625F6A"
"6188505244_1","6188505244_1.png",1,0.8388,86.3463054729519,0.609250941648988,-0.37456986259515,"#D9D8D9"
"6188505244_1","6188505244_1.png",2,0.1612,50.9056018709749,3.84090123657617,5.28084124078823,"#847770"
"6188505244_2","6188505244_2.png",1,0.748,89.4562513450249,0.970384443421094,0.246081437504889,"#E3E0E0"
"6188505244_2","6188505244_2.png",2,0.252,64.4346427467789,2.11719966339265,0.913273887810246,"#A19B9B"
"6188505244_3","6188505244_3.png",1,0.8082,88.9045225074938,0.488926359891919,-0.0222471136634189,"#E0DFDF"
"6188505244_3","6188505244_3.png",2,0.1918,59.1108243588692,2.1679058038822,2.04902915397861,"#948D8B"
"6188568455_1","6188568455_1.png",1,0.4482,71.6912957867394,0.566353880393796,4.4765798798543,"#B4AFA8"
"6188568455_1","6188568455_1.png",2,0.5518,43.4005884779479,4.03564822288661,4.14831019530093,"#706460"
"6188568455_2","6188568455_2.png",1,0.5448,74.2184065549322,-0.264568556329287,5.92375892317209,"#BBB6AC"
"6188568455_2","6188568455_2.png",2,0.4552,46.2081195079252,2.76878304695581,6.35058882939782,"#766C63"
"6188568455_3","6188568455_3.png",1,0.5272,77.8960934832976,-0.0531531984537867,6.12021306912992,"#C5C0B5"
"6188568455_3","6188568455_3.png",2,0.4728,47.2856494224765,3.75809054529201,5.78582911470892,"#7A6E67"
"6188603455_1","6188603455_1.png",1,0.4376,79.0973162652603,0.788351572485693,1.37252587751092,"#C7C3C1"
"6188603455_1","6188603455_1.png",2,0.5624,65.1199031428462,1.77700952048441,2.68792018388264,"#A39D99"
"6195612566_1","6195612566_1.png",1,0.5026,86.8829754759578,2.36396624706226,-0.916644666228553,"#DDD8DB"
"6195612566_1","6195612566_1.png",2,0.4974,51.2294042992894,2.11068914523355,2.64508027666557,"#807976"
"6195612566_2","6195612566_2.png",1,0.5158,86.2466398565512,2.32477493966021,-0.812150507702592,"#DCD6D9"
"6195612566_2","6195612566_2.png",2,0.4842,51.2543240382975,1.97045855175908,2.23665392382335,"#7F7976"
"6195612566_3","6195612566_3.png",1,0.5224,86.125213452641,1.91678449154804,-0.410767106922397,"#DBD6D8"
"6195612566_3","6195612566_3.png",2,0.4776,50.5056256006214,0.859416510737324,4.71439753757335,"#7D7770"
"6195685708_1","6195685708_1.png",1,0.5146,80.9505166629216,0.793572489734551,1.25524015141864,"#CCC8C7"
"6195685708_1","6195685708_1.png",2,0.4854,54.6833570507088,2.49982626604276,3.17371262891859,"#8A817D"
"6195685708_2","6195685708_2.png",1,0.5212,83.5450761983632,0.895649397246853,1.21130225254298,"#D3D0CE"
"6195685708_2","6195685708_2.png",2,0.4788,56.7735098698392,2.79284373380255,3.45656264621441,"#908682"
"6195685708_3","6195685708_3.png",1,0.5026,84.6768225919317,0.817860625580007,1.16285271028445,"#D6D3D1"
"6195685708_3","6195685708_3.png",2,0.4974,57.2688384034041,2.75706992954285,3.09986652321128,"#918884"
"6195685708_4","6195685708_4.png",1,0.3718,82.3348686346806,0.934372841382245,0.738060103886524,"#CFCCCB"
"6195685708_4","6195685708_4.png",2,0.6282,55.7832936360087,2.01141481536857,0.429308834472366,"#8A8485"
"6195723707_1","6195723707_1.png",1,0.6122,89.353665136088,1.1871614918871,2.7677808311616,"#E5E0DB"
"6195723707_1","6195723707_1.png",2,0.3878,67.9456253657243,3.14430068157573,5.93262089846373,"#B0A39B"
"6195723707_2","6195723707_2.png",1,0.6832,87.4147333041704,1.59084815286247,3.40455861505976,"#E1DAD5"
"6195723707_2","6195723707_2.png",2,0.3168,63.6437374574239,3.90854209377747,6.266032010181,"#A6978F"
"6195723707_4","6195723707_4.png",1,0.5388,82.5493239457555,2.37666887298418,5.28177272998302,"#D6CCC4"
"6195723707_4","6195723707_4.png",2,0.4612,53.7896167232952,4.99764353400729,6.95910851727509,"#8E7D75"
"6195802499_2","6195802499_2.png",1,0.6342,88.9767449269147,6.27594770495355,-4.25195330133361,"#E8DCE8"
"6195802499_2","6195802499_2.png",2,0.3658,67.1945951415598,8.2568114617522,0.391015268153534,"#B39FA3"
"6195802499_3","6195802499_3.png",1,0.6224,73.8783097415727,5.17225072233795,-6.76171134426123,"#BAB3C2"
"6195802499_3","6195802499_3.png",2,0.3776,54.030552607828,5.96916685781464,8.35741419460433,"#917D73"
"6195837802_1","6195837802_1.png",1,0.649,81.1424509574742,1.22213527169164,5.14734847153599,"#D0C8C0"
"6195837802_1","6195837802_1.png",2,0.351,43.649718293027,2.85650693078624,10.6451834222088,"#736556"
"6227569398_1","6227569398_1.png",1,0.598,82.3409745150155,3.65992626696179,1.38404931723816,"#D5CACA"
"6227569398_1","6227569398_1.png",2,0.402,59.1898652628076,2.91807585070088,3.77450673145521,"#978D88"
"6228339469_1","6228339469_1.png",1,0.4748,78.8096569813552,1.21348717117589,0.891418463523283,"#C6C2C1"
"6228339469_1","6228339469_1.png",2,0.5252,56.2430700505537,0.325281792483679,1.51001959184134,"#898784"
"6234644257_1","6234644257_1.png",1,0.7442,78.1004065595649,2.19578543272092,2.30083513010442,"#C7C0BD"
"6234644257_1","6234644257_1.png",2,0.2558,17.3751834196326,6.80555411204317,3.13389959272701,"#362726"
"6234690675_1","6234690675_1.png",1,0.5796,83.9891316949878,1.2753110532138,0.850444034659308,"#D5D1D0"
"6234690675_1","6234690675_1.png",2,0.4204,46.0819933402913,1.62254963106355,3.52700006551591,"#726C67"
"6234720307_1","6234720307_1.png",1,0.6152,81.904510817844,2.4993705930771,-2.67032393509218,"#CECAD1"
"6234720307_1","6234720307_1.png",2,0.3848,62.4529499570792,4.82108736980154,-0.984476665809779,"#9F9499"
"6235455910_1","6235455910_1.png",1,0.5568,83.8038137094043,-0.19814136010528,2.00642774174141,"#D2D1CD"
"6235455910_1","6235455910_1.png",2,0.4432,61.4354936639361,0.913829311299431,5.25664905359664,"#9A938B"
"6235455910_2","6235455910_2.png",1,0.6236,81.1475180735239,0.402956093953525,2.75820898829901,"#CDC9C4"
"6235455910_2","6235455910_2.png",2,0.3764,57.5886146300952,1.70519273110679,5.33735895278036,"#918981"
"6235455910_3","6235455910_3.png",1,0.4982,78.6151936200548,1.20572708835203,4.5966108016976,"#C9C1BA"
"6235455910_3","6235455910_3.png",2,0.5018,59.828279896808,3.05884418870732,6.68565109410983,"#9A8E85"
"6235832224_1","6235832224_1.png",1,0.6208,81.8003441865448,1.44428911698051,1.81242802205563,"#D0CAC8"
"6235832224_1","6235832224_1.png",2,0.3792,55.1792833361689,3.09812563081349,6.3382460507839,"#8E8279"
"6236079123_1","6236079123_1.png",1,0.334,87.9253841731684,0.28923524811446,-0.896149717049499,"#DCDCDE"
"6236079123_1","6236079123_1.png",2,0.666,52.5211225810833,3.08904761551157,5.67584381193973,"#877B74"
"6236511840_1","6236511840_1.png",1,0.7816,79.9031694404202,2.44470904622935,3.78923238264321,"#CEC4BF"
"6236511840_1","6236511840_1.png",2,0.2184,55.7689359992242,4.80383661657395,7.87622993811574,"#938278"
"6236511840_2","6236511840_2.png",1,0.7008,82.1209418882107,2.1279511725427,-1.09393184329833,"#CFCBCE"
"6236511840_2","6236511840_2.png",2,0.2992,56.6979329553726,6.28558227363097,3.23856973405292,"#958483"
"6251479494_1","6251479494_1.png",1,0.6292,80.2252249880954,1.25800816766606,-2.92832971910268,"#C7C6CC"
"6251479494_1","6251479494_1.png",2,0.3708,59.3733491121254,2.59136698829087,-2.5093233539743,"#928E93"
"6251784224_1","6251784224_1.png",1,0.564,77.8310476562073,2.27749239184866,14.4199291951626,"#CFBEA6"
"6251784224_1","6251784224_1.png",2,0.436,52.4152787849102,1.66057624931547,7.40672496271996,"#857C71"
"6251784224_2","6251784224_2.png",1,0.5158,77.0202748094622,2.24831236764373,12.8969588363283,"#CCBCA7"
"6251784224_2","6251784224_2.png",2,0.4842,53.0850176196253,2.09696950535686,10.0906199302223,"#897D6E"
"6273254805_1","6273254805_1.png",1,0.7374,85.3155457469643,-2.51416827455021,-2.54009762115873,"#CED7DA"
"6273254805_1","6273254805_1.png",2,0.2626,48.5955511062694,-1.68991081597142,1.39901846117017,"#717471"
"6274094773_1","6274094773_1.png",1,0.5808,69.3062489691915,0.714495012523263,-1.87523241610688,"#A9A9AD"
"6274094773_1","6274094773_1.png",2,0.4192,37.6048356869906,2.97798015534966,-1.58638442742699,"#5C575B"
"6320076350_1","6320076350_1.png",1,0.499122587114565,73.8121390930722,1.04634540845588,-0.314180726815349,"#B7B5B6"
"6320076350_1","6320076350_1.png",2,0.500877412885435,47.806870972344,2.4123543067284,1.36889545572212,"#77706F"
"6320360109_1","6320360109_1.png",1,0.5504,85.082694963645,-2.25063159497693,-6.05910866446184,"#CAD6E0"
"6320360109_1","6320360109_1.png",2,0.4496,52.7384365235818,-2.29466774698892,-10.1179003242712,"#70808F"
"6320569535_1","6320569535_1.png",1,0.6236,74.089030888245,4.22417031498938,9.08279318765523,"#C5B3A6"
"6320569535_1","6320569535_1.png",2,0.3764,49.0280169116795,5.72699200966062,12.9783040311509,"#86705F"
"6320569535_2","6320569535_2.png",1,0.5792,70.3817728095137,5.43061315231419,10.5424541048376,"#BEA899"
"6320569535_2","6320569535_2.png",2,0.4208,53.0976055271698,4.26365944043556,7.14000326256076,"#8B7C73"
"6320922472_1","6320922472_1.png",1,0.486,84.3437017415632,0.746644959898546,-0.147201462178396,"#D4D2D3"
"6320922472_1","6320922472_1.png",2,0.514,60.5097525545874,2.83427019742671,2.06197162196815,"#99908E"
"6320951853_1","6320951853_1.png",1,0.3904,72.0585233229104,6.13095323132184,-1.7482719540486,"#BBADB4"
"6320951853_1","6320951853_1.png",2,0.6096,45.8760609396509,7.43772417665026,-4.31968691654482,"#766974"
"6321105312_1","6321105312_1.png",1,0.5204,86.545228805387,-0.5729145273045,-4.00543737736542,"#D4D9E0"
"6321105312_1","6321105312_1.png",2,0.4796,66.382644988095,0.237797887020225,-3.64138868601198,"#9FA1A8"
"6333997425_1","6333997425_1.png",1,0.6652,65.8012040834935,3.75692291092974,10.7228703786852,"#AE9D8D"
"6333997425_1","6333997425_1.png",2,0.3348,34.8851669103715,3.95001023724559,15.6384379851106,"#614F39"
"6334118970_1","6334118970_1.png",1,0.604,72.5086308020763,4.81900660914039,14.5766931694607,"#C5AE98"
"6334118970_1","6334118970_1.png",2,0.396,46.0099198484853,4.90737688024385,16.8672505017691,"#7F6951"
"6334118970_2","6334118970_2.png",1,0.7982,89.6137281504643,5.18066977083154,-2.41355008036195,"#E9DEE6"
"6334118970_2","6334118970_2.png",2,0.2018,66.6567335071248,7.05316498113667,3.05787694962801,"#B19E9D"
"6334138335_1","6334138335_1.png",1,0.4376,78.1266592412258,0.453679623227805,3.76199874997443,"#C5C1BA"
"6334138335_1","6334138335_1.png",2,0.5624,58.6121310368066,0.209578285977672,5.78551509078473,"#928C83"
"6334214688_1","6334214688_1.png",1,0.4632,77.498327309966,1.51130503928406,-0.353606970579006,"#C2BFC0"
"6334214688_1","6334214688_1.png",2,0.5368,46.8918319457562,4.55306582606958,1.6344997009731,"#786D6D"
"6334214688_2","6334214688_2.png",1,0.4694,79.5432767362408,2.66449975072308,0.754935845259583,"#CBC3C4"
"6334214688_2","6334214688_2.png",2,0.5306,49.8508290569945,5.90723656653716,2.89755942566987,"#837372"
"6334272968_1","6334272968_1.png",1,0.706,63.4742053946722,2.77210334268084,5.14885937425755,"#A39891"
"6334272968_1","6334272968_1.png",2,0.294,42.3789863839114,4.2298738785303,6.75587330574082,"#6F6159"
"6334296439_1","6334296439_1.png",1,0.628,73.9145659270513,3.81527101475037,9.70535273851093,"#C4B3A4"
"6334296439_1","6334296439_1.png",2,0.372,53.1635618310041,5.15949590496683,10.3315716541155,"#8F7B6E"
"6334647435_1","6334647435_1.png",1,0.5252,72.5258781169836,6.0624685459908,11.7908343640606,"#C5AD9D"
"6334647435_1","6334647435_1.png",2,0.4748,51.052641047144,8.48448424989955,15.5500198601768,"#917460"
"6334647435_2","6334647435_2.png",1,0.5914,77.7808425570239,3.22113944711248,9.44683680110451,"#CEBEAF"
"6334647435_2","6334647435_2.png",2,0.4086,58.0418166104305,4.45006967286943,12.387794608982,"#9C8876"
"6335018579_1","6335018579_1.png",1,0.3996,89.5818054642807,0.265597488280899,0.122347409167444,"#E2E1E1"
"6335018579_1","6335018579_1.png",2,0.6004,60.9138865293113,0.355712731803929,-6.20470155195558,"#8E939E"
"6343065697_1","6343065697_1.png",1,0.4828,71.4892882547119,2.40775499988627,-2.54605012532356,"#B2AEB4"
"6343065697_1","6343065697_1.png",2,0.5172,58.3642911938001,3.78983346587438,-3.01866478330122,"#918A92"
"6343450499_1","6343450499_1.png",1,0.6384,83.8073176641541,0.180299745263857,-1.86221441298905,"#D0D1D4"
"6343450499_1","6343450499_1.png",2,0.3616,59.8527130299407,1.2302176311299,1.98144300957191,"#948F8D"
"6344669432_1","6344669432_1.png",1,0.5014,83.026120786352,1.65977182556229,1.78621647035312,"#D3CECB"
"6344669432_1","6344669432_1.png",2,0.4986,51.507093956646,2.43523414887239,0.825735452220716,"#807979"
"6344903021_1","6344903021_1.png",1,0.633,86.1601038393865,0.47675208024313,7.2929092764636,"#DED7CA"
"6344903021_1","6344903021_1.png",2,0.367,50.7851062999914,2.25823151611739,8.73056661281107,"#83776A"
"6344903021_2","6344903021_2.png",1,0.6026,83.9817915786393,0.452416576086443,6.7063594045519,"#D8D1C5"
"6344903021_2","6344903021_2.png",2,0.3974,51.6373163554017,3.85968648094395,7.61138426720955,"#87786E"
"6344903021_3","6344903021_3.png",1,0.7368,88.1120292508419,2.37452560329429,5.87455856379334,"#E6DBD2"
"6344903021_3","6344903021_3.png",2,0.2632,64.0258421497984,6.50147338534198,11.6121096522213,"#AF9787"
"6345013372_1","6345013372_1.png",1,0.6072,77.0303217716226,2.04425207354664,2.08667473901975,"#C4BDBA"
"6345013372_1","6345013372_1.png",2,0.3928,37.3868972175911,3.96249164732196,7.47377433590721,"#63554C"
"6352529990_1","6352529990_1.png",1,0.7016,74.225076828171,0.0812267341138234,0.468203677516405,"#B7B6B6"
"6352529990_1","6352529990_1.png",2,0.2984,50.8078680886446,1.27614380940254,6.51771196442799,"#80786E"
"6352529990_2","6352529990_2.png",1,0.6946,74.6070671205628,-0.0969020897561382,0.324081428369204,"#B8B8B7"
"6352529990_2","6352529990_2.png",2,0.3054,50.256593922092,1.18182540416376,6.66633476164152,"#7E766C"
"6352529990_3","6352529990_3.png",1,0.6986,76.600132839096,-0.372605809867481,-0.52055951208673,"#BCBDBE"
"6352529990_3","6352529990_3.png",2,0.3014,56.7207056982475,0.801863800146185,5.88359774423062,"#8E877E"
"6352701751_1","6352701751_1.png",1,0.5294,72.2233257968929,0.280287468498941,1.63757039861291,"#B3B1AE"
"6352701751_1","6352701751_1.png",2,0.4706,55.584072587382,1.02425454467656,5.03629314611506,"#8B847D"
"6352833353_1","6352833353_1.png",1,0.6066,80.6068027660343,-0.897500857986713,-0.261502736801678,"#C6C9C8"
"6352833353_1","6352833353_1.png",2,0.3934,53.4223713248357,-0.991261827506481,-1.24348024288744,"#7D8082"
"6352833353_2","6352833353_2.png",1,0.5632,82.4570099002,0.119472837576104,-1.51746048417866,"#CCCDD0"
"6352833353_2","6352833353_2.png",2,0.4368,56.4074025913582,0.156877640448052,0.116184295086319,"#888787"
"6398587523_1","6398587523_1.png",1,0.6888,79.8544591113999,3.59529548775421,4.20676187148778,"#D0C3BE"
"6398587523_1","6398587523_1.png",2,0.3112,58.2753981025493,4.1281569796178,8.30626817233369,"#99897E"
"6399093894_1","6399093894_1.png",1,0.5214,87.5328867260469,-2.65488044182131,-5.45291811024103,"#D1DDE6"
"6399093894_1","6399093894_1.png",2,0.4786,63.3967399109112,-1.24341336174447,-5.56909970616636,"#929BA3"
"6399093894_2","6399093894_2.png",1,0.5354,87.3804651834537,-2.44841499012788,-5.1653834163964,"#D1DDE5"
"6399093894_2","6399093894_2.png",2,0.4646,62.6765701352859,-1.18009947787143,-5.43544629871105,"#9199A1"
"6399610042_1","6399610042_1.png",1,0.5054,77.6563383458673,6.51635083830956,6.28468269176031,"#D1BBB5"
"6399610042_1","6399610042_1.png",2,0.4946,42.2564864070375,13.2425740487372,11.099992828958,"#7F5B52"
"6399610042_2","6399610042_2.png",1,0.55,76.5124495245158,6.92283604951749,7.32345646689879,"#CFB8B0"
"6399610042_2","6399610042_2.png",2,0.45,46.9759473609203,13.8030912830497,12.3614836094474,"#8D665B"
"6399610042_3","6399610042_3.png",1,0.6,74.4877193794601,7.69651863570109,6.93136407768831,"#CBB2AB"
"6399610042_3","6399610042_3.png",2,0.4,44.3152467239565,15.5697855614151,14.2959626763912,"#895F52"
"6399610042_4","6399610042_4.png",1,0.6042,81.1814214849559,6.62675956944882,7.20930059765937,"#DCC5BC"
"6399610042_4","6399610042_4.png",2,0.3958,53.6223759637685,13.7427583859998,14.8490229703667,"#9F7767"
"6399610042_5","6399610042_5.png",1,0.6648,72.5310139355503,7.37577745529965,8.02415467320905,"#C5ADA4"
"6399610042_5","6399610042_5.png",2,0.3352,41.8539537460935,14.3948719299628,16.4100340558436,"#815949"
"6400254059_1","6400254059_1.png",1,0.4898,87.8810664990555,-0.563721731275792,-2.01949969949634,"#D9DDE0"
"6400254059_1","6400254059_1.png",2,0.5102,64.8392723613996,0.581409509936605,-0.27683557902911,"#9E9D9E"
"6400722756_1","6400722756_1.png",1,0.659,68.3391631287981,1.60744021651132,5.49379453033149,"#AEA59D"
"6400722756_1","6400722756_1.png",2,0.341,44.2354561069126,3.79276831489125,6.17221421730302,"#73665F"
"6413124669_1","6413124669_1.png",1,0.4468,72.528875803211,2.62665596104367,2.76236739563977,"#B9B0AD"
"6413124669_1","6413124669_1.png",2,0.5532,25.2035228831225,0.948623952472166,-1.61200929736279,"#3C3B3E"
"6413321929_1","6413321929_1.png",1,0.4788,85.764156926724,-0.524003745014247,-3.4246893181167,"#D2D7DD"
"6413321929_1","6413321929_1.png",2,0.5212,64.3183566356221,1.0117344777081,-0.0941909410990331,"#9E9B9C"
"6413928700_2","6413928700_2.png",1,0.6778,82.2168521470808,-2.07043075217502,-2.32685764925125,"#C6CED1"
"6413928700_2","6413928700_2.png",2,0.3222,64.1744541846702,-0.879684854607488,-4.35647167420943,"#969CA3"
"6422786430_1","6422786430_1.png",1,0.4248,70.2271757772606,1.80727477293058,3.74772787389826,"#B2AAA5"
"6422786430_1","6422786430_1.png",2,0.5752,37.5858044954312,0.454445944538449,2.58754597040304,"#5B5854"
"6422806395_1","6422806395_1.png",1,0.6414,80.774901624764,1.2834651473456,2.73903305148383,"#CDC8C3"
"6422806395_1","6422806395_1.png",2,0.3586,54.3162489238598,2.05939637974172,6.63859043967252,"#8A8077"
"6422883553_1","6422883553_1.png",1,0.5984,86.6846606649647,0.466920754387595,-0.212726919894776,"#DAD9D9"
"6422883553_1","6422883553_1.png",2,0.4016,69.0373842121542,0.431375216915128,-0.785461165380957,"#A9A8AA"
"6422943855_1","6422943855_1.png",1,0.709,84.7209759948937,0.948261825650404,2.95968865416357,"#D8D3CE"
"6422943855_1","6422943855_1.png",2,0.291,58.2845053321733,2.66321675226979,6.77603277399434,"#968A80"
"6423144963_1","6423144963_1.png",1,0.6316,85.6655059218776,1.3354022548874,-2.70775422568522,"#D6D6DB"
"6423144963_1","6423144963_1.png",2,0.3684,72.1926468617548,1.8383998423269,-3.46484273798794,"#B2B0B7"
"6423144963_2","6423144963_2.png",1,0.5986,84.6691477042939,-0.156315726382769,-1.9409639208388,"#D1D4D7"
"6423144963_2","6423144963_2.png",2,0.4014,71.3587027639341,0.154395289186505,-3.04872885039972,"#ACAFB4"
"6440994925_1","6440994925_1.png",1,0.5628,77.1226911801721,1.52745829789707,-2.20860053657931,"#BFBEC3"
"6440994925_1","6440994925_1.png",2,0.4372,47.1673876031722,2.56362869771935,1.05597329064272,"#756E6E"
"6441499411_1","6441499411_1.png",1,0.6694,94.6815761610656,2.92029297232763,-2.02985277262938,"#F4EEF4"
"6441499411_1","6441499411_1.png",2,0.3306,77.4093653335676,5.53585820336883,-0.180428765042167,"#CABCC0"
"6451946720_1","6451946720_1.png",1,0.4974,72.4706138683355,1.34520662558565,-4.58986209085914,"#B0B1BA"
"6451946720_1","6451946720_1.png",2,0.5026,44.2822004890155,3.65759707189654,-7.05586460597175,"#696774"
"6451946720_2","6451946720_2.png",1,0.4786,72.6116236002168,1.29815138897884,-4.25784065987648,"#B1B2BA"
"6451946720_2","6451946720_2.png",2,0.5214,42.1027829238597,3.29130511842898,-6.75185176123357,"#64626E"
"6452095853_1","6452095853_1.png",1,0.6868,86.178594437946,0.722831759495634,-8.0409041828192,"#D2D8E7"
"6452095853_1","6452095853_1.png",2,0.3132,66.079217610931,3.7954903706818,-9.53753526798044,"#9F9FB2"
"6469711389_1","6469711389_1.png",1,0.5884,77.4520791828985,0.711887708537092,2.50327496027438,"#C3BFBB"
"6469711389_1","6469711389_1.png",2,0.4116,56.5414167443988,-0.226594818511592,5.20883988320053,"#8B877F"
"6469711389_2","6469711389_2.png",1,0.6194,75.8159805924309,0.526928273773253,1.51402213809052,"#BDBAB8"
"6469711389_2","6469711389_2.png",2,0.3806,54.0054142863394,-0.410576565846844,4.78644487351581,"#848179"
"6469711389_3","6469711389_3.png",1,0.5626,81.8617294760333,0.75049464757632,0.703362795462113,"#CECBCA"
"6469711389_3","6469711389_3.png",2,0.4374,67.6739720714607,0.900436687073588,2.70587896854773,"#A9A4A0"
"6470436320_1","6470436320_1.png",1,0.57,89.4857094808579,0.211080510451049,6.5549355258707,"#E7E0D4"
"6470436320_1","6470436320_1.png",2,0.43,58.1136662643592,2.23728252473994,-0.271951974172556,"#8F8A8C"
"6470436320_2","6470436320_2.png",1,0.341,87.040351569082,0.78586208206496,-2.08203066533791,"#DADADE"
"6470436320_2","6470436320_2.png",2,0.659,61.0136567784024,2.07113032753262,-5.08288351214676,"#93929C"
"6479394914_1","6479394914_1.png",1,0.6708,75.8581110725433,0.166287108598055,-0.886696921010053,"#BBBBBD"
"6479394914_1","6479394914_1.png",2,0.3292,42.8088116973562,2.97785000721941,4.71377666552948,"#6D635D"
"6479394914_2","6479394914_2.png",1,0.827476038338658,73.7686169729035,0.0238840745786855,-1.1992015900895,"#B4B5B7"
"6479394914_2","6479394914_2.png",2,0.172523961661342,27.6398216749868,7.94475067612723,5.6151621108063,"#503D39"
"6479394914_3","6479394914_3.png",1,0.6708,75.7617304001322,0.00963560318367209,-0.91172250669363,"#BABBBC"
"6479394914_3","6479394914_3.png",2,0.3292,42.7333798562651,2.94808912633446,4.12953903054606,"#6D635E"
"6479414866_1","6479414866_1.png",1,0.6034,78.5438570717729,3.38082010858157,10.8152967432778,"#D1C0AF"
"6479414866_1","6479414866_1.png",2,0.3966,55.7521676405445,5.84618890832768,12.7124380912219,"#988170"
"6479414866_2","6479414866_2.png",1,0.601,83.1338781571773,1.89614567970051,6.96556565495793,"#D8CDC2"
"6479414866_2","6479414866_2.png",2,0.399,54.3843599644805,4.13645492482532,12.637606892026,"#927F6D"
"6479414866_3","6479414866_3.png",1,0.5384,79.6734102135876,2.51995488055559,11.2653785129153,"#D3C3B1"
"6479414866_3","6479414866_3.png",2,0.4616,52.3770871412749,5.27637837004686,17.4476043926984,"#90795F"
"6479414866_4","6479414866_4.png",1,0.4576,83.4812144653558,1.68832325983821,9.67575287808556,"#DBCEBE"
"6479414866_4","6479414866_4.png",2,0.5424,63.8777410887738,4.10271494193904,13.3754984579474,"#AB9783"
"6479414866_5","6479414866_5.png",1,0.5804,79.7291207051539,2.53144258277003,11.0652243896877,"#D3C3B1"
"6479414866_5","6479414866_5.png",2,0.4196,51.8840962276746,4.17237240064324,16.0713136429541,"#8D7861"
"6479963915_1","6479963915_1.png",1,0.7632,81.9853199924997,8.67826491998125,-15.5669949726902,"#CFC8E9"
"6479963915_1","6479963915_1.png",2,0.2368,51.9549287667902,11.3784616891404,-10.3695193068812,"#88768E"
"6480628165_1","6480628165_1.png",1,0.4886,76.0093982058723,0.0269347268787385,-4.55333502793754,"#B7BCC4"
"6480628165_1","6480628165_1.png",2,0.5114,57.3458394249882,0.778857298772096,-4.75952552239837,"#878A92"
"6480628165_2","6480628165_2.png",1,0.883,71.8895798495538,0.774708335085627,-7.36283796884637,"#ABB0BD"
"6480628165_2","6480628165_2.png",2,0.117,38.2250381685159,7.60998411221296,-3.44610307298334,"#645660"
"6480628165_3","6480628165_3.png",1,0.6972,82.4247610992303,0.63720256456695,-1.92953778423396,"#CDCDD1"
"6480628165_3","6480628165_3.png",2,0.3028,44.2350246815368,2.83556992115872,-1.63996133284381,"#6C676B"
"6480631417_1","6480631417_1.png",1,0.7896,85.9198443292213,1.75848891606009,-4.93795816233926,"#D6D6E0"
"6480631417_1","6480631417_1.png",2,0.2104,55.6384630380881,14.6089612285571,-9.37003383480114,"#977D96"
"6480843556_1","6480843556_1.png",1,0.553,82.3253691739001,0.227129817379548,-0.402693790395442,"#CDCDCE"
"6480843556_1","6480843556_1.png",2,0.447,54.4643235322524,1.74870605638309,0.74926038524918,"#868181"
"6480843556_2","6480843556_2.png",1,0.5936,81.5941175324677,0.111366168336039,-0.452809874331952,"#CBCBCC"
"6480843556_2","6480843556_2.png",2,0.4064,55.6330011310609,1.68011245724423,1.56686036203731,"#898483"
"6480843556_3","6480843556_3.png",1,0.6308,82.0245231954463,1.10093997017321,-0.302357000043632,"#CECBCD"
"6480843556_3","6480843556_3.png",2,0.3692,55.91117278175,2.48246308969044,0.470595722657594,"#8B8585"
"6481470674_1","6481470674_1.png",1,0.5472,80.668232817443,-0.757391501451175,1.71173867125303,"#C8C9C5"
"6481470674_1","6481470674_1.png",2,0.4528,54.5008880581553,-1.51852656978772,5.04763970169062,"#83837A"
"6498577772_1","6498577772_1.png",1,0.683,71.4794169060799,-0.936785973059068,-1.91800097731399,"#ACB0B2"
"6498577772_1","6498577772_1.png",2,0.317,40.075239647307,0.408970004779055,-7.53510563444237,"#595F6B"
"6498577772_2","6498577772_2.png",1,0.7172,71.2433685318253,-1.18893950513845,-3.20037034155039,"#A9AFB4"
"6498577772_2","6498577772_2.png",2,0.2828,35.3500162836098,0.848632498956225,-6.03173839735534,"#50535D"
"6498577772_3","6498577772_3.png",1,0.5944,70.1987585040948,-1.78357405711832,-3.5574216315432,"#A5ADB2"
"6498577772_3","6498577772_3.png",2,0.4056,51.3791207360042,-2.39537023669109,-3.15808903661048,"#737C80"
"6498820025_1","6498820025_1.png",1,0.6466,71.7026162190518,0.736599801208448,-1.0283426468783,"#B0AFB2"
"6498820025_1","6498820025_1.png",2,0.3534,52.3543694703849,2.86935977552155,-2.760161387449,"#807B82"
"6498820025_2","6498820025_2.png",1,0.692,78.2725721709379,0.818162053676916,-0.407802149451828,"#C3C1C2"
"6498820025_2","6498820025_2.png",2,0.308,54.7494471176173,2.52164410246661,-4.17185316062802,"#84828A"
"6498949812_1","6498949812_1.png",1,0.516,79.3162373372797,0.740669813189189,-1.21591707264869,"#C5C4C7"
"6498949812_1","6498949812_1.png",2,0.484,66.8012361311404,1.21871264022876,-1.72407186530143,"#A3A2A6"
"6519460344_1","6519460344_1.png",1,0.4178,81.900367932981,1.00598384596096,2.59611856253833,"#D0CBC7"
"6519460344_1","6519460344_1.png",2,0.5822,48.2471755575331,3.40922778530296,5.03843277834644,"#7C706A"
"6519460344_2","6519460344_2.png",1,0.4384,86.0857867413019,1.6009707341589,2.05378414060579,"#DCD6D3"
"6519460344_2","6519460344_2.png",2,0.5616,49.0779949502032,3.30186218553078,0.602666993238789,"#7B7374"
"6519460344_3","6519460344_3.png",1,0.4028,84.2298185754584,0.342862409910277,2.0387651410553,"#D4D2CE"
"6519460344_3","6519460344_3.png",2,0.5972,44.6367829966793,2.06558869493528,-2.56513745288481,"#6B696E"
"6519460344_5","6519460344_5.png",1,0.415,84.8270531321071,0.742246627775873,0.428313124482916,"#D6D3D3"
"6519460344_5","6519460344_5.png",2,0.585,53.5838185512257,2.54872951263346,0.876542087365399,"#857F7F"
"6519482200_1","6519482200_1.png",1,0.5526,80.8932935280308,8.17731523596066,21.3102261009997,"#E6C2A2"
"6519482200_1","6519482200_1.png",2,0.4474,52.7674998991179,7.43456070507499,6.18372368572015,"#8F7974"
"6520165142_1","6520165142_1.png",1,0.567,87.0099175709831,1.92156818557839,0.356790730956555,"#DED9D9"
"6520165142_1","6520165142_1.png",2,0.433,56.840384738395,5.65087613658598,-1.88446600395889,"#91858C"
"6520505263_1","6520505263_1.png",1,0.625,79.6804532584182,-1.50327128465423,1.8183746081919,"#C4C6C2"
"6520505263_1","6520505263_1.png",2,0.375,51.2135107475948,-1.53601695513499,6.90387032834875,"#7C7A6E"
