"gbif_id","longitude","latitude","subspecies"
2569359507,5.600358,60.16764,"berus"
2569362714,10.593365,59.419638,"berus"
2569363207,8.050567,58.24695,"berus"
2579112537,6.56779,58.109105,"berus"
2579362062,21.920325,50.598317,"berus"
2596254733,12.380692,55.91993,"berus"
2596307491,-0.584875,53.207894,"berus"
2597747456,20.856706,52.337627,"berus"
2597856697,10.804189,56.533117,"berus"
2603320083,57.129145,58.20031,"berus"
2603463619,11.881851,50.172767,"berus"
2603531253,10.653034,59.463287,"berus"
2603533296,56.017667,57.959521,"berus"
2609135431,11.413951,48.045728,"berus"
2609309238,8.768347,55.722,"berus"
2611226901,12.330958,55.965081,"berus"
2619912981,30.769006,59.84495,"berus"
2619916753,50.115332,58.552403,"berus"
2619933992,30.76967,59.844905,"berus"
2619958701,54.198428,56.1058,"berus"
2620025977,40.944069,56.338684,"berus"
2620141784,50.115424,58.552298,"berus"
2620156784,56.01889,57.961506,"berus"
2620171822,12.558178,56.892892,"berus"
2620203491,34.698454,61.594439,"berus"
2626252034,39.580768,55.929173,"berus"
2626254782,-1.932844,55.319088,"berus"
2626419713,43.422059,56.786774,"berus"
2626438448,10.487859,46.279872,"marasso"
2626452230,9.936504,57.582562,"berus"
2626570952,10.506161,46.309463,"marasso"
2626636632,50.115838,58.55226,"berus"
2626643818,11.790454,46.296671,"marasso"
2626990254,10.843501,59.862133,"berus"
2626991966,10.66373,59.401751,"berus"
2627005588,5.615297,59.852655,"berus"
2627028994,6.047611,58.442335,"berus"
2627044740,10.750786,59.32127,"berus"
2627059012,5.60069,60.167595,"berus"
2627073026,9.838798,58.969604,"berus"
2627195172,10.66373,59.401751,"berus"
2627220795,8.184344,58.605521,"berus"
2627221263,10.615203,60.754007,"berus"
2627238141,10.66373,59.401751,"berus"
2627258233,10.593365,59.419638,"berus"
2627260322,10.910345,59.888773,"berus"
2627295555,10.751639,59.319349,"berus"
2627305066,10.910345,59.888773,"berus"
2627314827,7.640962,58.312927,"berus"
2627321068,10.842189,60.027123,"berus"
2627375289,10.785416,59.996043,"berus"
2627397850,5.096888,60.699478,"berus"
2627564812,9.838798,58.969604,"berus"
2627578749,7.531224,57.984461,"berus"
2627638507,5.314119,59.243386,"berus"
2627642128,8.595242,63.691369,"berus"
2627651930,10.907596,59.888507,"berus"
2627662369,5.827847,58.812273,"berus"
2627666821,7.773832,58.297139,"berus"
2627676972,10.665356,59.402025,"berus"
2627693578,10.790231,60.004833,"berus"
2627702926,7.967958,58.092153,"berus"
2627713198,9.884415,60.839234,"berus"
2627724002,5.860851,58.933892,"berus"
2627771134,10.910345,59.888773,"berus"
2627772774,6.571185,58.115516,"berus"
2627778382,10.395233,59.068282,"berus"
2627782070,7.872027,58.082765,"berus"
2627783844,6.623656,58.079094,"berus"
2627785912,10.723648,60.023425,"berus"
2627797546,10.66373,59.401751,"berus"
2631917428,9.682303,59.007301,"berus"
2634095061,50.115242,58.552351,"berus"
2634216328,14.38416,56.586506,"berus"
2634242830,30.186762,60.029448,"berus"
2634329263,1.381815,52.075249,"berus"
2634527707,42.83871,55.99784,"berus"
2641301775,-2.924143,54.247009,"berus"
2641364043,30.698234,59.899332,"berus"
2802778181,7.217822,61.179487,"berus"
2802867301,46.586098,56.375675,"berus"
2802947957,51.606075,55.237872,"berus"
2803012652,8.373447,56.946862,"berus"
2803144403,51.554862,55.139121,"berus"
2814001561,28.776248,60.766918,"berus"
2814074390,18.193293,59.163847,"berus"
2814144970,38.857241,55.560244,"berus"
2814216798,8.359515,56.917301,"berus"
2814259209,11.799052,46.286328,"marasso"
2814291716,38.853292,55.558472,"berus"
2814302569,10.272699,47.558389,"berus"
2814359933,42.32016,55.82174,"berus"
2814369436,10.249436,46.381714,"marasso"
2814405042,17.926558,58.922274,"berus"
2815094398,6.385018,61.558837,"berus"
2815113116,10.910345,59.888773,"berus"
2815181357,10.588873,59.432802,"berus"
2815290379,5.32029,60.35754,"berus"
2815330438,7.648714,58.098558,"berus"
2815358843,10.509112,59.967376,"berus"
2815387873,10.910345,59.888773,"berus"
2815410865,9.994099,59.34684,"berus"
2815543407,7.703161,58.101653,"berus"
2816680435,10.009667,59.29945,"berus"
2818466357,10.010026,59.848288,"berus"
2818520141,39.799266,55.574467,"berus"
2818541250,36.861588,54.938933,"berus"
2818545197,39.800331,55.57604,"berus"
2818601309,-3.222069,51.543973,"berus"
2823309419,12.718846,46.621945,"marasso"
2826155823,11.792241,46.207546,"marasso"
2826159914,17.99215,59.214625,"berus"
2826250890,11.256648,46.935684,"marasso"
2826460778,15.047372,56.160442,"berus"
2826474762,14.685767,56.42999,"berus"
2834862554,13.056003,47.064404,"marasso"
2844208408,7.061387,52.697349,"berus"
2845350930,13.250337,47.741712,"marasso"
2850709938,42.45148,55.90219,"berus"
2901331522,7.509961,58.105967,"berus"
2901383459,7.078697,57.995551,"berus"
2901397418,7.509961,58.105967,"berus"
2984456083,43.330862,56.076428,"berus"
2984501707,43.528962,55.69325,"berus"
2991878453,11.434979,64.703247,"berus"
3004352917,25.72781,59.36382,"berus"
3004584699,25.91941,58.56396,"berus"
3041823343,5.288885,60.366287,"berus"
3057044440,7.971641,58.090866,"berus"
3057112392,10.745073,59.345416,"berus"
3057186306,7.971641,58.090866,"berus"
3059078505,36.544166,56.330337,"berus"
3061277420,10.852089,59.871504,"berus"
3061284329,10.910345,59.888773,"berus"
3061311411,10.904613,59.275969,"berus"
3061380335,5.220191,59.202205,"berus"
3061396451,10.891938,59.870381,"berus"
3061607888,22.209393,49.566554,"berus"
3067259515,10.910345,59.888773,"berus"
3067320355,10.671024,59.402117,"berus"
3067341576,11.414066,64.703066,"berus"
3067348580,10.891938,59.870381,"berus"
3067356569,9.955417,59.211554,"berus"
3067362405,10.66188,59.400553,"berus"
3067376531,10.790509,59.223723,"berus"
3067394484,9.686282,59.023223,"berus"
3067407330,11.102243,59.582436,"berus"
3067440482,8.14736,58.17996,"berus"
3068074274,12.370452,55.860241,"berus"
3068082240,12.370428,55.860223,"berus"
3068093240,12.370371,55.860231,"berus"
3069985424,10.910345,59.888773,"berus"
3069996391,10.785712,59.995926,"berus"
3069999468,10.665805,59.405486,"berus"
3070053491,10.670818,59.4016,"berus"
3070127341,10.744444,60.005992,"berus"
3070134357,10.666335,59.33936,"berus"
3070277888,9.63093,46.087955,"marasso"
3070415146,0.147307,50.913323,"berus"
3070548857,18.154256,59.265728,"berus"
3070673231,18.154331,59.26578,"berus"
3070684711,11.008008,47.692078,"berus"
3070746897,18.154372,59.265613,"berus"
3079603389,12.330986,55.965082,"berus"
3079632415,10.785622,56.24413,"berus"
3079642448,12.331124,55.965007,"berus"
3079834602,39.975667,54.647183,"berus"
3079858425,12.330939,55.965067,"berus"
3079872416,12.330983,55.965067,"berus"
3079878459,12.368924,55.887822,"berus"
3079892396,12.368635,55.887757,"berus"
3080033478,10.751639,59.319349,"berus"
3080118368,10.640643,59.819524,"berus"
3080118559,10.671321,59.401586,"berus"
3080164597,10.401988,59.0668,"berus"
3080166576,10.75287,59.334385,"berus"
3080197334,10.847912,59.866512,"berus"
3080202337,6.04904,58.491097,"berus"
3090549290,1.534481,52.113068,"berus"
3090608177,57.12879,58.202203,"berus"
3090622251,1.534481,52.113068,"berus"
3090650792,39.796093,55.569906,"berus"
3090716796,39.803408,55.578394,"berus"
3090792577,10.521232,56.097735,"berus"
3091355337,6.115838,58.582734,"berus"
3091374593,10.665356,59.402025,"berus"
3091387561,10.671321,59.401586,"berus"
3091404590,6.287677,59.574226,"berus"
3096993845,-2.539292,51.783418,"berus"
3097188391,11.861938,57.640542,"berus"
3097234779,40.913046,56.259419,"berus"
3097299953,-2.844987,54.242132,"berus"
3097798553,6.569056,58.112953,"berus"
3097830529,11.342596,59.634091,"berus"
3097882337,5.200653,59.336896,"berus"
3097930595,8.176636,62.912947,"berus"
3109000087,54.188293,56.09441,"berus"
3109053201,0.324192,51.293464,"berus"
3109065067,-3.781114,51.164211,"berus"
3109154818,9.101547,57.033017,"berus"
3109161841,-1.001874,54.032069,"berus"
3109321674,17.585859,59.77774,"berus"
3110507456,10.907596,59.888507,"berus"
3110565512,10.39967,59.068144,"berus"
3112448383,46.739965,61.254667,"berus"
3112501555,-3.618182,51.539526,"berus"
3112579891,50.115251,58.552333,"berus"
3112585902,10.619845,55.614763,"berus"
3112606361,56.916312,57.471146,"berus"
3112609798,50.115033,58.552348,"berus"
3112664025,42.637712,55.447945,"berus"
3112717225,10.386306,59.852099,"berus"
3112964579,39.110177,55.833967,"berus"
3113514554,12.334613,49.273117,"berus"
3113645773,42.42538,55.91314,"berus"
3117742063,29.613928,59.771555,"berus"
3117790408,10.733758,56.531588,"berus"
3118271449,11.999995,56.015572,"berus"
3118290034,11.558423,64.849141,"berus"
3118310782,9.174797,55.289683,"berus"
3124504026,42.66006,56.11861,"berus"
3124535886,-1.952357,55.284592,"berus"
3124646480,27.71458,50.28043,"berus"
3124682191,1.620519,52.247137,"berus"
3124831638,48.36745,57.953295,"berus"
3124887608,10.745579,46.384364,"marasso"
3301800306,8.118831,56.005725,"berus"
3301819474,1.580282,52.166853,"berus"
3301868226,44.022816,52.560644,"berus"
3302263552,10.864933,46.298047,"marasso"
3302356122,10.859867,48.144025,"berus"
3302535275,30.955616,59.793579,"berus"
3302559039,11.802424,46.27767,"marasso"
3302562646,32.257587,50.815875,"berus"
3303126509,10.696168,59.992759,"berus"
3303180223,10.66373,59.401751,"berus"
3303181039,9.848096,58.968224,"berus"
3303189123,10.910345,59.888773,"berus"
3303192650,11.403592,64.707745,"berus"
3303237783,10.704334,59.439645,"berus"
3303246349,9.693999,59.379745,"berus"
3303300768,9.819206,58.975943,"berus"
3303387310,10.66373,59.401751,"berus"
3303389217,8.953571,61.571875,"berus"
3303400237,9.141993,62.574722,"berus"
3303428578,8.945585,58.818803,"berus"
3303451840,10.66373,59.401751,"berus"
3303488510,12.434166,64.34983,"berus"
3303490302,11.714022,59.356182,"berus"
3303497849,10.910345,59.888773,"berus"
3307121261,-1.593267,50.80142,"berus"
3307421946,50.11517,58.552352,"berus"
3309907566,10.670818,59.4016,"berus"
3309951526,10.914162,59.871792,"berus"
3310023453,10.666335,59.33936,"berus"
3310049471,10.670818,59.4016,"berus"
3310056421,10.909859,59.888724,"berus"
3313430418,9.876087,63.802609,"berus"
3313477396,8.4593,60.589101,"berus"
3314147234,17.971107,59.216512,"berus"
3314191420,10.848207,59.976761,"berus"
3320362432,10.670818,59.4016,"berus"
3320393370,10.909859,59.888724,"berus"
3320924150,10.746385,46.385473,"marasso"
3320935957,-5.4085,55.863753,"berus"
3321047334,25.232318,54.865179,"berus"
3321099147,10.74672,46.385012,"marasso"
3321105804,10.746819,46.384869,"marasso"
3323922363,8.255985,59.069141,"berus"
3323925378,9.832043,59.458426,"berus"
3323926508,11.516815,58.885035,"berus"
3323976453,8.255985,59.069141,"berus"
3325679783,23.485222,54.892295,"berus"
3325703935,36.029358,56.243232,"berus"
3327108474,10.66373,59.401751,"berus"
3327257439,7.933507,58.106993,"berus"
3327960406,38.919226,55.016109,"berus"
3328024469,8.109879,56.006199,"berus"
3328051378,20.67122,64.399422,"berus"
3330448992,10.747188,46.386532,"marasso"
3330450082,10.746754,46.384741,"marasso"
3330471332,9.048217,55.715405,"berus"
3330471596,34.12191,57.98071,"berus"
3330562467,11.067297,47.370012,"marasso"
3330622332,9.426959,55.431432,"berus"
3330679685,25.223825,45.506803,"berus"
3332702311,9.760411,59.254121,"berus"
3333261977,37.484244,56.410736,"berus"
3333421705,10.940407,46.490095,"marasso"
3333541497,33.044072,60.657478,"berus"
3335140987,-4.253163,50.346397,"berus"
3335316171,21.824312,40.907194,"bosniensis"
3335634304,10.059317,59.715905,"berus"
3335683408,5.305917,61.574616,"berus"
3335707321,10.527177,60.192339,"berus"
3335747438,10.788542,59.995333,"berus"
3335749436,10.909859,59.888724,"berus"
3337647770,14.194611,47.41228,"marasso"
3337852471,11.945715,54.834062,"berus"
3338028660,16.812002,58.339302,"berus"
3338073743,10.746413,46.384817,"marasso"
3338124702,33.501714,66.483153,"berus"
3338125453,13.823367,47.79645,"marasso"
3338537441,11.451121,59.224105,"berus"
3338611368,11.519923,58.910423,"berus"
3342028351,8.670952,62.659293,"berus"
3343973108,47.729923,56.048431,"berus"
3344997526,10.66373,59.401751,"berus"
3353171425,10.665356,59.402025,"berus"
3355054014,38.268978,56.649544,"berus"
3355071876,-4.210984,51.538502,"berus"
3355079273,-4.978076,51.887671,"berus"
3355408690,10.570545,56.226978,"berus"
3355465960,1.645569,52.574604,"berus"
3355507942,39.707805,57.510195,"berus"
3355589136,-2.344338,55.291584,"berus"
3380695436,7.126254,58.040875,"berus"
3380727358,8.043542,58.318391,"berus"
3382441306,10.658475,59.401664,"berus"
3384042942,47.122826,56.140565,"berus"
3384079434,57.951516,52.886642,"berus"
3384097322,10.629885,57.736123,"berus"
3384203369,12.644428,56.390545,"berus"
3384258397,10.911055,56.40253,"berus"
3384349758,17.154672,53.769147,"berus"
3384374606,25.189364,47.41715,"berus"
3384398435,8.224978,55.732995,"berus"
3384462874,14.224925,53.66421,"berus"
3384533481,-3.014187,54.235493,"berus"
3384749496,11.316585,47.47505,"marasso"
3384788705,39.80885,55.587928,"berus"
3384792633,9.633542,46.036811,"marasso"
3384810632,39.795476,55.570009,"berus"
3384940558,41.025042,56.368311,"berus"
3385069522,44.046122,56.457888,"berus"
3386615425,10.67424,59.461982,"berus"
3393070331,11.554553,59.344284,"berus"
3398757069,13.106188,49.031971,"berus"
3398827389,11.303948,46.162041,"marasso"
3398968421,10.402845,57.662503,"berus"
3399425474,32.675097,55.030877,"berus"
3407896056,27.689595,50.154196,"berus"
3408483345,6.56779,58.109105,"berus"
3408517402,7.509961,58.105967,"berus"
3408521379,7.969674,58.48557,"berus"
3408523452,7.078697,57.995551,"berus"
3408591403,7.782411,58.471598,"berus"
3408644386,7.969674,58.48557,"berus"
3408654308,7.509961,58.105967,"berus"
3415917435,60.280475,56.700169,"berus"
3416015235,47.294828,54.857102,"berus"
3416074493,30.709979,57.342888,"berus"
3416162208,38.447676,64.80387,"berus"
3424308421,10.714889,59.719107,"berus"
3424414403,10.714889,59.719107,"berus"
3424415385,10.65048,59.570577,"berus"
3456160415,0.094186,51.059642,"berus"
3465380409,10.730125,59.339594,"berus"
3465911190,38.310043,55.715828,"berus"
3466131626,38.310172,55.709518,"berus"
3466138014,38.311116,55.709615,"berus"
3466154686,38.309056,55.710776,"berus"
3466176653,38.292319,55.713393,"berus"
3466188970,38.312403,55.70947,"berus"
3466254938,38.294937,55.711719,"berus"
3466272175,38.310472,55.710026,"berus"
3466282745,38.292319,55.713484,"berus"
3466486665,11.416154,46.175683,"marasso"
3468775655,31.175649,51.875455,"berus"
3500372358,10.908018,59.888543,"berus"
3500373434,10.816516,59.830225,"berus"
3500460364,10.909752,59.888769,"berus"
3500529424,10.909752,59.888769,"berus"
3696917438,6.56779,58.109105,"berus"
3696946447,10.592997,59.420662,"berus"
3696970420,7.078697,57.995551,"berus"
3704202305,11.540674,59.934156,"berus"
3711727381,5.277917,60.582249,"berus"
3711801436,10.788542,59.995333,"berus"
3712443590,18.14284,59.283233,"berus"
3712475584,18.144688,59.283127,"berus"
3712736546,18.150408,59.286051,"berus"
3712744545,18.144561,59.283165,"berus"
3716454920,12.920471,47.596489,"marasso"
3716688157,23.693487,58.840549,"berus"
3720715529,12.931196,47.432956,"marasso"
3721447462,17.070861,59.619514,"berus"
3721690990,13.398591,48.916607,"berus"
3721777940,12.973822,60.304413,"berus"
3721806016,12.927809,47.713379,"marasso"
3721873963,8.193762,55.730392,"berus"
3721910228,12.379688,59.50462,"berus"
3721976314,13.662144,47.119407,"marasso"
3722143981,12.878381,61.825508,"berus"
3722401893,10.651578,52.5979,"berus"
3722450098,10.651592,52.597892,"berus"
3722483388,17.586312,58.950438,"berus"
3722729561,9.951618,53.118175,"berus"
3722945766,10.086833,52.996252,"berus"
3723341124,9.817452,53.094107,"berus"
3726960957,12.751408,59.625287,"berus"
3728944441,13.267996,47.488243,"marasso"
3729831568,17.586288,58.950478,"berus"
3730276664,12.751217,59.625263,"berus"
3730503247,10.648378,52.595287,"berus"
3730640891,13.538155,47.279343,"marasso"
3730837933,11.558564,47.401367,"marasso"
3731026785,13.270069,47.628387,"marasso"
3732300578,20.303421,49.253241,"berus"
3732945521,8.579227,53.836976,"berus"
3733073359,0.421855,51.498603,"berus"
3735939347,10.014212,58.978781,"berus"
3743284906,-1.921925,55.44268,"berus"
3746078322,7.967392,58.094513,"berus"
3746088341,7.966691,58.094788,"berus"
3746144425,7.966691,58.094788,"berus"
3746157519,10.395754,59.067267,"berus"
3746961006,11.438194,46.148288,"marasso"
3746992820,1.619444,52.247217,"berus"
3747037217,10.640445,57.74142,"berus"
3747185906,11.438194,46.148288,"marasso"
3747340733,12.33086,55.965074,"berus"
3750272351,10.910345,59.888773,"berus"
3753119516,8.518957,58.568055,"berus"
3757320572,11.714022,59.356182,"berus"
3757390418,6.494748,62.483502,"berus"
3757417573,8.818923,59.084648,"berus"
3757478539,4.921546,60.764657,"berus"
3757513470,7.981253,63.401606,"berus"
3757529493,4.978778,60.639435,"berus"
3759107049,1.534481,52.113068,"berus"
3759373424,37.850955,55.897248,"berus"
3759669488,-4.059768,51.559195,"berus"
3759727510,17.842947,59.465459,"berus"
3759739400,30.715255,59.734959,"berus"
3760172779,10.641616,57.743393,"berus"
3760348662,37.839085,55.880979,"berus"
3760371724,37.837454,55.880236,"berus"
3760634545,5.356331,60.288606,"berus"
3760679426,5.19864,59.195903,"berus"
3760696422,10.282449,59.803655,"berus"
3760811428,5.411074,60.315896,"berus"
3764104498,30.185394,60.031179,"berus"
3764111175,-3.6618,51.1675,"berus"
3764179291,50.614222,55.314716,"berus"
3764194898,56.928499,57.475205,"berus"
3764247627,41.116689,56.461295,"berus"
3764414488,30.103714,60.000249,"berus"
3764529058,32.69371,55.042936,"berus"
3764562995,44.726278,56.584955,"berus"
3764940542,10.670818,59.4016,"berus"
3770509357,10.665356,59.402025,"berus"
3770597497,7.528942,58.01508,"berus"
3770612355,10.671321,59.401586,"berus"
3770675399,9.983696,58.981382,"berus"
3770675502,10.712104,59.717241,"berus"
3772410187,37.84039,55.882172,"berus"
3772413090,37.84039,55.882172,"berus"
3772438945,37.84039,55.882172,"berus"
3772549284,-0.012589,50.875056,"berus"
3772575153,37.84039,55.882172,"berus"
3772633144,37.84039,55.882172,"berus"
3772657131,37.84039,55.882172,"berus"
3772666213,-1.764838,50.886456,"berus"
3772694889,37.84039,55.882172,"berus"
3772949111,45.413815,57.185625,"berus"
3772966028,37.84039,55.882172,"berus"
3773002929,47.36562,56.179504,"berus"
3773124061,37.84039,55.882172,"berus"
3773132270,12.240282,46.285702,"marasso"
3773134732,37.84039,55.882172,"berus"
3773264812,12.007078,54.812404,"berus"
3773300304,50.11517,58.552352,"berus"
3773333622,40.031705,52.901352,"berus"
3773350883,37.84039,55.882172,"berus"
3773350885,37.84039,55.882172,"berus"
3773408651,43.61474,56.419685,"berus"
3773581497,44.209763,56.731195,"berus"
3773664126,38.647889,55.388535,"berus"
3773785912,47.363796,56.176771,"berus"
3780550306,7.509961,58.105967,"berus"
3780581527,7.509961,58.105967,"berus"
3780639584,7.138867,58.043889,"berus"
3780683426,10.751639,59.319349,"berus"
3780686606,7.509961,58.105967,"berus"
3780689367,7.509961,58.105967,"berus"
3780695578,7.969674,58.48557,"berus"
3780709325,6.79174,58.065392,"berus"
3784656736,9.561316,56.152996,"berus"
3784737388,0.111428,51.043239,"berus"
3784771101,-2.816212,54.490458,"berus"
3784772141,8.222399,55.733776,"berus"
3784780579,37.931203,55.502254,"berus"
3784791998,10.614525,47.494837,"berus"
3784949815,-2.939148,51.313055,"berus"
3785159893,-3.558925,51.181278,"berus"
3798247381,10.84422,59.617071,"berus"
3802278868,11.401519,47.003556,"marasso"
3802280756,38.290055,55.713378,"berus"
3802313246,11.371691,46.129657,"marasso"
3802416135,-4.026211,50.520312,"berus"
3802464428,39.797615,55.569612,"berus"
3802472624,39.797613,55.569619,"berus"
3802479540,36.906587,54.441041,"berus"
3802514462,39.797611,55.569616,"berus"
3802515950,38.2901,55.713637,"berus"
3802516781,38.293659,55.712508,"berus"
3802518212,11.484336,46.144561,"marasso"
3802524517,39.797616,55.569621,"berus"
3802583564,39.794438,55.569122,"berus"
3802585087,11.499289,46.153412,"marasso"
3802825779,38.290612,55.713644,"berus"
3807687354,5.75211,58.537634,"berus"
3807797456,9.473525,59.250612,"berus"
3816498375,10.894453,59.869443,"berus"
3819907438,11.412575,61.486948,"berus"
3819968399,10.724636,60.980604,"berus"
3822835066,-6.181045,56.740188,"berus"
3823139145,9.828764,53.090426,"berus"
3825617565,8.134672,55.979294,"berus"
3825848163,12.783333,47.676944,"marasso"
3825932357,10.0173,54.359607,"berus"
3826126265,9.902077,54.187803,"berus"
3826607164,10.112674,54.286008,"berus"
3826625360,9.828617,54.221337,"berus"
3826931850,25.333099,66.453999,"berus"
3827075185,9.969113,53.156044,"berus"
3844625341,7.621585,58.090377,"berus"
3844695547,11.055081,61.715177,"berus"
3845979586,10.909859,59.888724,"berus"
3858354324,22.399978,54.41851,"berus"
3858418567,47.166209,56.0975,"berus"
3858645574,40.940552,56.338832,"berus"
3858664070,12.055747,46.512905,"marasso"
3858735608,22.551504,49.224363,"berus"
3858873970,17.247934,60.734451,"berus"
3859023446,13.476553,47.52577,"marasso"
3859032119,11.949603,46.181995,"marasso"
3859079383,20.580824,49.492922,"berus"
3859193406,25.115225,54.476947,"berus"
3859302487,22.552051,49.225515,"berus"
3859339999,40.63359,56.138568,"berus"
3859390506,38.250037,58.063346,"berus"
3859392106,12.061336,46.398786,"marasso"
3859434957,32.942291,60.677853,"berus"
3859449722,50.211677,57.095324,"berus"
3859495932,17.094995,50.092329,"berus"
3859499812,12.461778,49.227759,"berus"
3859791359,12.485417,57.805043,"berus"
3859810287,20.396405,49.617557,"berus"
3859825354,20.657083,49.595437,"berus"
3859851921,-6.399705,55.807922,"berus"
3859956463,22.541282,49.217491,"berus"
3859982338,20.677639,49.608986,"berus"
3860062731,17.824576,59.217006,"berus"
3860087252,11.378245,46.117126,"marasso"
3860120647,34.085943,58.671112,"berus"
3860234890,40.600849,56.719305,"berus"
3860240150,13.630347,51.498483,"berus"
3860274810,11.436691,46.146757,"marasso"
3860340596,11.4559,48.056111,"berus"
3860527528,30.885059,59.100929,"berus"
3860695263,11.382348,46.12015,"marasso"
3860806567,42.906089,56.082121,"berus"
3862066305,9.91564,63.526848,"berus"
3862201448,4.874483,60.783096,"berus"
3866494417,9.91564,63.526848,"berus"
3872893005,37.605964,56.616989,"berus"
3872930119,24.61078,48.252469,"berus"
3872996975,8.209447,55.702572,"berus"
3873094049,12.399647,46.691617,"marasso"
3873108421,11.63235,58.381478,"berus"
3873131442,31.713792,58.576057,"berus"
3873222641,9.507214,46.020079,"marasso"
3873351377,14.667028,45.41798,"marasso"
3873369493,37.751162,56.564188,"berus"
3873407655,13.120392,57.959255,"berus"
3873646619,47.712432,56.188001,"berus"
3873741350,0.396696,51.564407,"berus"
3873810043,-0.767917,54.382008,"berus"
3874092237,6.607805,58.091337,"berus"
3878936391,5.368054,59.810387,"berus"
3879049305,7.853881,58.433857,"berus"
3879080324,10.890501,59.85935,"berus"
3881539605,15.974726,50.643183,"berus"
3881737087,34.736884,64.53602,"berus"
3881864903,11.159451,58.806927,"berus"
3886382416,4.874483,60.783096,"berus"
3888789727,15.56611,50.734092,"berus"
3888814533,17.787097,62.543544,"berus"
3889095700,28.13711,59.618998,"berus"
3889131113,-4.270118,55.065629,"berus"
3889196159,20.394876,49.617721,"berus"
3892430739,23.796785,52.80536,"berus"
3892431108,10.636008,57.743775,"berus"
3892509801,-3.890333,50.540917,"berus"
3892687702,11.707426,55.950144,"berus"
3893214397,4.874483,60.783096,"berus"
3897463448,5.347321,59.298152,"berus"
3897546537,4.874483,60.783096,"berus"
3898909347,4.874483,60.783096,"berus"
3902327068,45.378674,57.19205,"berus"
3902336180,11.436005,46.14582,"marasso"
3902524997,40.222271,55.138303,"berus"
3902711674,12.079651,46.436736,"marasso"
3902944563,9.825667,46.026271,"marasso"
3903027228,11.601926,46.127541,"marasso"
3903177255,14.809613,55.270515,"berus"
3903181155,32.634906,67.197085,"berus"
3903241303,12.658588,47.659858,"marasso"
3903317975,12.757412,47.889602,"marasso"
3903323405,-2.708058,51.269507,"berus"
3904438504,12.887362,47.642547,"marasso"
3904828283,12.828662,47.596942,"marasso"
3904941201,7.103278,52.256078,"berus"
3905808729,10.4177,57.658847,"berus"
3906084740,13.41914,47.186149,"marasso"
3906323952,9.499547,54.398537,"berus"
3906731839,11.618182,47.82173,"berus"
3906776883,13.847846,47.718251,"marasso"
3906819971,9.505253,54.39887,"berus"
3906926586,12.916205,47.713945,"marasso"
3906977256,6.285247,59.506363,"berus"
3907246235,9.796457,54.104527,"berus"
3907593006,12.828793,47.597053,"marasso"
3907614973,10.18558,47.359463,"berus"
3912076269,11.314283,46.141922,"marasso"
3912146899,-1.929813,50.833589,"berus"
3912433545,40.944801,56.342169,"berus"
3912780593,10.796663,59.677254,"berus"
3914082588,7.061252,57.989518,"berus"
3914166395,7.078697,57.995551,"berus"
3914194352,4.819282,60.819478,"berus"
3921223524,8.691488,58.789294,"berus"
3921269482,10.91842,60.045141,"berus"
3923578327,39.803708,52.811438,"berus"
3923672495,11.538683,46.195583,"marasso"
3923712344,36.37776,53.8124,"berus"
3924254367,10.67424,59.461982,"berus"
3925301496,10.577068,57.74772,"berus"
3925449808,30.801084,59.854071,"berus"
3947076280,-4.161591,51.559585,"berus"
3961328050,-1.566027,53.268886,"berus"
3961347128,19.490132,51.91858,"berus"
3966886341,11.445898,46.195562,"marasso"
3979104322,8.446374,60.644385,"berus"
3986071183,-3.768788,51.164864,"berus"
3986258131,49.871966,58.523901,"berus"
3988572978,16.852357,50.246568,"berus"
3994152036,18.732875,53.422968,"berus"
3995089015,8.162644,55.536932,"berus"
3995301168,19.168611,49.101409,"berus"
3995615580,14.591717,47.507862,"marasso"
3995795355,9.920648,54.158572,"berus"
3995831888,0.94162,52.713791,"berus"
3996097825,14.620563,60.025108,"berus"
3996117525,13.492271,47.532101,"marasso"
3996408344,12.100231,55.162392,"berus"
3996471400,12.915938,60.353672,"berus"
3996500256,7.14452,52.73601,"berus"
3996677449,13.411724,47.114182,"marasso"
3996789447,10.154822,47.049951,"marasso"
3996910667,13.840305,46.263396,"marasso"
3997475858,7.154671,52.737713,"berus"
3997552921,11.509702,47.906444,"berus"
3997609282,9.819074,53.095921,"berus"
3997730527,9.83139,53.090545,"berus"
3997731964,9.830618,53.090725,"berus"
4003089407,11.44574,60.822465,"berus"
4006742962,11.799224,46.256681,"marasso"
4011542848,13.374877,49.004945,"berus"
4018418384,15.708585,45.608668,"marasso"
4018538416,15.706394,45.60954,"marasso"
4022072116,38.790008,56.801049,"berus"
4022086013,38.788288,56.801856,"berus"
4022330634,38.78814,56.801732,"berus"
4028768434,34.479076,62.579901,"berus"
4029147376,-1.988585,54.831748,"berus"
4029171413,38.788137,56.801755,"berus"
4029192124,12.205291,54.245984,"berus"
4039410612,30.847887,57.329947,"berus"
4041690339,7.972063,58.090881,"berus"
4041711481,7.971856,58.090904,"berus"
4045892308,24.551568,59.417947,"berus"
4046027270,26.75703,58.1864,"berus"
4054865768,20.673163,50.421693,"berus"
4055892111,23.700016,58.839084,"berus"
4055943034,12.369792,46.718403,"marasso"
4056081957,23.40226,42.161823,"bosniensis"
4056149659,10.630565,57.73567,"berus"
4056160296,11.51602,62.020808,"berus"
4056178949,12.446308,55.279225,"berus"
4056282094,12.4414,58.343872,"berus"
4056319106,9.161436,55.693161,"berus"
4056339869,9.161427,55.693109,"berus"
4056346631,11.1251,61.986255,"berus"
4056355764,10.54398,57.713847,"berus"
4056362722,14.53884,56.604224,"berus"
4056431832,12.751842,59.6253,"berus"
4056438693,10.193807,56.93295,"berus"
4056461779,8.178795,55.809967,"berus"
4056530867,14.995394,58.009344,"berus"
4056533906,12.4414,58.343872,"berus"
4056558850,13.569561,62.231003,"berus"
4056600880,16.596662,57.919595,"berus"
4056614453,16.596576,57.919593,"berus"
4056680468,22.719684,60.785521,"berus"
4056684629,11.515817,62.020926,"berus"
4056686341,6.270211,58.835264,"berus"
4056694959,10.648358,57.745138,"berus"
4057081842,10.638782,57.742281,"berus"
4062662312,50.545976,58.480976,"berus"
4067214097,-1.988841,54.831836,"berus"
4067269977,1.623598,52.245892,"berus"
4067302032,48.527407,54.022894,"berus"
4067391598,1.129417,52.931453,"berus"
4067436635,23.377595,54.133476,"berus"
4067456353,20.726678,52.317105,"berus"
4067559525,10.57477,56.227021,"berus"
4070033544,10.948352,64.49327,"berus"
4074012385,6.56779,58.109105,"berus"
4074025395,7.135354,58.043072,"berus"
4074039535,7.509961,58.105967,"berus"
4074079448,8.34596,63.685882,"berus"
4074086626,5.602487,60.15196,"berus"
4075637617,30.524577,60.07212,"berus"
4075799176,53.869128,56.428146,"berus"
4076192762,-0.183133,53.147972,"berus"
4076275530,30.521634,60.071252,"berus"
4079806797,10.847912,59.866512,"berus"
4079815837,10.592997,59.420662,"berus"
4079831908,10.792602,59.995302,"berus"
4079837761,10.910345,59.888773,"berus"
4079852900,10.28677,63.37853,"berus"
4079875372,10.795207,59.790455,"berus"
4079890342,10.785712,59.995926,"berus"
4080510776,11.49454,47.067083,"marasso"
4080528985,37.840585,55.88211,"berus"
4080535689,-3.618203,51.539479,"berus"
4080644289,47.147442,56.112045,"berus"
4080690386,43.285424,56.072819,"berus"
4080703648,11.786772,49.769952,"berus"
4080726532,19.715237,50.195598,"berus"
4080735560,-4.575961,56.112095,"berus"
4080766483,15.830592,50.67976,"berus"
4080836384,30.885104,59.854222,"berus"
4080888493,17.588037,58.94963,"berus"
4080919313,0.530591,51.556492,"berus"
4080957974,37.831836,55.879697,"berus"
4080967940,12.370877,55.860156,"berus"
4091665775,0.553419,50.953659,"berus"
4091857514,-1.650399,50.908972,"berus"
4091949290,15.377047,59.1775,"berus"
4096114373,11.488186,58.959892,"berus"
4096133486,10.442304,59.405678,"berus"
4096622494,-0.72821,54.315855,"berus"
4096667580,-0.777922,51.183544,"berus"
4096680692,1.62046,52.247131,"berus"
4096802942,50.107823,58.550071,"berus"
4096864220,-1.98624,54.83094,"berus"
4102805842,23.907403,49.714045,"berus"
4102842047,45.195603,57.16896,"berus"
4103089540,-0.38955,50.857832,"berus"
4103359938,10.325324,47.379212,"berus"
4103440423,47.352914,56.18557,"berus"
4109490681,10.910345,59.888773,"berus"
4109503326,10.66373,59.401751,"berus"
4109504169,7.972997,58.08815,"berus"
4109534313,11.501867,59.114601,"berus"
4109555447,9.90186,63.743143,"berus"
4109558698,10.165488,63.381203,"berus"
4109569668,10.665356,59.402025,"berus"
4109584182,10.045788,59.253726,"berus"
4109588449,7.969736,58.093302,"berus"
4109607802,8.426656,63.522835,"berus"
4109619149,10.442475,59.393236,"berus"
4111793006,38.009828,54.353591,"berus"
4111805269,47.656534,55.296488,"berus"
4111888790,31.688361,58.531361,"berus"
4111895203,30.886069,59.101669,"berus"
4112011596,23.906405,49.713879,"berus"
4112187136,37.196677,54.721774,"berus"
4116060923,39.7952,55.570071,"berus"
4116130929,24.487275,48.269458,"berus"
4116186328,39.797457,55.569581,"berus"
4116195354,39.795197,55.570084,"berus"
4116224303,39.795197,55.570084,"berus"
4116310975,11.849321,50.172869,"berus"
4116403920,10.189943,56.87304,"berus"
4116444946,24.507314,48.277139,"berus"
4116549846,13.281839,49.059693,"berus"
4116552194,39.796589,55.569853,"berus"
4116552407,42.16677,56.481314,"berus"
4116581620,12.121862,57.788558,"berus"
4116596427,39.797871,55.56948,"berus"
4116607599,20.433412,53.730486,"berus"
4116618378,39.795338,55.570069,"berus"
4120884616,14.66702,56.647422,"berus"
4120938017,10.251219,55.119778,"berus"
4120992520,40.680708,55.591817,"berus"
4121360073,39.104675,56.963903,"berus"
4121387770,45.111026,53.149117,"berus"
4126745964,11.041746,45.681826,"marasso"
4126776234,-2.385352,50.732034,"berus"
4126862246,0.971534,51.834353,"berus"
4126919300,11.374015,47.467097,"marasso"
4126920271,13.769327,58.528886,"berus"
4127023345,40.920004,56.315808,"berus"
4129721938,11.167666,45.728153,"marasso"
4129879190,9.641547,54.482887,"berus"
4129971289,18.148382,59.251348,"berus"
4130064371,32.258622,50.817431,"berus"
4130073833,18.279778,59.272663,"berus"
4130195529,26.748562,59.182762,"berus"
4130266805,29.94314,58.824992,"berus"
4130279476,44.101312,56.445583,"berus"
4130281405,30.06684,59.368376,"berus"
4131726846,11.028527,61.458354,"berus"
4131753998,7.933507,58.106993,"berus"
4131777153,10.661323,59.396743,"berus"
4131784397,6.862949,61.180305,"berus"
4131798202,10.892468,59.869222,"berus"
4131805651,10.253335,59.232093,"berus"
4131819881,10.528579,60.704621,"berus"
4131835374,10.324562,60.036228,"berus"
4131887328,10.297029,63.366585,"berus"
4131973390,7.146377,62.745421,"berus"
4133136321,9.236127,63.051525,"berus"
4133790214,13.504557,47.532241,"marasso"
4133882279,25.098985,49.97275,"berus"
4133909033,23.829338,49.063314,"berus"
4133961698,30.645595,59.728339,"berus"
4134094653,38.70245,56.804758,"berus"
4134110706,30.645606,59.728315,"berus"
4137403362,8.473224,60.590883,"berus"
4137483439,10.741973,59.345517,"berus"
4137717277,42.931789,56.163153,"berus"
4138045568,46.569378,54.861619,"berus"
4138062114,46.4031,55.230729,"berus"
4138150432,46.408351,55.231646,"berus"
4138252918,30.400301,53.89811,"berus"
4138585688,56.877238,52.579533,"berus"
4138596803,0.508431,51.554202,"berus"
4138633620,-3.503958,56.99222,"berus"
4144674520,6.297487,58.803563,"berus"
4145188748,19.51811,42.064735,"bosniensis"
4145261050,13.582834,48.950116,"berus"
4145535164,11.062353,49.384161,"berus"
4145557045,40.600256,56.71731,"berus"
4145594897,10.562537,46.084441,"marasso"
4145640297,40.598031,56.718217,"berus"
4145683549,-6.202109,56.545254,"berus"
4145765291,40.601459,56.719446,"berus"
4147950564,9.788259,63.717956,"berus"
4148027604,5.426121,60.2843,"berus"
4148038626,8.914405,61.248024,"berus"
4148061303,7.831387,62.461668,"berus"
4148066356,10.658475,59.401664,"berus"
4153382511,-6.295379,57.178016,"berus"
4153709860,42.70828,56.13306,"berus"
4153795207,42.49258,55.9371,"berus"
4153833059,42.66832,56.09724,"berus"
4153958091,-4.79214,55.084144,"berus"
4155904437,9.893462,53.064278,"berus"
4156551744,12.763211,47.880911,"marasso"
4156613155,9.825295,53.090467,"berus"
4156789828,10.051758,54.195203,"berus"
4156834581,12.742165,47.623608,"marasso"
4156971708,9.893628,53.064236,"berus"
4157040248,9.830192,53.090522,"berus"
4157042936,12.924071,48.000706,"marasso"
4157405541,10.043874,54.202789,"berus"
4157454882,9.893528,53.06422,"berus"
4157490942,23.519373,59.158763,"berus"
4157538220,9.828504,53.090434,"berus"
4157615039,9.724145,54.264823,"berus"
4157621129,9.828258,53.09154,"berus"
4157695791,10.459074,49.85069,"berus"
4157718569,9.893542,53.064225,"berus"
4158145099,9.893528,53.06422,"berus"
4158217262,9.893442,53.064208,"berus"
4159012246,9.215944,54.153564,"berus"
4159458868,10.048592,54.199037,"berus"
4159722042,12.733675,54.440987,"berus"
4160644820,10.072956,54.41977,"berus"
4160785907,13.36456,47.195324,"marasso"
4161405378,7.394922,62.916158,"berus"
4161440570,10.66373,59.401751,"berus"
4161451361,10.439987,59.154664,"berus"
4161512479,10.875301,59.867824,"berus"
4162161200,12.337457,46.817101,"marasso"
4162205093,27.308283,56.438057,"berus"
4162399508,11.061059,49.375994,"berus"
4162460070,-2.783625,51.18948,"berus"
4162574335,13.767711,46.490601,"marasso"
4164365306,10.036086,59.716779,"berus"
4164387302,9.388958,59.726743,"berus"
4165353104,15.297547,47.81217,"marasso"
4165374235,30.3009,60.506845,"berus"
4165437097,-2.038625,50.733018,"berus"
4165513612,5.111083,60.692633,"berus"
4165586236,15.900917,57.661314,"berus"
4165770590,30.779625,57.369169,"berus"
4165776762,11.078042,61.42609,"berus"
4165802092,27.302076,52.395506,"berus"
4165808967,14.484548,50.932866,"berus"
4165834280,17.669183,58.978942,"berus"
4165905572,13.817915,54.131104,"berus"
4171386722,1.627799,52.240433,"berus"
4171431114,47.072516,56.822249,"berus"
4171564696,-4.589021,57.235669,"berus"
4171582087,36.023083,61.672615,"berus"
4171646961,-3.629118,51.54285,"berus"
4171713543,26.202719,55.850987,"berus"
4171935216,36.666555,57.859286,"berus"
4172011884,18.134726,53.176444,"berus"
4173524586,10.016539,59.232157,"berus"
4173577414,10.623773,63.265136,"berus"
4173609442,10.875301,59.867824,"berus"
4173626242,7.429409,59.094975,"berus"
4173647392,10.786494,59.995962,"berus"
4176987853,38.313422,55.71779,"berus"
4177154158,-2.781702,54.306147,"berus"
4177269842,37.279871,58.611294,"berus"
4177319873,47.139724,56.120406,"berus"
4177345344,11.317978,46.138961,"marasso"
4177374419,34.51033,57.669475,"berus"
4177400457,-3.620921,51.543711,"berus"
4399921685,30.787451,50.635325,"berus"
4399965881,13.46032,46.456975,"marasso"
4400010826,33.826478,66.24417,"berus"
4400066984,12.887146,47.642184,"marasso"
4400084343,13.883308,47.303097,"marasso"
4400145846,12.419853,54.381692,"berus"
4400145969,33.60121,56.426339,"berus"
4400329995,36.773026,56.765671,"berus"
4400471946,12.175159,54.228214,"berus"
4401657545,11.11826,60.411707,"berus"
4404555575,10.094935,60.237136,"berus"
4404677380,10.665356,59.402025,"berus"
4405093213,12.84788,60.440878,"berus"
4405293709,43.615138,55.640033,"berus"
4405305372,38.780451,56.182202,"berus"
4405396042,41.126406,54.943625,"berus"
4405396513,13.81782,54.131165,"berus"
4405397435,10.485625,46.283686,"marasso"
4405442959,37.563754,56.545314,"berus"
4407152613,-4.138114,51.571032,"berus"
4407241060,37.741183,56.747961,"berus"
4407371891,11.786776,46.296625,"marasso"
4407466313,38.428011,56.02561,"berus"
4407495831,56.038635,57.966911,"berus"
4407593359,-4.48438,56.090625,"berus"
4408188226,13.360261,47.184422,"marasso"
4408702344,14.397392,47.787587,"marasso"
4409043474,12.156433,54.20444,"berus"
4409170263,12.504845,47.04492,"marasso"
4409308860,13.409238,46.655408,"marasso"
4409480853,9.896072,53.057114,"berus"
4409684300,14.32392,47.775238,"marasso"
4409774387,11.767283,47.304038,"marasso"
4409939838,9.893758,53.056003,"berus"
4409939987,9.240282,54.411913,"berus"
4410012456,13.483312,47.124878,"marasso"
4410040153,9.918872,53.047483,"berus"
4410320769,9.918797,53.047514,"berus"
4410397183,9.918578,53.072875,"berus"
4410417209,9.943033,53.227403,"berus"
4410538203,9.911862,53.06968,"berus"
4413678469,50.272153,58.543266,"berus"
4413730429,42.59493,55.97879,"berus"
4413818191,10.515285,57.719744,"berus"
4413835396,42.59463,55.97891,"berus"
4413916551,25.109514,54.470889,"berus"
4414021925,44.373332,55.82117,"berus"
4414205052,42.59201,55.98324,"berus"
4414391557,42.37768,55.95368,"berus"
4414417508,42.5914,55.9838,"berus"
4414425319,41.598217,56.064562,"berus"
4416038995,9.901752,59.419707,"berus"
4416072731,7.971829,58.090833,"berus"
4416076879,10.910345,59.888773,"berus"
4416107557,7.135354,58.043072,"berus"
4416132801,9.329283,58.786604,"berus"
4416672102,10.62339,57.747714,"berus"
4416685936,23.650778,47.823445,"berus"
4416732853,42.5031,55.94034,"berus"
4416857205,10.368932,57.617989,"berus"
4416860968,10.61963,57.748367,"berus"
4416866666,10.632672,57.74579,"berus"
4416910679,10.626655,57.747069,"berus"
4416916243,42.59501,55.97851,"berus"
4416977379,42.46246,55.92279,"berus"
4417030621,10.353356,57.637958,"berus"
4417090308,42.4665,55.92411,"berus"
4419190304,9.712477,63.825918,"berus"
4420740914,20.651677,49.570828,"berus"
4420963970,45.379246,57.194665,"berus"
4421060178,11.883676,60.661915,"berus"
4421102390,42.313025,56.291279,"berus"
4421108485,40.50162,56.160923,"berus"
4421110803,13.137136,49.088903,"berus"
4421183892,38.265195,55.642753,"berus"
4421192377,13.137136,49.08892,"berus"
4421271747,42.59499,55.97851,"berus"
4423393342,9.711776,63.827388,"berus"
4423439528,10.741973,59.345517,"berus"
4424204441,37.840665,55.882044,"berus"
4424274580,-2.654288,50.77527,"berus"
4424286035,9.386455,56.179381,"berus"
4424286530,14.443032,45.588835,"marasso"
4424300677,22.87628,58.974244,"berus"
4424435665,46.94072,57.88891,"berus"
4424483409,13.422085,49.15757,"berus"
4424551627,12.285056,47.280766,"marasso"
4424628765,9.866724,46.043621,"marasso"
4430494471,53.553801,54.492122,"berus"
4430697261,55.959178,57.98782,"berus"
4430838266,57.663718,53.950685,"berus"
4431251850,12.201938,55.04557,"berus"
4431261658,46.395988,55.462574,"berus"
4437200803,4.87725,60.798496,"berus"
4440816730,8.966279,56.086191,"berus"
4440841793,19.869039,49.269016,"berus"
4442433808,-1.571186,53.267859,"berus"
4453862240,19.755918,50.156517,"berus"
4454017213,11.78679,49.769912,"berus"
4454056967,33.105589,66.552317,"berus"
4459081436,10.717351,59.369256,"berus"
4459358504,15.5312,56.288145,"berus"
4459423411,12.17963,59.043003,"berus"
4459464848,8.208997,55.700113,"berus"
4459465965,7.259442,62.9959,"berus"
4459511258,8.628572,58.928132,"berus"
4459532895,8.172877,55.550774,"berus"
4459615662,7.559932,59.023102,"berus"
4459662682,22.704084,60.791569,"berus"
4459675738,14.592787,60.459862,"berus"
4459716855,10.602706,57.74713,"berus"
4459778879,15.377347,59.176368,"berus"
4459808406,19.885967,49.276228,"berus"
4459813322,16.768925,58.17667,"berus"
4459919553,10.120925,54.287362,"berus"
4459948182,15.288728,58.037436,"berus"
4460241437,12.696762,59.995724,"berus"
4460242572,-3.727455,57.211353,"berus"
4460275753,8.881599,61.461553,"berus"
4460421959,13.651162,62.410336,"berus"
4460450574,9.885128,53.206587,"berus"
4460518681,15.869946,56.358503,"berus"
4460593327,10.633507,60.45763,"berus"
4460640851,9.666217,57.32196,"berus"
4460644759,8.370564,55.88623,"berus"
4460692092,1.479725,52.154428,"berus"
4460802588,9.33113,56.375809,"berus"
4460836711,11.008061,58.90387,"berus"
4460888695,26.535078,58.398105,"berus"
4460961617,8.709444,56.581801,"berus"
4461257783,14.26874,55.656254,"berus"
4461471945,7.918638,59.062622,"berus"
4461522166,9.84207,53.1348,"berus"
4461683671,17.625662,64.287025,"berus"
4461707820,13.814062,60.575408,"berus"
4461817333,20.773672,60.267642,"berus"
4461818093,16.76903,58.176705,"berus"
4461836332,10.205608,56.928535,"berus"
4461984116,12.434558,58.345978,"berus"
4462058565,8.46988,59.337646,"berus"
4462116118,10.394175,63.429048,"berus"
4462185025,12.288088,46.794572,"marasso"
4462189148,-6.225791,57.293296,"berus"
4462240358,7.154626,52.737776,"berus"
4462413586,12.459531,54.408515,"berus"
4462420401,8.107594,56.09892,"berus"
4462442901,12.405258,46.696328,"marasso"
4465421938,14.585413,47.571499,"marasso"
4466017584,7.04192,62.895545,"berus"
4500878884,10.845816,59.651364,"berus"
4500882656,10.845745,59.651321,"berus"
4506299705,11.750001,46.338314,"marasso"
4507945027,8.1995,58.839384,"berus"
4512425174,19.296488,52.761724,"berus"
4516199657,-2.710076,51.295671,"berus"
4516217344,33.184672,66.537739,"berus"
4519197997,10.569847,57.744294,"berus"
4522777588,-1.988557,54.831788,"berus"
4524961857,14.271589,45.774391,"marasso"
4528337017,14.802751,48.888588,"berus"
4535657342,38.797421,56.800973,"berus"
4535930368,38.790034,56.799354,"berus"
4535949393,38.792691,56.799671,"berus"
4537231483,10.593365,59.419638,"berus"
4537242473,5.602038,60.152773,"berus"
4596994753,23.015405,55.831691,"berus"
4597002273,39.983931,54.820571,"berus"
4597025623,45.646946,56.743945,"berus"
4597061985,10.606563,57.750188,"berus"
4597077374,10.191582,56.872861,"berus"
4597350331,-2.541128,51.783295,"berus"
4597397496,-2.539292,51.783418,"berus"
4597475265,9.941308,57.584458,"berus"
4597568564,20.436764,53.747597,"berus"
4599963133,20.429316,53.754049,"berus"
4599986984,-1.575354,53.268078,"berus"
4600055818,1.620632,52.247096,"berus"
4600065588,9.185612,56.512787,"berus"
4600129925,1.62063,52.247097,"berus"
4600130944,-1.543288,50.730697,"berus"
4600208385,30.117182,61.026701,"berus"
4603651844,9.748005,63.645801,"berus"
4603745252,10.442475,59.393236,"berus"
4606639687,0.528489,51.302944,"berus"
4606647014,0.527819,51.312042,"berus"
4606664253,14.943885,55.127963,"berus"
4606666683,30.147251,60.035558,"berus"
4606673674,16.160408,51.267478,"berus"
4606684100,18.951817,49.221957,"berus"
4606693932,29.563467,59.953635,"berus"
4606709003,15.87913,47.72767,"marasso"
4606751817,29.559297,59.95535,"berus"
4606779376,30.868989,57.377834,"berus"
4606808691,50.119522,58.553076,"berus"
4606845261,37.836313,55.882196,"berus"
4606852626,37.836313,55.882196,"berus"
4606875166,37.836313,55.882196,"berus"
4606908708,18.221475,59.270162,"berus"
4606911067,50.116705,58.552483,"berus"
4606919347,35.306847,53.237251,"berus"
4606919450,37.841065,55.882046,"berus"
4606929150,0.527707,51.31204,"berus"
4606945189,37.838842,55.881022,"berus"
4606946353,37.836313,55.882196,"berus"
4606948886,37.838272,55.88084,"berus"
4606963968,50.119467,58.553172,"berus"
4606987141,42.280087,51.981077,"berus"
4607016278,35.740054,56.862131,"berus"
4607031541,37.841061,55.882032,"berus"
4607041878,47.147574,56.11235,"berus"
4607047472,23.479452,54.899806,"berus"
4607085505,8.83572,55.029842,"berus"
4607150279,9.100167,57.034047,"berus"
4607219551,47.147982,56.112691,"berus"
4607250683,50.119175,58.553078,"berus"
4607328768,0.486051,51.333654,"berus"
4607332765,35.825164,56.864594,"berus"
4607364024,50.119426,58.55298,"berus"
4607375978,-3.122564,53.06018,"berus"
4607405493,10.189817,56.873102,"berus"
4607417357,37.83951,55.881366,"berus"
4607437360,10.637147,57.744195,"berus"
4607473939,37.838489,55.880926,"berus"
4607533698,50.119456,58.55309,"berus"
4607533904,37.838821,55.881015,"berus"
4607543622,40.59606,56.165997,"berus"
4607554007,24.907342,54.699147,"berus"
4607589901,30.521803,60.071409,"berus"
4607669844,47.147517,56.114556,"berus"
4608425914,10.849475,59.865641,"berus"
4608429467,10.878472,59.891806,"berus"
4608467403,10.910345,59.888773,"berus"
4608469961,7.281286,58.275696,"berus"
4608472636,11.323686,60.097315,"berus"
4846767237,10.111702,54.285871,"berus"
4846871439,12.898462,53.393178,"berus"
4846911739,15.860164,50.189852,"berus"
4846959213,8.084712,55.563669,"berus"
4847090527,15.348872,50.820075,"berus"
4847165083,-1.995409,52.756017,"berus"
4847220488,-2.985322,50.758411,"berus"
4847242110,28.60255,55.989041,"berus"
4847245699,28.60255,55.989041,"berus"
4847261104,-5.218634,49.991901,"berus"
4847636737,9.959244,63.870338,"berus"
4847649551,10.612328,59.965042,"berus"
4847651384,10.849475,59.865641,"berus"
4847671747,10.910345,59.888773,"berus"
4850536837,10.661323,59.396743,"berus"
4850539503,10.846995,59.651352,"berus"
4850545645,10.677016,59.400717,"berus"
4850550228,10.292591,63.564486,"berus"
4851726652,50.117402,58.552652,"berus"
4851732699,46.414293,55.247175,"berus"
4851734437,37.835371,55.879728,"berus"
4851800482,39.821862,55.558948,"berus"
4851814284,46.601563,54.986103,"berus"
4851855583,-2.643221,54.919662,"berus"
4851935302,37.843377,55.882834,"berus"
4851941260,37.840119,55.881788,"berus"
4852051874,-3.591147,51.161739,"berus"
4852120856,29.559478,59.95517,"berus"
4852185290,20.429281,53.754103,"berus"
4852252731,38.246382,55.61596,"berus"
4852297963,39.821851,55.55894,"berus"
4852310763,-3.646828,50.288217,"berus"
4852442367,47.147565,56.116236,"berus"
4852474710,10.194005,56.93293,"berus"
4852519902,39.945513,54.954074,"berus"
4852527514,40.629451,56.167181,"berus"
4852527776,38.909695,56.2401,"berus"
4852537207,10.32497,57.050384,"berus"
4852546884,-3.64413,51.049595,"berus"
4852584342,41.859127,56.576844,"berus"
4852695677,39.821921,55.558935,"berus"
4852790187,17.693234,49.737148,"berus"
4852793595,-0.381322,50.860346,"berus"
4852805194,-3.960528,50.574167,"berus"
4853011401,47.084062,56.133669,"berus"
4853167836,46.406648,55.233365,"berus"
4853169308,37.83843,55.880974,"berus"
4853441206,10.448224,59.394041,"berus"
4853446539,10.972499,59.819384,"berus"
4853463563,10.665356,59.402025,"berus"
4853467628,7.821065,58.178184,"berus"
4854804616,12.373995,55.858728,"berus"
4854816564,8.243083,55.78032,"berus"
4854826474,41.943862,56.524529,"berus"
4854870261,34.085805,58.676615,"berus"
4854902962,45.404405,57.189118,"berus"
4854907974,23.484459,54.901738,"berus"
4854928292,19.030954,50.228803,"berus"
4854968923,16.278812,57.962697,"berus"
4855182436,37.643072,54.856696,"berus"
4855208635,39.571989,56.782338,"berus"
4855341042,29.930738,51.72389,"berus"
4855351830,16.545437,59.276838,"berus"
4855379141,15.382648,59.173124,"berus"
4855473968,41.943771,56.52457,"berus"
4855522474,11.884422,57.750645,"berus"
4855554575,48.340786,57.946681,"berus"
4856067517,7.92518,58.103727,"berus"
4856077664,10.674151,59.401147,"berus"
4856095446,9.82376,58.975447,"berus"
4863343377,11.735942,50.51952,"berus"
4863391096,34.085963,58.676828,"berus"
4863406105,46.423312,55.241044,"berus"
4863438666,29.596011,60.467371,"berus"
4863482506,12.436135,58.345179,"berus"
4863517311,15.50312,50.76909,"berus"
4863545443,50.230825,57.083509,"berus"
4863576407,-3.538756,51.596804,"berus"
4863626687,40.629191,56.16767,"berus"
4863637235,-0.383804,50.85302,"berus"
4863639209,11.447551,47.911137,"berus"
4863663353,15.430559,47.641383,"marasso"
4863801638,14.03202,50.526163,"berus"
4863817383,15.430657,47.641378,"marasso"
4863877263,15.416635,47.639658,"marasso"
4864770186,9.722736,63.724308,"berus"
4864777055,5.406124,59.790681,"berus"
4864831833,8.111059,58.16762,"berus"
4867566140,-4.83252,52.031486,"berus"
4867882556,27.504727,57.619127,"berus"
4868156723,-3.535448,50.579648,"berus"
4872068061,14.812872,47.746854,"marasso"
4872181971,11.995504,56.011961,"berus"
4872193962,25.983551,55.060301,"berus"
4872311526,27.745853,50.1376,"berus"
4872415432,38.429122,56.024996,"berus"
4872589196,20.551147,49.399262,"berus"
4872596769,9.043858,54.293754,"berus"
4872652579,31.104901,60.030837,"berus"
4873411266,8.844085,62.631274,"berus"
4873432047,10.674151,59.401147,"berus"
4873437650,10.901694,59.864988,"berus"
4873465517,9.564525,59.543099,"berus"
4873504098,10.917486,64.498809,"berus"
4873545872,9.822081,58.976586,"berus"
4873574548,10.909859,59.888724,"berus"
4873594410,12.022189,62.514053,"berus"
4875031679,-5.219303,49.972559,"berus"
4875115148,13.453621,46.476653,"marasso"
4875168711,-3.152469,56.957512,"berus"
4875277386,24.374414,48.255375,"berus"
4875346569,50.090412,58.549089,"berus"
4875416141,24.536101,48.164926,"berus"
4875530027,27.497617,57.62371,"berus"
4876154960,10.748109,59.691411,"berus"
4880613467,9.825603,53.095506,"berus"
4880790053,18.05333,63.97442,"berus"
4881176864,9.216899,54.154327,"berus"
4881183550,9.86671,53.741579,"berus"
4881454633,9.866803,53.741248,"berus"
4881528924,9.830117,53.090485,"berus"
4881578303,1.220534,52.935572,"berus"
4881639019,27.370418,50.191344,"berus"
4881694371,9.861259,53.746681,"berus"
4881702698,9.868544,53.743391,"berus"
4881807460,12.571208,47.536555,"marasso"
4881822605,9.848605,53.733576,"berus"
4882146293,9.80843,53.097749,"berus"
4882557967,-1.660033,50.881213,"berus"
4882822280,9.819167,53.09407,"berus"
4882988271,12.73421,47.771322,"marasso"
4883215203,12.928232,48.001814,"marasso"
4883650625,1.627839,52.238929,"berus"
4883786078,9.866881,53.741303,"berus"
4883803111,9.86671,53.741579,"berus"
4884239958,-6.31984,55.62912,"berus"
4884668171,13.580095,51.169258,"berus"
4886141252,9.86671,53.741579,"berus"
4886166367,9.652594,53.873302,"berus"
4886287622,-1.347289,50.785499,"berus"
4886619096,10.617382,57.738784,"berus"
4886709617,9.831305,53.093179,"berus"
4886737956,12.516222,47.368616,"marasso"
4887135181,9.831305,53.093179,"berus"
4887280934,-2.924926,57.085846,"berus"
4887376605,10.091464,54.271591,"berus"
4887503988,9.825334,53.090393,"berus"
4887536230,8.194997,53.148062,"berus"
4887647561,9.853706,53.746761,"berus"
4887758920,10.711208,51.795391,"berus"
4888153012,9.830188,53.0905,"berus"
4888423056,9.217262,54.154341,"berus"
4888440579,12.751729,59.625366,"berus"
4888741885,12.915003,47.593922,"marasso"
4889189063,12.959438,48.054645,"marasso"
4889357575,12.964172,48.055725,"marasso"
4890468903,9.833051,53.098019,"berus"
4890914912,13.68927,46.285692,"marasso"
4891322305,12.96417,48.055725,"marasso"
4891336513,9.829503,53.0905,"berus"
4891382202,9.868067,53.741712,"berus"
4891388330,9.868134,53.741752,"berus"
4891524373,9.089268,54.279175,"berus"
4891573338,9.653494,60.217585,"berus"
4891648200,-4.156796,51.562048,"berus"
4891703282,43.098956,53.408498,"berus"
4891775335,1.599803,52.740963,"berus"
4891835492,17.375133,65.103172,"berus"
4891921218,35.996193,56.892796,"berus"
4892061737,29.22632,59.961608,"berus"
4892119056,43.098933,53.408509,"berus"
4892150801,-0.3841,51.45798,"berus"
4892184599,9.561849,46.021401,"marasso"
4892247776,28.172308,53.504071,"berus"
4900968014,40.527363,56.763091,"berus"
4901031118,31.900195,55.697505,"berus"
4901048598,32.758872,67.135795,"berus"
4901070118,30.412981,56.309373,"berus"
4901109336,11.783355,46.296114,"marasso"
4901153751,-4.10403,50.317085,"berus"
4901189366,37.218821,56.67997,"berus"
4901283516,37.22352,56.678136,"berus"
4901340083,30.41286,56.309244,"berus"
4901381555,24.75362,48.958535,"berus"
4901385667,12.062097,46.708887,"marasso"
4901580250,13.420133,47.357293,"marasso"
4901596863,30.412995,56.309326,"berus"
4901761627,-2.833104,54.248875,"berus"
4901767657,-0.164145,50.869251,"berus"
4901790428,10.271922,56.826225,"berus"
4901810051,16.993742,59.363963,"berus"
4901810149,0.054572,51.06871,"berus"
4902090295,15.495003,50.745667,"berus"
4902150733,29.300847,59.960101,"berus"
4902396586,9.553853,59.313115,"berus"
4902400420,8.177948,62.913294,"berus"
4902449366,5.274889,60.588691,"berus"
4902452822,9.655272,60.222565,"berus"
4903743497,15.114828,47.593683,"marasso"
4903753800,50.30505,58.536382,"berus"
4903780973,-1.509338,50.842275,"berus"
4903828082,-0.383688,50.851867,"berus"
4903871111,15.860481,50.188911,"berus"
4904089226,10.629197,57.735672,"berus"
4904207798,34.447845,61.622982,"berus"
4906532025,6.56779,58.109105,"berus"
4906539198,7.509961,58.105967,"berus"
4906545965,8.978329,63.613306,"berus"
4906547854,10.22307,59.572142,"berus"
4906551602,7.509961,58.105967,"berus"
4906553137,7.557688,58.014066,"berus"
4906556451,10.584014,63.256721,"berus"
4906564011,6.204349,62.500903,"berus"
4906565629,10.910345,59.888773,"berus"
4906572661,10.907317,59.891585,"berus"
4906575752,10.412651,59.863779,"berus"
4907905544,8.56646,58.8994,"berus"
4907906653,5.625358,62.292221,"berus"
4907910574,9.057497,58.92026,"berus"
4907924463,9.400636,58.887486,"berus"
4907939700,9.200976,60.060384,"berus"
4908005081,28.60413,55.989782,"berus"
4908013672,14.102552,53.685867,"berus"
4908329451,13.823969,47.457386,"marasso"
4908432840,-4.540397,50.946471,"berus"
4908598408,1.586387,52.741147,"berus"
4908618087,28.882353,60.296808,"berus"
4908623895,15.47498,57.671725,"berus"
4908624781,11.81293,55.290314,"berus"
4908723289,31.712617,58.579828,"berus"
4908869488,46.60041,54.954986,"berus"
4908903004,10.189407,56.933797,"berus"
4908974964,5.346441,60.396381,"berus"
4909027285,11.535063,58.053915,"berus"
4909059534,-5.292512,55.857593,"berus"
4909085436,14.002488,46.239537,"marasso"
4909183270,24.092016,54.006544,"berus"
4909212730,-0.532543,54.436672,"berus"
4909232159,50.11718,58.553483,"berus"
4909315548,47.35773,57.953583,"berus"
4909317040,13.625081,46.413151,"marasso"
4910560603,7.510994,62.709494,"berus"
4910563898,8.076537,62.973157,"berus"
4910565793,7.861175,59.22939,"berus"
4910569100,7.947862,58.099483,"berus"
4910572061,10.661323,59.396743,"berus"
4910578464,5.927291,59.919765,"berus"
4910597380,10.902323,59.976614,"berus"
4910634825,15.609025,47.681208,"marasso"
4910699592,44.322328,58.814863,"berus"
4910810754,31.405041,59.855687,"berus"
4910826927,14.194208,47.4078,"marasso"
4910949518,44.322333,58.8148,"berus"
4910955732,8.509928,57.04979,"berus"
4910965817,-1.626872,53.289783,"berus"
4911090293,7.538426,51.863629,"berus"
4911121901,7.538719,51.863571,"berus"
4912395956,8.581507,58.519911,"berus"
4919127957,11.184093,58.799038,"berus"
4919172307,34.077166,58.656315,"berus"
4919252258,32.303696,59.988502,"berus"
4919377639,45.060359,57.179096,"berus"
4919424860,-3.267062,51.1624,"berus"
4919473047,10.635918,57.739483,"berus"
4919477959,29.296792,59.9579,"berus"
4919553349,34.076868,58.656314,"berus"
4919685847,17.948185,59.882712,"berus"
4919722063,-3.595042,56.983088,"berus"
4921355145,8.01829,59.463611,"berus"
4921506488,10.675758,55.562859,"berus"
4921682176,-0.833456,50.757286,"berus"
4921705232,45.413195,57.192165,"berus"
4921758915,17.036952,59.11495,"berus"
4921797838,34.091622,58.670018,"berus"
4921801629,0.214204,51.33197,"berus"
4921901569,35.995967,56.836537,"berus"
4921938734,10.136158,63.756772,"berus"
4922006861,15.817413,57.574672,"berus"
4923658869,14.655066,47.562332,"marasso"
4923675157,32.686553,60.37717,"berus"
4924089654,40.346279,57.662496,"berus"
4924183263,13.19342,47.497805,"marasso"
4925806496,19.2529,50.149181,"berus"
4925855332,38.604674,55.870401,"berus"
4925869103,44.359201,52.630318,"berus"
4925878480,12.78592,47.631399,"marasso"
4925908510,-4.883187,51.632773,"berus"
4926228327,14.544368,50.63023,"berus"
4926231434,19.260935,50.148918,"berus"
4926234880,13.760987,49.059766,"berus"
4926279396,43.395647,54.998899,"berus"
4926303563,11.188661,58.747222,"berus"
4926314479,30.542437,60.236434,"berus"
4927411921,24.890873,58.217732,"berus"
4928406245,10.910345,59.888773,"berus"
4928427637,6.019144,62.217317,"berus"
4930104169,8.332593,58.868519,"berus"
4930129508,6.182529,60.399135,"berus"
4930131666,8.418472,63.683365,"berus"
4930472234,13.345795,46.893018,"marasso"
4930491618,8.96391,57.150662,"berus"
4930931976,-2.391292,55.002894,"berus"
4931065645,11.203008,49.463348,"berus"
4931081018,12.480769,59.050345,"berus"
4931082529,12.470098,47.127697,"marasso"
4931375398,13.271282,47.628216,"marasso"
4931506915,9.927419,53.128906,"berus"
4931550307,12.377178,59.479736,"berus"
4931715041,9.823494,53.090385,"berus"
4932020509,8.178783,55.77662,"berus"
4932082385,11.366432,48.006042,"berus"
4932334357,12.587731,47.515519,"marasso"
4932579948,13.127632,47.532556,"marasso"
4932804568,13.270235,47.628434,"marasso"
4932836772,9.212163,54.155674,"berus"
4932960937,10.284395,46.96232,"marasso"
4933253426,13.90917,60.29862,"berus"
4933366035,12.344887,47.540053,"marasso"
4933383523,7.165557,52.729805,"berus"
4933488035,10.6179,47.491312,"berus"
4933493228,13.60976,54.387325,"berus"
4933650315,13.379159,47.534959,"marasso"
4933683767,11.067924,47.365405,"marasso"
4933719917,12.558091,54.45449,"berus"
4933748516,12.910929,47.589448,"marasso"
4933824319,14.326391,47.775724,"marasso"
4933840736,8.946462,54.657502,"berus"
4933907186,13.294819,47.05585,"marasso"
4933920912,9.816407,53.121507,"berus"
4934112686,8.683763,53.854579,"berus"
4934319861,9.819312,53.093886,"berus"
4934387447,13.218534,59.832348,"berus"
4934403701,9.825603,53.095506,"berus"
4934461805,16.106803,56.514411,"berus"
4934532284,9.81557,53.121128,"berus"
4934596660,9.926064,53.122027,"berus"
4934602661,13.863592,60.057277,"berus"
4934602965,13.492913,60.413897,"berus"
4934611156,11.795569,57.697966,"berus"
4934791986,10.102247,52.886017,"berus"
4934934518,8.188342,55.728847,"berus"
4935015583,11.151539,47.64652,"berus"
4935046177,13.580974,47.685501,"marasso"
4935218004,11.062656,49.381607,"berus"
4935288193,12.835735,47.58984,"marasso"
4935351904,13.36281,54.099304,"berus"
4935641370,-2.008386,54.694532,"berus"
4935657282,16.321679,50.469597,"berus"
4935660378,27.696287,59.037936,"berus"
4935755505,27.706267,59.0402,"berus"
4935769867,-1.985938,54.859269,"berus"
4935822634,50.128936,58.552759,"berus"
4935822850,12.462418,46.696664,"marasso"
4935826598,12.100007,60.486298,"berus"
4935861295,-1.929978,54.817706,"berus"
4935933524,9.781146,62.039563,"berus"
4936071635,43.598778,55.667592,"berus"
4936132594,-6.181947,56.744396,"berus"
4936170253,11.479989,46.196141,"marasso"
4936336037,31.40497,59.856042,"berus"
4936486541,39.451763,56.821592,"berus"
4936598304,17.58518,59.776992,"berus"
4936857065,10.114046,47.199089,"berus"
4936917187,13.650844,47.827722,"marasso"
4936998001,13.566488,47.616305,"marasso"
4937000666,12.205489,46.891756,"marasso"
4937081580,19.241167,50.905899,"berus"
4937092442,-2.118463,54.835192,"berus"
4937173073,37.13374,54.73748,"berus"
4937220105,44.607613,53.485056,"berus"
4937222883,56.111478,54.600013,"berus"
4937240420,14.905868,53.383022,"berus"
4937253968,9.781146,62.039563,"berus"
4942178270,10.745764,59.345645,"berus"
4945498947,10.399409,57.632229,"berus"
4945583094,52.427772,55.810568,"berus"
4945714281,-4.445658,55.077785,"berus"
4945814698,-0.786878,50.761967,"berus"
4945864738,46.581844,54.994972,"berus"
4946016666,30.940478,59.056788,"berus"
4946019704,50.120911,58.556399,"berus"
4946195243,56.502128,53.017488,"berus"
4946643722,13.347645,47.169577,"marasso"
4947183213,10.606822,63.244842,"berus"
4947189573,11.587477,59.092751,"berus"
4947226250,9.398013,58.887226,"berus"
4949932810,33.620159,50.799809,"berus"
4950044760,14.98833,47.644363,"marasso"
4950182857,10.343023,57.636461,"berus"
4950269901,-3.469528,51.167656,"berus"
4950574109,8.946602,55.273958,"berus"
4952404283,12.095763,47.985574,"marasso"
4952412909,13.722844,46.474768,"marasso"
4952550916,-1.861568,54.677398,"berus"
4952625385,12.095921,47.98551,"marasso"
4952776851,40.056553,57.62459,"berus"
4952803501,9.603148,46.039095,"marasso"
4952869423,-1.871041,54.679801,"berus"
4952947474,11.526563,55.907055,"berus"
4953050984,-1.870686,54.679796,"berus"
4953059749,-1.873422,54.681251,"berus"
4953063585,-1.876686,54.673588,"berus"
4953076127,-1.87349,54.674778,"berus"
4954502821,11.426212,46.185872,"marasso"
4954504483,15.715777,50.538947,"berus"
4954713366,1.621093,52.256278,"berus"
4954728965,12.20697,50.204392,"berus"
4956033825,12.932292,47.118156,"marasso"
4956041370,14.096221,53.667172,"berus"
4956614496,9.829129,53.090454,"berus"
4956651119,7.424388,53.028706,"berus"
4956789517,9.830374,53.090509,"berus"
4956831813,8.116494,55.627578,"berus"
4957094982,13.506301,54.482154,"berus"
4957133831,10.600391,57.743959,"berus"
4957239030,-3.94143,50.494153,"berus"
4957407657,7.149884,52.736942,"berus"
4957432252,9.428201,54.359797,"berus"
4957454063,12.915871,47.712137,"marasso"
4957507932,13.338061,46.895839,"marasso"
4957627190,10.141957,50.489485,"berus"
4957649840,12.120098,49.536209,"berus"
4957935719,11.008087,57.282786,"berus"
4958067002,8.439376,59.311758,"berus"
4973928598,18.428498,59.295605,"berus"
4973960259,-2.037866,50.734422,"berus"
4973961662,47.122379,56.111818,"berus"
4973969362,-0.832518,50.758279,"berus"
4973987992,8.885681,55.971775,"berus"
4974013379,-2.052162,50.733634,"berus"
4974016250,15.219637,50.788117,"berus"
4974033369,-2.037789,50.734419,"berus"
4974554558,10.670818,59.4016,"berus"
4976294433,7.538541,51.863665,"berus"
4978163148,47.154972,56.129538,"berus"
4978167931,12.039819,46.498104,"marasso"
4978311826,-3.658564,57.171628,"berus"
4978324780,47.13086,56.112605,"berus"
4978369095,-3.65898,57.171484,"berus"
4978409267,9.789889,46.003434,"marasso"
4978470476,47.116075,56.10749,"berus"
4980287533,47.100984,56.114361,"berus"
4980446536,-0.878825,54.511761,"berus"
4980707343,47.094342,56.109465,"berus"
4980935335,9.700431,59.416138,"berus"
4980955597,8.228451,62.963747,"berus"
4981918192,-2.89648,50.733187,"berus"
4982362511,-2.079268,51.8629,"berus"
4985464370,13.837572,46.242703,"marasso"
4985511622,16.679272,57.768524,"berus"
4985539385,9.987938,53.178368,"berus"
4985569317,11.685505,58.440143,"berus"
4985580535,9.980699,53.17411,"berus"
4985585174,11.52405,47.909138,"berus"
4985627353,13.688886,46.250372,"marasso"
4985813751,24.672075,47.643194,"berus"
4985939722,13.269,61.724006,"berus"
4985979424,14.127496,59.837006,"berus"
4985998474,9.897435,53.154727,"berus"
4986081330,14.887378,47.648208,"marasso"
4986096028,13.829962,60.4967,"berus"
4986186373,11.188733,58.747277,"berus"
4986272356,9.988587,53.174866,"berus"
4986331925,13.827045,46.250012,"marasso"
4986383330,14.963873,58.71109,"berus"
4986439790,14.328417,57.685057,"berus"
4987701390,58.104701,55.290179,"berus"
4987803268,-2.089334,50.690232,"berus"
4993727722,0.558865,50.953721,"berus"
4994558832,11.717303,46.419515,"marasso"
4995682294,13.487928,60.396103,"berus"
5003577689,10.400739,59.817184,"berus"
5007149781,-2.010439,51.932717,"berus"
5007207913,38.788317,56.801953,"berus"
5007749653,16.985303,43.958305,"bosniensis"
5007958123,38.644258,55.395112,"berus"
5007963716,44.423576,52.680106,"berus"
5008248974,44.417305,58.171243,"berus"
5008418765,19.786778,49.464892,"berus"
5013005762,8.162747,47.962757,"berus"
5013068770,8.609227,53.862255,"berus"
5013144911,14.111473,50.885784,"berus"
5013173000,10.944937,50.648113,"berus"
5013259205,7.369302,51.777054,"berus"
5013309879,10.944937,50.648113,"berus"
5013312736,8.832541,47.965687,"berus"
5013406104,10.944937,50.648113,"berus"
5013471802,10.595378,57.742996,"berus"
5013666915,10.192187,56.933285,"berus"
5013676915,12.309846,51.30788,"berus"
5013730079,8.831809,48.190613,"berus"
5013849417,11.166783,47.720413,"berus"
5013949101,13.432417,47.774395,"marasso"
5014075287,9.790475,53.073505,"berus"
5014143584,10.891318,49.299755,"berus"
5014540763,9.258986,53.552036,"berus"
5014574103,7.369302,51.777054,"berus"
5014585360,9.824438,53.092892,"berus"
5014605765,10.944937,50.648113,"berus"
5014685257,10.891318,49.299755,"berus"
5014883767,6.124383,51.173714,"berus"
5014993242,6.987084,52.220745,"berus"
5015248967,7.369302,51.777054,"berus"
5015336477,10.307777,53.129723,"berus"
5015489017,8.13469,55.979336,"berus"
5015646301,7.369302,51.777054,"berus"
5015664697,7.369302,51.777054,"berus"
5015854409,10.944937,50.648113,"berus"
5016286616,9.258986,53.552036,"berus"
5016396499,10.891318,49.299755,"berus"
5016447783,7.369302,51.777054,"berus"
5016555810,9.959402,54.256634,"berus"
5016736196,8.151641,48.63744,"berus"
5016879005,10.944937,50.648113,"berus"
5016912322,9.824438,53.092892,"berus"
5016923467,9.934192,53.13324,"berus"
5017052468,14.964455,57.657356,"berus"
5017145854,10.944937,50.648113,"berus"
5017178708,10.944937,50.648113,"berus"
5017286231,7.369302,51.777054,"berus"
5017302950,6.987084,52.220745,"berus"
5017414263,9.818841,53.104027,"berus"
5017442798,9.168191,48.190613,"berus"
5017512486,9.949113,53.807301,"berus"
5017808665,8.614998,53.84726,"berus"
5017961562,10.944937,50.648113,"berus"
5018357930,10.944937,50.648113,"berus"
5018466083,10.944937,50.648113,"berus"
5018519528,9.790475,53.073505,"berus"
5018579510,8.623985,53.823414,"berus"
5018830635,10.328661,53.803696,"berus"
5018960992,9.934192,53.13324,"berus"
5018999620,9.258986,53.552036,"berus"
5019110018,9.582016,54.708412,"berus"
5019201876,6.987084,52.220745,"berus"
5019203485,9.258986,53.552036,"berus"
5019287120,8.614998,53.84726,"berus"
5019983481,10.573779,56.236744,"berus"
5020134620,11.116412,46.793755,"marasso"
5020181247,9.790475,53.073505,"berus"
5020246492,12.167257,47.705898,"marasso"
5020437187,10.944937,50.648113,"berus"
5020478973,15.492953,50.845284,"berus"
5020777762,11.962377,49.951992,"berus"
5021172878,8.623985,53.823414,"berus"
5021220292,13.466322,48.855263,"berus"
5021225609,11.813857,46.668198,"marasso"
5021367832,10.944937,50.648113,"berus"
5021521122,9.830397,53.090637,"berus"
5022192783,7.369302,51.777054,"berus"
5022261198,10.944937,50.648113,"berus"
5022276181,7.369302,51.777054,"berus"
5022315748,10.215683,56.882999,"berus"
5022456155,10.307777,53.129723,"berus"
5022496673,9.949113,53.807301,"berus"
5022554129,9.738817,46.650902,"marasso"
5022584246,12.37348,50.184978,"berus"
5022918177,10.944937,50.648113,"berus"
5022928339,9.824438,53.092892,"berus"
5023137907,13.466322,48.855263,"berus"
5023211402,9.790475,53.073505,"berus"
5023244664,9.826541,53.090878,"berus"
5023267206,9.824438,53.092892,"berus"
5023284129,9.790475,53.073505,"berus"
5023496211,10.944937,50.648113,"berus"
5023748072,7.369302,51.777054,"berus"
5023876088,10.944937,50.648113,"berus"
5023908958,9.271719,53.553711,"berus"
5023925643,10.944937,50.648113,"berus"
5024008196,9.258986,53.552036,"berus"
5024525700,6.987084,52.220745,"berus"
5024527041,11.962377,49.951992,"berus"
5024744941,8.490966,48.639439,"berus"
5024817431,12.167257,47.705898,"marasso"
5024834647,10.891318,49.299755,"berus"
5024861607,10.328661,53.803696,"berus"
5025032608,9.824438,53.092892,"berus"
5025143012,13.26393,54.472664,"berus"
5025574819,7.369302,51.777054,"berus"
5025657959,9.824438,53.092892,"berus"
5025677296,6.987084,52.220745,"berus"
5025785569,10.944937,50.648113,"berus"
5025817020,10.944937,50.648113,"berus"
5025958325,10.944937,50.648113,"berus"
5026692865,10.891318,49.299755,"berus"
5026865433,7.369302,51.777054,"berus"
5026897440,13.664187,54.028336,"berus"
5027194357,10.944937,50.648113,"berus"
5027233024,9.824438,53.092892,"berus"
5027284177,9.824438,53.092892,"berus"
5027346423,9.578821,54.483749,"berus"
5027480202,10.606473,57.741219,"berus"
5027509757,7.369302,51.777054,"berus"
5027739671,9.934192,53.13324,"berus"
5028075978,10.307777,53.129723,"berus"
5028149489,9.829254,53.090473,"berus"
5028197646,9.790475,53.073505,"berus"
5028405189,10.944937,50.648113,"berus"
5028474380,10.167035,47.73494,"berus"
5028563673,9.833048,53.097008,"berus"
5037251354,29.413843,59.465807,"berus"
5063020007,24.3161,41.504048,"berus"
5063308221,14.444993,61.048207,"berus"
5063394475,11.934364,57.391969,"berus"
5063405464,11.935903,57.393428,"berus"
5069524589,5.754733,58.538516,"berus"
5069526549,10.399167,62.116211,"berus"
5069701534,14.935569,47.490624,"marasso"
5069704953,8.982943,55.794484,"berus"
5074724995,14.812428,60.093053,"berus"
5077036736,-2.052582,50.733399,"berus"
5081409318,10.592997,59.420662,"berus"
5081411227,5.602047,60.152966,"berus"
5081432398,6.56779,58.109105,"berus"
5081449108,5.091121,60.507627,"berus"
5081647270,10.045153,54.202092,"berus"
5081740989,7.147291,52.73659,"berus"
5084035176,10.790509,59.223723,"berus"
5084051506,10.785784,59.996241,"berus"
5084058510,11.102566,59.576933,"berus"
5085715507,8.125432,58.164109,"berus"
5085724822,10.395754,59.067267,"berus"
5086551034,9.913618,54.162319,"berus"
5086560951,9.91333,54.162375,"berus"
5086597961,9.897274,53.154043,"berus"
5086717831,9.833192,53.097858,"berus"
5087053851,22.360919,49.266292,"berus"
5087290896,-2.051953,50.733902,"berus"
5087543080,30.016314,50.560115,"berus"
5087583991,-4.175312,51.063966,"berus"
5087598521,-1.0023,54.047766,"berus"
5087726989,13.734526,50.721483,"berus"
5087755630,23.015383,55.831667,"berus"
5087762447,9.276557,56.619147,"berus"
5087765116,-2.052544,50.733443,"berus"
5087779871,11.062191,49.380192,"berus"
5087792977,11.061961,49.379277,"berus"
5087800519,8.763813,56.556673,"berus"
5087868880,11.063816,49.373352,"berus"
5087879506,-6.103719,57.20132,"berus"
5087909901,11.062471,49.380407,"berus"
5087930734,-0.384072,51.458,"berus"
5087988228,1.627022,52.243335,"berus"
5101102781,10.741901,59.34619,"berus"
5101232171,9.819192,53.097622,"berus"
5101234181,9.830919,53.090493,"berus"
5101241117,9.829737,53.090429,"berus"
5101288290,12.358856,59.2447,"berus"
5104327247,-2.052249,50.733598,"berus"
5104573892,-1.543288,50.730728,"berus"
5104739268,-2.052344,50.733518,"berus"
5107411783,10.661323,59.396743,"berus"
5107429670,10.662257,59.842232,"berus"
5107429852,9.232013,63.052257,"berus"
5107435274,10.785416,59.996043,"berus"
5107462569,10.665401,59.839285,"berus"
5107463649,10.674151,59.401147,"berus"
5107472219,10.982794,59.188969,"berus"
5107497703,11.323686,60.097315,"berus"
5107498249,10.871825,60.065607,"berus"
5107589120,9.825603,53.095506,"berus"
5107952028,9.867068,53.741117,"berus"
5107990354,9.867089,53.741102,"berus"
5108145644,50.119306,58.5534,"berus"
5108150256,37.83759,55.880544,"berus"
5108216251,37.837459,55.880418,"berus"
5108248042,-2.052228,50.733725,"berus"
5108248059,10.811705,59.61737,"berus"
5108265689,54.203911,56.085226,"berus"
5108291128,1.628301,52.241822,"berus"
5108324019,40.943438,56.338737,"berus"
5108383062,9.101423,57.033288,"berus"
5108396628,30.744479,57.366574,"berus"
5108407924,50.122874,58.553216,"berus"
5108412240,9.101423,57.033288,"berus"
5108413876,39.822694,55.345517,"berus"
5108421893,37.841327,55.881421,"berus"
5108433673,-0.814828,50.745872,"berus"
5108453951,40.945807,56.337834,"berus"
5108475800,12.374467,55.859287,"berus"
5108479762,29.790258,59.380158,"berus"
5108517416,39.809911,55.587166,"berus"
5108517437,29.789583,59.380731,"berus"
5108528877,29.790059,59.379343,"berus"
5108531949,39.809911,55.587166,"berus"
5108727998,13.576544,48.955264,"berus"
5108743645,11.455213,47.9487,"berus"
5108768597,9.376532,53.97409,"berus"
5108908527,12.737147,47.765603,"marasso"
5131670828,11.412494,59.149104,"berus"
5131672522,11.481179,59.172203,"berus"
5131685808,10.996601,59.188808,"berus"
5131696490,10.863506,59.866602,"berus"
5131714775,10.665356,59.402025,"berus"
5131998928,9.830667,53.090528,"berus"
5132073352,9.83322,53.097724,"berus"
5133267873,-2.708833,51.296988,"berus"
5133300904,-1.985186,54.860182,"berus"
5133415668,17.78003,59.215767,"berus"
5133419415,10.19264,56.933493,"berus"
5133501220,50.119306,58.5534,"berus"
5133527781,-0.687764,54.370215,"berus"
5133568251,-0.566468,54.380664,"berus"
5133593559,-3.937738,51.21737,"berus"
5133645420,-3.937738,51.21737,"berus"
5133924598,-2.107259,55.53551,"berus"
5134018499,50.119306,58.5534,"berus"
5134057594,50.119306,58.5534,"berus"
5134064358,0.899364,51.217434,"berus"
5134084391,-0.383225,50.859471,"berus"
5134130740,14.756793,55.277059,"berus"
5134141458,10.817703,59.73427,"berus"
5134154047,37.83751,55.880772,"berus"
5134194209,19.056197,50.196005,"berus"
5134202405,24.19582,56.79855,"berus"
5134284806,19.056131,50.196012,"berus"
5134322042,-4.52119,53.237697,"berus"
5134393601,19.29627,52.761797,"berus"
5134476260,41.763603,56.717318,"berus"
5134698817,10.194067,56.932903,"berus"
5134708000,30.002202,50.566972,"berus"
5134769561,-4.05384,52.927361,"berus"
5134776691,23.119126,51.454454,"berus"
5134788861,30.883379,59.096521,"berus"
5134869814,-4.248014,53.308781,"berus"
5134883999,40.312657,52.903254,"berus"
5134900631,-4.248027,53.309169,"berus"
5135529240,9.934192,53.13324,"berus"
5135544349,10.944937,50.648113,"berus"
5135606367,9.824438,53.092892,"berus"
5135708074,9.824438,53.092892,"berus"
5138758692,10.048601,54.198982,"berus"
5138760696,10.052392,54.19403,"berus"
5138780694,10.045144,54.20208,"berus"
5138975198,10.094422,53.128953,"berus"
5138993296,9.723887,54.254105,"berus"
5140044849,24.191442,56.792221,"berus"
5140190914,31.167823,57.147042,"berus"
5140403849,24.287449,48.156449,"berus"
5140420523,9.609709,60.830545,"berus"
5140433860,8.128957,56.193788,"berus"
5140516474,0.972492,51.841328,"berus"
5140575426,10.926183,48.231786,"berus"
5140589036,-4.157179,51.566446,"berus"
5140608488,10.92628,48.23195,"berus"
5140730854,-0.388122,51.451772,"berus"
5140796321,5.419242,60.44558,"berus"
5140801999,44.37253,57.4848,"berus"
5141087336,9.354404,54.890958,"berus"
5141326211,10.630465,59.473081,"berus"
5141355244,10.629172,59.473072,"berus"
5141369489,10.682325,59.406067,"berus"
5141441105,13.182198,47.278858,"marasso"
5141461931,13.188512,47.249259,"marasso"
5141550440,9.897633,53.155237,"berus"
5141568716,9.897011,53.155277,"berus"
5141582271,13.252598,47.869193,"marasso"
5149901498,9.853351,63.874606,"berus"
5150032338,8.572299,63.358243,"berus"
5150053401,4.819282,60.819478,"berus"
5150258542,7.053146,52.696838,"berus"
5153094877,50.119306,58.5534,"berus"
5153140731,49.989275,57.385375,"berus"
5153306552,15.374976,50.765725,"berus"
5153400861,9.479699,46.020255,"marasso"
5153421761,34.090741,58.675025,"berus"
5153682565,-0.829416,50.872802,"berus"
5153791205,30.903356,59.535359,"berus"
5153852202,14.067208,50.050774,"berus"
5153865751,57.352498,54.998316,"berus"
5153971013,11.740231,55.953341,"berus"
5154293001,52.089809,54.768068,"berus"
5154346488,-3.484747,54.394825,"berus"
5154468596,13.955944,47.792498,"marasso"
5154881329,19.860162,49.662822,"berus"
5157718427,10.944937,50.648113,"berus"
5157852599,9.95611,52.909205,"berus"
5157901616,9.215917,54.153673,"berus"
5157923436,9.85703,53.738493,"berus"
5158721380,9.955988,52.909335,"berus"
5163727587,7.92403,58.106807,"berus"
5163791464,9.685537,59.02608,"berus"
5163853725,6.627519,62.408267,"berus"
5163883371,10.012775,63.781912,"berus"
5163926651,9.84991,63.865657,"berus"
5163943703,10.478462,60.085571,"berus"
5163949472,11.255765,64.107597,"berus"
5164014415,11.065433,53.343754,"berus"
5164235771,9.815222,53.12061,"berus"
5164696392,9.94852,53.164408,"berus"
5166944453,30.15557,60.006886,"berus"
5167158929,30.034861,59.619442,"berus"
5167172321,33.455289,58.818416,"berus"
5167232638,36.582747,58.983182,"berus"
5167426283,-2.037371,52.785304,"berus"
5167542348,10.911012,56.40253,"berus"
5167618281,11.408103,58.793687,"berus"
5167879720,14.158715,46.453756,"marasso"
5167986223,13.837482,49.80715,"berus"
5168229398,35.882587,56.738685,"berus"
5168276944,-2.08494,50.69308,"berus"
5168312251,10.129588,54.291143,"berus"
5168343322,27.954579,50.22147,"berus"
5168446852,-3.38423,51.384664,"berus"
5171271780,9.90375,53.136697,"berus"
5171639368,9.833495,53.091267,"berus"
5176479458,-3.386872,51.384278,"berus"
5176494182,16.365349,56.693724,"berus"
5176516581,32.938296,60.675263,"berus"
5176555342,0.443387,51.510587,"berus"
5176565928,31.031776,58.609119,"berus"
5176600026,14.12762,46.438185,"marasso"
5176639491,-0.727618,51.162069,"berus"
5176778585,30.035223,59.619374,"berus"
5176807940,15.176217,47.856143,"marasso"
5176920348,-4.025861,50.539495,"berus"
5176976643,0.521651,51.582558,"berus"
5177267523,15.815684,47.63238,"marasso"
5177340390,32.937889,60.675602,"berus"
5177357103,20.98506,48.781356,"berus"
5180302407,12.123578,54.226116,"berus"
5180430423,13.67017,47.132996,"marasso"
5180500717,9.736631,54.071786,"berus"
5180905692,9.73625,54.071169,"berus"
5180908618,12.921988,47.72159,"marasso"
5186397462,10.275173,60.007007,"berus"
5186489423,11.883507,59.930272,"berus"
5186574173,10.267357,59.516168,"berus"
5186729579,13.517112,47.550679,"marasso"
5186792587,13.220155,47.673225,"marasso"
5187333518,9.833119,53.097891,"berus"
5187383449,6.987084,52.220745,"berus"
5187537985,20.587049,41.927863,"bosniensis"
5187623947,9.867007,53.741243,"berus"
5187661438,9.867007,53.741243,"berus"
5187813781,12.53303,51.133683,"berus"
5187881572,8.08732,60.585787,"berus"
5187902267,9.280189,57.107073,"berus"
5187907401,29.820497,58.892872,"berus"
5188288279,20.052506,49.137736,"berus"
5188341106,19.055979,43.097001,"bosniensis"
5188352748,19.998601,49.283305,"berus"
5197720008,9.83308,53.097566,"berus"
5198330417,-0.714864,51.166794,"berus"
5198372826,13.746026,50.769419,"berus"
5198409532,-2.013146,50.741856,"berus"
5198517232,18.183937,59.618408,"berus"
5198558655,15.602213,48.004029,"marasso"
5198583839,19.161373,49.297101,"berus"
5198780315,56.507757,54.513896,"berus"
5198930379,56.115905,54.593573,"berus"
5198982208,37.829808,56.706182,"berus"
5198990769,13.746078,50.769847,"berus"
5199056142,-3.575476,51.474074,"berus"
5199206620,11.082888,53.363583,"berus"
5199257630,39.796205,55.569573,"berus"
5199383340,11.065433,53.343754,"berus"
5204304605,8.598809,62.670121,"berus"
5204348665,6.467466,58.53837,"berus"
5204956107,13.267193,47.486663,"marasso"
5204972002,11.740462,47.4473,"marasso"
5206001899,19.89115,49.27462,"berus"
5206234409,-4.28005,50.69482,"berus"
5206287158,20.216508,49.156593,"berus"
5206472805,40.500583,56.176425,"berus"
5206496221,31.112017,60.032502,"berus"
5206535259,-1.649425,50.811813,"berus"
5206597471,17.644019,59.152331,"berus"
5211719433,8.960875,59.005168,"berus"
5211927449,9.294051,62.586085,"berus"
5212187580,9.723858,54.254095,"berus"
5212396364,11.6265,47.822228,"berus"
5215071423,10.944937,50.648113,"berus"
5215729205,39.796188,55.569669,"berus"
5215788658,10.593882,57.740572,"berus"
5215883077,17.020621,57.257188,"berus"
5215894409,10.921314,48.259523,"berus"
5216118615,49.260444,58.475342,"berus"
5216200747,23.560572,45.406683,"berus"
5216580829,40.714066,56.177307,"berus"
5216839970,24.446818,48.312119,"berus"
5216954421,20.27186,50.012068,"berus"
5216996633,58.489164,53.457054,"berus"
5217042113,12.875888,56.989487,"berus"
5217096730,46.406426,55.226011,"berus"
5217211162,39.796202,55.569655,"berus"
5217264324,29.773645,60.245798,"berus"
5217272851,29.222977,60.512502,"berus"
5217325440,8.449655,58.514163,"berus"
5217373384,38.173236,54.870122,"berus"
5218834271,10.639472,52.577008,"berus"
5218838412,9.882372,52.10155,"berus"
5218853345,12.340667,47.701712,"marasso"
5218860341,12.879613,47.633628,"marasso"
5218921460,11.329512,47.81292,"berus"
5218932458,9.830744,53.090503,"berus"
5218962326,12.879613,47.633617,"marasso"
5219020325,12.512534,54.475367,"berus"
5219032435,9.825603,53.095506,"berus"
5219104384,11.180555,47.665262,"berus"
5219113413,9.956175,52.909185,"berus"
5219122355,9.832721,53.096333,"berus"
5219128530,9.724038,54.254214,"berus"
5219191425,10.424126,47.432982,"berus"
5219210402,9.956204,52.909108,"berus"
5219212395,9.897662,53.155242,"berus"
5219220421,9.821413,53.102187,"berus"
5219275348,11.503018,48.027179,"berus"
5219277434,9.912375,53.116728,"berus"
5219379800,9.897217,53.155376,"berus"
5219404370,7.241615,53.009895,"berus"
5219418370,7.246347,53.006317,"berus"
5219439405,13.799537,54.113686,"berus"
5223443539,5.465117,60.573252,"berus"
5223509676,10.821798,59.284876,"berus"
5223591764,9.686282,59.023223,"berus"
5223601705,8.101241,58.162773,"berus"
5223603653,9.96008,63.537102,"berus"
5230145690,56.05659,57.971357,"berus"
5230176794,28.068484,50.217162,"berus"
5230319159,34.488565,65.739863,"berus"
5230323097,46.417683,55.255306,"berus"
5230412850,9.037971,56.507769,"berus"
5230605424,30.021791,59.291382,"berus"
5230709058,20.008675,49.452477,"berus"
5230818501,16.445819,57.134836,"berus"
5230932273,7.458685,52.189126,"berus"
5231288325,9.679787,57.33648,"berus"
5231427470,30.004373,59.288031,"berus"
5231741356,5.549227,58.854748,"berus"
5231788053,30.07873,59.429897,"berus"
5233767501,5.958409,58.920367,"berus"
5233812476,10.66373,59.401751,"berus"
5233849416,10.661323,59.396743,"berus"
5234171936,9.848814,47.459608,"berus"
5234185748,12.335119,47.581024,"marasso"
5234357290,13.547025,47.263053,"marasso"
5234368716,13.157871,57.176297,"berus"
5234456044,14.166419,46.447353,"marasso"
5235005900,9.951488,46.946067,"marasso"
5237492943,34.092348,58.669695,"berus"
5237736807,9.646942,56.173307,"berus"
5237883814,28.060595,50.29332,"berus"
5237992326,29.325818,60.419992,"berus"
5238066929,13.799251,54.15149,"berus"
5238077990,48.275403,58.172627,"berus"
5238227453,-2.075366,55.496427,"berus"
5238437520,-3.994033,51.690493,"berus"
5238846321,9.57567,54.259075,"berus"
5243868354,7.754536,58.095581,"berus"
5281849303,20.158689,49.443105,"berus"
5281882294,19.986683,49.455009,"berus"
5281912466,19.96715,49.255119,"berus"
5281950362,-5.290022,55.71418,"berus"
5281954270,20.007191,49.523896,"berus"
5281999890,8.89487,56.465112,"berus"
5282073032,20.007494,49.522537,"berus"
5282078447,-5.397017,50.221843,"berus"
5282082728,20.158559,49.44314,"berus"
5282089804,10.194245,56.932847,"berus"
5282104103,20.158884,49.443125,"berus"
5282106906,19.986924,49.45508,"berus"
5282137801,20.3925,49.390835,"berus"
5282146084,20.006704,49.52127,"berus"
5282207987,20.006584,49.521298,"berus"
5282241472,22.634028,49.218961,"berus"
5282289005,23.339801,49.232844,"berus"
5282297768,20.158627,49.443093,"berus"
5282312084,-3.734721,51.577672,"berus"
5282376505,25.053476,45.440204,"berus"
5282472586,32.337903,59.977339,"berus"
5282509504,20.158787,49.443142,"berus"
5282510850,19.986552,49.454918,"berus"
5282575768,20.006283,49.521599,"berus"
5282602817,19.987009,49.455117,"berus"
5282693072,14.612688,46.574342,"marasso"
5282807486,11.485156,47.175877,"marasso"
5283317022,13.415097,46.879331,"marasso"
5283350538,15.336075,47.793237,"marasso"
5287716828,11.30024,60.316884,"berus"
5287717668,10.3707,59.873213,"berus"
5287732343,10.516514,60.707742,"berus"
5287762197,11.493459,59.331668,"berus"
5288049775,7.43067,53.552302,"berus"
5288141892,13.267464,47.505615,"marasso"
5288144978,7.099922,52.250718,"berus"
5288210732,13.497197,47.532928,"marasso"
5288312716,9.82948,53.13449,"berus"
5288312744,9.819157,53.098691,"berus"
5288543814,8.13754,55.654913,"berus"
5291495620,9.959402,54.256634,"berus"
5291560399,6.621415,52.21394,"berus"
5291782178,20.007247,49.521796,"berus"
5291805308,8.20912,55.70288,"berus"
5291906367,10.532292,57.303387,"berus"
5291971211,13.52924,58.323685,"berus"
5292055016,47.35075,56.180435,"berus"
5292166365,39.450402,56.824174,"berus"
5292304337,42.422239,55.629307,"berus"
5292414033,16.474341,50.696813,"berus"
5292422596,20.391599,49.390777,"berus"
5292424730,50.19733,58.576216,"berus"
5292667417,30.112035,61.280194,"berus"
5292681499,10.262569,46.931312,"marasso"
5292772578,13.554751,49.052734,"berus"
5292837802,39.867394,54.739063,"berus"
5292992433,10.503406,46.472483,"marasso"
5293069098,8.162403,55.545638,"berus"
5293101469,20.00671,49.521562,"berus"
5293142876,-4.499575,51.017633,"berus"
5293185665,23.57755,42.219091,"berus"
5716472012,13.740725,50.757678,"berus"
5716509928,12.222713,54.25233,"berus"
5716622015,7.155267,52.73817,"berus"
5716626408,10.451347,47.646032,"berus"
5716766527,10.222142,47.306028,"berus"
5716815529,9.947044,54.162136,"berus"
5716834335,11.293062,47.427975,"marasso"
5759267480,9.722736,63.724308,"berus"
5759332888,9.734414,63.719309,"berus"
5759504781,23.491063,49.269986,"berus"
5759625996,17.566919,59.191209,"berus"
5759766493,10.606918,57.750202,"berus"
5759772722,23.694882,51.754577,"berus"
5759832347,20.001499,49.521121,"berus"
5759834751,44.212891,55.671262,"berus"
5759900510,20.006572,49.522862,"berus"
5759916916,20.998287,63.801369,"berus"
5759922017,17.426111,60.609714,"berus"
5759927667,30.484821,60.170063,"berus"
5759942698,11.80677,47.099893,"marasso"
5759973973,20.158888,49.443151,"berus"
5760004931,17.65655,60.264767,"berus"
5760147696,30.918233,61.367997,"berus"
5760151184,35.996392,56.834012,"berus"
5760184262,-2.964828,55.131336,"berus"
5760209428,20.157749,49.442955,"berus"
5760300104,20.157893,49.442982,"berus"
5760460638,47.730405,56.050952,"berus"
5760519750,13.071526,47.189631,"marasso"
5760595974,-3.749592,54.862931,"berus"
5760629252,43.171975,56.471753,"berus"
5760665022,38.923138,55.02385,"berus"
5761018176,25.600457,54.222553,"berus"
5761131541,40.005916,57.52154,"berus"
5762258773,8.981332,54.757233,"berus"
5762285601,13.534126,47.513433,"marasso"
5762286196,9.947618,46.950357,"marasso"
5762296452,13.670267,47.133052,"marasso"
5794839263,12.833217,47.720413,"marasso"
5796852117,10.021801,53.156151,"berus"
5796906602,8.633184,53.33536,"berus"
5796966444,10.021752,53.156192,"berus"
5797100613,10.024542,53.156395,"berus"
5827389169,14.800905,50.817713,"berus"
5827448499,8.173854,55.867638,"berus"
5827568873,50.119306,58.5534,"berus"
5827737205,20.006956,49.521522,"berus"
5827802245,22.393526,54.422904,"berus"
5827812459,15.335187,50.823288,"berus"
5827824319,9.805479,45.939554,"marasso"
5827887767,50.272868,58.543202,"berus"
5827917610,20.158569,49.443021,"berus"
5827957031,37.229585,56.675995,"berus"
5828082329,11.701812,47.447543,"marasso"
5828347205,37.23195,56.6767,"berus"
5828497522,23.312358,55.887713,"berus"
5828583601,15.246461,50.829441,"berus"
5828591114,-3.579642,51.470024,"berus"
5828666135,14.057016,48.684121,"berus"
5828708887,39.779217,55.876927,"berus"
5828718384,15.887479,49.65605,"berus"
5828886318,48.140797,53.441709,"berus"
5829211618,9.936644,53.128001,"berus"
5829246058,9.947271,53.211424,"berus"
5830308079,20.007426,49.521488,"berus"
5830363553,27.795507,55.495845,"berus"
5830781675,10.544466,47.794875,"berus"
5830861355,15.498925,47.675367,"marasso"
5830875440,18.2391,59.628906,"berus"
5830926611,10.803822,59.955612,"berus"
5831038840,8.926646,56.051512,"berus"
5832223263,8.936518,54.65429,"berus"
5832370954,10.020588,54.145483,"berus"
5837121926,10.944937,50.648113,"berus"
5837466371,7.014289,52.604549,"berus"
5837841135,14.467731,47.690468,"marasso"
5837942527,17.077428,50.183961,"berus"
5838029608,25.311425,55.257265,"berus"
5838356489,10.569537,56.227288,"berus"
5839935617,20.007334,49.523222,"berus"
5840446758,47.742633,56.058504,"berus"
5840487299,54.011245,56.745682,"berus"
5840703686,10.898266,48.201095,"berus"
5840995008,12.034938,50.184624,"berus"
5841577073,5.464066,61.583975,"berus"
5841686773,10.671662,60.016768,"berus"
5841748897,9.086396,58.767055,"berus"
5841821857,9.724416,59.172028,"berus"
5841830799,11.593145,60.877209,"berus"
5841882953,10.723109,59.48793,"berus"
5844348874,12.371424,55.862103,"berus"
5844474627,12.420915,58.035533,"berus"
5844798493,7.685908,53.469234,"berus"
5857507376,15.64288,47.199452,"marasso"
5857558858,9.419903,54.72208,"berus"
5867825857,14.48934,56.315408,"berus"
5867867844,20.159429,49.443253,"berus"
5868191974,13.846323,53.837058,"berus"
5868383975,-3.794704,54.865008,"berus"
5868425814,15.366104,47.807277,"marasso"
5890063113,19.346813,50.453592,"berus"
5890092471,50.119306,58.5534,"berus"
5890374512,29.876252,60.577036,"berus"
5890377066,11.785266,49.768868,"berus"
5892712915,14.546249,47.739738,"marasso"
5892751806,37.829808,56.697411,"berus"
5893235863,9.185497,56.512683,"berus"
5893236270,8.206902,55.700816,"berus"
5893239527,10.192791,56.872911,"berus"
5893239536,10.616533,57.748518,"berus"
5893240850,8.237253,55.717681,"berus"
5893245368,9.529901,57.189208,"berus"
5893254484,10.399708,57.637015,"berus"
5893254524,10.601333,57.740514,"berus"
5893266453,8.926816,55.294429,"berus"
5893285743,10.222968,57.596703,"berus"
5893287316,14.936464,55.126076,"berus"
5893287389,10.600903,57.741536,"berus"
5893288711,10.380145,57.659358,"berus"
5893290844,10.404761,57.653439,"berus"
5893291166,12.443722,55.276427,"berus"
5893291710,10.635358,57.744771,"berus"
5893292591,9.183838,56.013704,"berus"
5893293348,10.87842,55.74023,"berus"
5893298133,9.448338,54.97513,"berus"
5893305286,10.677671,56.222936,"berus"
5893306592,9.045187,56.84372,"berus"
5893311014,8.847471,55.290871,"berus"
5893317378,8.116222,56.156495,"berus"
5893321750,10.326032,57.048428,"berus"
5893322035,10.18924,56.933902,"berus"
5893323256,10.622363,57.736309,"berus"
5893323923,10.194609,56.932787,"berus"
5893328998,10.19305,56.933104,"berus"
5893331454,10.194225,56.933148,"berus"
5893331468,8.369355,56.94097,"berus"
5893331485,11.822445,55.294892,"berus"
5893334821,11.811935,55.291013,"berus"
5893341345,8.945318,55.268807,"berus"
5893354982,10.186689,56.933327,"berus"
5893360209,10.563087,56.198238,"berus"
5893363860,11.998128,56.025372,"berus"
5893370474,12.37539,55.865107,"berus"
5893373999,12.376456,55.857756,"berus"
5893378125,10.213606,56.936616,"berus"
5893381103,10.615776,55.610233,"berus"
5893382555,10.600844,57.741383,"berus"
5893389756,11.583807,55.960861,"berus"
5893390227,12.330816,55.965085,"berus"
5893392312,9.445647,56.1319,"berus"
5893398518,8.365488,56.942202,"berus"
5893404426,9.636565,56.178612,"berus"
5893423217,11.783131,55.308214,"berus"
5893427208,9.25394,57.136163,"berus"
5893428738,8.724314,57.096291,"berus"
5893428821,10.200424,56.943299,"berus"
5893431679,12.3305,55.988054,"berus"
5893434874,10.59265,55.6191,"berus"
5893441795,12.206601,55.046588,"berus"
5893442645,10.591549,55.615138,"berus"
5893448646,12.371541,55.863654,"berus"
5893449827,8.349351,56.928713,"berus"
5893450135,10.250253,55.119635,"berus"
5893453869,12.3781,55.860236,"berus"
5893455089,8.947297,55.273017,"berus"
5893458193,10.248515,56.93049,"berus"
5893459895,9.046192,55.719405,"berus"
5893470392,12.414388,55.260748,"berus"
5893470801,10.360767,57.042717,"berus"
5893471898,10.19403,56.933003,"berus"
5893477510,14.955643,55.007609,"berus"
5893485600,8.133942,55.656437,"berus"
5893486635,12.330916,55.965088,"berus"
5893488337,10.194511,56.872533,"berus"
5893491644,11.584111,55.960547,"berus"
5893493100,11.99497,56.016674,"berus"
5893497298,10.891447,55.734304,"berus"
5893500542,12.260706,55.038917,"berus"
5893501779,10.190061,56.93382,"berus"
5893502192,8.2817,56.067582,"berus"
5893505379,12.443156,55.276399,"berus"
5893505535,10.892346,55.737335,"berus"
5893506211,8.238839,56.803369,"berus"
5893507698,10.874213,55.741772,"berus"
5893509923,10.437771,57.650592,"berus"
5893510518,10.440581,57.649139,"berus"
5893516302,8.231918,55.590539,"berus"
5893537814,10.267956,55.129064,"berus"
5893556870,10.389108,57.631887,"berus"
5893560483,9.101707,57.033073,"berus"
5893563198,10.649623,56.168816,"berus"
5893564342,10.593755,57.741692,"berus"
5893569443,9.615735,56.171298,"berus"
5893571659,12.008712,54.815139,"berus"
5893580280,14.912056,55.021809,"berus"
5893598248,11.99803,56.025381,"berus"
5893600272,12.504021,55.961489,"berus"
5893601774,9.621967,55.493513,"berus"
5893604760,8.1863,55.683925,"berus"
5893606181,12.013291,56.02894,"berus"
5893622844,11.463267,55.957491,"berus"
5893625415,9.185918,56.515348,"berus"
5893626145,10.544245,57.273067,"berus"
5893638999,10.622985,55.615862,"berus"
5893642644,10.676722,55.563309,"berus"
5893647817,12.303427,55.028174,"berus"
5893648833,11.454108,55.960603,"berus"
5893653991,8.182773,55.803298,"berus"
5893655559,12.375111,55.857824,"berus"
5893661685,10.0473,57.586842,"berus"
5893671945,10.864226,56.302602,"berus"
5893675550,10.787178,56.244396,"berus"
5893686398,8.209356,55.702826,"berus"
5893687979,9.517054,56.043656,"berus"
5893696481,10.250058,55.119883,"berus"
5893697979,12.434582,55.274233,"berus"
5893702963,9.899425,57.537967,"berus"
5893703945,12.239936,55.05005,"berus"
5893707523,9.055266,55.300324,"berus"
5893716523,10.189964,56.933774,"berus"
5893723847,9.198035,56.452927,"berus"
5893729531,9.816825,57.488023,"berus"
5893732209,11.715772,55.916683,"berus"
5893733029,9.678497,56.307516,"berus"
5893734233,8.75939,57.086072,"berus"
5893737181,8.242494,55.670841,"berus"
5893744873,9.726117,56.090333,"berus"
5893750332,10.892326,55.737347,"berus"
5893754174,8.325833,55.555747,"berus"
5893758185,9.439408,55.429459,"berus"
5893761071,10.185434,56.910851,"berus"
5893765349,8.886974,55.595144,"berus"
5893769221,9.6144,56.146481,"berus"
5893771272,8.933261,57.037706,"berus"
5893777673,9.185435,56.512872,"berus"
5893777959,9.057825,55.306797,"berus"
5893780097,10.189367,56.93396,"berus"
5893783747,10.188673,56.909073,"berus"
5893784659,12.055392,56.053907,"berus"
5893791171,10.189436,56.933812,"berus"
5893795460,10.577864,56.229678,"berus"
5893795991,12.33048,55.965085,"berus"
5893797711,12.376482,55.857829,"berus"
5893800434,11.041679,57.302162,"berus"
5893800946,9.620259,56.174236,"berus"
5893802790,14.945401,55.12687,"berus"
5893808096,10.191852,56.933395,"berus"
5893815895,10.550824,55.088376,"berus"
5893818734,10.237602,57.60896,"berus"
5893824183,10.350933,57.630404,"berus"
5893825385,9.183275,56.513039,"berus"
5893827303,9.479112,57.175457,"berus"
5893835657,9.343981,56.18183,"berus"
5893841887,8.235624,56.794622,"berus"
5893847900,10.349497,57.55772,"berus"
5893852211,9.399153,57.070386,"berus"
5893856896,12.20265,55.042664,"berus"
5893861626,9.769294,57.179828,"berus"
5893862551,10.594492,55.610942,"berus"
5893862657,9.157503,55.66227,"berus"
5893868499,12.362401,55.867333,"berus"
5893871418,8.154708,55.907783,"berus"
5893901219,9.387111,56.18092,"berus"
5893920980,9.707231,56.064837,"berus"
5893921550,12.414977,55.261282,"berus"
5893930948,8.371533,56.94413,"berus"
5893933196,11.71379,55.917595,"berus"
5893938648,8.207707,55.70303,"berus"
5893944050,10.193883,56.932933,"berus"
5893947644,12.370656,55.864346,"berus"
5893950586,12.33113,55.965257,"berus"
5893954793,10.606208,57.734386,"berus"
5893960826,8.120669,56.112188,"berus"
5893972594,12.379372,55.856886,"berus"
5893982972,10.354859,57.018725,"berus"
5893986429,11.450303,55.960564,"berus"
5893991587,9.157656,56.018106,"berus"
5893995402,12.549305,56.015438,"berus"
5893999353,9.899425,57.537967,"berus"
5893999384,9.610247,56.146186,"berus"
5894012895,12.372044,55.86333,"berus"
5894013502,9.166076,55.669415,"berus"
5894020849,8.236663,56.797416,"berus"
5894021430,10.405295,56.531819,"berus"
5894021899,12.263708,55.059252,"berus"
5894022878,10.191485,56.93351,"berus"
5894031489,12.376304,55.857908,"berus"
5894034318,12.322726,55.957912,"berus"
5894038631,10.187078,56.934233,"berus"
5894048504,10.250121,55.118614,"berus"
5894050451,10.755192,56.234868,"berus"
5894050563,10.194593,56.932275,"berus"
5894056169,12.372939,55.860117,"berus"
5894062793,8.966503,55.963505,"berus"
5894070476,8.343139,56.273683,"berus"
5894071994,10.884459,55.742623,"berus"
5894080340,11.945778,54.834642,"berus"
5894082848,10.523918,57.707157,"berus"
5894088761,8.964533,57.150875,"berus"
5896996507,9.818841,53.104027,"berus"
5897118692,-5.706589,50.077114,"berus"
5897213821,11.801316,55.296229,"berus"
5897246054,12.812608,47.492839,"marasso"
5897273174,25.227261,57.317646,"berus"
5900554692,8.19711,55.696352,"berus"
5900554810,10.432656,57.610278,"berus"
5902629866,9.240446,54.411837,"berus"
5902690518,12.062938,47.795422,"marasso"
5903914666,15.77162,47.719294,"marasso"
5908773213,19.762865,48.897553,"berus"
5909067808,15.695592,57.078796,"berus"
5918110027,12.370898,55.861728,"berus"
5918329776,12.606847,61.430912,"berus"
5918344900,9.266353,53.552873,"berus"
5918368940,10.131033,61.578687,"berus"
5918391441,12.04304,61.8125,"berus"
5918404217,9.592178,59.72302,"berus"
5918417838,8.833697,59.056955,"berus"
5918424638,9.323067,59.849913,"berus"
5918427905,8.701973,53.750152,"berus"
5918433703,10.377803,60.63022,"berus"
5918476404,5.906499,58.452143,"berus"
5918495053,8.199647,58.839353,"berus"
5918538113,10.987178,60.50128,"berus"
5918540309,12.063055,47.795448,"marasso"
5918542243,12.209353,60.891197,"berus"
5918544133,9.197575,60.73003,"berus"
5918558339,7.924092,63.358581,"berus"
5918576494,7.092469,57.99721,"berus"
5918585781,6.348607,58.96377,"berus"
5918612209,9.362031,61.507314,"berus"
5918665555,9.57328,63.58266,"berus"
5918679447,8.010192,59.477675,"berus"
5920440504,46.448643,55.361941,"berus"
5935264153,37.23026,56.675618,"berus"
5935299670,13.274572,55.554471,"berus"
5935555840,14.194764,47.407773,"marasso"
5935669501,-1.006032,54.04323,"berus"
5935692676,13.83015,59.759952,"berus"
5935695045,13.347023,55.337889,"berus"
5935954987,11.376912,46.119962,"marasso"
5935964310,47.117584,56.109729,"berus"
5936118742,-3.166014,50.952878,"berus"
5938641156,15.270445,58.824432,"berus"
6129682451,9.880083,50.436188,"berus"
6130575605,21.850055,50.575495,"berus"
6130993829,17.290995,52.461684,"berus"
6131155111,17.290457,52.463358,"berus"
6131311119,18.06555,59.253943,"berus"
6131528450,17.290372,52.463242,"berus"
6133185597,34.478057,53.375027,"berus"
6133329464,34.478057,53.375027,"berus"
6133862751,10.193568,56.872358,"berus"
6133862964,9.620889,57.25352,"berus"
6147211118,9.235917,54.817948,"berus"
6147466947,45.502823,54.744811,"berus"
6147532675,1.110138,51.112557,"berus"
6147654085,43.430906,56.450755,"berus"
6148254845,10.785865,59.99589,"berus"
6148276785,10.788713,59.995859,"berus"
6148278306,10.785865,59.99589,"berus"
6148280606,10.785865,59.99589,"berus"
6148292976,10.785865,59.99589,"berus"
6148339511,10.785865,59.99589,"berus"
6148381286,10.761691,59.999857,"berus"
6148406330,10.785865,59.99589,"berus"
6150171516,12.23992,55.050056,"berus"
6150348819,14.237796,56.51936,"berus"
6150558571,13.924283,57.286816,"berus"
6150819443,8.146169,55.546183,"berus"
6159395197,8.163707,55.929643,"berus"
6159697253,16.4347,59.899219,"berus"
6160388168,8.951867,55.271143,"berus"
6161230750,6.571958,58.11367,"berus"
6163227366,39.752091,57.569922,"berus"
6165202502,10.593365,59.419638,"berus"
6165215402,5.305549,60.277335,"berus"
6165218666,9.856261,63.586661,"berus"
6168914787,10.189858,56.93372,"berus"
6168916130,10.196181,56.932339,"berus"
6168919286,10.891926,55.737412,"berus"
6169115714,9.903762,53.136661,"berus"
6169241489,9.833175,53.097903,"berus"
6169966647,9.829306,53.090472,"berus"
6170817241,-2.05225,50.732289,"berus"
6170840754,-2.438045,50.532431,"berus"
6170841983,-2.05264,50.733326,"berus"
6170862952,19.351355,50.448847,"berus"
6171189536,1.619387,52.247388,"berus"
6171301426,-2.052436,50.733496,"berus"
6171380757,19.969283,51.368635,"berus"
6171649905,9.290548,53.573444,"berus"
6176666476,10.678678,59.467701,"berus"
6176693370,10.785784,59.996241,"berus"
6177702624,9.101843,57.033083,"berus"
6177702817,9.101859,57.033089,"berus"
6177704896,11.706993,55.920563,"berus"
6177706528,8.553716,56.494137,"berus"
6177706627,12.005933,54.8139,"berus"
6178313807,11.0617,49.378088,"berus"
6178355875,40.377047,56.097094,"berus"
6178497906,-0.587082,53.206513,"berus"
6178603684,14.939998,56.599515,"berus"
6178630009,-2.051671,50.734089,"berus"
6178633613,0.593642,51.547058,"berus"
6178668824,43.572807,55.667172,"berus"
6178695244,-3.53676,54.560304,"berus"
6178904941,-0.814828,50.745872,"berus"
6178965212,22.698463,55.836542,"berus"
6179132440,23.522888,54.512181,"berus"
6179145897,1.628012,52.241772,"berus"
6179175410,0.581964,51.327201,"berus"
6179275398,-3.535605,54.560251,"berus"
6179357290,20.007978,49.521813,"berus"
6179427590,12.094125,57.67628,"berus"
6179486902,10.192875,56.933166,"berus"
6179542487,11.062631,49.381005,"berus"
6179587310,1.123844,52.932203,"berus"
6180068854,10.864674,59.847498,"berus"
6180068973,5.602047,60.152966,"berus"
6180089353,10.95438,59.973908,"berus"
6181693517,10.891804,55.736311,"berus"
6181693654,12.374984,55.865146,"berus"
6181693885,9.101712,57.033097,"berus"
6181695665,8.238693,55.859587,"berus"
6181697796,10.191248,56.933376,"berus"
6181699098,8.240663,55.859715,"berus"
6181699491,9.101995,57.033099,"berus"
6182112282,10.862446,59.881318,"berus"
6182121539,9.82376,58.975447,"berus"
6182143800,10.874672,59.867878,"berus"
6182167435,10.86692,59.880917,"berus"
6182481124,16.718895,59.001081,"berus"
6182629915,-2.833837,54.246155,"berus"
6182761959,10.048592,54.198978,"berus"
6182877249,9.725271,54.354495,"berus"
6183094668,13.375675,54.100603,"berus"
6183562228,9.826387,53.090407,"berus"
6183632420,10.048709,54.198902,"berus"
6183633820,13.608126,46.474045,"marasso"
6183692140,9.819322,53.093894,"berus"
6183834617,9.826369,53.09041,"berus"
6184744276,-1.93593,55.235829,"berus"
6184813049,20.434349,53.729855,"berus"
6184836729,50.116784,58.550842,"berus"
6184872279,9.101822,57.033058,"berus"
6184913138,-2.050161,50.730336,"berus"
6184946622,-2.052569,50.733337,"berus"
6185139796,29.213305,59.9607,"berus"
6185199436,33.81092,66.348258,"berus"
6185246248,52.348853,53.067486,"berus"
6185255548,-2.05132,50.734166,"berus"
6185259086,21.398231,49.621096,"berus"
6185264355,-3.533199,54.55694,"berus"
6185314894,34.155583,57.90304,"berus"
6185357972,-0.848587,51.331054,"berus"
6185395490,16.900727,60.267291,"berus"
6185443069,9.277939,56.619645,"berus"
6185594250,10.75853,59.9964,"berus"
6185762787,-2.050061,50.730337,"berus"
6185766504,-0.715596,51.17763,"berus"
6185831932,12.005903,54.814158,"berus"
6185872878,37.234142,58.645657,"berus"
6185883463,1.267919,51.104382,"berus"
6185938016,50.119108,58.553204,"berus"
6186006848,12.005986,54.813763,"berus"
6186057211,-0.381019,51.236209,"berus"
6186080229,16.293454,56.667099,"berus"
6186158771,-2.052877,50.733037,"berus"
6186609454,9.101713,57.033097,"berus"
6186611586,9.101717,57.033097,"berus"
6186652287,9.818762,53.094039,"berus"
6186723270,9.817947,53.094052,"berus"
6187463410,10.186904,56.873023,"berus"
6187463603,10.185475,56.872531,"berus"
6187466211,9.020989,55.73048,"berus"
6187466310,8.239549,55.859381,"berus"
6187467547,10.190932,56.933586,"berus"
6187468891,9.329662,54.844885,"berus"
6187470025,12.005889,54.813975,"berus"
6187478138,10.240058,59.235341,"berus"
6187505055,9.401103,58.888466,"berus"
6187513164,10.240058,59.235341,"berus"
6187513316,10.292061,63.37948,"berus"
6187544603,10.371652,59.327191,"berus"
6187791639,10.944937,50.648113,"berus"
6187795929,10.944937,50.648113,"berus"
6187933787,19.351301,50.450433,"berus"
6187966255,39.589799,55.91176,"berus"
6187968967,34.454422,53.260108,"berus"
6188033427,50.121683,58.55307,"berus"
6188033635,-1.568723,53.269784,"berus"
6188045524,50.119306,58.5534,"berus"
6188089299,-0.501948,50.943083,"berus"
6188108442,-3.02606,53.233866,"berus"
6188164081,37.861134,55.903195,"berus"
6188170101,39.607025,55.919497,"berus"
6188219808,9.10159,57.033047,"berus"
6188266645,12.371581,55.863522,"berus"
6188309014,-0.500221,50.943869,"berus"
6188473336,12.433425,58.036395,"berus"
6188501099,-0.59126,51.368329,"berus"
6188552366,50.119306,58.5534,"berus"
6188582429,41.024181,56.952899,"berus"
6188621669,15.16889,50.796473,"berus"
6188636823,29.121446,50.897676,"berus"
6188651221,31.677182,58.533003,"berus"
6193207444,10.050378,54.197288,"berus"
6193454890,12.243287,47.742775,"marasso"
6194778699,11.002692,57.298953,"berus"
6194779688,9.101447,57.03297,"berus"
6194779820,8.601738,55.680261,"berus"
6194780381,9.318278,56.381653,"berus"
6194780560,9.601642,57.179633,"berus"
6194780876,10.60092,55.581578,"berus"
6194781769,9.101494,57.032981,"berus"
6194781807,12.005953,54.813928,"berus"
6194781920,12.255107,55.039598,"berus"
6194783213,10.190388,56.872574,"berus"
6194783540,12.373984,55.865198,"berus"
6194783880,12.374351,55.86519,"berus"
6195103139,10.944937,50.648113,"berus"
6195247786,0.410172,51.463292,"berus"
6195273223,30.031963,59.619484,"berus"
6195274892,1.200197,51.092411,"berus"
6195390841,9.273314,56.618321,"berus"
6195404369,9.797853,50.67322,"berus"
6195542111,-1.568862,53.268582,"berus"
6195558408,10.194692,56.932759,"berus"
6195566551,9.352578,54.255534,"berus"
6195626389,20.160121,49.443328,"berus"
6195635087,46.078365,53.19021,"berus"
6195755526,8.66008,54.983652,"berus"
6195762228,-5.59266,50.188143,"berus"
6195844439,30.885863,59.101639,"berus"
6195845674,52.778364,54.693233,"berus"
6195853558,-2.709441,51.296976,"berus"
6195864757,30.0646,59.367064,"berus"
6195952676,50.119306,58.5534,"berus"
6196550196,10.674151,59.401147,"berus"
6196553824,5.681126,58.887134,"berus"
6196561191,10.592997,59.420662,"berus"
6213083900,9.829522,53.090389,"berus"
6213092361,13.450358,54.554131,"berus"
6213140946,13.417658,54.683303,"berus"
6213200776,9.819253,53.096264,"berus"
6213401858,9.818207,53.094069,"berus"
6213404919,13.254735,47.920277,"marasso"
6213437056,9.986043,54.346197,"berus"
6213440767,11.57856,47.669665,"marasso"
6213476459,13.443068,54.554716,"berus"
6213493590,7.168761,52.432406,"berus"
6221881519,8.280661,63.270772,"berus"
6228260400,10.023521,53.19226,"berus"
6234164545,14.609511,47.275189,"marasso"
6234317138,20.159175,49.443267,"berus"
6234376780,14.715579,47.616837,"marasso"
6234414953,18.23893,49.811018,"berus"
6234495596,20.160201,49.443293,"berus"
6234525680,20.04615,49.460177,"berus"
6234611534,20.159551,49.443262,"berus"
6234708391,-0.387927,50.858988,"berus"
6234738994,14.162661,51.39887,"berus"
6234739204,22.847746,46.645654,"berus"
6234790646,50.119038,58.553227,"berus"
6234796848,44.852949,53.232236,"berus"
6234818261,0.570578,51.595413,"berus"
6234840412,-1.299311,51.377488,"berus"
6234962829,39.798844,55.569836,"berus"
6234968718,16.245219,54.338561,"berus"
6235060521,50.119038,58.553227,"berus"
6235117866,50.119038,58.553227,"berus"
6235241938,27.233712,51.625592,"berus"
6235299688,42.038374,55.745657,"berus"
6235370475,10.764031,59.672485,"berus"
6235591328,20.159985,49.443251,"berus"
6235635574,-0.175828,50.869156,"berus"
6235741095,20.159849,49.443757,"berus"
6235863741,14.13535,51.41318,"berus"
6235917385,20.007607,49.523774,"berus"
6235948464,41.02421,56.952886,"berus"
6235961496,57.930684,55.375786,"berus"
6236224844,-1.01687,54.025744,"berus"
6236233797,15.704197,45.606966,"marasso"
6236309450,20.061961,49.488906,"berus"
6236312827,9.594002,57.255071,"berus"
6236481809,50.119253,58.553003,"berus"
6236529819,15.706375,45.609767,"marasso"
6239283481,10.707137,60.011281,"berus"
6239289414,5.234321,59.316714,"berus"
6239293362,11.402118,60.554131,"berus"
6239301370,10.395269,59.071916,"berus"
6239354488,5.276363,61.614367,"berus"
6251467488,28.878548,60.78541,"berus"
6251469796,1.600986,52.26543,"berus"
6251525808,-0.989113,54.031581,"berus"
6251611322,37.838458,55.880867,"berus"
6251632915,20.04712,49.452817,"berus"
6251647002,39.209834,55.785165,"berus"
6251855123,24.683403,48.089439,"berus"
6251876043,10.031198,54.133557,"berus"
6251880617,13.236958,50.626633,"berus"
6251923867,37.838014,55.880822,"berus"
6251940881,37.838364,55.880822,"berus"
6251979883,30.007456,50.56077,"berus"
6251984538,-5.20292,55.599155,"berus"
6251988955,23.611072,52.722328,"berus"
6252089387,12.698312,54.377667,"berus"
6252103867,11.197553,50.635467,"berus"
6252105347,45.894135,56.894353,"berus"
6252243475,14.104925,49.672945,"berus"
6252332395,34.07228,58.671327,"berus"
6252392324,-1.016865,54.02576,"berus"
6252392938,-2.833025,54.245675,"berus"
6252416192,-1.016825,54.025711,"berus"
6252417628,37.843064,55.882514,"berus"
6252511203,45.894314,56.894448,"berus"
6252574438,17.499147,53.912492,"berus"
6252582209,-2.028703,52.75938,"berus"
6252715008,37.838914,55.881042,"berus"
6252767508,12.62457,47.514259,"marasso"
6252843418,34.452962,53.261105,"berus"
6252897410,50.108945,58.550053,"berus"
6252926024,37.838842,55.880919,"berus"
6252993723,42.163947,55.289519,"berus"
6253052012,37.837406,55.880478,"berus"
6253191261,37.838422,55.880842,"berus"
6253241507,20.047232,49.452918,"berus"
6253271026,20.047216,49.452795,"berus"
6253326984,5.9321,61.476688,"berus"
6253355040,54.205916,56.084886,"berus"
6256490681,10.620162,60.121042,"berus"
6273168569,34.119442,52.440535,"berus"
6273210469,-0.844257,53.918059,"berus"
6273211326,38.788559,56.802766,"berus"
6273296735,29.286053,59.959092,"berus"
6273316961,34.106775,53.377765,"berus"
6273324930,31.412096,58.534613,"berus"
6273337066,20.01753,49.46313,"berus"
6273381882,45.93977,56.868142,"berus"
6273418503,37.945242,55.498694,"berus"
6273456446,24.195638,56.79858,"berus"
6273502030,19.494747,49.42778,"berus"
6273526807,-5.219193,49.992643,"berus"
6273607480,12.470263,54.407727,"berus"
6273658474,32.966131,61.620695,"berus"
6273773980,18.355273,59.125425,"berus"
6273781795,-5.219189,49.99264,"berus"
6273816302,8.980361,54.753154,"berus"
6273876978,45.894355,56.894466,"berus"
6273942920,20.038437,49.463084,"berus"
6273970534,40.754711,57.555272,"berus"
6274107391,50.119306,58.5534,"berus"
6274144096,45.939535,56.867606,"berus"
6276666322,8.815833,59.083138,"berus"
6276772414,10.663362,59.843414,"berus"
6276790365,8.15417,58.184455,"berus"
6320155399,55.9984,57.971756,"berus"
6320272380,10.844006,59.622875,"berus"
6320338002,31.71644,58.570535,"berus"
6320352504,12.78617,56.216431,"berus"
6320366308,0.578326,51.326576,"berus"
6320379504,-3.198622,54.252705,"berus"
6320392576,9.474585,54.706204,"berus"
6320394351,9.644619,56.140747,"berus"
6320453072,12.370138,55.864759,"berus"
6320504816,46.839989,55.040987,"berus"
6320529596,12.366529,46.294305,"marasso"
6320542316,47.744288,56.058824,"berus"
6320543704,38.786544,56.803319,"berus"
6320582385,8.378293,56.477618,"berus"
6320678728,19.775027,49.807573,"berus"
6320697027,48.244574,54.545993,"berus"
6320746079,0.579083,51.326937,"berus"
6320964631,38.767307,56.810074,"berus"
6321172027,37.962351,55.501834,"berus"
6321193885,54.2048,56.0828,"berus"
6321198646,12.370387,55.863721,"berus"
6324067580,4.815689,60.641439,"berus"
6324115746,5.379067,60.309009,"berus"
6324165743,9.649802,63.342098,"berus"
6324174847,5.314056,60.27538,"berus"
6333849118,12.18487,46.568733,"marasso"
6333883737,-0.499277,50.941916,"berus"
6333946420,16.468983,57.141828,"berus"
6334057904,10.666136,47.292228,"berus"
6334125896,26.803258,50.225283,"berus"
6334149804,12.375826,55.858919,"berus"
6334381061,16.48409,57.127168,"berus"
6334454541,39.637021,55.65259,"berus"
6334454773,22.50186,45.912837,"bosniensis"
6334572525,42.163834,56.482246,"berus"
6334579825,32.799594,59.449364,"berus"
6334674884,41.024471,56.951524,"berus"
6334706604,15.000902,47.565683,"marasso"
6334711318,42.163851,56.48227,"berus"
6334745568,38.266,57.936072,"berus"
6334748546,12.37038,55.864626,"berus"
6334899016,50.110743,58.551135,"berus"
6334918676,10.757625,59.678179,"berus"
6334925419,14.288412,59.742645,"berus"
6334936486,16.43463,57.144688,"berus"
6337974586,10.384192,60.110381,"berus"
6338006564,6.137021,58.988048,"berus"
6338013520,9.048604,58.888842,"berus"
6338023435,11.116607,59.830957,"berus"
6338044616,10.781508,64.44938,"berus"
6338071501,10.009406,59.728609,"berus"
6338134415,9.003787,59.481635,"berus"
6341666944,10.041297,54.230501,"berus"
6341809969,11.434114,47.926039,"berus"
6342329323,11.707649,55.063292,"berus"
6342359656,9.94952,54.162267,"berus"
6342668130,13.253817,61.66978,"berus"
6342707485,13.379564,60.181433,"berus"
6342720019,13.280906,47.187484,"marasso"
6342730604,8.614054,53.827019,"berus"
6342733839,13.371353,54.101678,"berus"
6342804927,20.876712,42.013928,"bosniensis"
6342983662,9.907347,53.144213,"berus"
6342988453,14.044334,57.752113,"berus"
6343046937,11.35623,47.467613,"marasso"
6343070436,10.052643,54.193685,"berus"
6343096949,9.904506,53.145251,"berus"
6343150658,8.939459,54.653163,"berus"
6343363417,13.379104,60.180782,"berus"
6343380341,13.379639,60.1815,"berus"
6343872685,13.447183,48.898436,"berus"
6344151778,9.818742,53.094056,"berus"
6344181311,12.735347,47.768028,"marasso"
6344224546,9.819238,53.0966,"berus"
6344356371,11.624177,47.817178,"berus"
6344391146,9.83308,53.09798,"berus"
6344774419,9.89758,53.154233,"berus"
6344891903,12.913936,47.593393,"marasso"
6352285078,10.823925,59.824422,"berus"
6352291037,34.488522,53.275471,"berus"
6352295114,22.463482,49.283195,"berus"
6352301388,-0.367197,51.240612,"berus"
6352430051,-5.227808,51.930242,"berus"
6352468714,23.41614,41.758702,"berus"
6352482368,12.372434,55.862496,"berus"
6352663763,9.101481,57.032978,"berus"
6352729563,-0.620373,51.275217,"berus"
6352729636,59.586174,55.202806,"berus"
6352801038,12.373548,55.859805,"berus"
6352923486,12.862588,47.608349,"marasso"
6352942722,14.635258,46.448442,"marasso"
6352978996,12.372434,55.862496,"berus"
6352985625,10.189697,56.933608,"berus"
6352999407,12.372434,55.862496,"berus"
6353014761,44.191371,56.654276,"berus"
6353066958,12.375811,55.858925,"berus"
6353071107,-2.339798,51.351818,"berus"
6353092667,12.372434,55.862496,"berus"
6353092911,12.415522,46.648745,"marasso"
6353205350,12.372434,55.862496,"berus"
6353243821,12.372434,55.862496,"berus"
6353310332,-4.200668,51.182607,"berus"
6353346358,18.207025,54.232045,"berus"
6353385334,12.372434,55.862496,"berus"
6356504582,9.715172,59.211388,"berus"
6356516611,5.934316,58.638889,"berus"
6363985360,7.065375,62.845648,"berus"
6364030627,10.936629,60.498683,"berus"
6364031647,5.072454,60.707399,"berus"
6395350604,8.094881,58.163242,"berus"
6395372379,8.101241,58.162773,"berus"
6395385330,10.665769,59.344124,"berus"
6395392330,11.012501,59.04095,"berus"
6395401601,7.758165,58.373006,"berus"
6395527402,9.838053,61.589335,"berus"
6395528352,4.99855,60.431222,"berus"
6398610568,-3.058074,55.61062,"berus"
6398673013,12.370424,55.86026,"berus"
6398785202,8.16465,55.929203,"berus"
6398859463,15.696117,47.705697,"marasso"
6398943789,40.348556,57.134586,"berus"
6399109073,13.64068,47.341176,"marasso"
6399138810,12.370612,55.863639,"berus"
6399162904,12.368611,55.887741,"berus"
6399177666,12.371976,55.86159,"berus"
6399264005,-3.058084,55.610412,"berus"
6399274825,14.831778,56.887149,"berus"
6399353679,14.304743,45.791233,"marasso"
6399501426,12.370008,55.86074,"berus"
6399537544,44.322103,58.82032,"berus"
6399643608,12.371392,55.863795,"berus"
6399644565,25.794681,46.800687,"berus"
6399702783,38.790197,56.801079,"berus"
6399881677,43.582443,55.672804,"berus"
6399889534,14.460517,47.701433,"marasso"
6399911477,49.823947,58.532313,"berus"
6400006695,8.164664,55.929213,"berus"
6400016382,-2.786893,51.15841,"berus"
6400077306,14.428556,45.589365,"marasso"
6400138561,41.217381,57.116031,"berus"
6400164786,40.00513,57.629083,"berus"
6400337553,15.784774,47.957665,"marasso"
6400338394,31.120087,60.02837,"berus"
6400459725,48.421245,57.995921,"berus"
6400591169,10.287475,56.778217,"berus"
6400765351,12.370833,55.861624,"berus"
6400902412,41.215425,57.119169,"berus"
6405758350,8.101241,58.162773,"berus"
6410569006,13.379711,60.181502,"berus"
6410620327,10.072142,54.426247,"berus"
6410621416,9.859905,52.994287,"berus"
6410677478,13.47662,48.111063,"marasso"
6410717437,13.477119,48.107058,"marasso"
6410750547,10.942657,48.318896,"berus"
6410996651,9.660838,47.081276,"berus"
6411019077,12.585062,46.659847,"marasso"
6411078141,10.565256,59.967358,"berus"
6411133113,11.132927,47.653392,"berus"
6411142558,13.507175,59.260507,"berus"
6411202168,12.513287,54.475165,"berus"
6411218873,9.857733,52.99472,"berus"
6411385343,13.180759,47.061001,"marasso"
6411577885,23.703974,58.859566,"berus"
6411607202,13.958709,47.745037,"marasso"
6411950971,10.735751,53.839978,"berus"
6412140402,24.793813,45.636913,"berus"
6412308752,19.25655,43.096331,"bosniensis"
6412366593,20.875547,42.014771,"bosniensis"
6412443562,13.407523,47.763513,"marasso"
6412524867,13.576064,47.454137,"marasso"
6412582582,12.784142,53.42438,"berus"
6412990156,35.227212,62.077047,"berus"
6412999540,38.926294,55.021779,"berus"
6413410707,1.626875,52.24288,"berus"
6413446002,14.98581,56.820951,"berus"
6413611318,31.066255,60.068052,"berus"
6413730691,10.649313,57.745241,"berus"
6413761057,30.550874,59.823997,"berus"
6413799839,15.433655,50.8205,"berus"
6413962799,12.37115,55.861828,"berus"
6414030705,0.245403,50.796372,"berus"
6414044455,11.790363,57.578817,"berus"
6419678389,5.426058,59.324945,"berus"
6422059484,13.644086,46.441514,"marasso"
6422143102,14.445345,45.590292,"marasso"
6422319422,18.343072,56.980549,"berus"
6422474436,20.246577,49.264151,"berus"
6422480080,9.587418,54.663092,"berus"
6422563925,42.910209,56.161765,"berus"
6422596392,8.210918,55.764868,"berus"
6422774675,50.119124,58.552958,"berus"
6422862790,38.855651,55.535277,"berus"
6422917889,16.699178,50.040786,"berus"
6423055372,-5.875075,57.130234,"berus"
6423513611,9.880279,53.239523,"berus"
6423537620,14.381742,47.807758,"marasso"
6423668461,10.285803,46.96785,"marasso"
6423679533,9.819008,53.089611,"berus"
6423706775,13.422957,48.066546,"marasso"
6423779474,12.287183,46.914108,"marasso"
6423952310,12.648938,47.681112,"marasso"
6424021671,9.819314,53.096279,"berus"
6424320609,12.513451,54.47518,"berus"
6424394453,12.287142,46.914108,"marasso"
6424395742,13.355498,47.181796,"marasso"
6424525674,11.48768,47.447467,"marasso"
6424579721,9.859548,52.994326,"berus"
6424624665,9.897295,53.155409,"berus"
6424674612,12.876557,47.656375,"marasso"
6427942571,10.126412,62.814062,"berus"
6427965454,5.794107,58.891325,"berus"
6428049453,5.334286,60.601905,"berus"
6430814660,8.125789,56.147428,"berus"
6430826314,20.496976,49.434462,"berus"
6430848324,24.897722,48.149631,"berus"
6430895322,39.138826,58.062698,"berus"
6430896499,22.970745,48.798263,"berus"
6430899922,12.367192,55.865862,"berus"
6430927660,37.187941,56.692082,"berus"
6431046789,14.450131,50.911815,"berus"
6431284335,-3.844492,54.847409,"berus"
6431737060,14.130684,50.557163,"berus"
6431772033,8.180872,55.864872,"berus"
6431869965,47.907413,56.014907,"berus"
6431911979,-4.379488,56.182408,"berus"
6434924442,6.724546,58.117414,"berus"
6440926479,-1.568666,53.268122,"berus"
6440932366,32.942878,60.677588,"berus"
6440952429,33.866493,61.887177,"berus"
6441060541,20.236065,48.885413,"berus"
6441098507,37.209347,56.684301,"berus"
6441104150,20.299796,48.874842,"berus"
6441203135,7.88463,58.315281,"berus"
6441233313,10.585847,46.52807,"marasso"
6441397772,23.140728,57.268507,"berus"
6441422451,27.862787,57.723995,"berus"
6441429450,12.348349,55.914164,"berus"
6441484969,37.217718,56.680008,"berus"
6441492977,16.471128,51.407135,"berus"
6441637022,38.790221,56.801077,"berus"
6441685006,-4.807913,51.933437,"berus"
6441695591,10.565259,56.241327,"berus"
6441828452,13.655484,50.720227,"berus"
6441983620,23.140728,57.268507,"berus"
6442030848,10.565151,56.241424,"berus"
6442091816,11.310805,47.2877,"marasso"
6444885581,8.101241,58.162773,"berus"
6447915426,12.747043,46.935581,"marasso"
6447964917,10.075405,53.700993,"berus"
6447973777,13.279966,47.20994,"marasso"
6448158585,9.2408,54.411862,"berus"
6448218970,12.748811,46.936407,"marasso"
6448233734,12.748709,46.936481,"marasso"
6448248923,11.054125,47.617095,"berus"
6448432568,13.774838,47.663778,"marasso"
6448465337,10.124856,47.338563,"berus"
6448896099,10.005505,47.225754,"berus"
6448927100,9.895103,53.105094,"berus"
6448962794,11.07905,61.427417,"berus"
6449215428,12.423797,46.87095,"marasso"
6449503768,9.967203,53.169308,"berus"
6449547854,12.866734,47.445919,"marasso"
6449547890,6.961114,61.952238,"berus"
6449685685,12.129124,47.269228,"marasso"
6449833314,10.07663,53.70006,"berus"
6451513540,56.704703,55.296125,"berus"
6451518734,9.951143,46.081257,"marasso"
6451593801,7.15064,62.745646,"berus"
6451871447,37.229645,56.688983,"berus"
6451926477,12.110871,46.752155,"marasso"
6452001340,-5.391274,50.212586,"berus"
6452034648,10.634647,57.74506,"berus"
6452038331,11.418839,47.429318,"marasso"
6452114713,37.235702,56.687077,"berus"
6452283741,5.338774,60.410259,"berus"
6452355889,18.960188,59.835113,"berus"
6452468340,10.501159,57.671473,"berus"
6452553041,30.981491,64.502963,"berus"
6452645647,12.370609,55.863754,"berus"
6454450585,7.924111,58.506295,"berus"
6469647749,-0.63656,54.403242,"berus"
6469974932,13.331047,47.087758,"marasso"
6469981389,-1.006674,54.446336,"berus"
6470070512,25.1574,57.458313,"berus"
6470134722,42.187314,56.469322,"berus"
6470238359,12.371404,55.863789,"berus"
6470241607,-2.62613,54.917545,"berus"
6470588665,12.370846,55.864225,"berus"
6470675025,24.188485,48.274019,"berus"
6470694019,16.524349,50.28727,"berus"
6470709964,-4.986388,58.260272,"berus"
6477407301,10.732594,59.603524,"berus"
6479288957,29.98936,60.123055,"berus"
6479523842,12.377203,55.859449,"berus"
6479566797,20.048482,49.454592,"berus"
6479638456,37.154878,54.582134,"berus"
6479731759,14.399004,47.767816,"marasso"
6479812528,12.380746,55.920035,"berus"
6479850541,20.011198,49.463218,"berus"
6479891466,37.631238,56.500479,"berus"
6479926149,20.007655,49.523772,"berus"
6480020470,13.494311,49.02063,"berus"
6480067547,11.82926,46.394235,"marasso"
6480076999,22.635431,49.218023,"berus"
6480096510,13.361837,48.9147,"berus"
6480111540,8.165256,55.929038,"berus"
6480225845,38.788024,56.801795,"berus"
6480237092,22.63403,49.218885,"berus"
6480350842,20.008482,49.523854,"berus"
6480387397,17.392722,58.745833,"berus"
6480399286,30.977382,59.95658,"berus"
6480419538,24.157646,48.059428,"berus"
6480453268,20.011987,49.463497,"berus"
6480539737,20.008368,49.52457,"berus"
6480686402,19.954758,65.901192,"berus"
6480688895,13.838969,46.85878,"marasso"
6480690402,-2.748105,51.254803,"berus"
6480748413,50.11921,58.55298,"berus"
6480754043,24.716134,51.145484,"berus"
6480892650,34.579525,66.549048,"berus"
6480928452,20.046287,49.461087,"berus"
6481037740,-5.258378,50.014831,"berus"
6481108771,12.37585,55.858898,"berus"
6481200967,50.11921,58.55298,"berus"
6481220552,-4.471331,56.088709,"berus"
6481307583,28.476623,52.08784,"berus"
6481311826,12.618172,59.089011,"berus"
6481474381,13.194846,47.687831,"marasso"
6485383240,20.058789,63.687488,"berus"
6485467619,9.909792,53.146865,"berus"
6485516596,7.916075,53.345755,"berus"
6485544892,24.51897,41.628879,"berus"
6485853000,7.91617,53.345797,"berus"
6486142762,24.518916,41.628824,"berus"
6486260307,13.747599,48.863538,"berus"
6486322661,9.136536,53.367797,"berus"
6486334603,13.747592,48.863525,"berus"
6486345186,13.516439,47.5224,"marasso"
6486378040,12.953319,46.639986,"marasso"
6486751494,9.923573,53.154286,"berus"
6486910433,9.897312,53.155394,"berus"
6486985907,10.462286,57.644286,"berus"
6487026393,13.45761,54.557294,"berus"
6487046519,13.558337,47.146755,"marasso"
6487274038,9.818853,53.088984,"berus"
6487318758,12.423697,46.730663,"marasso"
6487401350,9.612904,53.215592,"berus"
6487481187,9.829501,53.099937,"berus"
6495122321,10.316334,59.807563,"berus"
6495135077,10.434202,59.859147,"berus"
6495136187,10.53183,61.030827,"berus"
6495193784,10.859841,60.07112,"berus"
6495223585,8.489798,58.312082,"berus"
6495250492,11.214469,61.426361,"berus"
6495462751,12.37087,55.861594,"berus"
6495463547,8.931052,55.290368,"berus"
6495463573,10.790652,56.244323,"berus"
6495465698,10.347363,57.612448,"berus"
6495466828,8.601724,55.680261,"berus"
6495467915,11.791594,55.079218,"berus"
6495468260,8.536169,55.58806,"berus"
6495469947,10.293673,57.620749,"berus"
6495473768,12.377204,55.85941,"berus"
6495477602,10.97961,57.303151,"berus"
6495478493,8.592042,55.674962,"berus"
6495478792,12.374704,55.865153,"berus"
6495483210,12.370374,55.863697,"berus"
6495485031,12.373758,55.859803,"berus"
6495489508,10.634897,57.73986,"berus"
6495490673,10.257949,55.255423,"berus"
6495495748,12.371554,55.863624,"berus"
6495496489,10.598118,57.748031,"berus"
6495496566,9.42707,55.432067,"berus"
6495496688,11.941156,54.834206,"berus"
6495498780,10.624835,57.73756,"berus"
6495503184,12.373564,55.859799,"berus"
6495503420,12.375799,55.858895,"berus"
6495504588,9.899558,57.536406,"berus"
6495505906,10.792063,56.245465,"berus"
6495508422,8.355425,56.952618,"berus"
6495515898,8.164663,55.6639,"berus"
6495519247,12.37085,55.864223,"berus"
6495521001,12.375813,55.858893,"berus"
6495524552,9.558788,57.222159,"berus"
6495527327,8.343048,56.274112,"berus"
6495527863,10.599261,57.746609,"berus"
6495528443,11.416486,55.959159,"berus"
6495533222,10.7838,56.246247,"berus"
6495533274,12.370425,55.864562,"berus"
6495538033,12.370629,55.863759,"berus"
6495538389,12.552968,54.964719,"berus"
6495539177,14.742732,55.065907,"berus"
6495539387,9.704875,56.073158,"berus"
6495543561,10.539194,57.267568,"berus"
6495546362,10.565208,56.241393,"berus"
6495565905,10.565147,56.241337,"berus"
6495571499,10.19408,56.932869,"berus"
6495572688,9.551767,56.134017,"berus"
6495582488,9.64222,57.067918,"berus"
6495584375,8.38894,56.938644,"berus"
6495584735,10.187439,56.934641,"berus"
6495585477,11.781967,55.959653,"berus"
6495590359,11.543981,55.911295,"berus"
6495591908,10.516392,57.719734,"berus"
6495593401,10.190375,56.872597,"berus"
6495594441,9.928535,56.971336,"berus"
6495608815,10.599982,57.745285,"berus"
6495611535,9.185368,55.674837,"berus"
6495612548,9.587205,56.066225,"berus"
6495613847,12.37019,55.86467,"berus"
6495616474,10.448458,57.666958,"berus"
6495621469,9.101472,57.033,"berus"
6495623792,11.682845,55.939283,"berus"
6495629540,8.207132,55.70282,"berus"
6495633426,10.881936,55.742813,"berus"
6495635391,10.187457,56.933921,"berus"
6495636606,9.079617,57.028039,"berus"
6495640748,12.370092,55.860824,"berus"
6498172703,30.019282,51.787418,"berus"
6498273748,12.374011,55.865214,"berus"
6498287978,12.37301,55.860056,"berus"
6498407769,12.37146,55.863732,"berus"
6498490336,16.732325,58.286083,"berus"
6498571904,19.987393,49.455232,"berus"
6498754803,20.046233,49.461107,"berus"
6498782725,16.976439,59.129752,"berus"
6498882448,22.846501,45.386014,"bosniensis"
6499153587,19.996799,49.513815,"berus"
6499184613,11.783688,46.568203,"marasso"
6499205417,23.23124,42.600155,"bosniensis"
6499233293,20.012113,49.463446,"berus"
6499239006,20.007801,49.524315,"berus"
6499325451,38.787991,56.801778,"berus"
6499384336,12.372118,55.862096,"berus"
6499538296,20.012015,49.463489,"berus"
6499553700,20.039184,49.464437,"berus"
6499579965,15.411637,47.639443,"marasso"
6499610818,19.986901,49.455017,"berus"
6499645081,20.045265,49.456149,"berus"
6499648785,11.377063,46.119834,"marasso"
6499719787,13.649348,50.645659,"berus"
6499725167,20.039207,49.464619,"berus"
6499731786,-2.654264,50.846363,"berus"
6499765165,20.048211,49.45489,"berus"
6499766960,28.457355,54.192688,"berus"
6499816404,13.53326,47.514448,"marasso"
6499906736,22.05311,50.668861,"berus"
6499932467,58.800208,54.601565,"berus"
6500001949,56.610777,55.427428,"berus"
6500054490,9.004153,59.478338,"berus"
6500065351,20.045897,49.459589,"berus"
6500111666,1.160133,51.100156,"berus"
6500179664,20.012021,49.463477,"berus"
6500194070,20.409688,49.699417,"berus"
6500240594,30.016396,51.786432,"berus"
6500312456,11.136833,60.681663,"berus"
6500340770,9.69343,47.079965,"berus"
6500435642,20.385658,48.962857,"berus"
6509489456,9.73993,63.611561,"berus"
6509548621,11.514839,58.888823,"berus"
6509601430,5.447959,60.422919,"berus"
6509614459,5.312583,59.199022,"berus"
6509625394,5.289415,60.492268,"berus"
