photo_ID,class_coverage
2569359507_1.jpg,12.50
2569359507_2.jpg,36.01
2569362714_1.jpg,14.31
2569363207_1.jpg,15.20
2569363207_2.jpg,50.28
2569363207_3.jpg,9.28
2571549220_1.jpg,8.90
2571549271_1.jpg,6.21
2576251720_1.jpg,4.71
2576350459_1.jpg,8.67
2579112537_1.jpg,21.10
2579362062_1.jpg,11.45
2596240253_1.jpg,4.85
2596246377_1.jpg,8.39
2596254733_1.jpg,9.76
2596254733_2.jpg,17.48
2596307491_1.jpg,10.56
2597747456_1.jpg,10.86
2597747456_2.jpg,2.69
2597747456_3.jpg,0.93
2597747456_4.jpg,7.45
2597790937_1.jpg,3.89
2597793060_1.jpg,0.43
2597856697_1.jpg,15.86
2597865320_1.jpg,0.98
2597865320_2.jpg,1.62
2597903968_1.jpg,2.03
2603320083_1.jpg,29.32
2603322697_1.jpg,1.15
2603406627_1.jpg,5.71
2603426293_1.jpg,0.51
2603426293_2.jpg,0.76
2603427781_1.jpg,5.76
2603427781_2.jpg,2.47
2603463619_1.jpg,11.59
2603463619_2.jpg,3.29
2603463619_3.jpg,13.24
2603477262_1.jpg,9.33
2603477262_2.jpg,2.86
2603477262_3.jpg,4.92
2603531253_1.jpg,11.81
2603531253_2.jpg,11.89
2603531253_3.jpg,6.86
2603533296_1.jpg,15.76
2603545555_1.jpg,0.66
2603545555_2.jpg,4.80
2609120307_1.jpg,7.68
2609130411_1.jpg,1.43
2609131750_1.jpg,1.65
2609135431_1.jpg,12.13
2609135431_2.jpg,17.59
2609213221_1.jpg,4.59
2609245457_1.jpg,4.03
2609309238_1.jpg,13.46
2611072925_1.jpg,2.97
2611076747_1.jpg,8.06
2611148371_1.jpg,3.14
2611148371_2.jpg,3.89
2611220011_1.jpg,3.76
2611226901_1.jpg,35.96
2619912981_1.jpg,26.55
2619916753_1.jpg,90.22
2619916753_2.jpg,48.52
2619916753_3.jpg,27.76
2619916753_4.jpg,26.70
2619916753_5.jpg,18.16
2619916753_6.jpg,23.95
2619916753_7.jpg,12.16
2619933992_1.jpg,10.88
2619958701_1.jpg,12.18
2619958701_2.jpg,5.56
2620016088_1.jpg,9.29
2620025977_1.jpg,12.80
2620025977_2.jpg,5.57
2620141784_1.jpg,41.82
2620141784_10.jpg,42.91
2620141784_2.jpg,19.42
2620141784_3.jpg,28.36
2620141784_4.jpg,16.79
2620141784_5.jpg,34.11
2620141784_6.jpg,16.60
2620141784_7.jpg,6.45
2620141784_8.jpg,41.82
2620141784_9.jpg,45.60
2620146115_1.jpg,1.33
2620156784_1.jpg,19.06
2620163875_1.jpg,7.37
2620171822_1.jpg,19.08
2620183323_1.jpg,3.99
2620192953_1.jpg,6.24
2620203491_1.jpg,18.50
2626116793_1.jpg,0.66
2626116793_2.jpg,0.70
2626116793_3.jpg,0.69
2626116793_4.jpg,1.07
2626116793_5.jpg,1.10
2626219260_1.jpg,1.81
2626252034_1.jpg,15.14
2626252034_2.jpg,6.22
2626254782_1.jpg,11.76
2626330917_1.jpg,2.94
2626355456_1.jpg,2.55
2626355456_2.jpg,0.47
2626393220_1.jpg,2.17
2626403474_1.jpg,3.85
2626419067_1.jpg,5.22
2626419713_1.jpg,21.38
2626419713_2.jpg,61.64
2626438448_1.jpg,16.07
2626452230_1.jpg,12.45
2626509349_1.jpg,2.65
2626543163_1.jpg,7.46
2626543163_2.jpg,2.15
2626543163_3.jpg,2.69
2626570952_1.jpg,17.14
2626610198_1.jpg,5.10
2626627810_1.jpg,8.45
2626631419_1.jpg,0.83
2626631419_2.jpg,3.02
2626636632_1.jpg,15.48
2626643818_1.jpg,0.90
2626643818_2.jpg,12.20
2626646361_1.jpg,3.63
2626664206_1.jpg,1.78
2626990254_1.jpg,5.95
2626990254_2.jpg,20.65
2626991966_1.jpg,12.25
2627005588_1.jpg,11.48
2627020834_1.jpg,8.17
2627028994_1.jpg,11.87
2627044740_1.jpg,27.86
2627059012_1.jpg,63.97
2627059012_2.jpg,44.43
2627066296_1.jpg,4.75
2627066296_2.jpg,5.47
2627073026_1.jpg,10.95
2627084891_1.jpg,6.22
2627131025_1.jpg,5.75
2627158113_1.jpg,5.24
2627179822_1.jpg,4.62
2627195172_1.jpg,27.16
2627195172_2.jpg,21.00
2627220795_1.jpg,14.43
2627220795_2.jpg,21.41
2627220795_3.jpg,3.56
2627221263_1.jpg,82.70
2627226384_1.jpg,2.63
2627226384_2.jpg,1.20
2627238141_1.jpg,5.55
2627238141_2.jpg,23.48
2627238141_3.jpg,5.55
2627238141_4.jpg,27.28
2627238141_5.jpg,35.25
2627258233_1.jpg,2.44
2627258233_2.jpg,13.39
2627260322_1.jpg,35.76
2627281815_1.jpg,4.72
2627295555_1.jpg,13.17
2627305066_1.jpg,78.94
2627305066_2.jpg,50.87
2627314827_1.jpg,27.17
2627314827_2.jpg,0.00
2627321068_1.jpg,19.62
2627375289_1.jpg,23.66
2627375289_2.jpg,14.60
2627380317_1.jpg,8.20
2627393091_1.jpg,5.37
2627393091_2.jpg,8.67
2627393091_3.jpg,9.14
2627397850_1.jpg,31.63
2627477229_1.jpg,5.13
2627515491_1.jpg,9.67
2627556568_1.jpg,8.95
2627564812_1.jpg,21.81
2627575142_1.jpg,5.54
2627577657_1.jpg,8.06
2627578749_1.jpg,14.86
2627595649_1.jpg,2.38
2627633633_1.jpg,3.26
2627638507_1.jpg,10.49
2627642128_1.jpg,13.72
2627651930_1.jpg,44.94
2627662369_1.jpg,14.49
2627666821_1.jpg,26.68
2627676972_1.jpg,15.05
2627681267_1.jpg,1.06
2627693578_1.jpg,6.42
2627693578_2.jpg,18.14
2627693578_3.jpg,2.28
2627699153_1.jpg,3.76
2627702926_1.jpg,71.44
2627702926_2.jpg,16.25
2627713198_1.jpg,11.81
2627724002_1.jpg,23.38
2627724002_2.jpg,9.43
2627724002_3.jpg,12.34
2627750377_1.jpg,0.59
2627771134_1.jpg,27.88
2627772774_1.jpg,10.38
2627778382_1.jpg,44.17
2627782070_1.jpg,10.42
2627782070_2.jpg,2.86
2627782070_3.jpg,12.29
2627782070_4.jpg,6.95
2627782070_5.jpg,8.52
2627783844_1.jpg,20.58
2627785912_1.jpg,11.73
2627797546_1.jpg,45.83
2631917428_1.jpg,10.61
2631917428_2.jpg,11.79
2634052011_1.jpg,1.56
2634059221_1.jpg,4.05
2634082385_1.jpg,3.66
2634095061_1.jpg,32.08
2634095061_2.jpg,24.99
2634095061_3.jpg,20.79
2634095061_4.jpg,18.51
2634095061_5.jpg,8.90
2634095061_6.jpg,2.85
2634216328_1.jpg,5.45
2634216328_2.jpg,14.96
2634217665_1.jpg,0.23
2634217665_2.jpg,0.32
2634217665_3.jpg,0.32
2634217665_4.jpg,1.10
2634217665_5.jpg,1.41
2634217665_6.jpg,2.35
2634217665_7.jpg,2.08
2634242830_1.jpg,12.36
2634242830_2.jpg,72.63
2634259630_1.jpg,2.45
2634265898_1.jpg,0.85
2634316070_1.jpg,1.14
2634329263_1.jpg,22.44
2634367109_1.jpg,9.15
2634413918_1.jpg,8.14
2634429756_1.jpg,1.74
2634437303_1.jpg,1.16
2634441211_1.jpg,4.78
2634478904_1.jpg,5.39
2634527707_1.jpg,6.85
2634527707_2.jpg,35.85
2634527707_3.jpg,9.26
2641301775_1.jpg,21.23
2641321109_1.jpg,3.54
2641333651_1.jpg,7.95
2641345139_1.jpg,2.44
2641358912_1.jpg,5.40
2641364043_1.jpg,21.23
2641546441_1.jpg,3.21
2641568389_1.jpg,3.30
2641574369_1.jpg,3.55
2802541282_1.jpg,4.24
2802598145_1.jpg,2.04
2802598145_2.jpg,3.17
2802598145_3.jpg,1.55
2802663992_1.jpg,1.29
2802663992_2.jpg,1.79
2802700534_1.jpg,6.61
2802700534_2.jpg,9.30
2802700534_3.jpg,4.37
2802700534_4.jpg,8.84
2802700534_5.jpg,3.61
2802700534_6.jpg,8.01
2802708457_1.jpg,5.50
2802713949_1.jpg,2.30
2802713949_2.jpg,2.84
2802763856_1.jpg,4.41
2802778181_1.jpg,20.24
2802791258_1.jpg,7.74
2802791258_2.jpg,2.45
2802795311_1.jpg,6.10
2802795311_2.jpg,3.72
2802795311_3.jpg,5.15
2802795311_4.jpg,0.00
2802841955_1.jpg,5.23
2802867301_1.jpg,26.66
2802947957_1.jpg,19.20
2802947957_2.jpg,16.15
2802947957_3.jpg,31.86
2802949654_1.jpg,2.02
2802976530_1.jpg,5.68
2802976530_2.jpg,5.34
2803003183_1.jpg,5.06
2803012652_1.jpg,2.18
2803012652_2.jpg,16.03
2803015283_1.jpg,4.25
2803015478_1.jpg,7.38
2803032759_1.jpg,5.09
2803056949_1.jpg,1.64
2803091007_1.jpg,6.29
2803120603_1.jpg,8.58
2803120603_2.jpg,6.66
2803144403_1.jpg,11.49
2813938996_1.jpg,2.01
2814001561_1.jpg,9.92
2814001561_2.jpg,11.13
2814013467_1.jpg,2.19
2814074390_1.jpg,8.49
2814074390_2.jpg,15.40
2814074390_3.jpg,5.74
2814115596_1.jpg,0.21
2814132028_1.jpg,9.31
2814144970_1.jpg,21.15
2814216798_1.jpg,12.09
2814259209_1.jpg,65.15
2814291716_1.jpg,15.50
2814291716_2.jpg,14.81
2814291716_3.jpg,6.66
2814302569_1.jpg,20.64
2814308412_1.jpg,5.94
2814353057_1.jpg,0.24
2814353057_2.jpg,0.17
2814353057_3.jpg,0.20
2814353057_4.jpg,0.10
2814353057_5.jpg,0.20
2814353057_6.jpg,0.01
2814359933_1.jpg,10.75
2814359933_2.jpg,4.23
2814369436_1.jpg,17.45
2814381071_1.jpg,5.99
2814381071_2.jpg,8.11
2814392887_1.jpg,0.09
2814405042_1.jpg,7.19
2814405042_2.jpg,19.45
2814436694_1.jpg,1.70
2814436694_2.jpg,1.66
2815085443_1.jpg,4.83
2815094398_1.jpg,44.34
2815113116_1.jpg,58.15
2815127131_1.jpg,9.02
2815140872_1.jpg,1.58
2815156556_1.jpg,8.35
2815165882_1.jpg,2.01
2815180524_1.jpg,6.47
2815181357_1.jpg,38.48
2815197413_1.jpg,0.35
2815197413_2.jpg,0.35
2815217476_1.jpg,1.68
2815218346_1.jpg,2.29
2815218346_2.jpg,6.93
2815218346_3.jpg,8.56
2815270451_1.jpg,5.83
2815290379_1.jpg,3.58
2815290379_2.jpg,11.45
2815330202_1.jpg,1.71
2815330408_1.jpg,2.48
2815330438_1.jpg,15.60
2815358843_1.jpg,1.47
2815358843_2.jpg,11.31
2815358843_3.jpg,3.44
2815387873_1.jpg,35.63
2815410865_1.jpg,50.96
2815410865_2.jpg,15.34
2815410865_3.jpg,44.90
2815410865_4.jpg,14.04
2815410865_5.jpg,49.50
2815543407_1.jpg,23.60
2816643446_1.jpg,4.09
2816680435_1.jpg,58.65
2818309457_1.jpg,7.15
2818309457_2.jpg,4.42
2818370366_1.jpg,9.22
2818466357_1.jpg,14.82
2818466357_2.jpg,2.29
2818466357_3.jpg,10.95
2818520141_1.jpg,5.65
2818520141_2.jpg,18.39
2818520141_3.jpg,21.24
2818520141_4.jpg,2.30
2818521215_1.jpg,1.55
2818541250_1.jpg,13.86
2818545197_1.jpg,10.72
2818545197_2.jpg,11.71
2818560154_1.jpg,1.25
2818584968_1.jpg,5.15
2818601309_1.jpg,15.85
2818667400_1.jpg,2.69
2818667400_2.jpg,3.73
2818677409_1.jpg,1.31
2818783460_1.jpg,4.37
2822841303_1.jpg,2.03
2823037416_1.jpg,4.35
2823065765_1.jpg,4.57
2823065765_2.jpg,2.84
2823099088_1.jpg,6.28
2823309419_1.jpg,4.10
2823309419_2.jpg,14.02
2823309419_3.jpg,28.79
2823312529_1.jpg,3.30
2825927448_1.jpg,2.35
2826155823_1.jpg,27.42
2826155823_2.jpg,36.50
2826155823_3.jpg,10.67
2826155823_4.jpg,16.77
2826159914_1.jpg,45.78
2826159914_2.jpg,8.47
2826159914_3.jpg,11.75
2826159914_4.jpg,23.99
2826159914_5.jpg,14.44
2826199102_1.jpg,0.83
2826250890_1.jpg,14.81
2826266497_1.jpg,1.62
2826300161_1.jpg,1.85
2826460778_1.jpg,10.49
2826474762_1.jpg,11.96
2831726328_1.jpg,6.44
2834862554_1.jpg,11.11
2835119860_1.jpg,7.02
2835196597_1.jpg,2.85
2835236859_1.jpg,2.76
2843455463_1.jpg,4.58
2843525681_1.jpg,2.41
2843974612_1.jpg,3.67
2844208408_1.jpg,2.48
2844208408_2.jpg,10.63
2844411162_1.jpg,1.56
2845350930_1.jpg,25.79
2845350930_2.jpg,37.25
2850580611_1.jpg,0.78
2850580611_2.jpg,0.45
2850709938_1.jpg,20.85
2850709938_2.jpg,23.44
2850871876_1.jpg,2.12
2850871876_2.jpg,5.34
2850871876_3.jpg,0.32
2851046793_1.jpg,4.39
2851046793_2.jpg,0.63
2851083895_1.jpg,7.06
2851083895_2.jpg,0.49
2851203932_1.jpg,0.02
2860117333_1.jpg,2.10
2860177942_1.jpg,5.23
2883060595_1.jpg,8.01
2901331522_1.jpg,19.34
2901383459_1.jpg,38.41
2901387436_1.jpg,9.40
2901397418_1.jpg,22.83
2901397418_2.jpg,17.87
2901402482_1.jpg,6.04
2963831103_1.jpg,8.64
2963923926_1.jpg,4.97
2984456083_1.jpg,17.17
2984501707_1.jpg,15.77
2985040392_1.jpg,6.56
2988643927_1.jpg,1.12
2991878453_1.jpg,21.36
2999074395_1.jpg,0.18
2999127732_1.jpg,3.05
2999127732_2.jpg,3.50
3004328338_1.jpg,6.53
3004352917_1.jpg,10.58
3004584699_1.jpg,10.67
3013982887_1.jpg,0.53
3031940084_1.jpg,7.14
3037128330_1.jpg,0.88
3037202319_1.jpg,5.88
3041823343_1.jpg,12.07
3044827309_1.jpg,3.44
3045284439_1.jpg,9.37
3050534358_1.jpg,7.00
3050534358_2.jpg,0.00
3050583301_1.jpg,0.00
3050583301_2.jpg,0.00
3050583301_3.jpg,2.40
3050602330_1.jpg,8.65
3050608434_1.jpg,0.03
3050608434_2.jpg,5.23
3050668444_1.jpg,7.63
3050668444_2.jpg,0.11
3050668444_3.jpg,3.44
3050693448_1.jpg,9.49
3057015523_1.jpg,9.53
3057044440_1.jpg,0.03
3057044440_2.jpg,15.71
3057044440_3.jpg,0.00
3057044440_4.jpg,9.37
3057044440_5.jpg,0.35
3057112392_1.jpg,16.74
3057168339_1.jpg,2.17
3057168339_2.jpg,0.74
3057186306_1.jpg,19.36
3057186306_2.jpg,11.15
3058990288_1.jpg,5.48
3059078505_1.jpg,14.43
3059078505_2.jpg,38.04
3061277420_1.jpg,52.55
3061284329_1.jpg,23.16
3061311411_1.jpg,19.93
3061311411_2.jpg,27.92
3061380335_1.jpg,29.40
3061396451_1.jpg,2.22
3061396451_2.jpg,57.15
3061607888_1.jpg,28.14
3061607888_2.jpg,35.28
3061607888_3.jpg,63.23
3061607888_4.jpg,6.94
3067250556_1.jpg,5.12
3067259515_1.jpg,29.04
3067259515_2.jpg,33.16
3067259515_3.jpg,22.91
3067320355_1.jpg,18.15
3067341576_1.jpg,1.55
3067341576_2.jpg,14.67
3067348580_1.jpg,38.60
3067348580_2.jpg,30.76
3067348580_3.jpg,52.43
3067356569_1.jpg,13.42
3067362405_1.jpg,24.69
3067376531_1.jpg,13.65
3067394484_1.jpg,13.46
3067394484_2.jpg,30.16
3067401390_1.jpg,3.76
3067407330_1.jpg,26.75
3067440482_1.jpg,11.05
3068074274_1.jpg,17.50
3068074274_2.jpg,4.14
3068082240_1.jpg,10.20
3068093240_1.jpg,20.43
3069985424_1.jpg,22.18
3069990323_1.jpg,1.89
3069990323_2.jpg,4.63
3069990323_3.jpg,2.97
3069996391_1.jpg,41.13
3069996391_2.jpg,36.33
3069999468_1.jpg,21.21
3070053491_1.jpg,14.37
3070053491_2.jpg,10.41
3070127341_1.jpg,24.48
3070134357_1.jpg,14.79
3070134357_2.jpg,12.05
3070277888_1.jpg,15.22
3070277888_2.jpg,16.62
3070277888_3.jpg,33.81
3070277888_4.jpg,16.46
3070277888_5.jpg,20.22
3070277888_6.jpg,4.41
3070377493_1.jpg,9.46
3070389129_1.jpg,4.56
3070389129_2.jpg,2.78
3070402410_1.jpg,4.10
3070402410_2.jpg,4.86
3070402410_3.jpg,6.54
3070415146_1.jpg,16.43
3070415146_2.jpg,34.13
3070548857_1.jpg,15.57
3070548857_2.jpg,22.45
3070548857_3.jpg,18.49
3070664871_1.jpg,8.96
3070673231_1.jpg,23.47
3070684711_1.jpg,26.25
3070746897_1.jpg,15.03
3070746897_2.jpg,12.41
3070750961_1.jpg,3.91
3079512232_1.jpg,0.29
3079585447_1.jpg,2.59
3079603389_1.jpg,18.52
3079632415_1.jpg,20.56
3079642448_1.jpg,17.76
3079718273_1.jpg,2.67
3079728219_1.jpg,4.14
3079755298_1.jpg,9.19
3079785014_1.jpg,2.97
3079785014_2.jpg,0.00
3079834602_1.jpg,10.33
3079858425_1.jpg,10.35
3079870436_1.jpg,8.61
3079872416_1.jpg,8.90
3079872416_2.jpg,29.84
3079878459_1.jpg,18.43
3079892396_1.jpg,15.90
3080033478_1.jpg,27.06
3080118368_1.jpg,52.21
3080118368_2.jpg,73.95
3080118368_3.jpg,32.33
3080118368_4.jpg,95.03
3080118559_1.jpg,24.43
3080163356_1.jpg,8.16
3080164597_1.jpg,76.91
3080166576_1.jpg,22.00
3080189363_1.jpg,1.85
3080197334_1.jpg,42.15
3080197334_2.jpg,57.11
3080197334_3.jpg,44.70
3080202337_1.jpg,10.09
3090549238_1.jpg,6.95
3090549290_1.jpg,22.71
3090549290_2.jpg,32.18
3090549290_3.jpg,29.71
3090549290_4.jpg,31.74
3090608177_1.jpg,23.40
3090622251_1.jpg,26.05
3090622251_2.jpg,21.28
3090622251_3.jpg,15.83
3090622251_4.jpg,14.48
3090622251_5.jpg,12.09
3090622251_6.jpg,9.77
3090622251_7.jpg,14.73
3090650792_1.jpg,31.95
3090650792_2.jpg,20.90
3090650792_3.jpg,25.39
3090650792_4.jpg,12.57
3090695549_1.jpg,8.33
3090695549_2.jpg,0.88
3090695549_3.jpg,5.35
3090695549_4.jpg,0.49
3090716796_1.jpg,28.01
3090716796_2.jpg,32.95
3090716796_3.jpg,20.97
3090716796_4.jpg,14.65
3090769876_1.jpg,6.92
3090792577_1.jpg,13.63
3090819256_1.jpg,1.36
3090959892_1.jpg,5.39
3091327649_1.jpg,6.48
3091355337_1.jpg,8.20
3091355337_2.jpg,8.70
3091355337_3.jpg,10.34
3091355337_4.jpg,9.97
3091374593_1.jpg,14.73
3091387561_1.jpg,22.39
3091404590_1.jpg,13.14
3091469312_1.jpg,6.98
3096993845_1.jpg,20.70
3096995191_1.jpg,1.74
3097023756_1.jpg,2.37
3097031055_1.jpg,5.20
3097040741_1.jpg,0.00
3097040741_2.jpg,1.17
3097040741_3.jpg,0.11
3097119566_1.jpg,0.83
3097127531_1.jpg,0.76
3097175662_1.jpg,4.21
3097188391_1.jpg,13.61
3097188391_2.jpg,0.47
3097234779_1.jpg,25.06
3097234779_2.jpg,22.15
3097234779_3.jpg,21.20
3097253217_1.jpg,4.65
3097253217_2.jpg,0.98
3097266121_1.jpg,2.28
3097290981_1.jpg,3.76
3097294235_1.jpg,5.26
3097299953_1.jpg,10.33
3097299953_2.jpg,0.46
3097300969_1.jpg,4.80
3097365672_1.jpg,3.68
3097365672_2.jpg,3.84
3097365672_3.jpg,2.84
3097391746_1.jpg,6.48
3097404461_1.jpg,3.13
3097798553_1.jpg,11.26
3097800468_1.jpg,6.84
3097800468_2.jpg,5.05
3097830529_1.jpg,30.08
3097881514_1.jpg,5.17
3097882337_1.jpg,58.17
3097905322_1.jpg,4.16
3097926580_1.jpg,6.82
3097930595_1.jpg,15.73
3097932341_1.jpg,8.85
3097932341_2.jpg,7.78
3097952343_1.jpg,5.37
3097957402_1.jpg,7.08
3109000087_1.jpg,16.52
3109004290_1.jpg,7.60
3109051911_1.jpg,1.16
3109053201_1.jpg,30.37
3109053201_2.jpg,24.90
3109053201_3.jpg,38.78
3109053201_4.jpg,2.68
3109065067_1.jpg,10.37
3109154818_1.jpg,15.76
3109154818_2.jpg,6.03
3109154818_3.jpg,0.61
3109161841_1.jpg,24.87
3109161841_2.jpg,2.99
3109161841_3.jpg,15.79
3109161841_4.jpg,6.27
3109161841_5.jpg,5.48
3109161841_6.jpg,7.79
3109194061_1.jpg,2.27
3109213608_1.jpg,0.55
3109321674_1.jpg,14.08
3109388596_1.jpg,7.78
3109400362_1.jpg,2.20
3109415524_1.jpg,2.10
3110434371_1.jpg,0.44
3110502554_1.jpg,3.09
3110507456_1.jpg,13.72
3110507456_2.jpg,12.17
3110539332_1.jpg,5.35
3110563383_1.jpg,3.80
3110565512_1.jpg,7.40
3110565512_2.jpg,8.09
3110565512_3.jpg,2.31
3110565512_4.jpg,11.14
3110565512_5.jpg,25.12
3110565512_6.jpg,34.31
3112279949_1.jpg,8.49
3112393555_1.jpg,1.67
3112411305_1.jpg,2.06
3112438460_1.jpg,5.87
3112438460_10.jpg,2.84
3112438460_11.jpg,3.97
3112438460_2.jpg,6.64
3112438460_3.jpg,6.15
3112438460_4.jpg,6.70
3112438460_5.jpg,3.03
3112438460_6.jpg,6.58
3112438460_7.jpg,5.42
3112438460_8.jpg,8.00
3112438460_9.jpg,4.87
3112448383_1.jpg,10.98
3112453814_1.jpg,0.41
3112501555_1.jpg,38.66
3112533564_1.jpg,2.60
3112542133_1.jpg,1.62
3112579891_1.jpg,59.47
3112579891_2.jpg,26.25
3112579891_3.jpg,20.15
3112584889_1.jpg,4.71
3112585902_1.jpg,16.72
3112606361_1.jpg,11.20
3112609798_1.jpg,4.11
3112609798_2.jpg,4.19
3112609798_3.jpg,16.30
3112609798_4.jpg,9.38
3112664025_1.jpg,28.16
3112664025_2.jpg,18.42
3112696986_1.jpg,5.29
3112696986_2.jpg,0.00
3112717225_1.jpg,10.92
3112717225_2.jpg,7.78
3112717225_3.jpg,0.71
3112758240_1.jpg,0.74
3112758240_2.jpg,5.90
3112845814_1.jpg,4.15
3112910849_1.jpg,9.87
3112964579_1.jpg,3.97
3112964579_2.jpg,5.23
3112964579_3.jpg,17.33
3112964579_4.jpg,15.64
3112964579_5.jpg,5.53
3113253295_1.jpg,3.41
3113283945_1.jpg,8.37
3113290111_1.jpg,0.15
3113290111_2.jpg,0.11
3113382815_1.jpg,0.60
3113382815_2.jpg,3.04
3113393361_1.jpg,5.19
3113420765_1.jpg,1.57
3113425073_1.jpg,1.76
3113479907_1.jpg,3.32
3113503679_1.jpg,8.95
3113514554_1.jpg,10.51
3113514554_2.jpg,9.58
3113531489_1.jpg,4.83
3113542393_1.jpg,4.07
3113599502_1.jpg,3.23
3113602546_1.jpg,5.96
3113624390_1.jpg,1.93
3113624390_2.jpg,2.74
3113645773_1.jpg,13.28
3113645773_2.jpg,4.57
3113645773_3.jpg,0.02
3117742063_1.jpg,22.77
3117790408_1.jpg,12.24
3118222438_1.jpg,3.56
3118242487_1.jpg,1.80
3118252230_1.jpg,0.66
3118271449_1.jpg,5.23
3118271449_2.jpg,18.43
3118274657_1.jpg,3.69
3118274657_2.jpg,0.03
3118274657_3.jpg,0.42
3118276829_1.jpg,2.86
3118276829_2.jpg,3.07
3118282260_1.jpg,0.25
3118282260_2.jpg,0.00
3118290034_1.jpg,15.04
3118310782_1.jpg,14.16
3118356638_1.jpg,0.36
3118381676_1.jpg,5.86
3118381676_2.jpg,0.88
3118381676_3.jpg,5.23
3118401624_1.jpg,1.68
3124489256_1.jpg,5.76
3124489256_2.jpg,6.11
3124504026_1.jpg,20.07
3124504026_2.jpg,0.37
3124504026_3.jpg,2.57
3124535886_1.jpg,17.04
3124538050_1.jpg,7.05
3124538050_2.jpg,0.19
3124538050_3.jpg,2.89
3124544215_1.jpg,6.84
3124544215_2.jpg,0.64
3124580458_1.jpg,0.91
3124580458_2.jpg,2.85
3124632529_1.jpg,3.35
3124646480_1.jpg,3.43
3124646480_2.jpg,14.10
3124682191_1.jpg,12.69
3124682191_2.jpg,14.31
3124699433_1.jpg,8.55
3124699433_2.jpg,0.58
3124699433_3.jpg,2.53
3124768144_1.jpg,3.49
3124831638_1.jpg,10.38
3124887608_1.jpg,13.31
3124894802_1.jpg,3.06
3124918362_1.jpg,9.80
3124918362_2.jpg,6.48
3124918362_3.jpg,4.16
3301792507_1.jpg,0.11
3301792507_2.jpg,0.59
3301796361_1.jpg,4.18
3301800306_1.jpg,26.94
3301800306_2.jpg,2.92
3301819474_1.jpg,17.09
3301865894_1.jpg,5.96
3301868226_1.jpg,17.91
3301868226_2.jpg,15.65
3301868226_3.jpg,9.65
3301868226_4.jpg,26.85
3301868226_5.jpg,51.97
3301876064_1.jpg,1.05
3301904261_1.jpg,5.26
3301915608_1.jpg,6.32
3301959100_1.jpg,5.53
3301961985_1.jpg,2.52
3302023745_1.jpg,0.00
3302093161_1.jpg,7.14
3302100877_1.jpg,7.79
3302128964_1.jpg,0.17
3302129056_1.jpg,5.26
3302146222_1.jpg,3.80
3302155523_1.jpg,6.35
3302155523_2.jpg,2.02
3302215826_1.jpg,1.81
3302263552_1.jpg,19.78
3302264925_1.jpg,0.85
3302264925_2.jpg,0.66
3302264925_3.jpg,0.11
3302264925_4.jpg,1.80
3302264925_5.jpg,7.85
3302264925_6.jpg,7.45
3302294224_1.jpg,1.85
3302335815_1.jpg,7.95
3302335815_2.jpg,1.79
3302342395_1.jpg,5.99
3302345032_1.jpg,6.05
3302345690_1.jpg,3.09
3302345690_2.jpg,6.87
3302345690_3.jpg,3.53
3302356122_1.jpg,1.29
3302356122_2.jpg,15.21
3302356122_3.jpg,7.62
3302379213_1.jpg,1.98
3302379213_2.jpg,1.07
3302416654_1.jpg,2.53
3302428267_1.jpg,1.06
3302428267_2.jpg,1.06
3302428267_3.jpg,1.43
3302453907_1.jpg,4.99
3302501937_1.jpg,4.48
3302529637_1.jpg,2.98
3302533495_1.jpg,1.60
3302535275_1.jpg,14.31
3302535275_2.jpg,30.68
3302535557_1.jpg,1.12
3302559039_1.jpg,3.22
3302559039_2.jpg,5.56
3302559039_3.jpg,8.71
3302559039_4.jpg,10.41
3302559039_5.jpg,6.52
3302559050_1.jpg,8.65
3302562646_1.jpg,33.32
3303123872_1.jpg,4.44
3303126509_1.jpg,17.35
3303180223_1.jpg,17.69
3303181039_1.jpg,19.59
3303189123_1.jpg,35.75
3303192650_1.jpg,17.63
3303205144_1.jpg,5.92
3303211290_1.jpg,6.50
3303226711_1.jpg,1.23
3303234305_1.jpg,5.74
3303237783_1.jpg,23.10
3303246349_1.jpg,11.90
3303299304_1.jpg,2.63
3303300768_1.jpg,13.62
3303300768_2.jpg,4.15
3303300784_1.jpg,9.08
3303328460_1.jpg,3.55
3303328460_2.jpg,2.94
3303336145_1.jpg,2.36
3303336253_1.jpg,9.33
3303340747_1.jpg,2.01
3303340747_2.jpg,0.74
3303387310_1.jpg,38.54
3303389217_1.jpg,13.99
3303395675_1.jpg,6.36
3303400237_1.jpg,14.28
3303423101_1.jpg,1.27
3303428578_1.jpg,3.64
3303428578_2.jpg,11.62
3303428578_3.jpg,15.92
3303428578_4.jpg,26.80
3303443637_1.jpg,5.84
3303451840_1.jpg,36.94
3303485417_1.jpg,6.45
3303488510_1.jpg,1.51
3303488510_2.jpg,41.43
3303488850_1.jpg,7.94
3303488850_2.jpg,3.38
3303490302_1.jpg,23.12
3303497849_1.jpg,18.45
3303503860_1.jpg,4.53
3303504530_1.jpg,2.32
3303504530_2.jpg,5.83
3303513431_1.jpg,5.46
3307121261_1.jpg,10.75
3307200945_1.jpg,4.93
3307285880_1.jpg,8.04
3307285880_2.jpg,4.26
3307329328_1.jpg,4.87
3307340712_1.jpg,2.63
3307341762_1.jpg,1.00
3307373766_1.jpg,6.49
3307397305_1.jpg,4.72
3307406797_1.jpg,3.53
3307411980_1.jpg,1.86
3307421946_1.jpg,21.93
3307421946_2.jpg,12.34
3307421946_3.jpg,1.64
3307549098_1.jpg,4.00
3307549098_2.jpg,0.02
3309907566_1.jpg,28.80
3309907566_2.jpg,21.30
3309951526_1.jpg,31.69
3309984520_1.jpg,8.14
3310023453_1.jpg,16.67
3310034521_1.jpg,3.89
3310049471_1.jpg,10.33
3310056421_1.jpg,15.82
3313430418_1.jpg,17.52
3313477396_1.jpg,26.24
3313477396_2.jpg,6.91
3313514542_1.jpg,6.67
3313573471_1.jpg,6.70
3313576406_1.jpg,1.16
3313590421_1.jpg,2.08
3314142790_1.jpg,3.04
3314142790_2.jpg,2.53
3314142790_3.jpg,1.46
3314147234_1.jpg,19.53
3314168798_1.jpg,8.82
3314191420_1.jpg,20.43
3314391263_1.jpg,6.89
3314432550_1.jpg,2.02
3314476660_1.jpg,0.81
3320318519_1.jpg,1.85
3320329503_1.jpg,2.48
3320362432_1.jpg,10.59
3320393370_1.jpg,56.55
3320393370_2.jpg,17.58
3320393370_3.jpg,15.49
3320421548_1.jpg,4.23
3320431517_1.jpg,4.16
3320860630_1.jpg,3.82
3320924150_1.jpg,30.30
3320935957_1.jpg,29.46
3320948866_1.jpg,8.62
3320993580_1.jpg,8.87
3321014518_1.jpg,1.81
3321047334_1.jpg,19.50
3321072974_1.jpg,1.86
3321099147_1.jpg,22.37
3321105804_1.jpg,18.24
3321115931_1.jpg,0.46
3321144239_1.jpg,2.72
3321213351_1.jpg,2.59
3321215411_1.jpg,3.54
3321227365_1.jpg,4.52
3321233557_1.jpg,1.50
3323922363_1.jpg,21.83
3323922363_2.jpg,23.97
3323925378_1.jpg,13.55
3323926508_1.jpg,13.72
3323926508_2.jpg,19.54
3323973487_1.jpg,8.09
3323976453_1.jpg,22.95
3323976453_2.jpg,26.49
3324056359_1.jpg,1.65
3324056359_2.jpg,0.28
3325520618_1.jpg,9.64
3325559828_1.jpg,0.49
3325559828_2.jpg,0.40
3325579794_1.jpg,5.24
3325594474_1.jpg,3.02
3325594474_2.jpg,0.80
3325679783_1.jpg,21.49
3325690765_1.jpg,9.23
3325703935_1.jpg,10.68
3325703935_2.jpg,10.78
3325703935_3.jpg,8.67
3325703935_4.jpg,7.29
3325703935_5.jpg,12.05
3325726473_1.jpg,2.70
3325765530_1.jpg,7.01
3325785084_1.jpg,1.16
3327108474_1.jpg,23.86
3327133414_1.jpg,5.94
3327179412_1.jpg,4.00
3327257439_1.jpg,21.48
3327281336_1.jpg,8.00
3327731276_1.jpg,0.00
3327780184_1.jpg,5.33
3327780184_2.jpg,7.95
3327780184_3.jpg,5.62
3327780184_4.jpg,0.17
3327856639_1.jpg,0.63
3327914973_1.jpg,4.06
3327960406_1.jpg,14.43
3327960406_2.jpg,14.30
3327960406_3.jpg,13.44
3327977146_1.jpg,0.74
3327999652_1.jpg,2.10
3328024469_1.jpg,17.30
3328051378_1.jpg,39.65
3328097547_1.jpg,1.35
3328116351_1.jpg,3.33
3329875366_1.jpg,3.20
3330410925_1.jpg,0.42
3330410925_2.jpg,0.20
3330422151_1.jpg,1.95
3330422151_2.jpg,0.61
3330448992_1.jpg,10.27
3330450082_1.jpg,12.33
3330462421_1.jpg,0.64
3330468706_1.jpg,6.21
3330471332_1.jpg,16.26
3330471596_1.jpg,10.09
3330511944_1.jpg,4.86
3330511944_2.jpg,2.48
3330511944_3.jpg,0.01
3330523710_1.jpg,9.46
3330523710_2.jpg,8.78
3330523710_3.jpg,5.52
3330562467_1.jpg,44.69
3330562467_2.jpg,18.20
3330562467_3.jpg,19.68
3330562467_4.jpg,69.40
3330622332_1.jpg,55.05
3330622332_2.jpg,20.97
3330649024_1.jpg,3.64
3330679685_1.jpg,25.44
3330679685_2.jpg,18.15
3330679685_3.jpg,2.71
3330679685_4.jpg,2.84
3330784681_1.jpg,4.41
3330814473_1.jpg,0.51
3330881377_1.jpg,9.75
3330881377_2.jpg,5.46
3330881377_3.jpg,5.02
3330912608_1.jpg,4.69
3332558476_1.jpg,4.91
3332588466_1.jpg,5.89
3332702311_1.jpg,34.57
3333081964_1.jpg,3.57
3333094091_1.jpg,0.70
3333118243_1.jpg,9.22
3333118243_2.jpg,2.58
3333118243_3.jpg,1.42
3333118243_4.jpg,1.12
3333130271_1.jpg,2.41
3333256011_1.jpg,9.19
3333256011_2.jpg,9.51
3333256011_3.jpg,8.25
3333256011_4.jpg,8.54
3333261977_1.jpg,15.97
3333261977_2.jpg,15.30
3333325388_1.jpg,3.14
3333416196_1.jpg,1.62
3333421705_1.jpg,15.79
3333421705_2.jpg,4.05
3333497372_1.jpg,3.22
3333516527_1.jpg,9.02
3333541497_1.jpg,18.14
3335087641_1.jpg,3.12
3335119809_1.jpg,2.48
3335128253_1.jpg,0.20
3335128253_2.jpg,0.60
3335128253_3.jpg,2.12
3335140987_1.jpg,12.37
3335170299_1.jpg,2.26
3335189890_1.jpg,3.69
3335189890_2.jpg,0.47
3335189890_3.jpg,0.83
3335310404_1.jpg,4.69
3335310404_2.jpg,4.49
3335310404_3.jpg,5.00
3335310404_4.jpg,4.37
3335310404_5.jpg,5.06
3335310404_6.jpg,4.79
3335310404_7.jpg,5.73
3335310404_8.jpg,5.24
3335316171_1.jpg,14.14
3335318986_1.jpg,1.96
3335333484_1.jpg,1.99
3335398981_1.jpg,7.35
3335398981_2.jpg,6.33
3335426857_1.jpg,6.72
3335634304_1.jpg,22.79
3335634304_2.jpg,14.32
3335678335_1.jpg,3.38
3335683408_1.jpg,21.61
3335707321_1.jpg,13.46
3335747438_1.jpg,40.85
3335749436_1.jpg,28.00
3335766469_1.jpg,0.26
3337395230_1.jpg,0.86
3337397063_1.jpg,1.75
3337488020_1.jpg,8.97
3337522490_1.jpg,4.89
3337539065_1.jpg,0.95
3337584711_1.jpg,2.24
3337607312_1.jpg,3.34
3337647770_1.jpg,11.01
3337684535_1.jpg,2.69
3337688854_1.jpg,3.60
3337704291_1.jpg,2.34
3337759779_1.jpg,1.52
3337777901_1.jpg,1.87
3337777901_2.jpg,2.59
3337777901_3.jpg,4.50
3337824867_1.jpg,3.99
3337852471_1.jpg,33.15
3337873189_1.jpg,8.27
3337914049_1.jpg,2.94
3337914049_2.jpg,5.18
3337914049_3.jpg,1.64
3337919739_1.jpg,2.08
3337919739_2.jpg,2.19
3337919739_3.jpg,2.23
3337919739_4.jpg,7.27
3337942865_1.jpg,8.88
3337955593_1.jpg,0.76
3337991182_1.jpg,4.02
3337992334_1.jpg,7.04
3337992334_2.jpg,5.44
3338002540_1.jpg,5.20
3338028660_1.jpg,21.08
3338038195_1.jpg,4.99
3338064578_1.jpg,1.25
3338073743_1.jpg,18.36
3338105729_1.jpg,3.77
3338124702_1.jpg,11.90
3338125453_1.jpg,4.27
3338125453_2.jpg,10.88
3338158365_1.jpg,3.19
3338506313_1.jpg,2.02
3338537441_1.jpg,18.74
3338546486_1.jpg,4.03
3338611368_1.jpg,17.34
3338611368_2.jpg,8.71
3342028351_1.jpg,32.42
3342115474_1.jpg,6.13
3343739876_1.jpg,6.77
3343790828_1.jpg,1.79
3343792624_1.jpg,2.54
3343862031_1.jpg,1.93
3343862031_2.jpg,2.09
3343913129_1.jpg,1.39
3343973108_1.jpg,18.52
3343981063_1.jpg,0.37
3343981063_2.jpg,0.47
3344066318_1.jpg,6.44
3344097477_1.jpg,1.16
3344978515_1.jpg,6.57
3344997526_1.jpg,18.74
3344997526_2.jpg,11.79
3345118398_1.jpg,9.91
3345130456_1.jpg,8.16
3353171425_1.jpg,32.25
3353274336_1.jpg,0.53
3353280412_1.jpg,5.33
3353326426_1.jpg,5.00
3355054014_1.jpg,26.50
3355071876_1.jpg,21.69
3355071876_2.jpg,25.08
3355071876_3.jpg,4.72
3355079273_1.jpg,19.24
3355118966_1.jpg,4.55
3355118966_2.jpg,2.89
3355179923_1.jpg,6.61
3355236961_1.jpg,0.00
3355240761_1.jpg,3.45
3355298469_1.jpg,1.25
3355337381_1.jpg,3.97
3355340578_1.jpg,4.23
3355340578_2.jpg,4.66
3355340578_3.jpg,4.58
3355395426_1.jpg,2.55
3355408690_1.jpg,12.61
3355408690_2.jpg,5.64
3355465960_1.jpg,24.20
3355470539_1.jpg,0.63
3355507942_1.jpg,13.63
3355507942_2.jpg,2.53
3355507942_3.jpg,5.45
3355555791_1.jpg,1.36
3355589136_1.jpg,15.16
3355600078_1.jpg,4.59
3355600078_2.jpg,2.84
3355600078_3.jpg,2.88
3355628836_1.jpg,5.04
3355638192_1.jpg,1.08
3355638192_2.jpg,1.32
3355652499_1.jpg,9.91
3355744404_1.jpg,0.63
3355744404_2.jpg,1.63
3355777317_1.jpg,3.47
3355793490_1.jpg,4.52
3355793490_2.jpg,5.73
3355809541_1.jpg,7.54
3357893324_1.jpg,0.02
3380695436_1.jpg,14.51
3380727358_1.jpg,18.89
3380727358_2.jpg,35.53
3380727358_3.jpg,24.77
3380727358_4.jpg,12.15
3382441306_1.jpg,14.15
3383974616_1.jpg,4.94
3383974616_2.jpg,4.66
3384007591_1.jpg,2.68
3384007591_2.jpg,1.82
3384042942_1.jpg,16.98
3384042942_2.jpg,21.66
3384042942_3.jpg,13.93
3384079434_1.jpg,6.16
3384079434_2.jpg,13.85
3384097322_1.jpg,10.23
3384124021_1.jpg,6.68
3384132345_1.jpg,6.62
3384132345_2.jpg,3.08
3384194344_1.jpg,4.59
3384194344_2.jpg,1.70
3384194344_3.jpg,1.35
3384200773_1.jpg,1.44
3384203369_1.jpg,21.60
3384203369_2.jpg,18.29
3384203369_3.jpg,1.53
3384258397_1.jpg,11.69
3384258397_2.jpg,5.79
3384259791_1.jpg,1.33
3384262583_1.jpg,6.04
3384262583_2.jpg,3.21
3384264483_1.jpg,3.17
3384330569_1.jpg,2.78
3384330569_2.jpg,5.89
3384349758_1.jpg,13.03
3384374606_1.jpg,15.74
3384380893_1.jpg,5.15
3384398435_1.jpg,34.10
3384398435_2.jpg,2.03
3384398435_3.jpg,0.59
3384451443_1.jpg,2.45
3384456372_1.jpg,3.57
3384456372_2.jpg,9.53
3384456372_3.jpg,9.51
3384462874_1.jpg,5.57
3384462874_2.jpg,15.82
3384499432_1.jpg,9.64
3384515101_1.jpg,9.09
3384524606_1.jpg,2.71
3384533481_1.jpg,12.54
3384722663_1.jpg,5.56
3384742883_1.jpg,0.94
3384749496_1.jpg,43.70
3384749496_2.jpg,2.86
3384749496_3.jpg,26.88
3384756506_1.jpg,3.78
3384761996_1.jpg,2.56
3384762242_1.jpg,4.55
3384762242_2.jpg,5.33
3384762242_3.jpg,4.84
3384762242_4.jpg,2.82
3384763625_1.jpg,2.00
3384767914_1.jpg,1.48
3384767914_2.jpg,3.70
3384781149_1.jpg,0.69
3384786431_1.jpg,3.86
3384788705_1.jpg,17.27
3384788705_2.jpg,17.10
3384788705_3.jpg,16.31
3384788705_4.jpg,2.47
3384790584_1.jpg,2.39
3384792633_1.jpg,13.47
3384802709_1.jpg,5.71
3384810632_1.jpg,26.92
3384810632_2.jpg,24.66
3384810632_3.jpg,17.64
3384810632_4.jpg,23.64
3384841296_1.jpg,3.61
3384870413_1.jpg,1.26
3384870413_2.jpg,8.42
3384913560_1.jpg,2.58
3384940558_1.jpg,12.62
3385011962_1.jpg,1.39
3385069522_1.jpg,17.56
3385069522_2.jpg,56.27
3385069522_3.jpg,23.39
3385069522_4.jpg,18.83
3385083360_1.jpg,3.06
3385090338_1.jpg,7.51
3385090468_1.jpg,7.34
3385090468_2.jpg,7.79
3385095122_1.jpg,3.09
3385100485_1.jpg,5.99
3386615425_1.jpg,30.64
3386654340_1.jpg,3.87
3386654340_2.jpg,6.86
3391302149_1.jpg,4.06
3391381752_1.jpg,4.00
3391381752_2.jpg,3.16
3391420987_1.jpg,1.00
3391654762_1.jpg,2.23
3391654762_2.jpg,2.55
3391669761_1.jpg,1.80
3391669761_2.jpg,0.64
3391675733_1.jpg,4.30
3391697782_1.jpg,1.22
3391697782_2.jpg,2.92
3392981327_1.jpg,9.35
3393070331_1.jpg,12.05
3398757069_1.jpg,14.09
3398820448_1.jpg,3.27
3398827389_1.jpg,20.24
3398846843_1.jpg,9.52
3398846843_2.jpg,2.96
3398927422_1.jpg,0.56
3398941333_1.jpg,0.44
3398968421_1.jpg,15.44
3398991903_1.jpg,4.18
3398991903_2.jpg,5.66
3399014304_1.jpg,4.39
3399074171_1.jpg,0.50
3399074566_1.jpg,0.82
3399079243_1.jpg,5.84
3399283486_1.jpg,2.41
3399283486_2.jpg,2.43
3399364697_1.jpg,2.59
3399364697_2.jpg,3.35
3399391486_1.jpg,2.58
3399425474_1.jpg,5.31
3399425474_2.jpg,10.45
3399432394_1.jpg,2.99
3399432394_2.jpg,1.55
3400429395_1.jpg,6.44
3407896056_1.jpg,10.49
3407896056_2.jpg,5.25
3407926381_1.jpg,7.21
3407926381_2.jpg,3.23
3407926381_3.jpg,4.75
3407926381_4.jpg,4.29
3407926381_5.jpg,2.99
3408012482_1.jpg,1.90
3408476313_1.jpg,7.78
3408483345_1.jpg,41.70
3408483345_2.jpg,9.41
3408517402_1.jpg,31.25
3408521379_1.jpg,18.61
3408523452_1.jpg,40.23
3408591403_1.jpg,34.79
3408591403_2.jpg,25.77
3408611313_1.jpg,3.56
3408644386_1.jpg,33.37
3408654308_1.jpg,17.52
3408654308_2.jpg,11.15
3412098371_1.jpg,0.05
3415466275_1.jpg,3.56
3415685449_1.jpg,2.71
3415685449_2.jpg,2.33
3415777288_1.jpg,2.23
3415861225_1.jpg,2.24
3415917435_1.jpg,12.35
3415917435_2.jpg,12.41
3415917435_3.jpg,17.34
3415917435_4.jpg,21.51
3416015235_1.jpg,12.14
3416015235_2.jpg,5.25
3416074493_1.jpg,11.45
3416162208_1.jpg,10.56
3416175942_1.jpg,0.14
3416175942_2.jpg,4.61
3416175942_3.jpg,7.57
3417233367_1.jpg,1.54
3418863445_1.jpg,3.07
3424308421_1.jpg,12.99
3424414403_1.jpg,11.56
3424415385_1.jpg,17.95
3440304345_1.jpg,4.02
3451465478_1.jpg,7.66
3455994339_1.jpg,1.91
3456160415_1.jpg,13.94
3456160415_2.jpg,9.81
3456160415_3.jpg,9.50
3456160415_4.jpg,5.53
3456160415_5.jpg,10.20
3456160415_6.jpg,5.59
3456160415_7.jpg,3.68
3456160415_8.jpg,4.22
3456207460_1.jpg,6.36
3456594284_1.jpg,0.96
3456720307_1.jpg,1.54
3456867385_1.jpg,2.29
3457138652_1.jpg,7.50
3465380409_1.jpg,24.28
3465905891_1.jpg,6.29
3465911190_1.jpg,20.76
3465911190_2.jpg,10.91
3465946075_1.jpg,2.72
3465946075_2.jpg,3.62
3465986018_1.jpg,6.82
3466015236_1.jpg,8.38
3466015236_2.jpg,1.63
3466131626_1.jpg,10.94
3466138014_1.jpg,18.60
3466154686_1.jpg,69.12
3466176653_1.jpg,17.27
3466188970_1.jpg,10.09
3466190223_1.jpg,4.54
3466254938_1.jpg,32.33
3466272175_1.jpg,17.44
3466282745_1.jpg,11.87
3466442663_1.jpg,7.62
3466486665_1.jpg,13.06
3466486665_2.jpg,13.38
3468775655_1.jpg,6.36
3468775655_2.jpg,13.94
3500351399_1.jpg,9.79
3500372358_1.jpg,23.54
3500373434_1.jpg,10.22
3500460364_1.jpg,16.34
3500462439_1.jpg,5.83
3500513405_1.jpg,3.30
3500529424_1.jpg,23.44
3500529424_2.jpg,18.12
3696917438_1.jpg,35.58
3696917438_2.jpg,12.30
3696946447_1.jpg,14.67
3696970420_1.jpg,18.80
3698388516_1.jpg,1.04
3698388516_2.jpg,1.52
3704202305_1.jpg,10.68
3705765030_1.jpg,3.42
3711727381_1.jpg,10.95
3711801436_1.jpg,15.01
3711847317_1.jpg,4.34
3711896351_1.jpg,7.94
3712443590_1.jpg,13.10
3712465952_1.jpg,1.18
3712475584_1.jpg,14.31
3712684276_1.jpg,0.07
3712706949_1.jpg,1.91
3712736546_1.jpg,1.99
3712736546_2.jpg,7.89
3712736546_3.jpg,16.37
3712744545_1.jpg,28.39
3716361801_1.jpg,2.92
3716361801_2.jpg,2.04
3716454920_1.jpg,7.84
3716454920_2.jpg,21.42
3716495152_1.jpg,6.19
3716495152_2.jpg,2.40
3716547873_1.jpg,8.43
3716688157_1.jpg,10.42
3716951852_1.jpg,1.30
3717045817_1.jpg,4.63
3717119873_1.jpg,1.45
3719842476_1.jpg,4.54
3719966062_1.jpg,9.07
3720715529_1.jpg,15.24
3720715529_2.jpg,6.75
3720873970_1.jpg,0.00
3720873970_2.jpg,0.25
3721082867_1.jpg,6.83
3721126787_1.jpg,6.70
3721447462_1.jpg,10.12
3721478718_1.jpg,7.58
3721478718_2.jpg,6.28
3721688659_1.jpg,2.63
3721690990_1.jpg,16.61
3721690990_2.jpg,22.63
3721777940_1.jpg,2.00
3721777940_2.jpg,10.16
3721777940_3.jpg,6.40
3721806016_1.jpg,12.97
3721866671_1.jpg,5.35
3721873963_1.jpg,4.20
3721873963_2.jpg,12.44
3721873963_3.jpg,14.79
3721910228_1.jpg,10.33
3721976314_1.jpg,14.00
3722044834_1.jpg,7.10
3722143981_1.jpg,34.36
3722143981_2.jpg,23.73
3722143981_3.jpg,12.49
3722244087_1.jpg,3.88
3722247803_1.jpg,2.86
3722288374_1.jpg,0.32
3722401893_1.jpg,29.96
3722450098_1.jpg,52.66
3722483388_1.jpg,22.20
3722729561_1.jpg,18.71
3722888487_1.jpg,0.70
3722917330_1.jpg,0.00
3722945766_1.jpg,7.00
3722945766_2.jpg,13.54
3723298848_1.jpg,9.00
3723341124_1.jpg,17.51
3723521829_1.jpg,6.94
3726307877_1.jpg,8.69
3726549922_1.jpg,6.29
3726549922_2.jpg,5.59
3726557992_1.jpg,4.34
3726631539_1.jpg,1.79
3726960957_1.jpg,19.03
3726960957_2.jpg,13.54
3728679304_1.jpg,2.37
3728944441_1.jpg,8.82
3728944441_2.jpg,37.15
3729305774_1.jpg,2.12
3729359648_1.jpg,2.88
3729359648_2.jpg,2.26
3729451237_1.jpg,9.58
3729690347_1.jpg,6.60
3729831568_1.jpg,41.44
3730109642_1.jpg,3.20
3730276664_1.jpg,13.06
3730322774_1.jpg,7.80
3730416947_1.jpg,6.27
3730503247_1.jpg,25.39
3730640891_1.jpg,10.03
3730685203_1.jpg,3.01
3730837933_1.jpg,15.89
3730837933_2.jpg,3.23
3730837933_3.jpg,15.03
3731026785_1.jpg,17.62
3731288724_1.jpg,3.72
3731398969_1.jpg,2.79
3731458571_1.jpg,1.86
3731508546_1.jpg,9.96
3731834355_1.jpg,4.82
3732300578_1.jpg,21.47
3732421832_1.jpg,2.88
3732701096_1.jpg,3.80
3732710286_1.jpg,2.09
3732720817_1.jpg,4.37
3732912923_1.jpg,5.94
3732945521_1.jpg,49.14
3733073359_1.jpg,54.71
3735779425_1.jpg,8.15
3735939347_1.jpg,17.27
3743087513_1.jpg,2.72
3743114765_1.jpg,0.46
3743284906_1.jpg,36.50
3746074321_1.jpg,0.00
3746074321_2.jpg,3.46
3746078322_1.jpg,0.03
3746078322_2.jpg,8.88
3746078322_3.jpg,45.76
3746088341_1.jpg,36.46
3746088341_2.jpg,0.13
3746088341_3.jpg,17.42
3746126448_1.jpg,0.00
3746126448_2.jpg,6.05
3746126448_3.jpg,0.00
3746126448_4.jpg,1.46
3746126448_5.jpg,0.00
3746126448_6.jpg,0.19
3746144425_1.jpg,59.06
3746144425_2.jpg,23.94
3746144425_3.jpg,74.47
3746144425_4.jpg,0.00
3746144425_5.jpg,17.25
3746144425_6.jpg,0.00
3746144425_7.jpg,0.00
3746144425_8.jpg,0.00
3746157519_1.jpg,30.83
3746157519_2.jpg,7.69
3746157519_3.jpg,6.74
3746205307_1.jpg,0.08
3746205307_2.jpg,2.14
3746205307_3.jpg,1.81
3746205307_4.jpg,0.50
3746961006_1.jpg,11.75
3746992820_1.jpg,23.86
3747020084_1.jpg,3.82
3747020084_2.jpg,2.74
3747020084_3.jpg,2.88
3747037217_1.jpg,15.78
3747052846_1.jpg,4.98
3747185906_1.jpg,13.48
3747204358_1.jpg,4.50
3747221680_1.jpg,3.71
3747312821_1.jpg,1.99
3747319263_1.jpg,3.51
3747339359_1.jpg,6.13
3747339359_2.jpg,3.22
3747339359_3.jpg,3.02
3747340733_1.jpg,21.05
3747389588_1.jpg,8.03
3750195342_1.jpg,6.14
3750195342_10.jpg,0.00
3750195342_2.jpg,1.87
3750195342_3.jpg,0.00
3750195342_4.jpg,0.00
3750195342_5.jpg,7.83
3750195342_6.jpg,0.39
3750195342_7.jpg,3.74
3750195342_8.jpg,2.25
3750195342_9.jpg,2.99
3750272351_1.jpg,85.01
3750272351_2.jpg,46.08
3750272351_3.jpg,52.12
3753115605_1.jpg,8.91
3753119516_1.jpg,12.61
3753168500_1.jpg,2.29
3757260548_1.jpg,2.56
3757320572_1.jpg,16.24
3757390418_1.jpg,11.04
3757412531_1.jpg,8.92
3757417573_1.jpg,24.31
3757478539_1.jpg,10.12
3757479534_1.jpg,3.86
3757479534_2.jpg,5.99
3757513470_1.jpg,10.76
3757525586_1.jpg,9.46
3757529493_1.jpg,13.88
3757536349_1.jpg,0.32
3759093167_1.jpg,8.63
3759107049_1.jpg,25.66
3759107049_2.jpg,20.95
3759107049_3.jpg,34.55
3759221079_1.jpg,5.73
3759221079_2.jpg,0.00
3759281420_1.jpg,7.06
3759282232_1.jpg,0.56
3759298184_1.jpg,0.45
3759373424_1.jpg,15.98
3759373424_2.jpg,17.49
3759373424_3.jpg,10.02
3759373424_4.jpg,14.63
3759373424_5.jpg,51.96
3759437170_1.jpg,0.12
3759438442_1.jpg,2.56
3759527921_1.jpg,7.04
3759558351_1.jpg,1.52
3759614314_1.jpg,9.87
3759669488_1.jpg,11.16
3759699011_1.jpg,1.83
3759727510_1.jpg,20.93
3759729369_1.jpg,4.04
3759729369_2.jpg,0.34
3759739400_1.jpg,34.75
3759786048_1.jpg,6.89
3759786272_1.jpg,0.07
3759798568_1.jpg,4.36
3760067479_1.jpg,3.89
3760085654_1.jpg,1.92
3760112433_1.jpg,5.33
3760132089_1.jpg,6.79
3760132730_1.jpg,2.28
3760133391_1.jpg,9.41
3760149280_1.jpg,2.43
3760149280_2.jpg,3.27
3760168041_1.jpg,1.01
3760172779_1.jpg,15.12
3760230307_1.jpg,5.89
3760230405_1.jpg,5.63
3760251644_1.jpg,8.95
3760257030_1.jpg,1.62
3760309187_1.jpg,0.91
3760323055_1.jpg,1.77
3760331189_1.jpg,2.56
3760331189_2.jpg,1.36
3760331189_3.jpg,7.91
3760331189_4.jpg,5.83
3760331501_1.jpg,8.58
3760348662_1.jpg,6.77
3760348662_2.jpg,5.97
3760348662_3.jpg,6.41
3760348662_4.jpg,9.00
3760348662_5.jpg,15.36
3760348662_6.jpg,5.05
3760355021_1.jpg,1.45
3760371723_1.jpg,5.09
3760371724_1.jpg,10.53
3760371724_10.jpg,18.49
3760371724_11.jpg,10.06
3760371724_12.jpg,9.39
3760371724_2.jpg,8.30
3760371724_3.jpg,10.84
3760371724_4.jpg,17.59
3760371724_5.jpg,19.74
3760371724_6.jpg,21.11
3760371724_7.jpg,29.04
3760371724_8.jpg,15.92
3760371724_9.jpg,15.92
3760397476_1.jpg,1.38
3760410433_1.jpg,7.46
3760634545_1.jpg,16.69
3760679426_1.jpg,12.76
3760696422_1.jpg,16.91
3760696422_2.jpg,33.36
3760696422_3.jpg,37.12
3760715391_1.jpg,1.46
3760811428_1.jpg,27.90
3760838575_1.jpg,2.31
3764104498_1.jpg,3.04
3764104498_10.jpg,1.40
3764104498_11.jpg,1.47
3764104498_12.jpg,3.53
3764104498_2.jpg,11.98
3764104498_3.jpg,8.44
3764104498_4.jpg,6.68
3764104498_5.jpg,2.42
3764104498_6.jpg,2.83
3764104498_7.jpg,5.08
3764104498_8.jpg,8.05
3764104498_9.jpg,5.93
3764111175_1.jpg,24.38
3764111175_2.jpg,3.40
3764132504_1.jpg,2.41
3764148975_1.jpg,3.10
3764154140_1.jpg,0.92
3764177740_1.jpg,0.47
3764177740_2.jpg,1.19
3764179291_1.jpg,18.19
3764179291_2.jpg,17.63
3764194898_1.jpg,22.73
3764194898_2.jpg,5.95
3764198919_1.jpg,6.23
3764215811_1.jpg,2.14
3764215811_2.jpg,4.54
3764230163_1.jpg,5.71
3764242620_1.jpg,1.21
3764247627_1.jpg,18.53
3764370841_1.jpg,0.55
3764414488_1.jpg,12.22
3764452057_1.jpg,4.60
3764487803_1.jpg,1.96
3764487803_2.jpg,2.27
3764489394_1.jpg,3.67
3764490189_1.jpg,1.72
3764490189_2.jpg,2.51
3764507644_1.jpg,3.59
3764529058_1.jpg,10.91
3764562995_1.jpg,24.81
3764644326_1.jpg,3.98
3764811447_1.jpg,3.04
3764882315_1.jpg,1.46
3764906367_1.jpg,1.25
3764923396_1.jpg,3.90
3764940542_1.jpg,17.04
3764952485_1.jpg,7.31
3764976507_1.jpg,2.69
3765004449_1.jpg,2.09
3770509357_1.jpg,22.82
3770597497_1.jpg,25.56
3770612355_1.jpg,15.89
3770675399_1.jpg,23.17
3770675502_1.jpg,11.16
3770698583_1.jpg,7.32
3772410187_1.jpg,19.86
3772413090_1.jpg,19.99
3772433743_1.jpg,8.01
3772438945_1.jpg,31.94
3772549284_1.jpg,3.31
3772549284_2.jpg,9.98
3772549284_3.jpg,11.32
3772549284_4.jpg,3.23
3772561432_1.jpg,2.80
3772561432_2.jpg,1.33
3772561432_3.jpg,1.89
3772561432_4.jpg,2.02
3772561432_5.jpg,2.64
3772575153_1.jpg,14.52
3772575153_2.jpg,12.75
3772575153_3.jpg,14.10
3772605354_1.jpg,2.53
3772633144_1.jpg,10.23
3772657131_1.jpg,34.23
3772666213_1.jpg,17.16
3772666213_2.jpg,17.20
3772686173_1.jpg,2.54
3772691503_1.jpg,1.42
3772694889_1.jpg,36.47
3772696172_1.jpg,1.73
3772706074_1.jpg,6.20
3772851180_1.jpg,2.91
3772851180_2.jpg,4.63
3772864157_1.jpg,6.45
3772864157_2.jpg,2.77
3772914805_1.jpg,4.68
3772916664_1.jpg,2.27
3772949111_1.jpg,10.49
3772949111_2.jpg,6.31
3772958631_1.jpg,5.09
3772966028_1.jpg,14.70
3773001643_1.jpg,4.12
3773002929_1.jpg,29.79
3773002929_2.jpg,17.26
3773002929_3.jpg,28.11
3773002929_4.jpg,30.04
3773053124_1.jpg,0.78
3773053124_2.jpg,2.98
3773053124_3.jpg,2.76
3773053124_4.jpg,2.56
3773124061_1.jpg,10.21
3773132270_1.jpg,19.42
3773134732_1.jpg,24.26
3773176677_1.jpg,4.52
3773192479_1.jpg,8.39
3773196822_1.jpg,9.67
3773223289_1.jpg,3.54
3773223289_2.jpg,9.89
3773223289_3.jpg,8.72
3773264812_1.jpg,15.53
3773300304_1.jpg,26.96
3773300304_10.jpg,9.35
3773300304_11.jpg,11.71
3773300304_2.jpg,14.28
3773300304_3.jpg,14.96
3773300304_4.jpg,12.36
3773300304_5.jpg,12.05
3773300304_6.jpg,13.52
3773300304_7.jpg,15.71
3773300304_8.jpg,17.32
3773300304_9.jpg,31.77
3773333622_1.jpg,14.39
3773350883_1.jpg,24.75
3773350885_1.jpg,13.48
3773350885_2.jpg,21.51
3773351993_1.jpg,4.51
3773408651_1.jpg,38.96
3773433881_1.jpg,6.94
3773433881_2.jpg,8.91
3773433881_3.jpg,9.00
3773515144_1.jpg,6.12
3773536259_1.jpg,1.31
3773570433_1.jpg,0.87
3773570433_2.jpg,0.83
3773581497_1.jpg,16.55
3773581497_2.jpg,3.54
3773601837_1.jpg,1.52
3773664126_1.jpg,29.87
3773673294_1.jpg,5.29
3773673294_2.jpg,6.83
3773685581_1.jpg,4.31
3773694218_1.jpg,0.84
3773694218_2.jpg,0.30
3773785912_1.jpg,25.87
3773785912_2.jpg,12.69
3773785912_3.jpg,32.32
3773785912_4.jpg,24.08
3780550306_1.jpg,65.14
3780550306_2.jpg,33.61
3780550306_3.jpg,23.17
3780570397_1.jpg,5.83
3780581527_1.jpg,24.42
3780639584_1.jpg,15.66
3780643530_1.jpg,0.33
3780683426_1.jpg,12.90
3780686606_1.jpg,24.05
3780689367_1.jpg,20.73
3780695578_1.jpg,23.31
3780709325_1.jpg,18.39
3780739385_1.jpg,7.59
3784645530_1.jpg,1.70
3784656736_1.jpg,11.99
3784692700_1.jpg,0.28
3784712711_1.jpg,8.47
3784712711_2.jpg,9.06
3784737388_1.jpg,0.35
3784737388_2.jpg,16.79
3784737388_3.jpg,1.33
3784748581_1.jpg,3.18
3784763232_1.jpg,7.41
3784771101_1.jpg,24.71
3784772141_1.jpg,11.11
3784772141_2.jpg,1.08
3784772141_3.jpg,2.41
3784772141_4.jpg,6.19
3784776259_1.jpg,2.55
3784776694_1.jpg,2.18
3784776694_2.jpg,1.92
3784780579_1.jpg,4.59
3784780579_2.jpg,17.07
3784780579_3.jpg,5.53
3784781755_1.jpg,3.32
3784791998_1.jpg,12.73
3784791998_2.jpg,6.89
3784795982_1.jpg,6.96
3784805275_1.jpg,2.14
3784805275_2.jpg,2.05
3784861579_1.jpg,6.54
3784906850_1.jpg,1.72
3784920062_1.jpg,5.40
3784920062_2.jpg,1.33
3784949815_1.jpg,23.79
3785019145_1.jpg,4.75
3785019145_2.jpg,6.45
3785019145_3.jpg,5.58
3785019145_4.jpg,7.64
3785019145_5.jpg,6.42
3785019145_6.jpg,7.11
3785041753_1.jpg,5.30
3785086832_1.jpg,6.17
3785113728_1.jpg,1.99
3785129395_1.jpg,1.21
3785159893_1.jpg,30.07
3785160378_1.jpg,6.22
3798177590_1.jpg,7.41
3798177590_2.jpg,4.11
3798221511_1.jpg,9.30
3798247381_1.jpg,30.11
3798282427_1.jpg,1.58
3798299557_1.jpg,4.12
3798351541_1.jpg,4.51
3802278868_1.jpg,13.28
3802280756_1.jpg,24.13
3802280756_2.jpg,13.33
3802313246_1.jpg,13.18
3802320544_1.jpg,4.39
3802413046_1.jpg,4.86
3802416135_1.jpg,23.63
3802421246_1.jpg,7.99
3802438703_1.jpg,0.65
3802438703_2.jpg,0.94
3802438703_3.jpg,0.97
3802438703_4.jpg,0.25
3802464428_1.jpg,18.36
3802464428_2.jpg,12.17
3802464428_3.jpg,16.27
3802464428_4.jpg,16.96
3802464428_5.jpg,7.28
3802472321_1.jpg,4.00
3802472321_2.jpg,0.49
3802472321_3.jpg,0.23
3802472624_1.jpg,28.75
3802472624_2.jpg,41.66
3802472624_3.jpg,26.20
3802476043_1.jpg,1.81
3802476043_2.jpg,3.91
3802476043_3.jpg,4.40
3802476043_4.jpg,7.26
3802479540_1.jpg,14.27
3802490348_1.jpg,9.43
3802514462_1.jpg,9.35
3802514462_2.jpg,15.07
3802515950_1.jpg,11.59
3802515950_2.jpg,1.08
3802516781_1.jpg,25.85
3802516781_2.jpg,14.36
3802516781_3.jpg,11.98
3802516781_4.jpg,14.82
3802518212_1.jpg,22.60
3802524517_1.jpg,30.89
3802524517_2.jpg,27.58
3802524517_3.jpg,20.70
3802557449_1.jpg,1.31
3802575918_1.jpg,2.45
3802579836_1.jpg,0.41
3802583522_1.jpg,5.04
3802583564_1.jpg,30.55
3802583564_2.jpg,28.04
3802585087_1.jpg,16.04
3802595114_1.jpg,2.83
3802653055_1.jpg,1.73
3802658997_1.jpg,6.04
3802658997_2.jpg,6.91
3802663590_1.jpg,1.32
3802669814_1.jpg,1.64
3802676835_1.jpg,7.96
3802719832_1.jpg,2.39
3802725146_1.jpg,2.91
3802747524_1.jpg,9.48
3802825779_1.jpg,11.68
3802825779_2.jpg,23.66
3802825779_3.jpg,15.07
3803789516_1.jpg,0.29
3803827369_1.jpg,6.19
3803833426_1.jpg,4.01
3803837627_1.jpg,4.82
3803981535_1.jpg,3.19
3803995481_1.jpg,0.41
3807687354_1.jpg,14.72
3807774373_1.jpg,5.36
3807775515_1.jpg,3.38
3807797456_1.jpg,48.49
3807807448_1.jpg,3.38
3807817315_1.jpg,6.99
3807849344_1.jpg,9.64
3807849344_2.jpg,2.12
3807873317_1.jpg,0.91
3816498375_1.jpg,14.98
3816576355_1.jpg,6.05
3816601444_1.jpg,1.45
3816601444_2.jpg,0.24
3816628399_1.jpg,3.18
3819907438_1.jpg,11.78
3819958421_1.jpg,6.36
3819968399_1.jpg,13.55
3819968399_2.jpg,13.07
3819995482_1.jpg,7.96
3822692266_1.jpg,3.43
3822835066_1.jpg,29.28
3822929321_1.jpg,4.28
3823128021_1.jpg,2.95
3823139145_1.jpg,49.16
3823690880_1.jpg,9.11
3823872304_1.jpg,3.66
3823872304_2.jpg,4.49
3823872304_3.jpg,3.60
3824520756_1.jpg,3.88
3824698265_1.jpg,3.75
3825617565_1.jpg,17.72
3825848163_1.jpg,8.17
3825848163_2.jpg,12.90
3825932357_1.jpg,16.72
3826126265_1.jpg,12.02
3826335293_1.jpg,3.66
3826335293_2.jpg,4.49
3826335293_3.jpg,3.60
3826607164_1.jpg,14.02
3826625360_1.jpg,16.06
3826931850_1.jpg,18.66
3826951983_1.jpg,5.60
3827008924_1.jpg,2.49
3827075185_1.jpg,42.92
3827198716_1.jpg,1.46
3844615377_1.jpg,0.72
3844619426_1.jpg,5.23
3844625341_1.jpg,31.48
3844626440_1.jpg,6.80
3844695547_1.jpg,21.06
3844728516_1.jpg,4.35
3845934607_1.jpg,8.10
3845979586_1.jpg,29.24
3846104360_1.jpg,4.15
3858350095_1.jpg,6.34
3858354324_1.jpg,7.52
3858354324_2.jpg,10.25
3858354324_3.jpg,19.05
3858354324_4.jpg,5.87
3858354324_5.jpg,9.10
3858354324_6.jpg,5.59
3858354324_7.jpg,9.07
3858359550_1.jpg,4.66
3858359550_2.jpg,6.77
3858418567_1.jpg,16.94
3858418567_2.jpg,14.59
3858418567_3.jpg,19.40
3858431139_1.jpg,3.11
3858440825_1.jpg,3.33
3858440825_2.jpg,0.65
3858440825_3.jpg,9.31
3858471952_1.jpg,6.37
3858472861_1.jpg,2.73
3858475205_1.jpg,3.09
3858512837_1.jpg,2.18
3858627278_1.jpg,4.28
3858627278_2.jpg,3.53
3858644833_1.jpg,2.13
3858645574_1.jpg,13.54
3858645574_2.jpg,27.61
3858645574_3.jpg,8.92
3858664070_1.jpg,15.02
3858679558_1.jpg,8.42
3858721965_1.jpg,5.19
3858735608_1.jpg,25.22
3858778764_1.jpg,2.31
3858812114_1.jpg,5.26
3858845157_1.jpg,3.93
3858845157_2.jpg,1.94
3858845157_3.jpg,0.88
3858857800_1.jpg,0.85
3858873970_1.jpg,12.80
3858897324_1.jpg,0.92
3858897324_2.jpg,1.04
3858897324_3.jpg,0.53
3858897324_4.jpg,0.40
3858897324_5.jpg,0.43
3858903285_1.jpg,2.87
3858933460_1.jpg,2.40
3858945355_1.jpg,5.97
3858947009_1.jpg,6.16
3858947515_1.jpg,1.19
3858947515_2.jpg,0.68
3859023446_1.jpg,24.09
3859032119_1.jpg,20.95
3859079383_1.jpg,12.58
3859097223_1.jpg,8.32
3859143347_1.jpg,7.45
3859177524_1.jpg,0.05
3859193406_1.jpg,10.04
3859262949_1.jpg,3.95
3859302487_1.jpg,16.65
3859339999_1.jpg,5.34
3859339999_2.jpg,4.85
3859339999_3.jpg,13.17
3859390506_1.jpg,7.81
3859390506_2.jpg,8.85
3859390506_3.jpg,23.75
3859392106_1.jpg,11.07
3859415578_1.jpg,1.36
3859415578_2.jpg,2.88
3859425224_1.jpg,1.79
3859434957_1.jpg,8.96
3859434957_2.jpg,9.41
3859434957_3.jpg,10.12
3859449722_1.jpg,12.77
3859449722_2.jpg,1.07
3859449722_3.jpg,3.27
3859467395_1.jpg,3.70
3859475091_1.jpg,6.80
3859489831_1.jpg,2.18
3859495932_1.jpg,36.50
3859499812_1.jpg,15.62
3859584046_1.jpg,3.75
3859601762_1.jpg,8.53
3859638524_1.jpg,7.16
3859640400_1.jpg,3.19
3859640400_2.jpg,2.34
3859647267_1.jpg,7.88
3859648509_1.jpg,3.77
3859659593_1.jpg,5.12
3859666341_1.jpg,9.81
3859676133_1.jpg,3.77
3859682787_1.jpg,4.87
3859703626_1.jpg,6.15
3859703626_2.jpg,0.94
3859703626_3.jpg,5.03
3859716926_1.jpg,0.97
3859791359_1.jpg,28.07
3859810287_1.jpg,13.68
3859814255_1.jpg,8.22
3859825354_1.jpg,10.56
3859827291_1.jpg,3.62
3859827291_2.jpg,3.76
3859827291_3.jpg,1.97
3859851921_1.jpg,8.31
3859851921_2.jpg,10.83
3859851921_3.jpg,0.54
3859852341_1.jpg,1.80
3859893509_1.jpg,3.34
3859901787_1.jpg,3.65
3859901787_2.jpg,1.35
3859901787_3.jpg,1.62
3859951889_1.jpg,2.62
3859956463_1.jpg,22.32
3859973816_1.jpg,0.83
3859982338_1.jpg,19.27
3860001569_1.jpg,6.46
3860015093_1.jpg,3.16
3860049553_1.jpg,4.94
3860062731_1.jpg,24.87
3860072095_1.jpg,2.86
3860087252_1.jpg,19.12
3860106099_1.jpg,0.79
3860109411_1.jpg,4.38
3860120647_1.jpg,11.17
3860150806_1.jpg,4.99
3860208801_1.jpg,0.05
3860208801_2.jpg,0.93
3860208801_3.jpg,2.82
3860208801_4.jpg,2.29
3860208801_5.jpg,1.50
3860208801_6.jpg,3.82
3860208801_7.jpg,0.90
3860208801_8.jpg,1.05
3860234890_1.jpg,11.07
3860240150_1.jpg,10.18
3860254618_1.jpg,5.36
3860274810_1.jpg,13.46
3860274810_2.jpg,12.46
3860289276_1.jpg,7.98
3860298112_1.jpg,8.21
3860340596_1.jpg,13.64
3860340596_2.jpg,4.24
3860341658_1.jpg,2.96
3860406701_1.jpg,2.94
3860406701_2.jpg,4.65
3860468140_1.jpg,1.76
3860484812_1.jpg,0.46
3860524254_1.jpg,2.05
3860527528_1.jpg,13.03
3860527528_2.jpg,1.75
3860531786_1.jpg,5.16
3860579151_1.jpg,6.18
3860614216_1.jpg,2.46
3860629399_1.jpg,1.94
3860635038_1.jpg,4.11
3860645061_1.jpg,4.42
3860645061_2.jpg,6.37
3860651407_1.jpg,8.38
3860651407_2.jpg,6.90
3860695263_1.jpg,13.26
3860806567_1.jpg,10.76
3860806583_1.jpg,0.51
3860806583_2.jpg,0.46
3860812281_1.jpg,1.20
3860812281_2.jpg,3.96
3860812281_3.jpg,4.58
3860817815_1.jpg,7.67
3860817815_2.jpg,8.32
3860817815_3.jpg,2.22
3860828070_1.jpg,7.82
3862027478_1.jpg,8.55
3862066305_1.jpg,32.16
3862201448_1.jpg,30.38
3864155545_1.jpg,4.67
3864231406_1.jpg,6.75
3864231406_2.jpg,2.74
3866432457_1.jpg,0.49
3866494417_1.jpg,26.51
3866494417_2.jpg,5.33
3872893005_1.jpg,8.01
3872893005_2.jpg,8.26
3872893005_3.jpg,35.54
3872893005_4.jpg,14.50
3872893005_5.jpg,32.92
3872893005_6.jpg,36.11
3872914043_1.jpg,5.90
3872925025_1.jpg,5.27
3872930119_1.jpg,6.75
3872930119_2.jpg,6.56
3872930119_3.jpg,14.20
3872930119_4.jpg,14.23
3872930119_5.jpg,5.93
3872930119_6.jpg,9.75
3872930119_7.jpg,4.50
3872965086_1.jpg,2.22
3872965086_2.jpg,2.33
3872996975_1.jpg,13.89
3873006829_1.jpg,0.84
3873094049_1.jpg,13.45
3873108421_1.jpg,47.46
3873131442_1.jpg,13.08
3873131442_2.jpg,4.99
3873131442_3.jpg,1.97
3873131442_4.jpg,2.05
3873134729_1.jpg,8.82
3873134729_2.jpg,6.55
3873134729_3.jpg,2.32
3873169770_1.jpg,0.52
3873184413_1.jpg,5.67
3873190929_1.jpg,7.64
3873190929_2.jpg,5.65
3873190929_3.jpg,5.37
3873206396_1.jpg,2.41
3873213688_1.jpg,4.64
3873222641_1.jpg,10.97
3873222641_2.jpg,2.33
3873222641_3.jpg,10.35
3873222641_4.jpg,13.94
3873222641_5.jpg,3.01
3873222641_6.jpg,3.75
3873222641_7.jpg,5.43
3873222641_8.jpg,0.80
3873224129_1.jpg,6.78
3873224129_2.jpg,7.22
3873239202_1.jpg,3.82
3873258965_1.jpg,1.22
3873285842_1.jpg,1.34
3873304475_1.jpg,3.75
3873310666_1.jpg,4.04
3873314601_1.jpg,1.60
3873330087_1.jpg,7.44
3873331513_1.jpg,0.40
3873351377_1.jpg,10.40
3873351377_2.jpg,3.44
3873351377_3.jpg,3.51
3873351377_4.jpg,5.40
3873351377_5.jpg,2.28
3873351377_6.jpg,4.22
3873352991_1.jpg,0.00
3873364022_1.jpg,2.63
3873364022_2.jpg,3.46
3873369493_1.jpg,22.95
3873369493_2.jpg,17.30
3873379825_1.jpg,4.05
3873395038_1.jpg,4.78
3873395038_2.jpg,6.66
3873395038_3.jpg,5.43
3873395038_4.jpg,1.90
3873396675_1.jpg,7.49
3873407655_1.jpg,28.27
3873421517_1.jpg,3.76
3873468175_1.jpg,6.70
3873471277_1.jpg,1.42
3873474480_1.jpg,2.12
3873485703_1.jpg,3.95
3873543735_1.jpg,7.28
3873563051_1.jpg,1.78
3873563051_2.jpg,2.56
3873563727_1.jpg,1.51
3873567548_1.jpg,2.61
3873614395_1.jpg,1.15
3873614395_2.jpg,0.69
3873641162_1.jpg,4.61
3873646619_1.jpg,4.01
3873646619_2.jpg,7.45
3873646619_3.jpg,20.95
3873657981_1.jpg,3.45
3873676429_1.jpg,9.26
3873694665_1.jpg,3.85
3873731133_1.jpg,2.88
3873731133_2.jpg,2.90
3873741350_1.jpg,14.16
3873759791_1.jpg,3.13
3873759791_2.jpg,2.32
3873776662_1.jpg,2.48
3873779372_1.jpg,4.48
3873779372_2.jpg,6.69
3873810043_1.jpg,10.51
3873838732_1.jpg,1.63
3873842585_1.jpg,0.32
3873922671_1.jpg,2.25
3873940647_1.jpg,0.79
3873957153_1.jpg,1.63
3873957153_2.jpg,1.91
3873971882_1.jpg,4.13
3874073464_1.jpg,0.61
3874073464_2.jpg,0.66
3874073464_3.jpg,0.43
3874073464_4.jpg,0.27
3874079980_1.jpg,4.41
3874079980_2.jpg,6.66
3874079980_3.jpg,9.14
3874092237_1.jpg,5.48
3874092237_2.jpg,6.87
3874092237_3.jpg,5.56
3874092237_4.jpg,13.84
3874092237_5.jpg,9.23
3874111608_1.jpg,1.53
3874111608_2.jpg,4.33
3874135674_1.jpg,3.19
3874166049_1.jpg,3.01
3878884433_1.jpg,0.44
3878936391_1.jpg,7.49
3878936391_2.jpg,27.92
3878937442_1.jpg,8.68
3878942428_1.jpg,9.21
3879049305_1.jpg,14.39
3879080324_1.jpg,22.65
3881402066_1.jpg,4.60
3881492590_1.jpg,7.97
3881509599_1.jpg,0.75
3881526234_1.jpg,2.75
3881539605_1.jpg,28.23
3881539605_2.jpg,14.32
3881539605_3.jpg,13.13
3881539605_4.jpg,25.12
3881586799_1.jpg,6.36
3881718683_1.jpg,0.52
3881737087_1.jpg,10.23
3881821771_1.jpg,2.18
3881840778_1.jpg,3.52
3881864903_1.jpg,10.80
3886367486_1.jpg,3.13
3886382416_1.jpg,34.08
3886449325_1.jpg,4.24
3886518497_1.jpg,3.70
3886518497_2.jpg,1.48
3886533470_1.jpg,5.41
3888764707_1.jpg,3.22
3888764707_2.jpg,0.46
3888783799_1.jpg,1.89
3888783799_2.jpg,2.10
3888789727_1.jpg,10.96
3888808734_1.jpg,0.40
3888814533_1.jpg,11.36
3888828136_1.jpg,2.98
3888828136_2.jpg,6.50
3888829684_1.jpg,5.07
3888980863_1.jpg,4.13
3889003991_1.jpg,3.21
3889005694_1.jpg,6.92
3889005694_2.jpg,0.58
3889005694_3.jpg,0.57
3889063826_1.jpg,3.53
3889063826_2.jpg,2.28
3889095700_1.jpg,24.77
3889095700_2.jpg,21.55
3889100315_1.jpg,1.85
3889122249_1.jpg,6.25
3889122249_2.jpg,3.20
3889122249_3.jpg,4.69
3889131113_1.jpg,11.58
3889196159_1.jpg,15.17
3890017496_1.jpg,4.11
3890051323_1.jpg,1.04
3892271801_1.jpg,4.10
3892271801_2.jpg,1.30
3892271801_3.jpg,2.61
3892344137_1.jpg,1.69
3892377632_1.jpg,2.10
3892403789_1.jpg,0.72
3892422166_1.jpg,6.89
3892422166_2.jpg,0.85
3892430739_1.jpg,10.50
3892430739_2.jpg,8.46
3892431108_1.jpg,11.32
3892431108_2.jpg,4.78
3892507175_1.jpg,7.36
3892509801_1.jpg,20.91
3892509801_2.jpg,4.55
3892637766_1.jpg,1.57
3892637766_2.jpg,1.89
3892637766_3.jpg,1.60
3892651914_1.jpg,4.36
3892657822_1.jpg,8.19
3892657822_2.jpg,3.82
3892657822_3.jpg,4.22
3892687702_1.jpg,15.02
3892698181_1.jpg,1.85
3893173651_1.jpg,0.43
3893180378_1.jpg,9.81
3893214397_1.jpg,16.03
3893241578_1.jpg,2.10
3893265556_1.jpg,3.40
3897463448_1.jpg,19.80
3897509419_1.jpg,5.47
3897546537_1.jpg,37.06
3898885577_1.jpg,4.77
3898909347_1.jpg,35.30
3898946419_1.jpg,8.95
3898956547_1.jpg,2.46
3902248350_1.jpg,1.29
3902264565_1.jpg,1.58
3902282408_1.jpg,6.09
3902322966_1.jpg,7.64
3902327068_1.jpg,33.27
3902327068_2.jpg,6.34
3902327068_3.jpg,1.78
3902327068_4.jpg,5.74
3902327068_5.jpg,9.09
3902336180_1.jpg,14.06
3902336180_2.jpg,23.15
3902398175_1.jpg,0.44
3902417162_1.jpg,4.75
3902418359_1.jpg,0.67
3902432114_1.jpg,3.21
3902457588_1.jpg,6.96
3902480501_1.jpg,1.35
3902480501_2.jpg,1.72
3902480501_3.jpg,1.55
3902522948_1.jpg,4.21
3902524997_1.jpg,3.79
3902524997_2.jpg,3.35
3902524997_3.jpg,11.64
3902579258_1.jpg,0.89
3902605181_1.jpg,1.44
3902704985_1.jpg,2.27
3902705501_1.jpg,3.13
3902709624_1.jpg,1.27
3902711674_1.jpg,37.29
3902751287_1.jpg,0.47
3902751287_2.jpg,5.54
3902839334_1.jpg,4.16
3902839334_2.jpg,3.38
3902839334_3.jpg,4.35
3902839334_4.jpg,4.30
3902839334_5.jpg,2.76
3902849085_1.jpg,2.66
3902888854_1.jpg,5.24
3902888854_2.jpg,3.60
3902888854_3.jpg,5.85
3902920785_1.jpg,7.03
3902944563_1.jpg,8.01
3902944563_2.jpg,16.35
3902951209_1.jpg,4.60
3902988548_1.jpg,1.93
3902988548_2.jpg,1.93
3903012449_1.jpg,1.22
3903027228_1.jpg,10.06
3903072047_1.jpg,1.01
3903078069_1.jpg,1.92
3903078069_2.jpg,0.68
3903082761_1.jpg,1.56
3903087638_1.jpg,1.62
3903129049_1.jpg,4.95
3903129049_2.jpg,3.40
3903129049_3.jpg,5.11
3903129049_4.jpg,2.79
3903129049_5.jpg,0.06
3903134684_1.jpg,2.48
3903134684_2.jpg,4.01
3903134684_3.jpg,1.58
3903148806_1.jpg,1.52
3903158765_1.jpg,9.00
3903159918_1.jpg,3.49
3903166680_1.jpg,6.50
3903170603_1.jpg,9.01
3903177255_1.jpg,3.65
3903177255_2.jpg,15.76
3903181155_1.jpg,14.98
3903181155_2.jpg,5.54
3903220555_1.jpg,2.91
3903230382_1.jpg,9.13
3903230382_2.jpg,7.27
3903230382_3.jpg,5.68
3903231398_1.jpg,1.67
3903241303_1.jpg,23.17
3903241303_2.jpg,3.84
3903241303_3.jpg,9.39
3903279139_1.jpg,7.36
3903310335_1.jpg,1.83
3903317975_1.jpg,24.27
3903323405_1.jpg,19.48
3903327655_1.jpg,2.57
3903337706_1.jpg,9.31
3903348702_1.jpg,3.20
3903369837_1.jpg,1.06
3903409384_1.jpg,6.07
3903421539_1.jpg,3.25
3903421539_2.jpg,4.46
3903421539_3.jpg,4.79
3903473267_1.jpg,2.94
3903610588_1.jpg,0.76
3903610588_2.jpg,4.52
3903619379_1.jpg,4.48
3903674676_1.jpg,4.11
3904181891_1.jpg,0.44
3904181891_2.jpg,1.35
3904232607_1.jpg,9.74
3904403074_1.jpg,1.01
3904438504_1.jpg,15.93
3904463281_1.jpg,2.50
3904552015_1.jpg,7.46
3904644234_1.jpg,3.24
3904697893_1.jpg,2.76
3904828283_1.jpg,12.96
3904941201_1.jpg,18.20
3905203456_1.jpg,9.39
3905347851_1.jpg,4.87
3905347851_2.jpg,7.94
3905347851_3.jpg,2.93
3905497922_1.jpg,3.51
3905501922_1.jpg,0.32
3905501922_2.jpg,1.45
3905501922_3.jpg,3.62
3905501922_4.jpg,1.98
3905597237_1.jpg,3.79
3905597237_2.jpg,2.64
3905597237_3.jpg,2.48
3905597237_4.jpg,2.15
3905698073_1.jpg,2.75
3905749530_1.jpg,9.05
3905808729_1.jpg,6.01
3905808729_2.jpg,14.79
3905808729_3.jpg,2.36
3905808729_4.jpg,1.43
3905927708_1.jpg,8.51
3905940511_1.jpg,1.51
3905940511_2.jpg,6.98
3906041897_1.jpg,5.75
3906045322_1.jpg,4.85
3906078529_1.jpg,5.88
3906084740_1.jpg,12.15
3906206634_1.jpg,8.18
3906206634_2.jpg,4.50
3906213225_1.jpg,3.85
3906293004_1.jpg,4.31
3906323952_1.jpg,29.98
3906341082_1.jpg,2.87
3906366051_1.jpg,5.29
3906728823_1.jpg,4.54
3906731839_1.jpg,10.24
3906776883_1.jpg,11.32
3906776883_2.jpg,6.46
3906819971_1.jpg,24.92
3906926586_1.jpg,47.21
3906977256_1.jpg,18.30
3907040462_1.jpg,5.06
3907040462_2.jpg,4.72
3907108432_1.jpg,2.24
3907163060_1.jpg,3.25
3907171488_1.jpg,2.12
3907246235_1.jpg,22.38
3907246235_2.jpg,6.74
3907246235_3.jpg,20.42
3907302558_1.jpg,5.76
3907302558_2.jpg,3.79
3907593006_1.jpg,19.01
3907614973_1.jpg,42.93
3907614973_2.jpg,43.73
3907758338_1.jpg,3.53
3907758338_2.jpg,6.02
3912076269_1.jpg,21.19
3912146899_1.jpg,15.82
3912223180_1.jpg,0.54
3912258259_1.jpg,0.19
3912378155_1.jpg,1.97
3912427773_1.jpg,7.43
3912433545_1.jpg,10.09
3912433545_2.jpg,9.01
3912440370_1.jpg,3.00
3912449631_1.jpg,1.07
3912480421_1.jpg,1.29
3912719426_1.jpg,4.63
3912755551_1.jpg,1.56
3912771349_1.jpg,3.68
3912780593_1.jpg,10.68
3914082588_1.jpg,23.38
3914166395_1.jpg,10.30
3914194352_1.jpg,13.59
3915276071_1.jpg,6.78
3915596601_1.jpg,2.13
3915694547_1.jpg,3.00
3921223524_1.jpg,15.58
3921269482_1.jpg,21.54
3921269482_2.jpg,5.92
3921269482_3.jpg,19.53
3921270531_1.jpg,0.55
3923385343_1.jpg,2.32
3923442552_1.jpg,3.21
3923442552_2.jpg,1.41
3923578327_1.jpg,33.48
3923585293_1.jpg,1.73
3923672495_1.jpg,11.00
3923672495_2.jpg,2.80
3923689482_1.jpg,4.53
3923712344_1.jpg,15.22
3923712344_2.jpg,13.62
3923731305_1.jpg,7.82
3924254367_1.jpg,27.02
3924334315_1.jpg,1.09
3925040964_1.jpg,6.20
3925040964_2.jpg,0.54
3925122675_1.jpg,1.02
3925154267_1.jpg,0.77
3925154267_2.jpg,0.02
3925283320_1.jpg,3.03
3925301496_1.jpg,15.16
3925449808_1.jpg,19.45
3925456550_1.jpg,0.41
3927145560_1.jpg,6.68
3947076280_1.jpg,10.62
3947126434_1.jpg,4.38
3947288155_1.jpg,4.11
3947288155_2.jpg,3.20
3947555265_1.jpg,3.38
3947573670_1.jpg,3.05
3947573670_2.jpg,2.61
3947684651_1.jpg,7.65
3947684651_2.jpg,0.31
3947733314_1.jpg,9.19
3960530009_1.jpg,1.99
3960536694_1.jpg,0.22
3960536694_2.jpg,4.06
3960536694_3.jpg,0.00
3960631442_1.jpg,8.46
3961116926_1.jpg,5.98
3961123951_1.jpg,6.81
3961230962_1.jpg,2.27
3961328050_1.jpg,10.93
3961347128_1.jpg,11.54
3962687586_1.jpg,7.74
3962710522_1.jpg,2.91
3962710522_2.jpg,3.28
3963262703_1.jpg,0.19
3963262703_2.jpg,2.32
3966410186_1.jpg,4.71
3966775374_1.jpg,1.68
3966886341_1.jpg,29.29
3970180391_1.jpg,1.66
3979104322_1.jpg,57.12
3985832527_1.jpg,6.48
3986071183_1.jpg,21.52
3986081428_1.jpg,8.53
3986246389_1.jpg,4.07
3986258131_1.jpg,4.70
3986258131_2.jpg,13.36
3986258131_3.jpg,3.20
3986258131_4.jpg,2.96
3988572978_1.jpg,14.24
3988678497_1.jpg,3.13
3988678497_2.jpg,4.93
3994037197_1.jpg,4.92
3994037197_2.jpg,3.73
3994044219_1.jpg,1.16
3994044219_2.jpg,6.13
3994044219_3.jpg,1.03
3994044219_4.jpg,6.04
3994070209_1.jpg,2.04
3994070209_2.jpg,0.98
3994070209_3.jpg,2.81
3994070209_4.jpg,1.81
3994075195_1.jpg,1.79
3994075195_2.jpg,6.44
3994075195_3.jpg,2.16
3994075195_4.jpg,0.78
3994075195_5.jpg,4.61
3994078245_1.jpg,0.83
3994078245_2.jpg,0.38
3994078245_3.jpg,2.61
3994078245_4.jpg,0.94
3994078245_5.jpg,1.16
3994078245_6.jpg,0.91
3994078245_7.jpg,0.53
3994127113_1.jpg,0.87
3994127113_2.jpg,1.08
3994127113_3.jpg,8.71
3994127113_4.jpg,0.25
3994127113_5.jpg,0.29
3994152036_1.jpg,22.84
3994152036_2.jpg,11.83
3994186210_1.jpg,1.56
3994186210_2.jpg,0.39
3994186210_3.jpg,0.24
3994186210_4.jpg,1.12
3994186210_5.jpg,0.88
3994186210_6.jpg,5.70
3994186210_7.jpg,0.65
3994201074_1.jpg,0.10
3994201074_2.jpg,0.00
3994201074_3.jpg,0.16
3994201074_4.jpg,4.04
3994201074_5.jpg,0.07
3994245087_1.jpg,0.40
3994245087_2.jpg,0.18
3994245087_3.jpg,2.54
3994245087_4.jpg,0.27
3994245087_5.jpg,0.12
3994245087_6.jpg,0.36
3994245087_7.jpg,0.20
3994276203_1.jpg,1.82
3994276203_2.jpg,3.00
3994276203_3.jpg,1.25
3995060405_1.jpg,3.10
3995089015_1.jpg,7.62
3995089015_2.jpg,25.18
3995089015_3.jpg,7.94
3995267949_1.jpg,9.79
3995270564_1.jpg,2.97
3995294498_1.jpg,4.41
3995301168_1.jpg,12.51
3995345885_1.jpg,4.27
3995422493_1.jpg,6.85
3995422493_2.jpg,7.01
3995422493_3.jpg,2.69
3995558775_1.jpg,4.92
3995615580_1.jpg,16.85
3995688387_1.jpg,6.02
3995708539_1.jpg,8.84
3995748509_1.jpg,3.22
3995748509_2.jpg,3.32
3995795355_1.jpg,11.28
3995831888_1.jpg,11.98
3996006597_1.jpg,2.01
3996009779_1.jpg,5.57
3996097825_1.jpg,19.47
3996117525_1.jpg,10.78
3996117525_2.jpg,5.34
3996139689_1.jpg,6.11
3996199968_1.jpg,6.93
3996260470_1.jpg,4.65
3996408344_1.jpg,17.53
3996436149_1.jpg,2.33
3996471400_1.jpg,27.47
3996471400_2.jpg,40.85
3996488063_1.jpg,4.78
3996500256_1.jpg,26.15
3996645745_1.jpg,2.47
3996677449_1.jpg,37.12
3996687665_1.jpg,7.91
3996789447_1.jpg,11.51
3996910667_1.jpg,10.07
3997353690_1.jpg,1.43
3997406315_1.jpg,1.98
3997475858_1.jpg,14.08
3997552921_1.jpg,31.72
3997609282_1.jpg,14.19
3997665234_1.jpg,1.35
3997665234_2.jpg,1.65
3997730527_1.jpg,16.39
3997731964_1.jpg,16.39
4003089407_1.jpg,16.71
4003093333_1.jpg,7.01
4003117400_1.jpg,1.90
4003119352_1.jpg,2.34
4003148368_1.jpg,1.12
4003183379_1.jpg,1.06
4006728049_1.jpg,1.04
4006728049_2.jpg,1.55
4006742962_1.jpg,12.56
4007961389_1.jpg,3.34
4007983354_1.jpg,6.30
4007983354_2.jpg,2.86
4007983354_3.jpg,1.27
4008005359_1.jpg,3.46
4008033409_1.jpg,0.52
4008033409_2.jpg,0.87
4008044380_1.jpg,4.13
4008044380_2.jpg,5.63
4008070330_1.jpg,7.22
4009742070_1.jpg,2.07
4010959476_1.jpg,0.18
4011067445_1.jpg,0.18
4011520811_1.jpg,1.62
4011520811_2.jpg,1.23
4011542848_1.jpg,16.13
4011542848_2.jpg,12.42
4011542848_3.jpg,30.16
4011673092_1.jpg,0.80
4011697891_1.jpg,3.02
4014922140_1.jpg,3.63
4016261389_1.jpg,2.10
4016261389_2.jpg,2.48
4018342370_1.jpg,8.68
4018418384_1.jpg,19.46
4018538416_1.jpg,15.04
4018572110_1.jpg,4.20
4020664412_1.jpg,9.26
4022072116_1.jpg,18.34
4022086013_1.jpg,20.92
4022139404_1.jpg,0.38
4022139404_2.jpg,4.70
4022139404_3.jpg,3.43
4022139404_4.jpg,5.57
4022158066_1.jpg,3.52
4022330634_1.jpg,27.63
4022330634_2.jpg,25.59
4022351468_1.jpg,2.57
4022351468_2.jpg,1.76
4022372625_1.jpg,1.25
4028743820_1.jpg,8.06
4028768434_1.jpg,15.28
4028778401_1.jpg,6.54
4028778401_2.jpg,5.09
4028935466_1.jpg,2.92
4028938376_1.jpg,3.59
4029147376_1.jpg,7.75
4029147376_2.jpg,19.84
4029171413_1.jpg,15.01
4029171413_2.jpg,11.60
4029192124_1.jpg,37.72
4029204027_1.jpg,4.15
4029212400_1.jpg,6.22
4029234641_1.jpg,5.68
4029234641_2.jpg,3.68
4039261067_1.jpg,8.92
4039410612_1.jpg,9.00
4039410612_2.jpg,10.03
4039410612_3.jpg,2.12
4041690339_1.jpg,14.62
4041690339_2.jpg,6.15
4041711481_1.jpg,24.38
4041735323_1.jpg,9.34
4041737399_1.jpg,0.83
4045892308_1.jpg,17.00
4045949834_1.jpg,3.56
4045979057_1.jpg,1.84
4046004134_1.jpg,3.73
4046027270_1.jpg,15.65
4054840860_1.jpg,0.81
4054840860_2.jpg,0.09
4054840860_3.jpg,1.84
4054840860_4.jpg,0.68
4054865768_1.jpg,11.19
4055045791_1.jpg,1.63
4055045791_2.jpg,1.98
4055892111_1.jpg,10.97
4055908027_1.jpg,4.01
4055943034_1.jpg,21.00
4055971065_1.jpg,0.61
4056053235_1.jpg,4.06
4056053235_2.jpg,7.92
4056063035_1.jpg,5.85
4056081957_1.jpg,0.03
4056081957_2.jpg,6.97
4056081957_3.jpg,13.36
4056135952_1.jpg,6.48
4056135952_2.jpg,0.61
4056139677_1.jpg,1.42
4056149659_1.jpg,11.61
4056150027_1.jpg,2.32
4056152129_1.jpg,1.86
4056156510_1.jpg,4.80
4056160088_1.jpg,6.31
4056160296_1.jpg,17.30
4056164776_1.jpg,8.76
4056173879_1.jpg,5.45
4056178949_1.jpg,11.27
4056217539_1.jpg,3.34
4056217539_2.jpg,5.48
4056267389_1.jpg,1.17
4056282094_1.jpg,19.22
4056285995_1.jpg,3.12
4056296408_1.jpg,7.40
4056319106_1.jpg,15.73
4056339869_1.jpg,12.35
4056344646_1.jpg,1.50
4056346631_1.jpg,24.26
4056346631_2.jpg,23.36
4056346631_3.jpg,16.68
4056355764_1.jpg,12.45
4056362722_1.jpg,18.92
4056364474_1.jpg,8.84
4056385806_1.jpg,3.82
4056387327_1.jpg,8.95
4056406654_1.jpg,6.82
4056406654_2.jpg,6.24
4056406654_3.jpg,6.54
4056406654_4.jpg,2.81
4056406654_5.jpg,3.44
4056423968_1.jpg,3.02
4056424262_1.jpg,4.41
4056424262_2.jpg,0.24
4056424262_3.jpg,1.14
4056424262_4.jpg,5.85
4056431832_1.jpg,27.40
4056438693_1.jpg,10.55
4056438693_2.jpg,7.25
4056440353_1.jpg,0.93
4056440405_1.jpg,7.12
4056440405_2.jpg,2.41
4056440405_3.jpg,6.97
4056440723_1.jpg,4.59
4056461779_1.jpg,10.77
4056477301_1.jpg,4.68
4056483567_1.jpg,0.69
4056492989_1.jpg,5.37
4056496822_1.jpg,0.84
4056499943_1.jpg,0.96
4056526694_1.jpg,2.41
4056530867_1.jpg,24.03
4056530867_2.jpg,17.10
4056530867_3.jpg,5.41
4056530867_4.jpg,16.93
4056533906_1.jpg,20.87
4056540590_1.jpg,1.52
4056551337_1.jpg,6.43
4056552774_1.jpg,6.86
4056558850_1.jpg,16.53
4056565554_1.jpg,3.03
4056565554_2.jpg,4.30
4056565554_3.jpg,4.35
4056580612_1.jpg,1.09
4056585429_1.jpg,3.20
4056600880_1.jpg,21.81
4056600880_2.jpg,31.67
4056614453_1.jpg,10.79
4056643436_1.jpg,9.06
4056645639_1.jpg,5.16
4056649848_1.jpg,1.81
4056649848_2.jpg,9.31
4056649990_1.jpg,2.58
4056653713_1.jpg,3.33
4056669439_1.jpg,1.65
4056680468_1.jpg,7.34
4056680468_2.jpg,9.91
4056680468_3.jpg,26.82
4056684629_1.jpg,13.40
4056684629_2.jpg,5.14
4056684629_3.jpg,8.58
4056686341_1.jpg,17.66
4056694833_1.jpg,0.51
4056694959_1.jpg,11.30
4056694959_2.jpg,14.42
4056772355_1.jpg,4.53
4056889521_1.jpg,3.81
4057081842_1.jpg,10.71
4057119120_1.jpg,4.38
4057121141_1.jpg,4.07
4057121141_2.jpg,1.62
4057277634_1.jpg,4.42
4057393517_1.jpg,2.09
4057410467_1.jpg,7.85
4057755384_1.jpg,0.12
4057755384_2.jpg,4.73
4059576347_1.jpg,1.90
4059576347_2.jpg,4.04
4059576347_3.jpg,6.55
4062662312_1.jpg,14.55
4062662312_2.jpg,6.65
4062724361_1.jpg,3.28
4065169506_1.jpg,6.08
4067170192_1.jpg,2.47
4067177959_1.jpg,0.75
4067177959_2.jpg,2.75
4067177959_3.jpg,2.68
4067214097_1.jpg,41.03
4067221871_1.jpg,8.97
4067269977_1.jpg,14.50
4067302032_1.jpg,14.83
4067323870_1.jpg,1.92
4067323870_2.jpg,2.63
4067380528_1.jpg,9.91
4067391598_1.jpg,13.30
4067391598_2.jpg,4.98
4067436635_1.jpg,17.11
4067456353_1.jpg,21.68
4067456353_2.jpg,27.50
4067456353_3.jpg,13.95
4067481556_1.jpg,0.05
4067559525_1.jpg,50.41
4067643994_1.jpg,5.73
4067643994_2.jpg,3.35
4067654266_1.jpg,2.36
4070033544_1.jpg,11.94
4070033544_2.jpg,12.23
4073994471_1.jpg,0.29
4074012385_1.jpg,7.38
4074012385_2.jpg,12.52
4074012385_3.jpg,22.09
4074025395_1.jpg,33.21
4074026588_1.jpg,2.88
4074039535_1.jpg,15.10
4074039535_2.jpg,15.78
4074079448_1.jpg,14.25
4074086626_1.jpg,14.28
4075637617_1.jpg,17.75
4075637617_2.jpg,4.25
4075753208_1.jpg,4.50
4075766116_1.jpg,6.23
4075778815_1.jpg,1.44
4075799176_1.jpg,6.81
4075799176_2.jpg,10.30
4075799176_3.jpg,14.82
4075840053_1.jpg,9.00
4075864186_1.jpg,5.23
4075876958_1.jpg,2.38
4075897152_1.jpg,7.13
4075897152_2.jpg,7.40
4075897790_1.jpg,1.86
4075897790_2.jpg,1.51
4075936373_1.jpg,2.58
4075950051_1.jpg,7.16
4075950051_2.jpg,8.61
4075986494_1.jpg,1.77
4076151795_1.jpg,6.54
4076192762_1.jpg,19.65
4076242123_1.jpg,4.79
4076275530_1.jpg,17.44
4076447523_1.jpg,1.86
4079764547_1.jpg,6.45
4079783468_1.jpg,3.63
4079788606_1.jpg,3.79
4079803751_1.jpg,1.63
4079806797_1.jpg,14.09
4079815837_1.jpg,11.59
4079831908_1.jpg,12.57
4079837761_1.jpg,20.99
4079852900_1.jpg,10.22
4079875372_1.jpg,16.38
4079883431_1.jpg,4.95
4079890342_1.jpg,28.19
4080450984_1.jpg,2.89
4080450984_2.jpg,8.23
4080478706_1.jpg,5.49
4080510776_1.jpg,11.91
4080510776_2.jpg,8.68
4080517769_1.jpg,1.29
4080528985_1.jpg,18.19
4080535689_1.jpg,33.99
4080545955_1.jpg,4.34
4080599934_1.jpg,4.20
4080630149_1.jpg,5.56
4080630149_2.jpg,1.03
4080631924_1.jpg,5.75
4080644280_1.jpg,1.06
4080644289_1.jpg,10.28
4080690386_1.jpg,36.28
4080703648_1.jpg,34.27
4080703648_2.jpg,40.56
4080703648_3.jpg,29.67
4080726532_1.jpg,31.24
4080735560_1.jpg,49.67
4080766483_1.jpg,21.92
4080791397_1.jpg,3.39
4080836384_1.jpg,19.66
4080836384_2.jpg,3.53
4080888493_1.jpg,18.00
4080911622_1.jpg,2.60
4080919313_1.jpg,35.08
4080919313_2.jpg,31.77
4080934144_1.jpg,6.57
4080934144_2.jpg,6.02
4080939787_1.jpg,1.27
4080957974_1.jpg,17.59
4080967940_1.jpg,11.78
4091480429_1.jpg,1.64
4091514702_1.jpg,7.02
4091530335_1.jpg,2.42
4091584580_1.jpg,3.65
4091595719_1.jpg,4.86
4091624525_1.jpg,6.61
4091653183_1.jpg,0.97
4091665775_1.jpg,12.21
4091752533_1.jpg,4.40
4091792848_1.jpg,2.45
4091822682_1.jpg,2.97
4091857514_1.jpg,16.92
4091923528_1.jpg,0.67
4091938394_1.jpg,5.57
4091949290_1.jpg,13.43
4094323594_1.jpg,8.51
4094329821_1.jpg,5.30
4094342911_1.jpg,3.60
4094342911_2.jpg,5.01
4094356372_1.jpg,4.62
4094389680_1.jpg,9.86
4094389680_2.jpg,5.42
4094394542_1.jpg,1.21
4094394542_2.jpg,1.11
4096020370_1.jpg,2.86
4096114373_1.jpg,14.89
4096116343_1.jpg,1.13
4096126333_1.jpg,4.27
4096133486_1.jpg,18.42
4096402292_1.jpg,3.94
4096473081_1.jpg,1.58
4096473081_2.jpg,6.31
4096473081_3.jpg,5.29
4096473081_4.jpg,2.89
4096516925_1.jpg,8.35
4096516925_2.jpg,1.14
4096561107_1.jpg,8.08
4096607472_1.jpg,5.96
4096614398_1.jpg,0.40
4096614398_2.jpg,1.02
4096614398_3.jpg,0.02
4096622494_1.jpg,10.47
4096622494_2.jpg,18.30
4096648342_1.jpg,4.64
4096667580_1.jpg,1.21
4096667580_2.jpg,42.29
4096680692_1.jpg,19.16
4096695329_1.jpg,3.01
4096735382_1.jpg,0.60
4096735382_2.jpg,0.80
4096753453_1.jpg,6.06
4096757982_1.jpg,1.25
4096758423_1.jpg,3.05
4096764292_1.jpg,3.70
4096764292_2.jpg,2.06
4096764292_3.jpg,2.28
4096780757_1.jpg,1.20
4096802942_1.jpg,10.41
4096816268_1.jpg,7.12
4096816268_2.jpg,2.60
4096864220_1.jpg,17.83
4096869271_1.jpg,7.10
4096900455_1.jpg,5.11
4096900455_2.jpg,3.28
4096931784_1.jpg,1.93
4102703964_1.jpg,2.74
4102703964_2.jpg,3.51
4102703964_3.jpg,3.84
4102703964_4.jpg,2.66
4102805842_1.jpg,22.37
4102812984_1.jpg,0.82
4102817395_1.jpg,5.00
4102817395_2.jpg,1.79
4102817395_3.jpg,8.45
4102821448_1.jpg,2.51
4102824805_1.jpg,0.40
4102826224_1.jpg,1.73
4102841922_1.jpg,9.15
4102842047_1.jpg,18.17
4102860385_1.jpg,0.61
4102963360_1.jpg,9.65
4103089034_1.jpg,8.48
4103089034_2.jpg,0.65
4103089540_1.jpg,18.94
4103112491_1.jpg,1.35
4103112491_2.jpg,2.18
4103112491_3.jpg,2.13
4103126561_1.jpg,0.00
4103126561_2.jpg,1.67
4103281532_1.jpg,1.04
4103359938_1.jpg,6.73
4103359938_2.jpg,14.11
4103359938_3.jpg,10.27
4103440423_1.jpg,33.72
4103440423_2.jpg,19.38
4103440423_3.jpg,10.50
4103440423_4.jpg,10.46
4109482290_1.jpg,1.24
4109489730_1.jpg,1.34
4109489730_2.jpg,5.05
4109490681_1.jpg,33.67
4109498530_1.jpg,4.80
4109499366_1.jpg,6.37
4109503326_1.jpg,21.09
4109504169_1.jpg,2.65
4109504169_2.jpg,3.04
4109504169_3.jpg,3.76
4109504169_4.jpg,16.75
4109532960_1.jpg,5.74
4109534313_1.jpg,8.12
4109534313_2.jpg,40.89
4109539767_1.jpg,7.23
4109555447_1.jpg,13.20
4109555447_2.jpg,8.68
4109555447_3.jpg,12.51
4109555447_4.jpg,12.16
4109558698_1.jpg,10.72
4109558698_2.jpg,10.98
4109569668_1.jpg,12.26
4109571203_1.jpg,2.18
4109571203_2.jpg,4.24
4109571203_3.jpg,8.14
4109571203_4.jpg,3.74
4109571203_5.jpg,5.07
4109584182_1.jpg,13.66
4109584182_2.jpg,12.36
4109588449_1.jpg,10.33
4109588449_2.jpg,20.98
4109588449_3.jpg,22.20
4109607802_1.jpg,15.96
4109619149_1.jpg,30.75
4109619149_2.jpg,31.21
4111583936_1.jpg,3.44
4111652050_1.jpg,0.66
4111667975_1.jpg,1.61
4111673981_1.jpg,6.75
4111718106_1.jpg,6.45
4111737151_1.jpg,9.19
4111766150_1.jpg,3.89
4111793006_1.jpg,37.32
4111793006_2.jpg,28.03
4111805269_1.jpg,12.01
4111805269_2.jpg,18.68
4111805269_3.jpg,6.95
4111852686_1.jpg,1.90
4111852686_2.jpg,4.92
4111888790_1.jpg,13.77
4111888790_2.jpg,30.83
4111895203_1.jpg,13.35
4111933754_1.jpg,0.97
4111954120_1.jpg,4.00
4111969527_1.jpg,3.66
4112011596_1.jpg,4.92
4112011596_2.jpg,31.18
4112023777_1.jpg,2.26
4112029275_1.jpg,1.00
4112029275_2.jpg,0.55
4112029275_3.jpg,0.53
4112048303_1.jpg,2.53
4112170340_1.jpg,5.42
4112170340_2.jpg,4.28
4112187136_1.jpg,20.78
4112194618_1.jpg,9.23
4112197118_1.jpg,1.33
4112208198_1.jpg,3.20
4116051680_1.jpg,0.97
4116051680_2.jpg,1.11
4116051680_3.jpg,1.96
4116053899_1.jpg,9.07
4116056269_1.jpg,0.15
4116060923_1.jpg,28.84
4116060923_2.jpg,39.83
4116060923_3.jpg,28.19
4116109959_1.jpg,2.68
4116109959_2.jpg,0.90
4116130929_1.jpg,27.01
4116130929_2.jpg,39.65
4116151085_1.jpg,6.43
4116154638_1.jpg,9.18
4116165066_1.jpg,2.31
4116165066_2.jpg,8.26
4116186328_1.jpg,16.01
4116195354_1.jpg,13.37
4116195354_2.jpg,31.19
4116224303_1.jpg,15.24
4116224303_2.jpg,17.71
4116247833_1.jpg,8.94
4116258290_1.jpg,8.14
4116290755_1.jpg,1.11
4116290755_2.jpg,0.93
4116310131_1.jpg,3.86
4116310975_1.jpg,18.23
4116311512_1.jpg,4.31
4116311512_2.jpg,8.68
4116398150_1.jpg,6.03
4116403920_1.jpg,28.39
4116423100_1.jpg,4.99
4116444946_1.jpg,5.17
4116444946_2.jpg,5.90
4116444946_3.jpg,9.77
4116444946_4.jpg,18.50
4116447030_1.jpg,1.98
4116447030_2.jpg,2.02
4116475897_1.jpg,2.56
4116487391_1.jpg,0.99
4116487391_10.jpg,1.98
4116487391_2.jpg,2.07
4116487391_3.jpg,1.20
4116487391_4.jpg,2.27
4116487391_5.jpg,1.09
4116487391_6.jpg,0.73
4116487391_7.jpg,2.25
4116487391_8.jpg,2.71
4116487391_9.jpg,2.37
4116496520_1.jpg,5.50
4116499922_1.jpg,0.93
4116499922_2.jpg,1.78
4116549846_1.jpg,15.96
4116549846_2.jpg,5.20
4116552194_1.jpg,6.26
4116552194_2.jpg,12.83
4116552407_1.jpg,25.97
4116552407_2.jpg,31.63
4116581620_1.jpg,10.02
4116582460_1.jpg,3.98
4116596427_1.jpg,15.62
4116596427_2.jpg,19.91
4116597351_1.jpg,9.20
4116604328_1.jpg,3.30
4116607599_1.jpg,45.92
4116610637_1.jpg,5.35
4116610637_2.jpg,7.99
4116618378_1.jpg,22.82
4116619775_1.jpg,2.99
4116619775_2.jpg,3.61
4116621824_1.jpg,4.47
4120842754_1.jpg,9.84
4120842754_2.jpg,3.14
4120842754_3.jpg,6.25
4120884616_1.jpg,22.36
4120885549_1.jpg,5.42
4120895160_1.jpg,2.08
4120910365_1.jpg,3.96
4120938017_1.jpg,11.53
4120938017_2.jpg,12.38
4120938017_3.jpg,5.48
4120938017_4.jpg,6.84
4120938017_5.jpg,16.00
4120941882_1.jpg,3.56
4120967201_1.jpg,2.10
4120982021_1.jpg,4.27
4120992520_1.jpg,11.78
4121081708_1.jpg,6.08
4121180909_1.jpg,0.45
4121180909_2.jpg,0.73
4121180909_3.jpg,0.58
4121289264_1.jpg,5.89
4121289264_2.jpg,4.99
4121289264_3.jpg,2.54
4121321006_1.jpg,0.37
4121321006_2.jpg,0.66
4121324080_1.jpg,3.72
4121360073_1.jpg,12.62
4121374716_1.jpg,6.85
4121387770_1.jpg,2.90
4121387770_2.jpg,18.72
4121387770_3.jpg,11.23
4121387770_4.jpg,14.12
4121397438_1.jpg,5.00
4126745964_1.jpg,36.10
4126776234_1.jpg,20.27
4126785105_1.jpg,3.82
4126847474_1.jpg,1.14
4126862246_1.jpg,18.89
4126862246_2.jpg,19.50
4126874788_1.jpg,2.29
4126913634_1.jpg,3.50
4126915386_1.jpg,0.84
4126919300_1.jpg,14.25
4126920271_1.jpg,7.69
4126920271_2.jpg,17.97
4126920271_3.jpg,5.66
4126970857_1.jpg,8.29
4126985768_1.jpg,1.95
4126997373_1.jpg,3.03
4126997373_2.jpg,0.36
4127012670_1.jpg,3.03
4127023345_1.jpg,13.90
4127119086_1.jpg,5.94
4127120095_1.jpg,4.58
4127120095_2.jpg,6.32
4127120095_3.jpg,6.11
4127176432_1.jpg,6.54
4127200891_1.jpg,8.05
4127206540_1.jpg,0.16
4127206540_2.jpg,1.13
4127207529_1.jpg,0.41
4127252206_1.jpg,4.02
4127293419_1.jpg,5.28
4127303175_1.jpg,2.94
4127350158_1.jpg,0.55
4127404506_1.jpg,0.18
4127433304_1.jpg,9.29
4127433355_1.jpg,3.77
4127436317_1.jpg,5.92
4127436317_2.jpg,2.98
4127450617_1.jpg,3.78
4127450617_2.jpg,3.04
4127450617_3.jpg,3.61
4129721938_1.jpg,15.28
4129721938_2.jpg,18.17
4129740030_1.jpg,2.41
4129768435_1.jpg,1.62
4129863800_1.jpg,0.95
4129879190_1.jpg,10.50
4129879190_2.jpg,12.95
4129906265_1.jpg,3.27
4129929991_1.jpg,3.08
4129929991_2.jpg,1.66
4129929991_3.jpg,1.89
4129971289_1.jpg,12.25
4129992646_1.jpg,4.92
4130006258_1.jpg,3.80
4130006258_2.jpg,2.57
4130050022_1.jpg,9.21
4130064371_1.jpg,13.01
4130068898_1.jpg,2.20
4130073833_1.jpg,12.37
4130073833_2.jpg,9.90
4130073833_3.jpg,10.40
4130143332_1.jpg,0.16
4130143332_2.jpg,0.38
4130149546_1.jpg,2.11
4130195529_1.jpg,14.43
4130260321_1.jpg,2.63
4130266805_1.jpg,2.71
4130266805_2.jpg,13.01
4130266805_3.jpg,5.04
4130279476_1.jpg,36.53
4130279476_2.jpg,36.53
4130279476_3.jpg,34.73
4130279476_4.jpg,28.80
4130279476_5.jpg,23.16
4130279476_6.jpg,39.44
4130279476_7.jpg,36.67
4130281405_1.jpg,33.03
4130281405_2.jpg,78.89
4130305811_1.jpg,2.05
4131718187_1.jpg,6.18
4131721804_1.jpg,1.99
4131726846_1.jpg,12.99
4131726846_2.jpg,9.87
4131726846_3.jpg,1.09
4131729706_1.jpg,1.38
4131729706_2.jpg,2.37
4131729706_3.jpg,2.43
4131753998_1.jpg,15.74
4131757962_1.jpg,0.78
4131777153_1.jpg,15.22
4131777153_2.jpg,9.84
4131784397_1.jpg,15.90
4131798202_1.jpg,10.41
4131798202_2.jpg,2.90
4131805651_1.jpg,5.57
4131805651_2.jpg,16.99
4131817937_1.jpg,4.33
4131819881_1.jpg,17.48
4131819881_2.jpg,17.48
4131822420_1.jpg,6.41
4131835374_1.jpg,19.42
4131842969_1.jpg,9.97
4131868001_1.jpg,6.30
4131887328_1.jpg,11.30
4131929056_1.jpg,5.69
4131952149_1.jpg,2.16
4131973390_1.jpg,5.16
4131973390_2.jpg,30.70
4131973390_3.jpg,6.53
4133136321_1.jpg,31.83
4133598783_1.jpg,1.54
4133637028_1.jpg,1.07
4133637028_2.jpg,0.92
4133640899_1.jpg,0.70
4133735443_1.jpg,0.55
4133751666_1.jpg,4.19
4133790214_1.jpg,10.05
4133790214_2.jpg,9.46
4133838552_1.jpg,2.18
4133846777_1.jpg,2.85
4133846777_2.jpg,1.19
4133882279_1.jpg,20.72
4133909033_1.jpg,1.39
4133909033_2.jpg,11.17
4133909033_3.jpg,1.12
4133909033_4.jpg,2.20
4133961698_1.jpg,12.75
4133964838_1.jpg,3.44
4133990401_1.jpg,5.73
4134006229_1.jpg,5.19
4134006229_2.jpg,5.22
4134006229_3.jpg,6.11
4134015790_1.jpg,4.28
4134056458_1.jpg,2.60
4134065482_1.jpg,1.82
4134094653_1.jpg,30.62
4134103638_1.jpg,1.21
4134110706_1.jpg,21.11
4134135733_1.jpg,2.99
4137389580_1.jpg,1.51
4137403362_1.jpg,14.06
4137413393_1.jpg,1.15
4137448385_1.jpg,1.98
4137450356_1.jpg,3.92
4137483439_1.jpg,0.69
4137483439_2.jpg,12.03
4137610003_1.jpg,4.92
4137639507_1.jpg,3.62
4137651466_1.jpg,3.28
4137666287_1.jpg,1.66
4137717277_1.jpg,9.25
4137717277_2.jpg,13.07
4137758875_1.jpg,2.18
4137772035_1.jpg,4.45
4137827785_1.jpg,1.22
4137858866_1.jpg,0.19
4137858866_2.jpg,1.14
4137878406_1.jpg,6.74
4137878406_2.jpg,3.84
4137893971_1.jpg,1.06
4137965099_1.jpg,0.05
4137965099_2.jpg,0.07
4138004923_1.jpg,5.08
4138004923_2.jpg,6.61
4138004923_3.jpg,2.61
4138045568_1.jpg,15.01
4138062114_1.jpg,12.93
4138079864_1.jpg,0.88
4138085880_1.jpg,7.49
4138085880_2.jpg,3.31
4138085880_3.jpg,2.95
4138085880_4.jpg,0.23
4138090555_1.jpg,3.35
4138108582_1.jpg,5.53
4138110517_1.jpg,2.78
4138119318_1.jpg,0.86
4138133065_1.jpg,3.67
4138150432_1.jpg,10.71
4138194894_1.jpg,6.12
4138194894_2.jpg,5.83
4138245563_1.jpg,5.90
4138248415_1.jpg,0.14
4138252918_1.jpg,13.59
4138269696_1.jpg,2.27
4138269696_2.jpg,2.38
4138269696_3.jpg,1.85
4138407660_1.jpg,1.20
4138449105_1.jpg,8.12
4138482474_1.jpg,2.70
4138483469_1.jpg,0.46
4138483469_2.jpg,0.94
4138483469_3.jpg,0.87
4138543706_1.jpg,8.64
4138543706_2.jpg,1.69
4138543706_3.jpg,1.51
4138553034_1.jpg,8.82
4138585688_1.jpg,16.73
4138596803_1.jpg,12.60
4138633620_1.jpg,13.19
4138665306_1.jpg,5.70
4138665306_2.jpg,3.91
4138669615_1.jpg,1.63
4144664469_1.jpg,0.79
4144674520_1.jpg,20.23
4144737303_1.jpg,9.10
4144737303_2.jpg,9.80
4144753391_1.jpg,8.91
4144785551_1.jpg,3.25
4145177936_1.jpg,3.43
4145188022_1.jpg,4.68
4145188748_1.jpg,11.79
4145193962_1.jpg,1.49
4145205102_1.jpg,3.25
4145261050_1.jpg,37.81
4145261050_2.jpg,26.23
4145261050_3.jpg,20.89
4145261050_4.jpg,6.91
4145293740_1.jpg,2.47
4145356551_1.jpg,0.31
4145375280_1.jpg,7.91
4145375280_2.jpg,6.14
4145377633_1.jpg,4.23
4145377633_2.jpg,4.58
4145377633_3.jpg,5.71
4145385987_1.jpg,2.80
4145385987_2.jpg,2.13
4145398173_1.jpg,7.02
4145405645_1.jpg,6.53
4145405645_2.jpg,2.40
4145427445_1.jpg,3.76
4145427445_2.jpg,3.80
4145427445_3.jpg,5.59
4145427445_4.jpg,3.77
4145462171_1.jpg,4.61
4145533091_1.jpg,1.64
4145533091_2.jpg,8.21
4145535164_1.jpg,17.97
4145535164_2.jpg,12.12
4145557045_1.jpg,15.12
4145557045_2.jpg,7.49
4145557045_3.jpg,9.92
4145557045_4.jpg,1.12
4145562991_1.jpg,4.56
4145567636_1.jpg,7.63
4145594897_1.jpg,16.30
4145595567_1.jpg,0.89
4145640297_1.jpg,9.84
4145640297_2.jpg,19.90
4145640297_3.jpg,8.13
4145640297_4.jpg,2.66
4145640771_1.jpg,1.57
4145670452_1.jpg,8.05
4145683549_1.jpg,9.04
4145683549_2.jpg,18.70
4145683549_3.jpg,23.14
4145683549_4.jpg,13.68
4145713836_1.jpg,3.67
4145765291_1.jpg,13.73
4145765291_2.jpg,4.66
4145765291_3.jpg,4.87
4145768619_1.jpg,0.72
4145773314_1.jpg,1.22
4145833469_1.jpg,6.42
4145833469_2.jpg,1.83
4145833469_3.jpg,2.08
4147946501_1.jpg,2.08
4147950564_1.jpg,13.37
4147950564_2.jpg,14.05
4147950564_3.jpg,3.01
4147986757_1.jpg,7.23
4147999642_1.jpg,2.64
4148017481_1.jpg,0.34
4148027604_1.jpg,25.78
4148038626_1.jpg,1.15
4148038626_2.jpg,16.67
4148061303_1.jpg,13.72
4148061303_2.jpg,11.58
4148066356_1.jpg,19.22
4153357119_1.jpg,7.81
4153374719_1.jpg,4.40
4153382511_1.jpg,19.32
4153386754_1.jpg,5.38
4153386754_2.jpg,3.21
4153386754_3.jpg,3.43
4153386754_4.jpg,0.63
4153394271_1.jpg,4.17
4153394271_2.jpg,1.29
4153402105_1.jpg,3.00
4153402105_2.jpg,0.30
4153402105_3.jpg,3.81
4153402105_4.jpg,2.68
4153402105_5.jpg,0.00
4153402105_6.jpg,2.99
4153435474_1.jpg,2.88
4153439279_1.jpg,0.78
4153439279_2.jpg,0.95
4153447939_1.jpg,0.66
4153447939_2.jpg,1.16
4153588797_1.jpg,0.21
4153588797_10.jpg,0.00
4153588797_11.jpg,0.60
4153588797_2.jpg,0.77
4153588797_3.jpg,0.12
4153588797_4.jpg,0.01
4153588797_5.jpg,0.08
4153588797_6.jpg,9.63
4153588797_7.jpg,0.03
4153588797_8.jpg,0.51
4153588797_9.jpg,0.00
4153661848_1.jpg,3.97
4153693637_1.jpg,2.79
4153709860_1.jpg,23.30
4153709860_2.jpg,1.02
4153709860_3.jpg,0.02
4153709860_4.jpg,1.75
4153709860_5.jpg,1.84
4153737841_1.jpg,2.54
4153737868_1.jpg,8.59
4153763086_1.jpg,5.17
4153772800_1.jpg,2.27
4153776322_1.jpg,3.49
4153776322_2.jpg,4.50
4153795207_1.jpg,20.93
4153795207_2.jpg,0.21
4153795207_3.jpg,1.11
4153833059_1.jpg,13.53
4153833059_2.jpg,1.71
4153833059_3.jpg,12.08
4153833835_1.jpg,1.00
4153833835_2.jpg,0.15
4153833835_3.jpg,0.00
4153833835_4.jpg,0.67
4153843746_1.jpg,2.79
4153855425_1.jpg,3.14
4153867412_1.jpg,6.13
4153867412_2.jpg,4.41
4153867412_3.jpg,2.47
4153867412_4.jpg,2.38
4153914108_1.jpg,9.57
4153956627_1.jpg,3.19
4153958091_1.jpg,32.08
4153965467_1.jpg,4.18
4153972384_1.jpg,1.58
4153985741_1.jpg,0.19
4153985741_2.jpg,0.12
4153985741_3.jpg,6.29
4153985741_4.jpg,0.23
4153985741_5.jpg,0.14
4154007510_1.jpg,3.41
4154007510_2.jpg,2.78
4154013697_1.jpg,2.14
4155904437_1.jpg,11.50
4156152371_1.jpg,3.32
4156293567_1.jpg,0.73
4156428929_1.jpg,2.60
4156538237_1.jpg,4.83
4156551744_1.jpg,22.16
4156613155_1.jpg,35.49
4156714670_1.jpg,3.25
4156789828_1.jpg,12.07
4156834581_1.jpg,15.75
4156964490_1.jpg,1.24
4156971708_1.jpg,40.08
4157040248_1.jpg,28.16
4157042936_1.jpg,3.03
4157042936_2.jpg,13.36
4157042936_3.jpg,8.40
4157042936_4.jpg,15.26
4157228397_1.jpg,4.93
4157263669_1.jpg,4.15
4157398213_1.jpg,3.40
4157405541_1.jpg,0.09
4157405541_2.jpg,10.02
4157454882_1.jpg,32.13
4157469745_1.jpg,1.44
4157480301_1.jpg,3.94
4157490942_1.jpg,12.31
4157490942_2.jpg,1.41
4157534152_1.jpg,3.33
4157538220_1.jpg,39.24
4157545585_1.jpg,3.33
4157615039_1.jpg,21.10
4157621129_1.jpg,15.93
4157695791_1.jpg,62.25
4157718569_1.jpg,19.03
4157725547_1.jpg,1.61
4157732442_1.jpg,3.25
4157732442_2.jpg,3.20
4157775469_1.jpg,2.42
4157858293_1.jpg,4.43
4157865458_1.jpg,0.60
4158041794_1.jpg,5.09
4158145099_1.jpg,32.04
4158217262_1.jpg,55.49
4158373736_1.jpg,6.43
4158392659_1.jpg,7.28
4158465120_1.jpg,4.12
4158503435_1.jpg,2.75
4158752117_1.jpg,3.66
4158803114_1.jpg,5.00
4159012246_1.jpg,12.11
4159043862_1.jpg,7.41
4159121440_1.jpg,2.61
4159121440_2.jpg,2.48
4159149493_1.jpg,5.54
4159245657_1.jpg,7.92
4159275511_1.jpg,1.32
4159458868_1.jpg,15.65
4159533355_1.jpg,7.10
4159533355_2.jpg,3.21
4159641859_1.jpg,5.06
4159722042_1.jpg,11.69
4159765907_1.jpg,4.79
4159845321_1.jpg,4.32
4159912246_1.jpg,0.98
4160644820_1.jpg,32.78
4160688245_1.jpg,2.28
4160785907_1.jpg,12.31
4160785907_2.jpg,7.43
4160940369_1.jpg,6.18
4161393380_1.jpg,8.93
4161405378_1.jpg,30.55
4161440570_1.jpg,13.42
4161451361_1.jpg,21.58
4161512479_1.jpg,27.19
4161517479_1.jpg,0.59
4161983021_1.jpg,4.23
4161996770_1.jpg,2.85
4162071199_1.jpg,4.45
4162161200_1.jpg,11.32
4162205093_1.jpg,11.69
4162205741_1.jpg,1.23
4162205741_2.jpg,5.04
4162205741_3.jpg,2.85
4162212038_1.jpg,2.87
4162212038_2.jpg,4.39
4162212038_3.jpg,3.05
4162310866_1.jpg,2.15
4162358402_1.jpg,0.50
4162399508_1.jpg,11.38
4162399706_1.jpg,2.43
4162402102_1.jpg,3.01
4162415590_1.jpg,5.36
4162455755_1.jpg,6.36
4162456532_1.jpg,4.31
4162460070_1.jpg,36.81
4162547586_1.jpg,0.25
4162567679_1.jpg,6.92
4162567679_2.jpg,5.60
4162567679_3.jpg,3.47
4162574335_1.jpg,15.90
4162589302_1.jpg,5.44
4162589302_2.jpg,2.07
4162612723_1.jpg,7.82
4162612723_2.jpg,5.52
4162612723_3.jpg,2.95
4164303475_1.jpg,2.84
4164349414_1.jpg,0.48
4164362500_1.jpg,6.57
4164365306_1.jpg,37.44
4164387302_1.jpg,36.16
4164409540_1.jpg,4.95
4164409540_2.jpg,9.20
4164430358_1.jpg,0.49
4164430358_2.jpg,0.53
4165353104_1.jpg,11.79
4165353104_2.jpg,13.97
4165374235_1.jpg,6.92
4165374235_2.jpg,10.32
4165374235_3.jpg,4.40
4165374235_4.jpg,16.36
4165374239_1.jpg,0.93
4165390228_1.jpg,6.03
4165437097_1.jpg,14.76
4165441992_1.jpg,6.55
4165491198_1.jpg,3.88
4165512200_1.jpg,0.78
4165513612_1.jpg,10.91
4165513612_2.jpg,9.67
4165513612_3.jpg,9.99
4165552215_1.jpg,6.32
4165559278_1.jpg,3.58
4165586236_1.jpg,10.44
4165586236_2.jpg,1.56
4165637204_1.jpg,2.05
4165637204_2.jpg,0.51
4165637204_3.jpg,0.51
4165637204_4.jpg,1.10
4165705653_1.jpg,6.68
4165739211_1.jpg,5.34
4165739211_2.jpg,0.00
4165763913_1.jpg,8.95
4165770590_1.jpg,18.31
4165776762_1.jpg,30.54
4165802092_1.jpg,14.29
4165808967_1.jpg,14.93
4165833640_1.jpg,7.66
4165833640_2.jpg,5.38
4165833640_3.jpg,3.32
4165834280_1.jpg,18.32
4165851106_1.jpg,0.58
4165851106_2.jpg,6.66
4165867596_1.jpg,1.11
4165905572_1.jpg,18.94
4165919423_1.jpg,2.99
4165935981_1.jpg,3.75
4171172164_1.jpg,1.41
4171231037_1.jpg,7.06
4171386722_1.jpg,19.97
4171386722_2.jpg,9.83
4171420235_1.jpg,2.58
4171431114_1.jpg,2.74
4171431114_2.jpg,10.14
4171436001_1.jpg,4.85
4171436001_2.jpg,5.88
4171452031_1.jpg,3.92
4171457708_1.jpg,2.11
4171472132_1.jpg,0.53
4171472132_2.jpg,0.65
4171472132_3.jpg,0.56
4171472132_4.jpg,0.37
4171482492_1.jpg,2.54
4171482492_2.jpg,8.47
4171482492_3.jpg,0.78
4171482492_4.jpg,3.20
4171482492_5.jpg,8.45
4171482492_6.jpg,4.79
4171505304_1.jpg,0.00
4171505633_1.jpg,0.93
4171558660_1.jpg,6.86
4171564696_1.jpg,24.53
4171564696_2.jpg,6.57
4171582087_1.jpg,11.02
4171582087_2.jpg,7.21
4171582087_3.jpg,1.95
4171646961_1.jpg,23.44
4171660826_1.jpg,3.00
4171660826_2.jpg,2.54
4171660826_3.jpg,6.70
4171713543_1.jpg,15.53
4171772907_1.jpg,6.71
4171843113_1.jpg,4.34
4171843113_2.jpg,5.57
4171862941_1.jpg,4.82
4171935216_1.jpg,19.78
4171942134_1.jpg,1.87
4171948058_1.jpg,2.09
4171953535_1.jpg,4.09
4171953535_2.jpg,2.80
4171981184_1.jpg,0.29
4171981184_2.jpg,0.35
4171981184_3.jpg,0.06
4172004660_1.jpg,4.05
4172011884_1.jpg,10.85
4172110247_1.jpg,5.02
4172116271_1.jpg,7.41
4172139410_1.jpg,1.17
4172151244_1.jpg,4.26
4172164850_1.jpg,0.00
4172175921_1.jpg,6.23
4172175921_2.jpg,1.47
4172175921_3.jpg,0.94
4172184660_1.jpg,4.40
4172190318_1.jpg,8.78
4172190318_2.jpg,4.12
4172192201_1.jpg,2.00
4172192201_2.jpg,4.85
4172256399_1.jpg,2.12
4172273481_1.jpg,1.34
4172282725_1.jpg,2.79
4173437773_1.jpg,1.15
4173480975_1.jpg,5.87
4173524586_1.jpg,17.24
4173528312_1.jpg,4.19
4173538105_1.jpg,4.62
4173556748_1.jpg,0.96
4173577414_1.jpg,58.61
4173594618_1.jpg,0.53
4173594618_2.jpg,3.78
4173594618_3.jpg,3.34
4173609442_1.jpg,22.39
4173626242_1.jpg,22.63
4173635777_1.jpg,8.01
4173647392_1.jpg,59.00
4173647392_2.jpg,51.67
4176917771_1.jpg,8.66
4176987853_1.jpg,10.48
4176987853_2.jpg,6.35
4176987853_3.jpg,3.03
4177042974_1.jpg,2.28
4177093059_1.jpg,3.52
4177110210_1.jpg,0.49
4177112042_1.jpg,5.80
4177154158_1.jpg,13.35
4177196766_1.jpg,4.53
4177245626_1.jpg,4.98
4177252004_1.jpg,4.85
4177269260_1.jpg,9.91
4177269842_1.jpg,12.66
4177283517_1.jpg,7.70
4177294139_1.jpg,2.27
4177294139_2.jpg,0.60
4177319873_1.jpg,20.90
4177319873_2.jpg,50.89
4177319873_3.jpg,41.47
4177344964_1.jpg,1.83
4177345344_1.jpg,19.46
4177374419_1.jpg,11.06
4177374419_2.jpg,10.71
4177375977_1.jpg,4.56
4177400457_1.jpg,18.76
4177436438_1.jpg,3.11
4177436438_2.jpg,7.06
4177463113_1.jpg,9.05
4177463113_2.jpg,8.89
4177463113_3.jpg,5.27
4177463113_4.jpg,5.14
4177487288_1.jpg,3.76
4177487288_2.jpg,0.42
4177522546_1.jpg,8.55
4177522546_2.jpg,2.01
4177523449_1.jpg,3.70
4177533715_1.jpg,4.39
4177533715_2.jpg,4.16
4177533715_3.jpg,1.67
4177533715_4.jpg,3.56
4177564644_1.jpg,6.47
4399882817_1.jpg,1.93
4399921685_1.jpg,31.08
4399921685_2.jpg,16.37
4399965881_1.jpg,14.09
4399965881_2.jpg,3.61
4399965881_3.jpg,2.64
4399965881_4.jpg,1.51
4399975185_1.jpg,1.86
4400010826_1.jpg,11.58
4400040346_1.jpg,3.91
4400066984_1.jpg,15.95
4400084343_1.jpg,23.74
4400097217_1.jpg,5.10
4400110555_1.jpg,4.20
4400117155_1.jpg,0.39
4400121180_1.jpg,0.00
4400121180_2.jpg,2.06
4400145846_1.jpg,5.69
4400145846_2.jpg,3.14
4400145846_3.jpg,62.34
4400145969_1.jpg,24.61
4400146329_1.jpg,1.03
4400149712_1.jpg,4.09
4400175509_1.jpg,4.46
4400201878_1.jpg,1.03
4400283823_1.jpg,7.56
4400283823_2.jpg,7.58
4400283823_3.jpg,7.37
4400283823_4.jpg,8.40
4400283823_5.jpg,6.82
4400283823_6.jpg,7.98
4400296256_1.jpg,3.68
4400296256_2.jpg,9.34
4400329995_1.jpg,21.26
4400329995_2.jpg,21.51
4400329995_3.jpg,29.31
4400329995_4.jpg,33.61
4400329995_5.jpg,12.84
4400329995_6.jpg,8.87
4400335759_1.jpg,2.59
4400381837_1.jpg,0.37
4400403642_1.jpg,3.43
4400403642_2.jpg,1.33
4400410891_1.jpg,4.78
4400410891_2.jpg,2.39
4400420247_1.jpg,7.15
4400431013_1.jpg,1.65
4400436165_1.jpg,3.33
4400471946_1.jpg,14.22
4400471946_2.jpg,6.98
4401657545_1.jpg,12.91
4401683554_1.jpg,7.50
4401693763_1.jpg,4.10
4401729678_1.jpg,1.67
4404555575_1.jpg,10.72
4404555575_2.jpg,9.67
4404677380_1.jpg,24.93
4405042954_1.jpg,5.12
4405088210_1.jpg,2.05
4405088210_2.jpg,3.18
4405093213_1.jpg,2.54
4405093213_2.jpg,12.56
4405145814_1.jpg,1.97
4405162071_1.jpg,1.53
4405164073_1.jpg,2.86
4405164073_2.jpg,2.18
4405164073_3.jpg,2.87
4405164073_4.jpg,3.07
4405170132_1.jpg,0.00
4405209493_1.jpg,1.95
4405209493_2.jpg,1.90
4405209493_3.jpg,4.16
4405293709_1.jpg,14.85
4405293709_2.jpg,14.54
4405305372_1.jpg,10.94
4405320949_1.jpg,3.44
4405329365_1.jpg,5.50
4405329365_2.jpg,4.97
4405329365_3.jpg,6.60
4405329365_4.jpg,3.00
4405332436_1.jpg,7.66
4405332436_2.jpg,1.99
4405332436_3.jpg,1.44
4405332436_4.jpg,1.44
4405381302_1.jpg,3.96
4405396042_1.jpg,11.17
4405396042_2.jpg,10.77
4405396513_1.jpg,13.96
4405397435_1.jpg,8.33
4405397435_2.jpg,16.31
4405397435_3.jpg,13.44
4405397435_4.jpg,6.75
4405397435_5.jpg,4.44
4405397435_6.jpg,13.10
4405397435_7.jpg,3.13
4405397435_8.jpg,8.23
4405441555_1.jpg,1.49
4405441555_2.jpg,1.38
4405442959_1.jpg,7.15
4405442959_2.jpg,24.95
4405475314_1.jpg,0.71
4405480377_1.jpg,2.52
4405480377_2.jpg,2.58
4407152613_1.jpg,19.10
4407207147_1.jpg,9.64
4407230614_1.jpg,6.04
4407230614_2.jpg,9.95
4407230614_3.jpg,4.11
4407241060_1.jpg,3.91
4407241060_2.jpg,11.39
4407280169_1.jpg,0.81
4407280169_2.jpg,1.29
4407293267_1.jpg,0.28
4407293267_2.jpg,1.47
4407328952_1.jpg,1.15
4407371891_1.jpg,7.84
4407371891_2.jpg,32.68
4407466313_1.jpg,14.78
4407495831_1.jpg,11.17
4407497810_1.jpg,0.64
4407498476_1.jpg,3.19
4407498879_1.jpg,6.93
4407498879_2.jpg,7.36
4407498879_3.jpg,7.92
4407498879_4.jpg,8.22
4407507818_1.jpg,1.04
4407547502_1.jpg,3.93
4407552506_1.jpg,3.76
4407579605_1.jpg,3.62
4407593359_1.jpg,10.84
4407593359_2.jpg,3.18
4407644415_1.jpg,1.25
4407658543_1.jpg,3.43
4408188226_1.jpg,21.64
4408188226_2.jpg,24.07
4408188226_3.jpg,15.60
4408407477_1.jpg,2.30
4408407477_2.jpg,2.00
4408495918_1.jpg,0.30
4408495918_2.jpg,0.46
4408558749_1.jpg,3.19
4408616857_1.jpg,4.08
4408616857_2.jpg,9.32
4408688359_1.jpg,0.55
4408688359_2.jpg,0.72
4408688359_3.jpg,1.13
4408696094_1.jpg,8.09
4408702344_1.jpg,13.40
4408702344_2.jpg,4.82
4408702344_3.jpg,2.68
4408707857_1.jpg,1.75
4408929122_1.jpg,4.55
4408929122_2.jpg,1.37
4409043474_1.jpg,11.23
4409060762_1.jpg,5.28
4409062692_1.jpg,8.89
4409078922_1.jpg,3.77
4409085725_1.jpg,1.52
4409170263_1.jpg,8.08
4409170263_2.jpg,27.97
4409170263_3.jpg,12.35
4409281087_1.jpg,4.96
4409308860_1.jpg,19.82
4409354757_1.jpg,6.32
4409365719_1.jpg,6.60
4409480853_1.jpg,14.59
4409480853_2.jpg,21.94
4409480853_3.jpg,19.01
4409604563_1.jpg,3.30
4409606714_1.jpg,3.55
4409606714_2.jpg,7.19
4409606714_3.jpg,8.65
4409606714_4.jpg,3.62
4409684300_1.jpg,36.67
4409751728_1.jpg,3.28
4409774387_1.jpg,24.95
4409892848_1.jpg,2.60
4409939838_1.jpg,16.52
4409939838_2.jpg,8.08
4409939838_3.jpg,14.17
4409939838_4.jpg,17.26
4409939838_5.jpg,17.68
4409939987_1.jpg,13.11
4410012456_1.jpg,3.00
4410012456_2.jpg,5.70
4410012456_3.jpg,12.32
4410012456_4.jpg,7.85
4410040153_1.jpg,15.68
4410105758_1.jpg,5.64
4410169525_1.jpg,7.28
4410208352_1.jpg,4.09
4410267120_1.jpg,6.24
4410296409_1.jpg,1.65
4410296409_2.jpg,5.16
4410320769_1.jpg,17.96
4410397183_1.jpg,27.05
4410417209_1.jpg,22.50
4410417209_2.jpg,25.19
4410417209_3.jpg,59.27
4410496352_1.jpg,4.52
4410538203_1.jpg,36.71
4410538203_2.jpg,36.88
4410538203_3.jpg,32.66
4410538203_4.jpg,13.19
4410538203_5.jpg,39.40
4410555475_1.jpg,3.41
4410675998_1.jpg,4.15
4410713626_1.jpg,4.92
4410713626_2.jpg,0.68
4410719894_1.jpg,3.23
4410825756_1.jpg,9.58
4410842754_1.jpg,6.86
4413384887_1.jpg,1.42
4413384887_2.jpg,2.91
4413384887_3.jpg,6.15
4413399293_1.jpg,1.47
4413401039_1.jpg,5.08
4413401039_2.jpg,2.92
4413401039_3.jpg,1.04
4413401039_4.jpg,2.50
4413401039_5.jpg,1.66
4413401039_6.jpg,0.40
4413461154_1.jpg,3.23
4413461154_2.jpg,6.62
4413461154_3.jpg,1.09
4413461154_4.jpg,0.40
4413461154_5.jpg,6.45
4413461154_6.jpg,6.37
4413461154_7.jpg,6.75
4413461154_8.jpg,4.28
4413461154_9.jpg,8.62
4413461283_1.jpg,1.22
4413653058_1.jpg,1.52
4413653058_2.jpg,1.48
4413678469_1.jpg,29.58
4413678469_10.jpg,26.11
4413678469_2.jpg,7.83
4413678469_3.jpg,5.31
4413678469_4.jpg,10.47
4413678469_5.jpg,6.15
4413678469_6.jpg,12.87
4413678469_7.jpg,11.86
4413678469_8.jpg,7.47
4413678469_9.jpg,20.23
4413701852_1.jpg,0.73
4413701852_2.jpg,0.19
4413701852_3.jpg,0.06
4413701852_4.jpg,0.24
4413701852_5.jpg,0.89
4413701852_6.jpg,1.11
4413701852_7.jpg,1.00
4413730429_1.jpg,12.23
4413730429_2.jpg,4.39
4413730429_3.jpg,0.14
4413730429_4.jpg,0.04
4413743474_1.jpg,0.95
4413743474_2.jpg,0.92
4413748206_1.jpg,2.14
4413748206_2.jpg,0.90
4413748206_3.jpg,0.30
4413748206_4.jpg,0.24
4413748206_5.jpg,0.56
4413748206_6.jpg,0.29
4413773065_1.jpg,2.75
4413780610_1.jpg,2.24
4413791004_1.jpg,6.15
4413791004_2.jpg,8.53
4413818191_1.jpg,7.65
4413818191_2.jpg,10.89
4413835396_1.jpg,21.51
4413835396_2.jpg,0.17
4413835396_3.jpg,27.29
4413835396_4.jpg,0.05
4413835396_5.jpg,0.71
4413835396_6.jpg,0.00
4413867887_1.jpg,4.91
4413867887_2.jpg,7.27
4413867887_3.jpg,2.95
4413907976_1.jpg,3.54
4413907976_2.jpg,9.65
4413916551_1.jpg,10.24
4413940858_1.jpg,4.60
4413942251_1.jpg,4.76
4413942879_1.jpg,3.06
4413956253_1.jpg,7.81
4413956253_2.jpg,3.71
4413969189_1.jpg,0.23
4413969189_2.jpg,0.03
4413969189_3.jpg,0.00
4413969189_4.jpg,0.00
4413969189_5.jpg,0.00
4413969189_6.jpg,0.41
4413969189_7.jpg,0.00
4414000960_1.jpg,9.68
4414021925_1.jpg,11.32
4414021925_2.jpg,8.86
4414021925_3.jpg,34.71
4414021925_4.jpg,13.50
4414021925_5.jpg,11.71
4414024836_1.jpg,2.90
4414024836_2.jpg,0.00
4414024836_3.jpg,0.00
4414024836_4.jpg,0.45
4414024836_5.jpg,0.09
4414060016_1.jpg,3.31
4414073448_1.jpg,1.66
4414111237_1.jpg,0.64
4414111237_2.jpg,0.16
4414111237_3.jpg,2.46
4414111237_4.jpg,0.80
4414111237_5.jpg,0.67
4414111237_6.jpg,0.48
4414111237_7.jpg,1.20
4414115155_1.jpg,3.90
4414115155_2.jpg,7.86
4414137060_1.jpg,6.53
4414138955_1.jpg,0.15
4414138955_2.jpg,0.07
4414138955_3.jpg,0.00
4414138955_4.jpg,0.11
4414138955_5.jpg,0.14
4414171695_1.jpg,5.24
4414171695_2.jpg,0.41
4414171695_3.jpg,0.20
4414171695_4.jpg,2.89
4414177512_1.jpg,0.98
4414177512_2.jpg,0.91
4414181154_1.jpg,3.96
4414196232_1.jpg,2.01
4414196232_10.jpg,0.59
4414196232_2.jpg,0.00
4414196232_3.jpg,0.92
4414196232_4.jpg,0.97
4414196232_5.jpg,0.06
4414196232_6.jpg,0.00
4414196232_7.jpg,0.72
4414196232_8.jpg,0.85
4414196232_9.jpg,0.00
4414205052_1.jpg,0.13
4414205052_2.jpg,0.00
4414205052_3.jpg,13.28
4414205052_4.jpg,0.00
4414205052_5.jpg,0.00
4414222355_1.jpg,3.45
4414222355_2.jpg,4.50
4414222355_3.jpg,4.10
4414257375_1.jpg,4.24
4414266110_1.jpg,5.19
4414269850_1.jpg,2.31
4414269850_2.jpg,3.76
4414292848_1.jpg,0.00
4414292848_2.jpg,0.00
4414292848_3.jpg,0.00
4414292848_4.jpg,0.05
4414292848_5.jpg,0.00
4414292848_6.jpg,0.03
4414321890_1.jpg,2.89
4414324454_1.jpg,1.87
4414354397_1.jpg,0.29
4414354397_2.jpg,0.00
4414354397_3.jpg,0.00
4414354397_4.jpg,0.58
4414370685_1.jpg,2.35
4414370685_2.jpg,1.33
4414376638_1.jpg,5.29
4414376638_2.jpg,0.06
4414376638_3.jpg,1.11
4414385848_1.jpg,3.17
4414385848_2.jpg,2.62
4414391557_1.jpg,6.61
4414391557_2.jpg,11.16
4414391557_3.jpg,4.51
4414391557_4.jpg,1.59
4414408126_1.jpg,3.05
4414417508_1.jpg,13.67
4414417508_2.jpg,1.54
4414417508_3.jpg,0.06
4414417508_4.jpg,0.00
4414417508_5.jpg,2.97
4414417508_6.jpg,2.18
4414423532_1.jpg,9.04
4414425319_1.jpg,2.33
4414425319_2.jpg,14.50
4414425319_3.jpg,4.61
4414425319_4.jpg,5.49
4414425319_5.jpg,2.98
4416022360_1.jpg,0.07
4416022360_2.jpg,7.90
4416022360_3.jpg,0.20
4416022360_4.jpg,1.75
4416022360_5.jpg,0.20
4416022360_6.jpg,4.83
4416034551_1.jpg,2.18
4416034551_2.jpg,5.45
4416038995_1.jpg,13.98
4416072731_1.jpg,0.00
4416072731_2.jpg,0.61
4416072731_3.jpg,0.00
4416072731_4.jpg,14.62
4416076879_1.jpg,31.49
4416092582_1.jpg,8.23
4416107557_1.jpg,33.36
4416132801_1.jpg,10.19
4416173097_1.jpg,8.78
4416672102_1.jpg,27.27
4416672102_2.jpg,20.97
4416685936_1.jpg,13.47
4416685936_2.jpg,13.74
4416685936_3.jpg,2.88
4416713280_1.jpg,6.57
4416713280_2.jpg,7.91
4416732853_1.jpg,68.27
4416732853_2.jpg,68.27
4416732853_3.jpg,19.32
4416732853_4.jpg,2.74
4416732853_5.jpg,36.43
4416732853_6.jpg,2.11
4416732853_7.jpg,0.79
4416732853_8.jpg,7.31
4416757767_1.jpg,9.68
4416797965_1.jpg,0.57
4416797965_2.jpg,0.00
4416797965_3.jpg,0.74
4416797965_4.jpg,0.00
4416797965_5.jpg,0.00
4416797965_6.jpg,0.01
4416837701_1.jpg,0.48
4416837701_2.jpg,0.00
4416837701_3.jpg,0.00
4416837701_4.jpg,0.00
4416841707_1.jpg,2.54
4416841707_2.jpg,0.31
4416841707_3.jpg,0.57
4416841707_4.jpg,0.51
4416841707_5.jpg,0.00
4416857205_1.jpg,11.58
4416857205_2.jpg,10.01
4416857205_3.jpg,3.39
4416857205_4.jpg,9.11
4416860968_1.jpg,28.58
4416860968_2.jpg,35.48
4416866666_1.jpg,7.33
4416866666_2.jpg,21.54
4416866666_3.jpg,12.88
4416866666_4.jpg,8.87
4416910679_1.jpg,19.65
4416916243_1.jpg,20.79
4416916243_2.jpg,0.24
4416916243_3.jpg,4.71
4416916243_4.jpg,0.00
4416916243_5.jpg,0.17
4416916243_6.jpg,2.88
4416916243_7.jpg,2.69
4416931160_1.jpg,3.34
4416933295_1.jpg,3.82
4416933295_2.jpg,0.02
4416933295_3.jpg,1.30
4416933295_4.jpg,0.84
4416933295_5.jpg,0.28
4416933996_1.jpg,3.54
4416953747_1.jpg,3.24
4416965824_1.jpg,1.54
4416970256_1.jpg,1.10
4416970256_2.jpg,0.01
4416970256_3.jpg,0.41
4416970256_4.jpg,0.52
4416977379_1.jpg,19.40
4416977379_2.jpg,4.27
4416977379_3.jpg,10.18
4416977379_4.jpg,1.61
4416977379_5.jpg,8.08
4417015665_1.jpg,5.36
4417030621_1.jpg,22.47
4417030621_2.jpg,1.91
4417056541_1.jpg,2.46
4417056541_2.jpg,0.91
4417056541_3.jpg,0.69
4417056541_4.jpg,0.79
4417056541_5.jpg,0.68
4417056541_6.jpg,0.00
4417056711_1.jpg,6.06
4417074681_1.jpg,0.32
4417074681_2.jpg,0.00
4417074681_3.jpg,0.41
4417074681_4.jpg,0.26
4417074681_5.jpg,0.26
4417074681_6.jpg,0.00
4417074681_7.jpg,0.00
4417074681_8.jpg,0.00
4417090308_1.jpg,4.08
4417090308_2.jpg,4.80
4417090308_3.jpg,12.91
4417090308_4.jpg,38.16
4417090308_5.jpg,4.30
4417102394_1.jpg,9.96
4417102394_2.jpg,1.21
4417102394_3.jpg,0.37
4417102394_4.jpg,0.85
4417102394_5.jpg,3.46
4417102394_6.jpg,0.00
4417108369_1.jpg,0.32
4417108369_2.jpg,0.00
4417108369_3.jpg,0.00
4417108369_4.jpg,0.38
4417108369_5.jpg,0.20
4417108369_6.jpg,0.20
4417108369_7.jpg,0.07
4417118771_1.jpg,2.42
4419168301_1.jpg,0.80
4419190304_1.jpg,21.40
4419217321_1.jpg,8.29
4419247475_1.jpg,8.60
4419247475_2.jpg,3.75
4419247475_3.jpg,0.00
4419247475_4.jpg,2.41
4420676227_1.jpg,5.88
4420676227_2.jpg,0.61
4420736048_1.jpg,2.86
4420736048_2.jpg,0.32
4420736048_3.jpg,0.57
4420740914_1.jpg,14.53
4420807585_1.jpg,1.45
4420807585_2.jpg,0.48
4420898776_1.jpg,3.00
4420900852_1.jpg,5.97
4420900852_2.jpg,2.25
4420900852_3.jpg,1.09
4420920191_1.jpg,4.63
4420920191_2.jpg,8.85
4420946849_1.jpg,6.42
4420963970_1.jpg,12.29
4420963970_2.jpg,6.21
4420963970_3.jpg,0.31
4420963970_4.jpg,0.69
4421002981_1.jpg,9.05
4421002981_2.jpg,4.25
4421002981_3.jpg,4.09
4421060178_1.jpg,7.21
4421060178_2.jpg,12.74
4421060178_3.jpg,10.01
4421077271_1.jpg,7.94
4421100421_1.jpg,8.10
4421100421_2.jpg,1.98
4421100421_3.jpg,3.85
4421102390_1.jpg,10.04
4421102390_2.jpg,12.98
4421108485_1.jpg,13.05
4421108485_2.jpg,13.27
4421108485_3.jpg,7.84
4421110803_1.jpg,10.27
4421141155_1.jpg,1.84
4421183892_1.jpg,14.85
4421192377_1.jpg,15.31
4421271747_1.jpg,31.59
4421271747_2.jpg,2.23
4421271747_3.jpg,5.01
4421271747_4.jpg,9.02
4421271747_5.jpg,2.24
4421271747_6.jpg,1.35
4423393342_1.jpg,14.69
4423393342_2.jpg,2.13
4423434302_1.jpg,3.13
4423439528_1.jpg,4.22
4423439528_2.jpg,17.35
4424144685_1.jpg,2.01
4424204441_1.jpg,24.27
4424274580_1.jpg,11.66
4424286035_1.jpg,18.98
4424286530_1.jpg,15.36
4424286530_2.jpg,10.38
4424286530_3.jpg,8.23
4424289424_1.jpg,5.96
4424300677_1.jpg,36.61
4424300677_2.jpg,10.80
4424300677_3.jpg,11.05
4424435665_1.jpg,37.48
4424435665_2.jpg,21.90
4424442960_1.jpg,7.40
4424442960_2.jpg,7.17
4424483409_1.jpg,34.50
4424483409_2.jpg,7.00
4424483409_3.jpg,3.10
4424496020_1.jpg,3.69
4424551627_1.jpg,12.49
4424551627_2.jpg,26.90
4424568203_1.jpg,4.68
4424628765_1.jpg,11.13
4430418848_1.jpg,6.24
4430494471_1.jpg,16.14
4430494471_2.jpg,23.37
4430494471_3.jpg,4.46
4430546241_1.jpg,1.52
4430546241_2.jpg,1.78
4430546241_3.jpg,2.94
4430588201_1.jpg,2.89
4430588201_2.jpg,5.90
4430657563_1.jpg,1.78
4430690323_1.jpg,1.99
4430697261_1.jpg,12.18
4430793559_1.jpg,2.65
4430838266_1.jpg,10.36
4430838266_2.jpg,13.15
4430838266_3.jpg,4.84
4430924574_1.jpg,2.81
4430976299_1.jpg,8.56
4431032072_1.jpg,0.48
4431080145_1.jpg,3.00
4431126574_1.jpg,2.53
4431126574_2.jpg,3.28
4431126574_3.jpg,1.99
4431126574_4.jpg,1.62
4431131846_1.jpg,2.22
4431131846_2.jpg,4.41
4431251850_1.jpg,27.72
4431261658_1.jpg,35.42
4431261658_2.jpg,21.96
4431261658_3.jpg,26.24
4431261658_4.jpg,25.80
4431261658_5.jpg,49.71
4431261658_6.jpg,22.10
4436213244_1.jpg,6.44
4437125385_1.jpg,3.32
4437200803_1.jpg,21.46
4437205222_1.jpg,9.60
4437213878_1.jpg,2.68
4438231353_1.jpg,0.93
4438785173_1.jpg,5.97
4438785173_2.jpg,2.25
4438785173_3.jpg,1.09
4439006163_1.jpg,4.60
4440799901_1.jpg,7.93
4440816730_1.jpg,35.02
4440831119_1.jpg,1.52
4440831119_2.jpg,1.48
4440841793_1.jpg,28.52
4440936356_1.jpg,1.64
4440959269_1.jpg,1.20
4440959269_2.jpg,1.66
4442433808_1.jpg,13.97
4442539279_1.jpg,3.61
4453758221_1.jpg,5.71
4453858226_1.jpg,5.57
4453862240_1.jpg,12.90
4453998944_1.jpg,2.05
4454016294_1.jpg,4.76
4454017213_1.jpg,25.77
4454017213_2.jpg,21.21
4454017213_3.jpg,24.17
4454017213_4.jpg,16.66
4454056967_1.jpg,34.91
4454251918_1.jpg,1.59
4454255265_1.jpg,4.34
4459081436_1.jpg,4.99
4459081436_2.jpg,29.77
4459358504_1.jpg,25.03
4459363195_1.jpg,9.48
4459366375_1.jpg,5.60
4459381343_1.jpg,8.37
4459395562_1.jpg,2.66
4459423411_1.jpg,12.26
4459424250_1.jpg,5.43
4459464848_1.jpg,14.62
4459465965_1.jpg,23.05
4459465965_2.jpg,4.88
4459475855_1.jpg,7.40
4459490763_1.jpg,3.19
4459497709_1.jpg,1.20
4459511258_1.jpg,13.03
4459513100_1.jpg,1.57
4459515216_1.jpg,0.52
4459515216_2.jpg,2.85
4459522459_1.jpg,4.29
4459524832_1.jpg,3.24
4459529845_1.jpg,9.01
4459532895_1.jpg,4.11
4459532895_2.jpg,4.11
4459532895_3.jpg,10.79
4459532895_4.jpg,4.07
4459540481_1.jpg,6.54
4459540481_2.jpg,5.40
4459551459_1.jpg,8.06
4459553465_1.jpg,8.48
4459559028_1.jpg,8.75
4459600831_1.jpg,9.50
4459602488_1.jpg,9.52
4459606855_1.jpg,3.42
4459615662_1.jpg,20.29
4459623913_1.jpg,9.65
4459646538_1.jpg,1.10
4459646538_2.jpg,0.87
4459646538_3.jpg,1.77
4459646686_1.jpg,6.04
4459646686_2.jpg,2.92
4459646686_3.jpg,6.87
4459662682_1.jpg,23.84
4459662682_2.jpg,20.56
4459662682_3.jpg,27.79
4459662682_4.jpg,29.57
4459675416_1.jpg,2.95
4459675738_1.jpg,22.75
4459705400_1.jpg,4.26
4459705416_1.jpg,5.17
4459715222_1.jpg,8.00
4459716855_1.jpg,24.33
4459729312_1.jpg,2.59
4459739228_1.jpg,2.44
4459761563_1.jpg,4.57
4459770771_1.jpg,2.66
4459778879_1.jpg,36.29
4459778879_2.jpg,13.70
4459778879_3.jpg,9.13
4459791638_1.jpg,3.60
4459793105_1.jpg,7.15
4459808406_1.jpg,39.78
4459813322_1.jpg,13.49
4459919553_1.jpg,17.24
4459948182_1.jpg,17.34
4460024898_1.jpg,5.99
4460052951_1.jpg,3.96
4460076791_1.jpg,3.71
4460169747_1.jpg,2.44
4460190208_1.jpg,1.85
4460202682_1.jpg,6.59
4460241331_1.jpg,4.94
4460241437_1.jpg,11.16
4460242572_1.jpg,11.26
4460275753_1.jpg,20.69
4460313613_1.jpg,3.45
4460321603_1.jpg,2.10
4460367347_1.jpg,9.94
4460386545_1.jpg,5.14
4460387112_1.jpg,5.23
4460404377_1.jpg,0.63
4460421931_1.jpg,4.45
4460421959_1.jpg,9.53
4460421959_2.jpg,13.06
4460421959_3.jpg,13.11
4460450574_1.jpg,14.40
4460518681_1.jpg,34.75
4460520718_1.jpg,2.91
4460528340_1.jpg,3.21
4460543534_1.jpg,5.11
4460593327_1.jpg,30.05
4460632508_1.jpg,2.88
4460640851_1.jpg,31.05
4460640851_2.jpg,14.72
4460640851_3.jpg,34.53
4460640851_4.jpg,34.42
4460644759_1.jpg,31.56
4460692092_1.jpg,11.95
4460723373_1.jpg,3.64
4460779434_1.jpg,5.05
4460802490_1.jpg,0.92
4460802588_1.jpg,15.60
4460836711_1.jpg,11.04
4460888695_1.jpg,27.15
4460960454_1.jpg,3.40
4460961617_1.jpg,10.32
4461033117_1.jpg,4.59
4461072872_1.jpg,1.48
4461112383_1.jpg,9.13
4461115795_1.jpg,3.29
4461128914_1.jpg,7.49
4461133326_1.jpg,3.36
4461218627_1.jpg,8.36
4461257783_1.jpg,13.84
4461278201_1.jpg,0.47
4461293341_1.jpg,4.47
4461338964_1.jpg,8.18
4461409155_1.jpg,7.01
4461409155_2.jpg,9.55
4461409155_3.jpg,4.82
4461420323_1.jpg,0.71
4461466059_1.jpg,1.02
4461471945_1.jpg,18.05
4461511665_1.jpg,4.69
4461511814_1.jpg,2.30
4461522166_1.jpg,12.30
4461595518_1.jpg,9.55
4461609713_1.jpg,8.54
4461654652_1.jpg,8.41
4461654652_2.jpg,6.11
4461683671_1.jpg,21.64
4461707820_1.jpg,15.75
4461817333_1.jpg,13.51
4461818093_1.jpg,11.21
4461836332_1.jpg,31.88
4461836332_2.jpg,56.76
4461836332_3.jpg,1.24
4461836332_4.jpg,14.61
4461836332_5.jpg,10.14
4461837145_1.jpg,0.22
4461854150_1.jpg,3.67
4461984116_1.jpg,25.87
4462001098_1.jpg,2.74
4462045799_1.jpg,2.23
4462045799_2.jpg,3.40
4462045799_3.jpg,2.64
4462058565_1.jpg,11.31
4462058565_2.jpg,12.38
4462058565_3.jpg,15.29
4462068857_1.jpg,3.35
4462075846_1.jpg,2.78
4462116118_1.jpg,60.47
4462121258_1.jpg,5.39
4462185025_1.jpg,19.52
4462189148_1.jpg,17.04
4462215802_1.jpg,3.96
4462215802_2.jpg,4.30
4462240358_1.jpg,10.41
4462413586_1.jpg,15.25
4462420401_1.jpg,10.18
4462442901_1.jpg,11.47
4462499034_1.jpg,2.41
4465421938_1.jpg,10.03
4465448710_1.jpg,5.59
4465448710_2.jpg,5.92
4465448710_3.jpg,1.67
4466017584_1.jpg,15.25
4500791807_1.jpg,5.53
4500868666_1.jpg,1.14
4500868666_2.jpg,1.72
4500868666_3.jpg,0.97
4500878884_1.jpg,12.41
4500878884_2.jpg,16.49
4500878884_3.jpg,9.06
4500882656_1.jpg,20.68
4500886734_1.jpg,2.93
4500923309_1.jpg,8.86
4500923309_2.jpg,4.93
4506299705_1.jpg,46.86
4506359396_1.jpg,4.11
4506359396_2.jpg,1.64
4506359396_3.jpg,1.04
4506446943_1.jpg,3.51
4506446943_2.jpg,6.00
4506446943_3.jpg,2.65
4506446943_4.jpg,5.46
4506454099_1.jpg,1.81
4506454099_2.jpg,1.22
4506494354_1.jpg,4.31
4507945027_1.jpg,31.91
4510349271_1.jpg,3.89
4510349271_2.jpg,3.59
4512074280_1.jpg,2.37
4512425174_1.jpg,51.22
4513840309_1.jpg,3.46
4516199657_1.jpg,9.49
4516199657_2.jpg,11.69
4516199657_3.jpg,1.75
4516217344_1.jpg,10.43
4516217344_2.jpg,5.39
4516229366_1.jpg,2.92
4516494636_1.jpg,5.97
4516559395_1.jpg,8.11
4516567701_1.jpg,3.15
4516567701_2.jpg,2.01
4516640056_1.jpg,6.26
4516640056_2.jpg,2.63
4516898602_1.jpg,4.30
4516898602_2.jpg,2.65
4516921338_1.jpg,0.98
4519197997_1.jpg,10.81
4519197997_2.jpg,8.76
4519271198_1.jpg,3.82
4519327572_1.jpg,6.06
4520287307_1.jpg,2.95
4522762086_1.jpg,7.69
4522762086_2.jpg,2.14
4522762086_3.jpg,2.78
4522777588_1.jpg,16.94
4524919587_1.jpg,0.29
4524919587_2.jpg,0.06
4524919587_3.jpg,0.86
4524936890_1.jpg,3.50
4524957561_1.jpg,7.87
4524961857_1.jpg,49.85
4524961857_2.jpg,44.15
4524961857_3.jpg,30.60
4524961857_4.jpg,38.00
4524961857_5.jpg,42.45
4525003874_1.jpg,0.97
4528029104_1.jpg,4.37
4528184363_1.jpg,6.58
4528330454_1.jpg,1.49
4528337017_1.jpg,23.98
4528337017_2.jpg,27.40
4528337017_3.jpg,15.10
4528373456_1.jpg,2.78
4535657342_1.jpg,22.75
4535657342_2.jpg,36.09
4535673448_1.jpg,9.95
4535706765_1.jpg,6.31
4535738252_1.jpg,5.99
4535765649_1.jpg,8.74
4535912043_1.jpg,9.11
4535930368_1.jpg,34.47
4535949393_1.jpg,32.23
4535999686_1.jpg,3.21
4537213332_1.jpg,7.68
4537231483_1.jpg,36.49
4537242473_1.jpg,24.83
4537256672_1.jpg,2.85
4537258621_1.jpg,2.06
4538197056_2.jpg,1.38
4538201045_1.jpg,5.33
4538203979_1.jpg,1.27
4538207219_1.jpg,1.80
4538209349_1.jpg,1.28
4538210314_1.jpg,2.27
4538211316_1.jpg,4.98
4538218206_1.jpg,0.22
4538218206_2.jpg,3.30
4538277074_2.jpg,3.74
4538277074_3.jpg,2.74
4539497732_1.jpg,4.39
4539517354_1.jpg,2.31
4596812731_1.jpg,3.47
4596812731_2.jpg,2.30
4596812731_3.jpg,0.26
4596812731_4.jpg,0.16
4596855210_1.jpg,0.66
4596855210_2.jpg,0.80
4596855210_3.jpg,0.47
4596994753_1.jpg,13.75
4597002273_1.jpg,22.77
4597025623_1.jpg,10.85
4597044947_1.jpg,5.76
4597047376_1.jpg,1.02
4597047376_2.jpg,1.06
4597061985_1.jpg,9.08
4597061985_2.jpg,13.75
4597061985_3.jpg,1.45
4597077374_1.jpg,12.36
4597182440_1.jpg,9.93
4597350331_1.jpg,12.63
4597397496_1.jpg,33.78
4597475265_1.jpg,12.86
4597542972_1.jpg,1.21
4597568564_1.jpg,27.35
4597588663_1.jpg,2.88
4598492524_1.jpg,0.00
4598492524_2.jpg,3.91
4598501832_1.jpg,5.69
4598506619_1.jpg,6.20
4599845787_1.jpg,4.40
4599869646_1.jpg,6.78
4599901869_1.jpg,3.71
4599952217_1.jpg,0.80
4599963133_1.jpg,12.71
4599986984_1.jpg,54.37
4600047811_1.jpg,3.18
4600051892_1.jpg,6.33
4600055818_1.jpg,33.58
4600055818_2.jpg,20.78
4600065588_1.jpg,25.86
4600129925_1.jpg,19.59
4600129925_2.jpg,19.10
4600130944_1.jpg,61.95
4600208385_1.jpg,4.88
4600208385_2.jpg,13.13
4603637913_1.jpg,3.12
4603651844_1.jpg,27.64
4603651844_2.jpg,22.62
4603745252_1.jpg,14.70
4606574156_1.jpg,3.45
4606639687_1.jpg,16.34
4606642141_1.jpg,6.24
4606647014_1.jpg,17.39
4606664253_1.jpg,31.27
4606666683_1.jpg,13.95
4606666683_2.jpg,6.42
4606666683_3.jpg,6.08
4606666683_4.jpg,6.32
4606673674_1.jpg,17.03
4606684100_1.jpg,14.72
4606693932_1.jpg,15.12
4606693932_2.jpg,18.94
4606693932_3.jpg,16.17
4606696453_1.jpg,1.76
4606698379_1.jpg,3.77
4606701413_1.jpg,5.07
4606709003_1.jpg,34.51
4606718267_1.jpg,6.02
4606748431_1.jpg,9.65
4606751817_1.jpg,12.90
4606759377_1.jpg,4.75
4606762212_1.jpg,4.68
4606767531_1.jpg,1.92
4606779376_1.jpg,16.87
4606779376_2.jpg,57.33
4606799908_1.jpg,6.37
4606808691_1.jpg,22.90
4606808691_10.jpg,18.35
4606808691_11.jpg,11.57
4606808691_12.jpg,10.86
4606808691_13.jpg,29.85
4606808691_14.jpg,17.65
4606808691_15.jpg,22.98
4606808691_2.jpg,15.18
4606808691_3.jpg,15.61
4606808691_4.jpg,37.75
4606808691_5.jpg,37.51
4606808691_6.jpg,21.43
4606808691_7.jpg,26.05
4606808691_8.jpg,0.24
4606808691_9.jpg,21.05
4606837265_1.jpg,0.90
4606837265_2.jpg,2.97
4606837265_3.jpg,5.04
4606845261_1.jpg,20.26
4606852626_1.jpg,14.87
4606875166_1.jpg,10.64
4606878334_1.jpg,1.22
4606878334_2.jpg,1.30
4606878334_3.jpg,0.97
4606901158_1.jpg,2.81
4606908708_1.jpg,18.81
4606911067_1.jpg,11.67
4606911067_2.jpg,11.39
4606911067_3.jpg,12.81
4606911067_4.jpg,13.20
4606911067_5.jpg,35.52
4606911067_6.jpg,31.15
4606911067_7.jpg,10.29
4606911067_8.jpg,11.10
4606911067_9.jpg,11.67
4606915636_1.jpg,8.99
4606919347_1.jpg,22.67
4606919347_2.jpg,6.85
4606919450_1.jpg,25.25
4606929150_1.jpg,10.63
4606929150_2.jpg,18.23
4606945189_1.jpg,22.22
4606946353_1.jpg,18.12
4606948886_1.jpg,17.15
4606963968_1.jpg,25.04
4606963968_2.jpg,11.56
4606963968_3.jpg,11.46
4606963968_4.jpg,12.61
4606963968_5.jpg,26.91
4606987141_1.jpg,24.23
4606987141_2.jpg,5.95
4607016278_1.jpg,0.80
4607016278_2.jpg,14.02
4607016278_3.jpg,12.41
4607019955_1.jpg,1.92
4607019955_2.jpg,4.29
4607031541_1.jpg,22.00
4607041878_1.jpg,17.52
4607047472_1.jpg,18.95
4607052185_1.jpg,2.14
4607063896_1.jpg,3.27
4607063896_2.jpg,1.15
4607076882_1.jpg,2.64
4607085505_1.jpg,15.85
4607116663_1.jpg,4.85
4607150279_1.jpg,10.90
4607150279_2.jpg,12.67
4607183755_1.jpg,3.52
4607191101_1.jpg,9.31
4607206529_1.jpg,4.48
4607219551_1.jpg,11.74
4607250683_1.jpg,23.60
4607250683_10.jpg,1.67
4607250683_11.jpg,9.22
4607250683_12.jpg,13.81
4607250683_13.jpg,37.26
4607250683_2.jpg,15.43
4607250683_3.jpg,9.52
4607250683_4.jpg,15.91
4607250683_5.jpg,13.23
4607250683_6.jpg,24.76
4607250683_7.jpg,28.89
4607250683_8.jpg,8.01
4607250683_9.jpg,7.87
4607299360_1.jpg,4.04
4607299360_2.jpg,0.87
4607299360_3.jpg,2.44
4607299360_4.jpg,1.36
4607328768_1.jpg,20.60
4607332765_1.jpg,19.45
4607332765_2.jpg,13.94
4607332765_3.jpg,2.36
4607332765_4.jpg,0.00
4607354269_1.jpg,8.58
4607364024_1.jpg,0.44
4607364024_10.jpg,25.24
4607364024_11.jpg,7.71
4607364024_2.jpg,2.98
4607364024_3.jpg,35.87
4607364024_4.jpg,35.81
4607364024_5.jpg,18.18
4607364024_6.jpg,20.83
4607364024_7.jpg,25.60
4607364024_8.jpg,14.03
4607364024_9.jpg,4.50
4607372008_1.jpg,5.63
4607375978_1.jpg,12.81
4607388416_1.jpg,2.44
4607388417_1.jpg,3.22
4607405493_1.jpg,19.16
4607417357_1.jpg,11.50
4607437360_1.jpg,14.27
4607437360_2.jpg,7.41
4607446225_1.jpg,4.58
4607446225_2.jpg,5.80
4607467426_1.jpg,5.69
4607473939_1.jpg,14.76
4607484424_1.jpg,1.96
4607533698_1.jpg,51.48
4607533698_2.jpg,48.66
4607533698_3.jpg,75.25
4607533698_4.jpg,46.41
4607533698_5.jpg,25.04
4607533698_6.jpg,28.93
4607533904_1.jpg,13.39
4607543622_1.jpg,31.54
4607543622_2.jpg,40.45
4607543622_3.jpg,34.52
4607554007_1.jpg,26.70
4607554007_2.jpg,14.27
4607559156_1.jpg,8.85
4607564608_1.jpg,9.56
4607564608_2.jpg,1.06
4607564608_3.jpg,0.56
4607589901_1.jpg,3.85
4607589901_2.jpg,18.73
4607599585_1.jpg,5.40
4607660527_1.jpg,4.90
4607660527_2.jpg,6.64
4607660527_3.jpg,3.92
4607660527_4.jpg,3.30
4607669844_1.jpg,10.00
4607669844_2.jpg,37.85
4607669844_3.jpg,7.58
4608418017_1.jpg,0.00
4608418017_2.jpg,1.86
4608425914_1.jpg,38.38
4608429467_1.jpg,15.16
4608429467_2.jpg,30.37
4608455668_1.jpg,0.00
4608455668_2.jpg,0.02
4608467403_1.jpg,31.76
4608467403_2.jpg,26.17
4608467403_3.jpg,28.86
4608467403_4.jpg,19.40
4608467403_5.jpg,34.55
4608469961_1.jpg,25.00
4608472636_1.jpg,27.75
4846767237_1.jpg,14.12
4846767237_2.jpg,17.34
4846871439_1.jpg,17.94
4846896547_1.jpg,4.57
4846911739_1.jpg,14.35
4846941064_1.jpg,3.26
4846941144_1.jpg,1.05
4846959213_1.jpg,10.84
4846988935_1.jpg,4.60
4847008858_1.jpg,9.04
4847054295_1.jpg,1.59
4847057416_1.jpg,7.22
4847063785_1.jpg,8.90
4847090527_1.jpg,16.14
4847123210_1.jpg,5.41
4847165083_1.jpg,15.75
4847220488_1.jpg,10.27
4847229526_1.jpg,4.89
4847229526_2.jpg,3.72
4847229933_1.jpg,6.63
4847230335_1.jpg,4.15
4847242110_1.jpg,37.46
4847242110_2.jpg,45.50
4847242110_3.jpg,55.09
4847242110_4.jpg,29.60
4847242110_5.jpg,29.27
4847242110_6.jpg,57.55
4847245699_1.jpg,77.74
4847245699_2.jpg,65.53
4847245699_3.jpg,60.37
4847245699_4.jpg,19.26
4847261104_1.jpg,35.14
4847636737_1.jpg,3.93
4847636737_2.jpg,33.87
4847649551_1.jpg,30.19
4847651384_1.jpg,28.85
4847671747_1.jpg,16.21
4847672711_1.jpg,4.23
4847676847_1.jpg,7.80
4850536837_1.jpg,27.83
4850539503_1.jpg,6.10
4850539503_2.jpg,3.24
4850539503_3.jpg,10.45
4850545645_1.jpg,16.23
4850550228_1.jpg,23.83
4850551643_1.jpg,2.62
4851726652_1.jpg,14.05
4851726652_2.jpg,14.37
4851726652_3.jpg,27.84
4851726652_4.jpg,26.93
4851726652_5.jpg,20.51
4851726652_6.jpg,25.45
4851726652_7.jpg,0.12
4851728624_1.jpg,3.93
4851732699_1.jpg,19.58
4851734437_1.jpg,53.99
4851737796_1.jpg,2.96
4851737796_2.jpg,3.14
4851737796_3.jpg,5.95
4851770115_1.jpg,4.69
4851782564_1.jpg,1.68
4851800482_1.jpg,23.06
4851814284_1.jpg,12.10
4851830742_1.jpg,2.47
4851855583_1.jpg,13.28
4851858278_1.jpg,1.96
4851858278_2.jpg,1.21
4851858278_3.jpg,0.52
4851858278_4.jpg,6.39
4851893641_1.jpg,0.25
4851902906_1.jpg,8.14
4851906690_1.jpg,0.68
4851906690_2.jpg,3.13
4851906768_1.jpg,6.75
4851930550_1.jpg,2.82
4851935302_1.jpg,11.97
4851941067_1.jpg,0.31
4851941260_1.jpg,23.30
4851941260_2.jpg,23.50
4851941971_1.jpg,0.66
4852016963_1.jpg,5.00
4852016963_2.jpg,1.72
4852040731_1.jpg,1.76
4852047632_1.jpg,1.37
4852051874_1.jpg,25.46
4852052778_1.jpg,1.04
4852085753_1.jpg,3.65
4852085753_2.jpg,3.20
4852120521_1.jpg,1.14
4852120856_1.jpg,7.76
4852120856_2.jpg,11.76
4852185290_1.jpg,17.13
4852199379_1.jpg,4.58
4852218370_1.jpg,2.74
4852238641_1.jpg,7.67
4852252731_1.jpg,17.77
4852252731_2.jpg,9.63
4852252731_3.jpg,3.80
4852275635_1.jpg,0.78
4852295154_1.jpg,6.54
4852297963_1.jpg,23.38
4852297963_2.jpg,15.94
4852297963_3.jpg,19.13
4852310763_1.jpg,11.33
4852374567_1.jpg,3.26
4852426417_1.jpg,1.37
4852442367_1.jpg,13.03
4852442367_2.jpg,15.10
4852442367_3.jpg,39.02
4852445378_1.jpg,0.10
4852445378_2.jpg,0.50
4852445378_3.jpg,0.20
4852462440_1.jpg,9.42
4852474710_1.jpg,29.30
4852474710_2.jpg,29.00
4852474710_3.jpg,0.01
4852486890_1.jpg,2.95
4852486890_2.jpg,2.94
4852519902_1.jpg,19.56
4852527514_1.jpg,22.52
4852527514_2.jpg,39.38
4852527514_3.jpg,29.94
4852527776_1.jpg,18.36
4852528760_1.jpg,1.66
4852528760_2.jpg,0.89
4852537207_1.jpg,11.12
4852537207_2.jpg,9.99
4852537207_3.jpg,10.08
4852541886_1.jpg,2.74
4852541886_2.jpg,5.45
4852546884_1.jpg,12.22
4852584342_1.jpg,11.32
4852683328_1.jpg,5.43
4852683328_2.jpg,3.35
4852695677_1.jpg,27.13
4852709165_1.jpg,3.92
4852709165_2.jpg,3.45
4852723680_1.jpg,2.73
4852790187_1.jpg,11.52
4852790187_2.jpg,0.00
4852790187_3.jpg,1.74
4852790187_4.jpg,7.50
4852790187_5.jpg,9.46
4852793595_1.jpg,21.00
4852805194_1.jpg,13.78
4852809443_1.jpg,3.61
4852817683_1.jpg,3.96
4852817683_2.jpg,1.08
4852817683_3.jpg,1.76
4852857818_1.jpg,4.14
4852885985_1.jpg,4.23
4852885985_2.jpg,3.47
4852885985_3.jpg,2.29
4852968935_1.jpg,0.29
4853005705_1.jpg,8.08
4853005705_2.jpg,8.65
4853005705_3.jpg,6.24
4853005705_4.jpg,5.10
4853005705_5.jpg,7.39
4853005705_6.jpg,6.64
4853011401_1.jpg,14.04
4853011401_2.jpg,8.67
4853023687_1.jpg,0.41
4853028971_1.jpg,0.92
4853044482_1.jpg,1.17
4853044482_2.jpg,2.98
4853068078_1.jpg,7.19
4853104130_1.jpg,3.19
4853120721_1.jpg,3.14
4853126863_1.jpg,9.91
4853134150_1.jpg,4.68
4853167836_1.jpg,23.76
4853169308_1.jpg,4.57
4853169308_2.jpg,9.19
4853169308_3.jpg,11.24
4853169308_4.jpg,10.93
4853169308_5.jpg,17.81
4853440651_1.jpg,0.86
4853441206_1.jpg,18.52
4853446539_1.jpg,17.37
4853451524_1.jpg,0.00
4853451524_2.jpg,1.94
4853451524_3.jpg,0.90
4853463563_1.jpg,27.04
4853465249_1.jpg,6.60
4853465684_1.jpg,5.79
4853467628_1.jpg,35.01
4853467628_2.jpg,0.72
4853473346_1.jpg,2.02
4853473346_2.jpg,1.07
4853474801_1.jpg,0.92
4853474801_2.jpg,4.12
4853490964_1.jpg,2.47
4853492229_1.jpg,5.58
4853493049_1.jpg,2.46
4853502863_1.jpg,6.91
4853522969_1.jpg,0.01
4853522969_2.jpg,0.50
4853522969_3.jpg,1.46
4853522969_4.jpg,0.71
4853522969_5.jpg,1.60
4854804616_1.jpg,18.47
4854812850_1.jpg,0.38
4854812850_2.jpg,0.82
4854815612_1.jpg,0.62
4854816564_1.jpg,21.83
4854816564_2.jpg,8.82
4854823357_1.jpg,5.36
4854826474_1.jpg,11.96
4854826474_2.jpg,4.46
4854826474_3.jpg,1.64
4854870261_1.jpg,11.29
4854870261_2.jpg,40.91
4854889106_1.jpg,3.60
4854889106_2.jpg,4.42
4854902962_1.jpg,20.42
4854907974_1.jpg,10.59
4854928292_1.jpg,6.56
4854928292_2.jpg,21.54
4854945224_1.jpg,4.27
4854947247_1.jpg,7.85
4854968683_1.jpg,7.20
4854968683_2.jpg,4.14
4854968923_1.jpg,34.50
4854982368_1.jpg,2.47
4854983738_1.jpg,2.28
4855014015_1.jpg,2.12
4855020659_1.jpg,0.36
4855055664_1.jpg,1.71
4855081134_1.jpg,3.64
4855081134_2.jpg,3.55
4855087499_1.jpg,4.19
4855088204_1.jpg,2.49
4855088204_2.jpg,0.99
4855090845_1.jpg,2.32
4855090845_2.jpg,0.38
4855111143_1.jpg,3.87
4855111143_2.jpg,3.67
4855111143_3.jpg,2.90
4855112929_1.jpg,3.70
4855112929_2.jpg,3.94
4855139339_1.jpg,3.13
4855143053_1.jpg,2.85
4855158099_1.jpg,7.00
4855158099_2.jpg,7.77
4855167263_1.jpg,3.86
4855181040_1.jpg,8.44
4855182436_1.jpg,21.14
4855182436_2.jpg,5.54
4855182436_3.jpg,5.31
4855182436_4.jpg,0.67
4855196770_1.jpg,2.74
4855196770_2.jpg,0.73
4855208635_1.jpg,12.31
4855218599_1.jpg,2.36
4855244945_1.jpg,1.25
4855308747_1.jpg,2.67
4855308747_2.jpg,2.60
4855308747_3.jpg,0.80
4855338113_1.jpg,6.95
4855338113_2.jpg,6.39
4855338113_3.jpg,8.10
4855340299_1.jpg,1.24
4855340299_2.jpg,1.62
4855341042_1.jpg,35.57
4855342807_1.jpg,2.83
4855351830_1.jpg,10.10
4855351830_2.jpg,3.69
4855351830_3.jpg,6.80
4855371495_1.jpg,9.18
4855375306_1.jpg,0.47
4855379141_1.jpg,36.85
4855389233_1.jpg,5.94
4855391730_1.jpg,4.96
4855395356_1.jpg,1.77
4855410485_1.jpg,5.35
4855412393_1.jpg,1.24
4855412393_2.jpg,0.44
4855412393_3.jpg,0.77
4855470370_1.jpg,7.51
4855470370_2.jpg,8.12
4855473968_1.jpg,16.28
4855473968_2.jpg,11.14
4855473968_3.jpg,11.51
4855473968_4.jpg,12.92
4855473968_5.jpg,7.79
4855473968_6.jpg,7.82
4855510361_1.jpg,1.85
4855522474_1.jpg,20.14
4855526474_1.jpg,8.12
4855528827_1.jpg,7.95
4855554575_1.jpg,25.74
4855562591_1.jpg,6.40
4856047074_1.jpg,3.29
4856051535_1.jpg,3.81
4856051535_2.jpg,0.00
4856061679_1.jpg,1.31
4856061679_2.jpg,6.41
4856061679_3.jpg,8.66
4856061679_4.jpg,5.61
4856067517_1.jpg,9.83
4856067517_2.jpg,10.70
4856067517_3.jpg,7.56
4856067517_4.jpg,12.51
4856067517_5.jpg,11.53
4856067517_6.jpg,8.31
4856070391_1.jpg,6.20
4856072742_1.jpg,8.79
4856077664_1.jpg,28.76
4856082424_1.jpg,4.15
4856082424_2.jpg,4.39
4856087608_1.jpg,3.29
4856095446_1.jpg,28.86
4863343377_1.jpg,16.89
4863359792_1.jpg,8.08
4863363669_1.jpg,2.16
4863363669_2.jpg,5.58
4863368320_1.jpg,1.53
4863391096_1.jpg,18.67
4863406105_1.jpg,31.31
4863417076_1.jpg,2.94
4863417076_2.jpg,3.00
4863417076_3.jpg,2.03
4863417076_4.jpg,1.88
4863425594_1.jpg,3.05
4863425594_2.jpg,2.03
4863425594_3.jpg,2.88
4863425594_4.jpg,1.91
4863438666_1.jpg,33.97
4863445608_1.jpg,6.90
4863472072_1.jpg,8.11
4863482506_1.jpg,8.03
4863482506_2.jpg,12.16
4863517311_1.jpg,65.16
4863517311_2.jpg,38.67
4863517311_3.jpg,22.36
4863517311_4.jpg,29.45
4863517311_5.jpg,21.16
4863539909_1.jpg,8.29
4863545443_1.jpg,14.90
4863545443_2.jpg,11.58
4863557436_1.jpg,1.05
4863560615_1.jpg,3.29
4863560615_2.jpg,6.23
4863560615_3.jpg,5.21
4863576407_1.jpg,15.64
4863576407_2.jpg,9.42
4863576407_3.jpg,9.45
4863576407_4.jpg,9.54
4863584003_1.jpg,1.98
4863586408_1.jpg,2.69
4863625350_1.jpg,9.46
4863626687_1.jpg,48.93
4863637235_1.jpg,17.20
4863639209_1.jpg,5.89
4863639209_2.jpg,5.54
4863639209_3.jpg,10.68
4863654979_1.jpg,2.34
4863663353_1.jpg,5.48
4863663353_10.jpg,2.15
4863663353_11.jpg,2.52
4863663353_12.jpg,2.09
4863663353_13.jpg,2.43
4863663353_14.jpg,2.28
4863663353_2.jpg,5.12
4863663353_3.jpg,5.68
4863663353_4.jpg,14.43
4863663353_5.jpg,1.87
4863663353_6.jpg,7.01
4863663353_7.jpg,1.55
4863663353_8.jpg,1.51
4863663353_9.jpg,1.30
4863664090_1.jpg,6.65
4863722037_1.jpg,2.52
4863729471_1.jpg,0.51
4863749354_1.jpg,1.72
4863801638_1.jpg,10.35
4863812787_1.jpg,7.21
4863817383_1.jpg,16.09
4863817383_10.jpg,2.88
4863817383_11.jpg,5.91
4863817383_12.jpg,9.18
4863817383_13.jpg,2.85
4863817383_14.jpg,1.36
4863817383_15.jpg,1.55
4863817383_2.jpg,17.30
4863817383_3.jpg,14.55
4863817383_4.jpg,10.58
4863817383_5.jpg,15.43
4863817383_6.jpg,7.34
4863817383_7.jpg,2.04
4863817383_8.jpg,4.73
4863817383_9.jpg,6.99
4863821043_1.jpg,4.60
4863841527_1.jpg,7.76
4863852950_1.jpg,0.85
4863877263_1.jpg,25.55
4863877263_10.jpg,2.86
4863877263_11.jpg,2.86
4863877263_2.jpg,9.06
4863877263_3.jpg,22.43
4863877263_4.jpg,22.77
4863877263_5.jpg,11.34
4863877263_6.jpg,2.86
4863877263_7.jpg,9.22
4863877263_8.jpg,12.34
4863877263_9.jpg,4.89
4863878900_1.jpg,6.58
4863879487_1.jpg,4.12
4863892345_1.jpg,7.97
4863910040_1.jpg,6.90
4863920855_1.jpg,0.50
4863925976_1.jpg,1.00
4863965596_1.jpg,4.99
4863968008_1.jpg,0.43
4863968008_2.jpg,6.38
4863968008_3.jpg,3.97
4864770186_1.jpg,13.50
4864777055_1.jpg,16.23
4864777055_2.jpg,17.09
4864786370_1.jpg,7.89
4864803594_1.jpg,7.07
4864803594_2.jpg,7.14
4864803594_3.jpg,1.98
4864805282_1.jpg,3.90
4864805282_2.jpg,2.96
4864809111_1.jpg,6.18
4864809111_2.jpg,0.86
4864831833_1.jpg,22.61
4864831833_2.jpg,17.59
4867566140_1.jpg,8.54
4867566140_2.jpg,16.49
4867566140_3.jpg,8.48
4867566140_4.jpg,2.99
4867569974_1.jpg,3.68
4867569974_2.jpg,2.66
4867569974_3.jpg,2.97
4867570033_1.jpg,9.16
4867570524_1.jpg,1.67
4867570524_2.jpg,1.01
4867580381_1.jpg,3.30
4867580381_2.jpg,0.40
4867584733_1.jpg,3.97
4867683870_1.jpg,2.03
4867685596_1.jpg,5.79
4867714836_1.jpg,2.62
4867716575_1.jpg,0.64
4867742749_1.jpg,0.45
4867742749_2.jpg,0.00
4867747775_1.jpg,6.29
4867763987_1.jpg,1.20
4867773079_1.jpg,9.00
4867784860_1.jpg,1.66
4867806706_1.jpg,1.67
4867806706_2.jpg,3.10
4867833887_1.jpg,0.75
4867850691_1.jpg,8.68
4867866116_1.jpg,3.10
4867866116_2.jpg,0.88
4867866116_3.jpg,4.20
4867866116_4.jpg,3.04
4867866116_5.jpg,6.22
4867882556_1.jpg,19.75
4867882556_2.jpg,26.37
4867883522_1.jpg,3.33
4867896114_1.jpg,7.36
4867954629_1.jpg,9.32
4867989533_1.jpg,6.51
4867989533_2.jpg,8.60
4867989533_3.jpg,2.63
4868096487_1.jpg,0.64
4868096487_2.jpg,0.42
4868097773_1.jpg,2.59
4868099497_1.jpg,0.37
4868099497_2.jpg,1.27
4868099497_3.jpg,1.31
4868105163_1.jpg,6.40
4868105163_2.jpg,5.61
4868105163_3.jpg,9.86
4868156723_1.jpg,17.46
4872033948_1.jpg,1.96
4872068061_1.jpg,20.34
4872113764_1.jpg,7.06
4872114249_1.jpg,5.29
4872120494_1.jpg,0.78
4872120494_2.jpg,2.58
4872120494_3.jpg,4.02
4872138524_1.jpg,1.14
4872181971_1.jpg,19.24
4872181971_2.jpg,24.67
4872193962_1.jpg,24.60
4872216305_1.jpg,3.59
4872222919_1.jpg,1.56
4872222919_2.jpg,1.68
4872226379_1.jpg,4.52
4872226379_2.jpg,5.85
4872226379_3.jpg,4.39
4872311526_1.jpg,6.79
4872311526_2.jpg,26.28
4872311526_3.jpg,33.42
4872311526_4.jpg,15.74
4872311526_5.jpg,3.32
4872412184_1.jpg,2.58
4872412184_2.jpg,0.77
4872415432_1.jpg,14.95
4872443462_1.jpg,2.08
4872444152_1.jpg,2.90
4872480831_1.jpg,2.14
4872494512_1.jpg,0.00
4872515223_1.jpg,0.65
4872515554_1.jpg,3.85
4872517821_1.jpg,0.49
4872517821_2.jpg,0.85
4872532262_1.jpg,0.18
4872579979_1.jpg,1.69
4872579979_2.jpg,5.33
4872589196_1.jpg,10.02
4872596769_1.jpg,12.12
4872619224_1.jpg,4.24
4872619224_2.jpg,5.20
4872619224_3.jpg,6.34
4872619310_1.jpg,3.56
4872626087_1.jpg,3.05
4872626087_2.jpg,4.01
4872626235_1.jpg,6.69
4872626235_2.jpg,3.84
4872626235_3.jpg,4.98
4872628385_1.jpg,5.86
4872630993_1.jpg,8.17
4872646452_1.jpg,6.34
4872652579_1.jpg,10.93
4872656196_1.jpg,2.94
4873397433_1.jpg,4.55
4873402257_1.jpg,3.37
4873402257_2.jpg,4.68
4873402257_3.jpg,5.62
4873402257_4.jpg,5.32
4873411266_1.jpg,11.02
4873427872_1.jpg,4.57
4873432047_1.jpg,30.54
4873432184_1.jpg,0.04
4873437650_1.jpg,10.80
4873453450_1.jpg,1.30
4873453450_2.jpg,0.92
4873453450_3.jpg,1.07
4873460520_1.jpg,1.90
4873465517_1.jpg,25.24
4873465517_2.jpg,3.81
4873504098_1.jpg,10.39
4873511106_1.jpg,0.83
4873526453_1.jpg,0.98
4873545872_1.jpg,11.99
4873553365_1.jpg,0.60
4873553365_2.jpg,0.48
4873564825_1.jpg,3.78
4873574548_1.jpg,29.87
4873588448_1.jpg,4.64
4873588448_2.jpg,6.52
4873594410_1.jpg,17.11
4874990080_1.jpg,0.37
4874992581_1.jpg,1.43
4874995564_1.jpg,2.09
4875000965_1.jpg,3.37
4875006952_1.jpg,8.42
4875009909_1.jpg,4.06
4875031679_1.jpg,18.02
4875049008_1.jpg,1.53
4875049008_2.jpg,1.12
4875049008_3.jpg,1.32
4875069935_1.jpg,9.28
4875069935_2.jpg,6.31
4875072027_1.jpg,2.33
4875078074_1.jpg,2.49
4875084416_1.jpg,5.70
4875113871_1.jpg,2.08
4875115148_1.jpg,34.93
4875115326_1.jpg,7.24
4875138296_1.jpg,2.12
4875138296_2.jpg,6.98
4875141451_1.jpg,2.91
4875168711_1.jpg,12.62
4875174832_1.jpg,3.39
4875232778_1.jpg,2.33
4875238504_1.jpg,4.84
4875238504_2.jpg,5.58
4875272774_1.jpg,4.52
4875272774_2.jpg,1.76
4875273819_1.jpg,4.15
4875277386_1.jpg,17.73
4875285697_1.jpg,3.86
4875285697_2.jpg,2.19
4875285697_3.jpg,0.15
4875346569_1.jpg,19.47
4875382822_1.jpg,2.46
4875392555_1.jpg,2.75
4875402427_1.jpg,2.83
4875404142_1.jpg,4.49
4875416141_1.jpg,34.40
4875416141_2.jpg,9.55
4875416141_3.jpg,4.86
4875416141_4.jpg,34.75
4875416141_5.jpg,23.52
4875416141_6.jpg,2.00
4875416141_7.jpg,2.83
4875418186_1.jpg,3.45
4875418186_2.jpg,6.80
4875418186_3.jpg,9.70
4875418186_4.jpg,7.33
4875457175_1.jpg,2.96
4875457175_2.jpg,0.00
4875479891_1.jpg,7.29
4875530027_1.jpg,7.42
4875530027_2.jpg,12.20
4875530027_3.jpg,8.41
4875530027_4.jpg,9.64
4875554868_1.jpg,6.56
4875589075_1.jpg,4.51
4876144920_1.jpg,0.00
4876144920_2.jpg,4.34
4876144920_3.jpg,0.50
4876144920_4.jpg,1.26
4876154273_1.jpg,3.08
4876154960_1.jpg,26.32
4876155048_1.jpg,0.69
4880613467_1.jpg,44.22
4880790053_1.jpg,32.82
4881176864_1.jpg,11.72
4881183550_1.jpg,33.46
4881183550_2.jpg,22.91
4881183550_3.jpg,9.33
4881183550_4.jpg,39.39
4881183550_5.jpg,14.44
4881225228_1.jpg,0.30
4881225228_2.jpg,0.31
4881454633_1.jpg,14.70
4881528924_1.jpg,18.64
4881578303_1.jpg,15.97
4881639019_1.jpg,41.95
4881694371_1.jpg,33.54
4881702698_1.jpg,26.95
4881719083_1.jpg,2.80
4881807460_1.jpg,11.92
4881807460_2.jpg,23.71
4881807460_3.jpg,2.19
4881822605_1.jpg,17.33
4881850882_1.jpg,3.33
4881852376_1.jpg,4.01
4881852376_2.jpg,0.12
4881939628_1.jpg,3.04
4881939628_2.jpg,3.60
4881939628_3.jpg,2.88
4881958582_1.jpg,5.79
4881960434_1.jpg,1.19
4882048622_1.jpg,3.81
4882146293_1.jpg,9.67
4882146293_2.jpg,13.32
4882171650_1.jpg,2.87
4882221207_1.jpg,7.05
4882221207_2.jpg,6.10
4882225141_1.jpg,4.35
4882226226_1.jpg,1.24
4882289373_1.jpg,0.39
4882506215_1.jpg,1.43
4882557967_1.jpg,14.73
4882822280_1.jpg,11.87
4882876551_1.jpg,7.94
4882981938_1.jpg,4.13
4882988271_1.jpg,27.60
4883014385_1.jpg,3.62
4883014385_2.jpg,3.95
4883128505_1.jpg,2.12
4883215203_1.jpg,14.26
4883650473_1.jpg,1.30
4883650625_1.jpg,22.00
4883786078_1.jpg,28.07
4883803111_1.jpg,33.46
4883803111_2.jpg,22.91
4883803111_3.jpg,9.33
4883803111_4.jpg,39.39
4883803111_5.jpg,14.44
4884136733_1.jpg,8.32
4884239958_1.jpg,13.53
4884476506_1.jpg,5.37
4884668171_1.jpg,15.60
4884939549_1.jpg,3.06
4885237976_1.jpg,0.46
4885237976_2.jpg,1.46
4885790634_1.jpg,2.17
4886141252_1.jpg,29.06
4886166367_1.jpg,8.91
4886166367_2.jpg,13.69
4886241220_1.jpg,3.99
4886287622_1.jpg,38.29
4886371524_1.jpg,2.46
4886409462_1.jpg,8.27
4886619096_1.jpg,11.35
4886709617_1.jpg,20.43
4886737956_1.jpg,17.56
4886862727_1.jpg,7.25
4886877447_1.jpg,4.18
4886878497_1.jpg,0.85
4887059061_1.jpg,5.23
4887135181_1.jpg,28.41
4887280934_1.jpg,19.89
4887376605_1.jpg,19.70
4887385159_1.jpg,1.32
4887458721_1.jpg,8.36
4887460445_1.jpg,4.36
4887471375_1.jpg,1.41
4887473161_1.jpg,1.51
4887503988_1.jpg,23.69
4887536230_1.jpg,16.33
4887542674_1.jpg,2.48
4887557862_1.jpg,0.54
4887647561_1.jpg,70.39
4887758920_1.jpg,16.91
4887822360_1.jpg,1.34
4888106824_1.jpg,6.85
4888153012_1.jpg,10.01
4888283531_1.jpg,3.05
4888283531_2.jpg,1.26
4888354991_1.jpg,8.46
4888423056_1.jpg,48.22
4888440579_1.jpg,25.63
4888659484_1.jpg,7.60
4888741885_1.jpg,14.21
4888825166_1.jpg,2.24
4888895799_1.jpg,0.85
4889189063_1.jpg,31.71
4889357575_1.jpg,13.59
4889582253_1.jpg,1.91
4889587001_1.jpg,9.23
4889954916_1.jpg,2.79
4890115387_1.jpg,5.57
4890147796_1.jpg,4.41
4890210408_1.jpg,1.30
4890468903_1.jpg,15.26
4890914912_1.jpg,18.36
4891191514_1.jpg,6.09
4891322305_1.jpg,28.58
4891336513_1.jpg,41.37
4891341680_1.jpg,4.66
4891382202_1.jpg,10.75
4891388330_1.jpg,13.11
4891464762_1.jpg,9.68
4891524373_1.jpg,14.96
4891534953_1.jpg,1.27
4891563664_1.jpg,2.98
4891568166_1.jpg,6.29
4891573338_1.jpg,15.67
4891593195_1.jpg,6.66
4891598857_1.jpg,5.86
4891598857_2.jpg,6.13
4891598857_3.jpg,1.39
4891605366_1.jpg,2.02
4891635953_1.jpg,9.02
4891645911_1.jpg,0.00
4891648200_1.jpg,17.04
4891654998_1.jpg,7.20
4891654998_2.jpg,0.81
4891665831_1.jpg,9.90
4891703282_1.jpg,14.05
4891703282_2.jpg,1.38
4891775335_1.jpg,20.75
4891806814_1.jpg,8.40
4891835492_1.jpg,7.90
4891835492_2.jpg,11.47
4891844850_1.jpg,4.55
4891844850_2.jpg,0.00
4891856322_1.jpg,0.36
4891868593_1.jpg,5.80
4891921218_1.jpg,20.62
4891921475_1.jpg,5.86
4891921475_2.jpg,4.14
4891921475_3.jpg,3.64
4891921475_4.jpg,1.97
4892002195_1.jpg,0.71
4892002195_2.jpg,0.24
4892056404_1.jpg,6.73
4892061737_1.jpg,5.34
4892061737_2.jpg,14.93
4892115525_1.jpg,0.48
4892119056_1.jpg,12.35
4892150801_1.jpg,19.70
4892184599_1.jpg,59.06
4892184599_2.jpg,17.75
4892184599_3.jpg,29.21
4892198170_1.jpg,2.26
4892207340_1.jpg,4.83
4892243558_1.jpg,1.24
4892247776_1.jpg,25.43
4899322988_1.jpg,1.96
4900849399_1.jpg,4.17
4900849644_1.jpg,2.43
4900849644_2.jpg,1.16
4900899914_1.jpg,1.07
4900944087_1.jpg,2.79
4900944087_2.jpg,2.23
4900968014_1.jpg,10.65
4900968014_2.jpg,3.02
4900968014_3.jpg,6.95
4900968014_4.jpg,15.54
4900992833_1.jpg,1.78
4901031118_1.jpg,30.96
4901033517_1.jpg,6.44
4901033517_2.jpg,7.86
4901035610_1.jpg,0.96
4901035610_2.jpg,0.54
4901040707_1.jpg,9.06
4901040707_2.jpg,3.87
4901045892_1.jpg,2.20
4901048598_1.jpg,15.53
4901048598_2.jpg,3.22
4901048598_3.jpg,3.11
4901048598_4.jpg,18.12
4901058611_1.jpg,4.99
4901070118_1.jpg,3.62
4901070118_2.jpg,12.38
4901079351_1.jpg,5.41
4901079857_1.jpg,5.18
4901106628_1.jpg,4.63
4901109336_1.jpg,10.95
4901116053_1.jpg,3.10
4901116053_2.jpg,1.04
4901116053_3.jpg,3.93
4901129714_1.jpg,4.86
4901153751_1.jpg,11.63
4901189366_1.jpg,10.95
4901189366_2.jpg,5.73
4901189366_3.jpg,12.21
4901189366_4.jpg,9.51
4901189366_5.jpg,1.72
4901221020_1.jpg,0.99
4901243533_1.jpg,2.56
4901243533_2.jpg,0.69
4901243533_3.jpg,1.25
4901248911_1.jpg,1.20
4901248911_2.jpg,0.00
4901248911_3.jpg,0.00
4901266827_1.jpg,3.12
4901266827_2.jpg,2.22
4901283516_1.jpg,16.07
4901283516_2.jpg,16.58
4901283516_3.jpg,21.76
4901283516_4.jpg,15.37
4901283516_5.jpg,1.08
4901302688_1.jpg,0.73
4901302688_2.jpg,1.86
4901302688_3.jpg,6.25
4901340083_1.jpg,24.73
4901340257_1.jpg,1.50
4901352878_1.jpg,4.56
4901381555_1.jpg,10.41
4901385186_1.jpg,3.65
4901385667_1.jpg,13.76
4901385667_2.jpg,4.81
4901391638_1.jpg,7.82
4901397614_1.jpg,1.05
4901418421_1.jpg,1.60
4901510410_1.jpg,5.79
4901542693_1.jpg,3.74
4901569449_1.jpg,1.39
4901580049_1.jpg,5.44
4901580049_2.jpg,3.83
4901580049_3.jpg,9.09
4901580250_1.jpg,16.90
4901596863_1.jpg,23.10
4901609760_1.jpg,0.11
4901609760_2.jpg,0.29
4901609760_3.jpg,1.53
4901609760_4.jpg,0.39
4901615051_1.jpg,6.48
4901632262_1.jpg,7.83
4901643489_1.jpg,2.53
4901645780_1.jpg,4.31
4901646288_1.jpg,2.48
4901646288_2.jpg,2.49
4901686636_1.jpg,2.45
4901686636_2.jpg,5.52
4901706371_1.jpg,0.76
4901706371_2.jpg,1.35
4901706371_3.jpg,0.02
4901716626_1.jpg,2.18
4901716626_2.jpg,1.96
4901734420_1.jpg,4.26
4901735966_1.jpg,1.83
4901735966_2.jpg,9.58
4901735966_3.jpg,7.56
4901738894_1.jpg,2.57
4901746061_1.jpg,3.71
4901761627_1.jpg,4.76
4901761627_2.jpg,12.61
4901765013_1.jpg,1.67
4901765013_2.jpg,1.95
4901765013_3.jpg,1.35
4901767657_1.jpg,29.80
4901774776_1.jpg,2.24
4901776876_1.jpg,5.11
4901776876_2.jpg,2.69
4901776876_3.jpg,2.46
4901783988_1.jpg,4.62
4901790428_1.jpg,24.69
4901810051_1.jpg,42.99
4901810149_1.jpg,17.82
4901810149_2.jpg,4.36
4901810149_3.jpg,14.65
4901810149_4.jpg,5.87
4901861326_1.jpg,5.47
4901861326_2.jpg,5.01
4901880720_1.jpg,2.76
4901880720_2.jpg,4.82
4901880720_3.jpg,3.25
4901887131_1.jpg,3.32
4901893928_1.jpg,1.22
4901932921_1.jpg,0.80
4901938293_1.jpg,7.62
4901945389_1.jpg,9.29
4901980091_1.jpg,1.45
4901991233_1.jpg,0.20
4901991233_2.jpg,0.30
4901991233_3.jpg,0.80
4901991233_4.jpg,0.09
4901991233_5.jpg,0.66
4902017175_1.jpg,5.26
4902017175_2.jpg,5.61
4902017175_3.jpg,0.34
4902090295_1.jpg,11.70
4902098659_1.jpg,8.02
4902119457_1.jpg,1.03
4902133743_1.jpg,0.68
4902150733_1.jpg,11.06
4902394916_1.jpg,0.64
4902396586_1.jpg,21.77
4902400420_1.jpg,15.25
4902414703_1.jpg,6.40
4902429682_1.jpg,4.54
4902447232_1.jpg,2.26
4902447232_2.jpg,4.73
4902447232_3.jpg,2.25
4902448322_1.jpg,4.26
4902448322_2.jpg,7.06
4902449366_1.jpg,15.87
4902451987_1.jpg,1.74
4902452822_1.jpg,34.84
4902453139_1.jpg,5.63
4902463528_1.jpg,5.05
4902463528_2.jpg,6.57
4903740420_1.jpg,3.45
4903743497_1.jpg,14.23
4903743497_10.jpg,5.19
4903743497_11.jpg,2.39
4903743497_12.jpg,1.27
4903743497_13.jpg,0.76
4903743497_14.jpg,1.95
4903743497_15.jpg,0.84
4903743497_16.jpg,1.87
4903743497_17.jpg,2.58
4903743497_18.jpg,2.90
4903743497_19.jpg,1.76
4903743497_2.jpg,10.53
4903743497_20.jpg,1.38
4903743497_3.jpg,10.58
4903743497_4.jpg,11.84
4903743497_5.jpg,10.59
4903743497_6.jpg,18.49
4903743497_7.jpg,15.86
4903743497_8.jpg,2.87
4903743497_9.jpg,3.22
4903744939_1.jpg,4.93
4903745939_1.jpg,0.75
4903745939_2.jpg,0.73
4903745939_3.jpg,1.20
4903750483_1.jpg,6.07
4903753800_1.jpg,4.13
4903753800_2.jpg,8.82
4903753800_3.jpg,9.72
4903753800_4.jpg,12.81
4903753800_5.jpg,12.31
4903780973_1.jpg,15.02
4903780973_2.jpg,4.09
4903780973_3.jpg,5.42
4903780973_4.jpg,2.25
4903798129_1.jpg,6.64
4903804657_1.jpg,6.22
4903804657_2.jpg,8.67
4903818210_1.jpg,4.98
4903818210_2.jpg,4.69
4903818210_3.jpg,4.91
4903828082_1.jpg,34.80
4903833301_1.jpg,1.52
4903855041_1.jpg,1.70
4903871111_1.jpg,11.53
4904032223_1.jpg,7.00
4904033362_1.jpg,4.41
4904044223_1.jpg,0.00
4904065426_1.jpg,5.00
4904089226_1.jpg,12.50
4904089226_2.jpg,4.15
4904139970_1.jpg,4.08
4904167157_1.jpg,8.36
4904167157_2.jpg,7.98
4904167157_3.jpg,3.38
4904167157_4.jpg,0.95
4904167157_5.jpg,2.15
4904167157_6.jpg,3.07
4904184975_1.jpg,2.53
4904207798_1.jpg,10.56
4904218976_1.jpg,4.32
4904233513_1.jpg,2.10
4904233513_2.jpg,1.97
4904299537_1.jpg,4.52
4904313920_1.jpg,9.34
4904468411_1.jpg,0.00
4906515530_1.jpg,0.81
4906532025_1.jpg,7.33
4906532025_2.jpg,15.15
4906539198_1.jpg,12.71
4906545965_1.jpg,34.32
4906547854_1.jpg,16.41
4906547854_2.jpg,6.86
4906547854_3.jpg,10.25
4906549687_1.jpg,3.61
4906551602_1.jpg,24.72
4906551602_2.jpg,35.10
4906553137_1.jpg,13.22
4906553137_2.jpg,64.34
4906556451_1.jpg,24.61
4906556451_2.jpg,2.75
4906564011_1.jpg,28.62
4906565629_1.jpg,25.17
4906572661_1.jpg,13.54
4906575022_1.jpg,5.28
4906575752_1.jpg,12.67
4906575752_2.jpg,11.34
4906575752_3.jpg,7.04
4907892013_1.jpg,4.61
4907893995_1.jpg,0.96
4907895453_1.jpg,5.97
4907905544_1.jpg,18.34
4907906653_1.jpg,14.86
4907910574_1.jpg,19.56
4907910574_2.jpg,20.21
4907912182_1.jpg,8.52
4907913605_1.jpg,2.00
4907918502_1.jpg,2.22
4907924463_1.jpg,16.81
4907925016_1.jpg,3.64
4907934123_1.jpg,2.14
4907939700_1.jpg,12.75
4907973154_1.jpg,1.78
4907983987_1.jpg,2.99
4907991098_1.jpg,4.34
4907994954_1.jpg,1.25
4908005081_1.jpg,19.17
4908005081_2.jpg,9.77
4908005081_3.jpg,22.69
4908013672_1.jpg,28.09
4908025708_1.jpg,2.14
4908041540_1.jpg,5.66
4908070104_1.jpg,5.19
4908091134_1.jpg,3.31
4908097940_1.jpg,3.31
4908097940_2.jpg,2.93
4908097940_3.jpg,2.95
4908097940_4.jpg,2.92
4908097940_5.jpg,3.42
4908187548_1.jpg,7.88
4908187548_2.jpg,1.71
4908225521_1.jpg,1.33
4908226475_1.jpg,1.24
4908226475_2.jpg,1.02
4908226475_3.jpg,1.30
4908226475_4.jpg,1.26
4908226475_5.jpg,2.27
4908226475_6.jpg,2.74
4908261611_1.jpg,2.07
4908324884_1.jpg,6.57
4908329451_1.jpg,12.74
4908329451_2.jpg,5.09
4908355633_1.jpg,2.24
4908372583_1.jpg,0.60
4908381312_1.jpg,2.11
4908381312_2.jpg,1.95
4908385791_1.jpg,1.73
4908385791_2.jpg,0.00
4908386213_1.jpg,4.89
4908386213_2.jpg,4.48
4908386213_3.jpg,4.31
4908432840_1.jpg,11.81
4908476818_1.jpg,3.75
4908483127_1.jpg,4.02
4908504802_1.jpg,1.47
4908510652_1.jpg,3.07
4908521241_1.jpg,2.57
4908532331_1.jpg,7.81
4908537668_1.jpg,4.26
4908539041_1.jpg,0.58
4908539478_1.jpg,1.42
4908581539_1.jpg,1.99
4908598408_1.jpg,14.29
4908601863_1.jpg,2.28
4908612630_1.jpg,2.84
4908618087_1.jpg,10.01
4908618087_2.jpg,13.53
4908618087_3.jpg,7.76
4908618087_4.jpg,5.07
4908623895_1.jpg,17.72
4908624781_1.jpg,9.67
4908624781_2.jpg,21.37
4908639736_1.jpg,3.66
4908644192_1.jpg,1.10
4908663313_1.jpg,8.21
4908663313_2.jpg,7.47
4908722604_1.jpg,5.36
4908723289_1.jpg,3.65
4908723289_2.jpg,10.49
4908723289_3.jpg,5.93
4908723289_4.jpg,5.61
4908723289_5.jpg,6.15
4908739417_1.jpg,7.94
4908739417_2.jpg,3.02
4908739417_3.jpg,0.00
4908743451_1.jpg,7.86
4908756412_1.jpg,5.95
4908758783_1.jpg,5.54
4908791423_1.jpg,8.60
4908798141_1.jpg,8.02
4908799808_1.jpg,0.68
4908800966_1.jpg,1.29
4908869488_1.jpg,10.21
4908903004_1.jpg,26.62
4908910457_1.jpg,5.32
4908961907_1.jpg,0.13
4908965671_1.jpg,2.88
4908974964_1.jpg,22.81
4908997116_1.jpg,2.97
4908998767_1.jpg,5.90
4909027285_1.jpg,16.87
4909056390_1.jpg,3.57
4909056390_2.jpg,2.15
4909059534_1.jpg,31.14
4909067806_1.jpg,5.66
4909085436_1.jpg,5.55
4909085436_2.jpg,12.97
4909085436_3.jpg,7.41
4909085436_4.jpg,3.58
4909092248_1.jpg,3.16
4909119390_1.jpg,3.47
4909146916_1.jpg,3.06
4909169458_1.jpg,1.59
4909169458_2.jpg,1.64
4909169458_3.jpg,2.02
4909183270_1.jpg,13.00
4909212730_1.jpg,17.60
4909232159_1.jpg,19.92
4909232159_2.jpg,24.11
4909232159_3.jpg,22.24
4909232159_4.jpg,23.76
4909232159_5.jpg,32.07
4909232159_6.jpg,33.07
4909232159_7.jpg,39.75
4909232159_8.jpg,36.47
4909232159_9.jpg,35.63
4909273730_1.jpg,4.24
4909278959_1.jpg,6.60
4909278959_2.jpg,2.92
4909286957_1.jpg,0.46
4909291623_1.jpg,5.44
4909301130_1.jpg,4.60
4909301130_2.jpg,4.43
4909308404_1.jpg,3.69
4909315548_1.jpg,4.69
4909315548_2.jpg,4.13
4909315548_3.jpg,6.20
4909315548_4.jpg,14.63
4909315548_5.jpg,18.52
4909317040_1.jpg,19.99
4909317040_2.jpg,9.46
4910560603_1.jpg,28.86
4910563898_1.jpg,20.44
4910565793_1.jpg,7.79
4910565793_2.jpg,12.74
4910568476_1.jpg,8.29
4910569100_1.jpg,11.87
4910569100_2.jpg,34.04
4910569100_3.jpg,22.16
4910569100_4.jpg,28.60
4910569100_5.jpg,26.03
4910572061_1.jpg,20.09
4910575439_1.jpg,5.01
4910578464_1.jpg,1.40
4910578464_2.jpg,24.36
4910578464_3.jpg,10.69
4910578464_4.jpg,7.76
4910578464_5.jpg,15.63
4910597380_1.jpg,5.91
4910597380_2.jpg,23.52
4910634825_1.jpg,9.26
4910634825_10.jpg,5.83
4910634825_2.jpg,3.37
4910634825_3.jpg,12.82
4910634825_4.jpg,5.56
4910634825_5.jpg,9.42
4910634825_6.jpg,7.30
4910634825_7.jpg,2.21
4910634825_8.jpg,2.24
4910634825_9.jpg,12.01
4910699592_1.jpg,12.82
4910742035_1.jpg,1.38
4910752992_1.jpg,1.26
4910752992_2.jpg,0.57
4910752992_3.jpg,0.12
4910754005_1.jpg,2.46
4910754005_2.jpg,1.32
4910754005_3.jpg,2.13
4910775342_1.jpg,6.74
4910783924_1.jpg,2.17
4910810754_1.jpg,7.47
4910810754_2.jpg,9.84
4910810754_3.jpg,11.64
4910823697_1.jpg,1.08
4910826927_1.jpg,32.60
4910826927_10.jpg,17.69
4910826927_11.jpg,18.80
4910826927_12.jpg,32.17
4910826927_13.jpg,17.17
4910826927_14.jpg,40.15
4910826927_15.jpg,23.24
4910826927_16.jpg,22.29
4910826927_17.jpg,12.68
4910826927_18.jpg,14.91
4910826927_19.jpg,8.78
4910826927_2.jpg,22.74
4910826927_20.jpg,30.44
4910826927_3.jpg,11.61
4910826927_4.jpg,11.22
4910826927_5.jpg,33.78
4910826927_6.jpg,14.07
4910826927_7.jpg,39.62
4910826927_8.jpg,17.33
4910826927_9.jpg,21.00
4910853030_1.jpg,1.40
4910853030_2.jpg,0.48
4910873266_1.jpg,2.70
4910893853_1.jpg,2.97
4910919925_1.jpg,2.13
4910919925_2.jpg,1.77
4910919925_3.jpg,1.45
4910949518_1.jpg,11.29
4910949518_2.jpg,1.43
4910955732_1.jpg,14.06
4910961355_1.jpg,1.95
4910965817_1.jpg,11.70
4910982281_1.jpg,1.72
4910982281_2.jpg,0.98
4911042023_1.jpg,4.90
4911044642_1.jpg,1.50
4911090293_1.jpg,10.31
4911121901_1.jpg,21.99
4911148109_1.jpg,8.22
4911155655_1.jpg,1.01
4911155655_2.jpg,0.52
4912395956_1.jpg,10.98
4912407853_1.jpg,7.20
4919127957_1.jpg,13.58
4919155238_1.jpg,6.31
4919164462_1.jpg,5.92
4919164462_2.jpg,6.68
4919164462_3.jpg,7.08
4919164462_4.jpg,2.91
4919167171_1.jpg,4.03
4919172307_1.jpg,16.43
4919172307_2.jpg,2.23
4919222774_1.jpg,2.07
4919222774_2.jpg,0.74
4919222774_3.jpg,1.19
4919252258_1.jpg,5.34
4919252258_2.jpg,17.18
4919275789_1.jpg,7.37
4919369296_1.jpg,3.68
4919373258_1.jpg,1.08
4919373258_2.jpg,0.68
4919377639_1.jpg,22.37
4919377639_2.jpg,4.76
4919406340_1.jpg,2.12
4919406340_2.jpg,0.56
4919424860_1.jpg,10.22
4919424935_1.jpg,2.06
4919428820_1.jpg,2.73
4919445022_1.jpg,2.07
4919473047_1.jpg,11.27
4919477959_1.jpg,12.03
4919498726_1.jpg,2.83
4919553349_1.jpg,11.98
4919553349_2.jpg,3.30
4919553349_3.jpg,2.73
4919563151_1.jpg,4.21
4919568805_1.jpg,3.73
4919573061_1.jpg,4.81
4919616873_1.jpg,3.28
4919630508_1.jpg,6.36
4919644235_1.jpg,5.74
4919644235_2.jpg,9.02
4919663509_1.jpg,1.02
4919685847_1.jpg,4.63
4919685847_2.jpg,14.70
4919722063_1.jpg,13.38
4919726880_1.jpg,1.60
4921346995_1.jpg,5.44
4921355145_1.jpg,14.06
4921359599_1.jpg,4.61
4921363841_1.jpg,2.33
4921371372_1.jpg,7.01
4921414304_1.jpg,3.36
4921433499_1.jpg,1.16
4921433499_2.jpg,2.32
4921476222_1.jpg,5.15
4921502037_1.jpg,1.00
4921506488_1.jpg,21.76
4921519675_1.jpg,9.54
4921526267_1.jpg,2.21
4921616451_1.jpg,1.93
4921676022_1.jpg,1.65
4921682176_1.jpg,33.85
4921692438_1.jpg,0.72
4921705232_1.jpg,14.19
4921713313_1.jpg,8.16
4921713313_2.jpg,0.66
4921714515_1.jpg,9.05
4921758915_1.jpg,19.89
4921758915_2.jpg,10.37
4921758915_3.jpg,8.22
4921758915_4.jpg,0.01
4921775577_1.jpg,2.08
4921775577_2.jpg,2.07
4921775577_3.jpg,2.40
4921775577_4.jpg,0.85
4921797838_1.jpg,13.54
4921797838_2.jpg,4.27
4921801629_1.jpg,32.75
4921820503_1.jpg,2.34
4921901569_1.jpg,15.19
4921901569_2.jpg,15.42
4921901569_3.jpg,5.29
4921910239_1.jpg,3.79
4921938734_1.jpg,11.25
4921946227_1.jpg,5.16
4921970499_1.jpg,2.97
4921978718_1.jpg,0.28
4921978718_2.jpg,1.42
4921978718_3.jpg,1.40
4922006861_1.jpg,21.49
4922018361_1.jpg,0.47
4922018361_2.jpg,6.45
4922035520_1.jpg,6.95
4922035520_2.jpg,5.32
4923446258_1.jpg,5.43
4923446258_2.jpg,0.07
4923446258_3.jpg,0.70
4923450948_1.jpg,2.55
4923458131_1.jpg,7.63
4923462006_1.jpg,0.53
4923469789_1.jpg,5.80
4923606741_1.jpg,1.99
4923621349_1.jpg,2.04
4923621658_1.jpg,3.25
4923621658_2.jpg,1.68
4923625366_1.jpg,3.59
4923626911_1.jpg,8.37
4923647288_1.jpg,3.95
4923657675_1.jpg,2.20
4923658869_1.jpg,10.89
4923675157_1.jpg,14.90
4923675157_2.jpg,22.83
4923675157_3.jpg,0.94
4923687615_1.jpg,5.51
4923687615_2.jpg,1.85
4923699084_1.jpg,8.75
4923715180_1.jpg,1.19
4923715180_2.jpg,0.49
4923715649_1.jpg,0.14
4923732824_1.jpg,7.02
4923732824_2.jpg,7.29
4923732824_3.jpg,5.33
4923732824_4.jpg,3.90
4923732824_5.jpg,3.31
4923732824_6.jpg,1.25
4923732824_7.jpg,2.66
4923732824_8.jpg,2.65
4923732824_9.jpg,1.11
4923748664_1.jpg,3.18
4923748664_2.jpg,8.76
4923767798_1.jpg,7.93
4923767798_2.jpg,8.16
4923788367_1.jpg,5.07
4923789289_1.jpg,1.64
4923814186_1.jpg,2.48
4923818296_1.jpg,2.67
4923831820_1.jpg,6.43
4923843823_1.jpg,1.66
4923866786_1.jpg,4.68
4923952128_1.jpg,2.11
4924020096_1.jpg,3.66
4924020096_2.jpg,2.75
4924031450_1.jpg,3.39
4924089654_1.jpg,1.63
4924089654_2.jpg,4.43
4924089654_3.jpg,8.46
4924089654_4.jpg,12.99
4924134267_1.jpg,0.96
4924134267_2.jpg,3.76
4924134267_3.jpg,0.82
4924154204_1.jpg,4.60
4924183263_1.jpg,11.21
4924183263_2.jpg,12.74
4924183263_3.jpg,6.57
4925385319_1.jpg,0.86
4925385319_2.jpg,0.28
4925395492_1.jpg,4.71
4925395492_2.jpg,0.56
4925403671_1.jpg,7.24
4925403671_2.jpg,0.00
4925806496_1.jpg,21.94
4925806496_2.jpg,31.68
4925806496_3.jpg,10.48
4925806496_4.jpg,32.24
4925806496_5.jpg,17.65
4925806557_1.jpg,0.62
4925852925_1.jpg,3.78
4925855332_1.jpg,38.91
4925855332_2.jpg,34.68
4925855332_3.jpg,42.61
4925855332_4.jpg,39.71
4925862589_1.jpg,5.59
4925869103_1.jpg,4.31
4925869103_2.jpg,8.54
4925869103_3.jpg,10.66
4925869103_4.jpg,4.38
4925869103_5.jpg,3.80
4925869103_6.jpg,10.98
4925869103_7.jpg,21.19
4925869103_8.jpg,1.26
4925869103_9.jpg,0.20
4925878480_1.jpg,17.25
4925878480_2.jpg,16.79
4925878480_3.jpg,8.64
4925878480_4.jpg,2.23
4925878480_5.jpg,1.40
4925907149_1.jpg,8.19
4925908510_1.jpg,18.26
4925917397_1.jpg,4.79
4925917397_2.jpg,0.54
4925943579_1.jpg,4.15
4925947184_1.jpg,3.25
4926025701_1.jpg,8.73
4926048316_1.jpg,1.66
4926053257_1.jpg,0.69
4926053257_2.jpg,0.72
4926078909_1.jpg,4.30
4926138895_1.jpg,1.78
4926167735_1.jpg,2.21
4926209493_1.jpg,5.14
4926211163_1.jpg,5.70
4926211163_2.jpg,8.47
4926212217_1.jpg,5.06
4926212217_2.jpg,0.30
4926228327_1.jpg,45.30
4926228327_2.jpg,20.64
4926231434_1.jpg,12.64
4926232828_1.jpg,0.00
4926232828_2.jpg,0.96
4926232828_3.jpg,0.53
4926232828_4.jpg,0.00
4926234880_1.jpg,4.53
4926234880_2.jpg,11.44
4926279396_1.jpg,16.06
4926303358_1.jpg,2.09
4926303358_2.jpg,6.61
4926303563_1.jpg,11.80
4926303563_2.jpg,4.69
4926303563_3.jpg,7.40
4926303563_4.jpg,17.41
4926314479_1.jpg,12.14
4926314479_2.jpg,9.66
4927392747_1.jpg,1.65
4927396204_1.jpg,2.49
4927396246_1.jpg,6.61
4927397743_1.jpg,0.89
4927402770_1.jpg,6.00
4927406120_1.jpg,4.51
4927409361_1.jpg,8.16
4927411921_1.jpg,10.10
4927420983_1.jpg,3.82
4927431144_1.jpg,4.38
4928406245_1.jpg,24.98
4928406245_2.jpg,19.75
4928427637_1.jpg,38.00
4928427637_2.jpg,2.21
4929451308_1.jpg,3.67
4930094343_1.jpg,1.78
4930097058_1.jpg,2.96
4930104169_1.jpg,5.74
4930104169_2.jpg,0.00
4930104169_3.jpg,16.08
4930104169_4.jpg,18.24
4930104169_5.jpg,2.83
4930129508_1.jpg,17.24
4930129508_2.jpg,24.57
4930131666_1.jpg,15.05
4930140382_1.jpg,8.34
4930451592_1.jpg,4.41
4930472234_1.jpg,2.82
4930472234_2.jpg,32.88
4930491618_1.jpg,41.20
4930519860_1.jpg,9.24
4930551832_1.jpg,4.67
4930551832_2.jpg,4.99
4930551832_3.jpg,4.75
4930551832_4.jpg,1.93
4930588193_1.jpg,6.88
4930622749_1.jpg,5.95
4930669734_1.jpg,3.47
4930669734_2.jpg,3.37
4930687731_1.jpg,3.61
4930931976_1.jpg,10.59
4931065645_1.jpg,11.47
4931081018_1.jpg,14.12
4931082529_1.jpg,11.25
4931082880_1.jpg,9.58
4931163271_1.jpg,0.97
4931181759_1.jpg,6.06
4931348099_1.jpg,2.94
4931355747_1.jpg,4.19
4931355747_2.jpg,2.94
4931375398_1.jpg,10.94
4931380836_1.jpg,2.86
4931380836_2.jpg,7.75
4931380836_3.jpg,6.82
4931390490_1.jpg,2.99
4931399519_1.jpg,4.87
4931460305_1.jpg,3.54
4931506915_1.jpg,10.05
4931550307_1.jpg,33.00
4931605523_1.jpg,4.02
4931605523_2.jpg,0.01
4931608377_1.jpg,4.88
4931651894_1.jpg,9.63
4931715041_1.jpg,20.76
4931773033_1.jpg,0.40
4931776560_1.jpg,5.18
4931793179_1.jpg,7.78
4931813086_1.jpg,3.09
4931923448_1.jpg,6.10
4932020509_1.jpg,10.05
4932059329_1.jpg,5.54
4932082385_1.jpg,18.71
4932090770_1.jpg,0.70
4932116385_1.jpg,7.50
4932116385_2.jpg,3.68
4932162393_1.jpg,2.18
4932279699_1.jpg,5.27
4932284011_1.jpg,5.90
4932284011_2.jpg,0.45
4932310232_1.jpg,8.10
4932312415_1.jpg,6.11
4932318724_1.jpg,5.10
4932334357_1.jpg,18.54
4932334357_2.jpg,7.53
4932334357_3.jpg,18.79
4932352284_1.jpg,2.12
4932352284_2.jpg,2.16
4932423897_1.jpg,1.65
4932515654_1.jpg,8.86
4932526572_1.jpg,2.84
4932535739_1.jpg,2.26
4932579948_1.jpg,3.93
4932579948_2.jpg,4.39
4932579948_3.jpg,4.08
4932579948_4.jpg,7.02
4932579948_5.jpg,27.04
4932622695_1.jpg,6.50
4932640536_1.jpg,0.00
4932646238_1.jpg,5.45
4932686565_1.jpg,6.08
4932687982_1.jpg,0.22
4932804568_1.jpg,19.33
4932806546_1.jpg,3.39
4932806546_2.jpg,4.31
4932806546_3.jpg,2.42
4932806546_4.jpg,8.27
4932836772_1.jpg,19.29
4932865474_1.jpg,1.48
4932937655_1.jpg,5.93
4932955965_1.jpg,2.56
4932960937_1.jpg,17.69
4933084962_1.jpg,6.71
4933084962_2.jpg,2.90
4933124046_1.jpg,0.51
4933144540_1.jpg,4.77
4933145852_1.jpg,5.75
4933171587_1.jpg,8.38
4933175003_1.jpg,3.93
4933253426_1.jpg,11.43
4933279169_1.jpg,2.54
4933288765_1.jpg,3.37
4933366035_1.jpg,20.26
4933366035_2.jpg,6.93
4933376493_1.jpg,3.60
4933376493_2.jpg,2.64
4933383523_1.jpg,19.47
4933384743_1.jpg,3.36
4933392927_1.jpg,3.60
4933425923_1.jpg,7.70
4933455909_1.jpg,1.16
4933455909_2.jpg,2.96
4933455909_3.jpg,6.04
4933466452_1.jpg,5.09
4933466452_2.jpg,2.83
4933466452_3.jpg,3.43
4933466452_4.jpg,3.13
4933488035_1.jpg,11.75
4933493228_1.jpg,11.17
4933493228_2.jpg,2.55
4933509263_1.jpg,7.24
4933522557_1.jpg,1.93
4933578313_1.jpg,3.59
4933650315_1.jpg,3.30
4933650315_2.jpg,13.37
4933661693_1.jpg,1.28
4933683767_1.jpg,14.94
4933704964_1.jpg,2.16
4933709391_1.jpg,7.83
4933709395_1.jpg,4.88
4933710025_1.jpg,1.58
4933719917_1.jpg,14.36
4933719917_2.jpg,18.06
4933748516_1.jpg,18.06
4933824319_1.jpg,5.43
4933824319_2.jpg,2.47
4933824319_3.jpg,17.61
4933840736_1.jpg,12.59
4933840736_2.jpg,8.22
4933840736_3.jpg,12.21
4933905835_1.jpg,7.57
4933907186_1.jpg,6.19
4933907186_2.jpg,23.97
4933907186_3.jpg,13.07
4933920912_1.jpg,28.87
4933920912_2.jpg,23.34
4933920912_3.jpg,30.43
4933920912_4.jpg,1.67
4933951679_1.jpg,8.83
4933951679_2.jpg,8.03
4934063811_1.jpg,3.30
4934093958_1.jpg,3.85
4934112686_1.jpg,16.53
4934146021_1.jpg,5.49
4934146021_2.jpg,9.01
4934157760_1.jpg,3.13
4934172808_1.jpg,2.31
4934243103_1.jpg,2.05
4934311113_1.jpg,3.20
4934319861_1.jpg,69.51
4934387447_1.jpg,23.45
4934403701_1.jpg,16.09
4934416919_1.jpg,2.95
4934416919_2.jpg,5.35
4934420235_1.jpg,0.00
4934441984_1.jpg,7.77
4934461805_1.jpg,17.47
4934463956_1.jpg,6.61
4934532284_1.jpg,32.58
4934535806_1.jpg,4.59
4934550966_1.jpg,1.78
4934550966_2.jpg,1.41
4934596660_1.jpg,48.19
4934602661_1.jpg,41.81
4934602965_1.jpg,2.71
4934602965_2.jpg,15.30
4934602965_3.jpg,4.00
4934602965_4.jpg,14.19
4934611156_1.jpg,21.58
4934648825_1.jpg,2.27
4934648825_2.jpg,2.27
4934736016_1.jpg,8.02
4934736016_2.jpg,7.43
4934736016_3.jpg,2.83
4934752594_1.jpg,0.63
4934791986_1.jpg,11.63
4934812728_1.jpg,8.93
4934829241_1.jpg,8.79
4934877137_1.jpg,5.79
4934877137_2.jpg,0.90
4934934518_1.jpg,15.65
4934986175_1.jpg,2.88
4935015583_1.jpg,7.94
4935015583_2.jpg,10.99
4935015583_3.jpg,16.74
4935016903_1.jpg,3.70
4935046177_1.jpg,38.69
4935129340_1.jpg,3.58
4935174821_1.jpg,2.51
4935180138_1.jpg,4.43
4935218004_1.jpg,45.06
4935242399_1.jpg,2.27
4935288193_1.jpg,10.75
4935305912_1.jpg,8.99
4935309844_1.jpg,1.88
4935351904_1.jpg,10.82
4935378543_1.jpg,4.72
4935384593_1.jpg,3.88
4935438689_1.jpg,7.07
4935491649_1.jpg,6.41
4935634692_1.jpg,5.21
4935635257_1.jpg,4.05
4935641370_1.jpg,20.67
4935654089_1.jpg,0.36
4935654089_2.jpg,2.84
4935657282_1.jpg,12.39
4935660378_1.jpg,62.89
4935690840_1.jpg,1.85
4935713273_1.jpg,1.53
4935716016_1.jpg,4.02
4935730227_1.jpg,4.34
4935741924_1.jpg,3.81
4935753392_1.jpg,4.42
4935755505_1.jpg,28.28
4935769867_1.jpg,18.98
4935770375_1.jpg,2.77
4935770375_2.jpg,0.02
4935773757_1.jpg,1.90
4935790257_1.jpg,6.11
4935812893_1.jpg,3.42
4935822634_1.jpg,22.27
4935822634_10.jpg,16.67
4935822634_11.jpg,14.43
4935822634_12.jpg,12.57
4935822634_2.jpg,21.32
4935822634_3.jpg,20.81
4935822634_4.jpg,12.96
4935822634_5.jpg,11.76
4935822634_6.jpg,11.23
4935822634_7.jpg,13.73
4935822634_8.jpg,3.25
4935822634_9.jpg,1.20
4935822850_1.jpg,10.48
4935822850_2.jpg,8.34
4935822850_3.jpg,0.96
4935822850_4.jpg,4.77
4935822850_5.jpg,5.12
4935826598_1.jpg,14.54
4935861295_1.jpg,14.64
4935877639_1.jpg,1.91
4935901013_1.jpg,2.13
4935919318_1.jpg,0.72
4935919318_2.jpg,0.81
4935933524_1.jpg,22.65
4935933524_2.jpg,8.59
4935972630_1.jpg,6.89
4935972630_2.jpg,6.52
4935998028_1.jpg,0.30
4936004832_1.jpg,0.41
4936004832_2.jpg,0.02
4936004832_3.jpg,0.89
4936004832_4.jpg,0.67
4936004832_5.jpg,0.23
4936047262_1.jpg,4.31
4936048302_1.jpg,4.00
4936071635_1.jpg,28.27
4936071635_2.jpg,28.14
4936085291_1.jpg,3.54
4936096034_1.jpg,5.48
4936096034_2.jpg,9.54
4936108466_1.jpg,6.20
4936111314_1.jpg,7.40
4936128437_1.jpg,3.90
4936128437_2.jpg,4.00
4936132594_1.jpg,10.66
4936157780_1.jpg,6.02
4936157780_2.jpg,5.30
4936157780_3.jpg,0.62
4936157780_4.jpg,1.06
4936157780_5.jpg,0.14
4936170253_1.jpg,5.13
4936170253_2.jpg,19.57
4936170253_3.jpg,18.97
4936336037_1.jpg,12.60
4936444805_1.jpg,3.15
4936444805_2.jpg,0.35
4936463393_1.jpg,3.05
4936463393_2.jpg,5.32
4936486541_1.jpg,4.46
4936486541_2.jpg,14.74
4936486541_3.jpg,18.14
4936486541_4.jpg,2.46
4936514601_1.jpg,3.03
4936544858_1.jpg,6.65
4936547678_1.jpg,0.82
4936547678_2.jpg,2.50
4936547678_3.jpg,2.12
4936596617_1.jpg,2.23
4936596721_1.jpg,5.03
4936598304_1.jpg,17.70
4936598800_1.jpg,2.22
4936613263_1.jpg,4.58
4936613263_2.jpg,5.03
4936613263_3.jpg,4.86
4936613263_4.jpg,3.21
4936647111_1.jpg,1.32
4936647111_2.jpg,2.07
4936659967_1.jpg,5.02
4936666137_1.jpg,4.32
4936666137_2.jpg,6.21
4936676335_1.jpg,6.03
4936683622_1.jpg,0.77
4936683622_2.jpg,0.89
4936689406_1.jpg,3.81
4936722064_1.jpg,3.46
4936730920_1.jpg,4.42
4936740531_1.jpg,1.44
4936761048_1.jpg,0.41
4936786123_1.jpg,2.11
4936807685_1.jpg,2.29
4936807685_2.jpg,0.00
4936808092_1.jpg,4.49
4936808092_2.jpg,5.96
4936857065_1.jpg,19.61
4936865660_1.jpg,0.92
4936872724_1.jpg,0.67
4936872724_2.jpg,0.56
4936914717_1.jpg,3.28
4936914717_2.jpg,4.76
4936917187_1.jpg,11.26
4936980196_1.jpg,6.31
4936984374_1.jpg,4.70
4936998001_1.jpg,10.55
4936998001_2.jpg,18.80
4936998001_3.jpg,7.71
4936998001_4.jpg,1.16
4936998001_5.jpg,2.10
4936998001_6.jpg,2.19
4937000666_1.jpg,13.72
4937000666_2.jpg,1.89
4937010322_1.jpg,8.88
4937010322_2.jpg,6.48
4937032644_1.jpg,3.96
4937047124_1.jpg,0.04
4937081580_1.jpg,11.21
4937081580_2.jpg,3.91
4937092442_1.jpg,44.56
4937127931_1.jpg,1.19
4937136189_1.jpg,4.00
4937136189_2.jpg,1.95
4937136189_3.jpg,1.41
4937136189_4.jpg,2.97
4937173073_1.jpg,10.31
4937173073_2.jpg,7.70
4937173073_3.jpg,1.49
4937173073_4.jpg,1.23
4937197085_1.jpg,0.19
4937220105_1.jpg,5.24
4937220105_2.jpg,14.19
4937222883_1.jpg,11.29
4937236056_1.jpg,2.35
4937240420_1.jpg,6.27
4937240420_2.jpg,47.68
4937249386_1.jpg,1.24
4937253968_1.jpg,29.23
4937256461_1.jpg,9.86
4942178270_1.jpg,10.85
4945498947_1.jpg,16.47
4945562355_1.jpg,5.32
4945583094_1.jpg,4.32
4945583094_2.jpg,8.38
4945583094_3.jpg,1.99
4945583094_4.jpg,3.08
4945583094_5.jpg,8.28
4945583094_6.jpg,8.52
4945583094_7.jpg,11.68
4945583094_8.jpg,9.83
4945583094_9.jpg,7.56
4945611070_1.jpg,4.15
4945611070_2.jpg,0.41
4945630229_1.jpg,9.60
4945683069_1.jpg,5.40
4945683069_2.jpg,0.16
4945714281_1.jpg,23.05
4945714281_2.jpg,11.48
4945764460_1.jpg,4.37
4945764460_2.jpg,7.34
4945775008_1.jpg,8.82
4945775008_2.jpg,2.54
4945814698_1.jpg,38.91
4945814698_2.jpg,10.41
4945814698_3.jpg,6.08
4945814698_4.jpg,37.47
4945846192_1.jpg,2.89
4945864738_1.jpg,10.65
4945872228_1.jpg,7.76
4945943815_1.jpg,3.40
4945943815_2.jpg,1.82
4945943815_3.jpg,0.24
4945943815_4.jpg,0.89
4945997396_1.jpg,2.90
4945997396_2.jpg,3.41
4945997396_3.jpg,4.19
4945997396_4.jpg,4.15
4946003798_1.jpg,3.03
4946003798_2.jpg,2.50
4946016666_1.jpg,20.11
4946019704_1.jpg,51.54
4946019704_2.jpg,47.58
4946019704_3.jpg,29.40
4946019704_4.jpg,37.35
4946072671_1.jpg,0.68
4946092962_1.jpg,5.11
4946110529_1.jpg,0.63
4946154004_1.jpg,4.64
4946154004_2.jpg,3.74
4946195243_1.jpg,12.37
4946255767_1.jpg,6.15
4946255767_2.jpg,5.00
4946293898_1.jpg,1.61
4946311724_1.jpg,7.53
4946312089_1.jpg,8.97
4946312089_2.jpg,3.26
4946312089_3.jpg,7.62
4946360241_1.jpg,2.64
4946429498_1.jpg,1.82
4946429498_2.jpg,5.17
4946515439_1.jpg,3.30
4946517087_1.jpg,0.44
4946542463_1.jpg,4.95
4946542463_2.jpg,4.18
4946577646_1.jpg,2.68
4946577646_2.jpg,7.77
4946612040_1.jpg,1.81
4946643722_1.jpg,8.32
4946643722_10.jpg,12.37
4946643722_2.jpg,3.25
4946643722_3.jpg,2.95
4946643722_4.jpg,3.60
4946643722_5.jpg,9.54
4946643722_6.jpg,13.29
4946643722_7.jpg,9.33
4946643722_8.jpg,6.27
4946643722_9.jpg,10.88
4946653886_1.jpg,1.75
4946683738_1.jpg,0.27
4946683738_2.jpg,0.46
4946694715_1.jpg,0.50
4946694715_2.jpg,1.07
4946694715_3.jpg,1.90
4946694715_4.jpg,2.86
4946713482_1.jpg,5.33
4946713978_1.jpg,7.94
4946713978_2.jpg,6.34
4946713978_3.jpg,3.45
4946713978_4.jpg,9.30
4947183213_1.jpg,13.73
4947189573_1.jpg,15.38
4947196065_1.jpg,4.72
4947206025_1.jpg,3.04
4947226250_1.jpg,29.68
4949856421_1.jpg,5.56
4949856421_2.jpg,2.98
4949884478_1.jpg,7.08
4949884478_2.jpg,6.81
4949884478_3.jpg,6.58
4949884478_4.jpg,5.43
4949914016_1.jpg,2.79
4949932810_1.jpg,8.12
4949932810_2.jpg,15.53
4949932810_3.jpg,8.10
4949932810_4.jpg,2.43
4949939189_1.jpg,2.46
4949939189_2.jpg,1.64
4949939189_3.jpg,1.69
4949948641_1.jpg,3.32
4949948641_2.jpg,3.05
4949948641_3.jpg,1.91
4949952952_1.jpg,1.89
4949952952_2.jpg,0.70
4949952952_3.jpg,0.35
4949952952_4.jpg,0.89
4949952952_5.jpg,0.14
4949975827_1.jpg,3.72
4950006346_1.jpg,4.99
4950008245_1.jpg,1.73
4950044760_1.jpg,13.21
4950052644_1.jpg,3.86
4950059442_1.jpg,5.01
4950141857_1.jpg,1.19
4950141857_2.jpg,0.19
4950156728_1.jpg,9.06
4950182857_1.jpg,13.79
4950182857_2.jpg,8.13
4950182857_3.jpg,5.80
4950182857_4.jpg,2.92
4950233561_1.jpg,0.98
4950233561_2.jpg,1.26
4950269901_1.jpg,10.90
4950304871_1.jpg,6.86
4950330845_1.jpg,8.47
4950330845_2.jpg,4.19
4950352088_1.jpg,2.62
4950481065_1.jpg,7.00
4950485655_1.jpg,0.60
4950485655_2.jpg,0.55
4950485655_3.jpg,0.16
4950485655_4.jpg,0.00
4950506629_1.jpg,9.04
4950530181_1.jpg,4.55
4950543368_1.jpg,8.16
4950554463_1.jpg,8.06
4950554463_2.jpg,9.03
4950574109_1.jpg,44.44
4950574109_2.jpg,9.07
4950574109_3.jpg,44.06
4951024106_1.jpg,0.82
4951024106_2.jpg,0.86
4951032088_1.jpg,3.84
4952169650_1.jpg,1.04
4952169650_2.jpg,0.93
4952243856_1.jpg,5.46
4952359709_1.jpg,1.06
4952359709_2.jpg,0.15
4952372780_1.jpg,0.91
4952372780_2.jpg,0.93
4952404283_1.jpg,12.92
4952412909_1.jpg,13.02
4952459100_1.jpg,3.60
4952459100_2.jpg,6.81
4952459862_1.jpg,5.05
4952480412_1.jpg,3.77
4952532525_1.jpg,1.77
4952550916_1.jpg,31.74
4952625385_1.jpg,17.52
4952625385_2.jpg,1.11
4952696562_1.jpg,2.95
4952708975_1.jpg,9.89
4952733141_1.jpg,4.59
4952733141_2.jpg,6.92
4952769812_1.jpg,1.38
4952776851_1.jpg,20.49
4952803501_1.jpg,13.61
4952803501_2.jpg,9.62
4952803501_3.jpg,11.06
4952865683_1.jpg,1.79
4952869423_1.jpg,23.27
4952918018_1.jpg,4.70
4952933099_1.jpg,3.54
4952947474_1.jpg,15.10
4952963334_1.jpg,9.93
4952990520_1.jpg,2.10
4953050984_1.jpg,12.47
4953059749_1.jpg,17.26
4953063585_1.jpg,18.26
4953063585_2.jpg,5.05
4953063585_3.jpg,5.24
4953076127_1.jpg,17.46
4953080481_1.jpg,0.78
4953091682_1.jpg,2.42
4953471699_1.jpg,6.22
4954277081_1.jpg,4.96
4954277081_2.jpg,9.37
4954277081_3.jpg,8.52
4954353653_1.jpg,2.58
4954355658_1.jpg,0.96
4954355658_2.jpg,0.85
4954355658_3.jpg,0.00
4954412399_1.jpg,8.93
4954412399_2.jpg,7.70
4954482015_1.jpg,1.20
4954502821_1.jpg,19.79
4954504483_1.jpg,3.87
4954504483_2.jpg,4.44
4954504483_3.jpg,14.76
4954509468_1.jpg,3.13
4954517806_1.jpg,7.46
4954602483_1.jpg,5.60
4954668647_1.jpg,0.76
4954713366_1.jpg,4.41
4954713366_2.jpg,14.58
4954728965_1.jpg,10.11
4954728965_2.jpg,8.62
4955905380_1.jpg,6.74
4955925108_1.jpg,4.79
4955996132_1.jpg,8.76
4956033825_1.jpg,13.16
4956041370_1.jpg,16.51
4956042033_1.jpg,3.77
4956050570_1.jpg,7.21
4956066680_1.jpg,3.21
4956103743_1.jpg,5.19
4956123235_1.jpg,5.51
4956130794_1.jpg,0.88
4956153479_1.jpg,3.37
4956191796_1.jpg,5.47
4956198249_1.jpg,5.78
4956198249_2.jpg,8.33
4956233224_1.jpg,7.20
4956247013_1.jpg,1.79
4956247013_2.jpg,4.03
4956414048_1.jpg,3.20
4956466205_1.jpg,8.01
4956466205_2.jpg,2.49
4956508087_1.jpg,1.43
4956508087_2.jpg,9.59
4956509335_1.jpg,6.61
4956516418_1.jpg,5.34
4956614496_1.jpg,18.39
4956651119_1.jpg,11.46
4956772221_1.jpg,0.69
4956772221_2.jpg,2.84
4956789517_1.jpg,30.31
4956789517_2.jpg,30.29
4956789517_3.jpg,33.40
4956789517_4.jpg,29.79
4956789517_5.jpg,20.46
4956789517_6.jpg,55.44
4956810416_1.jpg,5.41
4956831813_1.jpg,37.74
4956869358_1.jpg,1.07
4956869358_2.jpg,1.02
4956923202_1.jpg,1.22
4956933343_1.jpg,4.35
4956933343_2.jpg,4.15
4956958350_1.jpg,1.07
4956996875_1.jpg,9.42
4957019833_1.jpg,3.99
4957019833_2.jpg,0.90
4957019833_3.jpg,3.99
4957094982_1.jpg,22.32
4957133831_1.jpg,24.09
4957239030_1.jpg,12.23
4957282817_1.jpg,2.38
4957287721_1.jpg,2.14
4957378251_1.jpg,7.59
4957407657_1.jpg,10.48
4957432252_1.jpg,14.35
4957454063_1.jpg,11.06
4957499703_1.jpg,3.53
4957499703_2.jpg,2.45
4957507932_1.jpg,17.39
4957507932_2.jpg,5.35
4957546459_1.jpg,2.57
4957595013_1.jpg,9.54
4957596116_1.jpg,2.01
4957596116_2.jpg,0.10
4957627190_1.jpg,16.74
4957637242_1.jpg,7.33
4957649840_1.jpg,18.58
4957649840_2.jpg,11.10
4957649840_3.jpg,17.04
4957649840_4.jpg,7.71
4957649840_5.jpg,18.58
4957682042_1.jpg,7.74
4957687843_1.jpg,6.53
4957696500_1.jpg,8.04
4957730323_1.jpg,3.42
4957861443_1.jpg,8.43
4957872478_1.jpg,2.04
4957872478_2.jpg,2.42
4957872478_3.jpg,1.09
4957872478_4.jpg,0.00
4957928128_1.jpg,7.55
4957935719_1.jpg,7.18
4957935719_2.jpg,2.68
4957935719_3.jpg,20.72
4957974526_1.jpg,2.29
4958067002_1.jpg,8.73
4958067002_2.jpg,0.00
4958067002_3.jpg,27.70
4958067002_4.jpg,0.38
4958067002_5.jpg,17.23
4973792834_1.jpg,5.31
4973792834_2.jpg,3.97
4973869096_1.jpg,7.89
4973869096_2.jpg,6.73
4973869096_3.jpg,8.09
4973877827_1.jpg,4.88
4973928598_1.jpg,10.53
4973928598_2.jpg,8.89
4973928598_3.jpg,5.96
4973933767_1.jpg,1.88
4973933767_2.jpg,1.78
4973933767_3.jpg,1.86
4973960259_1.jpg,25.58
4973961662_1.jpg,19.18
4973961662_2.jpg,23.01
4973961662_3.jpg,50.42
4973961662_4.jpg,18.88
4973961662_5.jpg,31.88
4973969362_1.jpg,35.44
4973969362_2.jpg,19.82
4973969362_3.jpg,20.51
4973969362_4.jpg,16.48
4973969362_5.jpg,13.54
4973987992_1.jpg,6.14
4973987992_2.jpg,11.85
4974013379_1.jpg,64.07
4974016250_1.jpg,10.83
4974033369_1.jpg,29.89
4974033369_10.jpg,8.83
4974033369_2.jpg,11.88
4974033369_3.jpg,14.99
4974033369_4.jpg,14.76
4974033369_5.jpg,32.85
4974033369_6.jpg,32.95
4974033369_7.jpg,23.55
4974033369_8.jpg,12.87
4974033369_9.jpg,9.90
4974241030_1.jpg,1.86
4974241030_2.jpg,0.75
4974270968_1.jpg,1.81
4974322459_1.jpg,1.89
4974538070_1.jpg,9.86
4974554558_1.jpg,4.16
4974554558_2.jpg,13.26
4976270156_1.jpg,0.16
4976294433_1.jpg,2.61
4976294433_2.jpg,17.16
4976294433_3.jpg,1.91
4976521457_1.jpg,8.67
4976521457_2.jpg,3.93
4976521457_3.jpg,2.86
4976521457_4.jpg,3.86
4978163148_1.jpg,21.63
4978163148_2.jpg,15.34
4978163148_3.jpg,40.75
4978167931_1.jpg,10.59
4978167931_2.jpg,4.78
4978167931_3.jpg,5.60
4978167931_4.jpg,2.18
4978167931_5.jpg,5.93
4978167931_6.jpg,2.50
4978167931_7.jpg,7.31
4978311826_1.jpg,13.05
4978324780_1.jpg,23.43
4978324780_2.jpg,25.88
4978324780_3.jpg,16.10
4978324780_4.jpg,23.72
4978369095_1.jpg,15.68
4978409267_1.jpg,20.04
4978409267_2.jpg,18.04
4978470476_1.jpg,21.32
4978470476_2.jpg,22.69
4978470476_3.jpg,27.28
4978470476_4.jpg,22.82
4978470476_5.jpg,28.64
4978503699_1.jpg,6.99
4978552894_1.jpg,5.35
4978623733_1.jpg,8.97
4978623733_2.jpg,2.43
4980287533_1.jpg,22.45
4980287533_2.jpg,25.42
4980287533_3.jpg,27.11
4980337718_1.jpg,2.22
4980337718_2.jpg,1.62
4980337718_3.jpg,1.66
4980337718_4.jpg,3.96
4980446536_1.jpg,8.41
4980446536_2.jpg,13.86
4980707343_1.jpg,14.02
4980707343_2.jpg,19.83
4980707343_3.jpg,18.80
4980707343_4.jpg,30.83
4980707343_5.jpg,14.45
4980932939_1.jpg,8.53
4980935335_1.jpg,48.75
4980955597_1.jpg,16.22
4981918192_1.jpg,29.33
4981945941_1.jpg,1.07
4982093250_1.jpg,8.75
4982362511_1.jpg,32.40
4983395339_1.jpg,7.26
4985407989_1.jpg,3.51
4985421450_1.jpg,3.20
4985421450_2.jpg,6.75
4985421450_3.jpg,4.19
4985464370_1.jpg,3.86
4985464370_2.jpg,14.18
4985484846_1.jpg,2.89
4985511622_1.jpg,16.58
4985532559_1.jpg,7.31
4985539385_1.jpg,16.31
4985555156_1.jpg,8.43
4985569317_1.jpg,24.87
4985573223_1.jpg,7.36
4985580535_1.jpg,27.07
4985584876_1.jpg,8.82
4985585174_1.jpg,13.88
4985627353_1.jpg,9.70
4985627353_2.jpg,14.89
4985735038_1.jpg,3.30
4985745369_1.jpg,3.27
4985813751_1.jpg,22.37
4985930747_1.jpg,5.03
4985939722_1.jpg,20.13
4985979424_1.jpg,44.98
4985998474_1.jpg,31.90
4986004801_1.jpg,6.18
4986004801_2.jpg,0.36
4986014105_1.jpg,9.28
4986014105_2.jpg,9.39
4986037789_1.jpg,3.36
4986073342_1.jpg,2.75
4986077848_1.jpg,2.92
4986077848_2.jpg,3.07
4986081330_1.jpg,11.66
4986091887_1.jpg,3.17
4986096028_1.jpg,10.05
4986114425_1.jpg,3.59
4986183492_1.jpg,8.35
4986186373_1.jpg,4.72
4986186373_2.jpg,7.41
4986186373_3.jpg,11.85
4986186373_4.jpg,17.63
4986247607_1.jpg,3.01
4986247607_2.jpg,6.17
4986247607_3.jpg,3.99
4986247607_4.jpg,9.90
4986257588_1.jpg,5.88
4986272356_1.jpg,20.90
4986304643_1.jpg,1.10
4986331925_1.jpg,13.68
4986370433_1.jpg,7.17
4986383330_1.jpg,17.94
4986433413_1.jpg,1.49
4986433413_2.jpg,1.42
4986433413_3.jpg,4.64
4986433413_4.jpg,1.59
4986433413_5.jpg,4.85
4986439790_1.jpg,35.91
4986442287_1.jpg,4.43
4986468423_1.jpg,4.26
4986505161_1.jpg,9.75
4986512491_1.jpg,6.96
4986555826_1.jpg,4.44
4986605461_1.jpg,6.48
4986614032_1.jpg,5.40
4986670587_1.jpg,4.33
4986670587_2.jpg,2.95
4986674280_1.jpg,3.36
4986674280_2.jpg,6.61
4986713665_1.jpg,9.61
4987434834_1.jpg,2.12
4987491546_1.jpg,4.95
4987568889_1.jpg,6.24
4987701390_1.jpg,13.98
4987701390_2.jpg,3.14
4987701390_3.jpg,0.54
4987701390_4.jpg,3.27
4987781693_1.jpg,1.19
4987803268_1.jpg,10.02
4987803268_2.jpg,28.28
4987803268_3.jpg,10.12
4987803268_4.jpg,13.95
4987817414_1.jpg,8.69
4990587328_1.jpg,4.94
4990587474_1.jpg,2.38
4990593215_1.jpg,1.93
4990595375_1.jpg,5.98
4993727722_1.jpg,22.50
4993727722_2.jpg,6.15
4994130598_1.jpg,4.57
4994273892_1.jpg,7.12
4994288595_1.jpg,2.03
4994288595_2.jpg,2.01
4994524781_1.jpg,2.65
4994524781_2.jpg,2.40
4994524781_3.jpg,2.60
4994558832_1.jpg,25.82
4995682294_1.jpg,25.03
4995682294_2.jpg,62.64
5003577689_1.jpg,26.37
5003577689_2.jpg,7.46
5006022802_1.jpg,0.35
5006854422_1.jpg,3.08
5006902316_1.jpg,2.60
5007025961_1.jpg,2.45
5007025961_2.jpg,4.87
5007025961_3.jpg,3.64
5007025961_4.jpg,3.12
5007149781_1.jpg,35.04
5007207913_1.jpg,10.07
5007207913_2.jpg,6.22
5007207913_3.jpg,6.36
5007207913_4.jpg,4.50
5007207913_5.jpg,7.85
5007321143_1.jpg,8.18
5007561898_1.jpg,1.43
5007749653_1.jpg,2.32
5007749653_2.jpg,15.66
5007749653_3.jpg,3.76
5007958123_1.jpg,9.57
5007958123_2.jpg,19.84
5007958123_3.jpg,3.64
5007958123_4.jpg,20.26
5007963716_1.jpg,15.96
5008248974_1.jpg,12.46
5008260505_1.jpg,2.54
5008418765_1.jpg,25.69
5012486041_1.jpg,7.63
5012993254_1.jpg,2.35
5012997725_1.jpg,6.55
5012997725_2.jpg,2.65
5013005762_1.jpg,62.10
5013068770_1.jpg,19.36
5013108461_1.jpg,3.22
5013144911_1.jpg,27.60
5013173000_1.jpg,73.17
5013173000_2.jpg,40.98
5013173000_3.jpg,61.39
5013221549_1.jpg,6.22
5013237980_1.jpg,6.99
5013237980_2.jpg,0.00
5013259205_1.jpg,40.98
5013259205_2.jpg,35.42
5013309879_1.jpg,74.41
5013312736_1.jpg,12.27
5013358793_1.jpg,1.07
5013406104_1.jpg,3.20
5013406104_2.jpg,9.29
5013406104_3.jpg,32.12
5013406104_4.jpg,22.08
5013406104_5.jpg,62.28
5013471802_1.jpg,38.90
5013471802_2.jpg,23.85
5013471802_3.jpg,19.78
5013471802_4.jpg,27.71
5013617157_1.jpg,1.32
5013666915_1.jpg,44.97
5013666915_2.jpg,15.40
5013676915_1.jpg,17.52
5013730079_1.jpg,7.91
5013730079_2.jpg,28.09
5013730079_3.jpg,10.28
5013730079_4.jpg,30.24
5013730079_5.jpg,6.79
5013821743_1.jpg,1.77
5013849417_1.jpg,14.49
5013949101_1.jpg,13.33
5014075287_1.jpg,31.56
5014110275_1.jpg,2.30
5014110275_2.jpg,1.99
5014143584_1.jpg,26.90
5014143584_2.jpg,92.90
5014143584_3.jpg,25.89
5014143584_4.jpg,69.28
5014176645_1.jpg,3.23
5014396327_1.jpg,4.09
5014396327_2.jpg,7.99
5014396327_3.jpg,8.63
5014435972_1.jpg,2.99
5014462290_1.jpg,0.37
5014462290_2.jpg,1.67
5014540763_1.jpg,14.72
5014574103_1.jpg,15.70
5014574103_2.jpg,81.48
5014585360_1.jpg,7.36
5014585360_2.jpg,29.96
5014585360_3.jpg,24.57
5014588624_1.jpg,3.94
5014595045_1.jpg,4.70
5014595045_2.jpg,5.18
5014595045_3.jpg,3.18
5014595045_4.jpg,3.95
5014595045_5.jpg,3.55
5014605765_1.jpg,14.62
5014605765_2.jpg,22.08
5014671325_1.jpg,2.46
5014671325_2.jpg,2.90
5014681890_1.jpg,4.43
5014685257_1.jpg,9.63
5014685257_2.jpg,22.74
5014685257_3.jpg,28.12
5014685257_4.jpg,26.37
5014685257_5.jpg,35.61
5014685257_6.jpg,22.12
5014883767_1.jpg,36.17
5014993242_1.jpg,25.68
5014993242_2.jpg,17.13
5014993242_3.jpg,33.97
5014993242_4.jpg,37.54
5014993242_5.jpg,15.27
5015248967_1.jpg,55.84
5015336477_1.jpg,12.03
5015336477_2.jpg,25.04
5015336477_3.jpg,22.53
5015489017_1.jpg,17.54
5015489017_2.jpg,2.68
5015508258_1.jpg,4.78
5015646301_1.jpg,30.05
5015646301_2.jpg,65.35
5015646301_3.jpg,68.69
5015664697_1.jpg,65.35
5015741718_1.jpg,1.33
5015741718_2.jpg,5.99
5015854409_1.jpg,20.20
5015854409_2.jpg,17.66
5015854409_3.jpg,17.22
5016061303_1.jpg,2.65
5016286616_1.jpg,25.36
5016286616_2.jpg,33.44
5016300441_1.jpg,7.67
5016396499_1.jpg,42.33
5016447783_1.jpg,32.45
5016447783_2.jpg,19.37
5016555810_1.jpg,19.02
5016736196_1.jpg,4.10
5016736196_2.jpg,21.37
5016879005_1.jpg,38.33
5016879005_2.jpg,6.87
5016879005_3.jpg,43.77
5016912322_1.jpg,11.35
5016923467_1.jpg,68.99
5016923467_2.jpg,38.31
5016923467_3.jpg,37.87
5016923467_4.jpg,73.49
5016923467_5.jpg,16.29
5016977661_1.jpg,2.82
5016977661_2.jpg,3.56
5016977661_3.jpg,3.91
5016977661_4.jpg,1.28
5017052468_1.jpg,18.61
5017145854_1.jpg,13.57
5017150895_1.jpg,3.38
5017178708_1.jpg,32.97
5017286231_1.jpg,19.32
5017286231_2.jpg,21.50
5017286231_3.jpg,50.75
5017302950_1.jpg,14.43
5017414263_1.jpg,34.84
5017414263_2.jpg,32.04
5017442798_1.jpg,32.26
5017512486_1.jpg,21.01
5017808665_1.jpg,28.75
5017808665_2.jpg,30.44
5017808665_3.jpg,15.64
5017961562_1.jpg,23.55
5017961562_2.jpg,13.03
5017961562_3.jpg,17.52
5017961562_4.jpg,20.28
5017961562_5.jpg,2.45
5017961562_6.jpg,40.69
5017961562_7.jpg,28.11
5018111246_1.jpg,3.23
5018357930_1.jpg,33.03
5018357930_2.jpg,21.39
5018357930_3.jpg,35.05
5018443725_1.jpg,3.99
5018466083_1.jpg,28.36
5018466083_2.jpg,64.16
5018466083_3.jpg,28.03
5018466083_4.jpg,30.85
5018466083_5.jpg,29.80
5018466083_6.jpg,66.27
5018466083_7.jpg,34.61
5018466083_8.jpg,14.97
5018519528_1.jpg,31.74
5018519528_2.jpg,47.32
5018579510_1.jpg,28.11
5018579510_2.jpg,28.11
5018579510_3.jpg,43.49
5018579510_4.jpg,6.10
5018767290_1.jpg,5.61
5018777043_1.jpg,7.08
5018830635_1.jpg,12.20
5018830635_2.jpg,4.29
5018960992_1.jpg,18.12
5018999620_1.jpg,23.81
5018999620_2.jpg,46.20
5019001719_1.jpg,8.13
5019110018_1.jpg,13.08
5019110018_2.jpg,9.00
5019201876_1.jpg,18.22
5019201876_2.jpg,26.17
5019201876_3.jpg,24.58
5019201876_4.jpg,21.54
5019201876_5.jpg,16.49
5019203485_1.jpg,16.09
5019287120_1.jpg,10.41
5019287120_2.jpg,21.59
5019287120_3.jpg,31.41
5019287120_4.jpg,34.78
5019287120_5.jpg,26.98
5019287120_6.jpg,24.15
5019526273_1.jpg,9.12
5019922185_1.jpg,7.99
5019983481_1.jpg,17.35
5020134620_1.jpg,17.93
5020134620_2.jpg,12.01
5020134620_3.jpg,20.97
5020134620_4.jpg,22.43
5020181247_1.jpg,26.04
5020181247_2.jpg,29.19
5020181247_3.jpg,16.69
5020221161_1.jpg,2.75
5020246492_1.jpg,73.42
5020246492_2.jpg,37.58
5020437187_1.jpg,44.07
5020437187_2.jpg,35.04
5020437187_3.jpg,5.86
5020437187_4.jpg,72.76
5020478973_1.jpg,18.05
5020777762_1.jpg,31.11
5021172878_1.jpg,28.11
5021220292_1.jpg,24.27
5021225609_1.jpg,15.70
5021225609_2.jpg,11.12
5021225609_3.jpg,22.40
5021367832_1.jpg,23.24
5021433294_1.jpg,3.89
5021521122_1.jpg,11.62
5021650295_1.jpg,9.70
5021765687_1.jpg,8.56
5021791227_1.jpg,1.29
5021791227_2.jpg,0.00
5021813416_1.jpg,8.40
5021846265_1.jpg,1.76
5022182461_1.jpg,0.99
5022182461_2.jpg,0.13
5022192783_1.jpg,54.97
5022261198_1.jpg,51.37
5022261198_2.jpg,49.34
5022276181_1.jpg,42.56
5022308150_1.jpg,2.88
5022315748_1.jpg,26.20
5022456155_1.jpg,14.78
5022496673_1.jpg,10.85
5022554129_1.jpg,42.69
5022584246_1.jpg,15.80
5022853407_1.jpg,1.25
5022918177_1.jpg,36.73
5022918177_2.jpg,31.95
5022918177_3.jpg,24.06
5022918177_4.jpg,9.88
5022928339_1.jpg,37.84
5022960006_1.jpg,7.70
5023137907_1.jpg,21.64
5023137907_2.jpg,17.66
5023137907_3.jpg,4.20
5023211402_1.jpg,10.21
5023244664_1.jpg,58.78
5023244664_2.jpg,45.97
5023244664_3.jpg,33.54
5023267206_1.jpg,23.27
5023267206_2.jpg,49.45
5023267206_3.jpg,25.93
5023267206_4.jpg,50.42
5023284129_1.jpg,22.45
5023496211_1.jpg,34.15
5023496211_2.jpg,16.59
5023576549_1.jpg,0.00
5023748072_1.jpg,84.10
5023876088_1.jpg,31.68
5023876088_2.jpg,47.48
5023876088_3.jpg,25.98
5023876088_4.jpg,58.27
5023908958_1.jpg,0.16
5023908958_2.jpg,10.20
5023925643_1.jpg,51.14
5023925643_2.jpg,33.79
5023925643_3.jpg,29.76
5023925643_4.jpg,35.95
5024008196_1.jpg,17.18
5024008196_2.jpg,37.09
5024307324_1.jpg,1.50
5024307324_2.jpg,1.50
5024525700_1.jpg,36.05
5024525700_2.jpg,35.50
5024527041_1.jpg,36.22
5024568040_1.jpg,5.67
5024728073_1.jpg,4.77
5024744941_1.jpg,15.44
5024817431_1.jpg,28.19
5024834647_1.jpg,17.57
5024834647_10.jpg,6.73
5024834647_11.jpg,18.70
5024834647_2.jpg,9.32
5024834647_3.jpg,15.65
5024834647_4.jpg,13.57
5024834647_5.jpg,5.39
5024834647_6.jpg,9.12
5024834647_7.jpg,6.89
5024834647_8.jpg,8.20
5024834647_9.jpg,6.00
5024861607_1.jpg,7.62
5024861607_2.jpg,16.63
5024861607_3.jpg,10.19
5025010648_1.jpg,5.79
5025010648_2.jpg,6.33
5025032608_1.jpg,21.47
5025068736_1.jpg,4.56
5025143012_1.jpg,13.18
5025143012_2.jpg,16.39
5025143012_3.jpg,8.49
5025143012_4.jpg,28.27
5025143012_5.jpg,7.52
5025143012_6.jpg,18.65
5025143012_7.jpg,9.04
5025290013_1.jpg,4.59
5025574819_1.jpg,27.82
5025657959_1.jpg,14.20
5025677296_1.jpg,12.93
5025785569_1.jpg,44.78
5025785569_2.jpg,42.32
5025817020_1.jpg,53.64
5025817020_2.jpg,44.87
5025817020_3.jpg,54.96
5025958325_1.jpg,10.50
5025958325_2.jpg,31.29
5025958325_3.jpg,21.18
5026692865_1.jpg,24.99
5026692865_2.jpg,90.24
5026692865_3.jpg,42.19
5026692865_4.jpg,41.21
5026692865_5.jpg,39.49
5026865433_1.jpg,19.72
5026897440_1.jpg,4.51
5026897440_2.jpg,16.31
5026931635_1.jpg,3.37
5026979642_1.jpg,2.94
5027194357_1.jpg,14.63
5027194357_2.jpg,46.15
5027194357_3.jpg,11.96
5027194357_4.jpg,38.63
5027215095_1.jpg,1.64
5027233024_1.jpg,29.73
5027233024_2.jpg,37.37
5027233024_3.jpg,22.62
5027233024_4.jpg,3.58
5027233024_5.jpg,25.51
5027284177_1.jpg,24.79
5027284177_2.jpg,55.36
5027304744_1.jpg,9.49
5027312727_1.jpg,1.61
5027346423_1.jpg,10.47
5027346423_2.jpg,11.15
5027346423_3.jpg,4.06
5027480202_1.jpg,72.44
5027480202_2.jpg,24.39
5027480202_3.jpg,39.01
5027509757_1.jpg,87.97
5027739671_1.jpg,24.78
5027743078_1.jpg,3.06
5027772642_1.jpg,7.89
5027857701_1.jpg,4.72
5028075978_1.jpg,3.22
5028075978_2.jpg,16.81
5028075978_3.jpg,4.08
5028075978_4.jpg,19.25
5028075978_5.jpg,4.00
5028075978_6.jpg,8.47
5028082139_1.jpg,1.48
5028149489_1.jpg,39.17
5028197646_1.jpg,46.07
5028236895_1.jpg,0.00
5028367199_1.jpg,3.95
5028405189_1.jpg,30.01
5028405189_2.jpg,29.26
5028405189_3.jpg,13.77
5028405189_4.jpg,71.00
5028405189_5.jpg,43.80
5028405189_6.jpg,47.49
5028405189_7.jpg,38.01
5028459354_1.jpg,0.37
5028474380_1.jpg,7.75
5028474380_2.jpg,9.45
5028474380_3.jpg,22.14
5028563673_1.jpg,18.20
5028563673_2.jpg,23.83
5028563673_3.jpg,23.33
5028563673_4.jpg,6.34
5028563673_5.jpg,11.16
5034841367_1.jpg,2.61
5034841367_2.jpg,7.27
5034841367_3.jpg,5.47
5036838439_1.jpg,1.90
5037222480_1.jpg,5.01
5037251354_1.jpg,12.07
5037251354_2.jpg,6.29
5061335159_1.jpg,2.15
5062758353_1.jpg,9.46
5063020007_1.jpg,10.94
5063020007_10.jpg,7.87
5063020007_11.jpg,12.55
5063020007_12.jpg,5.20
5063020007_13.jpg,16.50
5063020007_14.jpg,18.16
5063020007_15.jpg,2.50
5063020007_16.jpg,3.28
5063020007_17.jpg,5.19
5063020007_18.jpg,4.46
5063020007_19.jpg,2.72
5063020007_2.jpg,15.70
5063020007_20.jpg,20.86
5063020007_3.jpg,17.53
5063020007_4.jpg,21.12
5063020007_5.jpg,12.46
5063020007_6.jpg,10.75
5063020007_7.jpg,6.39
5063020007_8.jpg,19.33
5063020007_9.jpg,19.71
5063284856_1.jpg,4.63
5063308221_1.jpg,16.17
5063394475_1.jpg,18.55
5063405464_1.jpg,18.21
5063896487_1.jpg,1.40
5064110197_1.jpg,1.24
5066624303_1.jpg,4.47
5069524589_1.jpg,9.05
5069524589_2.jpg,24.25
5069526549_1.jpg,15.51
5069526549_2.jpg,21.16
5069701534_1.jpg,25.23
5069704953_1.jpg,8.88
5069704953_10.jpg,6.56
5069704953_11.jpg,7.12
5069704953_12.jpg,7.38
5069704953_13.jpg,6.36
5069704953_2.jpg,0.48
5069704953_3.jpg,8.05
5069704953_4.jpg,6.61
5069704953_5.jpg,8.85
5069704953_6.jpg,9.71
5069704953_7.jpg,8.01
5069704953_8.jpg,5.98
5069704953_9.jpg,21.49
5069845727_1.jpg,6.47
5069866419_1.jpg,1.77
5074695216_1.jpg,2.70
5074724995_1.jpg,19.14
5074938503_1.jpg,6.65
5075051306_1.jpg,0.76
5076957078_1.jpg,1.45
5077036736_1.jpg,50.06
5077036736_2.jpg,46.81
5077036736_3.jpg,55.00
5077036736_4.jpg,56.16
5077036736_5.jpg,41.17
5077036736_6.jpg,52.99
5077144535_1.jpg,3.47
5077175444_1.jpg,8.10
5081395951_1.jpg,2.58
5081395951_2.jpg,0.44
5081409318_1.jpg,4.40
5081409318_2.jpg,15.92
5081411227_1.jpg,19.20
5081432398_1.jpg,13.18
5081432398_2.jpg,2.06
5081432398_3.jpg,13.07
5081432398_4.jpg,8.74
5081432398_5.jpg,62.47
5081432398_6.jpg,4.02
5081449108_1.jpg,24.98
5081465988_1.jpg,7.11
5081647270_1.jpg,21.54
5081699838_1.jpg,5.70
5081711989_1.jpg,6.21
5081721042_1.jpg,1.43
5081730043_1.jpg,0.29
5081736052_1.jpg,2.86
5081740989_1.jpg,10.03
5081800590_1.jpg,1.53
5081816345_1.jpg,5.35
5081823035_1.jpg,5.95
5084035176_1.jpg,40.90
5084051506_1.jpg,41.12
5084058510_1.jpg,25.11
5085714558_1.jpg,9.28
5085715507_1.jpg,3.37
5085715507_2.jpg,24.69
5085715507_3.jpg,1.98
5085715507_4.jpg,4.89
5085724822_1.jpg,13.96
5085739334_1.jpg,6.19
5085739334_2.jpg,6.05
5086516870_1.jpg,2.79
5086551034_1.jpg,31.03
5086560951_1.jpg,10.97
5086589026_1.jpg,7.83
5086597961_1.jpg,23.72
5086597961_2.jpg,28.50
5086635988_1.jpg,5.15
5086717831_1.jpg,28.27
5086891298_1.jpg,1.58
5086974502_1.jpg,1.43
5087046400_1.jpg,7.81
5087046400_2.jpg,4.20
5087053851_1.jpg,10.83
5087053851_2.jpg,23.09
5087290896_1.jpg,23.44
5087290896_2.jpg,29.71
5087382014_1.jpg,5.35
5087401132_1.jpg,1.94
5087441878_1.jpg,6.21
5087530850_1.jpg,9.04
5087543080_1.jpg,14.93
5087543080_2.jpg,15.87
5087543080_3.jpg,8.79
5087543080_4.jpg,10.27
5087543080_5.jpg,3.59
5087543080_6.jpg,13.52
5087543080_7.jpg,17.75
5087545005_1.jpg,2.17
5087545005_2.jpg,2.04
5087545005_3.jpg,4.59
5087583991_1.jpg,15.78
5087587451_1.jpg,0.94
5087589382_1.jpg,4.94
5087589382_2.jpg,4.72
5087598521_1.jpg,12.13
5087652863_1.jpg,0.85
5087657943_1.jpg,5.32
5087668933_1.jpg,3.13
5087689054_1.jpg,5.33
5087707031_1.jpg,4.16
5087726989_1.jpg,20.50
5087726989_2.jpg,20.62
5087755630_1.jpg,21.12
5087755630_2.jpg,3.28
5087762447_1.jpg,27.66
5087762447_2.jpg,18.73
5087762447_3.jpg,47.09
5087762447_4.jpg,7.63
5087762447_5.jpg,6.36
5087765116_1.jpg,54.37
5087765116_2.jpg,11.10
5087779871_1.jpg,16.97
5087792977_1.jpg,10.69
5087800519_1.jpg,23.97
5087868880_1.jpg,14.04
5087879506_1.jpg,20.29
5087909901_1.jpg,19.73
5087930734_1.jpg,3.02
5087930734_2.jpg,0.36
5087930734_3.jpg,1.18
5087930734_4.jpg,0.25
5087930734_5.jpg,1.37
5087930734_6.jpg,15.44
5087930734_7.jpg,5.43
5087930734_8.jpg,0.00
5087976756_1.jpg,6.27
5087976756_2.jpg,4.60
5087988228_1.jpg,15.21
5087988228_2.jpg,9.00
5087988725_1.jpg,6.97
5087992014_1.jpg,2.12
5087992014_2.jpg,2.50
5088102628_1.jpg,4.23
5088102628_2.jpg,4.43
5088102628_3.jpg,2.22
5088175395_1.jpg,4.12
5101102781_1.jpg,10.72
5101218193_1.jpg,4.38
5101223135_1.jpg,5.80
5101228192_1.jpg,6.62
5101232171_1.jpg,12.19
5101234181_1.jpg,8.05
5101234181_2.jpg,11.76
5101241117_1.jpg,28.64
5101252025_1.jpg,8.16
5101264290_1.jpg,7.64
5101276484_1.jpg,2.33
5101288290_1.jpg,24.78
5104327247_1.jpg,36.80
5104491983_1.jpg,4.20
5104514296_1.jpg,7.22
5104514296_2.jpg,6.72
5104571890_1.jpg,2.56
5104573892_1.jpg,25.67
5104578966_1.jpg,0.13
5104603939_1.jpg,0.75
5104694867_1.jpg,1.48
5104734810_1.jpg,8.13
5104734810_2.jpg,6.53
5104739268_1.jpg,35.39
5104739268_2.jpg,45.56
5104739268_3.jpg,8.61
5104739268_4.jpg,28.04
5104739268_5.jpg,43.48
5107411783_1.jpg,14.69
5107429670_1.jpg,10.04
5107429670_2.jpg,8.16
5107429670_3.jpg,53.95
5107429670_4.jpg,7.40
5107429852_1.jpg,26.95
5107435274_1.jpg,36.32
5107435274_2.jpg,27.58
5107435274_3.jpg,15.41
5107437204_1.jpg,7.42
5107462569_1.jpg,5.60
5107462569_2.jpg,8.35
5107462569_3.jpg,17.27
5107463649_1.jpg,19.13
5107472219_1.jpg,20.76
5107495527_1.jpg,7.93
5107497703_1.jpg,9.05
5107497703_2.jpg,9.34
5107497703_3.jpg,9.05
5107497703_4.jpg,20.15
5107498249_1.jpg,3.92
5107498249_2.jpg,27.46
5107589120_1.jpg,14.22
5107591250_1.jpg,7.00
5107621010_1.jpg,5.15
5107842686_1.jpg,1.08
5107874875_1.jpg,2.92
5107909302_1.jpg,1.69
5107912190_1.jpg,7.20
5107933801_1.jpg,1.64
5107952028_1.jpg,11.60
5107990354_1.jpg,17.51
5107999803_1.jpg,2.08
5108035802_1.jpg,9.00
5108134464_1.jpg,2.58
5108145644_1.jpg,23.91
5108145644_10.jpg,5.71
5108145644_11.jpg,0.56
5108145644_2.jpg,21.62
5108145644_3.jpg,18.47
5108145644_4.jpg,20.46
5108145644_5.jpg,17.93
5108145644_6.jpg,15.74
5108145644_7.jpg,21.34
5108145644_8.jpg,17.19
5108145644_9.jpg,8.96
5108150256_1.jpg,18.24
5108150256_2.jpg,13.04
5108150256_3.jpg,9.68
5108150256_4.jpg,7.95
5108150256_5.jpg,14.35
5108168880_1.jpg,2.34
5108175263_1.jpg,5.05
5108175263_2.jpg,7.99
5108211423_1.jpg,5.88
5108216251_1.jpg,2.06
5108216251_10.jpg,1.20
5108216251_11.jpg,3.32
5108216251_12.jpg,1.52
5108216251_2.jpg,9.73
5108216251_3.jpg,14.93
5108216251_4.jpg,37.76
5108216251_5.jpg,21.22
5108216251_6.jpg,25.59
5108216251_7.jpg,50.06
5108216251_8.jpg,77.67
5108216251_9.jpg,31.99
5108219917_1.jpg,2.32
5108219917_2.jpg,0.18
5108248042_1.jpg,38.95
5108248059_1.jpg,10.25
5108248059_2.jpg,3.01
5108265689_1.jpg,23.93
5108265689_2.jpg,30.96
5108265689_3.jpg,48.86
5108265689_4.jpg,5.39
5108291128_1.jpg,11.16
5108291128_2.jpg,9.69
5108314032_1.jpg,4.46
5108320771_1.jpg,3.69
5108320771_2.jpg,3.86
5108320771_3.jpg,3.67
5108324019_1.jpg,56.96
5108324019_2.jpg,34.62
5108324711_1.jpg,4.33
5108326953_1.jpg,2.13
5108330827_1.jpg,0.58
5108330827_2.jpg,7.48
5108330827_3.jpg,8.10
5108330827_4.jpg,7.20
5108330827_5.jpg,9.45
5108330827_6.jpg,2.20
5108336090_1.jpg,9.43
5108367648_1.jpg,2.20
5108367648_2.jpg,5.10
5108367648_3.jpg,4.85
5108372627_1.jpg,1.64
5108381077_1.jpg,6.95
5108381077_2.jpg,5.89
5108383062_1.jpg,11.09
5108392543_1.jpg,1.98
5108396628_1.jpg,19.80
5108396628_2.jpg,74.71
5108407924_1.jpg,21.62
5108407924_2.jpg,4.22
5108412240_1.jpg,21.20
5108413876_1.jpg,18.11
5108421631_1.jpg,0.79
5108421631_2.jpg,1.39
5108421893_1.jpg,11.53
5108421893_2.jpg,20.79
5108421893_3.jpg,47.47
5108421893_4.jpg,21.38
5108424916_1.jpg,0.34
5108424916_2.jpg,0.43
5108428754_1.jpg,0.76
5108428754_2.jpg,3.62
5108428754_3.jpg,2.81
5108433673_1.jpg,8.39
5108433673_2.jpg,20.99
5108433673_3.jpg,19.89
5108451853_1.jpg,7.85
5108451853_2.jpg,5.59
5108453951_1.jpg,20.70
5108453951_2.jpg,37.67
5108461766_1.jpg,2.69
5108467375_1.jpg,9.87
5108467375_2.jpg,2.43
5108475800_1.jpg,12.78
5108479762_1.jpg,5.98
5108479762_2.jpg,12.18
5108479762_3.jpg,3.69
5108487519_1.jpg,4.34
5108487519_2.jpg,3.50
5108517416_1.jpg,15.49
5108517437_1.jpg,27.64
5108528877_1.jpg,23.38
5108531949_1.jpg,13.77
5108531949_2.jpg,10.64
5108531949_3.jpg,20.07
5108553522_1.jpg,1.92
5108725541_1.jpg,6.33
5108727998_1.jpg,18.61
5108727998_2.jpg,17.38
5108727998_3.jpg,33.48
5108727998_4.jpg,30.02
5108727998_5.jpg,12.81
5108735627_1.jpg,3.17
5108737624_1.jpg,1.65
5108738592_1.jpg,3.71
5108743645_1.jpg,43.30
5108745613_1.jpg,4.38
5108766634_1.jpg,1.45
5108767830_1.jpg,1.29
5108768597_1.jpg,12.65
5108772638_1.jpg,8.98
5108825040_1.jpg,3.86
5108900020_1.jpg,2.30
5108900020_2.jpg,0.26
5108908527_1.jpg,14.25
5108943913_1.jpg,4.41
5108943913_2.jpg,2.52
5108943913_3.jpg,1.95
5109067488_1.jpg,3.89
5131670828_1.jpg,4.75
5131670828_2.jpg,16.78
5131672522_1.jpg,24.69
5131672829_1.jpg,2.06
5131685808_1.jpg,13.87
5131695630_1.jpg,8.80
5131696490_1.jpg,15.60
5131714775_1.jpg,16.09
5131716409_1.jpg,0.48
5131716409_2.jpg,8.29
5131716409_3.jpg,3.40
5131716409_4.jpg,1.79
5131716409_5.jpg,2.12
5131716409_6.jpg,0.81
5131716409_7.jpg,0.05
5131722025_1.jpg,0.53
5131728347_1.jpg,2.58
5131732725_1.jpg,5.68
5131754049_1.jpg,0.10
5131754049_2.jpg,3.08
5131754049_3.jpg,0.82
5131754049_4.jpg,0.89
5131754049_5.jpg,0.59
5131998928_1.jpg,13.31
5131998928_2.jpg,6.46
5131998928_3.jpg,8.38
5132006563_1.jpg,1.52
5132073352_1.jpg,10.33
5132253620_1.jpg,7.45
5133267873_1.jpg,29.12
5133289185_1.jpg,0.80
5133300904_1.jpg,11.76
5133321662_1.jpg,3.53
5133321662_2.jpg,3.40
5133371419_1.jpg,4.78
5133413510_1.jpg,3.15
5133415668_1.jpg,12.00
5133419415_1.jpg,18.43
5133433912_1.jpg,0.48
5133433912_2.jpg,0.50
5133433912_3.jpg,0.41
5133446852_1.jpg,0.33
5133446983_1.jpg,7.44
5133446983_2.jpg,0.33
5133446983_3.jpg,3.95
5133454801_1.jpg,8.13
5133465691_1.jpg,3.34
5133491683_1.jpg,0.14
5133491683_2.jpg,0.20
5133491683_3.jpg,0.03
5133491683_4.jpg,0.25
5133501220_1.jpg,42.92
5133501220_2.jpg,30.88
5133501220_3.jpg,29.77
5133501220_4.jpg,35.06
5133501220_5.jpg,39.46
5133501220_6.jpg,43.28
5133501220_7.jpg,50.92
5133527781_1.jpg,8.76
5133527781_2.jpg,14.62
5133527781_3.jpg,6.12
5133527781_4.jpg,5.07
5133527781_5.jpg,12.65
5133568251_1.jpg,15.79
5133568251_2.jpg,14.09
5133568251_3.jpg,16.97
5133568251_4.jpg,2.98
5133572823_1.jpg,5.70
5133572823_2.jpg,4.10
5133574450_1.jpg,3.40
5133593559_1.jpg,11.94
5133593559_2.jpg,24.02
5133593559_3.jpg,35.77
5133637739_1.jpg,1.41
5133645420_1.jpg,11.85
5133645420_2.jpg,35.62
5133645420_3.jpg,24.00
5133703169_1.jpg,0.35
5133828446_1.jpg,1.09
5133828446_2.jpg,3.30
5133828446_3.jpg,0.93
5133865676_1.jpg,1.03
5133866178_1.jpg,6.83
5133866178_2.jpg,4.27
5133924598_1.jpg,11.03
5133931674_1.jpg,8.26
5133936412_1.jpg,1.15
5133963619_1.jpg,7.69
5133976598_1.jpg,3.42
5133976598_2.jpg,0.36
5134007565_1.jpg,0.19
5134018499_1.jpg,17.01
5134018499_2.jpg,8.82
5134018499_3.jpg,9.59
5134018499_4.jpg,9.33
5134018499_5.jpg,9.00
5134018499_6.jpg,17.90
5134018499_7.jpg,16.09
5134018499_8.jpg,15.99
5134027281_1.jpg,4.12
5134057594_1.jpg,18.07
5134064358_1.jpg,11.15
5134084391_1.jpg,14.33
5134096858_1.jpg,6.96
5134130740_1.jpg,10.99
5134141458_1.jpg,15.59
5134141458_2.jpg,11.10
5134141458_3.jpg,2.94
5134149877_1.jpg,1.85
5134154047_1.jpg,31.56
5134154047_2.jpg,23.44
5134170446_1.jpg,1.51
5134181454_1.jpg,4.30
5134181454_2.jpg,4.41
5134188653_1.jpg,1.04
5134194209_1.jpg,16.65
5134194209_2.jpg,14.30
5134202405_1.jpg,27.02
5134202405_2.jpg,22.04
5134202405_3.jpg,3.04
5134202405_4.jpg,2.93
5134202405_5.jpg,5.20
5134202405_6.jpg,4.75
5134202405_7.jpg,7.54
5134204886_1.jpg,5.78
5134204886_2.jpg,3.24
5134205824_1.jpg,6.30
5134212491_1.jpg,3.91
5134284806_1.jpg,2.78
5134284806_2.jpg,11.47
5134321979_1.jpg,2.14
5134321979_2.jpg,4.41
5134322042_1.jpg,28.98
5134336763_1.jpg,3.10
5134336763_2.jpg,3.57
5134353208_1.jpg,3.12
5134353208_2.jpg,0.85
5134369772_1.jpg,0.52
5134393601_1.jpg,38.56
5134393601_2.jpg,31.88
5134393601_3.jpg,39.83
5134393601_4.jpg,15.39
5134393601_5.jpg,28.78
5134402244_1.jpg,9.37
5134425578_1.jpg,4.45
5134455707_1.jpg,4.40
5134476260_1.jpg,2.92
5134476260_2.jpg,10.88
5134485385_1.jpg,5.87
5134485385_2.jpg,3.92
5134485385_3.jpg,6.41
5134490810_1.jpg,1.35
5134522381_1.jpg,3.02
5134522381_2.jpg,0.60
5134522381_3.jpg,1.50
5134522381_4.jpg,2.28
5134546235_1.jpg,3.48
5134546235_2.jpg,2.80
5134546235_3.jpg,3.45
5134546235_4.jpg,2.21
5134551244_1.jpg,6.49
5134587871_1.jpg,4.49
5134634229_1.jpg,5.56
5134640504_1.jpg,0.20
5134642620_1.jpg,0.26
5134687722_1.jpg,2.38
5134698817_1.jpg,10.10
5134708000_1.jpg,8.99
5134708000_2.jpg,15.49
5134708000_3.jpg,6.85
5134708000_4.jpg,12.37
5134708000_5.jpg,2.77
5134719955_1.jpg,3.34
5134759583_1.jpg,8.15
5134759746_1.jpg,6.21
5134769561_1.jpg,9.70
5134769561_2.jpg,10.55
5134769561_3.jpg,8.41
5134776691_1.jpg,10.06
5134784937_1.jpg,3.83
5134788861_1.jpg,17.61
5134846659_1.jpg,0.67
5134869814_1.jpg,14.53
5134881363_1.jpg,2.24
5134883786_1.jpg,1.01
5134883999_1.jpg,13.85
5134883999_2.jpg,6.43
5134883999_3.jpg,16.62
5134883999_4.jpg,15.47
5134900631_1.jpg,25.98
5135468775_1.jpg,4.38
5135468775_2.jpg,8.16
5135483642_1.jpg,4.28
5135517999_1.jpg,1.23
5135529240_1.jpg,20.46
5135544349_1.jpg,18.14
5135544349_2.jpg,17.17
5135544349_3.jpg,36.13
5135556733_1.jpg,7.55
5135606367_1.jpg,6.56
5135606367_2.jpg,15.07
5135708074_1.jpg,25.89
5135708074_2.jpg,20.51
5135708074_3.jpg,30.22
5135738208_1.jpg,6.97
5135754763_1.jpg,6.72
5135754763_2.jpg,5.52
5135754763_3.jpg,7.14
5135758972_1.jpg,1.44
5135758972_2.jpg,1.55
5135758972_3.jpg,1.33
5135758972_4.jpg,1.66
5135758972_5.jpg,0.85
5135760356_1.jpg,4.79
5135761023_1.jpg,6.67
5138752708_1.jpg,5.68
5138758692_1.jpg,15.30
5138760696_1.jpg,12.16
5138780694_1.jpg,16.26
5138805638_1.jpg,0.71
5138815684_1.jpg,8.51
5138887965_1.jpg,4.27
5138916583_1.jpg,1.74
5138916583_2.jpg,0.90
5138950566_1.jpg,8.81
5138975198_1.jpg,20.15
5138979342_1.jpg,7.24
5138993296_1.jpg,13.81
5138993296_2.jpg,14.08
5139013677_1.jpg,6.06
5139047033_1.jpg,2.61
5140044849_1.jpg,15.41
5140044849_2.jpg,11.58
5140062660_1.jpg,1.63
5140088976_1.jpg,4.92
5140099848_1.jpg,4.21
5140190914_1.jpg,9.52
5140190914_2.jpg,12.10
5140272474_1.jpg,1.91
5140281845_1.jpg,6.66
5140321993_1.jpg,2.85
5140321993_2.jpg,5.06
5140345722_1.jpg,1.89
5140403849_1.jpg,14.75
5140403849_2.jpg,7.69
5140420523_1.jpg,13.40
5140433860_1.jpg,17.16
5140433860_2.jpg,17.23
5140516474_1.jpg,14.18
5140516474_2.jpg,6.99
5140516474_3.jpg,21.47
5140516474_4.jpg,16.98
5140516474_5.jpg,11.23
5140516474_6.jpg,21.52
5140516474_7.jpg,4.96
5140530233_1.jpg,0.90
5140549054_1.jpg,0.84
5140549054_2.jpg,5.24
5140563875_1.jpg,4.21
5140575426_1.jpg,11.22
5140575426_2.jpg,11.47
5140579608_1.jpg,0.04
5140589036_1.jpg,17.82
5140596845_1.jpg,0.51
5140597907_1.jpg,9.40
5140608488_1.jpg,26.58
5140608488_2.jpg,10.23
5140608488_3.jpg,9.75
5140610637_1.jpg,1.05
5140650285_1.jpg,5.22
5140656404_1.jpg,0.08
5140668676_1.jpg,5.21
5140668676_2.jpg,4.93
5140692833_1.jpg,3.32
5140730854_1.jpg,16.79
5140796321_1.jpg,13.44
5140801999_1.jpg,20.46
5140801999_2.jpg,13.50
5140802273_1.jpg,1.95
5140802888_1.jpg,4.47
5140838366_1.jpg,0.96
5140838366_2.jpg,0.52
5140838366_3.jpg,0.38
5140948207_1.jpg,3.39
5140976489_1.jpg,0.94
5140994534_1.jpg,1.55
5141026488_1.jpg,0.38
5141026488_2.jpg,0.39
5141026488_3.jpg,0.43
5141080994_1.jpg,5.25
5141080994_2.jpg,3.91
5141080994_3.jpg,0.96
5141080994_4.jpg,0.31
5141087336_1.jpg,20.03
5141099854_1.jpg,2.72
5141136026_1.jpg,4.37
5141151303_1.jpg,2.00
5141324547_1.jpg,3.54
5141326211_1.jpg,26.97
5141327396_1.jpg,2.75
5141332803_1.jpg,1.84
5141334994_1.jpg,8.40
5141340608_1.jpg,0.52
5141351154_1.jpg,1.83
5141355244_1.jpg,14.93
5141368457_1.jpg,5.12
5141369489_1.jpg,10.24
5141372808_1.jpg,0.36
5141372808_2.jpg,0.05
5141375766_1.jpg,4.84
5141378330_1.jpg,5.64
5141379320_1.jpg,6.99
5141397073_1.jpg,2.61
5141441105_1.jpg,5.76
5141441105_2.jpg,14.75
5141443086_1.jpg,3.78
5141443086_2.jpg,2.26
5141443086_3.jpg,4.65
5141443086_4.jpg,7.49
5141456088_1.jpg,5.21
5141458049_1.jpg,7.46
5141461931_1.jpg,12.28
5141461931_2.jpg,13.37
5141478922_1.jpg,1.88
5141478922_2.jpg,1.98
5141550440_1.jpg,10.72
5141568716_1.jpg,10.31
5141582271_1.jpg,11.20
5141748594_1.jpg,2.42
5141780505_1.jpg,3.14
5141828766_1.jpg,1.04
5141834042_1.jpg,2.58
5149901498_1.jpg,28.81
5150032338_1.jpg,11.80
5150053401_1.jpg,24.49
5150076414_1.jpg,0.15
5150076414_2.jpg,2.98
5150120472_1.jpg,0.00
5150120472_2.jpg,0.02
5150120501_1.jpg,1.43
5150258542_1.jpg,16.21
5153074227_1.jpg,3.96
5153074227_2.jpg,4.28
5153074227_3.jpg,4.42
5153074227_4.jpg,4.16
5153076114_1.jpg,7.27
5153078650_1.jpg,0.24
5153094877_1.jpg,80.67
5153094877_2.jpg,40.20
5153094877_3.jpg,66.36
5153094877_4.jpg,59.47
5153094877_5.jpg,63.02
5153094877_6.jpg,62.15
5153094877_7.jpg,79.80
5153094877_8.jpg,33.13
5153100211_1.jpg,0.18
5153100211_2.jpg,0.30
5153106063_1.jpg,5.88
5153106063_2.jpg,6.29
5153122802_1.jpg,9.85
5153139346_1.jpg,3.29
5153140731_1.jpg,24.98
5153155288_1.jpg,4.20
5153184634_1.jpg,0.63
5153184634_2.jpg,0.22
5153184634_3.jpg,0.11
5153191612_1.jpg,3.55
5153191612_2.jpg,8.63
5153220139_1.jpg,9.24
5153273054_1.jpg,2.95
5153282541_1.jpg,0.64
5153282541_2.jpg,1.77
5153306552_1.jpg,12.62
5153306552_2.jpg,11.28
5153306552_3.jpg,11.43
5153308537_1.jpg,8.87
5153312765_1.jpg,1.58
5153321125_1.jpg,0.43
5153341481_1.jpg,3.42
5153353824_1.jpg,2.60
5153358036_1.jpg,2.57
5153358036_2.jpg,2.20
5153360088_1.jpg,2.86
5153360088_2.jpg,2.55
5153360088_3.jpg,2.18
5153360244_1.jpg,5.41
5153400861_1.jpg,3.91
5153400861_2.jpg,10.53
5153404661_1.jpg,3.85
5153404661_2.jpg,2.44
5153421761_1.jpg,20.56
5153421761_2.jpg,24.59
5153422922_1.jpg,4.71
5153422922_2.jpg,0.29
5153422922_3.jpg,0.32
5153442589_1.jpg,2.57
5153484103_1.jpg,0.43
5153494159_1.jpg,1.26
5153571582_1.jpg,4.06
5153620533_1.jpg,6.11
5153620533_2.jpg,5.43
5153620533_3.jpg,0.39
5153620533_4.jpg,0.04
5153620533_5.jpg,4.84
5153659595_1.jpg,2.52
5153659595_2.jpg,3.30
5153659595_3.jpg,1.78
5153667021_1.jpg,6.37
5153682565_1.jpg,17.74
5153691385_1.jpg,3.16
5153718994_1.jpg,1.09
5153718994_2.jpg,0.80
5153750484_1.jpg,8.67
5153771354_1.jpg,1.29
5153779660_1.jpg,1.90
5153782728_1.jpg,2.11
5153782728_2.jpg,3.10
5153791205_1.jpg,18.21
5153850361_1.jpg,1.41
5153852202_1.jpg,1.56
5153852202_2.jpg,10.83
5153852202_3.jpg,0.87
5153865751_1.jpg,26.34
5153869283_1.jpg,7.72
5153938378_1.jpg,3.45
5153938378_2.jpg,4.20
5153940681_1.jpg,3.82
5153947247_1.jpg,5.85
5153971013_1.jpg,15.92
5153971013_2.jpg,4.44
5154041709_1.jpg,1.20
5154041709_2.jpg,1.18
5154041709_3.jpg,1.53
5154041709_4.jpg,4.41
5154053575_1.jpg,1.81
5154095319_1.jpg,0.68
5154095319_2.jpg,0.55
5154095319_3.jpg,0.65
5154095319_4.jpg,0.53
5154100011_1.jpg,0.56
5154110100_1.jpg,1.96
5154110100_2.jpg,1.03
5154110100_3.jpg,1.62
5154111282_1.jpg,6.83
5154111282_2.jpg,3.85
5154164863_1.jpg,1.51
5154175142_1.jpg,2.21
5154175142_2.jpg,0.76
5154190690_1.jpg,9.12
5154194009_1.jpg,4.98
5154195416_1.jpg,1.83
5154201221_1.jpg,0.77
5154208590_1.jpg,6.90
5154265560_1.jpg,2.47
5154265560_2.jpg,1.19
5154270342_1.jpg,2.29
5154270342_2.jpg,1.52
5154270342_3.jpg,1.65
5154270342_4.jpg,1.26
5154270342_5.jpg,1.44
5154270342_6.jpg,1.09
5154293001_1.jpg,13.06
5154310875_1.jpg,2.96
5154326978_1.jpg,0.86
5154346488_1.jpg,2.93
5154346488_2.jpg,1.58
5154346488_3.jpg,2.47
5154346488_4.jpg,14.35
5154412281_1.jpg,7.98
5154429066_1.jpg,5.56
5154432354_1.jpg,1.18
5154432354_2.jpg,0.74
5154432354_3.jpg,1.93
5154432354_4.jpg,6.71
5154443187_1.jpg,3.24
5154468596_1.jpg,2.66
5154468596_2.jpg,4.12
5154468596_3.jpg,10.33
5154520023_1.jpg,4.42
5154542433_1.jpg,1.26
5154550103_1.jpg,2.54
5154550103_2.jpg,9.45
5154550103_3.jpg,3.81
5154550103_4.jpg,4.41
5154550103_5.jpg,4.48
5154564050_1.jpg,4.64
5154641326_1.jpg,4.66
5154653888_1.jpg,4.56
5154692474_1.jpg,2.88
5154710001_1.jpg,5.33
5154710001_2.jpg,1.93
5154881329_1.jpg,12.06
5154902291_1.jpg,4.70
5154952759_1.jpg,4.41
5156663307_1.jpg,4.00
5157718427_1.jpg,30.57
5157718427_2.jpg,57.05
5157718427_3.jpg,13.38
5157718427_4.jpg,40.76
5157718427_5.jpg,25.92
5157718427_6.jpg,78.48
5157782447_1.jpg,3.38
5157852599_1.jpg,17.99
5157901616_1.jpg,31.15
5157923436_1.jpg,19.28
5158118451_1.jpg,5.26
5158165605_1.jpg,8.13
5158373205_1.jpg,4.66
5158429606_1.jpg,6.67
5158439846_1.jpg,7.80
5158511081_1.jpg,2.75
5158721380_1.jpg,10.45
5163727587_1.jpg,11.70
5163727587_2.jpg,13.23
5163727587_3.jpg,11.10
5163728351_1.jpg,9.26
5163728351_2.jpg,3.70
5163743556_1.jpg,7.91
5163759668_1.jpg,8.77
5163768428_1.jpg,5.78
5163773613_1.jpg,2.05
5163791464_1.jpg,13.52
5163825477_1.jpg,9.59
5163853725_1.jpg,13.11
5163880527_1.jpg,4.70
5163883371_1.jpg,12.28
5163883371_2.jpg,6.47
5163920385_1.jpg,9.65
5163926651_1.jpg,26.40
5163943703_1.jpg,26.27
5163949472_1.jpg,12.01
5164014415_1.jpg,11.45
5164014415_2.jpg,12.50
5164014415_3.jpg,11.45
5164014415_4.jpg,12.50
5164035352_1.jpg,5.87
5164235771_1.jpg,12.97
5164569462_1.jpg,4.64
5164569462_2.jpg,4.04
5164696392_1.jpg,34.98
5166768581_1.jpg,1.39
5166768581_2.jpg,1.06
5166771245_1.jpg,6.21
5166808886_1.jpg,2.10
5166823082_1.jpg,0.74
5166823082_2.jpg,3.40
5166921345_1.jpg,1.54
5166921345_2.jpg,4.64
5166944453_1.jpg,26.83
5166975916_1.jpg,0.71
5166979950_1.jpg,0.71
5166986949_1.jpg,2.56
5166987940_1.jpg,0.43
5167032980_1.jpg,5.78
5167158929_1.jpg,6.12
5167158929_2.jpg,2.93
5167158929_3.jpg,10.46
5167158929_4.jpg,2.88
5167158929_5.jpg,2.83
5167172321_1.jpg,11.69
5167181619_1.jpg,5.89
5167181619_2.jpg,7.16
5167183804_1.jpg,6.82
5167232638_1.jpg,36.77
5167276476_1.jpg,1.86
5167368586_1.jpg,8.21
5167395233_1.jpg,2.12
5167395233_2.jpg,5.04
5167418944_1.jpg,8.65
5167418944_2.jpg,7.17
5167423537_1.jpg,3.54
5167426283_1.jpg,10.32
5167499432_1.jpg,1.27
5167514048_1.jpg,4.43
5167542348_1.jpg,27.00
5167545976_1.jpg,2.71
5167545976_2.jpg,4.18
5167545976_3.jpg,6.36
5167546117_1.jpg,4.81
5167580517_1.jpg,4.24
5167618281_1.jpg,7.52
5167618281_2.jpg,1.66
5167618281_3.jpg,1.79
5167618281_4.jpg,15.94
5167621127_1.jpg,0.16
5167693480_1.jpg,9.92
5167879720_1.jpg,34.61
5167892659_1.jpg,3.10
5167895474_1.jpg,3.94
5167944908_1.jpg,0.00
5167948714_1.jpg,1.82
5167968253_1.jpg,1.33
5167968253_2.jpg,8.49
5167986223_1.jpg,20.86
5167986223_2.jpg,29.65
5167989188_1.jpg,3.72
5168089740_1.jpg,3.50
5168124978_1.jpg,2.07
5168199730_1.jpg,2.15
5168215624_1.jpg,1.27
5168215624_2.jpg,0.50
5168229398_1.jpg,9.33
5168229398_2.jpg,11.27
5168229398_3.jpg,1.94
5168229398_4.jpg,5.33
5168276944_1.jpg,3.00
5168276944_2.jpg,28.62
5168312251_1.jpg,18.66
5168312251_2.jpg,7.39
5168343322_1.jpg,25.48
5168343322_2.jpg,11.08
5168375321_1.jpg,2.68
5168375430_1.jpg,2.86
5168396589_1.jpg,1.70
5168396589_2.jpg,2.08
5168419670_1.jpg,7.93
5168421645_1.jpg,3.87
5168446852_1.jpg,38.45
5168446852_2.jpg,76.27
5168446852_3.jpg,33.06
5168446852_4.jpg,20.57
5168446852_5.jpg,49.75
5168446852_6.jpg,26.16
5168548211_1.jpg,1.73
5168548211_2.jpg,1.88
5168548211_3.jpg,2.07
5168548211_4.jpg,1.49
5170970399_1.jpg,4.32
5171271780_1.jpg,22.09
5171336816_1.jpg,2.63
5171449407_1.jpg,3.79
5171639368_1.jpg,15.30
5171641829_1.jpg,4.73
5171641829_2.jpg,5.48
5176335075_1.jpg,3.17
5176450114_1.jpg,0.20
5176458061_1.jpg,1.52
5176458061_2.jpg,1.28
5176458061_3.jpg,1.49
5176458061_4.jpg,7.99
5176458295_1.jpg,5.87
5176479458_1.jpg,5.91
5176479458_2.jpg,23.75
5176494182_1.jpg,0.59
5176494182_2.jpg,12.33
5176494182_3.jpg,15.70
5176515718_1.jpg,1.48
5176516581_1.jpg,3.17
5176516581_2.jpg,10.40
5176555342_1.jpg,22.71
5176555342_2.jpg,0.39
5176565928_1.jpg,12.25
5176565928_2.jpg,26.47
5176565928_3.jpg,36.65
5176565928_4.jpg,3.57
5176565928_5.jpg,13.45
5176565928_6.jpg,12.42
5176565928_7.jpg,26.46
5176586928_1.jpg,0.54
5176600026_1.jpg,23.01
5176608040_1.jpg,1.10
5176608040_2.jpg,0.73
5176619036_1.jpg,1.43
5176619036_2.jpg,1.58
5176619036_3.jpg,1.67
5176619036_4.jpg,8.73
5176619036_5.jpg,6.37
5176619036_6.jpg,0.73
5176619036_7.jpg,0.42
5176624588_1.jpg,2.09
5176629470_1.jpg,5.62
5176629470_2.jpg,4.99
5176639491_1.jpg,22.09
5176663810_1.jpg,2.87
5176663810_2.jpg,2.95
5176664511_1.jpg,0.09
5176678534_1.jpg,1.06
5176720082_1.jpg,5.31
5176758721_1.jpg,7.13
5176778585_1.jpg,10.08
5176778585_2.jpg,10.13
5176778585_3.jpg,10.18
5176778585_4.jpg,8.01
5176807940_1.jpg,11.10
5176827855_1.jpg,3.47
5176847980_1.jpg,1.54
5176883295_1.jpg,3.40
5176883295_2.jpg,3.12
5176883295_3.jpg,3.01
5176891320_1.jpg,5.24
5176920348_1.jpg,10.63
5176924826_1.jpg,2.45
5176924826_2.jpg,0.52
5176976212_1.jpg,2.06
5176976212_2.jpg,2.47
5176976643_1.jpg,2.75
5176976643_2.jpg,3.14
5176976643_3.jpg,28.30
5176976643_4.jpg,2.75
5177085833_1.jpg,6.98
5177095244_1.jpg,5.07
5177160091_1.jpg,7.65
5177176254_1.jpg,3.41
5177196074_1.jpg,2.54
5177196074_2.jpg,1.48
5177196074_3.jpg,0.00
5177196074_4.jpg,2.09
5177196074_5.jpg,1.37
5177196074_6.jpg,1.01
5177196074_7.jpg,1.36
5177203413_1.jpg,2.46
5177267523_1.jpg,10.90
5177267523_2.jpg,9.54
5177267523_3.jpg,32.49
5177271672_1.jpg,1.27
5177271672_2.jpg,4.39
5177271672_3.jpg,0.60
5177271672_4.jpg,0.65
5177271672_5.jpg,1.01
5177271672_6.jpg,0.72
5177276228_1.jpg,0.46
5177277619_1.jpg,2.10
5177318464_1.jpg,0.95
5177318464_2.jpg,0.62
5177332360_1.jpg,5.06
5177340390_1.jpg,4.63
5177340390_2.jpg,11.03
5177357103_1.jpg,11.02
5177357103_2.jpg,16.48
5180302407_1.jpg,41.55
5180302407_2.jpg,17.87
5180430423_1.jpg,11.56
5180430423_2.jpg,20.27
5180500717_1.jpg,17.14
5180703796_1.jpg,7.09
5180758860_1.jpg,4.49
5180761127_1.jpg,9.93
5180905692_1.jpg,12.41
5180908618_1.jpg,24.60
5186367102_1.jpg,6.65
5186397462_1.jpg,23.41
5186417337_1.jpg,3.38
5186417337_2.jpg,2.12
5186425823_1.jpg,2.12
5186425823_2.jpg,3.38
5186438081_1.jpg,8.08
5186441627_1.jpg,1.11
5186450456_1.jpg,3.14
5186459375_1.jpg,2.02
5186489423_1.jpg,23.13
5186517354_1.jpg,6.42
5186521401_1.jpg,3.14
5186561688_1.jpg,5.90
5186574173_1.jpg,6.67
5186574173_2.jpg,15.74
5186574173_3.jpg,4.01
5186574173_4.jpg,16.23
5186574173_5.jpg,0.45
5186574232_1.jpg,1.46
5186654925_1.jpg,1.10
5186654925_2.jpg,2.17
5186654925_3.jpg,1.13
5186654925_4.jpg,1.68
5186729579_1.jpg,13.13
5186792587_1.jpg,12.07
5186792587_2.jpg,10.63
5186792587_3.jpg,1.16
5187333518_1.jpg,15.72
5187383449_1.jpg,20.94
5187383449_2.jpg,26.58
5187383449_3.jpg,23.42
5187383449_4.jpg,14.94
5187537985_1.jpg,19.40
5187537985_2.jpg,9.89
5187537985_3.jpg,4.07
5187557280_1.jpg,3.14
5187581965_1.jpg,3.92
5187610343_1.jpg,7.10
5187610343_2.jpg,8.76
5187610343_3.jpg,9.26
5187618556_1.jpg,2.60
5187623947_1.jpg,11.30
5187623947_2.jpg,11.71
5187661438_1.jpg,17.54
5187661438_2.jpg,17.65
5187661438_3.jpg,15.42
5187661438_4.jpg,12.23
5187661438_5.jpg,6.90
5187661438_6.jpg,14.13
5187752829_1.jpg,7.31
5187752829_2.jpg,0.09
5187752829_3.jpg,0.30
5187752829_4.jpg,0.31
5187752829_5.jpg,0.14
5187752829_6.jpg,0.13
5187794284_1.jpg,4.20
5187813781_1.jpg,10.85
5187813781_2.jpg,11.15
5187881572_1.jpg,12.77
5187884820_1.jpg,2.97
5187892232_1.jpg,7.36
5187892232_2.jpg,8.43
5187902267_1.jpg,16.94
5187907401_1.jpg,11.31
5187921114_1.jpg,3.56
5187921114_2.jpg,1.55
5187932202_1.jpg,4.94
5188010489_1.jpg,0.61
5188050159_1.jpg,3.17
5188065869_1.jpg,3.55
5188065869_2.jpg,5.09
5188096897_1.jpg,9.05
5188125318_1.jpg,0.90
5188129587_1.jpg,2.13
5188144897_1.jpg,0.00
5188161111_1.jpg,6.37
5188171105_1.jpg,5.27
5188264779_1.jpg,0.43
5188264779_2.jpg,0.35
5188265329_1.jpg,9.24
5188288279_1.jpg,22.20
5188288279_2.jpg,8.70
5188288279_3.jpg,7.38
5188323324_1.jpg,6.17
5188341106_1.jpg,12.34
5188352748_1.jpg,17.05
5188379901_1.jpg,7.53
5188421355_1.jpg,9.21
5188462309_1.jpg,0.69
5188462309_2.jpg,0.00
5197448893_1.jpg,3.02
5197465940_1.jpg,4.74
5197720008_1.jpg,15.57
5197982757_1.jpg,6.46
5198317284_1.jpg,0.94
5198330417_1.jpg,26.90
5198343295_1.jpg,3.79
5198353085_1.jpg,0.62
5198372826_1.jpg,22.71
5198372826_2.jpg,3.55
5198409532_1.jpg,12.70
5198409532_2.jpg,20.29
5198409532_3.jpg,8.17
5198409532_4.jpg,31.48
5198429915_1.jpg,9.26
5198453217_1.jpg,0.54
5198491771_1.jpg,4.39
5198516355_1.jpg,7.46
5198517232_1.jpg,0.91
5198517232_2.jpg,12.76
5198517232_3.jpg,0.90
5198540350_1.jpg,5.25
5198558655_1.jpg,18.03
5198583839_1.jpg,31.60
5198618363_1.jpg,1.65
5198711260_1.jpg,4.30
5198711260_2.jpg,0.62
5198711260_3.jpg,3.88
5198758570_1.jpg,2.76
5198780083_1.jpg,0.99
5198780315_1.jpg,31.25
5198780315_2.jpg,16.40
5198780315_3.jpg,17.95
5198780315_4.jpg,8.43
5198780315_5.jpg,11.71
5198780315_6.jpg,7.98
5198782399_1.jpg,1.15
5198782399_2.jpg,0.72
5198783476_1.jpg,2.51
5198814287_1.jpg,1.11
5198814287_2.jpg,0.21
5198836805_1.jpg,0.46
5198836805_2.jpg,0.34
5198851696_1.jpg,5.01
5198913212_1.jpg,3.07
5198928229_1.jpg,0.37
5198928229_2.jpg,4.50
5198928229_3.jpg,0.96
5198930379_1.jpg,26.33
5198930379_2.jpg,22.87
5198930379_3.jpg,7.33
5198930379_4.jpg,19.04
5198930379_5.jpg,5.56
5198944290_1.jpg,4.98
5198944290_2.jpg,0.25
5198944290_3.jpg,2.45
5198959910_1.jpg,7.85
5198982208_1.jpg,11.24
5198982208_2.jpg,10.30
5198982208_3.jpg,1.79
5198990769_1.jpg,10.62
5199029440_1.jpg,0.71
5199041665_1.jpg,4.52
5199056142_1.jpg,26.44
5199068580_1.jpg,1.07
5199068580_2.jpg,0.43
5199073186_1.jpg,1.32
5199135247_1.jpg,3.15
5199135247_2.jpg,2.37
5199156966_1.jpg,2.97
5199179756_1.jpg,5.49
5199179756_2.jpg,1.28
5199206620_1.jpg,32.68
5199206620_2.jpg,1.37
5199208747_1.jpg,1.55
5199218624_1.jpg,5.65
5199237820_1.jpg,4.68
5199257630_1.jpg,11.05
5199263849_1.jpg,3.44
5199271590_1.jpg,6.00
5199271590_2.jpg,5.99
5199383340_1.jpg,1.37
5199383340_2.jpg,32.55
5204128609_1.jpg,1.25
5204128609_2.jpg,2.22
5204128609_3.jpg,1.26
5204128609_4.jpg,2.01
5204128609_5.jpg,2.22
5204128609_6.jpg,1.43
5204128843_1.jpg,0.90
5204148365_1.jpg,6.56
5204199501_1.jpg,3.89
5204207778_1.jpg,3.85
5204217766_1.jpg,3.39
5204233404_1.jpg,9.70
5204303361_1.jpg,1.66
5204304605_1.jpg,17.31
5204304605_2.jpg,17.31
5204344486_1.jpg,5.77
5204348665_1.jpg,0.00
5204348665_2.jpg,0.00
5204348665_3.jpg,0.16
5204348665_4.jpg,12.15
5204348665_5.jpg,0.09
5204348665_6.jpg,0.07
5204361319_1.jpg,0.00
5204361319_2.jpg,0.00
5204361319_3.jpg,1.02
5204361319_4.jpg,0.09
5204361319_5.jpg,0.26
5204733490_1.jpg,3.23
5204760466_1.jpg,6.12
5204779477_1.jpg,2.20
5204823353_1.jpg,0.00
5204829444_1.jpg,5.22
5204885430_1.jpg,2.62
5204885430_2.jpg,3.72
5204918537_1.jpg,0.06
5204918537_2.jpg,5.99
5204931348_1.jpg,4.09
5204956107_1.jpg,12.61
5204956107_2.jpg,13.55
5204956107_3.jpg,1.17
5204972002_1.jpg,21.29
5204972002_2.jpg,4.83
5205041487_1.jpg,3.53
5205085331_1.jpg,7.62
5205085331_2.jpg,7.62
5205119414_1.jpg,5.55
5205357419_1.jpg,5.24
5205828131_1.jpg,6.43
5205841947_1.jpg,5.36
5205841947_2.jpg,0.77
5205866911_1.jpg,3.50
5205867906_1.jpg,3.25
5206001899_1.jpg,10.80
5206034077_1.jpg,2.13
5206034077_2.jpg,2.42
5206034077_3.jpg,7.67
5206040421_1.jpg,0.38
5206051815_1.jpg,0.50
5206147884_1.jpg,8.18
5206147884_2.jpg,9.22
5206218717_1.jpg,1.99
5206218717_2.jpg,0.63
5206218717_3.jpg,3.51
5206218717_4.jpg,5.02
5206234409_1.jpg,13.23
5206281248_1.jpg,6.56
5206281248_2.jpg,5.09
5206281248_3.jpg,7.11
5206287158_1.jpg,22.34
5206343857_1.jpg,6.03
5206343857_2.jpg,3.76
5206343857_3.jpg,5.75
5206343857_4.jpg,5.76
5206391916_1.jpg,5.69
5206413135_1.jpg,1.53
5206425807_1.jpg,6.96
5206426348_1.jpg,8.25
5206472805_1.jpg,21.92
5206472805_2.jpg,6.75
5206482716_1.jpg,5.09
5206496221_1.jpg,6.59
5206496221_2.jpg,10.62
5206496956_1.jpg,0.79
5206522630_1.jpg,1.98
5206522630_2.jpg,1.24
5206529704_1.jpg,7.90
5206529704_2.jpg,7.62
5206529704_3.jpg,8.78
5206529704_4.jpg,1.43
5206529704_5.jpg,1.14
5206535259_1.jpg,11.09
5206577468_1.jpg,0.61
5206577468_2.jpg,2.91
5206577468_3.jpg,5.33
5206596942_1.jpg,2.42
5206596942_2.jpg,5.05
5206596942_3.jpg,1.49
5206597471_1.jpg,19.82
5206597471_2.jpg,11.60
5206660827_1.jpg,3.95
5206660827_2.jpg,3.95
5206660827_3.jpg,3.68
5206688543_1.jpg,0.00
5206714647_1.jpg,8.57
5206726620_1.jpg,2.70
5206735486_1.jpg,3.73
5206761435_1.jpg,3.52
5206761435_2.jpg,3.66
5206761435_3.jpg,4.49
5206761435_4.jpg,9.28
5206770655_1.jpg,2.54
5211719433_1.jpg,14.89
5211927449_1.jpg,60.24
5212187580_1.jpg,14.02
5212258657_1.jpg,3.36
5212377375_1.jpg,6.03
5212396364_1.jpg,25.02
5212425971_1.jpg,8.58
5212560347_1.jpg,6.39
5212685304_1.jpg,1.44
5215071423_1.jpg,68.50
5215071423_2.jpg,73.25
5215071423_3.jpg,24.73
5215071423_4.jpg,63.44
5215071423_5.jpg,22.48
5215071423_6.jpg,6.39
5215086341_1.jpg,6.94
5215686024_1.jpg,3.81
5215686024_2.jpg,3.87
5215686024_3.jpg,1.66
5215687220_1.jpg,1.20
5215704758_1.jpg,6.21
5215729205_1.jpg,16.33
5215745096_1.jpg,0.54
5215777446_1.jpg,1.08
5215788658_1.jpg,18.09
5215788658_2.jpg,8.73
5215788658_3.jpg,23.56
5215788658_4.jpg,0.04
5215788658_5.jpg,2.30
5215788658_6.jpg,2.49
5215788658_7.jpg,2.50
5215804696_1.jpg,6.84
5215806711_1.jpg,1.71
5215816779_1.jpg,0.14
5215826979_1.jpg,1.10
5215861037_1.jpg,3.44
5215883077_1.jpg,15.67
5215894409_1.jpg,24.48
5215905524_1.jpg,1.97
5215905524_2.jpg,1.82
5216024416_1.jpg,0.57
5216056958_1.jpg,1.94
5216091081_1.jpg,4.05
5216091081_2.jpg,3.67
5216094706_1.jpg,7.51
5216118615_1.jpg,21.60
5216121497_1.jpg,2.10
5216130822_1.jpg,2.71
5216130822_2.jpg,3.85
5216130822_3.jpg,4.06
5216130822_4.jpg,2.77
5216130822_5.jpg,2.52
5216130822_6.jpg,3.87
5216133962_1.jpg,1.40
5216200747_1.jpg,11.44
5216200747_2.jpg,36.77
5216200747_3.jpg,33.66
5216215670_1.jpg,4.99
5216248848_1.jpg,0.54
5216248848_2.jpg,0.09
5216262789_1.jpg,2.00
5216377300_1.jpg,2.59
5216377300_2.jpg,1.12
5216377300_3.jpg,0.00
5216386798_1.jpg,4.80
5216387411_1.jpg,6.52
5216394750_1.jpg,7.36
5216500050_1.jpg,4.37
5216500050_2.jpg,4.31
5216546997_1.jpg,7.58
5216546997_2.jpg,0.86
5216580829_1.jpg,37.04
5216592707_1.jpg,0.60
5216605510_1.jpg,4.40
5216605510_2.jpg,1.31
5216619530_1.jpg,4.56
5216733139_1.jpg,1.46
5216749607_1.jpg,1.97
5216772650_1.jpg,1.80
5216839970_1.jpg,5.90
5216839970_10.jpg,4.91
5216839970_11.jpg,4.46
5216839970_12.jpg,2.54
5216839970_13.jpg,2.51
5216839970_14.jpg,20.71
5216839970_15.jpg,17.60
5216839970_16.jpg,15.92
5216839970_2.jpg,17.20
5216839970_3.jpg,20.33
5216839970_4.jpg,12.26
5216839970_5.jpg,3.38
5216839970_6.jpg,3.15
5216839970_7.jpg,4.69
5216839970_8.jpg,5.03
5216839970_9.jpg,3.68
5216850929_1.jpg,2.34
5216850929_2.jpg,1.94
5216850929_3.jpg,4.76
5216859459_1.jpg,2.39
5216859459_2.jpg,2.76
5216859459_3.jpg,0.52
5216863661_1.jpg,0.47
5216864760_1.jpg,6.89
5216881056_1.jpg,0.38
5216881056_2.jpg,0.51
5216897037_1.jpg,1.27
5216905241_1.jpg,4.65
5216905241_2.jpg,2.86
5216954421_1.jpg,16.46
5216966198_1.jpg,1.08
5216973094_1.jpg,7.03
5216985568_1.jpg,2.61
5216996633_1.jpg,17.82
5216996633_2.jpg,15.29
5216996633_3.jpg,14.51
5216996633_4.jpg,39.60
5216996633_5.jpg,25.11
5217042113_1.jpg,16.03
5217042113_2.jpg,0.75
5217044341_1.jpg,8.82
5217096730_1.jpg,15.08
5217112118_1.jpg,6.90
5217112118_2.jpg,5.78
5217123770_1.jpg,0.03
5217146787_1.jpg,5.08
5217205457_1.jpg,3.40
5217211162_1.jpg,17.68
5217211162_2.jpg,18.50
5217264324_1.jpg,20.34
5217264324_2.jpg,34.51
5217272851_1.jpg,10.55
5217309208_1.jpg,4.75
5217309208_2.jpg,5.27
5217309208_3.jpg,7.55
5217309208_4.jpg,2.06
5217325440_1.jpg,16.14
5217340712_1.jpg,0.99
5217370453_1.jpg,2.61
5217370453_2.jpg,2.60
5217370453_3.jpg,2.45
5217373384_1.jpg,13.95
5217373384_2.jpg,2.01
5217373384_3.jpg,6.22
5217404003_1.jpg,4.88
5217404003_2.jpg,2.37
5217404912_1.jpg,8.85
5217407635_1.jpg,4.91
5217407635_2.jpg,1.58
5217407635_3.jpg,1.84
5217452201_1.jpg,2.28
5217580501_1.jpg,0.90
5217583782_1.jpg,2.55
5217583782_2.jpg,7.80
5217609857_1.jpg,1.45
5218809405_1.jpg,6.28
5218813437_1.jpg,3.37
5218820324_1.jpg,3.10
5218827392_1.jpg,8.26
5218827392_2.jpg,9.26
5218833575_1.jpg,2.49
5218834271_1.jpg,10.08
5218838412_1.jpg,17.96
5218853345_1.jpg,64.13
5218860341_1.jpg,36.99
5218898352_1.jpg,2.75
5218905751_1.jpg,5.89
5218907829_1.jpg,4.57
5218909628_1.jpg,2.52
5218909628_2.jpg,2.66
5218921460_1.jpg,17.29
5218932458_1.jpg,29.68
5218962326_1.jpg,38.28
5218962326_2.jpg,25.53
5218970608_1.jpg,1.06
5219020325_1.jpg,11.32
5219032435_1.jpg,12.58
5219048355_1.jpg,5.30
5219071953_1.jpg,6.49
5219104384_1.jpg,12.72
5219113413_1.jpg,39.86
5219122355_1.jpg,21.02
5219128530_1.jpg,21.20
5219159405_1.jpg,5.71
5219159405_2.jpg,8.20
5219169816_1.jpg,3.43
5219191425_1.jpg,10.88
5219198323_1.jpg,2.62
5219210402_1.jpg,15.05
5219212395_1.jpg,36.40
5219212395_2.jpg,18.90
5219220421_1.jpg,25.44
5219241323_1.jpg,5.71
5219275348_1.jpg,0.00
5219275348_2.jpg,12.89
5219275348_3.jpg,35.55
5219275348_4.jpg,35.55
5219275348_5.jpg,35.55
5219277434_1.jpg,16.32
5219300336_1.jpg,2.09
5219301358_1.jpg,3.40
5219354340_1.jpg,7.11
5219354814_1.jpg,2.14
5219368359_1.jpg,3.50
5219375422_1.jpg,1.98
5219379800_1.jpg,32.81
5219385399_1.jpg,7.27
5219385399_2.jpg,3.36
5219385399_3.jpg,3.91
5219389364_1.jpg,5.12
5219391368_1.jpg,1.56
5219391368_2.jpg,0.98
5219391368_3.jpg,0.55
5219391368_4.jpg,0.98
5219391368_5.jpg,0.39
5219404370_1.jpg,17.82
5219404370_2.jpg,17.08
5219404370_3.jpg,11.32
5219404370_4.jpg,17.91
5219404370_5.jpg,21.11
5219404370_6.jpg,18.86
5219418370_1.jpg,21.45
5219418370_2.jpg,23.62
5219418370_3.jpg,39.31
5219418370_4.jpg,5.14
5219439405_1.jpg,19.70
5219444837_1.jpg,0.99
5219444837_2.jpg,0.86
5219444837_3.jpg,1.14
5219444837_4.jpg,1.07
5219451456_1.jpg,1.64
5221707455_1.jpg,1.71
5223379553_1.jpg,9.69
5223379553_2.jpg,3.51
5223379553_3.jpg,3.85
5223410830_1.jpg,4.29
5223416757_1.jpg,2.48
5223424498_1.jpg,4.03
5223443539_1.jpg,11.60
5223455397_1.jpg,7.48
5223506440_1.jpg,7.46
5223509676_1.jpg,10.96
5223523372_1.jpg,5.30
5223524458_1.jpg,0.60
5223591764_1.jpg,32.01
5223594473_1.jpg,8.79
5223601705_1.jpg,44.75
5223603653_1.jpg,12.27
5223603653_2.jpg,30.14
5223603653_3.jpg,15.26
5230008259_1.jpg,3.24
5230031970_1.jpg,2.40
5230031970_2.jpg,2.96
5230100013_1.jpg,0.21
5230103865_1.jpg,3.75
5230121970_1.jpg,3.21
5230122600_1.jpg,3.31
5230135478_1.jpg,4.90
5230135478_2.jpg,4.84
5230141825_1.jpg,4.37
5230145690_1.jpg,11.70
5230167461_1.jpg,8.93
5230176794_1.jpg,13.78
5230176794_2.jpg,9.48
5230199602_1.jpg,2.15
5230306903_1.jpg,1.73
5230306903_2.jpg,2.93
5230319159_1.jpg,17.00
5230323097_1.jpg,12.73
5230394856_1.jpg,2.43
5230396451_1.jpg,7.07
5230396451_2.jpg,9.98
5230396451_3.jpg,5.60
5230412850_1.jpg,3.08
5230412850_2.jpg,12.66
5230412850_3.jpg,12.36
5230489179_1.jpg,5.34
5230582221_1.jpg,6.21
5230601291_1.jpg,2.98
5230605424_1.jpg,21.96
5230669580_1.jpg,1.83
5230677617_1.jpg,6.16
5230695921_1.jpg,2.08
5230709058_1.jpg,3.05
5230709058_2.jpg,22.20
5230734061_1.jpg,4.64
5230758528_1.jpg,1.43
5230792376_1.jpg,2.12
5230816377_1.jpg,1.60
5230816377_2.jpg,2.48
5230818501_1.jpg,45.87
5230875693_1.jpg,0.90
5230900387_1.jpg,3.94
5230932273_1.jpg,12.95
5230932273_2.jpg,3.55
5230932273_3.jpg,8.52
5230932273_4.jpg,4.97
5231006622_1.jpg,1.13
5231104387_1.jpg,2.22
5231114576_1.jpg,5.03
5231114576_2.jpg,8.66
5231288325_1.jpg,12.28
5231288325_2.jpg,48.60
5231288325_3.jpg,22.32
5231299119_1.jpg,4.90
5231325043_1.jpg,4.67
5231325802_1.jpg,1.82
5231325802_2.jpg,3.89
5231325802_3.jpg,1.41
5231334834_1.jpg,4.01
5231344460_1.jpg,2.20
5231344460_2.jpg,1.54
5231344460_3.jpg,2.84
5231391327_1.jpg,5.42
5231391327_2.jpg,2.23
5231391327_3.jpg,3.45
5231416349_1.jpg,4.02
5231427470_1.jpg,9.19
5231427470_2.jpg,10.43
5231442390_1.jpg,5.39
5231442390_2.jpg,4.21
5231497080_1.jpg,2.89
5231552852_1.jpg,1.51
5231560324_1.jpg,2.11
5231560324_2.jpg,8.71
5231560324_3.jpg,1.26
5231560324_4.jpg,8.71
5231629880_1.jpg,4.05
5231629880_2.jpg,3.83
5231683442_1.jpg,0.60
5231683442_2.jpg,0.63
5231689428_1.jpg,0.74
5231689428_2.jpg,0.38
5231741356_1.jpg,31.31
5231780040_1.jpg,4.99
5231788053_1.jpg,16.12
5231788053_2.jpg,10.54
5231788053_3.jpg,12.24
5231839666_1.jpg,9.61
5231861893_1.jpg,6.16
5233665513_1.jpg,3.59
5233740325_1.jpg,2.26
5233749302_1.jpg,4.45
5233752478_1.jpg,0.60
5233767501_1.jpg,18.30
5233812476_1.jpg,13.34
5233842422_1.jpg,0.86
5233849416_1.jpg,15.09
5234094655_1.jpg,1.73
5234104602_1.jpg,1.76
5234151060_1.jpg,1.03
5234171936_1.jpg,15.84
5234181069_1.jpg,3.59
5234185748_1.jpg,3.98
5234185748_2.jpg,8.10
5234185748_3.jpg,17.48
5234185748_4.jpg,34.00
5234302023_1.jpg,2.56
5234328799_1.jpg,9.22
5234329679_1.jpg,8.39
5234357290_1.jpg,22.46
5234368716_1.jpg,10.57
5234440568_1.jpg,5.42
5234456044_1.jpg,27.57
5234456044_2.jpg,19.33
5234467410_1.jpg,1.06
5234486673_1.jpg,1.89
5234499098_1.jpg,7.21
5234499098_2.jpg,5.06
5234830623_1.jpg,9.80
5234877892_1.jpg,8.08
5234879190_1.jpg,1.24
5234952478_1.jpg,1.86
5234952478_2.jpg,1.85
5234952478_3.jpg,0.04
5235005900_1.jpg,22.11
5235056670_1.jpg,4.01
5235111448_1.jpg,6.98
5237459058_1.jpg,2.44
5237471286_1.jpg,5.65
5237492943_1.jpg,7.74
5237492943_2.jpg,10.63
5237521901_1.jpg,0.23
5237540132_1.jpg,5.13
5237540132_2.jpg,1.53
5237569552_1.jpg,2.42
5237569552_2.jpg,1.90
5237590497_1.jpg,0.46
5237590497_2.jpg,0.00
5237652110_1.jpg,9.88
5237654797_1.jpg,0.84
5237736807_1.jpg,25.97
5237736807_2.jpg,62.82
5237736807_3.jpg,36.06
5237736807_4.jpg,17.66
5237775869_1.jpg,2.22
5237775869_2.jpg,1.80
5237859974_1.jpg,1.65
5237866281_1.jpg,3.99
5237866281_2.jpg,2.13
5237883814_1.jpg,13.13
5237883814_2.jpg,1.65
5237922883_1.jpg,0.84
5237930239_1.jpg,3.72
5237937793_1.jpg,0.32
5237937793_2.jpg,1.16
5237940156_1.jpg,1.63
5237948841_1.jpg,2.76
5237968276_1.jpg,5.18
5237968276_2.jpg,5.10
5237968276_3.jpg,2.41
5237992326_1.jpg,19.44
5237992326_2.jpg,22.63
5238015981_1.jpg,5.81
5238015981_2.jpg,8.95
5238066929_1.jpg,39.72
5238066929_2.jpg,21.01
5238066929_3.jpg,24.62
5238077990_1.jpg,26.18
5238155688_1.jpg,0.79
5238155688_2.jpg,1.46
5238155688_3.jpg,0.95
5238155688_4.jpg,0.76
5238155688_5.jpg,0.77
5238155688_6.jpg,1.35
5238201751_1.jpg,7.38
5238223907_1.jpg,3.48
5238223907_2.jpg,1.19
5238227453_1.jpg,10.48
5238295752_1.jpg,3.83
5238296429_1.jpg,1.59
5238316003_1.jpg,5.72
5238324425_1.jpg,4.06
5238381428_1.jpg,1.84
5238381428_2.jpg,0.29
5238381428_3.jpg,0.70
5238404565_1.jpg,2.07
5238433836_1.jpg,2.42
5238433836_2.jpg,1.68
5238437520_1.jpg,13.88
5238454804_1.jpg,2.79
5238846321_1.jpg,27.05
5243839238_1.jpg,5.92
5243844038_1.jpg,7.58
5243859262_1.jpg,7.38
5243859262_2.jpg,5.97
5243859663_1.jpg,2.69
5243866321_1.jpg,3.41
5243868354_1.jpg,41.73
5281814614_1.jpg,2.67
5281828369_1.jpg,3.80
5281849303_1.jpg,32.68
5281849303_2.jpg,8.71
5281849303_3.jpg,15.36
5281849303_4.jpg,42.67
5281861066_1.jpg,2.56
5281882294_1.jpg,22.62
5281882294_2.jpg,55.90
5281882595_1.jpg,6.24
5281882595_2.jpg,5.51
5281884219_1.jpg,0.19
5281884219_2.jpg,4.11
5281912466_1.jpg,11.07
5281950362_1.jpg,18.07
5281954270_1.jpg,33.81
5281954270_2.jpg,29.73
5281954270_3.jpg,21.70
5281954270_4.jpg,35.76
5281985226_1.jpg,1.17
5281992712_1.jpg,4.18
5281999890_1.jpg,18.49
5282011971_1.jpg,2.39
5282011971_2.jpg,2.31
5282064013_1.jpg,0.82
5282073032_1.jpg,30.01
5282073032_2.jpg,10.97
5282073032_3.jpg,22.04
5282073032_4.jpg,15.97
5282078447_1.jpg,20.61
5282082390_1.jpg,2.07
5282082390_2.jpg,1.36
5282082728_1.jpg,4.71
5282082728_2.jpg,26.66
5282089804_1.jpg,12.50
5282092840_1.jpg,9.61
5282092840_2.jpg,0.00
5282103855_1.jpg,7.55
5282104103_1.jpg,35.45
5282104103_2.jpg,24.46
5282106906_1.jpg,48.74
5282106906_2.jpg,36.53
5282116581_1.jpg,2.96
5282125524_1.jpg,7.91
5282125524_2.jpg,7.73
5282137801_1.jpg,21.22
5282137801_2.jpg,29.22
5282141555_1.jpg,3.30
5282144216_1.jpg,1.34
5282146084_1.jpg,20.49
5282146084_2.jpg,15.19
5282199190_1.jpg,4.87
5282199190_2.jpg,2.09
5282199190_3.jpg,2.33
5282199190_4.jpg,2.37
5282205133_1.jpg,6.01
5282205196_1.jpg,5.85
5282205196_2.jpg,2.49
5282207987_1.jpg,23.66
5282207987_2.jpg,7.78
5282241472_1.jpg,11.27
5282263134_1.jpg,0.43
5282289005_1.jpg,14.31
5282297768_1.jpg,11.81
5282297768_2.jpg,11.43
5282297768_3.jpg,15.80
5282297768_4.jpg,16.83
5282300610_1.jpg,3.19
5282312084_1.jpg,15.13
5282376505_1.jpg,18.77
5282428412_1.jpg,1.00
5282472586_1.jpg,10.68
5282472586_2.jpg,20.59
5282472586_3.jpg,8.12
5282472586_4.jpg,4.38
5282472586_5.jpg,3.93
5282472586_6.jpg,17.50
5282472586_7.jpg,5.76
5282488834_1.jpg,2.11
5282509504_1.jpg,27.86
5282509504_2.jpg,11.88
5282509504_3.jpg,18.53
5282510850_1.jpg,45.58
5282510850_2.jpg,42.12
5282575768_1.jpg,34.89
5282575768_2.jpg,6.56
5282575768_3.jpg,56.76
5282579454_1.jpg,1.77
5282602817_1.jpg,28.13
5282602817_2.jpg,47.20
5282627283_1.jpg,2.38
5282627283_2.jpg,1.82
5282693072_1.jpg,11.87
5282702870_1.jpg,7.74
5282702959_1.jpg,2.02
5282740844_1.jpg,2.38
5282807486_1.jpg,26.35
5282807486_2.jpg,17.71
5282905747_1.jpg,5.15
5282962433_1.jpg,1.63
5282962433_2.jpg,2.88
5283008724_1.jpg,9.71
5283022895_1.jpg,9.23
5283022895_2.jpg,7.12
5283025572_1.jpg,3.07
5283025572_2.jpg,4.63
5283025572_3.jpg,3.84
5283032825_1.jpg,3.42
5283268127_1.jpg,4.83
5283276049_1.jpg,9.79
5283284223_1.jpg,4.02
5283294865_1.jpg,2.63
5283317022_1.jpg,13.87
5283317022_2.jpg,22.98
5283317022_3.jpg,11.99
5283317034_1.jpg,2.76
5283317677_1.jpg,2.20
5283350538_1.jpg,44.74
5283377389_1.jpg,3.44
5283440895_1.jpg,9.02
5283448832_1.jpg,4.40
5283484229_1.jpg,2.55
5283545348_1.jpg,2.28
5283555426_1.jpg,2.65
5287586577_1.jpg,4.55
5287610928_1.jpg,0.72
5287628607_1.jpg,3.55
5287668851_1.jpg,0.00
5287668851_2.jpg,0.01
5287668851_3.jpg,0.11
5287668851_4.jpg,0.00
5287680772_1.jpg,4.64
5287680772_2.jpg,4.64
5287689252_1.jpg,6.77
5287716828_1.jpg,15.76
5287717668_1.jpg,29.46
5287717668_2.jpg,22.25
5287717668_3.jpg,13.50
5287717668_4.jpg,40.04
5287717668_5.jpg,12.95
5287723955_1.jpg,4.99
5287732343_1.jpg,29.62
5287753987_1.jpg,0.87
5287753987_2.jpg,7.50
5287762197_1.jpg,13.08
5287762197_2.jpg,3.60
5287766028_1.jpg,5.96
5287843274_1.jpg,0.26
5287843274_2.jpg,0.37
5287905755_1.jpg,4.81
5287915085_1.jpg,8.38
5287915085_2.jpg,7.35
5287915085_3.jpg,5.94
5287915085_4.jpg,3.84
5287964032_1.jpg,6.84
5287989975_1.jpg,3.35
5288000348_1.jpg,2.58
5288012639_1.jpg,2.89
5288030626_1.jpg,7.41
5288035839_1.jpg,0.57
5288035839_2.jpg,1.91
5288049775_1.jpg,23.76
5288104869_1.jpg,8.31
5288122261_1.jpg,8.34
5288124775_1.jpg,4.06
5288136839_1.jpg,1.21
5288141892_1.jpg,4.16
5288141892_2.jpg,3.30
5288141892_3.jpg,45.11
5288144978_1.jpg,19.80
5288193868_1.jpg,1.32
5288195662_1.jpg,5.13
5288210732_1.jpg,15.91
5288210732_2.jpg,13.17
5288212179_1.jpg,6.71
5288215099_1.jpg,5.62
5288217771_1.jpg,3.66
5288230517_1.jpg,8.31
5288231349_1.jpg,0.46
5288264608_1.jpg,1.87
5288299645_1.jpg,0.77
5288312716_1.jpg,13.16
5288312744_1.jpg,11.00
5288386342_1.jpg,3.41
5288416863_1.jpg,3.81
5288416863_2.jpg,5.83
5288543814_1.jpg,2.53
5288543814_2.jpg,22.19
5288543814_3.jpg,13.44
5288543814_4.jpg,8.50
5288551326_1.jpg,2.79
5288628604_1.jpg,1.94
5288652793_1.jpg,2.11
5291495620_1.jpg,21.73
5291495620_2.jpg,11.05
5291495620_3.jpg,19.92
5291560399_1.jpg,6.65
5291560399_2.jpg,23.76
5291560399_3.jpg,34.87
5291560399_4.jpg,30.60
5291560399_5.jpg,25.44
5291737984_1.jpg,4.47
5291743630_1.jpg,4.82
5291750684_1.jpg,0.56
5291750684_2.jpg,1.41
5291782178_1.jpg,13.35
5291790065_1.jpg,4.45
5291805308_1.jpg,24.44
5291823054_1.jpg,0.90
5291857022_1.jpg,0.87
5291882210_1.jpg,6.04
5291900140_1.jpg,7.29
5291900716_1.jpg,1.49
5291900716_2.jpg,2.54
5291903282_1.jpg,3.88
5291903282_2.jpg,3.00
5291906071_1.jpg,1.71
5291906367_1.jpg,0.57
5291906367_2.jpg,14.06
5291965799_1.jpg,0.63
5291965799_2.jpg,0.88
5291965799_3.jpg,2.22
5291965799_4.jpg,0.60
5291965799_5.jpg,3.06
5291969653_1.jpg,5.11
5291971211_1.jpg,37.69
5291984284_1.jpg,3.03
5291984284_2.jpg,0.94
5291984284_3.jpg,3.51
5291997805_1.jpg,0.96
5292025802_1.jpg,3.98
5292042735_1.jpg,7.54
5292042735_2.jpg,8.76
5292045266_1.jpg,1.01
5292045266_2.jpg,2.49
5292045266_3.jpg,3.76
5292045266_4.jpg,0.19
5292045266_5.jpg,1.11
5292055016_1.jpg,22.43
5292055016_2.jpg,22.75
5292061099_1.jpg,1.49
5292117339_1.jpg,2.60
5292124645_1.jpg,8.55
5292166365_1.jpg,9.00
5292166365_2.jpg,10.10
5292166365_3.jpg,10.96
5292166365_4.jpg,14.90
5292166365_5.jpg,9.37
5292166365_6.jpg,7.35
5292166365_7.jpg,5.90
5292166365_8.jpg,2.01
5292166365_9.jpg,1.22
5292217639_1.jpg,1.41
5292217639_2.jpg,2.47
5292217639_3.jpg,1.42
5292226318_1.jpg,3.05
5292226318_2.jpg,3.80
5292226318_3.jpg,1.77
5292226318_4.jpg,2.73
5292243154_1.jpg,2.57
5292243154_2.jpg,0.75
5292243154_3.jpg,1.72
5292259426_1.jpg,1.51
5292259426_2.jpg,4.86
5292259426_3.jpg,1.92
5292268638_1.jpg,7.23
5292268638_2.jpg,6.87
5292276570_1.jpg,2.33
5292304337_1.jpg,9.42
5292304337_2.jpg,11.12
5292410097_1.jpg,9.16
5292414033_1.jpg,8.67
5292414033_2.jpg,7.57
5292414033_3.jpg,9.84
5292414033_4.jpg,24.75
5292414033_5.jpg,11.40
5292414033_6.jpg,10.63
5292414033_7.jpg,12.39
5292414033_8.jpg,10.98
5292414033_9.jpg,73.02
5292421166_1.jpg,9.24
5292422596_1.jpg,6.73
5292422596_2.jpg,32.15
5292424730_1.jpg,10.06
5292424730_2.jpg,9.07
5292424730_3.jpg,8.56
5292427719_1.jpg,1.29
5292428997_1.jpg,0.64
5292433756_1.jpg,1.17
5292433756_2.jpg,1.02
5292435338_1.jpg,1.19
5292460820_1.jpg,0.35
5292467480_1.jpg,1.06
5292485945_1.jpg,1.00
5292513497_1.jpg,2.28
5292545174_1.jpg,4.29
5292552651_1.jpg,6.11
5292560440_1.jpg,0.35
5292560440_2.jpg,0.32
5292560440_3.jpg,0.37
5292569681_1.jpg,1.59
5292604538_1.jpg,6.68
5292604538_2.jpg,7.02
5292604538_3.jpg,7.56
5292605422_1.jpg,4.06
5292615363_1.jpg,1.37
5292667417_1.jpg,12.47
5292667417_2.jpg,6.23
5292681499_1.jpg,10.33
5292742934_1.jpg,1.36
5292756606_1.jpg,1.10
5292772578_1.jpg,11.12
5292772578_2.jpg,12.49
5292772578_3.jpg,4.61
5292772578_4.jpg,2.77
5292772578_5.jpg,3.00
5292813385_1.jpg,2.56
5292825935_1.jpg,2.23
5292826154_1.jpg,2.47
5292837802_1.jpg,10.79
5292858567_1.jpg,5.69
5292880517_1.jpg,1.91
5292906762_1.jpg,0.83
5292906762_2.jpg,0.14
5292939774_1.jpg,3.00
5292939774_2.jpg,3.88
5292979989_1.jpg,5.89
5292992433_1.jpg,4.19
5292992433_2.jpg,2.29
5292992433_3.jpg,13.08
5293044587_1.jpg,4.47
5293069098_1.jpg,10.40
5293069098_2.jpg,3.69
5293072607_1.jpg,0.82
5293072607_2.jpg,0.50
5293072607_3.jpg,0.16
5293101469_1.jpg,12.68
5293101469_2.jpg,8.48
5293101469_3.jpg,8.44
5293142876_1.jpg,21.97
5293174138_1.jpg,5.93
5293179951_1.jpg,5.48
5293185665_1.jpg,25.14
5293198383_1.jpg,9.69
5293208735_1.jpg,7.95
5293249313_1.jpg,1.44
5293253265_1.jpg,0.92
5293253265_2.jpg,0.94
5293282510_1.jpg,1.70
5293291104_1.jpg,1.94
5293316543_1.jpg,1.41
5293322487_1.jpg,4.22
5293333071_1.jpg,0.81
5293333071_2.jpg,8.08
5293333071_3.jpg,7.48
5716452672_1.jpg,0.75
5716472012_1.jpg,15.53
5716472012_2.jpg,18.54
5716480889_1.jpg,6.31
5716509928_1.jpg,11.44
5716522097_1.jpg,0.56
5716531436_1.jpg,8.93
5716555822_1.jpg,2.61
5716564476_1.jpg,0.38
5716568324_1.jpg,2.04
5716622014_1.jpg,5.98
5716622014_2.jpg,6.86
5716622014_3.jpg,4.29
5716622014_4.jpg,3.54
5716622015_1.jpg,14.60
5716626408_1.jpg,19.00
5716634997_1.jpg,2.78
5716677055_1.jpg,3.25
5716712576_1.jpg,4.15
5716747460_1.jpg,3.43
5716766527_1.jpg,10.38
5716815529_1.jpg,26.16
5716834335_1.jpg,19.90
5759266045_1.jpg,5.23
5759267480_1.jpg,21.01
5759281209_1.jpg,1.16
5759295833_1.jpg,3.51
5759332888_1.jpg,23.30
5759399420_1.jpg,3.34
5759498648_1.jpg,2.62
5759498648_2.jpg,3.31
5759498648_3.jpg,0.69
5759504781_1.jpg,16.21
5759504781_2.jpg,7.44
5759504781_3.jpg,5.37
5759510420_1.jpg,2.38
5759515952_1.jpg,6.35
5759539981_1.jpg,2.97
5759539981_2.jpg,4.58
5759539981_3.jpg,3.00
5759540621_1.jpg,3.45
5759540621_2.jpg,0.66
5759571519_1.jpg,3.20
5759571519_2.jpg,1.88
5759571519_3.jpg,0.97
5759571519_4.jpg,1.01
5759571519_5.jpg,0.48
5759625996_1.jpg,6.03
5759625996_2.jpg,15.93
5759635061_1.jpg,1.71
5759646684_1.jpg,7.98
5759646684_2.jpg,6.34
5759646684_3.jpg,0.67
5759651611_1.jpg,5.35
5759651611_2.jpg,8.77
5759651611_3.jpg,2.45
5759690154_1.jpg,2.35
5759699425_1.jpg,9.49
5759707903_1.jpg,0.55
5759728109_1.jpg,3.20
5759763223_1.jpg,2.32
5759766493_1.jpg,18.35
5759766493_2.jpg,14.95
5759766493_3.jpg,5.96
5759772722_1.jpg,19.65
5759832347_1.jpg,14.81
5759834751_1.jpg,27.98
5759834751_2.jpg,4.39
5759854716_1.jpg,6.86
5759868800_1.jpg,1.55
5759900510_1.jpg,31.65
5759900510_2.jpg,22.61
5759900510_3.jpg,14.80
5759913399_1.jpg,6.47
5759916916_1.jpg,11.46
5759922017_1.jpg,11.08
5759922017_2.jpg,4.59
5759927667_1.jpg,10.48
5759942698_1.jpg,18.05
5759943437_1.jpg,1.51
5759973973_1.jpg,12.71
5759973973_2.jpg,16.87
5759987414_1.jpg,5.15
5760004931_1.jpg,13.42
5760006579_1.jpg,6.43
5760006579_2.jpg,9.41
5760030156_1.jpg,8.54
5760048836_1.jpg,3.49
5760049044_1.jpg,0.63
5760056531_1.jpg,5.20
5760056531_2.jpg,3.98
5760122988_1.jpg,1.29
5760128554_1.jpg,5.08
5760147696_1.jpg,45.03
5760147696_2.jpg,27.66
5760147696_3.jpg,33.66
5760147696_4.jpg,13.83
5760147696_5.jpg,3.80
5760150779_1.jpg,2.54
5760150779_2.jpg,1.82
5760151184_1.jpg,16.26
5760151184_2.jpg,8.33
5760151184_3.jpg,9.64
5760158446_1.jpg,1.71
5760184262_1.jpg,18.22
5760185552_1.jpg,2.48
5760191220_1.jpg,2.57
5760192173_1.jpg,1.56
5760192173_2.jpg,0.45
5760200268_1.jpg,1.25
5760200810_1.jpg,3.16
5760209428_1.jpg,14.38
5760223679_1.jpg,6.15
5760223679_2.jpg,0.17
5760242496_1.jpg,9.61
5760290976_1.jpg,1.42
5760290976_2.jpg,1.23
5760300104_1.jpg,15.52
5760315410_1.jpg,6.87
5760341196_1.jpg,0.94
5760342830_1.jpg,7.94
5760460638_1.jpg,13.99
5760471672_1.jpg,6.75
5760484851_1.jpg,9.28
5760518454_1.jpg,7.73
5760519750_1.jpg,11.16
5760519750_2.jpg,8.40
5760520711_1.jpg,6.77
5760534873_1.jpg,7.76
5760557747_1.jpg,7.13
5760557747_2.jpg,1.34
5760595974_1.jpg,13.19
5760629252_1.jpg,47.88
5760629252_2.jpg,5.72
5760632509_1.jpg,2.14
5760632509_2.jpg,6.24
5760665022_1.jpg,5.98
5760665022_2.jpg,7.05
5760665022_3.jpg,10.78
5760665022_4.jpg,8.69
5760672033_1.jpg,2.56
5760672033_2.jpg,1.38
5760672033_3.jpg,2.14
5760675288_1.jpg,2.66
5760696354_1.jpg,2.35
5760696354_2.jpg,2.15
5760703560_1.jpg,2.57
5760703560_2.jpg,1.98
5760733318_1.jpg,4.15
5760804143_1.jpg,2.37
5760804143_2.jpg,2.67
5760811265_1.jpg,8.47
5760868462_1.jpg,7.08
5760906307_1.jpg,5.31
5760945861_1.jpg,0.94
5760945861_2.jpg,0.52
5760971359_1.jpg,2.89
5761018176_1.jpg,11.12
5761048102_1.jpg,1.55
5761048289_1.jpg,3.08
5761052723_1.jpg,3.27
5761056765_1.jpg,5.63
5761056765_2.jpg,5.76
5761076885_1.jpg,6.57
5761079770_1.jpg,1.49
5761131541_1.jpg,15.38
5761190534_1.jpg,1.92
5761190534_2.jpg,1.43
5761190534_3.jpg,1.07
5761195648_1.jpg,3.92
5761195648_2.jpg,4.48
5761215601_1.jpg,2.00
5762129994_1.jpg,5.04
5762184715_1.jpg,8.34
5762188909_1.jpg,3.06
5762195024_1.jpg,4.54
5762223011_1.jpg,0.21
5762223299_1.jpg,2.33
5762223829_1.jpg,2.14
5762258773_1.jpg,12.66
5762285601_1.jpg,7.21
5762285601_2.jpg,15.78
5762286196_1.jpg,0.42
5762286196_2.jpg,10.48
5762286196_3.jpg,12.53
5762296452_1.jpg,47.63
5762296469_1.jpg,7.91
5762321359_1.jpg,6.20
5794839263_1.jpg,15.90
5796852117_1.jpg,45.07
5796852117_2.jpg,38.68
5796906602_1.jpg,14.62
5796966444_1.jpg,12.80
5797013910_1.jpg,4.59
5797100613_1.jpg,18.29
5827362938_1.jpg,1.28
5827362938_2.jpg,9.48
5827366691_1.jpg,1.52
5827389169_1.jpg,5.74
5827389169_2.jpg,17.99
5827422953_1.jpg,1.15
5827441196_1.jpg,6.33
5827441200_1.jpg,6.01
5827448499_1.jpg,25.29
5827496432_1.jpg,1.96
5827496432_2.jpg,6.47
5827496432_3.jpg,5.37
5827496432_4.jpg,6.98
5827496432_5.jpg,6.96
5827541099_1.jpg,7.03
5827541099_2.jpg,1.59
5827546513_1.jpg,3.16
5827568873_1.jpg,10.42
5827568873_10.jpg,6.70
5827568873_11.jpg,6.50
5827568873_12.jpg,7.17
5827568873_13.jpg,5.57
5827568873_14.jpg,8.85
5827568873_15.jpg,12.02
5827568873_16.jpg,9.73
5827568873_17.jpg,7.50
5827568873_18.jpg,12.49
5827568873_19.jpg,9.14
5827568873_2.jpg,8.57
5827568873_3.jpg,11.86
5827568873_4.jpg,17.14
5827568873_5.jpg,13.41
5827568873_6.jpg,12.71
5827568873_7.jpg,5.40
5827568873_8.jpg,3.87
5827568873_9.jpg,5.52
5827603035_1.jpg,8.64
5827654888_1.jpg,8.02
5827737205_1.jpg,17.09
5827787958_1.jpg,4.42
5827802245_1.jpg,53.84
5827806692_1.jpg,9.74
5827812459_1.jpg,32.01
5827812459_2.jpg,1.55
5827812459_3.jpg,6.09
5827812459_4.jpg,25.36
5827812459_5.jpg,11.11
5827812459_6.jpg,9.87
5827812459_7.jpg,22.35
5827824319_1.jpg,18.18
5827832843_1.jpg,0.47
5827887767_1.jpg,19.42
5827887767_10.jpg,11.84
5827887767_11.jpg,12.25
5827887767_12.jpg,10.90
5827887767_13.jpg,18.06
5827887767_14.jpg,24.76
5827887767_15.jpg,7.56
5827887767_16.jpg,8.81
5827887767_17.jpg,17.30
5827887767_18.jpg,10.85
5827887767_2.jpg,22.20
5827887767_3.jpg,24.21
5827887767_4.jpg,18.37
5827887767_5.jpg,20.31
5827887767_6.jpg,17.83
5827887767_7.jpg,11.72
5827887767_8.jpg,8.31
5827887767_9.jpg,11.36
5827917610_1.jpg,28.07
5827949938_1.jpg,9.28
5827957031_1.jpg,7.27
5827957031_2.jpg,9.07
5827957031_3.jpg,10.68
5827983739_1.jpg,1.91
5828014301_1.jpg,4.81
5828014301_2.jpg,7.68
5828014301_3.jpg,9.42
5828014301_4.jpg,4.31
5828014301_5.jpg,0.99
5828018687_1.jpg,3.96
5828019451_1.jpg,2.25
5828019451_2.jpg,1.02
5828062921_1.jpg,5.86
5828082329_1.jpg,58.57
5828118999_1.jpg,7.48
5828121533_1.jpg,2.42
5828151420_1.jpg,9.77
5828163639_1.jpg,6.31
5828163639_2.jpg,7.08
5828166155_1.jpg,5.86
5828181622_1.jpg,5.60
5828186994_1.jpg,3.45
5828188546_1.jpg,2.22
5828188546_2.jpg,2.19
5828188546_3.jpg,2.96
5828207847_1.jpg,7.61
5828231477_1.jpg,7.44
5828300551_1.jpg,3.57
5828347205_1.jpg,24.90
5828347205_2.jpg,27.07
5828347205_3.jpg,20.75
5828347205_4.jpg,4.85
5828359510_1.jpg,7.13
5828440896_1.jpg,0.65
5828482004_1.jpg,7.17
5828497522_1.jpg,19.71
5828497522_2.jpg,47.99
5828497522_3.jpg,29.47
5828497522_4.jpg,12.73
5828512877_1.jpg,5.16
5828580751_1.jpg,7.52
5828580751_2.jpg,2.27
5828580751_3.jpg,2.46
5828583601_1.jpg,11.56
5828583601_2.jpg,1.54
5828591114_1.jpg,23.11
5828593317_1.jpg,6.52
5828593317_2.jpg,6.24
5828666135_1.jpg,21.40
5828677920_1.jpg,4.52
5828677920_2.jpg,7.94
5828677920_3.jpg,6.05
5828689894_1.jpg,7.18
5828698725_1.jpg,6.09
5828708887_1.jpg,25.32
5828718384_1.jpg,12.58
5828718384_2.jpg,1.89
5828727094_1.jpg,1.98
5828730156_1.jpg,2.73
5828782442_1.jpg,2.75
5828782442_2.jpg,3.11
5828801965_1.jpg,4.80
5828805175_1.jpg,2.49
5828805175_2.jpg,2.01
5828814162_1.jpg,4.18
5828814162_2.jpg,0.32
5828814162_3.jpg,0.01
5828886318_1.jpg,11.27
5829122477_1.jpg,1.94
5829128130_1.jpg,6.02
5829128130_2.jpg,0.24
5829194158_1.jpg,0.27
5829211618_1.jpg,13.56
5829225934_1.jpg,3.89
5829225934_2.jpg,7.38
5829246058_1.jpg,25.18
5829246058_2.jpg,50.51
5829246058_3.jpg,24.97
5829263865_1.jpg,2.62
5829312919_1.jpg,8.17
5829337784_1.jpg,2.65
5829344412_1.jpg,0.49
5829344412_2.jpg,0.27
5829375613_1.jpg,1.11
5830308079_1.jpg,30.32
5830340607_1.jpg,1.38
5830353741_1.jpg,3.67
5830363553_1.jpg,10.44
5830416125_1.jpg,5.39
5830416125_2.jpg,4.09
5830416125_3.jpg,1.76
5830486691_1.jpg,1.40
5830545669_1.jpg,2.00
5830548520_1.jpg,0.36
5830548520_2.jpg,0.96
5830548520_3.jpg,0.85
5830702696_1.jpg,9.05
5830702696_2.jpg,2.50
5830702757_1.jpg,3.21
5830712118_1.jpg,1.09
5830712118_2.jpg,0.59
5830776776_1.jpg,0.45
5830781675_1.jpg,30.09
5830821516_1.jpg,3.88
5830855778_1.jpg,0.98
5830855778_2.jpg,2.86
5830855778_3.jpg,3.69
5830861355_1.jpg,15.57
5830861355_2.jpg,4.75
5830875440_1.jpg,3.07
5830875440_2.jpg,12.55
5830886400_1.jpg,0.64
5830886400_2.jpg,1.46
5830926611_1.jpg,12.98
5830964499_1.jpg,8.06
5830970766_1.jpg,0.92
5831013524_1.jpg,4.43
5831038840_1.jpg,32.66
5831076651_1.jpg,3.83
5831076651_2.jpg,3.52
5831076651_3.jpg,7.75
5832143693_1.jpg,1.44
5832153688_1.jpg,4.88
5832223263_1.jpg,11.23
5832236477_1.jpg,2.42
5832237397_1.jpg,4.94
5832261578_1.jpg,1.99
5832287593_1.jpg,1.18
5832291450_1.jpg,1.38
5832305559_1.jpg,4.69
5832327881_1.jpg,5.81
5832370954_1.jpg,47.73
5832370954_2.jpg,4.43
5837121926_1.jpg,69.38
5837121926_2.jpg,57.36
5837121926_3.jpg,61.51
5837349879_1.jpg,0.86
5837466371_1.jpg,17.29
5837466371_2.jpg,11.32
5837466371_3.jpg,10.82
5837698442_1.jpg,1.85
5837743151_1.jpg,1.29
5837743151_2.jpg,6.50
5837743151_3.jpg,5.79
5837841135_1.jpg,10.87
5837841135_2.jpg,25.34
5837841135_3.jpg,16.94
5837882708_1.jpg,3.06
5837942527_1.jpg,14.58
5837942527_2.jpg,2.68
5837942527_3.jpg,1.88
5837980511_1.jpg,6.94
5838029608_1.jpg,11.03
5838029900_1.jpg,4.93
5838032284_1.jpg,0.68
5838054834_1.jpg,2.66
5838097614_1.jpg,7.02
5838250956_1.jpg,0.00
5838250956_2.jpg,0.90
5838250956_3.jpg,1.21
5838332404_1.jpg,8.11
5838332404_2.jpg,7.96
5838332404_3.jpg,7.52
5838332404_4.jpg,5.76
5838356489_1.jpg,10.40
5839806383_1.jpg,3.21
5839925306_1.jpg,9.72
5839935617_1.jpg,12.43
5839935617_2.jpg,8.11
5840205137_1.jpg,3.48
5840213519_1.jpg,8.26
5840446758_1.jpg,16.87
5840446758_2.jpg,6.47
5840451578_1.jpg,2.91
5840487299_1.jpg,14.55
5840703686_1.jpg,15.99
5840718595_1.jpg,4.67
5840814551_1.jpg,5.37
5840816390_1.jpg,6.47
5840816390_2.jpg,0.00
5840835755_1.jpg,1.15
5840880345_1.jpg,7.67
5840960880_1.jpg,6.57
5840995008_1.jpg,10.80
5840995008_2.jpg,7.35
5841010682_1.jpg,9.29
5841011741_1.jpg,4.40
5841035157_1.jpg,1.88
5841575337_1.jpg,0.79
5841575337_2.jpg,1.06
5841577073_1.jpg,10.74
5841577073_2.jpg,3.16
5841577073_3.jpg,0.53
5841577073_4.jpg,11.55
5841601811_1.jpg,7.58
5841615392_1.jpg,2.72
5841617555_1.jpg,6.95
5841617555_2.jpg,7.34
5841643153_1.jpg,9.93
5841644896_1.jpg,8.56
5841684404_1.jpg,1.43
5841686773_1.jpg,17.20
5841686773_2.jpg,2.39
5841688584_1.jpg,5.34
5841700061_1.jpg,2.15
5841700061_2.jpg,1.84
5841708919_1.jpg,0.93
5841723563_1.jpg,2.94
5841748897_1.jpg,17.28
5841821372_1.jpg,0.63
5841821857_1.jpg,13.53
5841830799_1.jpg,11.10
5841882953_1.jpg,5.07
5841882953_2.jpg,13.29
5841909971_1.jpg,1.95
5841909971_2.jpg,4.84
5841909971_3.jpg,3.14
5841935352_1.jpg,1.52
5843969370_1.jpg,2.31
5844097786_1.jpg,0.19
5844128648_1.jpg,8.65
5844128648_2.jpg,9.84
5844149380_1.jpg,2.92
5844172883_1.jpg,2.34
5844172883_2.jpg,1.99
5844172883_3.jpg,1.15
5844172883_4.jpg,1.16
5844172883_5.jpg,0.00
5844188595_1.jpg,2.78
5844188595_2.jpg,2.21
5844195769_1.jpg,4.60
5844196731_1.jpg,5.08
5844348874_1.jpg,12.30
5844349161_1.jpg,6.23
5844349161_2.jpg,6.61
5844349260_1.jpg,5.36
5844474627_1.jpg,12.01
5844474627_2.jpg,9.18
5844474627_3.jpg,10.39
5844474627_4.jpg,18.85
5844474627_5.jpg,17.13
5844500620_1.jpg,4.05
5844500620_2.jpg,4.48
5844500620_3.jpg,4.47
5844547497_1.jpg,3.02
5844778951_1.jpg,4.24
5844783112_1.jpg,5.41
5844798493_1.jpg,13.60
5857429091_1.jpg,3.96
5857507376_1.jpg,19.36
5857508402_1.jpg,7.71
5857558858_1.jpg,28.39
5857597550_1.jpg,1.80
5867739778_1.jpg,7.51
5867825857_1.jpg,15.00
5867848973_1.jpg,0.36
5867867844_1.jpg,20.45
5867893265_1.jpg,5.95
5867955166_1.jpg,0.30
5868041893_1.jpg,0.50
5868085996_1.jpg,2.70
5868097951_1.jpg,2.30
5868191974_1.jpg,20.94
5868296983_1.jpg,1.15
5868375545_1.jpg,1.76
5868378794_1.jpg,3.32
5868383975_1.jpg,19.72
5868383975_2.jpg,11.01
5868425814_1.jpg,18.88
5868425814_2.jpg,1.81
5889825569_1.jpg,1.32
5890063113_1.jpg,7.38
5890063113_2.jpg,5.19
5890063113_3.jpg,13.54
5890092471_1.jpg,33.13
5890092471_2.jpg,33.23
5890092471_3.jpg,32.09
5890092471_4.jpg,22.53
5890310445_1.jpg,1.07
5890374512_1.jpg,11.28
5890377066_1.jpg,14.66
5890377066_10.jpg,17.94
5890377066_11.jpg,26.26
5890377066_12.jpg,25.76
5890377066_13.jpg,22.15
5890377066_14.jpg,24.01
5890377066_15.jpg,25.44
5890377066_16.jpg,31.11
5890377066_17.jpg,17.29
5890377066_18.jpg,9.62
5890377066_2.jpg,16.61
5890377066_3.jpg,19.97
5890377066_4.jpg,20.97
5890377066_5.jpg,19.55
5890377066_6.jpg,10.15
5890377066_7.jpg,13.92
5890377066_8.jpg,9.09
5890377066_9.jpg,23.11
5890454096_1.jpg,2.83
5892428922_1.jpg,4.59
5892428922_2.jpg,0.85
5892446863_1.jpg,4.47
5892712915_1.jpg,21.84
5892751806_1.jpg,10.25
5892751806_2.jpg,13.22
5892751806_3.jpg,13.75
5892912674_1.jpg,5.00
5892912674_2.jpg,1.79
5892995612_1.jpg,6.69
5893235863_1.jpg,18.67
5893236270_1.jpg,12.26
5893239213_1.jpg,0.17
5893239213_2.jpg,5.27
5893239527_1.jpg,47.11
5893239536_1.jpg,14.01
5893239726_1.jpg,4.76
5893239726_2.jpg,0.78
5893240850_1.jpg,5.92
5893240850_2.jpg,13.77
5893243102_1.jpg,8.79
5893243102_2.jpg,2.39
5893243210_1.jpg,3.97
5893244591_1.jpg,9.78
5893245368_1.jpg,20.52
5893246393_1.jpg,3.24
5893246393_2.jpg,5.75
5893246393_3.jpg,1.92
5893246393_4.jpg,9.87
5893246630_1.jpg,1.99
5893246630_2.jpg,0.66
5893247482_1.jpg,5.25
5893248091_1.jpg,7.56
5893254484_1.jpg,24.65
5893254484_2.jpg,20.49
5893254524_1.jpg,14.30
5893256080_1.jpg,1.85
5893256667_1.jpg,2.27
5893258491_1.jpg,6.83
5893258491_2.jpg,9.21
5893258865_1.jpg,6.71
5893258865_2.jpg,9.35
5893259041_1.jpg,2.31
5893263523_1.jpg,9.57
5893263837_1.jpg,0.00
5893266453_1.jpg,14.31
5893268157_1.jpg,5.49
5893268463_1.jpg,1.74
5893270263_1.jpg,4.07
5893270271_1.jpg,8.64
5893270636_1.jpg,2.15
5893270961_1.jpg,1.54
5893272373_1.jpg,3.28
5893272373_2.jpg,0.21
5893272373_3.jpg,2.79
5893272747_1.jpg,5.65
5893274451_1.jpg,5.11
5893274685_1.jpg,2.42
5893275876_1.jpg,4.37
5893277884_1.jpg,1.31
5893277884_2.jpg,0.17
5893278999_1.jpg,9.86
5893279763_1.jpg,4.69
5893279763_2.jpg,3.95
5893284604_1.jpg,2.71
5893285743_1.jpg,36.94
5893286035_1.jpg,3.13
5893286907_1.jpg,6.28
5893287316_1.jpg,31.71
5893287389_1.jpg,11.39
5893288711_1.jpg,28.08
5893288875_1.jpg,9.30
5893290095_1.jpg,3.14
5893290095_2.jpg,4.86
5893290712_1.jpg,5.27
5893290844_1.jpg,4.84
5893290844_2.jpg,15.02
5893290844_3.jpg,6.87
5893291166_1.jpg,33.76
5893291166_2.jpg,67.98
5893291166_3.jpg,0.95
5893291710_1.jpg,17.67
5893292591_1.jpg,13.65
5893293205_1.jpg,0.71
5893293205_2.jpg,1.64
5893293205_3.jpg,0.71
5893293348_1.jpg,4.49
5893293348_2.jpg,3.99
5893293348_3.jpg,1.08
5893293348_4.jpg,14.86
5893293559_1.jpg,5.21
5893295502_1.jpg,4.51
5893296915_1.jpg,1.76
5893298079_1.jpg,0.79
5893298133_1.jpg,43.17
5893300253_1.jpg,3.09
5893301072_1.jpg,2.96
5893301072_2.jpg,8.08
5893301462_1.jpg,8.81
5893302808_1.jpg,3.36
5893302808_2.jpg,5.59
5893304289_1.jpg,0.00
5893304289_2.jpg,0.00
5893305286_1.jpg,24.33
5893305286_2.jpg,4.67
5893306592_1.jpg,16.72
5893307132_1.jpg,1.73
5893307264_1.jpg,6.95
5893308541_1.jpg,9.12
5893311014_1.jpg,16.80
5893311967_1.jpg,4.94
5893315802_1.jpg,2.64
5893317378_1.jpg,13.28
5893318163_1.jpg,4.18
5893318267_1.jpg,0.75
5893318267_2.jpg,0.92
5893319790_1.jpg,1.02
5893321336_1.jpg,0.02
5893321336_2.jpg,3.06
5893321336_3.jpg,2.09
5893321750_1.jpg,13.53
5893321750_2.jpg,9.60
5893321750_3.jpg,4.45
5893322010_1.jpg,2.91
5893322035_1.jpg,17.37
5893323256_1.jpg,13.78
5893323923_1.jpg,43.23
5893323923_2.jpg,15.74
5893323923_3.jpg,39.07
5893323923_4.jpg,41.57
5893323923_5.jpg,17.95
5893324003_1.jpg,8.34
5893326592_1.jpg,7.04
5893328905_1.jpg,1.08
5893328998_1.jpg,2.19
5893328998_2.jpg,10.85
5893328998_3.jpg,5.03
5893329016_1.jpg,5.42
5893329016_2.jpg,2.45
5893329016_3.jpg,3.39
5893329029_1.jpg,0.33
5893329313_1.jpg,1.56
5893330634_1.jpg,3.33
5893331454_1.jpg,42.37
5893331468_1.jpg,12.08
5893331485_1.jpg,10.17
5893331888_1.jpg,0.06
5893333805_1.jpg,6.28
5893334821_1.jpg,22.13
5893334821_2.jpg,23.01
5893334821_3.jpg,9.70
5893334821_4.jpg,12.37
5893334821_5.jpg,20.67
5893337348_1.jpg,9.99
5893340247_1.jpg,0.00
5893340513_1.jpg,2.14
5893341345_1.jpg,47.90
5893341553_1.jpg,9.12
5893344138_1.jpg,7.25
5893344138_2.jpg,1.65
5893346018_1.jpg,0.11
5893346716_1.jpg,5.68
5893348510_1.jpg,7.16
5893348715_1.jpg,0.60
5893350194_1.jpg,6.12
5893351985_1.jpg,4.45
5893352702_1.jpg,2.30
5893353995_1.jpg,0.46
5893354982_1.jpg,10.04
5893355819_1.jpg,2.30
5893356606_1.jpg,1.92
5893356920_1.jpg,2.26
5893357646_1.jpg,0.02
5893357646_2.jpg,1.77
5893360209_1.jpg,12.06
5893362414_1.jpg,2.57
5893363860_1.jpg,11.76
5893363860_2.jpg,12.13
5893363888_1.jpg,2.76
5893364610_1.jpg,0.40
5893364610_2.jpg,0.72
5893366024_1.jpg,0.41
5893366024_2.jpg,0.78
5893366693_1.jpg,4.16
5893368777_1.jpg,0.01
5893368777_2.jpg,0.00
5893370474_1.jpg,20.76
5893370474_2.jpg,3.58
5893373234_1.jpg,3.35
5893373234_2.jpg,1.11
5893373999_1.jpg,31.10
5893373999_2.jpg,23.61
5893374210_1.jpg,6.21
5893374249_1.jpg,4.41
5893375717_1.jpg,3.02
5893378125_1.jpg,27.22
5893378244_1.jpg,9.98
5893379143_1.jpg,4.22
5893380318_1.jpg,3.69
5893381103_1.jpg,15.61
5893382508_1.jpg,7.76
5893382555_1.jpg,12.33
5893384285_1.jpg,4.10
5893384423_1.jpg,7.41
5893384515_1.jpg,4.11
5893384515_2.jpg,2.25
5893386638_1.jpg,7.83
5893386784_1.jpg,6.99
5893389756_1.jpg,4.00
5893389756_2.jpg,7.56
5893389756_3.jpg,9.32
5893389756_4.jpg,3.43
5893389756_5.jpg,16.59
5893390227_1.jpg,22.12
5893392312_1.jpg,14.24
5893392990_1.jpg,3.32
5893392990_2.jpg,7.59
5893392990_3.jpg,2.54
5893393727_1.jpg,2.24
5893393727_2.jpg,7.42
5893394707_1.jpg,6.96
5893396281_1.jpg,3.10
5893396281_2.jpg,1.30
5893396281_3.jpg,4.96
5893396731_1.jpg,4.97
5893398459_1.jpg,1.61
5893398518_1.jpg,16.22
5893398518_2.jpg,7.63
5893398907_1.jpg,1.87
5893400908_1.jpg,3.69
5893400908_2.jpg,3.25
5893400908_3.jpg,2.17
5893402838_1.jpg,8.46
5893404426_1.jpg,9.36
5893404426_2.jpg,4.69
5893404426_3.jpg,2.86
5893404426_4.jpg,1.98
5893404426_5.jpg,25.29
5893404474_1.jpg,0.33
5893404474_2.jpg,0.10
5893405745_1.jpg,1.69
5893406253_1.jpg,4.30
5893408050_1.jpg,0.00
5893410974_1.jpg,9.33
5893413968_1.jpg,2.03
5893414125_1.jpg,6.37
5893414125_2.jpg,0.14
5893414338_1.jpg,8.75
5893414486_1.jpg,2.63
5893415142_1.jpg,2.66
5893415264_1.jpg,2.08
5893415941_1.jpg,2.05
5893419980_1.jpg,5.06
5893419980_2.jpg,5.47
5893420946_1.jpg,2.22
5893423217_1.jpg,18.07
5893423241_1.jpg,1.90
5893423736_1.jpg,2.58
5893427208_1.jpg,10.34
5893427595_1.jpg,3.61
5893427597_1.jpg,3.61
5893428738_1.jpg,11.73
5893428821_1.jpg,19.16
5893428821_2.jpg,11.91
5893428821_3.jpg,8.32
5893428821_4.jpg,10.89
5893429910_1.jpg,2.70
5893429974_1.jpg,2.88
5893431679_1.jpg,6.84
5893431679_2.jpg,17.69
5893431679_3.jpg,8.48
5893431679_4.jpg,13.70
5893433251_1.jpg,3.88
5893434392_1.jpg,0.40
5893434874_1.jpg,3.87
5893434874_2.jpg,10.10
5893434874_3.jpg,3.31
5893436315_1.jpg,1.77
5893436315_2.jpg,2.48
5893441795_1.jpg,28.14
5893442645_1.jpg,11.89
5893444381_1.jpg,1.11
5893444381_2.jpg,1.35
5893444381_3.jpg,1.31
5893445424_1.jpg,2.36
5893445424_2.jpg,7.07
5893446252_1.jpg,4.26
5893447510_1.jpg,2.83
5893447514_1.jpg,3.23
5893447825_1.jpg,0.19
5893447825_2.jpg,4.44
5893448646_1.jpg,16.06
5893448646_2.jpg,8.13
5893448646_3.jpg,11.75
5893448646_4.jpg,11.07
5893449827_1.jpg,19.77
5893449827_2.jpg,6.42
5893450135_1.jpg,11.01
5893452905_1.jpg,2.58
5893453043_1.jpg,1.13
5893453232_1.jpg,4.69
5893453869_1.jpg,4.45
5893453869_2.jpg,16.02
5893454484_1.jpg,0.00
5893454621_1.jpg,3.90
5893455089_1.jpg,16.27
5893455089_2.jpg,4.57
5893455089_3.jpg,15.34
5893457062_1.jpg,9.25
5893458193_1.jpg,19.74
5893459283_1.jpg,0.91
5893459283_2.jpg,0.04
5893459283_3.jpg,0.45
5893459283_4.jpg,1.34
5893459757_1.jpg,5.84
5893459757_2.jpg,2.34
5893459757_3.jpg,2.52
5893459868_1.jpg,2.53
5893459895_1.jpg,13.82
5893460601_1.jpg,8.70
5893460673_1.jpg,8.00
5893461533_1.jpg,3.58
5893462218_1.jpg,3.20
5893465799_1.jpg,1.22
5893465799_2.jpg,0.14
5893465799_3.jpg,0.14
5893465799_4.jpg,0.14
5893468904_1.jpg,1.37
5893468904_2.jpg,1.43
5893470392_1.jpg,35.61
5893470392_2.jpg,0.76
5893470392_3.jpg,47.18
5893470801_1.jpg,11.12
5893470801_2.jpg,2.53
5893471898_1.jpg,15.36
5893473123_1.jpg,1.95
5893475352_1.jpg,0.10
5893477028_1.jpg,3.76
5893477510_1.jpg,14.37
5893479405_1.jpg,7.10
5893479859_1.jpg,2.24
5893481265_1.jpg,4.23
5893485008_1.jpg,2.37
5893485600_1.jpg,9.77
5893485600_2.jpg,10.39
5893486030_1.jpg,3.92
5893486259_1.jpg,5.47
5893486393_1.jpg,1.31
5893486393_2.jpg,1.80
5893486635_1.jpg,16.45
5893486822_1.jpg,3.92
5893486822_2.jpg,5.18
5893488093_1.jpg,0.44
5893488093_2.jpg,0.54
5893488093_3.jpg,0.30
5893488337_1.jpg,16.53
5893488337_2.jpg,7.10
5893488337_3.jpg,15.05
5893489797_1.jpg,6.14
5893491644_1.jpg,12.25
5893491644_2.jpg,8.95
5893491644_3.jpg,11.51
5893491644_4.jpg,5.85
5893491644_5.jpg,5.26
5893491914_1.jpg,1.70
5893493100_1.jpg,31.62
5893493100_2.jpg,32.41
5893493100_3.jpg,0.54
5893493893_1.jpg,5.56
5893494497_1.jpg,2.27
5893497298_1.jpg,1.05
5893497298_2.jpg,37.60
5893497298_3.jpg,7.95
5893497298_4.jpg,0.21
5893500428_1.jpg,0.22
5893500428_2.jpg,1.26
5893500428_3.jpg,1.75
5893500542_1.jpg,16.32
5893501779_1.jpg,23.83
5893501779_2.jpg,15.34
5893501779_3.jpg,11.54
5893501779_4.jpg,25.36
5893501779_5.jpg,10.17
5893502192_1.jpg,31.56
5893504306_1.jpg,3.40
5893505379_1.jpg,10.53
5893505535_1.jpg,12.68
5893506211_1.jpg,13.20
5893506211_2.jpg,4.42
5893506211_3.jpg,4.47
5893506894_1.jpg,5.14
5893506894_2.jpg,0.74
5893506894_3.jpg,5.00
5893507698_1.jpg,12.98
5893507698_2.jpg,5.07
5893507698_3.jpg,21.39
5893507715_1.jpg,4.06
5893508719_1.jpg,7.77
5893508719_2.jpg,2.50
5893509731_1.jpg,8.29
5893509923_1.jpg,12.11
5893509923_2.jpg,7.21
5893510518_1.jpg,10.99
5893510536_1.jpg,0.96
5893510536_2.jpg,0.93
5893510536_3.jpg,1.37
5893510536_4.jpg,4.32
5893510536_5.jpg,1.11
5893511349_1.jpg,6.12
5893511349_2.jpg,8.80
5893511349_3.jpg,4.92
5893514085_1.jpg,0.69
5893514085_2.jpg,0.95
5893514085_3.jpg,1.04
5893515748_1.jpg,1.36
5893515748_2.jpg,3.14
5893516302_1.jpg,15.52
5893520637_1.jpg,9.53
5893521113_1.jpg,4.57
5893521113_2.jpg,7.15
5893521124_1.jpg,1.82
5893530113_1.jpg,3.24
5893531326_1.jpg,3.78
5893531874_1.jpg,4.14
5893531874_2.jpg,4.15
5893531947_1.jpg,1.71
5893534306_1.jpg,0.66
5893534306_2.jpg,0.47
5893537576_1.jpg,3.99
5893537814_1.jpg,36.22
5893537814_2.jpg,16.38
5893544831_1.jpg,9.56
5893544877_1.jpg,0.75
5893550103_1.jpg,3.18
5893550103_2.jpg,2.48
5893551213_1.jpg,4.87
5893556186_1.jpg,1.20
5893556870_1.jpg,13.93
5893559308_1.jpg,0.01
5893559380_1.jpg,0.00
5893560483_1.jpg,18.36
5893563198_1.jpg,26.65
5893564342_1.jpg,10.19
5893564727_1.jpg,1.99
5893568444_1.jpg,1.18
5893569443_1.jpg,2.86
5893569443_2.jpg,9.36
5893569443_3.jpg,25.29
5893569443_4.jpg,3.12
5893569443_5.jpg,4.69
5893570535_1.jpg,1.09
5893570535_2.jpg,0.56
5893571659_1.jpg,15.17
5893580280_1.jpg,8.46
5893580280_2.jpg,47.01
5893586093_1.jpg,1.63
5893586215_1.jpg,1.00
5893586215_2.jpg,0.29
5893586215_3.jpg,0.74
5893586215_4.jpg,0.92
5893586504_1.jpg,4.87
5893587930_1.jpg,0.29
5893587988_1.jpg,1.91
5893598248_1.jpg,10.40
5893598353_1.jpg,2.79
5893600272_1.jpg,43.97
5893601724_1.jpg,4.26
5893601774_1.jpg,13.72
5893601774_2.jpg,3.37
5893601774_3.jpg,6.98
5893604760_1.jpg,13.06
5893605851_1.jpg,2.26
5893606181_1.jpg,15.98
5893607583_1.jpg,4.61
5893607925_1.jpg,3.02
5893608473_1.jpg,0.21
5893608722_1.jpg,2.77
5893610332_1.jpg,0.45
5893610332_2.jpg,0.49
5893622844_1.jpg,44.70
5893623352_1.jpg,3.25
5893623522_1.jpg,5.49
5893625415_1.jpg,19.15
5893626145_1.jpg,11.67
5893627290_1.jpg,0.69
5893627290_2.jpg,0.86
5893634006_1.jpg,0.78
5893634746_1.jpg,7.61
5893634746_2.jpg,8.63
5893636176_1.jpg,2.12
5893636293_1.jpg,4.66
5893636875_1.jpg,2.18
5893636875_2.jpg,1.41
5893636875_3.jpg,2.46
5893637771_1.jpg,3.21
5893638643_1.jpg,2.84
5893638999_1.jpg,15.04
5893640107_1.jpg,4.49
5893641023_1.jpg,1.41
5893641023_2.jpg,4.18
5893642644_1.jpg,10.46
5893644166_1.jpg,3.33
5893644166_2.jpg,4.45
5893644688_1.jpg,1.32
5893647729_1.jpg,1.95
5893647817_1.jpg,14.17
5893647817_2.jpg,0.55
5893648833_1.jpg,3.72
5893648833_2.jpg,10.21
5893648833_3.jpg,5.07
5893651000_1.jpg,0.98
5893653991_1.jpg,11.59
5893655559_1.jpg,4.54
5893655559_2.jpg,10.37
5893655559_3.jpg,10.18
5893655559_4.jpg,0.03
5893655559_5.jpg,8.86
5893655691_1.jpg,0.00
5893655691_2.jpg,0.42
5893655691_3.jpg,1.35
5893661685_1.jpg,20.65
5893661685_2.jpg,3.64
5893662144_1.jpg,1.07
5893662185_1.jpg,7.19
5893664499_1.jpg,1.68
5893665743_1.jpg,2.69
5893665743_2.jpg,2.79
5893669802_1.jpg,1.37
5893669802_2.jpg,0.46
5893671945_1.jpg,11.99
5893673022_1.jpg,2.07
5893675550_1.jpg,8.80
5893675550_2.jpg,15.97
5893675550_3.jpg,8.80
5893675550_4.jpg,15.54
5893675550_5.jpg,5.88
5893675550_6.jpg,13.83
5893675550_7.jpg,15.97
5893675550_8.jpg,15.54
5893675550_9.jpg,13.83
5893676050_1.jpg,0.39
5893677320_1.jpg,4.76
5893678275_1.jpg,1.45
5893680277_1.jpg,4.12
5893680476_1.jpg,2.49
5893686398_1.jpg,19.66
5893687979_1.jpg,11.83
5893689701_1.jpg,0.60
5893689744_1.jpg,8.51
5893690748_1.jpg,4.74
5893696165_1.jpg,5.42
5893696481_1.jpg,10.25
5893697979_1.jpg,0.52
5893697979_2.jpg,38.21
5893697979_3.jpg,49.53
5893697979_4.jpg,40.20
5893697979_5.jpg,21.20
5893698481_1.jpg,3.77
5893700501_1.jpg,0.00
5893702800_1.jpg,4.17
5893702963_1.jpg,10.25
5893703945_1.jpg,16.14
5893705278_1.jpg,5.58
5893705278_2.jpg,2.51
5893707523_1.jpg,17.34
5893707523_2.jpg,5.25
5893707523_3.jpg,2.88
5893707783_1.jpg,5.47
5893708189_1.jpg,0.50
5893711505_1.jpg,2.04
5893713847_1.jpg,5.42
5893715080_1.jpg,2.85
5893715080_2.jpg,2.88
5893716523_1.jpg,27.67
5893719036_1.jpg,2.59
5893720846_1.jpg,0.66
5893723847_1.jpg,13.76
5893723847_2.jpg,18.93
5893725261_1.jpg,1.06
5893727585_1.jpg,3.15
5893728160_1.jpg,6.21
5893728393_1.jpg,3.12
5893728593_1.jpg,5.72
5893729190_1.jpg,6.65
5893729190_2.jpg,3.87
5893729531_1.jpg,13.08
5893730039_1.jpg,5.55
5893732209_1.jpg,4.93
5893732209_2.jpg,16.29
5893732209_3.jpg,60.19
5893732237_1.jpg,2.78
5893732961_1.jpg,2.48
5893733029_1.jpg,8.62
5893733029_2.jpg,6.30
5893733029_3.jpg,20.37
5893734233_1.jpg,24.29
5893737181_1.jpg,32.81
5893737752_1.jpg,0.11
5893738450_1.jpg,1.23
5893738698_1.jpg,0.71
5893738755_1.jpg,1.08
5893738755_2.jpg,0.60
5893740817_1.jpg,7.07
5893740817_2.jpg,3.45
5893743464_1.jpg,0.87
5893744873_1.jpg,13.34
5893745667_1.jpg,4.30
5893746101_1.jpg,2.89
5893746237_1.jpg,6.26
5893746442_1.jpg,4.55
5893747038_1.jpg,1.87
5893750331_1.jpg,4.62
5893750332_1.jpg,18.81
5893750507_1.jpg,2.53
5893750507_2.jpg,0.82
5893751029_1.jpg,0.53
5893751544_1.jpg,2.79
5893751695_1.jpg,4.41
5893752192_1.jpg,1.45
5893753474_1.jpg,3.20
5893753474_2.jpg,1.18
5893754174_1.jpg,16.68
5893755044_1.jpg,0.51
5893756178_1.jpg,1.90
5893758185_1.jpg,15.90
5893759732_1.jpg,3.29
5893759732_2.jpg,3.29
5893759732_3.jpg,2.26
5893759732_4.jpg,2.26
5893761071_1.jpg,22.71
5893763049_1.jpg,1.72
5893763395_1.jpg,3.52
5893764640_1.jpg,2.18
5893764640_2.jpg,0.67
5893765349_1.jpg,6.77
5893765349_2.jpg,22.30
5893768586_1.jpg,0.52
5893769221_1.jpg,6.15
5893769221_2.jpg,32.74
5893769221_3.jpg,3.59
5893769221_4.jpg,6.92
5893770747_1.jpg,3.17
5893771272_1.jpg,13.86
5893771515_1.jpg,0.39
5893771651_1.jpg,7.69
5893772810_1.jpg,3.47
5893772810_2.jpg,1.03
5893773116_1.jpg,1.79
5893773666_1.jpg,8.81
5893775711_1.jpg,2.47
5893776637_1.jpg,8.31
5893776946_1.jpg,2.97
5893777265_1.jpg,0.70
5893777673_1.jpg,16.40
5893777959_1.jpg,10.67
5893779410_1.jpg,4.14
5893779895_1.jpg,1.51
5893780097_1.jpg,11.72
5893782464_1.jpg,1.38
5893782479_1.jpg,8.83
5893782685_1.jpg,6.70
5893783654_1.jpg,5.46
5893783747_1.jpg,15.61
5893783816_1.jpg,5.26
5893784374_1.jpg,0.00
5893784659_1.jpg,12.10
5893785422_1.jpg,2.28
5893787111_1.jpg,0.91
5893790178_1.jpg,1.01
5893791171_1.jpg,12.30
5893791922_1.jpg,1.00
5893794979_1.jpg,0.35
5893795177_1.jpg,1.29
5893795441_1.jpg,0.26
5893795441_2.jpg,0.09
5893795441_3.jpg,0.34
5893795460_1.jpg,25.74
5893795991_1.jpg,55.64
5893797711_1.jpg,38.58
5893797711_2.jpg,11.21
5893797711_3.jpg,5.77
5893800434_1.jpg,16.74
5893800946_1.jpg,12.84
5893800946_2.jpg,3.50
5893801764_1.jpg,0.32
5893802069_1.jpg,5.75
5893802687_1.jpg,0.94
5893802790_1.jpg,33.99
5893803990_1.jpg,5.64
5893804806_1.jpg,4.89
5893804806_2.jpg,4.65
5893804806_3.jpg,0.57
5893807246_1.jpg,3.67
5893807246_2.jpg,4.08
5893808096_1.jpg,22.52
5893809810_1.jpg,2.98
5893815895_1.jpg,33.27
5893818706_1.jpg,3.22
5893818706_2.jpg,5.83
5893818706_3.jpg,1.39
5893818706_4.jpg,1.27
5893818734_1.jpg,26.99
5893819124_1.jpg,4.49
5893822917_1.jpg,1.13
5893824183_1.jpg,12.06
5893824183_2.jpg,3.54
5893824238_1.jpg,3.80
5893824238_2.jpg,3.57
5893824238_3.jpg,4.55
5893824238_4.jpg,0.84
5893825221_1.jpg,3.38
5893825385_1.jpg,21.49
5893826944_1.jpg,4.00
5893827303_1.jpg,24.23
5893827303_2.jpg,30.43
5893829114_1.jpg,3.91
5893834816_1.jpg,1.99
5893835657_1.jpg,51.45
5893835657_2.jpg,6.77
5893841887_1.jpg,4.74
5893841887_2.jpg,20.99
5893841887_3.jpg,12.86
5893841887_4.jpg,11.78
5893842070_1.jpg,6.88
5893842318_1.jpg,9.83
5893846045_1.jpg,2.97
5893846213_1.jpg,4.27
5893847900_1.jpg,3.19
5893847900_2.jpg,4.99
5893847900_3.jpg,3.19
5893847900_4.jpg,10.10
5893848369_1.jpg,1.82
5893848947_1.jpg,2.14
5893849243_1.jpg,8.56
5893850447_1.jpg,2.68
5893850447_2.jpg,2.25
5893851425_1.jpg,1.34
5893852080_1.jpg,2.89
5893852211_1.jpg,22.32
5893852599_1.jpg,4.68
5893856421_1.jpg,1.19
5893856896_1.jpg,42.67
5893856896_2.jpg,4.48
5893856896_3.jpg,37.16
5893857878_1.jpg,5.66
5893861626_1.jpg,18.25
5893862551_1.jpg,18.12
5893862657_1.jpg,4.09
5893862657_2.jpg,10.24
5893862657_3.jpg,12.79
5893868499_1.jpg,12.23
5893871418_1.jpg,4.84
5893871418_2.jpg,15.34
5893873337_1.jpg,3.30
5893874457_1.jpg,4.56
5893874457_2.jpg,5.81
5893876348_1.jpg,8.29
5893883990_1.jpg,2.88
5893884030_1.jpg,1.06
5893884135_1.jpg,0.06
5893885039_1.jpg,2.19
5893885039_2.jpg,2.25
5893887029_1.jpg,8.58
5893887029_2.jpg,2.27
5893888569_1.jpg,1.55
5893888569_2.jpg,7.52
5893891566_1.jpg,8.36
5893892952_1.jpg,1.34
5893894908_1.jpg,3.04
5893898478_1.jpg,2.07
5893898478_2.jpg,4.70
5893898878_1.jpg,3.14
5893898878_2.jpg,1.23
5893898980_1.jpg,9.53
5893899758_1.jpg,2.71
5893900371_1.jpg,4.02
5893900955_1.jpg,5.08
5893901219_1.jpg,11.08
5893901219_2.jpg,12.16
5893901219_3.jpg,10.40
5893902430_1.jpg,6.76
5893918996_1.jpg,0.92
5893920596_1.jpg,9.93
5893920980_1.jpg,2.91
5893920980_2.jpg,22.58
5893920980_3.jpg,10.88
5893920980_4.jpg,2.64
5893920980_5.jpg,3.03
5893921550_1.jpg,49.40
5893924072_1.jpg,4.10
5893924072_2.jpg,4.14
5893924115_1.jpg,0.04
5893924540_1.jpg,7.46
5893924552_1.jpg,0.81
5893925391_1.jpg,3.12
5893927692_1.jpg,9.77
5893928647_1.jpg,4.74
5893929719_1.jpg,3.65
5893929719_2.jpg,4.85
5893930274_1.jpg,8.80
5893930337_1.jpg,3.21
5893930948_1.jpg,16.93
5893931025_1.jpg,2.37
5893933196_1.jpg,12.27
5893933301_1.jpg,2.85
5893936054_1.jpg,0.90
5893938648_1.jpg,5.07
5893938648_2.jpg,11.14
5893943667_1.jpg,0.13
5893944050_1.jpg,17.47
5893944050_2.jpg,24.19
5893946797_1.jpg,2.33
5893947644_1.jpg,14.54
5893948229_1.jpg,5.85
5893950586_1.jpg,30.73
5893950586_2.jpg,16.72
5893951725_1.jpg,0.66
5893952351_1.jpg,1.35
5893954360_1.jpg,2.27
5893954360_2.jpg,3.84
5893954360_3.jpg,2.88
5893954793_1.jpg,15.59
5893956895_1.jpg,6.40
5893957225_1.jpg,2.46
5893957225_2.jpg,2.05
5893957225_3.jpg,2.19
5893957280_1.jpg,1.78
5893959220_1.jpg,3.77
5893960375_1.jpg,0.40
5893960826_1.jpg,3.23
5893960826_2.jpg,15.70
5893964057_1.jpg,6.68
5893964057_2.jpg,3.11
5893965004_1.jpg,1.46
5893965004_2.jpg,3.70
5893966662_1.jpg,0.98
5893966662_2.jpg,8.05
5893966709_1.jpg,3.77
5893971524_1.jpg,3.00
5893971524_2.jpg,4.38
5893971524_3.jpg,2.27
5893971524_4.jpg,1.99
5893971524_5.jpg,2.02
5893972594_1.jpg,13.23
5893972594_2.jpg,23.37
5893975957_1.jpg,9.32
5893977044_1.jpg,2.56
5893977044_2.jpg,8.62
5893977044_3.jpg,6.23
5893977444_1.jpg,1.14
5893979444_1.jpg,1.55
5893980076_1.jpg,1.53
5893980602_1.jpg,2.84
5893980705_1.jpg,2.79
5893981276_1.jpg,8.91
5893982972_1.jpg,10.11
5893983824_1.jpg,4.27
5893984396_1.jpg,7.76
5893985087_1.jpg,1.70
5893985655_1.jpg,3.22
5893986429_1.jpg,10.80
5893986899_1.jpg,6.46
5893988424_1.jpg,3.79
5893990601_1.jpg,4.00
5893990601_2.jpg,0.44
5893991007_1.jpg,0.00
5893991007_2.jpg,0.30
5893991363_1.jpg,4.88
5893991587_1.jpg,10.60
5893991839_1.jpg,1.26
5893991858_1.jpg,8.57
5893994749_1.jpg,1.39
5893995402_1.jpg,10.32
5893998072_1.jpg,1.71
5893998307_1.jpg,1.74
5893999353_1.jpg,10.25
5893999384_1.jpg,7.60
5893999384_2.jpg,23.57
5894000349_1.jpg,0.30
5894002468_1.jpg,7.45
5894007090_1.jpg,3.96
5894007090_2.jpg,3.20
5894007090_3.jpg,0.66
5894011352_1.jpg,1.28
5894012241_1.jpg,3.22
5894012895_1.jpg,22.95
5894013502_1.jpg,6.69
5894013502_2.jpg,3.23
5894013502_3.jpg,16.89
5894013502_4.jpg,1.23
5894013713_1.jpg,3.25
5894013713_2.jpg,1.21
5894014940_1.jpg,2.55
5894014940_2.jpg,2.41
5894014940_3.jpg,2.50
5894014940_4.jpg,2.98
5894017300_1.jpg,3.25
5894018796_1.jpg,7.61
5894019002_1.jpg,0.19
5894019428_1.jpg,5.89
5894020849_1.jpg,0.18
5894020849_2.jpg,22.15
5894020849_3.jpg,20.68
5894021430_1.jpg,5.21
5894021430_2.jpg,27.04
5894021430_3.jpg,33.64
5894021430_4.jpg,23.29
5894021899_1.jpg,21.02
5894022878_1.jpg,21.66
5894023772_1.jpg,3.92
5894025100_1.jpg,3.99
5894026690_1.jpg,5.43
5894026690_2.jpg,2.44
5894026766_1.jpg,1.84
5894026766_2.jpg,1.87
5894026766_3.jpg,0.87
5894028293_1.jpg,7.09
5894028293_2.jpg,4.74
5894030905_1.jpg,3.09
5894030905_2.jpg,0.66
5894030905_3.jpg,0.00
5894031059_1.jpg,4.20
5894031059_2.jpg,0.64
5894031059_3.jpg,1.41
5894031241_1.jpg,4.38
5894031489_1.jpg,37.73
5894031489_2.jpg,6.83
5894031489_3.jpg,9.71
5894031489_4.jpg,75.50
5894034318_1.jpg,14.16
5894038155_1.jpg,3.18
5894038230_1.jpg,1.87
5894038631_1.jpg,21.53
5894041065_1.jpg,1.41
5894041340_1.jpg,6.07
5894041340_2.jpg,7.71
5894041340_3.jpg,7.89
5894047320_1.jpg,5.58
5894048299_1.jpg,7.32
5894048504_1.jpg,21.66
5894049704_1.jpg,6.27
5894049704_2.jpg,6.07
5894049704_3.jpg,2.25
5894049734_1.jpg,0.25
5894049734_2.jpg,0.64
5894049734_3.jpg,0.71
5894050451_1.jpg,2.06
5894050451_2.jpg,11.56
5894050451_3.jpg,7.79
5894050451_4.jpg,3.54
5894050563_1.jpg,23.59
5894050563_2.jpg,14.70
5894055639_1.jpg,0.87
5894056060_1.jpg,0.35
5894056169_1.jpg,8.60
5894056169_2.jpg,1.96
5894056169_3.jpg,9.14
5894056169_4.jpg,17.89
5894061588_1.jpg,2.76
5894061588_2.jpg,1.86
5894062793_1.jpg,13.81
5894063125_1.jpg,0.86
5894066413_1.jpg,2.43
5894068384_1.jpg,7.69
5894068384_2.jpg,6.04
5894068504_1.jpg,3.93
5894068504_2.jpg,2.88
5894068504_3.jpg,0.80
5894068504_4.jpg,4.09
5894068504_5.jpg,1.13
5894070476_1.jpg,11.06
5894070481_1.jpg,1.54
5894070789_1.jpg,4.02
5894071994_1.jpg,24.19
5894076370_1.jpg,8.05
5894077736_1.jpg,8.61
5894078042_1.jpg,2.99
5894080340_1.jpg,31.13
5894080340_2.jpg,11.18
5894080340_3.jpg,3.89
5894080340_4.jpg,13.16
5894080340_5.jpg,1.49
5894082848_1.jpg,8.12
5894082848_2.jpg,16.62
5894087446_1.jpg,5.43
5894087446_2.jpg,4.56
5894087730_1.jpg,1.87
5894088761_1.jpg,10.45
5894088761_2.jpg,9.28
5896996507_1.jpg,44.89
5896996507_2.jpg,26.09
5897118692_1.jpg,18.59
5897118692_2.jpg,15.73
5897127549_1.jpg,3.57
5897179841_1.jpg,7.90
5897213821_1.jpg,42.01
5897246054_1.jpg,21.04
5897273174_1.jpg,13.39
5897388139_1.jpg,3.12
5897388139_2.jpg,3.43
5897388139_3.jpg,3.13
5897388139_4.jpg,4.14
5897388139_5.jpg,3.49
5897396919_1.jpg,2.11
5897500909_1.jpg,0.62
5897604459_1.jpg,2.59
5897604459_2.jpg,2.43
5897604459_3.jpg,1.75
5897647989_1.jpg,2.92
5900554692_1.jpg,2.72
5900554692_2.jpg,10.03
5900554692_3.jpg,10.86
5900554810_1.jpg,12.36
5900554810_2.jpg,9.01
5900554810_3.jpg,8.43
5901355820_1.jpg,5.46
5902629866_1.jpg,19.70
5902629866_2.jpg,29.40
5902629866_3.jpg,2.11
5902629866_4.jpg,15.24
5902690518_1.jpg,11.41
5903182628_1.jpg,8.51
5903772351_1.jpg,8.37
5903914666_1.jpg,10.23
5904034785_1.jpg,1.07
5904034785_2.jpg,1.32
5904034785_3.jpg,1.54
5904051389_1.jpg,0.56
5904051389_2.jpg,0.31
5908648102_1.jpg,1.59
5908648102_2.jpg,1.52
5908648102_3.jpg,1.56
5908648102_4.jpg,3.46
5908753751_1.jpg,1.06
5908773213_1.jpg,10.39
5908773213_2.jpg,1.63
5908967028_1.jpg,9.77
5909067808_1.jpg,37.50
5909135767_1.jpg,1.24
5909135767_2.jpg,1.29
5909252637_1.jpg,8.19
5909252637_2.jpg,9.00
5909252637_3.jpg,7.13
5909317891_1.jpg,7.56
5909406612_1.jpg,5.55
5918110027_1.jpg,86.28
5918115293_1.jpg,4.84
5918297074_1.jpg,8.25
5918297074_2.jpg,0.02
5918301045_1.jpg,4.00
5918301059_1.jpg,7.01
5918310188_1.jpg,3.47
5918310315_1.jpg,2.17
5918312300_1.jpg,5.73
5918312300_2.jpg,3.35
5918329421_1.jpg,2.16
5918329776_1.jpg,11.33
5918332662_1.jpg,6.59
5918341927_1.jpg,4.66
5918343708_1.jpg,4.03
5918344900_1.jpg,37.65
5918345802_1.jpg,5.43
5918347155_1.jpg,2.81
5918350720_1.jpg,2.40
5918353577_1.jpg,1.33
5918353577_2.jpg,1.43
5918356830_1.jpg,5.20
5918368940_1.jpg,15.50
5918368940_2.jpg,8.36
5918368940_3.jpg,7.22
5918380059_1.jpg,3.44
5918381992_1.jpg,7.73
5918383934_1.jpg,2.00
5918391441_1.jpg,19.37
5918398433_1.jpg,3.87
5918404217_1.jpg,17.44
5918405609_1.jpg,2.95
5918413303_1.jpg,5.02
5918413875_1.jpg,6.71
5918417838_1.jpg,10.75
5918424638_1.jpg,11.65
5918427905_1.jpg,16.68
5918427905_2.jpg,41.01
5918432760_1.jpg,4.25
5918433703_1.jpg,18.86
5918458100_1.jpg,3.66
5918476404_1.jpg,12.98
5918483930_1.jpg,2.70
5918483930_2.jpg,0.09
5918495053_1.jpg,27.34
5918497341_1.jpg,4.58
5918499809_1.jpg,6.15
5918504931_1.jpg,5.03
5918506349_1.jpg,9.15
5918509810_1.jpg,3.03
5918513429_1.jpg,4.07
5918513429_2.jpg,4.99
5918513429_3.jpg,2.83
5918515059_1.jpg,6.08
5918530287_1.jpg,9.77
5918538113_1.jpg,12.32
5918540309_1.jpg,27.76
5918542243_1.jpg,20.00
5918544133_1.jpg,15.13
5918544254_1.jpg,0.62
5918546606_1.jpg,3.48
5918558339_1.jpg,18.97
5918561973_1.jpg,5.33
5918566982_1.jpg,2.03
5918567421_1.jpg,3.04
5918570171_1.jpg,5.19
5918576494_1.jpg,25.38
5918576494_2.jpg,7.39
5918576520_1.jpg,3.64
5918582413_1.jpg,5.38
5918585781_1.jpg,35.84
5918589017_1.jpg,5.11
5918604605_1.jpg,2.50
5918612209_1.jpg,28.52
5918629075_1.jpg,5.62
5918631952_1.jpg,4.44
5918635654_1.jpg,1.14
5918636504_1.jpg,8.67
5918649356_1.jpg,4.99
5918659646_1.jpg,3.72
5918659646_2.jpg,3.53
5918659646_3.jpg,9.99
5918664395_1.jpg,4.11
5918665555_1.jpg,29.28
5918679447_1.jpg,28.31
5918679447_2.jpg,48.96
5918699702_1.jpg,4.25
5920225790_1.jpg,3.25
5920301014_1.jpg,0.40
5920304929_1.jpg,3.52
5920304929_2.jpg,1.05
5920440504_1.jpg,18.17
5920440504_2.jpg,7.84
5932351476_1.jpg,5.08
5932432002_1.jpg,7.43
5932632590_1.jpg,6.57
5932632590_2.jpg,8.00
5932814392_1.jpg,8.77
5935190650_1.jpg,7.55
5935190650_2.jpg,6.39
5935190650_3.jpg,3.93
5935229500_1.jpg,3.88
5935264153_1.jpg,5.64
5935264153_2.jpg,8.88
5935264153_3.jpg,13.39
5935299670_1.jpg,11.15
5935422265_1.jpg,4.53
5935555840_1.jpg,17.46
5935555840_2.jpg,7.26
5935555840_3.jpg,5.47
5935555840_4.jpg,7.34
5935555840_5.jpg,1.42
5935555840_6.jpg,1.33
5935661363_1.jpg,2.28
5935669501_1.jpg,13.25
5935669501_2.jpg,9.27
5935669501_3.jpg,2.92
5935692676_1.jpg,18.80
5935695045_1.jpg,23.64
5935700258_1.jpg,2.15
5935954987_1.jpg,46.72
5935964310_1.jpg,31.73
5935964310_2.jpg,25.03
5935964310_3.jpg,19.06
5936002902_1.jpg,1.60
5936118742_1.jpg,11.14
5936138086_1.jpg,2.26
5936138086_2.jpg,1.22
5936138086_3.jpg,0.93
5938125940_1.jpg,1.06
5938125940_2.jpg,0.85
5938129438_1.jpg,2.93
5938129987_1.jpg,2.35
5938129987_2.jpg,0.67
5938129987_3.jpg,0.31
5938129987_4.jpg,0.44
5938641156_1.jpg,15.83
5938641200_1.jpg,3.19
5938715603_1.jpg,1.35
6129682451_1.jpg,10.62
6129682451_2.jpg,15.38
6129682451_3.jpg,2.72
6129892345_1.jpg,4.39
6129972308_1.jpg,1.90
6129972308_2.jpg,2.06
6129972308_3.jpg,1.11
6129972308_4.jpg,0.79
6129975906_1.jpg,5.01
6130015403_1.jpg,2.06
6130039333_1.jpg,3.49
6130048037_1.jpg,4.45
6130055066_1.jpg,0.52
6130055066_2.jpg,0.15
6130138961_1.jpg,6.59
6130138961_2.jpg,1.21
6130220581_1.jpg,3.01
6130314963_1.jpg,9.63
6130575605_1.jpg,13.88
6130686522_1.jpg,2.67
6130719976_1.jpg,6.26
6130792637_1.jpg,4.05
6130993829_1.jpg,27.83
6131002773_1.jpg,4.31
6131155111_1.jpg,47.63
6131185461_1.jpg,0.91
6131249238_1.jpg,4.75
6131276157_1.jpg,2.05
6131311119_1.jpg,17.22
6131311119_2.jpg,21.01
6131311119_3.jpg,19.29
6131311119_4.jpg,17.30
6131476471_1.jpg,0.74
6131476471_2.jpg,3.62
6131528450_1.jpg,31.28
6131532593_1.jpg,2.45
6131680038_1.jpg,3.36
6133025053_1.jpg,2.47
6133117594_1.jpg,3.20
6133117594_2.jpg,7.72
6133185597_1.jpg,11.10
6133326791_1.jpg,1.60
6133326791_2.jpg,2.36
6133326791_3.jpg,0.67
6133329464_1.jpg,22.72
6133329464_2.jpg,21.21
6133453085_1.jpg,7.21
6133453085_2.jpg,4.26
6133453085_3.jpg,5.55
6133453085_4.jpg,3.81
6133605709_1.jpg,9.62
6133862751_1.jpg,14.65
6133862964_1.jpg,28.26
6147211118_1.jpg,17.30
6147466947_1.jpg,8.72
6147466947_2.jpg,11.28
6147469079_1.jpg,9.16
6147532675_1.jpg,61.28
6147532675_2.jpg,19.63
6147654085_1.jpg,19.08
6147654085_2.jpg,19.39
6147654085_3.jpg,7.26
6147654085_4.jpg,9.47
6147654085_5.jpg,5.89
6147654085_6.jpg,20.05
6147697753_1.jpg,1.44
6147697753_2.jpg,1.74
6148215460_1.jpg,5.23
6148228370_1.jpg,6.20
6148228370_2.jpg,4.52
6148228370_3.jpg,2.03
6148228370_4.jpg,3.80
6148251398_1.jpg,3.81
6148251398_2.jpg,8.25
6148254845_1.jpg,10.91
6148276785_1.jpg,21.77
6148278306_1.jpg,12.58
6148278306_2.jpg,3.00
6148278306_3.jpg,14.19
6148280606_1.jpg,14.33
6148280606_2.jpg,3.61
6148292976_1.jpg,27.67
6148292976_2.jpg,14.58
6148300674_1.jpg,7.97
6148300674_2.jpg,7.68
6148339511_1.jpg,16.45
6148339511_2.jpg,12.30
6148339511_3.jpg,26.86
6148376864_1.jpg,6.77
6148378323_1.jpg,1.47
6148381286_1.jpg,23.67
6148386358_1.jpg,9.62
6148406330_1.jpg,27.96
6148418395_1.jpg,2.92
6148418395_2.jpg,3.62
6150171516_1.jpg,25.12
6150172776_1.jpg,2.36
6150348819_1.jpg,4.01
6150348819_2.jpg,9.14
6150348819_3.jpg,13.87
6150460625_1.jpg,7.78
6150558571_1.jpg,4.91
6150558571_2.jpg,13.85
6150640480_1.jpg,2.12
6150640480_2.jpg,1.63
6150640480_3.jpg,0.82
6150819443_1.jpg,24.99
6151848311_1.jpg,1.91
6152065640_1.jpg,2.82
6152163242_1.jpg,9.51
6152239822_1.jpg,2.85
6159229478_1.jpg,9.96
6159262139_1.jpg,4.94
6159262139_2.jpg,1.24
6159395197_1.jpg,11.15
6159441791_1.jpg,2.13
6159488180_1.jpg,2.07
6159697253_1.jpg,18.16
6160388168_1.jpg,36.49
6160388813_1.jpg,5.50
6161206938_1.jpg,4.72
6161226763_1.jpg,5.12
6161230750_1.jpg,13.55
6161230750_2.jpg,5.18
6162006183_1.jpg,1.53
6162006724_1.jpg,2.80
6162006724_2.jpg,0.37
6162006724_3.jpg,1.95
6162007007_1.jpg,0.63
6162007007_2.jpg,0.00
6162007007_3.jpg,0.00
6162007402_1.jpg,3.17
6162007658_1.jpg,0.28
6162007658_2.jpg,2.80
6162007794_1.jpg,2.03
6162007794_2.jpg,6.15
6162007794_3.jpg,0.59
6162008154_1.jpg,0.76
6162008154_2.jpg,0.80
6162008835_1.jpg,2.78
6162009289_1.jpg,4.31
6162009630_1.jpg,1.12
6162009630_2.jpg,1.24
6162009844_1.jpg,0.65
6162010049_1.jpg,1.82
6162010049_2.jpg,0.38
6162010142_1.jpg,1.39
6162010142_2.jpg,0.51
6162010142_3.jpg,0.72
6162010142_4.jpg,6.96
6162010142_5.jpg,1.65
6162913251_1.jpg,4.09
6163062781_1.jpg,1.73
6163062781_2.jpg,3.84
6163062781_3.jpg,8.68
6163152197_1.jpg,1.81
6163227366_1.jpg,5.24
6163227366_10.jpg,8.26
6163227366_11.jpg,13.52
6163227366_12.jpg,13.54
6163227366_13.jpg,16.40
6163227366_14.jpg,22.70
6163227366_15.jpg,22.78
6163227366_16.jpg,15.46
6163227366_17.jpg,17.27
6163227366_2.jpg,10.15
6163227366_3.jpg,11.13
6163227366_4.jpg,10.32
6163227366_5.jpg,9.83
6163227366_6.jpg,16.46
6163227366_7.jpg,11.34
6163227366_8.jpg,11.89
6163227366_9.jpg,14.54
6163402595_1.jpg,2.30
6165187252_1.jpg,4.39
6165187252_2.jpg,7.25
6165187474_1.jpg,1.24
6165187857_1.jpg,0.77
6165187857_2.jpg,2.42
6165187857_3.jpg,5.90
6165202502_1.jpg,34.50
6165215402_1.jpg,3.83
6165215402_2.jpg,11.94
6165218666_1.jpg,23.05
6168913403_1.jpg,4.64
6168913839_1.jpg,1.17
6168914152_1.jpg,1.62
6168914152_2.jpg,2.53
6168914152_3.jpg,4.62
6168914262_1.jpg,3.84
6168914262_2.jpg,1.59
6168914787_1.jpg,17.00
6168914860_1.jpg,0.71
6168914860_2.jpg,1.01
6168914894_1.jpg,1.97
6168914932_1.jpg,0.52
6168914932_2.jpg,1.66
6168915133_1.jpg,1.84
6168915133_2.jpg,6.80
6168915133_3.jpg,7.08
6168915133_4.jpg,1.07
6168915224_1.jpg,3.48
6168915224_2.jpg,5.44
6168915224_3.jpg,5.58
6168915224_4.jpg,3.36
6168915710_1.jpg,0.00
6168915883_1.jpg,0.63
6168915891_1.jpg,0.40
6168915915_1.jpg,0.38
6168915949_1.jpg,0.25
6168916130_1.jpg,19.72
6168916183_1.jpg,2.57
6168916308_1.jpg,1.74
6168916308_2.jpg,0.29
6168916339_1.jpg,0.65
6168916339_2.jpg,0.39
6168916339_3.jpg,0.57
6168916539_1.jpg,3.88
6168916623_1.jpg,0.41
6168916623_2.jpg,0.89
6168916772_1.jpg,1.07
6168917370_1.jpg,1.21
6168917475_1.jpg,8.28
6168917544_1.jpg,0.00
6168917580_1.jpg,1.07
6168917580_2.jpg,0.84
6168917902_1.jpg,2.25
6168917921_1.jpg,7.99
6168917951_1.jpg,0.71
6168918280_1.jpg,0.59
6168918280_2.jpg,0.02
6168918413_1.jpg,1.74
6168918413_2.jpg,1.34
6168918989_1.jpg,1.11
6168919050_1.jpg,5.41
6168919199_1.jpg,2.44
6168919275_1.jpg,0.60
6168919286_1.jpg,21.54
6169115714_1.jpg,26.14
6169186702_1.jpg,0.94
6169241489_1.jpg,18.60
6169966647_1.jpg,19.91
6170236645_1.jpg,4.49
6170263381_1.jpg,1.93
6170689976_1.jpg,8.38
6170817241_1.jpg,15.94
6170817241_2.jpg,52.13
6170817241_3.jpg,53.08
6170817241_4.jpg,19.43
6170840754_1.jpg,20.32
6170840754_2.jpg,13.70
6170840754_3.jpg,7.20
6170841983_1.jpg,21.89
6170841983_2.jpg,23.45
6170841983_3.jpg,35.06
6170841983_4.jpg,23.52
6170862952_1.jpg,37.51
6170875387_1.jpg,4.98
6171101610_1.jpg,2.36
6171159023_1.jpg,4.47
6171189536_1.jpg,8.23
6171189536_2.jpg,5.98
6171189536_3.jpg,7.79
6171189536_4.jpg,11.12
6171301426_1.jpg,4.68
6171301426_2.jpg,11.30
6171301426_3.jpg,16.62
6171321921_1.jpg,6.30
6171321921_2.jpg,5.34
6171380757_1.jpg,14.15
6171412359_1.jpg,5.42
6171649905_1.jpg,32.80
6171649905_2.jpg,19.45
6176656505_1.jpg,2.96
6176666476_1.jpg,14.62
6176693370_1.jpg,15.80
6177702624_1.jpg,11.85
6177702817_1.jpg,18.29
6177702817_2.jpg,7.35
6177703752_1.jpg,3.03
6177704896_1.jpg,10.61
6177705996_1.jpg,0.04
6177705996_2.jpg,1.94
6177705996_3.jpg,1.14
6177706528_1.jpg,16.41
6177706565_1.jpg,9.68
6177706627_1.jpg,11.62
6177706627_2.jpg,11.40
6177706686_1.jpg,1.84
6177706812_1.jpg,4.99
6177706812_2.jpg,1.69
6178313807_1.jpg,20.25
6178355875_1.jpg,17.95
6178418624_1.jpg,2.00
6178497906_1.jpg,22.10
6178497906_2.jpg,7.14
6178507795_1.jpg,1.46
6178526686_1.jpg,9.10
6178603684_1.jpg,12.61
6178630009_1.jpg,84.59
6178630009_2.jpg,57.12
6178630009_3.jpg,53.86
6178630009_4.jpg,34.60
6178630009_5.jpg,74.35
6178630009_6.jpg,40.35
6178633613_1.jpg,11.01
6178645971_1.jpg,4.66
6178668824_1.jpg,14.47
6178668824_2.jpg,14.07
6178668824_3.jpg,12.25
6178695244_1.jpg,24.20
6178700998_1.jpg,4.82
6178738596_1.jpg,0.71
6178818991_1.jpg,2.22
6178818991_2.jpg,7.96
6178818991_3.jpg,9.37
6178836967_1.jpg,6.96
6178881312_1.jpg,3.81
6178904941_1.jpg,38.13
6178965212_1.jpg,8.47
6178965212_2.jpg,60.21
6179097764_1.jpg,5.50
6179132440_1.jpg,27.78
6179145897_1.jpg,14.41
6179175410_1.jpg,14.31
6179275398_1.jpg,12.79
6179292940_1.jpg,1.43
6179357290_1.jpg,39.91
6179357290_2.jpg,40.02
6179357290_3.jpg,49.99
6179357290_4.jpg,5.77
6179363669_1.jpg,1.31
6179413196_1.jpg,2.12
6179427590_1.jpg,31.61
6179486902_1.jpg,18.41
6179536604_1.jpg,1.46
6179542487_1.jpg,10.30
6179587310_1.jpg,4.05
6179587310_2.jpg,15.32
6180068854_1.jpg,12.19
6180068973_1.jpg,31.43
6180072037_1.jpg,0.00
6180072037_2.jpg,3.23
6180072037_3.jpg,5.27
6180072037_4.jpg,2.94
6180089353_1.jpg,22.31
6180089353_2.jpg,34.05
6181693517_1.jpg,1.75
6181693517_2.jpg,10.02
6181693517_3.jpg,5.25
6181693654_1.jpg,15.54
6181693654_2.jpg,6.95
6181693699_1.jpg,0.75
6181693885_1.jpg,17.48
6181694682_1.jpg,1.80
6181694682_2.jpg,0.34
6181695665_1.jpg,16.09
6181695726_1.jpg,4.79
6181697796_1.jpg,37.86
6181698694_1.jpg,1.51
6181699098_1.jpg,9.43
6181699098_2.jpg,17.15
6181699491_1.jpg,45.45
6181699491_2.jpg,11.47
6182111625_1.jpg,5.27
6182112282_1.jpg,16.68
6182112282_2.jpg,29.40
6182121539_1.jpg,21.35
6182136337_1.jpg,0.02
6182143800_1.jpg,19.46
6182167435_1.jpg,21.13
6182167435_2.jpg,24.87
6182464456_1.jpg,6.34
6182481124_1.jpg,2.30
6182481124_2.jpg,14.86
6182481124_3.jpg,4.94
6182485503_1.jpg,7.01
6182508663_1.jpg,5.45
6182629915_1.jpg,15.34
6182675781_1.jpg,0.93
6182761959_1.jpg,14.64
6182844613_1.jpg,0.97
6182850632_1.jpg,9.35
6182877249_1.jpg,16.13
6183094668_1.jpg,46.34
6183205295_1.jpg,1.83
6183205295_2.jpg,3.94
6183347709_1.jpg,9.14
6183372849_1.jpg,7.57
6183372849_2.jpg,7.49
6183372849_3.jpg,7.44
6183562228_1.jpg,28.56
6183562228_2.jpg,16.61
6183632420_1.jpg,10.20
6183633820_1.jpg,19.91
6183633820_2.jpg,12.32
6183692140_1.jpg,61.87
6183692140_2.jpg,21.36
6183706826_1.jpg,6.84
6183712414_1.jpg,2.19
6183727852_1.jpg,0.74
6183744599_1.jpg,7.32
6183762063_1.jpg,1.04
6183762063_2.jpg,3.85
6183765666_1.jpg,1.06
6183771078_1.jpg,2.91
6183834617_1.jpg,38.73
6183912281_1.jpg,5.07
6184744276_1.jpg,22.39
6184813049_1.jpg,19.60
6184836729_1.jpg,42.47
6184836729_2.jpg,23.74
6184872279_1.jpg,11.59
6184872279_2.jpg,3.96
6184902316_1.jpg,2.56
6184912403_1.jpg,7.87
6184912403_2.jpg,7.86
6184913138_1.jpg,28.73
6184913138_2.jpg,16.02
6184913138_3.jpg,66.22
6184913138_4.jpg,58.34
6184913138_5.jpg,61.57
6184913138_6.jpg,57.46
6184913138_7.jpg,8.70
6184913138_8.jpg,79.32
6184913138_9.jpg,58.01
6184946622_1.jpg,35.53
6184946622_2.jpg,34.24
6184975100_1.jpg,4.29
6184982038_1.jpg,2.57
6185064800_1.jpg,2.61
6185115716_1.jpg,1.59
6185138893_1.jpg,6.24
6185139796_1.jpg,23.22
6185139796_2.jpg,16.94
6185152169_1.jpg,5.45
6185152169_2.jpg,7.28
6185159517_1.jpg,7.68
6185174496_1.jpg,9.58
6185199436_1.jpg,11.81
6185246248_1.jpg,14.55
6185255548_1.jpg,29.43
6185255548_2.jpg,26.50
6185259086_1.jpg,22.25
6185259086_2.jpg,8.10
6185259086_3.jpg,3.29
6185259086_4.jpg,9.61
6185264355_1.jpg,40.57
6185264355_2.jpg,25.62
6185264355_3.jpg,24.88
6185264355_4.jpg,40.32
6185264355_5.jpg,31.24
6185264355_6.jpg,20.73
6185264355_7.jpg,21.90
6185264355_8.jpg,17.87
6185264355_9.jpg,40.36
6185272897_1.jpg,7.08
6185300364_1.jpg,5.23
6185314894_1.jpg,11.01
6185350818_1.jpg,2.70
6185357972_1.jpg,19.73
6185395490_1.jpg,13.08
6185443069_1.jpg,39.49
6185571484_1.jpg,5.16
6185572330_1.jpg,4.76
6185594250_1.jpg,13.43
6185594250_2.jpg,5.70
6185594250_3.jpg,4.05
6185603750_1.jpg,8.27
6185618614_1.jpg,3.28
6185618614_2.jpg,2.21
6185629411_1.jpg,3.10
6185629411_2.jpg,6.68
6185629411_3.jpg,0.72
6185657608_1.jpg,3.27
6185738369_1.jpg,1.75
6185750506_1.jpg,5.80
6185762787_1.jpg,16.42
6185762787_2.jpg,23.38
6185762787_3.jpg,10.40
6185762787_4.jpg,21.18
6185766504_1.jpg,17.37
6185780603_1.jpg,1.66
6185780603_2.jpg,1.63
6185790649_1.jpg,4.84
6185790649_2.jpg,3.63
6185790649_3.jpg,5.05
6185831932_1.jpg,44.26
6185831932_2.jpg,21.31
6185831932_3.jpg,39.80
6185845287_1.jpg,3.40
6185845287_2.jpg,6.42
6185845287_3.jpg,5.47
6185872878_1.jpg,1.91
6185872878_2.jpg,5.97
6185872878_3.jpg,10.29
6185872878_4.jpg,11.08
6185883463_1.jpg,12.96
6185914261_1.jpg,4.65
6185914261_2.jpg,8.11
6185914261_3.jpg,9.04
6185914261_4.jpg,3.72
6185914261_5.jpg,1.59
6185919524_1.jpg,3.18
6185919524_2.jpg,3.63
6185938016_1.jpg,76.21
6185938016_2.jpg,62.76
6185938016_3.jpg,25.55
6185938016_4.jpg,15.58
6185938016_5.jpg,6.61
6185938016_6.jpg,10.32
6185938016_7.jpg,22.58
6185938016_8.jpg,32.01
6185942569_1.jpg,4.75
6185942569_2.jpg,8.53
6186006848_1.jpg,34.76
6186006848_2.jpg,21.21
6186057211_1.jpg,43.70
6186080229_1.jpg,25.09
6186158771_1.jpg,15.20
6186604404_1.jpg,7.66
6186608227_1.jpg,4.95
6186608822_1.jpg,4.74
6186609454_1.jpg,21.92
6186611586_1.jpg,28.70
6186639058_1.jpg,9.92
6186652287_1.jpg,11.23
6186652287_2.jpg,3.17
6186652287_3.jpg,1.56
6186703970_1.jpg,0.50
6186723270_1.jpg,15.31
6186794651_1.jpg,2.36
6186800819_1.jpg,7.58
6186841717_1.jpg,1.62
6186853443_1.jpg,2.01
6187463410_1.jpg,35.80
6187463603_1.jpg,10.90
6187463716_1.jpg,6.27
6187463914_1.jpg,2.35
6187463914_2.jpg,1.82
6187463967_1.jpg,3.79
6187466169_1.jpg,5.46
6187466211_1.jpg,8.20
6187466211_2.jpg,10.79
6187466249_1.jpg,2.31
6187466310_1.jpg,26.11
6187466310_2.jpg,7.32
6187466622_1.jpg,2.79
6187466622_2.jpg,2.92
6187466622_3.jpg,2.37
6187466710_1.jpg,7.58
6187467547_1.jpg,17.37
6187467547_2.jpg,38.11
6187467547_3.jpg,9.87
6187467547_4.jpg,5.58
6187467547_5.jpg,12.34
6187468891_1.jpg,15.02
6187468974_1.jpg,5.46
6187469175_1.jpg,4.95
6187469995_1.jpg,4.18
6187470025_1.jpg,15.14
6187478138_1.jpg,23.80
6187492901_1.jpg,4.51
6187505055_1.jpg,13.04
6187513164_1.jpg,10.61
6187513316_1.jpg,37.20
6187544603_1.jpg,15.22
6187789200_1.jpg,1.36
6187791639_1.jpg,14.51
6187791639_2.jpg,73.08
6187791639_3.jpg,11.41
6187791639_4.jpg,29.75
6187795929_1.jpg,56.51
6187795929_2.jpg,56.17
6187912800_1.jpg,0.21
6187912800_2.jpg,0.53
6187912800_3.jpg,4.81
6187933787_1.jpg,4.38
6187933787_2.jpg,17.89
6187934688_1.jpg,4.66
6187935303_1.jpg,4.51
6187949184_1.jpg,0.74
6187966255_1.jpg,13.03
6187966255_2.jpg,13.37
6187966255_3.jpg,16.40
6187966255_4.jpg,16.60
6187966255_5.jpg,50.43
6187966255_6.jpg,68.19
6187966255_7.jpg,68.59
6187968967_1.jpg,12.06
6187968967_2.jpg,9.82
6187988658_1.jpg,9.17
6187988658_2.jpg,5.59
6188033427_1.jpg,25.10
6188033427_10.jpg,38.18
6188033427_11.jpg,60.05
6188033427_12.jpg,51.12
6188033427_2.jpg,19.29
6188033427_3.jpg,12.43
6188033427_4.jpg,9.30
6188033427_5.jpg,14.13
6188033427_6.jpg,14.45
6188033427_7.jpg,12.38
6188033427_8.jpg,28.54
6188033427_9.jpg,11.97
6188033635_1.jpg,19.82
6188035115_1.jpg,2.20
6188045524_1.jpg,34.89
6188045524_2.jpg,28.84
6188089299_1.jpg,11.42
6188108442_1.jpg,26.95
6188136404_1.jpg,0.98
6188136404_2.jpg,5.51
6188164081_1.jpg,26.98
6188167198_1.jpg,2.91
6188167198_2.jpg,2.20
6188167198_3.jpg,1.75
6188167198_4.jpg,0.29
6188170101_1.jpg,11.76
6188219808_1.jpg,13.14
6188219808_2.jpg,5.49
6188226267_1.jpg,6.39
6188226267_2.jpg,3.41
6188226267_3.jpg,0.00
6188266645_1.jpg,22.48
6188266645_2.jpg,42.55
6188309014_1.jpg,31.08
6188315804_1.jpg,2.61
6188339550_1.jpg,1.67
6188348599_1.jpg,3.23
6188362821_1.jpg,4.53
6188371810_1.jpg,3.90
6188473336_1.jpg,4.13
6188473336_2.jpg,31.56
6188473336_3.jpg,52.84
6188473336_4.jpg,52.34
6188497744_1.jpg,0.69
6188497744_2.jpg,0.24
6188497744_3.jpg,0.24
6188501099_1.jpg,43.71
6188520478_1.jpg,3.27
6188552366_1.jpg,24.81
6188552366_10.jpg,19.30
6188552366_11.jpg,18.56
6188552366_12.jpg,11.94
6188552366_2.jpg,23.67
6188552366_3.jpg,14.59
6188552366_4.jpg,16.80
6188552366_5.jpg,18.16
6188552366_6.jpg,21.04
6188552366_7.jpg,32.56
6188552366_8.jpg,24.03
6188552366_9.jpg,22.88
6188576650_1.jpg,3.49
6188582429_1.jpg,11.73
6188582429_2.jpg,21.07
6188582429_3.jpg,11.12
6188609731_1.jpg,4.91
6188621669_1.jpg,10.29
6188636823_1.jpg,22.43
6188636823_2.jpg,10.27
6188636823_3.jpg,31.68
6188651221_1.jpg,13.31
6188651221_2.jpg,7.02
6188651221_3.jpg,6.95
6188651221_4.jpg,4.80
6188651221_5.jpg,2.03
6188651221_6.jpg,2.24
6188651221_7.jpg,1.76
6188651221_8.jpg,1.73
6188651221_9.jpg,6.99
6191823470_1.jpg,1.05
6191830480_1.jpg,4.16
6191831186_1.jpg,7.76
6191839423_1.jpg,4.72
6193165480_1.jpg,5.74
6193171880_1.jpg,8.20
6193207444_1.jpg,13.75
6193217322_1.jpg,6.08
6193311160_1.jpg,5.26
6193448224_1.jpg,9.06
6193448343_1.jpg,4.28
6193454890_1.jpg,16.96
6194778346_1.jpg,5.58
6194778346_2.jpg,0.93
6194778616_1.jpg,3.48
6194778691_1.jpg,5.86
6194778699_1.jpg,23.53
6194778753_1.jpg,5.17
6194778753_2.jpg,5.89
6194779273_1.jpg,9.36
6194779688_1.jpg,20.64
6194779820_1.jpg,13.73
6194779820_2.jpg,14.79
6194780104_1.jpg,2.90
6194780381_1.jpg,13.00
6194780560_1.jpg,12.81
6194780560_2.jpg,8.11
6194780876_1.jpg,9.81
6194780876_2.jpg,17.21
6194781769_1.jpg,24.44
6194781807_1.jpg,24.26
6194781837_1.jpg,5.29
6194781920_1.jpg,33.15
6194782580_1.jpg,1.46
6194782959_1.jpg,1.17
6194783050_1.jpg,0.94
6194783213_1.jpg,11.47
6194783213_2.jpg,14.53
6194783540_1.jpg,10.79
6194783880_1.jpg,5.23
6194783880_2.jpg,13.17
6194783936_1.jpg,2.81
6195103139_1.jpg,44.98
6195103139_2.jpg,89.09
6195247786_1.jpg,26.47
6195258315_1.jpg,1.36
6195273223_1.jpg,5.83
6195273223_2.jpg,10.15
6195274892_1.jpg,33.12
6195277663_1.jpg,8.98
6195332237_1.jpg,3.30
6195333381_1.jpg,1.22
6195333381_2.jpg,0.68
6195346686_1.jpg,3.37
6195371751_1.jpg,6.15
6195390841_1.jpg,32.56
6195390841_2.jpg,24.72
6195390841_3.jpg,19.76
6195397396_1.jpg,2.50
6195404369_1.jpg,10.56
6195407074_1.jpg,6.26
6195407074_2.jpg,2.69
6195474319_1.jpg,8.59
6195505123_1.jpg,6.51
6195528960_1.jpg,2.79
6195539181_1.jpg,9.90
6195542111_1.jpg,12.92
6195542111_2.jpg,8.28
6195542111_3.jpg,13.48
6195542111_4.jpg,1.76
6195542111_5.jpg,11.75
6195542111_6.jpg,13.72
6195547607_1.jpg,0.51
6195558408_1.jpg,20.70
6195558408_2.jpg,11.62
6195566551_1.jpg,13.37
6195566551_2.jpg,13.85
6195566551_3.jpg,12.02
6195571321_1.jpg,7.51
6195581623_1.jpg,3.40
6195582924_1.jpg,8.91
6195595284_1.jpg,3.12
6195626389_1.jpg,47.44
6195626389_2.jpg,9.31
6195626389_3.jpg,6.39
6195626389_4.jpg,7.49
6195635087_1.jpg,11.50
6195635087_2.jpg,13.78
6195640741_1.jpg,1.21
6195707806_1.jpg,4.13
6195707806_2.jpg,3.92
6195707806_3.jpg,3.96
6195718717_1.jpg,2.84
6195743755_1.jpg,7.51
6195755526_1.jpg,19.21
6195762228_1.jpg,15.00
6195787124_1.jpg,2.82
6195787124_2.jpg,1.93
6195832199_1.jpg,0.60
6195835949_1.jpg,5.29
6195844439_1.jpg,12.15
6195845674_1.jpg,14.62
6195845674_2.jpg,24.67
6195853558_1.jpg,11.41
6195864757_1.jpg,12.01
6195864757_2.jpg,2.86
6195864757_3.jpg,3.20
6195865426_1.jpg,5.96
6195890637_1.jpg,2.72
6195952676_1.jpg,14.97
6195952676_2.jpg,13.77
6195977164_1.jpg,3.46
6196005193_1.jpg,2.73
6196005193_2.jpg,1.24
6196005193_3.jpg,0.44
6196529503_1.jpg,1.16
6196533114_1.jpg,6.22
6196550196_1.jpg,11.22
6196553824_1.jpg,9.42
6196553824_2.jpg,14.98
6196554956_1.jpg,6.09
6196561191_1.jpg,21.78
6196561191_2.jpg,13.31
6196572560_1.jpg,9.51
6196578971_1.jpg,1.61
6196580491_1.jpg,4.98
6196580491_2.jpg,1.20
6196593422_1.jpg,2.47
6213083900_1.jpg,37.60
6213092361_1.jpg,17.40
6213102706_1.jpg,0.59
6213140946_1.jpg,15.86
6213167803_1.jpg,1.87
6213200776_1.jpg,14.29
6213239018_1.jpg,9.34
6213285142_1.jpg,4.02
6213289837_1.jpg,2.41
6213304008_1.jpg,0.82
6213311091_1.jpg,4.86
6213351750_1.jpg,8.02
6213365888_1.jpg,5.20
6213367018_1.jpg,3.10
6213391563_1.jpg,6.47
6213396421_1.jpg,7.65
6213401858_1.jpg,14.61
6213404919_1.jpg,12.19
6213429517_1.jpg,2.41
6213429517_2.jpg,1.07
6213437056_1.jpg,19.27
6213440767_1.jpg,16.30
6213440767_2.jpg,31.42
6213440767_3.jpg,8.74
6213476459_1.jpg,41.35
6213493590_1.jpg,10.92
6213581996_1.jpg,1.99
6221795389_1.jpg,0.36
6221795389_2.jpg,1.39
6221795389_3.jpg,0.74
6221795389_4.jpg,3.70
6221854315_1.jpg,8.19
6221881519_1.jpg,12.25
6221881519_2.jpg,5.97
6221881519_3.jpg,3.38
6227866494_1.jpg,9.95
6228260400_1.jpg,9.89
6228260400_2.jpg,15.75
6228260400_3.jpg,6.36
6234164545_1.jpg,12.85
6234223776_1.jpg,3.50
6234226773_1.jpg,0.53
6234232677_1.jpg,3.05
6234260817_1.jpg,3.17
6234317138_1.jpg,14.72
6234323078_1.jpg,2.00
6234332272_1.jpg,1.17
6234376780_1.jpg,6.06
6234376780_2.jpg,10.54
6234398116_1.jpg,1.25
6234398116_2.jpg,1.22
6234414953_1.jpg,12.46
6234443114_1.jpg,1.27
6234443114_2.jpg,1.43
6234446442_1.jpg,9.40
6234446442_2.jpg,4.88
6234455471_1.jpg,3.71
6234494437_1.jpg,0.22
6234494437_2.jpg,2.18
6234494437_3.jpg,1.55
6234495596_1.jpg,25.21
6234495596_2.jpg,21.19
6234495596_3.jpg,12.53
6234495596_4.jpg,9.06
6234495596_5.jpg,17.76
6234495596_6.jpg,45.63
6234495596_7.jpg,26.42
6234525680_1.jpg,11.52
6234525680_2.jpg,5.26
6234525680_3.jpg,14.57
6234586788_1.jpg,1.40
6234603356_1.jpg,1.89
6234603356_2.jpg,3.03
6234604337_1.jpg,1.01
6234611534_1.jpg,31.61
6234611534_2.jpg,3.19
6234611534_3.jpg,18.12
6234611534_4.jpg,29.90
6234616304_1.jpg,3.82
6234616304_2.jpg,0.88
6234634834_1.jpg,3.68
6234658613_1.jpg,4.79
6234708391_1.jpg,19.42
6234736331_1.jpg,1.63
6234738994_1.jpg,10.15
6234738994_2.jpg,16.25
6234738994_3.jpg,6.14
6234739204_1.jpg,22.15
6234739204_2.jpg,15.09
6234739204_3.jpg,13.90
6234739204_4.jpg,9.02
6234761640_1.jpg,2.15
6234776643_1.jpg,2.91
6234790646_1.jpg,26.10
6234796848_1.jpg,33.23
6234818261_1.jpg,9.30
6234818261_2.jpg,23.96
6234818261_3.jpg,10.28
6234819069_1.jpg,3.64
6234840036_1.jpg,3.27
6234840036_2.jpg,2.53
6234840036_3.jpg,4.78
6234840412_1.jpg,17.08
6234847547_1.jpg,9.77
6234847547_2.jpg,3.43
6234879057_1.jpg,0.80
6234879057_2.jpg,0.80
6234879057_3.jpg,0.69
6234946431_1.jpg,2.26
6234962829_1.jpg,11.87
6234962829_2.jpg,12.61
6234962829_3.jpg,22.53
6234968718_1.jpg,12.20
6234968718_2.jpg,4.49
6235015790_1.jpg,1.22
6235060521_1.jpg,30.61
6235060521_2.jpg,20.83
6235060521_3.jpg,31.33
6235060521_4.jpg,22.29
6235060521_5.jpg,13.84
6235087735_1.jpg,5.01
6235087735_2.jpg,7.06
6235089853_1.jpg,0.41
6235089853_2.jpg,0.96
6235117866_1.jpg,26.64
6235121887_1.jpg,1.74
6235121887_2.jpg,2.81
6235121887_3.jpg,2.16
6235143807_1.jpg,3.76
6235143807_2.jpg,2.32
6235143807_3.jpg,3.92
6235178733_1.jpg,4.29
6235178733_2.jpg,5.65
6235219023_1.jpg,2.89
6235223392_1.jpg,0.33
6235229310_1.jpg,1.95
6235229310_2.jpg,8.26
6235241938_1.jpg,9.04
6235241938_2.jpg,19.58
6235293724_1.jpg,8.78
6235293724_2.jpg,8.86
6235299688_1.jpg,14.80
6235299688_2.jpg,12.01
6235299688_3.jpg,13.56
6235299688_4.jpg,5.36
6235332270_1.jpg,1.39
6235332440_1.jpg,3.20
6235332440_2.jpg,1.92
6235370475_1.jpg,17.34
6235370968_1.jpg,4.07
6235385328_1.jpg,2.63
6235411795_1.jpg,5.50
6235411795_2.jpg,3.25
6235413705_1.jpg,7.16
6235413705_2.jpg,3.02
6235432870_1.jpg,2.01
6235506057_1.jpg,6.73
6235518604_1.jpg,5.88
6235554759_1.jpg,1.12
6235591328_1.jpg,61.31
6235591328_2.jpg,12.21
6235618148_1.jpg,0.89
6235635574_1.jpg,10.36
6235650806_1.jpg,0.98
6235657713_1.jpg,1.47
6235661598_1.jpg,5.08
6235673552_1.jpg,5.08
6235691579_1.jpg,1.13
6235691579_2.jpg,0.93
6235723573_1.jpg,5.57
6235740630_1.jpg,4.70
6235741095_1.jpg,15.16
6235748359_1.jpg,2.71
6235748359_2.jpg,0.28
6235818097_1.jpg,1.11
6235829101_1.jpg,3.83
6235863741_1.jpg,5.72
6235863741_2.jpg,17.25
6235917385_1.jpg,31.80
6235917385_2.jpg,36.17
6235917385_3.jpg,11.93
6235948464_1.jpg,10.59
6235948464_2.jpg,21.77
6235948464_3.jpg,16.25
6235948464_4.jpg,15.18
6235948464_5.jpg,30.82
6235948464_6.jpg,13.26
6235948464_7.jpg,6.46
6235948464_8.jpg,7.22
6235948464_9.jpg,13.58
6235961496_1.jpg,16.93
6235961496_10.jpg,11.91
6235961496_11.jpg,16.12
6235961496_12.jpg,16.01
6235961496_13.jpg,16.25
6235961496_2.jpg,16.01
6235961496_3.jpg,16.05
6235961496_4.jpg,16.72
6235961496_5.jpg,8.76
6235961496_6.jpg,8.48
6235961496_7.jpg,7.90
6235961496_8.jpg,12.88
6235961496_9.jpg,12.20
6235966511_1.jpg,3.16
6235988842_1.jpg,4.45
6235988842_2.jpg,4.19
6235988842_3.jpg,7.38
6235988842_4.jpg,7.78
6235988842_5.jpg,4.42
6235992453_1.jpg,4.13
6235992453_2.jpg,5.95
6235992453_3.jpg,3.49
6235992453_4.jpg,1.64
6235992453_5.jpg,2.24
6236045652_1.jpg,2.09
6236045652_2.jpg,0.40
6236086323_1.jpg,6.76
6236108757_1.jpg,0.00
6236127668_1.jpg,7.71
6236161812_1.jpg,5.16
6236203034_1.jpg,2.97
6236224844_1.jpg,15.64
6236224844_2.jpg,0.92
6236224844_3.jpg,12.07
6236224844_4.jpg,0.63
6236233797_1.jpg,48.29
6236233797_2.jpg,36.29
6236233797_3.jpg,38.38
6236233797_4.jpg,23.55
6236233797_5.jpg,46.46
6236233797_6.jpg,9.86
6236292120_1.jpg,6.73
6236309450_1.jpg,29.14
6236309450_2.jpg,27.38
6236309450_3.jpg,33.05
6236312827_1.jpg,10.92
6236312827_2.jpg,10.74
6236316366_1.jpg,5.63
6236429424_1.jpg,2.09
6236437477_1.jpg,6.14
6236461601_1.jpg,0.81
6236461601_2.jpg,1.11
6236481809_1.jpg,61.35
6236481809_2.jpg,25.01
6236481809_3.jpg,33.23
6236484801_1.jpg,9.12
6236492538_1.jpg,8.99
6236492538_2.jpg,0.51
6236529819_1.jpg,10.05
6236529819_2.jpg,4.46
6236537467_1.jpg,0.41
6239189488_1.jpg,4.73
6239203544_1.jpg,4.74
6239248601_1.jpg,5.33
6239256348_1.jpg,9.10
6239259488_1.jpg,2.67
6239263576_1.jpg,2.77
6239263576_2.jpg,0.73
6239270640_1.jpg,1.89
6239283481_1.jpg,11.55
6239289414_1.jpg,31.23
6239293362_1.jpg,1.17
6239293362_2.jpg,13.80
6239293362_3.jpg,2.30
6239293362_4.jpg,4.70
6239293362_5.jpg,2.43
6239293362_6.jpg,0.00
6239293362_7.jpg,30.86
6239293362_8.jpg,22.32
6239293362_9.jpg,2.51
6239301370_1.jpg,11.94
6239301370_2.jpg,6.35
6239304597_1.jpg,3.80
6239311617_1.jpg,3.77
6239311617_2.jpg,2.82
6239354488_1.jpg,13.07
6239354488_2.jpg,5.97
6239367310_1.jpg,5.60
6239370544_1.jpg,1.07
6251439869_1.jpg,1.92
6251439869_2.jpg,4.71
6251439869_3.jpg,2.07
6251439869_4.jpg,2.58
6251444832_1.jpg,5.39
6251447353_1.jpg,1.42
6251462985_1.jpg,6.38
6251462985_2.jpg,5.21
6251467488_1.jpg,17.16
6251467631_1.jpg,3.32
6251467631_2.jpg,3.38
6251469796_1.jpg,26.50
6251471454_1.jpg,4.13
6251471454_2.jpg,4.63
6251500395_1.jpg,4.75
6251517917_1.jpg,6.82
6251525808_1.jpg,11.61
6251525808_2.jpg,6.76
6251532617_1.jpg,5.93
6251552518_1.jpg,1.52
6251593463_1.jpg,5.85
6251611322_1.jpg,19.82
6251611322_2.jpg,21.03
6251632915_1.jpg,30.85
6251647002_1.jpg,7.27
6251647002_2.jpg,2.84
6251647002_3.jpg,11.69
6251647002_4.jpg,5.10
6251653121_1.jpg,9.45
6251655013_1.jpg,9.21
6251783831_1.jpg,0.43
6251783831_2.jpg,0.40
6251783831_3.jpg,0.37
6251783831_4.jpg,1.43
6251803860_1.jpg,4.78
6251803860_2.jpg,1.79
6251855123_1.jpg,13.17
6251855123_2.jpg,9.41
6251862359_1.jpg,4.38
6251872233_1.jpg,7.74
6251876043_1.jpg,7.17
6251876043_2.jpg,3.56
6251876043_3.jpg,16.85
6251880617_1.jpg,12.68
6251886204_1.jpg,0.00
6251886204_2.jpg,0.19
6251893514_1.jpg,0.22
6251895561_1.jpg,1.46
6251895561_2.jpg,3.06
6251896658_1.jpg,3.52
6251896658_2.jpg,2.46
6251896658_3.jpg,4.41
6251906552_1.jpg,2.00
6251923867_1.jpg,14.71
6251923867_2.jpg,11.87
6251923867_3.jpg,13.30
6251923867_4.jpg,14.17
6251940881_1.jpg,25.86
6251940881_2.jpg,25.20
6251979883_1.jpg,12.48
6251984538_1.jpg,11.44
6251984538_2.jpg,9.30
6251984875_1.jpg,7.13
6251984923_1.jpg,4.80
6251984923_2.jpg,2.71
6251984923_3.jpg,3.47
6251988529_1.jpg,5.57
6251988564_1.jpg,2.56
6251988564_2.jpg,0.50
6251988564_3.jpg,0.71
6251988955_1.jpg,9.82
6251988955_2.jpg,0.43
6251988955_3.jpg,14.43
6252089387_1.jpg,14.08
6252089387_2.jpg,14.45
6252091932_1.jpg,4.15
6252091932_2.jpg,0.90
6252103867_1.jpg,10.81
6252103867_2.jpg,3.75
6252105347_1.jpg,25.17
6252191495_1.jpg,1.58
6252237323_1.jpg,5.24
6252237323_2.jpg,4.48
6252243475_1.jpg,14.28
6252251937_1.jpg,9.69
6252251937_2.jpg,5.04
6252251937_3.jpg,4.20
6252251937_4.jpg,2.75
6252275180_1.jpg,1.21
6252295998_1.jpg,0.61
6252306615_1.jpg,2.77
6252310878_1.jpg,1.89
6252332395_1.jpg,10.33
6252332395_2.jpg,0.95
6252340516_1.jpg,0.99
6252370686_1.jpg,5.82
6252374889_1.jpg,5.19
6252389128_1.jpg,2.45
6252389128_2.jpg,0.55
6252392324_1.jpg,13.05
6252392324_2.jpg,12.11
6252392324_3.jpg,18.80
6252392938_1.jpg,2.46
6252392938_2.jpg,0.34
6252392938_3.jpg,17.67
6252416192_1.jpg,25.04
6252416192_2.jpg,24.77
6252416192_3.jpg,3.18
6252417628_1.jpg,14.99
6252417628_2.jpg,17.84
6252417628_3.jpg,28.34
6252425476_1.jpg,9.65
6252467043_1.jpg,1.95
6252467043_2.jpg,6.36
6252477619_1.jpg,7.82
6252511203_1.jpg,12.86
6252511203_2.jpg,51.81
6252511203_3.jpg,0.99
6252511487_1.jpg,8.07
6252550394_1.jpg,6.08
6252574438_1.jpg,28.10
6252574438_2.jpg,9.99
6252582209_1.jpg,16.86
6252632177_1.jpg,7.88
6252632177_2.jpg,5.40
6252632177_3.jpg,4.94
6252632177_4.jpg,2.88
6252632177_5.jpg,3.41
6252674298_1.jpg,1.10
6252715008_1.jpg,15.99
6252715008_2.jpg,16.19
6252715008_3.jpg,15.76
6252727800_1.jpg,3.31
6252751170_1.jpg,1.25
6252761870_1.jpg,2.22
6252767508_1.jpg,4.97
6252767508_2.jpg,18.49
6252767508_3.jpg,10.46
6252792705_1.jpg,6.98
6252792705_10.jpg,1.56
6252792705_11.jpg,1.49
6252792705_2.jpg,4.80
6252792705_3.jpg,5.44
6252792705_4.jpg,3.77
6252792705_5.jpg,1.33
6252792705_6.jpg,1.76
6252792705_7.jpg,1.39
6252792705_8.jpg,1.14
6252792705_9.jpg,2.05
6252843169_1.jpg,2.51
6252843169_2.jpg,4.58
6252843169_3.jpg,4.89
6252843418_1.jpg,8.39
6252843418_2.jpg,15.56
6252845046_1.jpg,1.20
6252872691_1.jpg,3.80
6252897410_1.jpg,27.18
6252926024_1.jpg,14.72
6252926024_2.jpg,15.53
6252926024_3.jpg,14.49
6252930467_1.jpg,0.50
6252947226_1.jpg,0.71
6252964091_1.jpg,1.03
6252993723_1.jpg,6.76
6252993723_2.jpg,8.65
6252993723_3.jpg,11.02
6252993723_4.jpg,15.30
6253017662_1.jpg,6.34
6253017662_2.jpg,4.55
6253052012_1.jpg,18.90
6253052012_2.jpg,19.40
6253111213_1.jpg,3.98
6253120504_1.jpg,6.59
6253153684_1.jpg,8.23
6253155254_1.jpg,1.01
6253160654_1.jpg,2.02
6253176376_1.jpg,0.61
6253183396_1.jpg,0.89
6253191261_1.jpg,12.13
6253191261_2.jpg,12.14
6253191261_3.jpg,11.20
6253191261_4.jpg,11.86
6253195393_1.jpg,4.41
6253195901_1.jpg,1.34
6253195901_2.jpg,2.00
6253195901_3.jpg,2.11
6253223818_1.jpg,3.52
6253241507_1.jpg,7.83
6253241507_2.jpg,30.87
6253244235_1.jpg,6.89
6253245448_1.jpg,3.38
6253245448_2.jpg,2.93
6253245448_3.jpg,4.99
6253264912_1.jpg,5.71
6253271026_1.jpg,22.57
6253271026_2.jpg,9.72
6253274413_1.jpg,1.20
6253274477_1.jpg,1.52
6253290203_1.jpg,1.64
6253299530_1.jpg,1.92
6253316721_1.jpg,0.00
6253316721_2.jpg,1.25
6253316721_3.jpg,5.32
6253316721_4.jpg,0.71
6253320555_1.jpg,4.02
6253320555_2.jpg,5.41
6253320555_3.jpg,5.23
6253326984_1.jpg,45.78
6253326984_2.jpg,2.83
6253355040_1.jpg,31.65
6253355040_2.jpg,38.00
6253355040_3.jpg,10.33
6253355040_4.jpg,11.68
6256411448_1.jpg,2.85
6256417604_1.jpg,7.91
6256427302_1.jpg,2.74
6256490681_1.jpg,14.82
6256511366_1.jpg,4.29
6256511366_2.jpg,8.13
6256564540_1.jpg,4.98
6256593590_1.jpg,7.08
6273168569_1.jpg,8.79
6273168569_2.jpg,35.32
6273168569_3.jpg,22.28
6273200123_1.jpg,7.85
6273208773_1.jpg,6.23
6273208773_2.jpg,5.91
6273208773_3.jpg,6.15
6273208773_4.jpg,7.17
6273210469_1.jpg,24.97
6273210469_2.jpg,23.89
6273210469_3.jpg,6.09
6273211326_1.jpg,24.71
6273222072_1.jpg,2.37
6273230434_1.jpg,8.13
6273296735_1.jpg,28.99
6273315826_1.jpg,3.89
6273315826_2.jpg,5.42
6273315826_3.jpg,3.89
6273315826_4.jpg,5.73
6273315826_5.jpg,4.60
6273315826_6.jpg,1.04
6273315826_7.jpg,4.30
6273316961_1.jpg,19.94
6273316961_2.jpg,8.07
6273320760_1.jpg,3.29
6273324930_1.jpg,10.23
6273324930_2.jpg,15.29
6273324930_3.jpg,1.62
6273330979_1.jpg,1.98
6273337066_1.jpg,1.94
6273337066_2.jpg,12.91
6273342131_1.jpg,1.59
6273343371_1.jpg,1.79
6273343371_2.jpg,0.91
6273367477_1.jpg,0.98
6273376317_1.jpg,4.02
6273381882_1.jpg,16.97
6273410859_1.jpg,2.08
6273410859_2.jpg,0.96
6273417774_1.jpg,0.73
6273418503_1.jpg,12.33
6273418503_2.jpg,6.57
6273418503_3.jpg,3.96
6273428397_1.jpg,5.46
6273428397_2.jpg,1.62
6273428397_3.jpg,3.66
6273452897_1.jpg,6.28
6273452897_2.jpg,2.02
6273453380_1.jpg,3.01
6273456446_1.jpg,13.46
6273456446_2.jpg,12.76
6273456446_3.jpg,5.96
6273467997_1.jpg,2.21
6273467997_2.jpg,2.44
6273489542_1.jpg,0.99
6273494618_1.jpg,5.91
6273502030_1.jpg,17.71
6273502030_2.jpg,9.25
6273519651_1.jpg,2.87
6273522873_1.jpg,5.53
6273526807_1.jpg,24.14
6273547126_1.jpg,1.99
6273575901_1.jpg,4.63
6273575901_2.jpg,8.32
6273575901_3.jpg,2.13
6273583143_1.jpg,7.73
6273586154_1.jpg,0.45
6273586154_2.jpg,0.60
6273586154_3.jpg,0.23
6273607480_1.jpg,9.18
6273607480_2.jpg,11.96
6273607480_3.jpg,5.95
6273607480_4.jpg,5.83
6273607480_5.jpg,0.07
6273607480_6.jpg,3.64
6273607480_7.jpg,5.99
6273607480_8.jpg,6.45
6273607480_9.jpg,0.04
6273629302_1.jpg,1.88
6273629302_2.jpg,7.26
6273633637_1.jpg,7.33
6273658474_1.jpg,12.95
6273658474_2.jpg,6.32
6273662032_1.jpg,2.69
6273662032_2.jpg,1.82
6273671419_1.jpg,0.98
6273682783_1.jpg,0.79
6273690657_1.jpg,1.70
6273690657_2.jpg,4.79
6273763012_1.jpg,2.16
6273763012_2.jpg,2.03
6273773980_1.jpg,13.46
6273777457_1.jpg,4.23
6273781795_1.jpg,20.39
6273816302_1.jpg,11.15
6273816302_2.jpg,3.34
6273816302_3.jpg,0.72
6273831502_1.jpg,4.22
6273831502_2.jpg,2.26
6273839433_1.jpg,6.13
6273843601_1.jpg,4.54
6273865148_1.jpg,1.10
6273872111_1.jpg,1.42
6273876978_1.jpg,26.54
6273876978_2.jpg,31.12
6273876978_3.jpg,14.66
6273876978_4.jpg,7.01
6273878333_1.jpg,3.27
6273879357_1.jpg,2.21
6273879357_2.jpg,4.58
6273879357_3.jpg,9.03
6273885524_1.jpg,0.06
6273936561_1.jpg,6.51
6273936561_2.jpg,3.73
6273936561_3.jpg,3.77
6273942920_1.jpg,17.74
6273942920_2.jpg,8.52
6273970534_1.jpg,16.06
6273995983_1.jpg,4.51
6274020358_1.jpg,1.46
6274020358_2.jpg,1.36
6274022554_1.jpg,0.52
6274025713_1.jpg,9.96
6274026702_1.jpg,1.57
6274026702_2.jpg,5.28
6274026702_3.jpg,5.59
6274029419_1.jpg,3.36
6274029419_2.jpg,4.72
6274107391_1.jpg,46.87
6274107391_10.jpg,26.55
6274107391_11.jpg,40.54
6274107391_12.jpg,26.45
6274107391_13.jpg,26.30
6274107391_14.jpg,23.87
6274107391_15.jpg,25.46
6274107391_16.jpg,25.07
6274107391_17.jpg,30.25
6274107391_18.jpg,28.34
6274107391_19.jpg,35.85
6274107391_2.jpg,33.59
6274107391_20.jpg,20.76
6274107391_3.jpg,27.51
6274107391_4.jpg,22.99
6274107391_5.jpg,56.00
6274107391_6.jpg,55.48
6274107391_7.jpg,88.56
6274107391_8.jpg,43.35
6274107391_9.jpg,39.99
6274129502_1.jpg,0.19
6274133724_1.jpg,2.35
6274142959_1.jpg,0.87
6274144096_1.jpg,18.52
6274158692_1.jpg,3.47
6274164508_1.jpg,0.00
6274169815_1.jpg,1.58
6274169815_2.jpg,2.07
6274188323_1.jpg,0.40
6274208364_1.jpg,6.08
6274209708_1.jpg,4.11
6274215022_1.jpg,5.52
6274235434_1.jpg,4.55
6274235434_2.jpg,5.06
6274235434_3.jpg,5.31
6276652405_1.jpg,0.21
6276666322_1.jpg,5.66
6276666322_2.jpg,16.28
6276676307_1.jpg,6.34
6276772414_1.jpg,0.71
6276772414_2.jpg,14.14
6276790365_1.jpg,23.50
6320068444_1.jpg,1.74
6320068444_2.jpg,1.52
6320076773_1.jpg,1.22
6320134405_1.jpg,8.07
6320153729_1.jpg,9.87
6320155399_1.jpg,12.17
6320223674_1.jpg,7.29
6320223674_2.jpg,1.69
6320255061_1.jpg,3.45
6320260432_1.jpg,6.58
6320260432_2.jpg,5.86
6320272380_1.jpg,10.10
6320272380_2.jpg,2.79
6320338002_1.jpg,10.18
6320352504_1.jpg,2.85
6320352504_2.jpg,22.52
6320352989_1.jpg,4.29
6320352989_2.jpg,3.12
6320352989_3.jpg,3.04
6320352989_4.jpg,1.83
6320366308_1.jpg,19.89
6320366308_2.jpg,1.07
6320379504_1.jpg,12.73
6320392576_1.jpg,31.33
6320392576_2.jpg,17.68
6320392576_3.jpg,41.96
6320394351_1.jpg,30.95
6320394351_2.jpg,33.02
6320394351_3.jpg,30.14
6320453072_1.jpg,12.53
6320461541_1.jpg,6.96
6320461541_2.jpg,4.11
6320476492_1.jpg,3.74
6320476492_2.jpg,1.85
6320491084_1.jpg,2.51
6320493461_1.jpg,0.67
6320493461_2.jpg,2.76
6320504816_1.jpg,18.58
6320504816_2.jpg,25.24
6320504816_3.jpg,32.58
6320504816_4.jpg,31.84
6320529596_1.jpg,18.43
6320529596_2.jpg,4.18
6320529596_3.jpg,20.84
6320529596_4.jpg,19.13
6320542316_1.jpg,10.09
6320542447_1.jpg,1.35
6320543704_1.jpg,34.81
6320544059_1.jpg,1.56
6320573321_1.jpg,4.15
6320582385_1.jpg,10.65
6320582696_1.jpg,3.74
6320582696_2.jpg,2.80
6320635072_1.jpg,7.83
6320645640_1.jpg,4.80
6320645640_2.jpg,3.71
6320659087_1.jpg,3.97
6320663525_1.jpg,8.48
6320663525_2.jpg,2.14
6320678728_1.jpg,11.87
6320678728_2.jpg,8.52
6320690595_1.jpg,9.70
6320697027_1.jpg,19.33
6320697027_2.jpg,16.24
6320744523_1.jpg,9.48
6320746079_1.jpg,2.95
6320746079_2.jpg,10.64
6320746079_3.jpg,8.84
6320747783_1.jpg,4.62
6320754935_1.jpg,1.74
6320819971_1.jpg,4.03
6320888636_1.jpg,2.42
6320888636_2.jpg,2.61
6320888636_3.jpg,1.74
6320908673_1.jpg,9.72
6320924673_1.jpg,3.97
6320925651_1.jpg,3.64
6320964631_1.jpg,13.40
6321043329_1.jpg,2.93
6321043329_2.jpg,2.51
6321043329_3.jpg,2.06
6321049887_1.jpg,2.77
6321053693_1.jpg,0.44
6321073406_1.jpg,0.87
6321074046_1.jpg,4.05
6321086957_1.jpg,2.48
6321096331_1.jpg,1.78
6321096331_2.jpg,0.31
6321096331_3.jpg,0.01
6321114019_1.jpg,8.34
6321114019_2.jpg,9.36
6321172027_1.jpg,11.66
6321174924_1.jpg,3.61
6321193885_1.jpg,34.91
6321193885_2.jpg,20.77
6321193885_3.jpg,21.23
6321193885_4.jpg,15.69
6321198646_1.jpg,15.52
6321198646_2.jpg,15.11
6321198646_3.jpg,12.95
6321198646_4.jpg,13.12
6321242932_1.jpg,5.78
6324026361_1.jpg,0.88
6324063698_1.jpg,7.84
6324063698_2.jpg,2.79
6324067580_1.jpg,8.97
6324067580_2.jpg,33.75
6324072900_1.jpg,2.83
6324092573_1.jpg,0.93
6324115746_1.jpg,10.74
6324119549_1.jpg,4.91
6324119549_2.jpg,7.91
6324165743_1.jpg,17.16
6324174847_1.jpg,25.89
6333849118_1.jpg,13.04
6333849118_2.jpg,11.96
6333849118_3.jpg,17.46
6333867615_1.jpg,3.36
6333867615_2.jpg,6.72
6333873737_1.jpg,2.87
6333873737_2.jpg,2.59
6333873737_3.jpg,4.82
6333873737_4.jpg,3.09
6333875743_1.jpg,7.89
6333875743_2.jpg,9.74
6333883737_1.jpg,11.60
6333887516_1.jpg,0.56
6333887516_2.jpg,0.30
6333926972_1.jpg,5.93
6333946420_1.jpg,9.58
6333946420_2.jpg,8.58
6333946420_3.jpg,10.87
6333946420_4.jpg,8.67
6333947017_1.jpg,0.45
6333951712_1.jpg,2.10
6333990688_1.jpg,2.08
6334010583_1.jpg,7.58
6334039913_1.jpg,4.94
6334051948_1.jpg,4.17
6334051948_2.jpg,5.14
6334057904_1.jpg,27.05
6334057904_2.jpg,41.88
6334057904_3.jpg,2.04
6334060445_1.jpg,2.48
6334081834_1.jpg,5.74
6334110820_1.jpg,3.89
6334125896_1.jpg,12.22
6334125896_2.jpg,11.56
6334125896_3.jpg,3.73
6334149804_1.jpg,14.06
6334157466_1.jpg,2.87
6334171597_1.jpg,6.60
6334247747_1.jpg,1.77
6334255806_1.jpg,8.64
6334255806_2.jpg,4.47
6334260429_1.jpg,2.33
6334278326_1.jpg,8.19
6334307572_1.jpg,1.25
6334307572_2.jpg,1.09
6334327588_1.jpg,0.37
6334327588_2.jpg,0.69
6334353386_1.jpg,1.27
6334381061_1.jpg,9.84
6334381061_2.jpg,11.95
6334381061_3.jpg,18.96
6334381061_4.jpg,8.74
6334381061_5.jpg,7.30
6334382877_1.jpg,1.54
6334382877_2.jpg,3.65
6334382877_3.jpg,1.11
6334382877_4.jpg,1.04
6334417546_1.jpg,8.75
6334440822_1.jpg,1.41
6334454541_1.jpg,11.19
6334454773_1.jpg,22.44
6334472703_1.jpg,8.42
6334481929_1.jpg,1.90
6334482514_1.jpg,0.18
6334495301_1.jpg,7.71
6334495379_1.jpg,2.02
6334495379_2.jpg,2.03
6334537432_1.jpg,3.47
6334537432_2.jpg,1.03
6334540388_1.jpg,2.15
6334553857_1.jpg,5.25
6334572525_1.jpg,10.81
6334579825_1.jpg,16.64
6334584620_1.jpg,4.88
6334587751_1.jpg,8.01
6334593836_1.jpg,8.89
6334603677_1.jpg,2.56
6334614020_1.jpg,4.54
6334614020_2.jpg,0.57
6334653559_1.jpg,4.82
6334673664_1.jpg,7.53
6334673664_2.jpg,5.24
6334674884_1.jpg,3.50
6334674884_2.jpg,0.88
6334674884_3.jpg,49.57
6334674884_4.jpg,56.61
6334674884_5.jpg,54.50
6334674884_6.jpg,2.72
6334674884_7.jpg,2.51
6334676352_1.jpg,9.72
6334700315_1.jpg,3.54
6334700776_1.jpg,9.79
6334700776_2.jpg,8.33
6334706604_1.jpg,17.63
6334706623_1.jpg,6.30
6334711318_1.jpg,13.08
6334745568_1.jpg,13.75
6334745568_2.jpg,5.59
6334745568_3.jpg,4.77
6334748546_1.jpg,5.94
6334748546_10.jpg,4.96
6334748546_11.jpg,14.34
6334748546_2.jpg,16.46
6334748546_3.jpg,5.15
6334748546_4.jpg,7.10
6334748546_5.jpg,9.77
6334748546_6.jpg,5.03
6334748546_7.jpg,25.63
6334748546_8.jpg,3.82
6334748546_9.jpg,3.69
6334750590_1.jpg,0.96
6334750590_2.jpg,0.64
6334750590_3.jpg,0.54
6334750590_4.jpg,0.54
6334805825_1.jpg,8.04
6334828638_1.jpg,3.71
6334866585_1.jpg,7.22
6334881640_1.jpg,5.04
6334892804_1.jpg,0.66
6334896765_1.jpg,1.62
6334899016_1.jpg,44.82
6334899016_2.jpg,18.61
6334899016_3.jpg,7.94
6334899016_4.jpg,5.46
6334899016_5.jpg,9.41
6334918676_1.jpg,11.80
6334925419_1.jpg,12.66
6334936486_1.jpg,20.83
6334936486_2.jpg,41.89
6334936486_3.jpg,53.82
6334936486_4.jpg,22.09
6334977341_1.jpg,3.01
6334977341_10.jpg,5.97
6334977341_11.jpg,5.61
6334977341_12.jpg,2.67
6334977341_13.jpg,4.06
6334977341_14.jpg,1.59
6334977341_15.jpg,4.68
6334977341_16.jpg,3.84
6334977341_17.jpg,3.78
6334977341_2.jpg,2.96
6334977341_3.jpg,3.39
6334977341_4.jpg,2.95
6334977341_5.jpg,2.38
6334977341_6.jpg,3.94
6334977341_7.jpg,2.80
6334977341_8.jpg,3.62
6334977341_9.jpg,4.50
6334988649_1.jpg,9.97
6337970441_1.jpg,4.78
6337970441_2.jpg,3.33
6337970441_3.jpg,1.35
6337971499_1.jpg,7.76
6337974586_1.jpg,34.78
6338006564_1.jpg,12.52
6338013520_1.jpg,58.57
6338017331_1.jpg,1.90
6338017331_2.jpg,5.11
6338023435_1.jpg,17.28
6338037634_1.jpg,5.88
6338037634_2.jpg,3.18
6338041678_1.jpg,6.81
6338044616_1.jpg,55.01
6338071501_1.jpg,27.53
6338071501_2.jpg,6.52
6338085422_1.jpg,4.59
6338134415_1.jpg,10.45
6341666944_1.jpg,12.13
6341685702_1.jpg,1.39
6341688471_1.jpg,0.69
6341713669_1.jpg,5.94
6341730129_1.jpg,2.02
6341781232_1.jpg,4.05
6341809969_1.jpg,10.46
6341838572_1.jpg,2.48
6341849006_1.jpg,0.29
6341908367_1.jpg,1.94
6341908367_2.jpg,3.90
6341910985_1.jpg,5.54
6341935750_1.jpg,0.00
6342012958_1.jpg,6.24
6342012958_2.jpg,3.02
6342012958_3.jpg,3.59
6342068160_1.jpg,7.86
6342197307_1.jpg,2.99
6342318908_1.jpg,3.31
6342318908_2.jpg,3.43
6342329323_1.jpg,17.26
6342329323_2.jpg,5.86
6342359656_1.jpg,20.27
6342518819_1.jpg,8.76
6342536967_1.jpg,0.72
6342560698_1.jpg,6.11
6342561943_1.jpg,1.33
6342563484_1.jpg,8.09
6342584864_1.jpg,4.85
6342588521_1.jpg,6.58
6342668130_1.jpg,20.43
6342692262_1.jpg,3.86
6342707485_1.jpg,14.37
6342720019_1.jpg,26.06
6342720019_2.jpg,4.81
6342730604_1.jpg,11.78
6342733839_1.jpg,10.77
6342804927_1.jpg,23.32
6342810296_1.jpg,8.22
6342983662_1.jpg,12.40
6342988453_1.jpg,10.75
6343046937_1.jpg,12.72
6343046937_2.jpg,6.74
6343046937_3.jpg,1.22
6343046937_4.jpg,13.19
6343070436_1.jpg,14.00
6343083191_1.jpg,5.89
6343094623_1.jpg,4.43
6343096949_1.jpg,2.36
6343096949_2.jpg,5.13
6343096949_3.jpg,11.23
6343150658_1.jpg,32.33
6343164938_1.jpg,0.25
6343328441_1.jpg,3.26
6343348032_1.jpg,5.46
6343363417_1.jpg,39.48
6343380341_1.jpg,15.59
6343382016_1.jpg,6.68
6343406563_1.jpg,4.11
6343440970_1.jpg,2.31
6343508923_1.jpg,2.54
6343530209_1.jpg,9.29
6343547557_1.jpg,3.24
6343830983_1.jpg,3.60
6343870680_1.jpg,5.88
6343872685_1.jpg,11.03
6343935474_1.jpg,1.37
6343943670_1.jpg,7.33
6343943864_1.jpg,6.46
6343981984_1.jpg,6.18
6343981984_2.jpg,5.36
6344020689_1.jpg,2.83
6344020689_2.jpg,2.49
6344113071_1.jpg,2.09
6344144373_1.jpg,2.44
6344144373_2.jpg,6.77
6344151778_1.jpg,24.97
6344176794_1.jpg,3.55
6344181311_1.jpg,15.27
6344199010_1.jpg,6.45
6344214224_1.jpg,2.69
6344218271_1.jpg,5.32
6344224546_1.jpg,10.12
6344289022_1.jpg,1.16
6344316594_1.jpg,1.08
6344356371_1.jpg,12.65
6344388827_1.jpg,8.60
6344388827_2.jpg,8.53
6344391146_1.jpg,12.03
6344402037_1.jpg,5.01
6344565075_1.jpg,5.35
6344590014_1.jpg,7.55
6344613361_1.jpg,4.97
6344679869_1.jpg,4.76
6344679869_2.jpg,7.69
6344720584_1.jpg,4.00
6344772516_1.jpg,6.43
6344774419_1.jpg,38.30
6344774419_10.jpg,15.34
6344774419_11.jpg,16.14
6344774419_12.jpg,1.92
6344774419_13.jpg,3.90
6344774419_14.jpg,2.22
6344774419_15.jpg,2.51
6344774419_16.jpg,2.63
6344774419_17.jpg,2.48
6344774419_18.jpg,5.51
6344774419_19.jpg,1.78
6344774419_2.jpg,11.17
6344774419_20.jpg,4.08
6344774419_21.jpg,2.14
6344774419_22.jpg,1.53
6344774419_23.jpg,6.55
6344774419_3.jpg,9.25
6344774419_4.jpg,36.50
6344774419_5.jpg,15.03
6344774419_6.jpg,9.56
6344774419_7.jpg,32.76
6344774419_8.jpg,14.22
6344774419_9.jpg,36.73
6344817284_1.jpg,4.23
6344817284_2.jpg,4.46
6344822960_1.jpg,7.79
6344859807_1.jpg,7.91
6344859807_2.jpg,0.47
6344891903_1.jpg,13.73
6344965585_1.jpg,0.85
6344983865_1.jpg,5.69
6345013158_1.jpg,3.94
6345013158_2.jpg,2.72
6345038516_1.jpg,6.24
6352285078_1.jpg,4.39
6352285078_2.jpg,10.44
6352285874_1.jpg,3.14
6352285874_2.jpg,2.19
6352285874_3.jpg,2.12
6352285874_4.jpg,1.46
6352291037_1.jpg,7.11
6352291037_2.jpg,5.12
6352291037_3.jpg,10.70
6352295114_1.jpg,10.34
6352300768_1.jpg,6.29
6352301388_1.jpg,20.57
6352301388_2.jpg,15.92
6352301388_3.jpg,19.10
6352301388_4.jpg,18.42
6352308895_1.jpg,9.40
6352308895_2.jpg,3.67
6352308895_3.jpg,1.67
6352331590_1.jpg,3.50
6352331590_2.jpg,3.38
6352362013_1.jpg,1.31
6352362013_2.jpg,0.82
6352362013_3.jpg,0.58
6352362013_4.jpg,0.66
6352362013_5.jpg,0.47
6352368878_1.jpg,6.34
6352430051_1.jpg,17.16
6352430430_1.jpg,9.23
6352432044_1.jpg,1.47
6352432044_2.jpg,1.11
6352463839_1.jpg,5.13
6352468714_1.jpg,11.77
6352482368_1.jpg,45.33
6352482368_2.jpg,33.19
6352490594_1.jpg,6.29
6352490594_2.jpg,4.69
6352490594_3.jpg,3.06
6352490594_4.jpg,2.79
6352490594_5.jpg,0.30
6352517530_1.jpg,0.28
6352517530_2.jpg,0.27
6352536057_1.jpg,3.77
6352605550_1.jpg,0.31
6352612898_1.jpg,2.88
6352649342_1.jpg,1.96
6352649342_2.jpg,1.24
6352651907_1.jpg,1.08
6352663763_1.jpg,11.84
6352684740_1.jpg,4.37
6352684740_2.jpg,2.93
6352684740_3.jpg,6.58
6352729563_1.jpg,10.95
6352729636_1.jpg,40.92
6352740906_1.jpg,0.00
6352759974_1.jpg,4.06
6352762863_1.jpg,4.53
6352764446_1.jpg,0.49
6352772611_1.jpg,2.93
6352788970_1.jpg,1.24
6352801038_1.jpg,14.46
6352801038_2.jpg,13.13
6352801038_3.jpg,16.80
6352801038_4.jpg,7.45
6352801038_5.jpg,6.00
6352805642_1.jpg,8.95
6352805642_2.jpg,3.92
6352854456_1.jpg,9.17
6352875834_1.jpg,3.91
6352901890_1.jpg,0.89
6352923486_1.jpg,5.88
6352923486_2.jpg,23.77
6352923486_3.jpg,17.05
6352923486_4.jpg,1.93
6352923486_5.jpg,1.59
6352931581_1.jpg,4.87
6352942722_1.jpg,52.82
6352967419_1.jpg,0.99
6352978996_1.jpg,32.83
6352982548_1.jpg,0.32
6352985625_1.jpg,32.48
6352999407_1.jpg,28.08
6353013696_1.jpg,0.57
6353014761_1.jpg,19.36
6353014761_2.jpg,10.66
6353014761_3.jpg,35.46
6353015769_1.jpg,7.15
6353016594_1.jpg,3.21
6353025406_1.jpg,2.76
6353025406_2.jpg,5.14
6353059598_1.jpg,1.55
6353059598_2.jpg,2.96
6353066958_1.jpg,11.67
6353071107_1.jpg,33.12
6353071107_2.jpg,82.51
6353078346_1.jpg,1.66
6353092667_1.jpg,30.54
6353092911_1.jpg,2.91
6353092911_2.jpg,11.13
6353092911_3.jpg,11.09
6353109965_1.jpg,7.06
6353109965_2.jpg,3.91
6353109965_3.jpg,1.27
6353109965_4.jpg,1.29
6353168559_1.jpg,8.06
6353168559_2.jpg,6.54
6353168559_3.jpg,5.61
6353169356_1.jpg,2.52
6353169356_2.jpg,2.08
6353186572_1.jpg,3.75
6353205350_1.jpg,56.89
6353213071_1.jpg,5.62
6353243821_1.jpg,36.12
6353281005_1.jpg,1.81
6353281005_2.jpg,1.93
6353281005_3.jpg,0.18
6353310332_1.jpg,17.70
6353310332_2.jpg,18.76
6353310332_3.jpg,16.53
6353310470_1.jpg,1.36
6353343630_1.jpg,1.35
6353346358_1.jpg,4.93
6353346358_2.jpg,19.61
6353385334_1.jpg,11.10
6353385334_2.jpg,33.37
6353385334_3.jpg,20.61
6356470317_1.jpg,1.80
6356476537_1.jpg,4.20
6356504582_1.jpg,34.35
6356504582_2.jpg,42.40
6356511316_1.jpg,5.77
6356516611_1.jpg,39.27
6356544328_1.jpg,0.40
6356551407_1.jpg,1.08
6356562541_1.jpg,4.58
6363959677_1.jpg,0.04
6363985360_1.jpg,11.27
6363992547_1.jpg,2.60
6364030627_1.jpg,10.16
6364031647_1.jpg,29.68
6364063666_1.jpg,1.19
6364071329_1.jpg,6.06
6364109616_1.jpg,1.12
6395344506_1.jpg,6.35
6395350604_1.jpg,11.28
6395372379_1.jpg,12.08
6395372379_2.jpg,34.27
6395385330_1.jpg,18.34
6395392330_1.jpg,12.58
6395401601_1.jpg,27.17
6395401601_2.jpg,9.41
6395527402_1.jpg,20.99
6395528352_1.jpg,14.25
6398564838_1.jpg,3.38
6398583722_1.jpg,0.01
6398593630_1.jpg,2.68
6398609060_1.jpg,8.91
6398610203_1.jpg,3.07
6398610203_2.jpg,0.65
6398610568_1.jpg,36.24
6398610568_2.jpg,0.20
6398616109_1.jpg,1.77
6398619165_1.jpg,9.07
6398619165_2.jpg,8.16
6398619165_3.jpg,5.62
6398640591_1.jpg,5.94
6398654968_1.jpg,1.43
6398673013_1.jpg,12.43
6398673013_2.jpg,10.42
6398673013_3.jpg,9.99
6398673234_1.jpg,1.15
6398702576_1.jpg,3.76
6398725754_1.jpg,0.96
6398733175_1.jpg,1.91
6398733175_2.jpg,0.97
6398758443_1.jpg,0.13
6398758443_2.jpg,0.08
6398775601_1.jpg,2.20
6398780464_1.jpg,7.04
6398785202_1.jpg,12.92
6398785202_2.jpg,13.63
6398796028_1.jpg,0.20
6398859463_1.jpg,13.60
6398859463_2.jpg,1.59
6398881916_1.jpg,4.88
6398881916_2.jpg,7.06
6398881916_3.jpg,7.59
6398881916_4.jpg,2.68
6398881916_5.jpg,2.75
6398892686_1.jpg,1.36
6398925814_1.jpg,1.17
6398930454_1.jpg,4.96
6398934364_1.jpg,1.72
6398943789_1.jpg,7.00
6398943789_2.jpg,2.46
6398943789_3.jpg,3.88
6398943789_4.jpg,7.09
6398943789_5.jpg,10.59
6398943789_6.jpg,0.02
6398943789_7.jpg,0.00
6398960586_1.jpg,3.48
6398970457_1.jpg,2.03
6399017529_1.jpg,5.72
6399017529_2.jpg,4.28
6399017529_3.jpg,1.94
6399017529_4.jpg,3.34
6399017529_5.jpg,0.77
6399017529_6.jpg,1.22
6399053346_1.jpg,8.28
6399064396_1.jpg,1.30
6399076661_1.jpg,0.59
6399076661_2.jpg,0.66
6399109073_1.jpg,19.64
6399115017_1.jpg,3.40
6399115017_2.jpg,4.90
6399115017_3.jpg,4.63
6399115017_4.jpg,2.56
6399117470_1.jpg,2.52
6399122401_1.jpg,3.34
6399138810_1.jpg,10.11
6399144935_1.jpg,3.73
6399144935_2.jpg,3.17
6399157491_1.jpg,5.18
6399162904_1.jpg,11.60
6399177666_1.jpg,21.81
6399188714_1.jpg,1.06
6399212547_1.jpg,5.85
6399232598_1.jpg,2.87
6399232598_2.jpg,3.31
6399235113_1.jpg,2.21
6399259765_1.jpg,0.24
6399264005_1.jpg,25.21
6399264005_2.jpg,15.21
6399274825_1.jpg,12.47
6399281540_1.jpg,1.22
6399291886_1.jpg,6.71
6399292500_1.jpg,2.09
6399306759_1.jpg,7.02
6399326830_1.jpg,3.80
6399352370_1.jpg,2.15
6399353679_1.jpg,21.08
6399353679_10.jpg,3.61
6399353679_11.jpg,4.91
6399353679_2.jpg,3.87
6399353679_3.jpg,4.37
6399353679_4.jpg,5.81
6399353679_5.jpg,4.85
6399353679_6.jpg,4.91
6399353679_7.jpg,5.11
6399353679_8.jpg,14.57
6399353679_9.jpg,2.19
6399378434_1.jpg,5.64
6399397602_1.jpg,7.03
6399397602_2.jpg,3.96
6399397602_3.jpg,4.24
6399446441_1.jpg,0.70
6399448360_1.jpg,1.20
6399472692_1.jpg,0.00
6399485489_1.jpg,7.86
6399485489_2.jpg,7.33
6399499688_1.jpg,8.92
6399501426_1.jpg,10.74
6399520747_1.jpg,1.17
6399520747_2.jpg,3.41
6399523890_1.jpg,4.30
6399532473_1.jpg,3.07
6399537544_1.jpg,12.70
6399537544_2.jpg,2.33
6399549994_1.jpg,0.00
6399596641_1.jpg,3.97
6399606573_1.jpg,2.75
6399612451_1.jpg,1.59
6399643608_1.jpg,16.45
6399643608_2.jpg,2.80
6399644565_1.jpg,14.79
6399663763_1.jpg,0.18
6399671506_1.jpg,0.82
6399671506_2.jpg,4.75
6399671506_3.jpg,0.67
6399695984_1.jpg,7.21
6399702783_1.jpg,13.29
6399719003_1.jpg,6.79
6399754620_1.jpg,3.90
6399762794_1.jpg,1.79
6399762794_2.jpg,2.44
6399783782_1.jpg,1.08
6399852670_1.jpg,1.25
6399852670_2.jpg,1.09
6399852670_3.jpg,0.57
6399860476_1.jpg,1.24
6399881677_1.jpg,15.21
6399881677_2.jpg,19.22
6399881677_3.jpg,20.30
6399889534_1.jpg,11.07
6399895749_1.jpg,4.64
6399900358_1.jpg,5.88
6399910998_1.jpg,0.00
6399911477_1.jpg,23.65
6399914222_1.jpg,7.38
6399940353_1.jpg,7.63
6400006695_1.jpg,12.92
6400016382_1.jpg,10.07
6400016382_2.jpg,7.69
6400034649_1.jpg,7.44
6400034649_2.jpg,3.63
6400034649_3.jpg,7.30
6400034649_4.jpg,3.27
6400077306_1.jpg,32.77
6400077306_10.jpg,9.58
6400077306_11.jpg,9.08
6400077306_2.jpg,2.80
6400077306_3.jpg,2.29
6400077306_4.jpg,4.40
6400077306_5.jpg,0.00
6400077306_6.jpg,9.63
6400077306_7.jpg,10.20
6400077306_8.jpg,10.17
6400077306_9.jpg,9.96
6400084511_1.jpg,4.59
6400116610_1.jpg,0.36
6400138561_1.jpg,0.84
6400138561_2.jpg,5.15
6400138561_3.jpg,2.89
6400138561_4.jpg,10.92
6400138561_5.jpg,12.59
6400138561_6.jpg,4.71
6400138561_7.jpg,4.29
6400138561_8.jpg,3.01
6400164386_1.jpg,1.02
6400164786_1.jpg,12.90
6400165557_1.jpg,2.02
6400165557_2.jpg,2.20
6400165557_3.jpg,0.36
6400170341_1.jpg,1.63
6400170341_10.jpg,0.00
6400170341_11.jpg,4.93
6400170341_2.jpg,0.89
6400170341_3.jpg,0.98
6400170341_4.jpg,0.75
6400170341_5.jpg,2.90
6400170341_6.jpg,0.99
6400170341_7.jpg,0.22
6400170341_8.jpg,0.00
6400170341_9.jpg,0.12
6400212812_1.jpg,0.15
6400237534_1.jpg,6.61
6400285328_1.jpg,4.92
6400287697_1.jpg,4.95
6400287697_2.jpg,3.14
6400299699_1.jpg,4.64
6400324435_1.jpg,2.67
6400337553_1.jpg,6.40
6400337553_2.jpg,9.03
6400337553_3.jpg,11.86
6400338394_1.jpg,62.88
6400338394_2.jpg,27.92
6400348472_1.jpg,1.64
6400352610_1.jpg,3.81
6400352610_2.jpg,0.21
6400371515_1.jpg,2.29
6400400409_1.jpg,4.27
6400459725_1.jpg,13.22
6400459725_2.jpg,13.29
6400463390_1.jpg,7.02
6400463390_2.jpg,1.07
6400463390_3.jpg,1.69
6400473541_1.jpg,0.00
6400506381_1.jpg,1.61
6400506381_2.jpg,2.50
6400515397_1.jpg,1.48
6400526600_1.jpg,3.03
6400591169_1.jpg,14.03
6400616607_1.jpg,2.87
6400616682_1.jpg,0.16
6400670175_1.jpg,0.26
6400704882_1.jpg,0.59
6400704882_2.jpg,2.55
6400726564_1.jpg,0.67
6400745825_1.jpg,0.88
6400765351_1.jpg,12.72
6400854435_1.jpg,7.86
6400857433_1.jpg,5.46
6400857433_2.jpg,2.35
6400902412_1.jpg,0.85
6400902412_2.jpg,15.98
6400923436_1.jpg,0.39
6400923436_2.jpg,0.49
6400923436_3.jpg,0.00
6400923436_4.jpg,0.00
6400923436_5.jpg,0.00
6400923436_6.jpg,0.00
6400923436_7.jpg,0.00
6405563470_1.jpg,8.27
6405630527_1.jpg,9.87
6405642610_1.jpg,3.95
6405696502_1.jpg,0.83
6405714435_1.jpg,6.10
6405737451_1.jpg,4.54
6405737451_2.jpg,5.36
6405737451_3.jpg,3.56
6405737451_4.jpg,5.52
6405746534_1.jpg,0.43
6405746534_2.jpg,2.56
6405758350_1.jpg,13.54
6410569006_1.jpg,11.81
6410620327_1.jpg,40.94
6410621416_1.jpg,16.87
6410671879_1.jpg,4.87
6410677478_1.jpg,32.56
6410677478_2.jpg,34.80
6410677478_3.jpg,17.39
6410717437_1.jpg,14.24
6410717437_2.jpg,12.24
6410750547_1.jpg,15.66
6410764160_1.jpg,1.95
6410813467_1.jpg,3.49
6410831435_1.jpg,2.86
6410831435_2.jpg,1.53
6410892385_1.jpg,7.27
6410905732_1.jpg,1.67
6410971442_1.jpg,6.31
6410996651_1.jpg,3.40
6410996651_2.jpg,15.58
6411007215_1.jpg,2.03
6411019077_1.jpg,11.38
6411078141_1.jpg,12.04
6411078141_2.jpg,2.68
6411133113_1.jpg,3.44
6411133113_2.jpg,19.65
6411133113_3.jpg,10.39
6411133113_4.jpg,0.07
6411142558_1.jpg,22.04
6411149211_1.jpg,4.63
6411149211_2.jpg,9.43
6411185575_1.jpg,2.78
6411194980_1.jpg,3.59
6411202168_1.jpg,21.36
6411218873_1.jpg,17.75
6411340782_1.jpg,8.43
6411355813_1.jpg,4.00
6411362430_1.jpg,9.21
6411385343_1.jpg,12.05
6411421385_1.jpg,6.51
6411577885_1.jpg,13.22
6411605462_1.jpg,4.14
6411607202_1.jpg,25.65
6411777544_1.jpg,1.35
6411825476_1.jpg,2.59
6411906758_1.jpg,6.26
6411939877_1.jpg,3.05
6411950971_1.jpg,20.14
6411950971_2.jpg,5.44
6412050058_1.jpg,1.48
6412054541_1.jpg,6.76
6412091818_1.jpg,5.54
6412117312_1.jpg,4.01
6412140402_1.jpg,19.35
6412240662_1.jpg,3.83
6412272777_1.jpg,6.71
6412276656_1.jpg,0.04
6412308752_1.jpg,5.23
6412308752_2.jpg,7.31
6412308752_3.jpg,16.48
6412308752_4.jpg,37.18
6412366593_1.jpg,27.16
6412394580_1.jpg,2.57
6412394580_2.jpg,7.34
6412394580_3.jpg,2.13
6412414792_1.jpg,4.30
6412443562_1.jpg,14.99
6412504159_1.jpg,6.64
6412524867_1.jpg,16.47
6412524867_2.jpg,10.06
6412524867_3.jpg,8.32
6412524867_4.jpg,9.85
6412533223_1.jpg,0.64
6412572428_1.jpg,8.13
6412582582_1.jpg,10.33
6412820675_1.jpg,2.96
6412823638_1.jpg,0.62
6412823638_2.jpg,1.19
6412952953_1.jpg,0.15
6412990156_1.jpg,10.84
6412999540_1.jpg,16.49
6412999540_2.jpg,13.79
6412999540_3.jpg,12.70
6413007507_1.jpg,2.34
6413035909_1.jpg,3.98
6413044976_1.jpg,3.22
6413049138_1.jpg,4.22
6413077628_1.jpg,0.00
6413137031_1.jpg,3.08
6413152735_1.jpg,0.24
6413152735_2.jpg,0.03
6413152735_3.jpg,1.75
6413152735_4.jpg,0.80
6413154588_1.jpg,4.23
6413158953_1.jpg,0.00
6413169732_1.jpg,7.60
6413169732_2.jpg,4.98
6413173715_1.jpg,3.64
6413181603_1.jpg,0.00
6413181603_2.jpg,5.71
6413218608_1.jpg,6.13
6413300350_1.jpg,0.75
6413300350_2.jpg,1.42
6413306968_1.jpg,7.12
6413335306_1.jpg,7.15
6413336369_1.jpg,0.92
6413338918_1.jpg,9.09
6413338918_2.jpg,7.29
6413358476_1.jpg,3.79
6413358476_10.jpg,5.23
6413358476_2.jpg,2.99
6413358476_3.jpg,6.40
6413358476_4.jpg,5.27
6413358476_5.jpg,1.09
6413358476_6.jpg,2.49
6413358476_7.jpg,1.46
6413358476_8.jpg,2.03
6413358476_9.jpg,4.44
6413372716_1.jpg,1.64
6413372716_2.jpg,1.39
6413372716_3.jpg,0.92
6413372716_4.jpg,2.38
6413374775_1.jpg,1.95
6413379745_1.jpg,3.39
6413387122_1.jpg,4.54
6413389124_1.jpg,0.54
6413389124_2.jpg,0.39
6413399871_1.jpg,2.10
6413405378_1.jpg,2.79
6413405378_2.jpg,2.44
6413405378_3.jpg,0.08
6413407032_1.jpg,3.39
6413410707_1.jpg,17.32
6413410984_1.jpg,7.14
6413410984_2.jpg,3.66
6413410984_3.jpg,5.53
6413410984_4.jpg,4.96
6413411707_1.jpg,2.27
6413413799_1.jpg,2.91
6413413906_1.jpg,1.20
6413413906_2.jpg,1.57
6413413906_3.jpg,2.80
6413434814_1.jpg,3.95
6413442034_1.jpg,1.85
6413446002_1.jpg,3.56
6413446002_2.jpg,11.33
6413446002_3.jpg,1.38
6413489941_1.jpg,8.68
6413501995_1.jpg,1.54
6413503889_1.jpg,1.78
6413517976_1.jpg,4.22
6413517976_2.jpg,0.97
6413517976_3.jpg,3.65
6413531866_1.jpg,2.00
6413543852_1.jpg,2.50
6413554527_1.jpg,3.65
6413611318_1.jpg,22.91
6413620786_1.jpg,0.95
6413631583_1.jpg,9.68
6413631583_2.jpg,9.51
6413631583_3.jpg,9.29
6413631583_4.jpg,8.65
6413667820_1.jpg,1.07
6413669843_1.jpg,5.82
6413670426_1.jpg,3.37
6413670426_2.jpg,2.06
6413670426_3.jpg,1.84
6413674601_1.jpg,0.00
6413680939_1.jpg,2.03
6413683546_1.jpg,7.72
6413683546_2.jpg,0.38
6413688322_1.jpg,4.39
6413706490_1.jpg,3.18
6413730691_1.jpg,15.23
6413751459_1.jpg,0.04
6413761057_1.jpg,4.48
6413761057_2.jpg,12.51
6413761057_3.jpg,12.34
6413761057_4.jpg,8.75
6413761057_5.jpg,8.18
6413777793_1.jpg,0.01
6413777793_2.jpg,0.22
6413784874_1.jpg,0.99
6413784874_2.jpg,0.47
6413799839_1.jpg,14.18
6413813418_1.jpg,2.26
6413837567_1.jpg,9.10
6413846502_1.jpg,2.46
6413875910_1.jpg,0.25
6413883326_1.jpg,4.31
6413894387_1.jpg,5.14
6413953315_1.jpg,4.98
6413962799_1.jpg,10.07
6413975777_1.jpg,2.77
6413989834_1.jpg,2.93
6413989834_2.jpg,2.69
6414016819_1.jpg,2.37
6414030705_1.jpg,13.32
6414044455_1.jpg,17.77
6414044455_2.jpg,22.31
6414044455_3.jpg,20.41
6414044455_4.jpg,9.93
6414089893_1.jpg,2.91
6414092469_1.jpg,0.89
6414092469_2.jpg,1.04
6414092469_3.jpg,0.98
6414101631_1.jpg,8.37
6414101631_2.jpg,6.86
6414101631_3.jpg,4.72
6419678389_1.jpg,20.81
6419708469_1.jpg,1.55
6419848496_1.jpg,1.29
6422025307_1.jpg,1.78
6422044399_1.jpg,4.61
6422044399_2.jpg,4.62
6422047842_1.jpg,8.32
6422059484_1.jpg,10.79
6422067515_1.jpg,0.85
6422067515_2.jpg,0.29
6422067515_3.jpg,0.85
6422067515_4.jpg,0.81
6422072343_1.jpg,0.13
6422133975_1.jpg,1.43
6422133975_2.jpg,2.26
6422143102_1.jpg,12.43
6422143102_2.jpg,17.09
6422143102_3.jpg,12.25
6422143102_4.jpg,14.05
6422143102_5.jpg,16.71
6422155917_1.jpg,4.05
6422162834_1.jpg,1.57
6422198950_1.jpg,8.64
6422205333_1.jpg,0.57
6422215028_1.jpg,0.59
6422231786_1.jpg,8.03
6422231786_2.jpg,3.88
6422267899_1.jpg,5.38
6422267899_2.jpg,2.65
6422295002_1.jpg,7.14
6422319422_1.jpg,16.61
6422319422_2.jpg,17.11
6422373647_1.jpg,3.02
6422379306_1.jpg,8.59
6422437056_1.jpg,2.97
6422454080_1.jpg,5.02
6422454080_2.jpg,6.60
6422467930_1.jpg,0.76
6422467930_2.jpg,0.09
6422467930_3.jpg,0.48
6422474436_1.jpg,22.02
6422480080_1.jpg,14.41
6422499898_1.jpg,1.59
6422512610_1.jpg,2.95
6422559709_1.jpg,1.62
6422559709_2.jpg,1.24
6422560450_1.jpg,2.01
6422563925_1.jpg,7.82
6422563925_2.jpg,10.76
6422563925_3.jpg,6.74
6422568384_1.jpg,0.62
6422596392_1.jpg,36.50
6422596392_2.jpg,31.63
6422604923_1.jpg,3.48
6422613753_1.jpg,8.20
6422613753_2.jpg,2.40
6422613753_3.jpg,2.29
6422679830_1.jpg,1.20
6422679830_2.jpg,1.38
6422685514_1.jpg,3.71
6422727363_1.jpg,5.54
6422774675_1.jpg,38.38
6422774675_2.jpg,9.18
6422818380_1.jpg,1.04
6422818380_2.jpg,0.86
6422818380_3.jpg,0.82
6422862790_1.jpg,19.70
6422914725_1.jpg,0.34
6422914725_2.jpg,0.30
6422917889_1.jpg,18.28
6422946506_1.jpg,2.20
6422950406_1.jpg,5.25
6422950802_1.jpg,2.67
6423008031_1.jpg,2.83
6423051613_1.jpg,1.78
6423055372_1.jpg,13.31
6423055372_2.jpg,17.94
6423058497_1.jpg,1.48
6423058497_2.jpg,1.73
6423058497_3.jpg,1.36
6423075768_1.jpg,9.48
6423075768_2.jpg,9.37
6423075768_3.jpg,3.44
6423097787_1.jpg,0.41
6423097787_2.jpg,2.47
6423097787_3.jpg,2.77
6423125554_1.jpg,7.26
6423149387_1.jpg,2.79
6423149387_2.jpg,0.74
6423158716_1.jpg,2.55
6423216473_1.jpg,0.92
6423220731_1.jpg,3.18
6423513611_1.jpg,3.63
6423513611_2.jpg,53.56
6423520681_1.jpg,5.47
6423537620_1.jpg,24.77
6423563764_1.jpg,2.52
6423595632_1.jpg,5.02
6423600403_1.jpg,0.68
6423642710_1.jpg,5.70
6423662574_1.jpg,2.62
6423662574_2.jpg,5.82
6423662574_3.jpg,3.34
6423662574_4.jpg,4.84
6423668461_1.jpg,15.97
6423668461_2.jpg,8.10
6423668461_3.jpg,18.43
6423679533_1.jpg,10.83
6423689631_1.jpg,0.00
6423689631_2.jpg,0.09
6423689631_3.jpg,0.19
6423689631_4.jpg,0.61
6423697521_1.jpg,3.97
6423706775_1.jpg,18.33
6423706775_2.jpg,13.96
6423706775_3.jpg,4.01
6423706775_4.jpg,8.95
6423706775_5.jpg,8.47
6423706775_6.jpg,2.87
6423749349_1.jpg,7.94
6423779474_1.jpg,19.10
6423779474_2.jpg,12.00
6423779474_3.jpg,12.00
6423883720_1.jpg,4.63
6423895732_1.jpg,3.23
6423898365_1.jpg,3.57
6423905317_1.jpg,3.94
6423945651_1.jpg,6.17
6423952310_1.jpg,1.27
6423952310_2.jpg,13.27
6424021671_1.jpg,12.87
6424155346_1.jpg,1.28
6424193757_1.jpg,1.98
6424242497_1.jpg,2.25
6424249732_1.jpg,2.32
6424266307_1.jpg,4.18
6424320609_1.jpg,14.47
6424394453_1.jpg,15.37
6424394453_2.jpg,18.57
6424394453_3.jpg,6.99
6424395742_1.jpg,17.27
6424395742_2.jpg,11.12
6424525674_1.jpg,13.15
6424525674_2.jpg,7.93
6424525674_3.jpg,7.39
6424525674_4.jpg,2.94
6424579721_1.jpg,13.60
6424598676_1.jpg,2.37
6424618393_1.jpg,1.38
6424624665_1.jpg,22.05
6424674612_1.jpg,13.66
6427885441_1.jpg,0.98
6427885441_2.jpg,8.78
6427942571_1.jpg,23.91
6427950363_1.jpg,2.85
6427955326_1.jpg,9.66
6427962364_1.jpg,7.57
6427965454_1.jpg,4.79
6427965454_2.jpg,6.43
6427965454_3.jpg,14.10
6428033444_1.jpg,4.64
6428049453_1.jpg,12.54
6428049453_2.jpg,22.96
6428049453_3.jpg,4.53
6430814660_1.jpg,10.90
6430826314_1.jpg,20.02
6430826314_2.jpg,10.34
6430848324_1.jpg,20.36
6430895322_1.jpg,17.35
6430896499_1.jpg,20.17
6430896499_2.jpg,3.71
6430896499_3.jpg,1.63
6430899922_1.jpg,20.53
6430899922_2.jpg,12.61
6430927660_1.jpg,17.07
6430927660_2.jpg,13.99
6430927660_3.jpg,18.65
6430927660_4.jpg,5.60
6430927660_5.jpg,11.24
6430927660_6.jpg,19.40
6430927660_7.jpg,24.13
6430927660_8.jpg,31.13
6430927660_9.jpg,32.76
6430933759_1.jpg,3.87
6430933759_2.jpg,3.57
6430933759_3.jpg,5.75
6430933759_4.jpg,4.80
6430933759_5.jpg,2.76
6430954656_1.jpg,1.01
6431025894_1.jpg,2.74
6431046789_1.jpg,13.85
6431046789_2.jpg,17.93
6431046789_3.jpg,16.22
6431046789_4.jpg,10.47
6431046789_5.jpg,5.03
6431056034_1.jpg,1.13
6431088093_1.jpg,9.34
6431099306_1.jpg,5.44
6431147668_1.jpg,3.76
6431162010_1.jpg,2.23
6431162010_2.jpg,2.24
6431162822_1.jpg,3.31
6431254668_1.jpg,4.97
6431268333_1.jpg,3.51
6431268333_2.jpg,9.30
6431268333_3.jpg,4.28
6431284335_1.jpg,13.96
6431291354_1.jpg,0.72
6431304513_1.jpg,1.76
6431411005_1.jpg,0.28
6431476880_1.jpg,4.99
6431476880_2.jpg,1.32
6431537919_1.jpg,2.12
6431537919_2.jpg,3.43
6431608364_1.jpg,3.16
6431608364_2.jpg,2.41
6431623916_1.jpg,4.87
6431623916_10.jpg,1.02
6431623916_2.jpg,5.01
6431623916_3.jpg,0.53
6431623916_4.jpg,1.89
6431623916_5.jpg,4.23
6431623916_6.jpg,2.20
6431623916_7.jpg,2.04
6431623916_8.jpg,1.66
6431623916_9.jpg,1.60
6431634377_1.jpg,9.25
6431658941_1.jpg,3.85
6431669707_1.jpg,8.20
6431669707_2.jpg,3.88
6431670975_1.jpg,5.15
6431670975_2.jpg,3.33
6431670975_3.jpg,4.58
6431722748_1.jpg,0.21
6431722748_2.jpg,1.97
6431737060_1.jpg,44.15
6431737060_2.jpg,43.99
6431772033_1.jpg,23.94
6431818017_1.jpg,0.98
6431818017_2.jpg,0.63
6431818017_3.jpg,0.89
6431818017_4.jpg,1.20
6431835848_1.jpg,2.42
6431835974_1.jpg,1.26
6431869965_1.jpg,14.81
6431911979_1.jpg,17.89
6431911979_2.jpg,7.99
6431911979_3.jpg,7.72
6431911979_4.jpg,10.73
6431911979_5.jpg,4.24
6431936704_1.jpg,2.06
6431936704_2.jpg,4.02
6434772421_1.jpg,0.02
6434787399_1.jpg,3.45
6434822448_1.jpg,9.90
6434823584_1.jpg,0.33
6434823584_2.jpg,0.00
6434863391_1.jpg,3.51
6434867321_1.jpg,4.39
6434867321_2.jpg,7.34
6434867321_3.jpg,6.87
6434867321_4.jpg,4.47
6434867321_5.jpg,3.19
6434924442_1.jpg,12.93
6434931329_1.jpg,4.22
6434957343_1.jpg,2.32
6440916190_1.jpg,7.51
6440916190_2.jpg,2.55
6440917090_1.jpg,0.61
6440920057_1.jpg,6.82
6440926479_1.jpg,87.44
6440926479_10.jpg,25.89
6440926479_11.jpg,48.13
6440926479_12.jpg,50.17
6440926479_13.jpg,31.69
6440926479_2.jpg,72.66
6440926479_3.jpg,39.34
6440926479_4.jpg,67.11
6440926479_5.jpg,43.73
6440926479_6.jpg,35.95
6440926479_7.jpg,12.51
6440926479_8.jpg,51.75
6440926479_9.jpg,35.30
6440931952_1.jpg,0.43
6440932366_1.jpg,14.84
6440932366_2.jpg,48.61
6440944133_1.jpg,0.05
6440944722_1.jpg,3.64
6440948523_1.jpg,1.31
6440950434_1.jpg,6.36
6440950434_2.jpg,2.81
6440952429_1.jpg,6.36
6440952429_2.jpg,12.71
6440952429_3.jpg,7.39
6440952429_4.jpg,11.71
6440979498_1.jpg,0.62
6440980947_1.jpg,0.25
6440996526_1.jpg,0.38
6440996957_1.jpg,0.00
6440998189_1.jpg,1.55
6441003772_1.jpg,1.07
6441016735_1.jpg,9.10
6441026194_1.jpg,0.71
6441050036_1.jpg,0.00
6441050036_2.jpg,0.20
6441050036_3.jpg,1.90
6441050036_4.jpg,2.43
6441060541_1.jpg,10.87
6441064565_1.jpg,0.00
6441089736_1.jpg,0.63
6441096868_1.jpg,0.67
6441098507_1.jpg,24.48
6441104150_1.jpg,19.52
6441104150_2.jpg,27.72
6441104150_3.jpg,28.11
6441113532_1.jpg,0.04
6441116670_1.jpg,0.91
6441116670_2.jpg,0.69
6441116670_3.jpg,4.98
6441129174_1.jpg,0.18
6441133174_1.jpg,0.40
6441138947_1.jpg,3.08
6441139732_1.jpg,1.49
6441153454_1.jpg,0.60
6441162883_1.jpg,4.89
6441162883_2.jpg,1.90
6441198448_1.jpg,2.96
6441203135_1.jpg,18.31
6441208683_1.jpg,4.67
6441212347_1.jpg,0.14
6441212347_2.jpg,3.50
6441214550_1.jpg,2.85
6441228879_1.jpg,1.23
6441233313_1.jpg,13.84
6441233313_2.jpg,5.47
6441233313_3.jpg,9.95
6441244002_1.jpg,0.19
6441246072_1.jpg,4.36
6441246072_2.jpg,3.86
6441246072_3.jpg,0.84
6441246072_4.jpg,3.24
6441258366_1.jpg,0.13
6441305020_1.jpg,1.49
6441305567_1.jpg,1.53
6441305567_2.jpg,2.35
6441305567_3.jpg,2.56
6441308571_1.jpg,1.82
6441314098_1.jpg,0.00
6441331804_1.jpg,0.67
6441345670_1.jpg,4.68
6441346098_1.jpg,4.39
6441351634_1.jpg,0.95
6441351634_2.jpg,0.16
6441367516_1.jpg,1.60
6441393720_1.jpg,1.61
6441394072_1.jpg,3.11
6441397772_1.jpg,11.32
6441415614_1.jpg,2.73
6441415614_2.jpg,1.23
6441415614_3.jpg,1.65
6441415614_4.jpg,2.63
6441420860_1.jpg,8.51
6441420860_2.jpg,2.86
6441420860_3.jpg,6.84
6441420860_4.jpg,4.69
6441421475_1.jpg,8.49
6441421475_2.jpg,0.91
6441421475_3.jpg,2.49
6441421475_4.jpg,0.75
6441422444_1.jpg,1.00
6441422451_1.jpg,5.25
6441422451_2.jpg,2.46
6441422451_3.jpg,21.74
6441422451_4.jpg,1.59
6441422451_5.jpg,2.71
6441422451_6.jpg,4.15
6441422451_7.jpg,3.49
6441422451_8.jpg,1.12
6441429450_1.jpg,8.08
6441429450_2.jpg,14.81
6441429450_3.jpg,4.86
6441429450_4.jpg,6.23
6441435337_1.jpg,1.81
6441435337_2.jpg,0.41
6441471579_1.jpg,8.25
6441484969_1.jpg,20.16
6441492977_1.jpg,26.62
6441492977_2.jpg,15.60
6441492977_3.jpg,25.75
6441504463_1.jpg,0.58
6441521812_1.jpg,0.57
6441521812_2.jpg,0.17
6441525854_1.jpg,1.81
6441525854_2.jpg,1.41
6441526816_1.jpg,2.60
6441526816_2.jpg,0.80
6441526816_3.jpg,0.32
6441527793_1.jpg,0.58
6441527990_1.jpg,1.44
6441533597_1.jpg,0.97
6441536004_1.jpg,0.28
6441536004_2.jpg,0.06
6441536004_3.jpg,0.31
6441536004_4.jpg,0.00
6441536004_5.jpg,2.55
6441548368_1.jpg,1.13
6441579797_1.jpg,1.42
6441594765_1.jpg,3.23
6441601057_1.jpg,0.86
6441604646_1.jpg,2.45
6441608506_1.jpg,8.70
6441610355_1.jpg,0.22
6441610355_2.jpg,0.28
6441610355_3.jpg,0.08
6441618345_1.jpg,0.01
6441637022_1.jpg,13.08
6441637022_2.jpg,12.35
6441642147_1.jpg,1.73
6441642147_2.jpg,1.09
6441642147_3.jpg,0.69
6441642147_4.jpg,2.04
6441642147_5.jpg,0.64
6441642147_6.jpg,0.00
6441679005_1.jpg,2.11
6441679005_2.jpg,2.24
6441685006_1.jpg,2.10
6441685006_10.jpg,5.42
6441685006_11.jpg,10.03
6441685006_12.jpg,12.00
6441685006_13.jpg,2.91
6441685006_14.jpg,7.38
6441685006_15.jpg,13.20
6441685006_16.jpg,2.30
6441685006_17.jpg,2.27
6441685006_18.jpg,2.06
6441685006_19.jpg,2.51
6441685006_2.jpg,2.37
6441685006_3.jpg,2.40
6441685006_4.jpg,9.31
6441685006_5.jpg,15.19
6441685006_6.jpg,12.30
6441685006_7.jpg,5.50
6441685006_8.jpg,11.87
6441685006_9.jpg,3.00
6441695591_1.jpg,15.46
6441695591_2.jpg,10.78
6441695591_3.jpg,4.94
6441713868_1.jpg,0.12
6441715829_1.jpg,0.56
6441735439_1.jpg,3.77
6441735439_2.jpg,0.99
6441737720_1.jpg,1.04
6441743625_1.jpg,4.16
6441743625_2.jpg,5.24
6441743625_3.jpg,5.41
6441743625_4.jpg,3.74
6441762113_1.jpg,0.90
6441769690_1.jpg,0.36
6441783020_1.jpg,1.28
6441795955_1.jpg,0.65
6441805922_1.jpg,0.00
6441825626_1.jpg,0.90
6441828452_1.jpg,36.97
6441838836_1.jpg,5.48
6441839305_1.jpg,0.57
6441842690_1.jpg,4.73
6441847957_1.jpg,0.82
6441854345_1.jpg,1.55
6441878807_1.jpg,3.51
6441878807_2.jpg,1.39
6441878807_3.jpg,0.31
6441891507_1.jpg,1.50
6441896055_1.jpg,3.44
6441896502_1.jpg,0.01
6441901604_1.jpg,2.72
6441947790_1.jpg,0.42
6441949469_1.jpg,3.51
6441967996_1.jpg,0.44
6441976409_1.jpg,0.00
6441983620_1.jpg,19.64
6441996030_1.jpg,0.95
6442004874_1.jpg,2.53
6442017774_1.jpg,0.17
6442017774_2.jpg,0.53
6442017774_3.jpg,9.54
6442026351_1.jpg,1.09
6442030848_1.jpg,10.95
6442030848_2.jpg,7.20
6442030848_3.jpg,6.54
6442031613_1.jpg,3.22
6442043404_1.jpg,0.19
6442043404_2.jpg,0.00
6442043404_3.jpg,0.00
6442044639_1.jpg,0.53
6442045402_1.jpg,0.00
6442047326_1.jpg,1.09
6442048043_1.jpg,6.26
6442048678_1.jpg,1.28
6442048705_1.jpg,1.39
6442048705_2.jpg,2.02
6442048705_3.jpg,0.77
6442050023_1.jpg,0.44
6442061829_1.jpg,2.12
6442061829_2.jpg,1.00
6442062459_1.jpg,2.50
6442062459_2.jpg,1.05
6442084888_1.jpg,0.76
6442091422_1.jpg,0.76
6442091816_1.jpg,7.24
6442091816_2.jpg,8.43
6442091816_3.jpg,13.80
6442111853_1.jpg,1.25
6444763533_1.jpg,5.44
6444771437_1.jpg,2.97
6444776563_1.jpg,0.74
6444776563_2.jpg,1.43
6444783404_1.jpg,0.00
6444813600_1.jpg,1.19
6444885581_1.jpg,23.94
6444885581_2.jpg,20.84
6444885581_3.jpg,23.94
6444928473_1.jpg,2.07
6447556026_1.jpg,3.31
6447556026_2.jpg,4.44
6447567316_1.jpg,6.94
6447573745_1.jpg,2.30
6447587227_1.jpg,5.21
6447588267_1.jpg,1.60
6447656313_1.jpg,2.91
6447658084_1.jpg,4.41
6447708126_1.jpg,6.34
6447755318_1.jpg,3.59
6447779295_1.jpg,8.05
6447915426_1.jpg,0.70
6447915426_2.jpg,5.15
6447915426_3.jpg,16.37
6447915426_4.jpg,1.17
6447915426_5.jpg,0.14
6447964917_1.jpg,15.88
6447964917_2.jpg,1.81
6447973777_1.jpg,11.21
6448007954_1.jpg,6.01
6448064743_1.jpg,3.52
6448146114_1.jpg,4.83
6448146114_2.jpg,2.02
6448146114_3.jpg,3.79
6448146114_4.jpg,1.72
6448156209_1.jpg,4.63
6448158585_1.jpg,12.11
6448196797_1.jpg,6.96
6448209063_1.jpg,4.71
6448216263_1.jpg,3.46
6448218970_1.jpg,30.20
6448218970_2.jpg,31.70
6448218970_3.jpg,21.45
6448218970_4.jpg,34.04
6448218970_5.jpg,32.07
6448233734_1.jpg,71.26
6448233734_2.jpg,25.57
6448233734_3.jpg,33.48
6448234788_1.jpg,2.49
6448246940_1.jpg,6.45
6448248923_1.jpg,21.17
6448248923_2.jpg,16.54
6448249162_1.jpg,1.41
6448389169_1.jpg,6.82
6448432568_1.jpg,11.76
6448465337_1.jpg,15.44
6448482434_1.jpg,9.08
6448517337_1.jpg,5.16
6448896099_1.jpg,3.14
6448896099_2.jpg,1.28
6448896099_3.jpg,30.41
6448927100_1.jpg,6.77
6448927100_2.jpg,4.12
6448927100_3.jpg,1.09
6448927100_4.jpg,6.26
6448927100_5.jpg,10.40
6448937356_1.jpg,5.28
6448962794_1.jpg,18.94
6449207697_1.jpg,4.77
6449207697_2.jpg,4.90
6449207697_3.jpg,4.42
6449207697_4.jpg,4.34
6449215428_1.jpg,11.06
6449437313_1.jpg,2.91
6449485880_1.jpg,7.11
6449503768_1.jpg,16.66
6449503768_2.jpg,25.61
6449503768_3.jpg,6.28
6449503768_4.jpg,22.42
6449547854_1.jpg,26.05
6449547890_1.jpg,16.67
6449562318_1.jpg,4.08
6449600283_1.jpg,8.45
6449685685_1.jpg,12.60
6449697625_1.jpg,1.60
6449770304_1.jpg,6.03
6449770304_2.jpg,5.04
6449770304_3.jpg,8.63
6449833314_1.jpg,13.59
6449833314_2.jpg,6.97
6449928317_1.jpg,4.30
6449928317_2.jpg,3.96
6449928317_3.jpg,3.02
6449928317_4.jpg,5.77
6451501444_1.jpg,1.72
6451513540_1.jpg,16.31
6451518734_1.jpg,11.56
6451518814_1.jpg,0.17
6451518814_2.jpg,1.31
6451525632_1.jpg,1.08
6451526833_1.jpg,6.87
6451549743_1.jpg,3.74
6451557503_1.jpg,0.94
6451574149_1.jpg,3.06
6451577948_1.jpg,0.00
6451593801_1.jpg,20.49
6451593801_2.jpg,25.59
6451608613_1.jpg,1.04
6451631856_1.jpg,1.53
6451638364_1.jpg,2.36
6451639057_1.jpg,1.61
6451642083_1.jpg,0.02
6451649956_1.jpg,3.69
6451649956_2.jpg,1.96
6451651789_1.jpg,0.58
6451651789_2.jpg,0.00
6451657781_1.jpg,3.78
6451657781_2.jpg,0.00
6451659301_1.jpg,1.76
6451659301_2.jpg,5.48
6451659301_3.jpg,1.76
6451665751_1.jpg,0.00
6451678923_1.jpg,0.64
6451687695_1.jpg,0.05
6451699693_1.jpg,4.48
6451699693_2.jpg,4.76
6451699693_3.jpg,5.11
6451699693_4.jpg,2.36
6451699693_5.jpg,2.26
6451699693_6.jpg,2.23
6451699693_7.jpg,1.71
6451699693_8.jpg,1.09
6451717942_1.jpg,6.26
6451726469_1.jpg,5.36
6451726850_1.jpg,2.11
6451733818_1.jpg,0.82
6451745501_1.jpg,0.99
6451745501_2.jpg,0.16
6451745501_3.jpg,0.69
6451746665_1.jpg,1.65
6451746665_2.jpg,1.23
6451751957_1.jpg,7.13
6451758977_1.jpg,0.58
6451772116_1.jpg,2.47
6451800440_1.jpg,0.48
6451822313_1.jpg,2.33
6451833377_1.jpg,0.00
6451833377_2.jpg,0.79
6451836798_1.jpg,0.14
6451837972_1.jpg,1.76
6451846137_1.jpg,4.57
6451846137_2.jpg,1.39
6451856770_1.jpg,4.25
6451856770_2.jpg,2.69
6451859542_1.jpg,3.52
6451865848_1.jpg,3.78
6451868560_1.jpg,1.80
6451871447_1.jpg,17.81
6451871447_2.jpg,9.97
6451871447_3.jpg,7.81
6451871447_4.jpg,9.84
6451871447_5.jpg,7.11
6451871447_6.jpg,8.24
6451874107_1.jpg,0.70
6451913943_1.jpg,5.93
6451918735_1.jpg,2.61
6451925562_1.jpg,2.95
6451925562_2.jpg,0.45
6451926477_1.jpg,17.58
6451926477_2.jpg,15.15
6451936647_1.jpg,2.53
6451936647_2.jpg,2.62
6451954540_1.jpg,0.19
6451954540_2.jpg,0.00
6451955816_1.jpg,4.88
6451955816_2.jpg,2.94
6451964117_1.jpg,1.25
6451965793_1.jpg,4.71
6451971738_1.jpg,0.23
6451971738_2.jpg,0.09
6451971738_3.jpg,0.48
6451971738_4.jpg,0.00
6451976642_1.jpg,0.00
6451980431_1.jpg,0.38
6452001340_1.jpg,8.35
6452001340_2.jpg,15.18
6452001340_3.jpg,40.93
6452024772_1.jpg,0.00
6452026610_1.jpg,6.30
6452034648_1.jpg,25.24
6452034648_2.jpg,12.27
6452034648_3.jpg,9.53
6452038331_1.jpg,11.23
6452040740_1.jpg,1.28
6452050659_1.jpg,0.32
6452050659_2.jpg,0.85
6452064590_1.jpg,0.90
6452066945_1.jpg,2.07
6452082993_1.jpg,0.71
6452085397_1.jpg,0.16
6452087429_1.jpg,0.86
6452113372_1.jpg,1.78
6452113372_2.jpg,0.06
6452114713_1.jpg,38.09
6452128472_1.jpg,6.15
6452134306_1.jpg,2.12
6452135943_1.jpg,0.36
6452148519_1.jpg,3.90
6452148519_2.jpg,2.33
6452148519_3.jpg,2.69
6452157638_1.jpg,0.52
6452165701_1.jpg,0.54
6452190573_1.jpg,2.20
6452202054_1.jpg,3.96
6452236706_1.jpg,0.42
6452236706_2.jpg,0.14
6452238104_1.jpg,1.15
6452249109_1.jpg,0.19
6452249840_1.jpg,0.79
6452258933_1.jpg,0.59
6452275079_1.jpg,2.36
6452283741_1.jpg,17.15
6452283741_2.jpg,9.62
6452283741_3.jpg,3.60
6452283741_4.jpg,2.94
6452290772_1.jpg,0.10
6452295707_1.jpg,0.36
6452295707_2.jpg,1.25
6452295707_3.jpg,0.78
6452299438_1.jpg,0.12
6452300424_1.jpg,6.59
6452309531_1.jpg,2.98
6452309531_2.jpg,2.80
6452313489_1.jpg,6.33
6452313489_2.jpg,1.53
6452313489_3.jpg,1.60
6452313910_1.jpg,5.58
6452313910_2.jpg,2.14
6452313910_3.jpg,2.18
6452328421_1.jpg,0.48
6452328421_2.jpg,0.08
6452328421_3.jpg,0.03
6452355889_1.jpg,14.79
6452355889_2.jpg,8.38
6452364040_1.jpg,0.12
6452364040_2.jpg,0.02
6452364482_1.jpg,1.19
6452364482_2.jpg,0.03
6452374613_1.jpg,6.78
6452423977_1.jpg,2.73
6452450382_1.jpg,1.37
6452452482_1.jpg,2.24
6452468340_1.jpg,12.03
6452485504_1.jpg,0.76
6452485504_2.jpg,0.11
6452506809_1.jpg,3.28
6452551590_1.jpg,0.23
6452553041_1.jpg,16.50
6452553041_2.jpg,7.61
6452555437_1.jpg,3.11
6452556854_1.jpg,0.45
6452570072_1.jpg,0.97
6452572835_1.jpg,1.27
6452581367_1.jpg,2.40
6452581367_2.jpg,2.97
6452581367_3.jpg,3.39
6452581367_4.jpg,2.04
6452581367_5.jpg,1.13
6452581367_6.jpg,4.13
6452581367_7.jpg,2.89
6452581367_8.jpg,5.16
6452585629_1.jpg,0.21
6452598515_1.jpg,0.91
6452600895_1.jpg,0.44
6452609032_1.jpg,0.29
6452631911_1.jpg,2.58
6452645647_1.jpg,15.12
6452653924_1.jpg,0.87
6452653924_2.jpg,1.82
6452653924_3.jpg,1.07
6452680967_1.jpg,3.50
6452697385_1.jpg,3.50
6452697385_2.jpg,6.47
6452697385_3.jpg,4.98
6454395367_1.jpg,9.16
6454450585_1.jpg,11.20
6454458340_1.jpg,7.26
6454474486_1.jpg,5.35
6469593806_1.jpg,4.27
6469636572_1.jpg,0.47
6469647749_1.jpg,48.88
6469649655_1.jpg,0.14
6469655087_1.jpg,5.68
6469672770_1.jpg,5.18
6469677184_1.jpg,8.91
6469682662_1.jpg,8.00
6469704367_1.jpg,1.48
6469727539_1.jpg,4.64
6469739794_1.jpg,1.29
6469763024_1.jpg,7.20
6469763024_2.jpg,5.13
6469763024_3.jpg,7.24
6469775142_1.jpg,6.12
6469775142_2.jpg,4.07
6469813561_1.jpg,3.00
6469815607_1.jpg,1.15
6469819036_1.jpg,6.05
6469819036_2.jpg,0.72
6469819036_3.jpg,0.06
6469821393_1.jpg,1.73
6469833064_1.jpg,1.62
6469864063_1.jpg,2.59
6469866109_1.jpg,1.32
6469875713_1.jpg,0.02
6469895435_1.jpg,0.00
6469899869_1.jpg,1.77
6469899869_2.jpg,0.10
6469903362_1.jpg,1.07
6469918044_1.jpg,4.78
6469930670_1.jpg,8.34
6469942557_1.jpg,3.95
6469945641_1.jpg,2.58
6469946303_1.jpg,4.49
6469953979_1.jpg,8.20
6469962672_1.jpg,0.03
6469967921_1.jpg,0.00
6469974932_1.jpg,11.49
6469974932_2.jpg,24.92
6469975330_1.jpg,5.98
6469981324_1.jpg,0.66
6469981389_1.jpg,3.85
6469981389_2.jpg,15.94
6469995529_1.jpg,1.68
6469995529_2.jpg,6.84
6470018712_1.jpg,3.37
6470018712_2.jpg,1.60
6470018712_3.jpg,2.60
6470026673_1.jpg,0.48
6470048365_1.jpg,2.65
6470070512_1.jpg,12.65
6470099750_1.jpg,1.26
6470101929_1.jpg,6.20
6470110581_1.jpg,3.50
6470113358_1.jpg,3.29
6470124929_1.jpg,1.35
6470128791_1.jpg,0.68
6470128791_2.jpg,0.05
6470133797_1.jpg,0.36
6470133797_2.jpg,1.63
6470134722_1.jpg,11.42
6470138734_1.jpg,0.36
6470138734_2.jpg,1.33
6470149397_1.jpg,3.32
6470151349_1.jpg,3.73
6470157827_1.jpg,9.93
6470160472_1.jpg,1.24
6470211375_1.jpg,0.47
6470228767_1.jpg,3.17
6470232929_1.jpg,3.37
6470238359_1.jpg,12.68
6470238359_2.jpg,10.99
6470238359_3.jpg,7.42
6470241607_1.jpg,18.56
6470253842_1.jpg,8.74
6470253842_2.jpg,4.92
6470276650_1.jpg,8.17
6470295799_1.jpg,2.93
6470298303_1.jpg,5.36
6470310655_1.jpg,0.56
6470314846_1.jpg,1.73
6470327130_1.jpg,1.00
6470358668_1.jpg,6.50
6470376871_1.jpg,2.67
6470376871_2.jpg,1.58
6470378411_1.jpg,8.22
6470384555_1.jpg,2.39
6470391091_1.jpg,0.46
6470397416_1.jpg,2.33
6470414407_1.jpg,5.94
6470450930_1.jpg,4.09
6470462639_1.jpg,0.01
6470462639_2.jpg,0.00
6470463056_1.jpg,7.49
6470472458_1.jpg,1.84
6470472458_2.jpg,2.02
6470472458_3.jpg,6.45
6470495784_1.jpg,3.63
6470518500_1.jpg,7.27
6470525020_1.jpg,6.52
6470536788_1.jpg,0.40
6470588129_1.jpg,1.41
6470588665_1.jpg,13.20
6470588665_2.jpg,2.33
6470593363_1.jpg,3.82
6470614479_1.jpg,2.78
6470619490_1.jpg,2.47
6470625837_1.jpg,2.11
6470645075_1.jpg,5.73
6470645075_2.jpg,2.49
6470645075_3.jpg,2.21
6470667995_1.jpg,1.39
6470675025_1.jpg,11.83
6470675659_1.jpg,7.43
6470675659_2.jpg,7.65
6470675659_3.jpg,8.25
6470675659_4.jpg,7.83
6470675659_5.jpg,9.83
6470675659_6.jpg,6.21
6470675659_7.jpg,5.20
6470694019_1.jpg,17.05
6470709964_1.jpg,13.72
6470709964_2.jpg,17.50
6470709964_3.jpg,1.58
6470722529_1.jpg,6.05
6470755520_1.jpg,1.12
6477407301_1.jpg,12.84
6479100082_1.jpg,2.18
6479147173_1.jpg,6.28
6479147173_2.jpg,0.87
6479147173_3.jpg,1.53
6479148194_1.jpg,5.99
6479148194_2.jpg,3.93
6479152219_1.jpg,2.94
6479152219_2.jpg,4.86
6479152219_3.jpg,0.45
6479152219_4.jpg,2.46
6479153113_1.jpg,3.00
6479171130_1.jpg,1.37
6479186367_1.jpg,0.53
6479186445_1.jpg,0.97
6479186959_1.jpg,7.36
6479259542_1.jpg,0.89
6479264113_1.jpg,5.06
6479269279_1.jpg,3.89
6479269279_2.jpg,4.69
6479269279_3.jpg,1.92
6479278804_1.jpg,7.15
6479288957_1.jpg,12.76
6479292656_1.jpg,2.30
6479292656_2.jpg,0.42
6479348634_1.jpg,2.60
6479354438_1.jpg,3.80
6479354438_2.jpg,6.44
6479362375_1.jpg,4.36
6479373718_1.jpg,0.40
6479380391_1.jpg,1.14
6479380391_2.jpg,1.40
6479380391_3.jpg,0.75
6479380391_4.jpg,1.59
6479385530_1.jpg,0.82
6479405651_1.jpg,8.26
6479405651_2.jpg,6.86
6479434392_1.jpg,5.14
6479434392_2.jpg,1.41
6479434392_3.jpg,1.39
6479434392_4.jpg,1.19
6479434392_5.jpg,6.55
6479481393_1.jpg,0.86
6479481393_2.jpg,2.16
6479500776_1.jpg,6.80
6479520039_1.jpg,0.81
6479523842_1.jpg,1.56
6479523842_2.jpg,5.59
6479523842_3.jpg,11.80
6479538735_1.jpg,2.60
6479541731_1.jpg,1.90
6479541731_2.jpg,8.31
6479541731_3.jpg,2.17
6479547015_1.jpg,5.94
6479552553_1.jpg,6.13
6479566797_1.jpg,15.91
6479566797_2.jpg,73.16
6479580045_1.jpg,8.93
6479583444_1.jpg,0.68
6479583444_2.jpg,0.83
6479594288_1.jpg,1.33
6479595725_1.jpg,1.73
6479638456_1.jpg,16.12
6479638456_2.jpg,12.28
6479638456_3.jpg,17.97
6479649857_1.jpg,3.29
6479649857_2.jpg,2.23
6479668275_1.jpg,2.08
6479701374_1.jpg,0.00
6479701374_2.jpg,0.00
6479729189_1.jpg,0.40
6479731759_1.jpg,16.33
6479771687_1.jpg,8.45
6479783226_1.jpg,2.27
6479795186_1.jpg,8.39
6479797377_1.jpg,1.21
6479812528_1.jpg,10.11
6479850541_1.jpg,18.76
6479850541_2.jpg,18.34
6479890873_1.jpg,7.26
6479891466_1.jpg,15.86
6479926149_1.jpg,42.49
6479926149_2.jpg,12.89
6479941119_1.jpg,0.81
6479941119_2.jpg,0.75
6479941119_3.jpg,0.38
6479941119_4.jpg,0.16
6479946738_1.jpg,4.35
6479947454_1.jpg,7.89
6479947454_2.jpg,3.87
6479963496_1.jpg,0.32
6479963496_2.jpg,1.92
6479963496_3.jpg,5.77
6480020470_1.jpg,10.95
6480054014_1.jpg,2.60
6480057313_1.jpg,2.87
6480067547_1.jpg,11.03
6480076999_1.jpg,17.84
6480076999_2.jpg,7.09
6480076999_3.jpg,21.40
6480086608_1.jpg,6.85
6480087908_1.jpg,3.63
6480087908_2.jpg,5.68
6480096510_1.jpg,4.52
6480096510_2.jpg,17.83
6480099377_1.jpg,0.10
6480099938_1.jpg,0.52
6480099938_2.jpg,7.88
6480099938_3.jpg,1.15
6480099938_4.jpg,8.18
6480110231_1.jpg,4.71
6480110231_2.jpg,4.38
6480110231_3.jpg,3.61
6480111540_1.jpg,10.99
6480111540_2.jpg,9.31
6480135271_1.jpg,4.68
6480135271_2.jpg,3.72
6480135271_3.jpg,4.40
6480145089_1.jpg,0.20
6480145089_2.jpg,0.49
6480154905_1.jpg,3.89
6480155950_1.jpg,1.59
6480167136_1.jpg,3.60
6480176435_1.jpg,0.20
6480192474_1.jpg,5.90
6480208852_1.jpg,2.54
6480210321_1.jpg,4.68
6480210321_2.jpg,0.23
6480210321_3.jpg,4.69
6480210321_4.jpg,0.00
6480211935_1.jpg,7.66
6480211935_2.jpg,1.86
6480225845_1.jpg,23.64
6480237092_1.jpg,12.04
6480244247_1.jpg,5.87
6480244247_2.jpg,5.68
6480279703_1.jpg,0.59
6480279703_2.jpg,0.17
6480279703_3.jpg,1.24
6480296786_1.jpg,5.66
6480320417_1.jpg,3.36
6480320417_2.jpg,3.79
6480320417_3.jpg,6.68
6480320417_4.jpg,6.01
6480346879_1.jpg,1.26
6480346879_2.jpg,3.46
6480350842_1.jpg,24.46
6480371078_1.jpg,1.62
6480372817_1.jpg,0.01
6480377750_1.jpg,1.84
6480382226_1.jpg,2.33
6480382226_2.jpg,1.92
6480382226_3.jpg,0.16
6480382226_4.jpg,2.44
6480387397_1.jpg,10.06
6480399286_1.jpg,5.45
6480399286_2.jpg,1.11
6480399286_3.jpg,12.43
6480419538_1.jpg,2.57
6480419538_2.jpg,10.49
6480448342_1.jpg,5.37
6480453268_1.jpg,24.28
6480453268_2.jpg,37.73
6480467891_1.jpg,3.37
6480467891_2.jpg,4.37
6480467891_3.jpg,5.27
6480467891_4.jpg,1.64
6480467891_5.jpg,2.47
6480504534_1.jpg,2.42
6480539737_1.jpg,11.84
6480601177_1.jpg,7.21
6480613572_1.jpg,1.88
6480630365_1.jpg,3.65
6480660217_1.jpg,2.43
6480686402_1.jpg,18.83
6480686402_2.jpg,20.94
6480688895_1.jpg,14.40
6480688895_2.jpg,7.83
6480688895_3.jpg,9.46
6480690402_1.jpg,3.90
6480690402_10.jpg,2.83
6480690402_11.jpg,4.14
6480690402_12.jpg,2.55
6480690402_2.jpg,3.41
6480690402_3.jpg,3.35
6480690402_4.jpg,3.12
6480690402_5.jpg,7.57
6480690402_6.jpg,6.54
6480690402_7.jpg,42.52
6480690402_8.jpg,11.72
6480690402_9.jpg,5.97
6480716977_1.jpg,4.25
6480716977_2.jpg,3.45
6480728299_1.jpg,3.01
6480728299_2.jpg,0.94
6480728299_3.jpg,5.93
6480731862_1.jpg,4.02
6480737866_1.jpg,0.46
6480737866_2.jpg,2.76
6480738170_1.jpg,1.04
6480748413_1.jpg,23.93
6480748413_2.jpg,6.85
6480754043_1.jpg,22.05
6480754043_2.jpg,45.66
6480754043_3.jpg,30.93
6480754043_4.jpg,42.60
6480754043_5.jpg,17.01
6480791564_1.jpg,1.87
6480797076_1.jpg,1.32
6480822669_1.jpg,2.65
6480842776_1.jpg,3.53
6480844873_1.jpg,0.75
6480852323_1.jpg,7.18
6480852323_2.jpg,5.59
6480861243_1.jpg,4.22
6480872985_1.jpg,7.52
6480882119_1.jpg,3.05
6480892650_1.jpg,13.97
6480892880_1.jpg,2.59
6480897487_1.jpg,0.49
6480928452_1.jpg,27.44
6480928452_2.jpg,16.24
6480928452_3.jpg,9.91
6480928452_4.jpg,23.10
6480928452_5.jpg,22.24
6480928452_6.jpg,11.17
6481014848_1.jpg,2.02
6481037740_1.jpg,15.75
6481037740_2.jpg,41.38
6481037740_3.jpg,7.81
6481037740_4.jpg,13.62
6481050555_1.jpg,4.53
6481061314_1.jpg,6.88
6481061314_2.jpg,3.44
6481108771_1.jpg,15.90
6481108771_2.jpg,9.78
6481124768_1.jpg,1.83
6481152772_1.jpg,0.00
6481200967_1.jpg,26.89
6481200967_2.jpg,11.15
6481212050_1.jpg,2.07
6481220552_1.jpg,10.01
6481233388_1.jpg,8.54
6481262806_1.jpg,0.78
6481275989_1.jpg,1.27
6481301320_1.jpg,6.67
6481304226_1.jpg,1.09
6481305259_1.jpg,3.55
6481307583_1.jpg,10.49
6481307583_2.jpg,3.29
6481311826_1.jpg,18.16
6481314714_1.jpg,1.78
6481349610_1.jpg,5.20
6481350448_1.jpg,4.53
6481386714_1.jpg,5.95
6481395847_1.jpg,1.07
6481426589_1.jpg,0.00
6481431392_1.jpg,5.16
6481431392_2.jpg,0.92
6481438640_1.jpg,1.94
6481438640_2.jpg,1.02
6481452308_1.jpg,0.72
6481474381_1.jpg,26.60
6485383240_1.jpg,29.81
6485406541_1.jpg,0.94
6485421645_1.jpg,2.29
6485436924_1.jpg,3.49
6485451231_1.jpg,4.73
6485452163_1.jpg,2.11
6485456874_1.jpg,0.81
6485463994_1.jpg,4.75
6485467619_1.jpg,3.43
6485467619_2.jpg,24.66
6485471297_1.jpg,3.51
6485472094_1.jpg,3.92
6485516416_1.jpg,2.86
6485516596_1.jpg,28.59
6485521670_1.jpg,1.90
6485544892_1.jpg,22.50
6485544892_2.jpg,22.52
6485544892_3.jpg,3.84
6485544892_4.jpg,5.01
6485610325_1.jpg,8.99
6485610325_2.jpg,8.61
6485742189_1.jpg,2.34
6485792022_1.jpg,2.25
6485849189_1.jpg,4.45
6485850630_1.jpg,3.54
6485853000_1.jpg,17.63
6485893548_1.jpg,4.89
6485939550_1.jpg,3.07
6485947848_1.jpg,3.20
6485947848_2.jpg,5.47
6486031859_1.jpg,2.92
6486050838_1.jpg,5.63
6486142762_1.jpg,17.16
6486159984_1.jpg,6.50
6486228859_1.jpg,0.69
6486260307_1.jpg,10.23
6486322661_1.jpg,9.60
6486322661_2.jpg,10.88
6486334603_1.jpg,11.12
6486345186_1.jpg,14.04
6486345186_2.jpg,9.63
6486345186_3.jpg,11.28
6486350193_1.jpg,5.56
6486350193_2.jpg,5.51
6486378040_1.jpg,12.43
6486493796_1.jpg,6.09
6486664642_1.jpg,5.17
6486699682_1.jpg,3.29
6486724152_1.jpg,1.05
6486751494_1.jpg,8.66
6486751494_2.jpg,13.68
6486767527_1.jpg,5.71
6486802523_1.jpg,2.92
6486848836_1.jpg,2.30
6486863293_1.jpg,4.07
6486866157_1.jpg,1.44
6486866157_2.jpg,4.77
6486866157_3.jpg,1.30
6486866157_4.jpg,0.22
6486893421_1.jpg,5.54
6486910433_1.jpg,26.80
6486910433_2.jpg,35.27
6486962828_1.jpg,5.17
6486982929_1.jpg,1.22
6486985907_1.jpg,28.19
6486986649_1.jpg,5.19
6487026393_1.jpg,13.40
6487046519_1.jpg,19.24
6487066294_1.jpg,9.29
6487225179_1.jpg,1.11
6487226923_1.jpg,4.65
6487252551_1.jpg,3.32
6487252551_2.jpg,0.00
6487274038_1.jpg,11.56
6487302046_1.jpg,9.47
6487302046_2.jpg,0.81
6487318562_1.jpg,2.12
6487318758_1.jpg,25.88
6487326693_1.jpg,3.12
6487372024_1.jpg,3.19
6487400172_1.jpg,1.30
6487400172_2.jpg,1.97
6487401350_1.jpg,23.85
6487473304_1.jpg,1.33
6487479096_1.jpg,1.30
6487479096_2.jpg,0.00
6487479096_3.jpg,0.29
6487481187_1.jpg,10.28
6495107647_1.jpg,0.51
6495107647_2.jpg,9.26
6495118506_1.jpg,1.77
6495122321_1.jpg,31.90
6495135077_1.jpg,17.44
6495135077_2.jpg,17.41
6495136187_1.jpg,10.65
6495136745_1.jpg,9.24
6495143331_1.jpg,2.27
6495143341_1.jpg,2.76
6495143341_2.jpg,2.69
6495143341_3.jpg,1.20
6495193784_1.jpg,27.46
6495193784_2.jpg,3.92
6495205828_1.jpg,2.85
6495223585_1.jpg,14.32
6495241341_1.jpg,2.99
6495250492_1.jpg,4.45
6495250492_2.jpg,15.20
6495250492_3.jpg,30.03
6495250492_4.jpg,0.02
6495250492_5.jpg,3.32
6495260177_1.jpg,0.10
6495260177_2.jpg,0.28
6495260177_3.jpg,0.95
6495260177_4.jpg,0.00
6495263434_1.jpg,0.34
6495297836_1.jpg,6.23
6495444367_1.jpg,2.94
6495444656_1.jpg,5.06
6495446547_1.jpg,1.34
6495448983_1.jpg,2.27
6495449655_1.jpg,7.15
6495449859_1.jpg,2.18
6495450221_1.jpg,4.66
6495450221_2.jpg,6.69
6495450221_3.jpg,8.11
6495450619_1.jpg,4.69
6495451031_1.jpg,3.67
6495451085_1.jpg,2.56
6495451267_1.jpg,4.05
6495451268_1.jpg,4.44
6495451899_1.jpg,0.88
6495452261_1.jpg,9.40
6495452261_2.jpg,9.09
6495452261_3.jpg,9.87
6495452261_4.jpg,8.64
6495453175_1.jpg,0.37
6495453636_1.jpg,1.58
6495453636_2.jpg,1.98
6495453636_3.jpg,1.72
6495453636_4.jpg,2.62
6495453636_5.jpg,0.30
6495454459_1.jpg,0.44
6495454459_2.jpg,0.26
6495456259_1.jpg,8.42
6495456449_1.jpg,6.36
6495456449_2.jpg,2.08
6495456702_1.jpg,3.63
6495457255_1.jpg,0.70
6495461678_1.jpg,9.45
6495461678_2.jpg,2.23
6495461747_1.jpg,2.68
6495461946_1.jpg,0.77
6495461946_2.jpg,4.67
6495462751_1.jpg,12.68
6495463298_1.jpg,2.07
6495463547_1.jpg,13.32
6495463573_1.jpg,11.77
6495463573_2.jpg,13.41
6495465571_1.jpg,3.39
6495465571_2.jpg,2.71
6495465698_1.jpg,1.54
6495465698_2.jpg,12.62
6495465698_3.jpg,8.03
6495466037_1.jpg,6.24
6495466522_1.jpg,3.33
6495466755_1.jpg,2.12
6495466828_1.jpg,18.78
6495466943_1.jpg,3.19
6495466943_2.jpg,3.99
6495466943_3.jpg,3.67
6495467864_1.jpg,4.21
6495467915_1.jpg,13.39
6495468260_1.jpg,15.22
6495469423_1.jpg,5.16
6495469887_1.jpg,1.33
6495469947_1.jpg,11.05
6495469947_2.jpg,1.99
6495470303_1.jpg,7.00
6495470385_1.jpg,5.04
6495472676_1.jpg,0.56
6495472676_2.jpg,0.30
6495473522_1.jpg,6.41
6495473768_1.jpg,5.59
6495473768_2.jpg,1.40
6495473768_3.jpg,11.69
6495475063_1.jpg,7.48
6495475063_2.jpg,1.57
6495475297_1.jpg,7.15
6495475297_2.jpg,2.64
6495475689_1.jpg,6.46
6495475689_2.jpg,5.78
6495476308_1.jpg,7.54
6495477030_1.jpg,1.38
6495477425_1.jpg,0.79
6495477459_1.jpg,2.76
6495477459_2.jpg,1.99
6495477475_1.jpg,3.11
6495477602_1.jpg,39.46
6495478493_1.jpg,10.11
6495478493_2.jpg,45.53
6495478493_3.jpg,11.78
6495478792_1.jpg,3.62
6495478792_2.jpg,42.26
6495478792_3.jpg,9.05
6495478792_4.jpg,3.35
6495479400_1.jpg,0.00
6495480571_1.jpg,2.58
6495480805_1.jpg,8.85
6495481405_1.jpg,8.47
6495481405_2.jpg,2.31
6495481951_1.jpg,0.04
6495481951_2.jpg,1.84
6495482025_1.jpg,7.35
6495483210_1.jpg,15.43
6495483210_2.jpg,15.00
6495483210_3.jpg,13.15
6495483210_4.jpg,12.92
6495484863_1.jpg,9.59
6495485031_1.jpg,4.32
6495485031_2.jpg,3.51
6495485031_3.jpg,14.87
6495485260_1.jpg,5.56
6495487689_1.jpg,2.30
6495487909_1.jpg,1.13
6495488213_1.jpg,0.41
6495488213_2.jpg,1.62
6495489015_1.jpg,2.23
6495489508_1.jpg,11.19
6495489508_2.jpg,6.71
6495489608_1.jpg,6.01
6495490673_1.jpg,12.77
6495490673_2.jpg,17.44
6495490821_1.jpg,0.73
6495490966_1.jpg,7.42
6495490966_2.jpg,5.21
6495491243_1.jpg,7.57
6495492187_1.jpg,3.71
6495492231_1.jpg,0.90
6495492720_1.jpg,4.83
6495494106_1.jpg,1.83
6495494106_2.jpg,7.60
6495495448_1.jpg,4.55
6495495587_1.jpg,2.27
6495495587_2.jpg,2.25
6495495748_1.jpg,12.24
6495495748_2.jpg,7.18
6495495748_3.jpg,16.96
6495495748_4.jpg,7.83
6495495748_5.jpg,15.68
6495495842_1.jpg,2.09
6495495842_2.jpg,4.68
6495496489_1.jpg,2.85
6495496489_2.jpg,10.87
6495496566_1.jpg,15.42
6495496688_1.jpg,43.40
6495496812_1.jpg,0.17
6495496853_1.jpg,1.51
6495496853_2.jpg,2.65
6495496853_3.jpg,2.61
6495497242_1.jpg,3.68
6495498095_1.jpg,1.68
6495498095_2.jpg,1.57
6495498095_3.jpg,1.33
6495498598_1.jpg,8.65
6495498780_1.jpg,22.19
6495499174_1.jpg,2.94
6495499174_2.jpg,3.99
6495499326_1.jpg,6.26
6495500041_1.jpg,1.08
6495500093_1.jpg,0.00
6495501061_1.jpg,0.95
6495501138_1.jpg,2.94
6495501138_2.jpg,3.50
6495501138_3.jpg,2.65
6495501138_4.jpg,2.01
6495501964_1.jpg,3.79
6495502024_1.jpg,4.38
6495502467_1.jpg,0.81
6495502694_1.jpg,2.02
6495503184_1.jpg,7.44
6495503184_2.jpg,13.05
6495503184_3.jpg,16.77
6495503184_4.jpg,5.95
6495503184_5.jpg,14.39
6495503420_1.jpg,11.56
6495504082_1.jpg,6.83
6495504352_1.jpg,0.91
6495504588_1.jpg,12.57
6495505713_1.jpg,9.44
6495505906_1.jpg,14.70
6495506066_1.jpg,5.48
6495506282_1.jpg,3.77
6495506776_1.jpg,7.87
6495507732_1.jpg,1.11
6495508422_1.jpg,1.74
6495508422_2.jpg,14.54
6495509760_1.jpg,6.38
6495510031_1.jpg,4.86
6495510411_1.jpg,1.87
6495510411_2.jpg,2.50
6495510411_3.jpg,2.88
6495511005_1.jpg,5.76
6495513626_1.jpg,2.59
6495514511_1.jpg,0.00
6495514511_2.jpg,0.33
6495515170_1.jpg,0.78
6495515299_1.jpg,1.10
6495515724_1.jpg,1.56
6495515898_1.jpg,4.49
6495515898_2.jpg,24.08
6495515898_3.jpg,45.72
6495515898_4.jpg,58.55
6495516404_1.jpg,4.89
6495516404_2.jpg,3.72
6495518144_1.jpg,8.74
6495519247_1.jpg,13.10
6495519247_2.jpg,2.31
6495521001_1.jpg,14.04
6495521524_1.jpg,7.89
6495522223_1.jpg,0.47
6495522223_2.jpg,1.03
6495522666_1.jpg,2.64
6495523179_1.jpg,2.74
6495523517_1.jpg,0.30
6495523567_1.jpg,3.51
6495523567_2.jpg,2.16
6495523649_1.jpg,1.21
6495524552_1.jpg,10.08
6495524552_2.jpg,28.96
6495524552_3.jpg,23.18
6495525286_1.jpg,2.46
6495525863_1.jpg,3.76
6495527214_1.jpg,0.62
6495527214_2.jpg,1.83
6495527214_3.jpg,0.63
6495527327_1.jpg,11.90
6495527358_1.jpg,0.56
6495527621_1.jpg,0.22
6495527863_1.jpg,35.11
6495528443_1.jpg,36.60
6495529370_1.jpg,2.22
6495529547_1.jpg,0.08
6495529547_2.jpg,1.80
6495531836_1.jpg,1.64
6495533221_1.jpg,2.73
6495533222_1.jpg,4.25
6495533222_2.jpg,13.94
6495533222_3.jpg,15.95
6495533222_4.jpg,15.39
6495533274_1.jpg,5.42
6495533274_2.jpg,5.85
6495533274_3.jpg,3.52
6495533274_4.jpg,16.31
6495533274_5.jpg,14.33
6495535196_1.jpg,2.49
6495537540_1.jpg,0.94
6495537716_1.jpg,2.89
6495537716_2.jpg,3.01
6495537716_3.jpg,3.89
6495537716_4.jpg,2.94
6495538033_1.jpg,14.99
6495538033_2.jpg,1.54
6495538033_3.jpg,1.58
6495538389_1.jpg,13.84
6495539177_1.jpg,7.68
6495539177_2.jpg,25.93
6495539177_3.jpg,2.22
6495539214_1.jpg,0.35
6495539387_1.jpg,14.98
6495540065_1.jpg,0.61
6495540283_1.jpg,1.28
6495540283_2.jpg,3.22
6495541827_1.jpg,4.14
6495541827_2.jpg,7.11
6495543373_1.jpg,1.20
6495543373_2.jpg,2.00
6495543373_3.jpg,1.28
6495543561_1.jpg,1.34
6495543561_2.jpg,10.18
6495543561_3.jpg,2.73
6495544731_1.jpg,1.45
6495544731_2.jpg,0.60
6495546362_1.jpg,10.89
6495546362_2.jpg,7.16
6495546362_3.jpg,6.51
6495547317_1.jpg,3.31
6495548644_1.jpg,1.28
6495548849_1.jpg,3.97
6495549820_1.jpg,2.03
6495549881_1.jpg,7.44
6495550710_1.jpg,1.84
6495550783_1.jpg,9.77
6495550926_1.jpg,1.51
6495550926_2.jpg,0.00
6495552566_1.jpg,3.65
6495553598_1.jpg,2.75
6495553836_1.jpg,5.46
6495555387_1.jpg,0.00
6495555387_2.jpg,0.00
6495555387_3.jpg,0.40
6495555387_4.jpg,0.68
6495555909_1.jpg,4.46
6495557445_1.jpg,0.54
6495557832_1.jpg,3.38
6495559635_1.jpg,0.46
6495559635_2.jpg,1.52
6495561311_1.jpg,0.65
6495561438_1.jpg,4.61
6495562495_1.jpg,0.81
6495562495_2.jpg,1.09
6495563396_1.jpg,0.00
6495563518_1.jpg,1.86
6495564490_1.jpg,3.87
6495564627_1.jpg,6.18
6495564627_2.jpg,7.58
6495564627_3.jpg,8.20
6495564627_4.jpg,7.35
6495564627_5.jpg,5.17
6495564886_1.jpg,2.48
6495565905_1.jpg,15.27
6495565905_2.jpg,4.88
6495565905_3.jpg,10.71
6495566469_1.jpg,9.29
6495566480_1.jpg,0.00
6495567469_1.jpg,4.76
6495571499_1.jpg,22.98
6495571499_2.jpg,10.00
6495571499_3.jpg,3.85
6495571595_1.jpg,0.64
6495572566_1.jpg,6.74
6495572566_2.jpg,4.19
6495572688_1.jpg,4.33
6495572688_2.jpg,12.72
6495572688_3.jpg,4.14
6495572688_4.jpg,1.25
6495572939_1.jpg,3.61
6495573435_1.jpg,0.50
6495575521_1.jpg,2.48
6495575521_2.jpg,1.45
6495575536_1.jpg,0.26
6495575536_2.jpg,0.95
6495576371_1.jpg,0.01
6495576371_2.jpg,2.35
6495577830_1.jpg,4.56
6495578612_1.jpg,4.17
6495578792_1.jpg,2.77
6495579386_1.jpg,2.43
6495580569_1.jpg,1.74
6495582488_1.jpg,27.06
6495582514_1.jpg,4.58
6495582828_1.jpg,3.61
6495583719_1.jpg,1.10
6495583788_1.jpg,0.39
6495584375_1.jpg,16.32
6495584546_1.jpg,2.45
6495584735_1.jpg,14.22
6495584861_1.jpg,1.55
6495585477_1.jpg,11.94
6495585477_2.jpg,2.01
6495585714_1.jpg,2.82
6495586870_1.jpg,3.12
6495587452_1.jpg,2.02
6495588431_1.jpg,2.79
6495588431_2.jpg,0.09
6495588431_3.jpg,2.49
6495588800_1.jpg,1.31
6495589475_1.jpg,3.98
6495589824_1.jpg,0.08
6495590359_1.jpg,28.37
6495591908_1.jpg,12.74
6495593401_1.jpg,23.64
6495594441_1.jpg,14.84
6495596534_1.jpg,7.90
6495599634_1.jpg,2.06
6495601321_1.jpg,5.12
6495601321_2.jpg,3.22
6495601321_3.jpg,4.18
6495601321_4.jpg,3.88
6495601454_1.jpg,4.74
6495602502_1.jpg,1.50
6495607741_1.jpg,1.35
6495608301_1.jpg,1.73
6495608745_1.jpg,1.36
6495608815_1.jpg,55.07
6495609592_1.jpg,2.70
6495610897_1.jpg,3.98
6495611535_1.jpg,10.26
6495611535_2.jpg,39.62
6495612548_1.jpg,12.52
6495613847_1.jpg,12.55
6495614399_1.jpg,1.62
6495615867_1.jpg,1.65
6495616403_1.jpg,5.96
6495616474_1.jpg,3.63
6495616474_2.jpg,12.97
6495618855_1.jpg,4.54
6495621469_1.jpg,18.26
6495621469_2.jpg,14.59
6495622741_1.jpg,0.06
6495623792_1.jpg,11.10
6495627479_1.jpg,7.05
6495628926_1.jpg,2.92
6495628926_2.jpg,3.90
6495629540_1.jpg,10.68
6495629540_2.jpg,11.43
6495631474_1.jpg,0.90
6495633426_1.jpg,19.18
6495633426_2.jpg,5.94
6495633426_3.jpg,3.13
6495633426_4.jpg,6.61
6495633426_5.jpg,15.47
6495633687_1.jpg,3.97
6495633896_1.jpg,1.65
6495634731_1.jpg,5.32
6495634731_2.jpg,2.77
6495634731_3.jpg,1.49
6495634731_4.jpg,0.27
6495634731_5.jpg,2.99
6495635391_1.jpg,12.53
6495635893_1.jpg,5.69
6495636313_1.jpg,3.27
6495636606_1.jpg,10.74
6495636606_2.jpg,4.86
6495638736_1.jpg,0.50
6495638736_2.jpg,2.16
6495638736_3.jpg,1.07
6495639598_1.jpg,4.94
6495639598_2.jpg,5.24
6495639598_3.jpg,6.27
6495639848_1.jpg,2.94
6495639848_2.jpg,7.73
6495640748_1.jpg,10.64
6495641397_1.jpg,7.90
6495642342_1.jpg,0.58
6498124236_1.jpg,4.39
6498172703_1.jpg,14.76
6498172703_2.jpg,10.50
6498172703_3.jpg,16.29
6498237395_1.jpg,2.77
6498253960_1.jpg,1.76
6498273748_1.jpg,11.05
6498285866_1.jpg,6.63
6498287978_1.jpg,11.54
6498299986_1.jpg,2.35
6498299986_2.jpg,1.61
6498299986_3.jpg,2.00
6498336105_1.jpg,2.06
6498336105_2.jpg,1.87
6498336105_3.jpg,1.57
6498336105_4.jpg,1.31
6498336105_5.jpg,1.26
6498336105_6.jpg,1.14
6498336105_7.jpg,0.55
6498407769_1.jpg,15.72
6498407769_2.jpg,12.29
6498407769_3.jpg,17.02
6498407769_4.jpg,7.97
6498407769_5.jpg,7.35
6498407769_6.jpg,10.36
6498407769_7.jpg,7.45
6498407769_8.jpg,4.94
6498414411_1.jpg,2.49
6498459902_1.jpg,2.46
6498461712_1.jpg,1.65
6498461712_2.jpg,1.91
6498461712_3.jpg,0.85
6498480451_1.jpg,3.39
6498483560_1.jpg,0.00
6498483560_2.jpg,0.48
6498490336_1.jpg,20.40
6498490336_2.jpg,9.68
6498490336_3.jpg,1.86
6498490336_4.jpg,8.57
6498490336_5.jpg,0.00
6498490336_6.jpg,0.00
6498499691_1.jpg,9.16
6498504518_1.jpg,7.78
6498553800_1.jpg,0.71
6498553800_2.jpg,0.00
6498556431_1.jpg,4.14
6498556431_2.jpg,6.47
6498571904_1.jpg,24.87
6498585551_1.jpg,9.30
6498585551_2.jpg,4.88
6498624096_1.jpg,5.64
6498634642_1.jpg,2.50
6498637513_1.jpg,2.79
6498646335_1.jpg,4.30
6498676582_1.jpg,1.01
6498676582_2.jpg,1.64
6498676582_3.jpg,0.52
6498676582_4.jpg,1.77
6498717535_1.jpg,4.15
6498717772_1.jpg,0.03
6498722437_1.jpg,0.70
6498722438_1.jpg,4.84
6498754803_1.jpg,25.93
6498754803_2.jpg,40.19
6498769258_1.jpg,3.29
6498780434_1.jpg,1.05
6498780434_2.jpg,1.24
6498780434_3.jpg,0.74
6498782725_1.jpg,6.48
6498782725_2.jpg,20.29
6498799207_1.jpg,1.79
6498815681_1.jpg,0.49
6498815681_2.jpg,4.13
6498818419_1.jpg,6.97
6498855411_1.jpg,4.25
6498871310_1.jpg,5.76
6498871310_2.jpg,2.31
6498882448_1.jpg,9.07
6498882448_2.jpg,5.20
6498882448_3.jpg,11.90
6498882448_4.jpg,5.24
6498882448_5.jpg,1.46
6498882448_6.jpg,18.27
6498882448_7.jpg,3.71
6498896619_1.jpg,0.86
6498896619_2.jpg,1.04
6498896619_3.jpg,0.50
6498899431_1.jpg,3.97
6498932830_1.jpg,1.24
6498932830_2.jpg,1.44
6498932830_3.jpg,1.22
6498932830_4.jpg,1.87
6498951305_1.jpg,4.05
6498965359_1.jpg,1.31
6498965359_2.jpg,3.52
6498965359_3.jpg,2.54
6498982795_1.jpg,4.63
6498984354_1.jpg,3.37
6499029083_1.jpg,1.71
6499063838_1.jpg,0.83
6499063838_2.jpg,2.23
6499070769_1.jpg,1.73
6499076125_1.jpg,5.07
6499100544_1.jpg,5.16
6499100544_2.jpg,4.59
6499100544_3.jpg,5.62
6499121221_1.jpg,6.77
6499122791_1.jpg,4.39
6499153587_1.jpg,28.03
6499153587_2.jpg,11.63
6499153587_3.jpg,6.14
6499153587_4.jpg,7.52
6499167867_1.jpg,1.39
6499184613_1.jpg,8.19
6499184613_2.jpg,10.43
6499184613_3.jpg,8.92
6499184613_4.jpg,6.68
6499184613_5.jpg,2.67
6499198710_1.jpg,1.02
6499205417_1.jpg,12.23
6499211264_1.jpg,4.74
6499218645_1.jpg,3.60
6499218645_2.jpg,1.60
6499218645_3.jpg,3.28
6499225070_1.jpg,5.49
6499233293_1.jpg,13.54
6499233293_2.jpg,19.87
6499239006_1.jpg,14.72
6499270655_1.jpg,3.35
6499299622_1.jpg,4.17
6499303802_1.jpg,3.45
6499303802_2.jpg,6.31
6499306162_1.jpg,2.65
6499325451_1.jpg,7.93
6499325451_2.jpg,7.98
6499325451_3.jpg,8.75
6499325451_4.jpg,19.06
6499330502_1.jpg,4.57
6499384336_1.jpg,13.28
6499411572_1.jpg,3.60
6499436357_1.jpg,6.03
6499450385_1.jpg,3.81
6499468705_1.jpg,7.64
6499505032_1.jpg,3.47
6499505554_1.jpg,5.54
6499516815_1.jpg,4.51
6499520818_1.jpg,1.13
6499520818_2.jpg,4.85
6499520818_3.jpg,2.82
6499531471_1.jpg,3.58
6499531471_2.jpg,4.29
6499538296_1.jpg,36.96
6499538296_2.jpg,13.13
6499548873_1.jpg,4.54
6499553700_1.jpg,20.12
6499553700_2.jpg,6.63
6499556021_1.jpg,4.15
6499556021_2.jpg,0.00
6499559262_1.jpg,2.30
6499559262_2.jpg,1.67
6499565858_1.jpg,4.81
6499577512_1.jpg,3.83
6499579965_1.jpg,13.01
6499579965_2.jpg,0.42
6499589698_1.jpg,5.31
6499589698_2.jpg,3.41
6499589698_3.jpg,3.38
6499596584_1.jpg,0.32
6499610818_1.jpg,11.16
6499623079_1.jpg,6.01
6499625211_1.jpg,5.02
6499625211_2.jpg,1.75
6499642220_1.jpg,0.82
6499645081_1.jpg,44.03
6499645081_2.jpg,20.49
6499645081_3.jpg,49.54
6499645081_4.jpg,25.20
6499645081_5.jpg,25.64
6499648785_1.jpg,14.71
6499648785_2.jpg,3.16
6499683317_1.jpg,8.34
6499683442_1.jpg,2.30
6499693449_1.jpg,4.77
6499693449_2.jpg,8.34
6499693850_1.jpg,2.03
6499696920_1.jpg,3.30
6499719787_1.jpg,25.00
6499725167_1.jpg,12.26
6499725167_2.jpg,16.54
6499725167_3.jpg,17.23
6499731786_1.jpg,12.01
6499762534_1.jpg,2.37
6499762534_2.jpg,0.23
6499762534_3.jpg,0.15
6499765165_1.jpg,10.76
6499765165_2.jpg,6.28
6499766960_1.jpg,13.40
6499795319_1.jpg,2.67
6499795319_2.jpg,0.69
6499795319_3.jpg,0.17
6499801304_1.jpg,2.15
6499816404_1.jpg,10.93
6499816404_2.jpg,4.43
6499817366_1.jpg,4.87
6499821675_1.jpg,8.56
6499838701_1.jpg,9.62
6499906736_1.jpg,35.68
6499932467_1.jpg,25.77
6499932467_2.jpg,40.62
6499932467_3.jpg,29.72
6499932467_4.jpg,3.59
6499956544_1.jpg,1.48
6499956544_2.jpg,1.23
6499994842_1.jpg,0.00
6500001949_1.jpg,3.33
6500001949_2.jpg,14.79
6500015783_1.jpg,1.06
6500015783_2.jpg,0.29
6500015783_3.jpg,0.66
6500015783_4.jpg,0.45
6500018582_1.jpg,5.05
6500027426_1.jpg,0.95
6500030196_1.jpg,0.94
6500031676_1.jpg,8.91
6500038112_1.jpg,3.49
6500054490_1.jpg,50.30
6500054490_2.jpg,51.36
6500061916_1.jpg,7.22
6500061916_2.jpg,6.77
6500061916_3.jpg,2.91
6500061916_4.jpg,2.83
6500061916_5.jpg,7.02
6500061916_6.jpg,1.73
6500061916_7.jpg,1.24
6500065351_1.jpg,13.17
6500065351_2.jpg,3.91
6500065351_3.jpg,3.48
6500065351_4.jpg,17.08
6500065351_5.jpg,11.29
6500070097_1.jpg,5.25
6500070097_2.jpg,5.55
6500070097_3.jpg,4.73
6500070097_4.jpg,4.84
6500111666_1.jpg,10.27
6500156382_1.jpg,0.94
6500179664_1.jpg,22.86
6500182351_1.jpg,4.47
6500194070_1.jpg,5.91
6500194070_2.jpg,14.44
6500194070_3.jpg,5.62
6500194070_4.jpg,16.47
6500194070_5.jpg,5.46
6500194070_6.jpg,8.93
6500206093_1.jpg,3.94
6500213309_1.jpg,6.18
6500240594_1.jpg,21.24
6500245386_1.jpg,4.68
6500270389_1.jpg,3.29
6500312456_1.jpg,10.29
6500315898_1.jpg,2.92
6500315898_2.jpg,8.12
6500340770_1.jpg,13.22
6500404471_1.jpg,0.00
6500428558_1.jpg,1.27
6500435642_1.jpg,5.58
6500435642_2.jpg,16.19
6500462351_1.jpg,0.96
6500462351_2.jpg,0.88
6500462351_3.jpg,0.42
6500493705_1.jpg,1.47
6509489456_1.jpg,26.55
6509489456_2.jpg,4.69
6509489456_3.jpg,0.89
6509489456_4.jpg,12.02
6509490576_1.jpg,1.25
6509490576_2.jpg,2.70
6509523423_1.jpg,1.77
6509523423_2.jpg,1.66
6509530306_1.jpg,3.30
6509548621_1.jpg,10.55
6509548621_2.jpg,1.53
6509601430_1.jpg,21.26
6509601430_2.jpg,1.52
6509606365_1.jpg,7.75
6509614459_1.jpg,22.89
6509614459_2.jpg,4.94
6509625394_1.jpg,12.13
6509625394_2.jpg,2.54
