gbif_id,latitude,longitude,observation_date,photo_ids,photos
6147507750,44.904791,-1.155904,2026-01-31T13:33,"['6147507750_1', '6147507750_2']","['https://inaturalist-open-data.s3.amazonaws.com/photos/613002674/original.jpg', 'https://inaturalist-open-data.s3.amazonaws.com/photos/613002687/original.jpg']"
6162906804,46.55559,6.705304,2026-02-11T12:05:57,['6162906804_1'],['https://inaturalist-open-data.s3.amazonaws.com/photos/617563922/original.jpg']
6169034695,47.770903,2.366851,2026-02-24,"['6169034695_1', '6169034695_2', '6169034695_3', '6169034695_4']","['https://observation.org/photos/144328704.jpg', 'https://observation.org/photos/144328705.jpg', 'https://observation.org/photos/144328706.jpg', 'https://observation.org/photos/144328707.jpg']"
6169532846,42.1,2.5,2026-02-26,"['6169532846_1', '6169532846_2']","['https://observation.org/photos/144439954.jpg', 'https://observation.org/photos/144439955.jpg']"
6170848501,47.124363,-1.934127,2026-02-25T12:20,"['6170848501_1', '6170848501_2']","['https://inaturalist-open-data.s3.amazonaws.com/photos/619017748/original.jpg', 'https://inaturalist-open-data.s3.amazonaws.com/photos/619017772/original.jpg']"
6170944610,46.479646,6.704715,2026-02-26T14:44:26,"['6170944610_1', '6170944610_2']","['https://inaturalist-open-data.s3.amazonaws.com/photos/619267644/original.jpg', 'https://inaturalist-open-data.s3.amazonaws.com/photos/619267664/original.jpg']"
6170966575,48.376056,2.521755,2026-02-25T13:11:25,['6170966575_1'],['https://inaturalist-open-data.s3.amazonaws.com/photos/618967725/original.jpg']
6171090899,46.226352,5.935541,2026-02-25T16:06:31,"['6171090899_1', '6171090899_2']","['https://inaturalist-open-data.s3.amazonaws.com/photos/639624360/original.jpg', 'https://inaturalist-open-data.s3.amazonaws.com/photos/639624389/original.jpg']"
6171278848,46.529163,6.617461,2026-02-26T14:34:25,"['6171278848_1', '6171278848_2']","['https://inaturalist-open-data.s3.amazonaws.com/photos/619284621/original.jpg', 'https://inaturalist-open-data.s3.amazonaws.com/photos/619284607/original.jpg']"
6171306720,45.929819,3.065074,2026-02-25T11:59,['6171306720_1'],['https://inaturalist-open-data.s3.amazonaws.com/photos/619232252/original.jpg']
6171360656,44.89076,0.01863,2026-02-25T07:19,['6171360656_1'],['https://inaturalist-open-data.s3.amazonaws.com/photos/620622888/original.jpg']
6185072735,45.362681,-1.06571,2026-02-28T16:27,['6185072735_1'],['https://inaturalist-open-data.s3.amazonaws.com/photos/629358928/original.jpg']
6422554762,42.252747,12.575063,2026-02-25T17:07:06,['6422554762_1'],['https://inaturalist-open-data.s3.amazonaws.com/photos/685169699/original.jpg']
6171100766,43.677116,3.671606,2026-03-01T12:55:49,['6171100766_1'],['https://inaturalist-open-data.s3.amazonaws.com/photos/620367994/original.jpg']
6171153632,45.250266,5.869525,2026-03-02T12:55,"['6171153632_1', '6171153632_2']","['https://inaturalist-open-data.s3.amazonaws.com/photos/620557727/original.jpg', 'https://inaturalist-open-data.s3.amazonaws.com/photos/620558401/original.jpg']"
6178360949,44.447031,3.154437,2026-03-06T10:20:16,"['6178360949_1', '6178360949_2']","['https://inaturalist-open-data.s3.amazonaws.com/photos/621694279/original.jpg', 'https://inaturalist-open-data.s3.amazonaws.com/photos/621697171/original.jpg']"
6178373303,45.929919,3.065671,2026-03-01T12:35,['6178373303_1'],['https://inaturalist-open-data.s3.amazonaws.com/photos/620799180/original.jpg']
6178464918,47.93839,7.266585,2026-03-03T16:13:32,['6178464918_1'],['https://inaturalist-open-data.s3.amazonaws.com/photos/621086066/original.jpg']
6178475768,45.907514,3.068499,2026-03-04T12:53,['6178475768_1'],['https://inaturalist-open-data.s3.amazonaws.com/photos/621439119/original.jpg']
6178524539,43.707052,3.968141,2026-03-13T11:03:20,['6178524539_1'],['https://inaturalist-open-data.s3.amazonaws.com/photos/624169463/original.jpg']
6178584228,47.390145,0.857508,2026-03-12T11:19:56,['6178584228_1'],['https://inaturalist-open-data.s3.amazonaws.com/photos/624155186/original.jpg']
6178594308,45.929873,3.065387,2026-03-01T12:37,['6178594308_1'],['https://inaturalist-open-data.s3.amazonaws.com/photos/620799178/original.jpg']
6178761491,45.912587,3.06789,2026-03-04T12:11,['6178761491_1'],['https://inaturalist-open-data.s3.amazonaws.com/photos/621439251/original.jpg']
6178799604,46.121963,5.891564,2026-03-08T09:38,"['6178799604_1', '6178799604_2', '6178799604_3', '6178799604_4', '6178799604_5', '6178799604_6', '6178799604_7', '6178799604_8', '6178799604_9', '6178799604_10', '6178799604_11', '6178799604_12', '6178799604_13', '6178799604_14', '6178799604_15']","['https://inaturalist-open-data.s3.amazonaws.com/photos/625004169/original.jpg', 'https://inaturalist-open-data.s3.amazonaws.com/photos/625004443/original.jpg', 'https://inaturalist-open-data.s3.amazonaws.com/photos/625004552/original.jpg', 'https://inaturalist-open-data.s3.amazonaws.com/photos/625004550/original.jpg', 'https://inaturalist-open-data.s3.amazonaws.com/photos/625004554/original.jpg', 'https://inaturalist-open-data.s3.amazonaws.com/photos/625004553/original.jpg', 'https://inaturalist-open-data.s3.amazonaws.com/photos/625004558/original.jpg', 'https://inaturalist-open-data.s3.amazonaws.com/photos/625004555/original.jpg', 'https://inaturalist-open-data.s3.amazonaws.com/photos/625004580/original.jpg', 'https://inaturalist-open-data.s3.amazonaws.com/photos/625004582/original.jpg', 'https://inaturalist-open-data.s3.amazonaws.com/photos/625004583/original.jpg', 'https://inaturalist-open-data.s3.amazonaws.com/photos/625004584/original.jpg', 'https://inaturalist-open-data.s3.amazonaws.com/photos/625004587/original.jpg', 'https://inaturalist-open-data.s3.amazonaws.com/photos/625004588/original.jpg', 'https://inaturalist-open-data.s3.amazonaws.com/photos/625004605/original.jpg']"
6178825873,47.936913,7.261773,2026-03-03T16:01:19,['6178825873_1'],['https://inaturalist-open-data.s3.amazonaws.com/photos/621086394/original.jpg']
6178892528,46.021143,-0.991765,2026-03-03T13:28:02,"['6178892528_1', '6178892528_2']","['https://inaturalist-open-data.s3.amazonaws.com/photos/620840687/original.jpg', 'https://inaturalist-open-data.s3.amazonaws.com/photos/620840712/original.jpg']"
6178905099,43.715359,3.642024,2026-03-12T13:53,"['6178905099_1', '6178905099_2']","['https://inaturalist-open-data.s3.amazonaws.com/photos/623924575/original.jpg', 'https://inaturalist-open-data.s3.amazonaws.com/photos/623924721/original.jpg']"
6178951268,45.929886,3.065454,2026-03-01T12:51,['6178951268_1'],['https://inaturalist-open-data.s3.amazonaws.com/photos/620799152/original.jpg']
6179032716,45.372188,4.139753,2026-03-08T10:30:32,"['6179032716_1', '6179032716_2']","['https://inaturalist-open-data.s3.amazonaws.com/photos/622400736/original.jpg', 'https://inaturalist-open-data.s3.amazonaws.com/photos/622400785/original.jpg']"
6179125608,48.829519,5.561523,2026-03-07T15:09,"['6179125608_1', '6179125608_2', '6179125608_3']","['https://inaturalist-open-data.s3.amazonaws.com/photos/623643541/original.jpg', 'https://inaturalist-open-data.s3.amazonaws.com/photos/623643526/original.jpg', 'https://inaturalist-open-data.s3.amazonaws.com/photos/623644122/original.jpg']"
6179129012,45.92983,3.065196,2026-03-01T12:33,['6179129012_1'],['https://inaturalist-open-data.s3.amazonaws.com/photos/620799179/original.jpg']
6179203896,43.755848,3.758339,2026-03-12T11:47:40,"['6179203896_1', '6179203896_2']","['https://inaturalist-open-data.s3.amazonaws.com/photos/623927510/original.jpg', 'https://inaturalist-open-data.s3.amazonaws.com/photos/623927545/original.jpg']"
6179231605,43.769464,3.72822,2026-03-12T13:01,['6179231605_1'],['https://inaturalist-open-data.s3.amazonaws.com/photos/623924465/original.jpg']
6179297633,42.006869,2.1815,2026-03-09T13:23:04,['6179297633_1'],['https://inaturalist-open-data.s3.amazonaws.com/photos/622950430/original.jpg']
6179337195,45.929863,3.065329,2026-03-01T12:50,['6179337195_1'],['https://inaturalist-open-data.s3.amazonaws.com/photos/620799148/original.jpg']
6179389580,45.291247,5.829375,2026-03-05T16:21,['6179389580_1'],['https://inaturalist-open-data.s3.amazonaws.com/photos/624555494/original.jpg']
6179428359,45.492476,4.273133,2026-03-04T11:49:29,['6179428359_1'],['https://inaturalist-open-data.s3.amazonaws.com/photos/621380332/original.jpg']
6179497236,47.937582,7.260655,2026-03-07T15:01,['6179497236_1'],['https://inaturalist-open-data.s3.amazonaws.com/photos/622168880/original.jpg']
6179527546,47.943426,7.259936,2026-03-07T14:10,['6179527546_1'],['https://inaturalist-open-data.s3.amazonaws.com/photos/622167476/original.jpg']
6179566627,47.936802,7.261882,2026-03-03T16:04:12,['6179566627_1'],['https://inaturalist-open-data.s3.amazonaws.com/photos/621085931/original.jpg']
6179574064,45.929901,3.065563,2026-03-01T12:53,['6179574064_1'],['https://inaturalist-open-data.s3.amazonaws.com/photos/620799153/original.jpg']
6184841172,44.656526,6.659145,2026-03-25T11:18,['6184841172_1'],['https://inaturalist-open-data.s3.amazonaws.com/photos/628990681/original.jpg']
6184844891,42.945384,-2.718895,2026-03-20T13:25:46,"['6184844891_1', '6184844891_2', '6184844891_3', '6184844891_4']","['https://inaturalist-open-data.s3.amazonaws.com/photos/626767132/original.jpg', 'https://inaturalist-open-data.s3.amazonaws.com/photos/626767181/original.jpg', 'https://inaturalist-open-data.s3.amazonaws.com/photos/626767211/original.jpg', 'https://inaturalist-open-data.s3.amazonaws.com/photos/626767292/original.jpg']"
6184984876,44.994306,5.772569,2026-03-07T17:22,['6184984876_1'],['https://inaturalist-open-data.s3.amazonaws.com/photos/625957131/original.jpg']
6185148846,42.977249,10.836362,2026-03-27T17:23,"['6185148846_1', '6185148846_2']","['https://inaturalist-open-data.s3.amazonaws.com/photos/629644596/original.jpg', 'https://inaturalist-open-data.s3.amazonaws.com/photos/629644636/original.jpg']"
6185183184,45.198136,-1.128225,2026-03-15T14:57,['6185183184_1'],['https://inaturalist-open-data.s3.amazonaws.com/photos/627526826/original.jpg']
6185190257,45.588417,0.124158,2026-03-23T15:49:03,"['6185190257_1', '6185190257_2']","['https://inaturalist-open-data.s3.amazonaws.com/photos/628078097/original.jpg', 'https://inaturalist-open-data.s3.amazonaws.com/photos/628078240/original.jpg']"
6185190281,43.304251,1.815089,2026-03-01T19:37,['6185190281_1'],['https://inaturalist-open-data.s3.amazonaws.com/photos/628155643/original.jpg']
6185198338,47.937599,7.26096,2026-03-21T15:13:57,['6185198338_1'],['https://inaturalist-open-data.s3.amazonaws.com/photos/627148663/original.jpg']
6185265182,42.42308,-2.964767,2026-03-18T14:50:55,['6185265182_1'],['https://inaturalist-open-data.s3.amazonaws.com/photos/626122422/original.jpg']
6185321876,45.890446,-1.237093,2026-03-22T18:25:19,['6185321876_1'],['https://inaturalist-open-data.s3.amazonaws.com/photos/627998677/original.jpg']
6185384277,41.32468,13.520306,2026-03-07T11:19:42,['6185384277_1'],['https://inaturalist-open-data.s3.amazonaws.com/photos/628016127/original.jpg']
6185495367,45.375691,5.916687,2026-03-24T13:41:12,['6185495367_1'],['https://inaturalist-open-data.s3.amazonaws.com/photos/628777208/original.jpg']
6185632319,48.260358,4.771136,2026-03-18T12:57,['6185632319_1'],['https://inaturalist-open-data.s3.amazonaws.com/photos/626275032/original.jpg']
6185734982,45.584207,5.932602,2026-03-21T13:16,['6185734982_1'],['https://inaturalist-open-data.s3.amazonaws.com/photos/627139975/original.jpg']
6185738398,45.599942,0.120806,2026-03-23T17:07:15,"['6185738398_1', '6185738398_2', '6185738398_3']","['https://inaturalist-open-data.s3.amazonaws.com/photos/628102380/original.jpg', 'https://inaturalist-open-data.s3.amazonaws.com/photos/628102424/original.jpg', 'https://inaturalist-open-data.s3.amazonaws.com/photos/628102469/original.jpg']"
6185874629,48.378811,2.791825,2026-03-21T16:48:59,['6185874629_1'],['https://inaturalist-open-data.s3.amazonaws.com/photos/627262999/original.jpg']
6185902369,46.161127,3.155714,2026-03-19T14:17,['6185902369_1'],['https://inaturalist-open-data.s3.amazonaws.com/photos/626687492/original.jpg']
6185940094,45.352862,5.999301,2026-03-25T13:18:08,['6185940094_1'],['https://inaturalist-open-data.s3.amazonaws.com/photos/628877137/original.jpg']
6186008376,42.827453,0.399907,2026-03-18T11:47:52,"['6186008376_1', '6186008376_2', '6186008376_3', '6186008376_4', '6186008376_5', '6186008376_6', '6186008376_7', '6186008376_8']","['https://inaturalist-open-data.s3.amazonaws.com/photos/626290473/original.jpg', 'https://inaturalist-open-data.s3.amazonaws.com/photos/626290442/original.jpg', 'https://inaturalist-open-data.s3.amazonaws.com/photos/626290457/original.jpg', 'https://inaturalist-open-data.s3.amazonaws.com/photos/626290495/original.jpg', 'https://inaturalist-open-data.s3.amazonaws.com/photos/626290509/original.jpg', 'https://inaturalist-open-data.s3.amazonaws.com/photos/626290522/original.jpg', 'https://inaturalist-open-data.s3.amazonaws.com/photos/626290535/original.jpg', 'https://inaturalist-open-data.s3.amazonaws.com/photos/626290546/original.jpg']"
6186078301,47.943432,7.259497,2026-03-07T15:10,['6186078301_1'],['https://inaturalist-open-data.s3.amazonaws.com/photos/625683080/original.jpg']
6186677350,47.511208,0.274713,2026-03-16,['6186677350_1'],['https://observation.org/photos/145481985.jpg']
6195356483,45.081001,7.961997,2026-03-07T10:45,['6195356483_1'],['https://inaturalist-open-data.s3.amazonaws.com/photos/634770280/original.jpg']
6195409393,46.096258,6.051541,2026-03-24T12:17,"['6195409393_1', '6195409393_2', '6195409393_3', '6195409393_4', '6195409393_5', '6195409393_6', '6195409393_7', '6195409393_8', '6195409393_9', '6195409393_10', '6195409393_11', '6195409393_12']","['https://inaturalist-open-data.s3.amazonaws.com/photos/636993352/original.jpg', 'https://inaturalist-open-data.s3.amazonaws.com/photos/636993509/original.jpg', 'https://inaturalist-open-data.s3.amazonaws.com/photos/636993513/original.jpg', 'https://inaturalist-open-data.s3.amazonaws.com/photos/636993515/original.jpg', 'https://inaturalist-open-data.s3.amazonaws.com/photos/636993516/original.jpg', 'https://inaturalist-open-data.s3.amazonaws.com/photos/636993514/original.jpg', 'https://inaturalist-open-data.s3.amazonaws.com/photos/636993520/original.jpg', 'https://inaturalist-open-data.s3.amazonaws.com/photos/636993581/original.jpg', 'https://inaturalist-open-data.s3.amazonaws.com/photos/636993583/original.jpg', 'https://inaturalist-open-data.s3.amazonaws.com/photos/636993582/original.jpg', 'https://inaturalist-open-data.s3.amazonaws.com/photos/636993585/original.jpg', 'https://inaturalist-open-data.s3.amazonaws.com/photos/636993584/original.jpg']"
6195429277,46.260199,7.820288,2026-03-19T14:59:04,['6195429277_1'],['https://inaturalist-open-data.s3.amazonaws.com/photos/635717860/original.jpg']
6195624834,46.230055,7.933934,2026-03-19T14:59:29,['6195624834_1'],['https://inaturalist-open-data.s3.amazonaws.com/photos/635721924/original.jpg']
6195843369,46.332985,7.801231,2026-03-19T14:59:29,['6195843369_1'],['https://inaturalist-open-data.s3.amazonaws.com/photos/635717918/original.jpg']
6234228029,41.294572,13.830655,2026-03-28T08:40,['6234228029_1'],['https://inaturalist-open-data.s3.amazonaws.com/photos/638943486/original.jpg']
6273502996,44.598017,8.773703,2026-03-31T13:03:53,"['6273502996_1', '6273502996_2', '6273502996_3', '6273502996_4', '6273502996_5']","['https://inaturalist-open-data.s3.amazonaws.com/photos/654364759/original.jpg', 'https://inaturalist-open-data.s3.amazonaws.com/photos/654364761/original.jpg', 'https://inaturalist-open-data.s3.amazonaws.com/photos/654364765/original.jpg', 'https://inaturalist-open-data.s3.amazonaws.com/photos/654364770/original.jpg', 'https://inaturalist-open-data.s3.amazonaws.com/photos/654364768/original.jpg']"
6343779402,47.944157,7.25689,2026-03-23,['6343779402_1'],['https://observation.org/photos/149155307.jpg']
6422251960,42.252995,12.575708,2026-03-25T10:19:48,['6422251960_1'],['https://inaturalist-open-data.s3.amazonaws.com/photos/684970189/original.jpg']
6469599423,47.075978,1.679052,2026-03-24T11:34:17,['6469599423_1'],['https://inaturalist-open-data.s3.amazonaws.com/photos/704813846/original.jpg']
6470109362,47.079296,1.676193,2026-03-24T10:48:40,['6470109362_1'],['https://inaturalist-open-data.s3.amazonaws.com/photos/704814422/original.jpg']
6481431572,46.254923,7.852351,2026-03-19T14:59:29,['6481431572_1'],['https://inaturalist-open-data.s3.amazonaws.com/photos/710773170/original.jpg']
6187895907,44.866583,7.175757,2026-04-04T17:31:47,"['6187895907_1', '6187895907_2']","['https://inaturalist-open-data.s3.amazonaws.com/photos/633212590/original.jpg', 'https://inaturalist-open-data.s3.amazonaws.com/photos/633212664/original.jpg']"
6187925453,42.005902,2.17495,2026-04-04T12:47:37,['6187925453_1'],['https://inaturalist-open-data.s3.amazonaws.com/photos/633105539/original.jpg']
6187927634,47.997896,7.317871,2026-04-06T16:10:16,['6187927634_1'],['https://inaturalist-open-data.s3.amazonaws.com/photos/634239682/original.jpg']
6187973064,47.943375,7.260613,2026-04-02T12:12:02,"['6187973064_1', '6187973064_2', '6187973064_3']","['https://inaturalist-open-data.s3.amazonaws.com/photos/632352055/original.jpg', 'https://inaturalist-open-data.s3.amazonaws.com/photos/632352173/original.jpg', 'https://inaturalist-open-data.s3.amazonaws.com/photos/632352391/original.jpg']"
6187977378,47.943472,7.26078,2026-04-02T12:13:59,"['6187977378_1', '6187977378_2']","['https://inaturalist-open-data.s3.amazonaws.com/photos/632352527/original.jpg', 'https://inaturalist-open-data.s3.amazonaws.com/photos/632352805/original.jpg']"
6187991698,47.897483,7.364573,2026-04-06T16:06:32,['6187991698_1'],['https://inaturalist-open-data.s3.amazonaws.com/photos/634238744/original.jpg']
6188030394,47.937745,7.265163,2026-04-02T10:59:38,"['6188030394_1', '6188030394_2', '6188030394_3']","['https://inaturalist-open-data.s3.amazonaws.com/photos/632348515/original.jpg', 'https://inaturalist-open-data.s3.amazonaws.com/photos/632348590/original.jpg', 'https://inaturalist-open-data.s3.amazonaws.com/photos/632351304/original.jpg']"
6188037077,42.822708,0.684666,2026-04-06T10:42,"['6188037077_1', '6188037077_2', '6188037077_3']","['https://inaturalist-open-data.s3.amazonaws.com/photos/634251187/original.jpg', 'https://inaturalist-open-data.s3.amazonaws.com/photos/634254797/original.jpg', 'https://inaturalist-open-data.s3.amazonaws.com/photos/634254940/original.jpg']"
6188049382,45.393036,5.67187,2026-04-05T16:24,['6188049382_1'],['https://inaturalist-open-data.s3.amazonaws.com/photos/633792674/original.jpg']
6188064849,47.985254,0.363741,2026-04-06T14:16,['6188064849_1'],['https://inaturalist-open-data.s3.amazonaws.com/photos/634278778/original.jpg']
6188094001,47.907298,7.299118,2026-04-06T16:06:37,['6188094001_1'],['https://inaturalist-open-data.s3.amazonaws.com/photos/634238942/original.jpg']
6188095349,45.749372,4.977264,2026-04-06T15:45,"['6188095349_1', '6188095349_2', '6188095349_3', '6188095349_4']","['https://inaturalist-open-data.s3.amazonaws.com/photos/634220856/original.jpg', 'https://inaturalist-open-data.s3.amazonaws.com/photos/636016294/original.jpg', 'https://inaturalist-open-data.s3.amazonaws.com/photos/636016284/original.jpg', 'https://inaturalist-open-data.s3.amazonaws.com/photos/636016278/original.jpg']"
6188095353,47.949868,7.375599,2026-04-06T16:06:21,['6188095353_1'],['https://inaturalist-open-data.s3.amazonaws.com/photos/634238446/original.jpg']
6188095705,47.87569,7.252396,2026-04-06T16:05:50,['6188095705_1'],['https://inaturalist-open-data.s3.amazonaws.com/photos/634236992/original.jpg']
6188143312,47.952179,7.211543,2026-04-06T16:06:24,['6188143312_1'],['https://inaturalist-open-data.s3.amazonaws.com/photos/634238578/original.jpg']
6188156683,47.956325,7.31187,2026-04-06T16:06,['6188156683_1'],['https://inaturalist-open-data.s3.amazonaws.com/photos/634234718/original.jpg']
6188162308,44.697073,9.036734,2026-04-05T12:43:17,['6188162308_1'],['https://inaturalist-open-data.s3.amazonaws.com/photos/633601661/original.jpg']
6188186348,47.893902,7.359284,2026-04-06T16:06:12,['6188186348_1'],['https://inaturalist-open-data.s3.amazonaws.com/photos/634238076/original.jpg']
6188195397,47.910012,0.287698,2026-04-06T14:29,"['6188195397_1', '6188195397_2']","['https://inaturalist-open-data.s3.amazonaws.com/photos/634288248/original.jpg', 'https://inaturalist-open-data.s3.amazonaws.com/photos/634288246/original.jpg']"
6188198164,47.943437,7.259455,2026-04-02T12:32:59,['6188198164_1'],['https://inaturalist-open-data.s3.amazonaws.com/photos/632348995/original.jpg']
6188227129,42.692616,-1.638369,2026-04-05T20:55,['6188227129_1'],['https://inaturalist-open-data.s3.amazonaws.com/photos/633816075/original.jpg']
6188235421,47.931436,7.342239,2026-04-06T16:06:18,['6188235421_1'],['https://inaturalist-open-data.s3.amazonaws.com/photos/634238398/original.jpg']
6188244889,47.852528,7.207736,2026-04-06T16:05:47,['6188244889_1'],['https://inaturalist-open-data.s3.amazonaws.com/photos/634236866/original.jpg']
6188266014,45.387574,4.110416,2026-04-05T14:21:28,['6188266014_1'],['https://inaturalist-open-data.s3.amazonaws.com/photos/633649172/original.jpg']
6188284071,42.307307,2.513128,2026-04-05,['6188284071_1'],['https://inaturalist-open-data.s3.amazonaws.com/photos/634176308/original.jpg']
6188304726,44.131603,3.394809,2026-04-04T19:11,"['6188304726_1', '6188304726_2']","['https://inaturalist-open-data.s3.amazonaws.com/photos/633270690/original.jpg', 'https://inaturalist-open-data.s3.amazonaws.com/photos/633270692/original.jpg']"
6188317444,47.980725,7.25367,2026-04-06T16:06:04,['6188317444_1'],['https://inaturalist-open-data.s3.amazonaws.com/photos/634237863/original.jpg']
6188412333,47.892701,0.296176,2026-04-06T14:15,['6188412333_1'],['https://inaturalist-open-data.s3.amazonaws.com/photos/634278762/original.jpg']
6188435685,47.958621,7.365015,2026-04-06T16:06:09,['6188435685_1'],['https://inaturalist-open-data.s3.amazonaws.com/photos/634238013/original.jpg']
6188436672,47.943437,7.259455,2026-04-02T12:32:59,"['6188436672_1', '6188436672_2']","['https://inaturalist-open-data.s3.amazonaws.com/photos/632353429/original.jpg', 'https://inaturalist-open-data.s3.amazonaws.com/photos/632353563/original.jpg']"
6188464190,47.940312,7.380775,2026-04-06T16:06:56,['6188464190_1'],['https://inaturalist-open-data.s3.amazonaws.com/photos/634239530/original.jpg']
6188489057,45.602218,11.003687,2026-04-06T13:25:19,"['6188489057_1', '6188489057_2']","['https://inaturalist-open-data.s3.amazonaws.com/photos/634208446/original.jpg', 'https://inaturalist-open-data.s3.amazonaws.com/photos/634209162/original.jpg']"
6188494803,47.819962,7.241862,2026-04-06T16:05:56,['6188494803_1'],['https://inaturalist-open-data.s3.amazonaws.com/photos/634237323/original.jpg']
6188505383,47.943447,7.259855,2026-04-02T12:26:13,"['6188505383_1', '6188505383_2', '6188505383_3']","['https://inaturalist-open-data.s3.amazonaws.com/photos/632353010/original.jpg', 'https://inaturalist-open-data.s3.amazonaws.com/photos/632353098/original.jpg', 'https://inaturalist-open-data.s3.amazonaws.com/photos/632353640/original.jpg']"
6188535002,47.948378,7.228657,2026-04-06T16:10:19,['6188535002_1'],['https://inaturalist-open-data.s3.amazonaws.com/photos/634239731/original.jpg']
6188576459,42.216705,1.824062,2026-04-05T14:32:25,"['6188576459_1', '6188576459_2']","['https://inaturalist-open-data.s3.amazonaws.com/photos/633694791/original.jpg', 'https://inaturalist-open-data.s3.amazonaws.com/photos/633694944/original.jpg']"
6188625785,47.812193,0.306606,2026-04-06T14:16,['6188625785_1'],['https://inaturalist-open-data.s3.amazonaws.com/photos/634278788/original.jpg']
6188626106,47.819164,7.365634,2026-04-06T16:05:53,['6188626106_1'],['https://inaturalist-open-data.s3.amazonaws.com/photos/634237164/original.jpg']
6188670892,47.884725,7.267695,2026-04-06T16:06:40,['6188670892_1'],['https://inaturalist-open-data.s3.amazonaws.com/photos/634239101/original.jpg']
6188678223,47.931383,7.387038,2026-04-06T16:05:44,['6188678223_1'],['https://inaturalist-open-data.s3.amazonaws.com/photos/634236812/original.jpg']
6193411003,42.95,-1.45,2026-04-07,['6193411003_1'],['https://observation.org/photos/146895763.jpg']
6195230845,48.377152,3.525138,2026-04-08T09:49,['6195230845_1'],['https://inaturalist-open-data.s3.amazonaws.com/photos/635911860/original.jpg']
6195233425,43.158833,12.601156,2026-04-09,['6195233425_1'],['https://inaturalist-open-data.s3.amazonaws.com/photos/635734810/original.jpg']
6195247603,46.520947,6.706743,2026-04-07T11:08:39,['6195247603_1'],['https://inaturalist-open-data.s3.amazonaws.com/photos/635097731/original.jpg']
6195276333,43.871715,3.741924,2026-04-06T15:38:31,['6195276333_1'],['https://inaturalist-open-data.s3.amazonaws.com/photos/635892456/original.jpg']
6195297650,40.210698,15.435151,2026-04-11T16:00:28,['6195297650_1'],['https://inaturalist-open-data.s3.amazonaws.com/photos/636576255/original.jpg']
6195306021,44.29095,3.161644,2026-04-10T12:31:04,['6195306021_1'],['https://inaturalist-open-data.s3.amazonaws.com/photos/635968463/original.jpg']
6195314480,47.574535,4.814523,2026-04-09T12:08:18,"['6195314480_1', '6195314480_2']","['https://inaturalist-open-data.s3.amazonaws.com/photos/635475071/original.jpg', 'https://inaturalist-open-data.s3.amazonaws.com/photos/635475106/original.jpg']"
6195322600,46.131003,6.182104,2026-04-09T11:36:17,['6195322600_1'],['https://inaturalist-open-data.s3.amazonaws.com/photos/636949460/original.jpg']
6195327758,48.391957,3.48949,2026-04-08T09:03,"['6195327758_1', '6195327758_2', '6195327758_3']","['https://inaturalist-open-data.s3.amazonaws.com/photos/635912180/original.jpg', 'https://inaturalist-open-data.s3.amazonaws.com/photos/635912025/original.jpg', 'https://inaturalist-open-data.s3.amazonaws.com/photos/635912216/original.jpg']"
6195360426,43.849082,3.187588,2026-04-06,['6195360426_1'],['https://inaturalist-open-data.s3.amazonaws.com/photos/634844953/original.jpg']
6195386758,43.025978,12.077509,2026-04-12T12:30:44,"['6195386758_1', '6195386758_2', '6195386758_3', '6195386758_4']","['https://inaturalist-open-data.s3.amazonaws.com/photos/637070336/original.jpg', 'https://inaturalist-open-data.s3.amazonaws.com/photos/637070333/original.jpg', 'https://inaturalist-open-data.s3.amazonaws.com/photos/637070305/original.jpg', 'https://inaturalist-open-data.s3.amazonaws.com/photos/637070281/original.jpg']"
6195417344,44.142804,3.3603,2026-04-04T19:11,['6195417344_1'],['https://inaturalist-open-data.s3.amazonaws.com/photos/636145810/original.jpg']
6195422718,46.243403,8.631158,2026-04-07T13:23:59,"['6195422718_1', '6195422718_2', '6195422718_3', '6195422718_4', '6195422718_5']","['https://inaturalist-open-data.s3.amazonaws.com/photos/634707279/original.jpg', 'https://inaturalist-open-data.s3.amazonaws.com/photos/634707320/original.jpg', 'https://inaturalist-open-data.s3.amazonaws.com/photos/634825544/original.jpg', 'https://inaturalist-open-data.s3.amazonaws.com/photos/634825578/original.jpg', 'https://inaturalist-open-data.s3.amazonaws.com/photos/634825606/original.jpg']"
6195433544,44.066123,7.358774,2026-04-07T16:10,['6195433544_1'],['https://inaturalist-open-data.s3.amazonaws.com/photos/635100453/original.jpg']
6195443161,41.448643,13.276334,2026-04-10T13:05:34,"['6195443161_1', '6195443161_2']","['https://inaturalist-open-data.s3.amazonaws.com/photos/636213627/original.jpg', 'https://inaturalist-open-data.s3.amazonaws.com/photos/636213756/original.jpg']"
6195484550,46.352958,8.914432,2026-04-07T15:58:26,"['6195484550_1', '6195484550_2']","['https://inaturalist-open-data.s3.amazonaws.com/photos/634768518/original.jpg', 'https://inaturalist-open-data.s3.amazonaws.com/photos/634768616/original.jpg']"
6195539122,46.552105,6.732509,2026-04-07T11:40:21,['6195539122_1'],['https://inaturalist-open-data.s3.amazonaws.com/photos/635097844/original.jpg']
6195542061,45.34797,5.86643,2026-04-01T13:34,['6195542061_1'],['https://inaturalist-open-data.s3.amazonaws.com/photos/635150973/original.jpg']
6195549490,43.307067,11.361755,2026-04-08T13:18:07,"['6195549490_1', '6195549490_2', '6195549490_3']","['https://inaturalist-open-data.s3.amazonaws.com/photos/635125555/original.jpg', 'https://inaturalist-open-data.s3.amazonaws.com/photos/635125576/original.jpg', 'https://inaturalist-open-data.s3.amazonaws.com/photos/635125605/original.jpg']"
6195572877,42.951994,0.378228,2026-04-11T15:49:33,['6195572877_1'],['https://inaturalist-open-data.s3.amazonaws.com/photos/637015805/original.jpg']
6195575719,43.862008,5.221737,2026-04-11T09:35:18,"['6195575719_1', '6195575719_2', '6195575719_3']","['https://inaturalist-open-data.s3.amazonaws.com/photos/636429033/original.jpg', 'https://inaturalist-open-data.s3.amazonaws.com/photos/636429072/original.jpg', 'https://inaturalist-open-data.s3.amazonaws.com/photos/636429119/original.jpg']"
6195595108,47.157329,-1.578892,2026-04-11T11:01:45,['6195595108_1'],['https://inaturalist-open-data.s3.amazonaws.com/photos/636411734/original.jpg']
6195600423,46.111576,7.159973,2026-04-08T16:17:50,['6195600423_1'],['https://inaturalist-open-data.s3.amazonaws.com/photos/635169666/original.jpg']
6195602941,41.938851,13.233685,2026-04-13T12:19:58,['6195602941_1'],['https://inaturalist-open-data.s3.amazonaws.com/photos/637548393/original.jpg']
6195644307,44.418363,4.921501,2026-04-08T13:15:35,['6195644307_1'],['https://inaturalist-open-data.s3.amazonaws.com/photos/635126824/original.jpg']
6195660486,45.242525,7.241299,2026-04-09,"['6195660486_1', '6195660486_2', '6195660486_3']","['https://inaturalist-open-data.s3.amazonaws.com/photos/635558461/original.jpg', 'https://inaturalist-open-data.s3.amazonaws.com/photos/635558517/original.jpg', 'https://inaturalist-open-data.s3.amazonaws.com/photos/635558561/original.jpg']"
6195683102,42.64056,11.067927,2026-04-10T12:18,"['6195683102_1', '6195683102_2']","['https://inaturalist-open-data.s3.amazonaws.com/photos/636174725/original.jpg', 'https://inaturalist-open-data.s3.amazonaws.com/photos/636174750/original.jpg']"
6195683902,42.68737,11.979957,2026-04-11T15:36:33,['6195683902_1'],['https://inaturalist-open-data.s3.amazonaws.com/photos/636487307/original.jpg']
6195716381,43.900282,12.44512,2026-04-07T12:51:31,['6195716381_1'],['https://inaturalist-open-data.s3.amazonaws.com/photos/634711817/original.jpg']
6195743360,43.84978,3.525595,2026-04-08,['6195743360_1'],['https://inaturalist-open-data.s3.amazonaws.com/photos/635952900/original.jpg']
6195820031,44.146886,11.771033,2026-04-05T13:55,"['6195820031_1', '6195820031_2']","['https://inaturalist-open-data.s3.amazonaws.com/photos/635199659/original.jpg', 'https://inaturalist-open-data.s3.amazonaws.com/photos/635199711/original.jpg']"
6195865528,45.994484,6.994989,2026-04-09T14:38:37,['6195865528_1'],['https://inaturalist-open-data.s3.amazonaws.com/photos/635526453/original.jpg']
6195882618,42.128627,2.318803,2026-04-09T19:28,"['6195882618_1', '6195882618_2', '6195882618_3', '6195882618_4', '6195882618_5', '6195882618_6', '6195882618_7', '6195882618_8']","['https://inaturalist-open-data.s3.amazonaws.com/photos/636439872/original.jpg', 'https://inaturalist-open-data.s3.amazonaws.com/photos/636439860/original.jpg', 'https://inaturalist-open-data.s3.amazonaws.com/photos/636439852/original.jpg', 'https://inaturalist-open-data.s3.amazonaws.com/photos/636439868/original.jpg', 'https://inaturalist-open-data.s3.amazonaws.com/photos/636439838/original.jpg', 'https://inaturalist-open-data.s3.amazonaws.com/photos/636439827/original.jpg', 'https://inaturalist-open-data.s3.amazonaws.com/photos/636439833/original.jpg', 'https://inaturalist-open-data.s3.amazonaws.com/photos/636439812/original.jpg']"
6195941466,46.721038,-1.901748,2026-04-08T20:34:51,['6195941466_1'],['https://inaturalist-open-data.s3.amazonaws.com/photos/635273040/original.jpg']
6195948338,45.963455,10.653545,2026-04-11T12:42:57,"['6195948338_1', '6195948338_2']","['https://inaturalist-open-data.s3.amazonaws.com/photos/636620975/original.jpg', 'https://inaturalist-open-data.s3.amazonaws.com/photos/636621020/original.jpg']"
6196002585,46.484529,6.763029,2026-04-07T11:48:53,"['6196002585_1', '6196002585_2', '6196002585_3']","['https://inaturalist-open-data.s3.amazonaws.com/photos/635097825/original.jpg', 'https://inaturalist-open-data.s3.amazonaws.com/photos/635097823/original.jpg', 'https://inaturalist-open-data.s3.amazonaws.com/photos/635097822/original.jpg']"
6196046535,46.17343,7.027665,2026-04-08T12:24:42,['6196046535_1'],['https://inaturalist-open-data.s3.amazonaws.com/photos/636551504/original.jpg']
6234181176,48.489908,2.366067,2026-04-20T11:24:21,['6234181176_1'],['https://inaturalist-open-data.s3.amazonaws.com/photos/642624374/original.jpg']
6234184499,42.476688,3.02258,2026-04-18T11:55:13,"['6234184499_1', '6234184499_2']","['https://inaturalist-open-data.s3.amazonaws.com/photos/640239242/original.jpg', 'https://inaturalist-open-data.s3.amazonaws.com/photos/641486064/original.jpg']"
6234213177,46.255653,9.632417,2026-04-18T12:49:42,"['6234213177_1', '6234213177_2', '6234213177_3']","['https://inaturalist-open-data.s3.amazonaws.com/photos/640616767/original.jpg', 'https://inaturalist-open-data.s3.amazonaws.com/photos/640616787/original.jpg', 'https://inaturalist-open-data.s3.amazonaws.com/photos/640616802/original.jpg']"
6234230182,45.008565,6.643075,2026-04-24T14:17:10,"['6234230182_1', '6234230182_2', '6234230182_3']","['https://inaturalist-open-data.s3.amazonaws.com/photos/643884164/original.jpg', 'https://inaturalist-open-data.s3.amazonaws.com/photos/643884273/original.jpg', 'https://inaturalist-open-data.s3.amazonaws.com/photos/643884407/original.jpg']"
6234353145,45.556092,8.95879,2026-04-06T10:40:04,"['6234353145_1', '6234353145_2', '6234353145_3', '6234353145_4', '6234353145_5', '6234353145_6', '6234353145_7']","['https://inaturalist-open-data.s3.amazonaws.com/photos/639522825/original.jpg', 'https://inaturalist-open-data.s3.amazonaws.com/photos/639522933/original.jpg', 'https://inaturalist-open-data.s3.amazonaws.com/photos/639522999/original.jpg', 'https://inaturalist-open-data.s3.amazonaws.com/photos/639523090/original.jpg', 'https://inaturalist-open-data.s3.amazonaws.com/photos/639523175/original.jpg', 'https://inaturalist-open-data.s3.amazonaws.com/photos/639523277/original.jpg', 'https://inaturalist-open-data.s3.amazonaws.com/photos/639523365/original.jpg']"
6234378308,45.689226,5.299424,2026-04-18T10:49,['6234378308_1'],['https://inaturalist-open-data.s3.amazonaws.com/photos/640320133/original.jpg']
6234475422,45.928986,3.069422,2026-04-16T11:27,['6234475422_1'],['https://inaturalist-open-data.s3.amazonaws.com/photos/639533393/original.jpg']
6234517386,44.541627,8.40088,2026-04-18T15:00:04,['6234517386_1'],['https://inaturalist-open-data.s3.amazonaws.com/photos/641805893/original.jpg']
6234571986,42.099983,12.499037,2026-04-26T10:51:42,['6234571986_1'],['https://inaturalist-open-data.s3.amazonaws.com/photos/646234964/original.jpg']
6234598051,40.418193,16.979397,2026-04-12T11:17:13,['6234598051_1'],['https://inaturalist-open-data.s3.amazonaws.com/photos/638018234/original.jpg']
6234601738,45.929381,3.069127,2026-04-16T11:23,['6234601738_1'],['https://inaturalist-open-data.s3.amazonaws.com/photos/639533438/original.jpg']
6234611484,40.174962,15.285362,2026-04-21T15:22:34,['6234611484_1'],['https://inaturalist-open-data.s3.amazonaws.com/photos/643519777/original.jpg']
6234616764,47.943312,7.260351,2026-04-18T12:38,"['6234616764_1', '6234616764_2', '6234616764_3', '6234616764_4', '6234616764_5', '6234616764_6']","['https://inaturalist-open-data.s3.amazonaws.com/photos/640305947/original.jpg', 'https://inaturalist-open-data.s3.amazonaws.com/photos/640305999/original.jpg', 'https://inaturalist-open-data.s3.amazonaws.com/photos/640305950/original.jpg', 'https://inaturalist-open-data.s3.amazonaws.com/photos/640305934/original.jpg', 'https://inaturalist-open-data.s3.amazonaws.com/photos/640306064/original.jpg', 'https://inaturalist-open-data.s3.amazonaws.com/photos/640305871/original.jpg']"
6234617110,44.423356,6.095857,2026-04-22T17:29:21,['6234617110_1'],['https://inaturalist-open-data.s3.amazonaws.com/photos/672116802/original.jpg']
6234647167,47.137786,-2.190008,2026-04-25T11:33:02,"['6234647167_1', '6234647167_2']","['https://inaturalist-open-data.s3.amazonaws.com/photos/644828200/original.jpg', 'https://inaturalist-open-data.s3.amazonaws.com/photos/644893934/original.jpg']"
6234655094,43.075875,11.354999,2026-04-18T13:37:49,['6234655094_1'],['https://inaturalist-open-data.s3.amazonaws.com/photos/640057963/original.jpg']
6234657843,42.950623,-0.664093,2026-04-21T11:13:47,"['6234657843_1', '6234657843_2', '6234657843_3', '6234657843_4']","['https://inaturalist-open-data.s3.amazonaws.com/photos/641810603/original.jpg', 'https://inaturalist-open-data.s3.amazonaws.com/photos/641812457/original.jpg', 'https://inaturalist-open-data.s3.amazonaws.com/photos/641812500/original.jpg', 'https://inaturalist-open-data.s3.amazonaws.com/photos/641840183/original.jpg']"
6234744622,47.944373,7.260661,2026-04-25,['6234744622_1'],['https://inaturalist-open-data.s3.amazonaws.com/photos/644978580/original.jpg']
6234751052,45.068995,6.460889,2026-04-19T09:42,"['6234751052_1', '6234751052_2']","['https://inaturalist-open-data.s3.amazonaws.com/photos/640711073/original.jpg', 'https://inaturalist-open-data.s3.amazonaws.com/photos/640711044/original.jpg']"
6234782178,46.079926,1.645506,2026-04-22T11:23:10,['6234782178_1'],['https://inaturalist-open-data.s3.amazonaws.com/photos/642384816/original.jpg']
6234864496,48.384139,2.524153,2026-04-15T11:25:30,['6234864496_1'],['https://inaturalist-open-data.s3.amazonaws.com/photos/638512567/original.jpg']
6234874577,45.052371,6.525944,2026-04-19T10:37,"['6234874577_1', '6234874577_2']","['https://inaturalist-open-data.s3.amazonaws.com/photos/640711520/original.jpg', 'https://inaturalist-open-data.s3.amazonaws.com/photos/640711514/original.jpg']"
6234880421,47.943301,7.260472,2026-04-18T12:52,"['6234880421_1', '6234880421_2']","['https://inaturalist-open-data.s3.amazonaws.com/photos/640306128/original.jpg', 'https://inaturalist-open-data.s3.amazonaws.com/photos/640306137/original.jpg']"
6234892325,45.012047,5.443233,2026-04-20T15:02:47,"['6234892325_1', '6234892325_2', '6234892325_3']","['https://inaturalist-open-data.s3.amazonaws.com/photos/641521655/original.jpg', 'https://inaturalist-open-data.s3.amazonaws.com/photos/641521708/original.jpg', 'https://inaturalist-open-data.s3.amazonaws.com/photos/641521752/original.jpg']"
6234907488,42.779042,-3.765108,2026-04-18T14:04:40,['6234907488_1'],['https://inaturalist-open-data.s3.amazonaws.com/photos/643191775/original.jpg']
6234944043,47.943285,7.260346,2026-04-18T11:52,['6234944043_1'],['https://inaturalist-open-data.s3.amazonaws.com/photos/640305823/original.jpg']
6234968030,46.149813,8.042331,2026-04-17T12:27,['6234968030_1'],['https://inaturalist-open-data.s3.amazonaws.com/photos/640114411/original.jpg']
6235019743,45.067758,7.222229,2026-04-19T13:45,['6235019743_1'],['https://inaturalist-open-data.s3.amazonaws.com/photos/641322769/original.jpg']
6235030652,45.931839,5.6698,2026-04-25T09:10,['6235030652_1'],['https://inaturalist-open-data.s3.amazonaws.com/photos/645413883/original.jpg']
6235039843,48.88088,-1.524317,2026-04-02T14:59,['6235039843_1'],['https://inaturalist-open-data.s3.amazonaws.com/photos/642393215/original.jpg']
6235067578,45.389224,2.281732,2026-04-19T18:48:54,"['6235067578_1', '6235067578_2']","['https://inaturalist-open-data.s3.amazonaws.com/photos/640853239/original.jpg', 'https://inaturalist-open-data.s3.amazonaws.com/photos/640853309/original.jpg']"
6235071819,46.154471,-0.200025,2026-04-21T17:41,"['6235071819_1', '6235071819_2']","['https://inaturalist-open-data.s3.amazonaws.com/photos/641943440/original.jpg', 'https://inaturalist-open-data.s3.amazonaws.com/photos/646403856/original.jpg']"
6235121952,45.079459,6.587916,2026-04-19T09:42,"['6235121952_1', '6235121952_2']","['https://inaturalist-open-data.s3.amazonaws.com/photos/640710939/original.jpg', 'https://inaturalist-open-data.s3.amazonaws.com/photos/640710988/original.jpg']"
6235182232,48.557458,-1.967578,2026-04-15T14:03:26,['6235182232_1'],['https://inaturalist-open-data.s3.amazonaws.com/photos/638539293/original.jpg']
6235184286,46.579295,7.055147,2026-04-26T16:14:17,"['6235184286_1', '6235184286_2', '6235184286_3', '6235184286_4', '6235184286_5']","['https://inaturalist-open-data.s3.amazonaws.com/photos/647031134/original.jpg', 'https://inaturalist-open-data.s3.amazonaws.com/photos/647052243/original.jpg', 'https://inaturalist-open-data.s3.amazonaws.com/photos/647052420/original.jpg', 'https://inaturalist-open-data.s3.amazonaws.com/photos/647052578/original.jpg', 'https://inaturalist-open-data.s3.amazonaws.com/photos/647052729/original.jpg']"
6235185509,42.666667,-0.588096,2026-04-21T16:31:35,['6235185509_1'],['https://inaturalist-open-data.s3.amazonaws.com/photos/642067934/original.jpg']
6235246569,42.123912,2.366139,2026-04-25T14:41:27,['6235246569_1'],['https://inaturalist-open-data.s3.amazonaws.com/photos/645259008/original.jpg']
6235291854,44.755684,2.900533,2026-04-22T15:39:05,['6235291854_1'],['https://inaturalist-open-data.s3.amazonaws.com/photos/643003632/original.jpg']
6235305703,47.435049,-1.053143,2026-04-24T12:10,"['6235305703_1', '6235305703_2', '6235305703_3']","['https://inaturalist-open-data.s3.amazonaws.com/photos/647688169/original.jpg', 'https://inaturalist-open-data.s3.amazonaws.com/photos/647688160/original.jpg', 'https://inaturalist-open-data.s3.amazonaws.com/photos/647698635/original.jpg']"
6235332984,47.945454,7.254132,2026-04-04T14:32:04,['6235332984_1'],['https://inaturalist-open-data.s3.amazonaws.com/photos/641563175/original.jpg']
6235365590,42.108956,2.299852,2026-04-19T11:17,['6235365590_1'],['https://inaturalist-open-data.s3.amazonaws.com/photos/640879150/original.jpg']
6235408478,45.093955,6.708079,2026-04-24T12:35:22,"['6235408478_1', '6235408478_2']","['https://inaturalist-open-data.s3.amazonaws.com/photos/643884799/original.jpg', 'https://inaturalist-open-data.s3.amazonaws.com/photos/643884925/original.jpg']"
6235411399,42.779092,-3.765087,2026-04-18T14:10:16,['6235411399_1'],['https://inaturalist-open-data.s3.amazonaws.com/photos/640062908/original.jpg']
6235460694,46.759605,2.177581,2026-04-16T18:09,"['6235460694_1', '6235460694_2', '6235460694_3', '6235460694_4']","['https://inaturalist-open-data.s3.amazonaws.com/photos/639122880/original.jpg', 'https://inaturalist-open-data.s3.amazonaws.com/photos/639122920/original.jpg', 'https://inaturalist-open-data.s3.amazonaws.com/photos/639122867/original.jpg', 'https://inaturalist-open-data.s3.amazonaws.com/photos/639122870/original.jpg']"
6235513557,45.069341,10.380723,2026-04-16T11:09,['6235513557_1'],['https://inaturalist-open-data.s3.amazonaws.com/photos/638994097/original.jpg']
6235528806,45.958345,11.7913,2026-04-19T12:42:24,['6235528806_1'],['https://inaturalist-open-data.s3.amazonaws.com/photos/641509452/original.jpg']
6235579575,47.943296,7.260309,2026-04-18T12:41,"['6235579575_1', '6235579575_2']","['https://inaturalist-open-data.s3.amazonaws.com/photos/640306021/original.jpg', 'https://inaturalist-open-data.s3.amazonaws.com/photos/640306009/original.jpg']"
6235585714,44.534765,2.891958,2026-04-23T15:41:03,"['6235585714_1', '6235585714_2']","['https://inaturalist-open-data.s3.amazonaws.com/photos/643008113/original.jpg', 'https://inaturalist-open-data.s3.amazonaws.com/photos/643085496/original.jpg']"
6235632227,44.076133,10.292429,2026-04-18T12:17:17,['6235632227_1'],['https://inaturalist-open-data.s3.amazonaws.com/photos/641785429/original.jpg']
6235638156,45.547963,5.517834,2026-04-26T17:34:40,['6235638156_1'],['https://inaturalist-open-data.s3.amazonaws.com/photos/646899146/original.jpg']
6235642139,45.74172,10.732703,2026-04-08T17:00:59,['6235642139_1'],['https://inaturalist-open-data.s3.amazonaws.com/photos/641006668/original.jpg']
6235717587,45.928665,3.069347,2026-04-17T12:43,['6235717587_1'],['https://inaturalist-open-data.s3.amazonaws.com/photos/639533396/original.jpg']
6235736495,43.076542,11.361462,2026-04-18T13:38:21,['6235736495_1'],['https://inaturalist-open-data.s3.amazonaws.com/photos/640061320/original.jpg']
6235750389,46.121963,5.891564,2026-04-11T10:54,"['6235750389_1', '6235750389_2', '6235750389_3', '6235750389_4', '6235750389_5', '6235750389_6', '6235750389_7']","['https://inaturalist-open-data.s3.amazonaws.com/photos/641418037/original.jpg', 'https://inaturalist-open-data.s3.amazonaws.com/photos/641418337/original.jpg', 'https://inaturalist-open-data.s3.amazonaws.com/photos/641418339/original.jpg', 'https://inaturalist-open-data.s3.amazonaws.com/photos/641418411/original.jpg', 'https://inaturalist-open-data.s3.amazonaws.com/photos/641418412/original.jpg', 'https://inaturalist-open-data.s3.amazonaws.com/photos/641418415/original.jpg', 'https://inaturalist-open-data.s3.amazonaws.com/photos/641418416/original.jpg']"
6235761670,45.597544,10.997341,2026-04-25T13:20:57,"['6235761670_1', '6235761670_2']","['https://inaturalist-open-data.s3.amazonaws.com/photos/645093814/original.jpg', 'https://inaturalist-open-data.s3.amazonaws.com/photos/645094041/original.jpg']"
6235797935,47.945406,7.253748,2026-04-04T14:15:38,['6235797935_1'],['https://inaturalist-open-data.s3.amazonaws.com/photos/641562708/original.jpg']
6235826769,46.24272,7.591413,2026-04-19T17:01:37,"['6235826769_1', '6235826769_2']","['https://inaturalist-open-data.s3.amazonaws.com/photos/641259247/original.jpg', 'https://inaturalist-open-data.s3.amazonaws.com/photos/641261309/original.jpg']"
6235836733,48.410743,2.563703,2026-04-17T11:50:15,['6235836733_1'],['https://inaturalist-open-data.s3.amazonaws.com/photos/639491700/original.jpg']
6235838312,46.160223,6.549858,2026-04-18T07:38,['6235838312_1'],['https://inaturalist-open-data.s3.amazonaws.com/photos/640682263/original.jpg']
6235855408,40.449192,16.850627,2026-04-12T12:07:59,['6235855408_1'],['https://inaturalist-open-data.s3.amazonaws.com/photos/638018135/original.jpg']
6235860027,45.896162,10.77763,2026-04-24T16:07:36,['6235860027_1'],['https://inaturalist-open-data.s3.amazonaws.com/photos/646880682/original.jpg']
6235877000,45.74172,10.732703,2026-04-08T17:00:59,['6235877000_1'],['https://inaturalist-open-data.s3.amazonaws.com/photos/641311232/original.jpg']
6235908533,45.420974,8.821165,2026-04-18T09:01,['6235908533_1'],['https://inaturalist-open-data.s3.amazonaws.com/photos/642281654/original.jpg']
6235964034,42.806698,0.093094,2026-04-25T10:01:49,['6235964034_1'],['https://inaturalist-open-data.s3.amazonaws.com/photos/645417663/original.jpg']
6235976598,45.156499,6.579357,2026-04-19T10:47,"['6235976598_1', '6235976598_2', '6235976598_3']","['https://inaturalist-open-data.s3.amazonaws.com/photos/640711926/original.jpg', 'https://inaturalist-open-data.s3.amazonaws.com/photos/640711988/original.jpg', 'https://inaturalist-open-data.s3.amazonaws.com/photos/640711983/original.jpg']"
6236058322,46.499932,6.740847,2026-04-22T11:23:21,"['6236058322_1', '6236058322_2']","['https://inaturalist-open-data.s3.amazonaws.com/photos/647719821/original.jpg', 'https://inaturalist-open-data.s3.amazonaws.com/photos/647719862/original.jpg']"
6236058552,47.943316,7.26027,2026-04-18T12:30,['6236058552_1'],['https://inaturalist-open-data.s3.amazonaws.com/photos/640305885/original.jpg']
6236076791,45.09061,5.48676,2026-04-18T15:13:19,['6236076791_1'],['https://inaturalist-open-data.s3.amazonaws.com/photos/640413087/original.jpg']
6236089954,42.576195,0.275716,2026-04-22T17:12,['6236089954_1'],['https://inaturalist-open-data.s3.amazonaws.com/photos/644202611/original.jpg']
6236097703,45.201837,6.99635,2026-04-26T11:29:20,"['6236097703_1', '6236097703_2', '6236097703_3', '6236097703_4']","['https://inaturalist-open-data.s3.amazonaws.com/photos/648140978/original.jpg', 'https://inaturalist-open-data.s3.amazonaws.com/photos/648141237/original.jpg', 'https://inaturalist-open-data.s3.amazonaws.com/photos/648141479/original.jpg', 'https://inaturalist-open-data.s3.amazonaws.com/photos/648141868/original.jpg']"
6236156845,45.992225,3.124133,2026-04-17T16:12:16,['6236156845_1'],['https://inaturalist-open-data.s3.amazonaws.com/photos/639571380/original.jpg']
6236175824,45.207117,3.9866,2026-04-26T10:49:49,['6236175824_1'],['https://inaturalist-open-data.s3.amazonaws.com/photos/646957840/original.jpg']
6236193789,45.56221,6.899137,2026-04-22T15:42:51,"['6236193789_1', '6236193789_2']","['https://inaturalist-open-data.s3.amazonaws.com/photos/643042392/original.jpg', 'https://inaturalist-open-data.s3.amazonaws.com/photos/643042560/original.jpg']"
6236346221,45.177929,6.514873,2026-04-19T10:30,"['6236346221_1', '6236346221_2']","['https://inaturalist-open-data.s3.amazonaws.com/photos/640711383/original.jpg', 'https://inaturalist-open-data.s3.amazonaws.com/photos/640711358/original.jpg']"
6236346548,42.34268,1.84823,2026-04-18T16:40:03,['6236346548_1'],['https://inaturalist-open-data.s3.amazonaws.com/photos/640131905/original.jpg']
6236375910,48.967827,-1.405127,2026-04-02T14:47,['6236375910_1'],['https://inaturalist-open-data.s3.amazonaws.com/photos/642393216/original.jpg']
6236390321,45.930007,3.069949,2026-04-16T10:55,['6236390321_1'],['https://inaturalist-open-data.s3.amazonaws.com/photos/639533439/original.jpg']
6236425710,44.114779,10.127197,2026-04-18T15:51:25,['6236425710_1'],['https://inaturalist-open-data.s3.amazonaws.com/photos/640212797/original.jpg']
6236480836,42.524606,3.096927,2026-04-05T18:43:53,['6236480836_1'],['https://inaturalist-open-data.s3.amazonaws.com/photos/647797148/original.jpg']
6251465577,45.30978,5.841038,2026-04-30T11:21,['6251465577_1'],['https://inaturalist-open-data.s3.amazonaws.com/photos/650798888/original.jpg']
6251598917,42.891625,0.088997,2026-04-25T10:09,['6251598917_1'],['https://inaturalist-open-data.s3.amazonaws.com/photos/653559994/original.jpg']
6251619169,44.903206,-0.839615,2026-04-27T11:00,"['6251619169_1', '6251619169_2', '6251619169_3']","['https://inaturalist-open-data.s3.amazonaws.com/photos/649684677/original.jpg', 'https://inaturalist-open-data.s3.amazonaws.com/photos/649684615/original.jpg', 'https://inaturalist-open-data.s3.amazonaws.com/photos/649684667/original.jpg']"
6251891778,45.132375,-0.836806,2026-04-28T09:23,"['6251891778_1', '6251891778_2', '6251891778_3']","['https://inaturalist-open-data.s3.amazonaws.com/photos/650072217/original.jpg', 'https://inaturalist-open-data.s3.amazonaws.com/photos/650074205/original.jpg', 'https://inaturalist-open-data.s3.amazonaws.com/photos/650074208/original.jpg']"
6251936468,45.04599,7.120583,2026-04-16T15:34:15,"['6251936468_1', '6251936468_2', '6251936468_3', '6251936468_4', '6251936468_5']","['https://inaturalist-open-data.s3.amazonaws.com/photos/649420465/original.jpg', 'https://inaturalist-open-data.s3.amazonaws.com/photos/649420554/original.jpg', 'https://inaturalist-open-data.s3.amazonaws.com/photos/649420636/original.jpg', 'https://inaturalist-open-data.s3.amazonaws.com/photos/649420715/original.jpg', 'https://inaturalist-open-data.s3.amazonaws.com/photos/649420789/original.jpg']"
6251969442,42.613434,0.078254,2026-04-24T15:37,['6251969442_1'],['https://inaturalist-open-data.s3.amazonaws.com/photos/653559383/original.jpg']
6252024525,46.182628,7.63911,2026-04-29T21:37:42,['6252024525_1'],['https://inaturalist-open-data.s3.amazonaws.com/photos/652834387/original.jpg']
6252032443,47.213126,0.998509,2026-04-30T11:35:32,['6252032443_1'],['https://inaturalist-open-data.s3.amazonaws.com/photos/650686667/original.jpg']
6252290108,45.923848,3.083811,2026-04-29T10:41,['6252290108_1'],['https://inaturalist-open-data.s3.amazonaws.com/photos/650853309/original.jpg']
6252809930,45.091114,-0.949299,2026-04-27T10:58,"['6252809930_1', '6252809930_2', '6252809930_3']","['https://inaturalist-open-data.s3.amazonaws.com/photos/650072096/original.jpg', 'https://inaturalist-open-data.s3.amazonaws.com/photos/650072087/original.jpg', 'https://inaturalist-open-data.s3.amazonaws.com/photos/650072089/original.jpg']"
6253119452,45.947858,3.074617,2026-04-30T16:06:48,['6253119452_1'],['https://inaturalist-open-data.s3.amazonaws.com/photos/650794248/original.jpg']
6253240302,43.252508,12.85388,2026-04-29T09:14:31,"['6253240302_1', '6253240302_2', '6253240302_3']","['https://inaturalist-open-data.s3.amazonaws.com/photos/649972761/original.jpg', 'https://inaturalist-open-data.s3.amazonaws.com/photos/649972804/original.jpg', 'https://inaturalist-open-data.s3.amazonaws.com/photos/649972838/original.jpg']"
6253263487,43.9151,11.735867,2026-04-18T14:45,['6253263487_1'],['https://inaturalist-open-data.s3.amazonaws.com/photos/650774796/original.jpg']
6253328452,47.398139,6.672951,2026-04-29T12:57:09,"['6253328452_1', '6253328452_2']","['https://inaturalist-open-data.s3.amazonaws.com/photos/650916269/original.jpg', 'https://inaturalist-open-data.s3.amazonaws.com/photos/650916324/original.jpg']"
6273175458,44.693652,8.747717,2026-04-07T13:37:14,"['6273175458_1', '6273175458_2']","['https://inaturalist-open-data.s3.amazonaws.com/photos/654384279/original.jpg', 'https://inaturalist-open-data.s3.amazonaws.com/photos/654384384/original.jpg']"
6273493384,42.332558,-0.43413,2026-04-22T12:12:37,"['6273493384_1', '6273493384_2']","['https://inaturalist-open-data.s3.amazonaws.com/photos/655401297/original.jpg', 'https://inaturalist-open-data.s3.amazonaws.com/photos/655401409/original.jpg']"
6273499554,42.08271,12.790237,2026-04-19T12:00:55,['6273499554_1'],['https://inaturalist-open-data.s3.amazonaws.com/photos/656508188/original.jpg']
6334660652,48.642758,6.158311,2026-04-12T14:38,"['6334660652_1', '6334660652_2', '6334660652_3']","['https://inaturalist-open-data.s3.amazonaws.com/photos/662597550/original.jpg', 'https://inaturalist-open-data.s3.amazonaws.com/photos/662597551/original.jpg', 'https://inaturalist-open-data.s3.amazonaws.com/photos/662597553/original.jpg']"
6342744020,44.627886,8.779762,2026-04-10,"['6342744020_1', '6342744020_2', '6342744020_3', '6342744020_4']","['https://observation.org/photos/147227897.jpg', 'https://observation.org/photos/147227898.jpg', 'https://observation.org/photos/147227899.jpg', 'https://observation.org/photos/147227900.jpg']"
6343011719,45.78,13.12,2026-04-03,['6343011719_1'],['https://observation.org/photos/146818406.jpg']
6344538418,46.025253,5.591521,2026-04-05,['6344538418_1'],['https://observation.org/photos/146587835.jpg']
6344601816,44.596295,8.168136,2026-04-11,"['6344601816_1', '6344601816_2']","['https://observation.org/photos/147282804.jpg', 'https://observation.org/photos/147282805.jpg']"
6344617469,44.24685,6.75899,2026-04-25,"['6344617469_1', '6344617469_2', '6344617469_3']","['https://observation.org/photos/148937941.jpg', 'https://observation.org/photos/148937942.jpg', 'https://observation.org/photos/148937943.jpg']"
6344770138,45.00164,6.067984,2026-04-27,['6344770138_1'],['https://observation.org/photos/149212842.jpg']
6345006348,46.700198,3.128861,2026-04-18,"['6345006348_1', '6345006348_2']","['https://observation.org/photos/148115441.jpg', 'https://observation.org/photos/148115442.jpg']"
6352267863,41.994363,12.355738,2026-04-22,['6352267863_1'],['https://inaturalist-open-data.s3.amazonaws.com/photos/667004743/original.jpg']
6352802444,43.332008,12.517575,2026-04-06T17:50:55,"['6352802444_1', '6352802444_2', '6352802444_3', '6352802444_4']","['https://inaturalist-open-data.s3.amazonaws.com/photos/669359998/original.jpg', 'https://inaturalist-open-data.s3.amazonaws.com/photos/669360062/original.jpg', 'https://inaturalist-open-data.s3.amazonaws.com/photos/669360102/original.jpg', 'https://inaturalist-open-data.s3.amazonaws.com/photos/669360143/original.jpg']"
6398995877,44.650814,5.073078,2026-04-18T12:51:27,"['6398995877_1', '6398995877_2', '6398995877_3']","['https://inaturalist-open-data.s3.amazonaws.com/photos/675256451/original.jpg', 'https://inaturalist-open-data.s3.amazonaws.com/photos/675250946/original.jpg', 'https://inaturalist-open-data.s3.amazonaws.com/photos/675250975/original.jpg']"
6400321791,45.193895,-0.952836,2026-04-27T11:57,['6400321791_1'],['https://inaturalist-open-data.s3.amazonaws.com/photos/679671090/original.jpg']
6400408655,47.91741,7.261865,2026-04-23T12:00,['6400408655_1'],['https://inaturalist-open-data.s3.amazonaws.com/photos/675314437/original.jpg']
6400705744,47.828821,7.254617,2026-04-23T11:31,['6400705744_1'],['https://inaturalist-open-data.s3.amazonaws.com/photos/675315856/original.jpg']
6424200389,42.05,2.7,2026-04-26,"['6424200389_1', '6424200389_2']","['https://observation.org/photos/148999585.jpg', 'https://observation.org/photos/148999586.jpg']"
6431199515,42.903229,0.933545,2026-04-19T12:09,"['6431199515_1', '6431199515_2', '6431199515_3', '6431199515_4', '6431199515_5', '6431199515_6', '6431199515_7', '6431199515_8', '6431199515_9', '6431199515_10']","['https://inaturalist-open-data.s3.amazonaws.com/photos/690532494/original.jpg', 'https://inaturalist-open-data.s3.amazonaws.com/photos/690532558/original.jpg', 'https://inaturalist-open-data.s3.amazonaws.com/photos/690532605/original.jpg', 'https://inaturalist-open-data.s3.amazonaws.com/photos/690532624/original.jpg', 'https://inaturalist-open-data.s3.amazonaws.com/photos/690532533/original.jpg', 'https://inaturalist-open-data.s3.amazonaws.com/photos/690532676/original.jpg', 'https://inaturalist-open-data.s3.amazonaws.com/photos/690532763/original.jpg', 'https://inaturalist-open-data.s3.amazonaws.com/photos/690532689/original.jpg', 'https://inaturalist-open-data.s3.amazonaws.com/photos/690532796/original.jpg', 'https://inaturalist-open-data.s3.amazonaws.com/photos/690532797/original.jpg']"
6441652866,42.039366,2.547693,2026-04-05T17:51:07,"['6441652866_1', '6441652866_2']","['https://inaturalist-open-data.s3.amazonaws.com/photos/693970746/original.jpg', 'https://inaturalist-open-data.s3.amazonaws.com/photos/693970792/original.jpg']"
6481411867,45.070779,4.459798,2026-04-04T11:49,"['6481411867_1', '6481411867_2', '6481411867_3', '6481411867_4', '6481411867_5']","['https://inaturalist-open-data.s3.amazonaws.com/photos/712484836/original.jpg', 'https://inaturalist-open-data.s3.amazonaws.com/photos/712484858/original.jpg', 'https://inaturalist-open-data.s3.amazonaws.com/photos/712484864/original.jpg', 'https://inaturalist-open-data.s3.amazonaws.com/photos/712484865/original.jpg', 'https://inaturalist-open-data.s3.amazonaws.com/photos/712484888/original.jpg']"
6251443165,48.335458,2.744978,2026-05-01T10:27,"['6251443165_1', '6251443165_2', '6251443165_3', '6251443165_4']","['https://inaturalist-open-data.s3.amazonaws.com/photos/651985777/original.jpg', 'https://inaturalist-open-data.s3.amazonaws.com/photos/651986068/original.jpg', 'https://inaturalist-open-data.s3.amazonaws.com/photos/651986298/original.jpg', 'https://inaturalist-open-data.s3.amazonaws.com/photos/651986347/original.jpg']"
6251452120,42.981652,-0.036639,2026-05-03T13:35:21,['6251452120_1'],['https://inaturalist-open-data.s3.amazonaws.com/photos/653573285/original.jpg']
6251506530,42.622617,2.09712,2026-05-03T11:22,['6251506530_1'],['https://inaturalist-open-data.s3.amazonaws.com/photos/652910851/original.jpg']
6251591468,45.124068,6.666232,2026-05-02T17:13:41,"['6251591468_1', '6251591468_2']","['https://inaturalist-open-data.s3.amazonaws.com/photos/652280455/original.jpg', 'https://inaturalist-open-data.s3.amazonaws.com/photos/652280547/original.jpg']"
6251889349,45.210812,7.178997,2026-05-02T11:31:10,"['6251889349_1', '6251889349_2', '6251889349_3', '6251889349_4']","['https://inaturalist-open-data.s3.amazonaws.com/photos/652083700/original.jpg', 'https://inaturalist-open-data.s3.amazonaws.com/photos/652083961/original.jpg', 'https://inaturalist-open-data.s3.amazonaws.com/photos/652084302/original.jpg', 'https://inaturalist-open-data.s3.amazonaws.com/photos/652084541/original.jpg']"
6252130132,45.936009,5.515714,2026-05-02T13:27:34,"['6252130132_1', '6252130132_2']","['https://inaturalist-open-data.s3.amazonaws.com/photos/652018565/original.jpg', 'https://inaturalist-open-data.s3.amazonaws.com/photos/652018614/original.jpg']"
6252568150,47.94017,7.255049,2026-05-01T10:15,['6252568150_1'],['https://inaturalist-open-data.s3.amazonaws.com/photos/651571966/original.jpg']
6252581968,47.94017,7.255049,2026-05-01T10:53,['6252581968_1'],['https://inaturalist-open-data.s3.amazonaws.com/photos/651569158/original.jpg']
6252909374,45.053394,3.847431,2026-05-02T18:52:11,['6252909374_1'],['https://inaturalist-open-data.s3.amazonaws.com/photos/652201589/original.jpg']
6253029212,46.293172,11.576937,2026-05-01T16:02:37,"['6253029212_1', '6253029212_2', '6253029212_3']","['https://inaturalist-open-data.s3.amazonaws.com/photos/651444818/original.jpg', 'https://inaturalist-open-data.s3.amazonaws.com/photos/651444891/original.jpg', 'https://inaturalist-open-data.s3.amazonaws.com/photos/651444966/original.jpg']"
6253227550,45.062307,3.844575,2026-05-01T09:54:47,['6253227550_1'],['https://inaturalist-open-data.s3.amazonaws.com/photos/651376675/original.jpg']
6253240060,45.062139,3.844023,2026-05-02T18:58:06,['6253240060_1'],['https://inaturalist-open-data.s3.amazonaws.com/photos/652207980/original.jpg']
6253302384,46.694751,8.08138,2026-05-02T12:27:58,['6253302384_1'],['https://inaturalist-open-data.s3.amazonaws.com/photos/652039658/original.jpg']
6253303366,45.208092,7.158833,2026-05-03T13:33:55,['6253303366_1'],['https://inaturalist-open-data.s3.amazonaws.com/photos/652872306/original.jpg']
6273173998,47.849688,0.341953,2026-05-01T13:18,['6273173998_1'],['https://inaturalist-open-data.s3.amazonaws.com/photos/654187606/original.jpg']
6273260322,47.94343,7.259845,2026-05-09T12:24:34,['6273260322_1'],['https://inaturalist-open-data.s3.amazonaws.com/photos/656771911/original.jpg']
6273317898,47.943458,7.260767,2026-05-09T12:40:33,['6273317898_1'],['https://inaturalist-open-data.s3.amazonaws.com/photos/656773056/original.jpg']
6273351580,47.873062,0.204768,2026-05-01T13:35,['6273351580_1'],['https://inaturalist-open-data.s3.amazonaws.com/photos/654187790/original.jpg']
6273355852,47.938672,7.267247,2026-05-09T11:04:53,"['6273355852_1', '6273355852_2']","['https://inaturalist-open-data.s3.amazonaws.com/photos/656763272/original.jpg', 'https://inaturalist-open-data.s3.amazonaws.com/photos/656763384/original.jpg']"
6273382880,47.943262,7.260333,2026-05-09T12:29:23,['6273382880_1'],['https://inaturalist-open-data.s3.amazonaws.com/photos/656771668/original.jpg']
6273387615,47.777937,-0.373119,2026-05-06T14:41:30,['6273387615_1'],['https://inaturalist-open-data.s3.amazonaws.com/photos/654919146/original.jpg']
6273429468,47.870278,-0.064454,2026-05-06T09:49:28,['6273429468_1'],['https://inaturalist-open-data.s3.amazonaws.com/photos/654914364/original.jpg']
6273450071,48.55762,-1.969748,2026-05-08T10:09:35,"['6273450071_1', '6273450071_2']","['https://inaturalist-open-data.s3.amazonaws.com/photos/655984443/original.jpg', 'https://inaturalist-open-data.s3.amazonaws.com/photos/655984482/original.jpg']"
6273453530,47.908579,0.3038,2026-05-01T13:18,['6273453530_1'],['https://inaturalist-open-data.s3.amazonaws.com/photos/654187519/original.jpg']
6273465773,44.5538,8.819609,2026-05-01T14:27:09,['6273465773_1'],['https://inaturalist-open-data.s3.amazonaws.com/photos/654183311/original.jpg']
6273497387,46.202361,2.462227,2026-05-03,['6273497387_1'],['https://inaturalist-open-data.s3.amazonaws.com/photos/657240497/original.jpg']
6273518324,46.529961,4.012,2026-05-09T10:29:44,['6273518324_1'],['https://inaturalist-open-data.s3.amazonaws.com/photos/656456224/original.jpg']
6273522140,48.532384,2.26683,2026-05-07T10:51:43,"['6273522140_1', '6273522140_2']","['https://inaturalist-open-data.s3.amazonaws.com/photos/655313786/original.jpg', 'https://inaturalist-open-data.s3.amazonaws.com/photos/655313815/original.jpg']"
6273523663,48.323656,2.570904,2026-05-02,['6273523663_1'],['https://inaturalist-open-data.s3.amazonaws.com/photos/655939252/original.jpg']
6273626800,46.375817,3.863778,2026-05-04T16:21:21,['6273626800_1'],['https://inaturalist-open-data.s3.amazonaws.com/photos/654113296/original.jpg']
6273646891,47.825117,0.232971,2026-05-01T14:05,['6273646891_1'],['https://inaturalist-open-data.s3.amazonaws.com/photos/654188614/original.jpg']
6273694336,42.779987,10.171928,2026-05-09T10:50:16,"['6273694336_1', '6273694336_2']","['https://inaturalist-open-data.s3.amazonaws.com/photos/656671925/original.jpg', 'https://inaturalist-open-data.s3.amazonaws.com/photos/656671897/original.jpg']"
6273782879,47.963174,0.233726,2026-05-01T14:16,['6273782879_1'],['https://inaturalist-open-data.s3.amazonaws.com/photos/654188936/original.jpg']
6273792940,45.575355,2.939126,2026-05-05T19:54:08,"['6273792940_1', '6273792940_2', '6273792940_3']","['https://inaturalist-open-data.s3.amazonaws.com/photos/656094805/original.jpg', 'https://inaturalist-open-data.s3.amazonaws.com/photos/656094872/original.jpg', 'https://inaturalist-open-data.s3.amazonaws.com/photos/656094940/original.jpg']"
6273807577,48.325376,2.57657,2026-05-02,['6273807577_1'],['https://inaturalist-open-data.s3.amazonaws.com/photos/655939014/original.jpg']
6273827726,43.8887,3.290966,2026-05-10T17:29:04,['6273827726_1'],['https://inaturalist-open-data.s3.amazonaws.com/photos/657989946/original.jpg']
6273894861,47.837115,0.201428,2026-05-01T13:15,['6273894861_1'],['https://inaturalist-open-data.s3.amazonaws.com/photos/654187496/original.jpg']
6273908774,46.204783,2.469143,2026-05-03,['6273908774_1'],['https://inaturalist-open-data.s3.amazonaws.com/photos/657234409/original.jpg']
6273939466,46.204874,2.469475,2026-05-03,['6273939466_1'],['https://inaturalist-open-data.s3.amazonaws.com/photos/657229046/original.jpg']
6273989423,48.5576,-1.969721,2026-05-08T14:11:43,"['6273989423_1', '6273989423_2']","['https://inaturalist-open-data.s3.amazonaws.com/photos/655983122/original.jpg', 'https://inaturalist-open-data.s3.amazonaws.com/photos/655983161/original.jpg']"
6274023818,42.537285,13.714933,2026-05-06T14:35:54,['6274023818_1'],['https://inaturalist-open-data.s3.amazonaws.com/photos/654809298/original.jpg']
6274042450,47.968491,0.267751,2026-05-01T13:51,['6274042450_1'],['https://inaturalist-open-data.s3.amazonaws.com/photos/654188537/original.jpg']
6274084364,46.868394,6.681643,2026-05-09T10:03:37,['6274084364_1'],['https://inaturalist-open-data.s3.amazonaws.com/photos/656436093/original.jpg']
6274108956,46.204541,2.468582,2026-05-03,['6274108956_1'],['https://inaturalist-open-data.s3.amazonaws.com/photos/657223958/original.jpg']
6274110338,42.715907,1.254873,2026-05-05T23:29:41,['6274110338_1'],['https://inaturalist-open-data.s3.amazonaws.com/photos/654454005/original.jpg']
6274155331,47.943438,7.259887,2026-05-09T12:48:19,"['6274155331_1', '6274155331_2']","['https://inaturalist-open-data.s3.amazonaws.com/photos/656772790/original.jpg', 'https://inaturalist-open-data.s3.amazonaws.com/photos/656772899/original.jpg']"
6274173597,47.777506,-0.372602,2026-05-06T14:53:18,['6274173597_1'],['https://inaturalist-open-data.s3.amazonaws.com/photos/654920788/original.jpg']
6274180733,48.325164,2.575439,2026-05-02,['6274180733_1'],['https://inaturalist-open-data.s3.amazonaws.com/photos/655937512/original.jpg']
6274188670,47.919585,0.361609,2026-05-01T14:05,['6274188670_1'],['https://inaturalist-open-data.s3.amazonaws.com/photos/654188594/original.jpg']
6274241327,44.037206,5.330469,2026-05-11T13:57:41,['6274241327_1'],['https://inaturalist-open-data.s3.amazonaws.com/photos/658031177/original.jpg']
6274316863,47.965389,0.301151,2026-05-01T14:05,['6274316863_1'],['https://inaturalist-open-data.s3.amazonaws.com/photos/654188574/original.jpg']
6274337690,47.900905,0.343961,2026-05-01T13:42,['6274337690_1'],['https://inaturalist-open-data.s3.amazonaws.com/photos/654187900/original.jpg']
6320156954,46.000603,6.483872,2026-05-03T16:12:12,"['6320156954_1', '6320156954_2']","['https://inaturalist-open-data.s3.amazonaws.com/photos/653020735/original.jpg', 'https://inaturalist-open-data.s3.amazonaws.com/photos/682306017/original.jpg']"
6320290702,49.121,6.120186,2026-05-16T11:14,['6320290702_1'],['https://inaturalist-open-data.s3.amazonaws.com/photos/660677011/original.jpg']
6320409335,47.937869,7.265406,2026-05-17T17:40,['6320409335_1'],['https://inaturalist-open-data.s3.amazonaws.com/photos/661514312/original.jpg']
6320416318,43.070244,12.643744,2026-05-07,['6320416318_1'],['https://inaturalist-open-data.s3.amazonaws.com/photos/656177442/original.jpg']
6320513308,46.759612,2.177894,2026-05-13T11:53,"['6320513308_1', '6320513308_2']","['https://inaturalist-open-data.s3.amazonaws.com/photos/659004388/original.jpg', 'https://inaturalist-open-data.s3.amazonaws.com/photos/659003987/original.jpg']"
6320539064,48.830845,5.561003,2026-05-17T16:24,['6320539064_1'],['https://inaturalist-open-data.s3.amazonaws.com/photos/662247741/original.jpg']
6320577495,46.026208,6.805379,2026-05-17T13:17:55,['6320577495_1'],['https://inaturalist-open-data.s3.amazonaws.com/photos/661931681/original.jpg']
6320615859,43.870365,3.932564,2026-05-14T15:03:26,"['6320615859_1', '6320615859_2', '6320615859_3', '6320615859_4', '6320615859_5', '6320615859_6', '6320615859_7']","['https://inaturalist-open-data.s3.amazonaws.com/photos/659736745/original.jpg', 'https://inaturalist-open-data.s3.amazonaws.com/photos/659736996/original.jpg', 'https://inaturalist-open-data.s3.amazonaws.com/photos/659737057/original.jpg', 'https://inaturalist-open-data.s3.amazonaws.com/photos/659714461/original.jpg', 'https://inaturalist-open-data.s3.amazonaws.com/photos/659737649/original.jpg', 'https://inaturalist-open-data.s3.amazonaws.com/photos/659738292/original.jpg', 'https://inaturalist-open-data.s3.amazonaws.com/photos/659738337/original.jpg']"
6320668075,46.535249,-1.768326,2026-05-12T09:24:18,['6320668075_1'],['https://inaturalist-open-data.s3.amazonaws.com/photos/659042195/original.jpg']
6320676091,46.070136,8.671938,2026-05-02T13:48:25,['6320676091_1'],['https://inaturalist-open-data.s3.amazonaws.com/photos/659461051/original.jpg']
6320680776,43.078652,10.588773,2026-05-12T10:43:50,"['6320680776_1', '6320680776_2', '6320680776_3', '6320680776_4', '6320680776_5', '6320680776_6']","['https://inaturalist-open-data.s3.amazonaws.com/photos/658450973/original.jpg', 'https://inaturalist-open-data.s3.amazonaws.com/photos/658450991/original.jpg', 'https://inaturalist-open-data.s3.amazonaws.com/photos/658451022/original.jpg', 'https://inaturalist-open-data.s3.amazonaws.com/photos/658451038/original.jpg', 'https://inaturalist-open-data.s3.amazonaws.com/photos/658451054/original.jpg', 'https://inaturalist-open-data.s3.amazonaws.com/photos/658451072/original.jpg']"
6320687754,43.896069,3.27964,2026-05-10T15:03:06,"['6320687754_1', '6320687754_2']","['https://inaturalist-open-data.s3.amazonaws.com/photos/659304824/original.jpg', 'https://inaturalist-open-data.s3.amazonaws.com/photos/659304883/original.jpg']"
6320691640,44.906761,4.843745,2026-05-17T16:53:01,['6320691640_1'],['https://inaturalist-open-data.s3.amazonaws.com/photos/661493138/original.jpg']
6320753851,42.159216,1.771775,2026-05-13T11:25,"['6320753851_1', '6320753851_2']","['https://inaturalist-open-data.s3.amazonaws.com/photos/659229523/original.jpg', 'https://inaturalist-open-data.s3.amazonaws.com/photos/659229526/original.jpg']"
6320763580,37.132378,15.027085,2026-05-11T14:33:09,"['6320763580_1', '6320763580_2']","['https://inaturalist-open-data.s3.amazonaws.com/photos/659231103/original.jpg', 'https://inaturalist-open-data.s3.amazonaws.com/photos/659231134/original.jpg']"
6320791491,45.839638,-1.239897,2026-05-16T15:17,['6320791491_1'],['https://inaturalist-open-data.s3.amazonaws.com/photos/661268353/original.jpg']
6320823592,49.121,6.120186,2026-05-16T12:14,['6320823592_1'],['https://inaturalist-open-data.s3.amazonaws.com/photos/660677301/original.jpg']
6320846742,44.087065,5.650528,2026-05-14T10:52,['6320846742_1'],['https://inaturalist-open-data.s3.amazonaws.com/photos/659644608/original.jpg']
6320999335,37.873653,13.972772,2026-05-05T12:06:27,['6320999335_1'],['https://inaturalist-open-data.s3.amazonaws.com/photos/660701426/original.jpg']
6321074861,48.830845,5.561003,2026-05-17T16:57,['6321074861_1'],['https://inaturalist-open-data.s3.amazonaws.com/photos/662247669/original.jpg']
6321158885,43.082656,10.983508,2026-05-17T16:32:39,['6321158885_1'],['https://inaturalist-open-data.s3.amazonaws.com/photos/661399940/original.jpg']
6333856884,46.065821,10.941366,2026-05-24T12:44:46,['6333856884_1'],['https://inaturalist-open-data.s3.amazonaws.com/photos/666323486/original.jpg']
6333875376,45.266218,5.605936,2026-05-24T14:56:52,"['6333875376_1', '6333875376_2']","['https://inaturalist-open-data.s3.amazonaws.com/photos/665816217/original.jpg', 'https://inaturalist-open-data.s3.amazonaws.com/photos/665818031/original.jpg']"
6333885571,46.75959,2.177915,2026-05-20T14:52,['6333885571_1'],['https://inaturalist-open-data.s3.amazonaws.com/photos/663226864/original.jpg']
6333904580,45.556715,4.318779,2026-05-24T16:49:16,['6333904580_1'],['https://inaturalist-open-data.s3.amazonaws.com/photos/665857677/original.jpg']
6334012934,42.334557,10.301855,2026-05-20T09:48:18,['6334012934_1'],['https://inaturalist-open-data.s3.amazonaws.com/photos/663777122/original.jpg']
6334060080,44.686789,-0.54215,2026-05-20T13:43:41,"['6334060080_1', '6334060080_2']","['https://inaturalist-open-data.s3.amazonaws.com/photos/664048690/original.jpg', 'https://inaturalist-open-data.s3.amazonaws.com/photos/664048769/original.jpg']"
6334067880,47.776804,3.689081,2026-05-21T11:01,['6334067880_1'],['https://inaturalist-open-data.s3.amazonaws.com/photos/665795126/original.jpg']
6334073736,44.348564,3.697719,2026-05-21T16:57:29,"['6334073736_1', '6334073736_2', '6334073736_3']","['https://inaturalist-open-data.s3.amazonaws.com/photos/664252246/original.jpg', 'https://inaturalist-open-data.s3.amazonaws.com/photos/664252297/original.jpg', 'https://inaturalist-open-data.s3.amazonaws.com/photos/664252352/original.jpg']"
6334118913,42.786097,-1.683857,2026-05-20T12:06:19,['6334118913_1'],['https://inaturalist-open-data.s3.amazonaws.com/photos/663171655/original.jpg']
6334138526,48.396386,2.573807,2026-05-19T18:44,['6334138526_1'],['https://inaturalist-open-data.s3.amazonaws.com/photos/662764469/original.jpg']
6334138584,42.329425,10.309462,2026-05-19T15:27:58,"['6334138584_1', '6334138584_2']","['https://inaturalist-open-data.s3.amazonaws.com/photos/664010305/original.jpg', 'https://inaturalist-open-data.s3.amazonaws.com/photos/664010491/original.jpg']"
6334168379,42.669241,0.64469,2026-05-23T13:34,['6334168379_1'],['https://inaturalist-open-data.s3.amazonaws.com/photos/664959122/original.jpg']
6334207888,46.075614,-0.912404,2026-05-20T12:39,['6334207888_1'],['https://inaturalist-open-data.s3.amazonaws.com/photos/663792404/original.jpg']
6334242638,39.904912,16.046069,2026-05-11T09:35,['6334242638_1'],['https://inaturalist-open-data.s3.amazonaws.com/photos/663941505/original.jpg']
6334247555,46.759595,2.177695,2026-05-20T11:28,['6334247555_1'],['https://inaturalist-open-data.s3.amazonaws.com/photos/663162918/original.jpg']
6334255301,40.112645,15.242515,2026-05-23T12:43:04,['6334255301_1'],['https://inaturalist-open-data.s3.amazonaws.com/photos/664984797/original.jpg']
6334300004,46.115104,-0.981458,2026-05-20T10:49,['6334300004_1'],['https://inaturalist-open-data.s3.amazonaws.com/photos/663791368/original.jpg']
6334304979,42.981964,-3.766239,2026-05-21T16:07:44,"['6334304979_1', '6334304979_2', '6334304979_3', '6334304979_4']","['https://inaturalist-open-data.s3.amazonaws.com/photos/663986112/original.jpg', 'https://inaturalist-open-data.s3.amazonaws.com/photos/663985760/original.jpg', 'https://inaturalist-open-data.s3.amazonaws.com/photos/663985890/original.jpg', 'https://inaturalist-open-data.s3.amazonaws.com/photos/663986003/original.jpg']"
6334316406,44.834856,6.044701,2026-05-20T15:35:45,"['6334316406_1', '6334316406_2', '6334316406_3']","['https://inaturalist-open-data.s3.amazonaws.com/photos/664029776/original.jpg', 'https://inaturalist-open-data.s3.amazonaws.com/photos/664029833/original.jpg', 'https://inaturalist-open-data.s3.amazonaws.com/photos/664029971/original.jpg']"
6334338585,44.891863,-0.775979,2026-05-06T17:32,"['6334338585_1', '6334338585_2', '6334338585_3', '6334338585_4']","['https://inaturalist-open-data.s3.amazonaws.com/photos/662667169/original.jpg', 'https://inaturalist-open-data.s3.amazonaws.com/photos/662667387/original.jpg', 'https://inaturalist-open-data.s3.amazonaws.com/photos/662667394/original.jpg', 'https://inaturalist-open-data.s3.amazonaws.com/photos/662667605/original.jpg']"
6334357764,47.238534,-1.591565,2026-05-21T13:33:18,['6334357764_1'],['https://inaturalist-open-data.s3.amazonaws.com/photos/664882600/original.jpg']
6334377561,42.375834,-3.606507,2026-05-11T19:08,['6334377561_1'],['https://inaturalist-open-data.s3.amazonaws.com/photos/663891279/original.jpg']
6334431502,46.045629,-0.543112,2026-05-21T17:58,['6334431502_1'],['https://inaturalist-open-data.s3.amazonaws.com/photos/664294079/original.jpg']
6334447870,44.666387,-0.470539,2026-05-20T14:04:13,"['6334447870_1', '6334447870_2']","['https://inaturalist-open-data.s3.amazonaws.com/photos/664047759/original.jpg', 'https://inaturalist-open-data.s3.amazonaws.com/photos/664047831/original.jpg']"
6334462444,44.330113,7.88451,2026-05-23T14:50:17,"['6334462444_1', '6334462444_2']","['https://inaturalist-open-data.s3.amazonaws.com/photos/666424977/original.jpg', 'https://inaturalist-open-data.s3.amazonaws.com/photos/666425020/original.jpg']"
6334479717,46.056961,-0.558688,2026-05-22T18:58,"['6334479717_1', '6334479717_2']","['https://inaturalist-open-data.s3.amazonaws.com/photos/664928404/original.jpg', 'https://inaturalist-open-data.s3.amazonaws.com/photos/664928400/original.jpg']"
6334496047,42.305749,2.168357,2026-05-21T10:29,['6334496047_1'],['https://inaturalist-open-data.s3.amazonaws.com/photos/664296258/original.jpg']
6334603620,42.658239,-0.041873,2026-05-22T10:24:13,['6334603620_1'],['https://inaturalist-open-data.s3.amazonaws.com/photos/664484362/original.jpg']
6334662414,44.782118,-0.489419,2026-05-20T09:32:54,"['6334662414_1', '6334662414_2', '6334662414_3']","['https://inaturalist-open-data.s3.amazonaws.com/photos/664059982/original.jpg', 'https://inaturalist-open-data.s3.amazonaws.com/photos/664060035/original.jpg', 'https://inaturalist-open-data.s3.amazonaws.com/photos/664060082/original.jpg']"
6334684388,44.696446,-0.445259,2026-05-20T15:23:41,"['6334684388_1', '6334684388_2', '6334684388_3']","['https://inaturalist-open-data.s3.amazonaws.com/photos/664034402/original.jpg', 'https://inaturalist-open-data.s3.amazonaws.com/photos/664034635/original.jpg', 'https://inaturalist-open-data.s3.amazonaws.com/photos/664034692/original.jpg']"
6334696681,45.237055,7.401722,2026-05-14T15:09:46,['6334696681_1'],['https://inaturalist-open-data.s3.amazonaws.com/photos/664424260/original.jpg']
6334714416,39.864717,16.002028,2026-05-08T16:21,['6334714416_1'],['https://inaturalist-open-data.s3.amazonaws.com/photos/663941551/original.jpg']
6334742677,45.665813,2.992076,2026-05-22T11:06,"['6334742677_1', '6334742677_2']","['https://inaturalist-open-data.s3.amazonaws.com/photos/664353532/original.jpg', 'https://inaturalist-open-data.s3.amazonaws.com/photos/664353551/original.jpg']"
6334817920,45.788855,10.887173,2026-05-20T13:11,['6334817920_1'],['https://inaturalist-open-data.s3.amazonaws.com/photos/663371367/original.jpg']
6334831350,46.093438,-0.925799,2026-05-20T11:03,['6334831350_1'],['https://inaturalist-open-data.s3.amazonaws.com/photos/663791477/original.jpg']
6334865376,46.001919,-0.57889,2026-05-22T19:10,"['6334865376_1', '6334865376_2', '6334865376_3']","['https://inaturalist-open-data.s3.amazonaws.com/photos/664928450/original.jpg', 'https://inaturalist-open-data.s3.amazonaws.com/photos/664928452/original.jpg', 'https://inaturalist-open-data.s3.amazonaws.com/photos/664928605/original.jpg']"
6334934500,42.828956,10.4066,2026-05-19T11:04:55,['6334934500_1'],['https://inaturalist-open-data.s3.amazonaws.com/photos/662576306/original.jpg']
6334958980,44.633171,-0.562748,2026-05-24T12:19,['6334958980_1'],['https://inaturalist-open-data.s3.amazonaws.com/photos/665834059/original.jpg']
6334961347,42.694897,-0.614273,2026-05-20T14:49:32,"['6334961347_1', '6334961347_2', '6334961347_3']","['https://inaturalist-open-data.s3.amazonaws.com/photos/663240245/original.jpg', 'https://inaturalist-open-data.s3.amazonaws.com/photos/663240288/original.jpg', 'https://inaturalist-open-data.s3.amazonaws.com/photos/663240330/original.jpg']"
6334971749,44.653519,-0.517033,2026-05-20T13:36:49,"['6334971749_1', '6334971749_2', '6334971749_3']","['https://inaturalist-open-data.s3.amazonaws.com/photos/664050691/original.jpg', 'https://inaturalist-open-data.s3.amazonaws.com/photos/664050753/original.jpg', 'https://inaturalist-open-data.s3.amazonaws.com/photos/664050797/original.jpg']"
6334992473,47.344674,-1.443208,2026-05-21T12:27:31,['6334992473_1'],['https://inaturalist-open-data.s3.amazonaws.com/photos/664883867/original.jpg']
6342808060,46.742073,1.050221,2026-05-20,"['6342808060_1', '6342808060_2']","['https://observation.org/photos/152626895.jpg', 'https://observation.org/photos/152627145.jpg']"
6343056609,45.872312,10.817747,2026-05-04,['6343056609_1'],['https://observation.org/photos/150203722.jpg']
6343753230,45.863144,10.827103,2026-05-08,['6343753230_1'],['https://observation.org/photos/150659331.jpg']
6344092706,46.79252,1.310295,2026-05-15,"['6344092706_1', '6344092706_2', '6344092706_3', '6344092706_4']","['https://observation.org/photos/151699455.jpg', 'https://observation.org/photos/151699456.jpg', 'https://observation.org/photos/151699457.jpg', 'https://observation.org/photos/151699458.jpg']"
6344589236,46.551844,1.289503,2026-05-21,['6344589236_1'],['https://observation.org/photos/152625750.jpg']
6344765519,48.492933,5.489263,2026-05-15,['6344765519_1'],['https://observation.org/photos/152074533.jpg']
6344785964,42.6,-2.95,2026-05-18,['6344785964_1'],['https://observation.org/photos/152635240.jpg']
6344805757,46.792492,1.310276,2026-05-15,['6344805757_1'],['https://observation.org/photos/151900039.jpg']
6344927273,45.755977,6.400568,2026-05-17,['6344927273_1'],['https://observation.org/photos/151974979.jpg']
6345013507,46.990117,-2.03175,2026-05-18,['6345013507_1'],['https://observation.org/photos/152124479.jpg']
6352248482,46.008623,9.290641,2026-05-27T09:07:36,['6352248482_1'],['https://inaturalist-open-data.s3.amazonaws.com/photos/669750140/original.jpg']
6352276902,44.488278,-0.879188,2026-05-30T20:02:05,"['6352276902_1', '6352276902_2', '6352276902_3']","['https://inaturalist-open-data.s3.amazonaws.com/photos/669713597/original.jpg', 'https://inaturalist-open-data.s3.amazonaws.com/photos/669713655/original.jpg', 'https://inaturalist-open-data.s3.amazonaws.com/photos/669713764/original.jpg']"
6352299156,42.278572,2.376681,2026-05-30T12:24:26,['6352299156_1'],['https://inaturalist-open-data.s3.amazonaws.com/photos/669612934/original.jpg']
6352362821,39.82346,16.461204,2026-05-03T16:51,['6352362821_1'],['https://inaturalist-open-data.s3.amazonaws.com/photos/671186769/original.jpg']
6352367018,46.485241,11.052462,2026-05-27,"['6352367018_1', '6352367018_2', '6352367018_3']","['https://inaturalist-open-data.s3.amazonaws.com/photos/669003751/original.jpg', 'https://inaturalist-open-data.s3.amazonaws.com/photos/669003791/original.jpg', 'https://inaturalist-open-data.s3.amazonaws.com/photos/669003949/original.jpg']"
6352434724,44.322428,11.340449,2026-05-22T15:52,['6352434724_1'],['https://inaturalist-open-data.s3.amazonaws.com/photos/669558610/original.jpg']
6352498029,46.681789,5.182366,2026-05-24T19:13:46,"['6352498029_1', '6352498029_2', '6352498029_3']","['https://inaturalist-open-data.s3.amazonaws.com/photos/667348177/original.jpg', 'https://inaturalist-open-data.s3.amazonaws.com/photos/667348175/original.jpg', 'https://inaturalist-open-data.s3.amazonaws.com/photos/667348178/original.jpg']"
6352513364,44.037535,10.39602,2026-05-31T12:07:16,"['6352513364_1', '6352513364_2']","['https://inaturalist-open-data.s3.amazonaws.com/photos/670857817/original.jpg', 'https://inaturalist-open-data.s3.amazonaws.com/photos/670857892/original.jpg']"
6352522121,46.483113,11.325325,2026-05-27T11:10:58,"['6352522121_1', '6352522121_2', '6352522121_3']","['https://inaturalist-open-data.s3.amazonaws.com/photos/667656802/original.jpg', 'https://inaturalist-open-data.s3.amazonaws.com/photos/667656880/original.jpg', 'https://inaturalist-open-data.s3.amazonaws.com/photos/667656856/original.jpg']"
6352529950,43.061722,0.085831,2026-05-25T10:56:47,"['6352529950_1', '6352529950_2']","['https://inaturalist-open-data.s3.amazonaws.com/photos/667613684/original.jpg', 'https://inaturalist-open-data.s3.amazonaws.com/photos/667613701/original.jpg']"
6352565358,37.886202,13.990928,2026-05-24T11:11,['6352565358_1'],['https://inaturalist-open-data.s3.amazonaws.com/photos/670974066/original.jpg']
6352639775,46.056594,9.095514,2026-05-27T12:39:47,"['6352639775_1', '6352639775_2']","['https://inaturalist-open-data.s3.amazonaws.com/photos/667891141/original.jpg', 'https://inaturalist-open-data.s3.amazonaws.com/photos/667891266/original.jpg']"
6352654966,46.069547,6.863555,2026-05-22T14:22:37,['6352654966_1'],['https://inaturalist-open-data.s3.amazonaws.com/photos/670830693/original.jpg']
6352709555,42.213805,2.384033,2026-05-30T13:44:27,['6352709555_1'],['https://inaturalist-open-data.s3.amazonaws.com/photos/669611522/original.jpg']
6352742825,47.002572,-1.571293,2026-05-26T07:41:28,['6352742825_1'],['https://inaturalist-open-data.s3.amazonaws.com/photos/667111468/original.jpg']
6352767425,48.353074,3.535834,2026-05-26T09:35,['6352767425_1'],['https://inaturalist-open-data.s3.amazonaws.com/photos/667835979/original.jpg']
6352796055,46.280195,11.4537,2026-05-27T12:06:42,"['6352796055_1', '6352796055_2']","['https://inaturalist-open-data.s3.amazonaws.com/photos/668555203/original.jpg', 'https://inaturalist-open-data.s3.amazonaws.com/photos/668555151/original.jpg']"
6352839048,46.251832,9.645961,2026-05-26T11:20:10,['6352839048_1'],['https://inaturalist-open-data.s3.amazonaws.com/photos/667072057/original.jpg']
6352926933,44.218517,11.256963,2026-05-26T18:48:24,['6352926933_1'],['https://inaturalist-open-data.s3.amazonaws.com/photos/670954576/original.jpg']
6352954495,42.796296,-0.53243,2026-05-24T20:30:49,['6352954495_1'],['https://inaturalist-open-data.s3.amazonaws.com/photos/669369822/original.jpg']
6352957413,42.200246,2.242209,2026-05-30T11:17:51,['6352957413_1'],['https://inaturalist-open-data.s3.amazonaws.com/photos/669613400/original.jpg']
6353000061,44.201338,7.664407,2026-05-29T13:32:40,['6353000061_1'],['https://inaturalist-open-data.s3.amazonaws.com/photos/669373090/original.jpg']
6353016909,45.10113,5.490871,2026-05-23T16:30,['6353016909_1'],['https://inaturalist-open-data.s3.amazonaws.com/photos/668572647/original.jpg']
6353034771,43.580347,3.011589,2026-05-30T15:15:53,['6353034771_1'],['https://inaturalist-open-data.s3.amazonaws.com/photos/670353230/original.jpg']
6353063574,45.587917,7.339067,2026-05-28T14:14:58,['6353063574_1'],['https://inaturalist-open-data.s3.amazonaws.com/photos/668312442/original.jpg']
6353068075,46.089481,8.100323,2026-05-26T18:55:21,['6353068075_1'],['https://inaturalist-open-data.s3.amazonaws.com/photos/667264765/original.jpg']
6353069515,45.790799,7.545124,2026-05-24T12:35:41,"['6353069515_1', '6353069515_2']","['https://inaturalist-open-data.s3.amazonaws.com/photos/669380036/original.jpg', 'https://inaturalist-open-data.s3.amazonaws.com/photos/669380093/original.jpg']"
6353146014,44.346028,10.967176,2026-05-26T21:08:29,['6353146014_1'],['https://inaturalist-open-data.s3.amazonaws.com/photos/667315011/original.jpg']
6353193530,38.142485,15.897822,2026-05-30T11:38:21,"['6353193530_1', '6353193530_2']","['https://inaturalist-open-data.s3.amazonaws.com/photos/670042694/original.jpg', 'https://inaturalist-open-data.s3.amazonaws.com/photos/672725020/original.jpg']"
6353216604,44.016575,6.609421,2026-05-25T18:01:29,['6353216604_1'],['https://inaturalist-open-data.s3.amazonaws.com/photos/669078079/original.jpg']
6353274321,44.693636,5.805413,2026-05-09T15:19,['6353274321_1'],['https://inaturalist-open-data.s3.amazonaws.com/photos/670382324/original.jpg']
6353285692,44.31718,11.284953,2026-05-26T11:29:37,['6353285692_1'],['https://inaturalist-open-data.s3.amazonaws.com/photos/671118975/original.jpg']
6353314980,42.99544,0.897062,2026-05-24T15:07:08,"['6353314980_1', '6353314980_2']","['https://inaturalist-open-data.s3.amazonaws.com/photos/666994998/original.jpg', 'https://inaturalist-open-data.s3.amazonaws.com/photos/668265282/original.jpg']"
6353322460,45.608622,7.19827,2026-05-26T14:07:34,"['6353322460_1', '6353322460_2']","['https://inaturalist-open-data.s3.amazonaws.com/photos/667105453/original.jpg', 'https://inaturalist-open-data.s3.amazonaws.com/photos/667105544/original.jpg']"
6353397439,42.383501,2.227299,2026-05-30T13:01:49,['6353397439_1'],['https://inaturalist-open-data.s3.amazonaws.com/photos/669611868/original.jpg']
6398974590,44.17633,7.60973,2026-05-23T09:41:59,['6398974590_1'],['https://inaturalist-open-data.s3.amazonaws.com/photos/672727985/original.jpg']
6399330809,45.914011,8.622106,2026-05-31T18:42:56,['6399330809_1'],['https://inaturalist-open-data.s3.amazonaws.com/photos/677754880/original.jpg']
6399493709,42.476928,1.631291,2026-05-09T11:27,['6399493709_1'],['https://inaturalist-open-data.s3.amazonaws.com/photos/675443953/original.jpg']
6399538056,45.763929,11.30653,2026-05-03T13:36:17,['6399538056_1'],['https://inaturalist-open-data.s3.amazonaws.com/photos/675238713/original.jpg']
6399974643,43.052945,11.482896,2026-05-31T16:57:32,['6399974643_1'],['https://inaturalist-open-data.s3.amazonaws.com/photos/672766242/original.jpg']
6400211428,47.763304,8.281583,2026-05-24T10:57,['6400211428_1'],['https://inaturalist-open-data.s3.amazonaws.com/photos/675872266/original.jpg']
6410670717,42.55,0.7,2026-05-31,"['6410670717_1', '6410670717_2']","['https://observation.org/photos/154619863.jpg', 'https://observation.org/photos/154619864.jpg']"
6412021359,42.65,-0.35,2026-05-31,['6412021359_1'],['https://observation.org/photos/154615822.jpg']
6422487004,43.54489,11.960401,2026-05-26T16:37,"['6422487004_1', '6422487004_2', '6422487004_3']","['https://inaturalist-open-data.s3.amazonaws.com/photos/684923629/original.jpg', 'https://inaturalist-open-data.s3.amazonaws.com/photos/684923670/original.jpg', 'https://inaturalist-open-data.s3.amazonaws.com/photos/684923714/original.jpg']"
6441430915,44.609488,5.001367,2026-05-07T11:48:48,['6441430915_1'],['https://inaturalist-open-data.s3.amazonaws.com/photos/696134784/original.jpg']
6441894479,42.988133,0.903106,2026-05-20T15:14,"['6441894479_1', '6441894479_2', '6441894479_3']","['https://inaturalist-open-data.s3.amazonaws.com/photos/695239116/original.jpg', 'https://inaturalist-open-data.s3.amazonaws.com/photos/695239481/original.jpg', 'https://inaturalist-open-data.s3.amazonaws.com/photos/695239501/original.jpg']"
6451627360,47.081075,4.68023,2026-05-24T16:19,['6451627360_1'],['https://inaturalist-open-data.s3.amazonaws.com/photos/701471107/original.jpg']
6469767597,47.080539,1.675985,2026-05-07T09:38:36,['6469767597_1'],['https://inaturalist-open-data.s3.amazonaws.com/photos/704806980/original.jpg']
6470748475,47.076233,1.674127,2026-05-07T11:09:05,['6470748475_1'],['https://inaturalist-open-data.s3.amazonaws.com/photos/704805620/original.jpg']
6352302393,42.701755,12.929478,2026-06-01T16:02:43,['6352302393_1'],['https://inaturalist-open-data.s3.amazonaws.com/photos/670975287/original.jpg']
6352818450,44.168463,7.335536,2026-06-01T09:20:40,['6352818450_1'],['https://inaturalist-open-data.s3.amazonaws.com/photos/671090072/original.jpg']
6352921768,45.676622,7.832739,2026-06-01T10:25,"['6352921768_1', '6352921768_2']","['https://inaturalist-open-data.s3.amazonaws.com/photos/671197530/original.jpg', 'https://inaturalist-open-data.s3.amazonaws.com/photos/671197955/original.jpg']"
6398585453,47.354216,-1.583336,2026-06-02T10:33:51,['6398585453_1'],['https://inaturalist-open-data.s3.amazonaws.com/photos/671802129/original.jpg']
6398591344,43.722269,6.942447,2026-06-06T16:39:10,['6398591344_1'],['https://inaturalist-open-data.s3.amazonaws.com/photos/674106724/original.jpg']
6398675987,46.945913,1.29602,2026-06-08T17:52:49,['6398675987_1'],['https://inaturalist-open-data.s3.amazonaws.com/photos/675391841/original.jpg']
6398730163,44.381306,8.473728,2026-06-05T11:45:13,['6398730163_1'],['https://inaturalist-open-data.s3.amazonaws.com/photos/673233047/original.jpg']
6398735052,46.534134,5.832968,2026-06-14T10:52:33,['6398735052_1'],['https://inaturalist-open-data.s3.amazonaws.com/photos/678974763/original.jpg']
6398757732,42.87465,-0.385053,2026-06-07T12:10,"['6398757732_1', '6398757732_2']","['https://inaturalist-open-data.s3.amazonaws.com/photos/679195648/original.jpg', 'https://inaturalist-open-data.s3.amazonaws.com/photos/679195654/original.jpg']"
6398801718,44.754059,6.835617,2026-06-01T19:17,"['6398801718_1', '6398801718_2']","['https://inaturalist-open-data.s3.amazonaws.com/photos/671687722/original.jpg', 'https://inaturalist-open-data.s3.amazonaws.com/photos/671689007/original.jpg']"
6398879664,45.681458,10.817733,2026-06-12T19:58:32,['6398879664_1'],['https://inaturalist-open-data.s3.amazonaws.com/photos/678180883/original.jpg']
6399136277,45.846928,4.215772,2026-06-10T17:35:58,['6399136277_1'],['https://inaturalist-open-data.s3.amazonaws.com/photos/676571158/original.jpg']
6399172765,46.218607,8.993272,2026-06-03T13:28:54,['6399172765_1'],['https://inaturalist-open-data.s3.amazonaws.com/photos/672848485/original.jpg']
6399178995,47.869202,7.202282,2026-06-07T09:49:02,['6399178995_1'],['https://inaturalist-open-data.s3.amazonaws.com/photos/674900380/original.jpg']
6399221481,42.837364,-0.641347,2026-06-07T13:17:55,"['6399221481_1', '6399221481_2']","['https://inaturalist-open-data.s3.amazonaws.com/photos/674622412/original.jpg', 'https://inaturalist-open-data.s3.amazonaws.com/photos/674667845/original.jpg']"
6399424749,44.605971,-0.532862,2026-06-11T11:27:59,"['6399424749_1', '6399424749_2', '6399424749_3']","['https://inaturalist-open-data.s3.amazonaws.com/photos/679234715/original.jpg', 'https://inaturalist-open-data.s3.amazonaws.com/photos/679234776/original.jpg', 'https://inaturalist-open-data.s3.amazonaws.com/photos/679234846/original.jpg']"
6399478775,44.634539,8.76279,2026-06-14T15:25,['6399478775_1'],['https://inaturalist-open-data.s3.amazonaws.com/photos/679089463/original.jpg']
6399504604,44.346121,9.441109,2026-06-07T18:41:36,['6399504604_1'],['https://inaturalist-open-data.s3.amazonaws.com/photos/676666106/original.jpg']
6399527679,43.047296,10.899845,2026-06-13T09:42,['6399527679_1'],['https://inaturalist-open-data.s3.amazonaws.com/photos/678903170/original.jpg']
6399552603,46.056492,11.184293,2026-06-08T16:46,['6399552603_1'],['https://inaturalist-open-data.s3.amazonaws.com/photos/675441316/original.jpg']
6399567350,46.106189,2.917062,2026-06-03T16:30:21,"['6399567350_1', '6399567350_2']","['https://inaturalist-open-data.s3.amazonaws.com/photos/672254651/original.jpg', 'https://inaturalist-open-data.s3.amazonaws.com/photos/672254712/original.jpg']"
6399766579,45.940444,10.836374,2026-06-15T16:02,['6399766579_1'],['https://inaturalist-open-data.s3.amazonaws.com/photos/679645771/original.jpg']
6399817428,45.700952,5.338547,2026-06-10T10:51,['6399817428_1'],['https://inaturalist-open-data.s3.amazonaws.com/photos/677203628/original.jpg']
6399873524,44.964783,6.810125,2026-06-12T19:01:54,['6399873524_1'],['https://inaturalist-open-data.s3.amazonaws.com/photos/677728118/original.jpg']
6399931787,42.119378,12.116375,2026-06-12T12:39:06,['6399931787_1'],['https://inaturalist-open-data.s3.amazonaws.com/photos/677620412/original.jpg']
6400032614,47.995635,7.359801,2026-06-07T08:28:02,['6400032614_1'],['https://inaturalist-open-data.s3.amazonaws.com/photos/674900748/original.jpg']
6400049430,48.743828,5.99182,2026-06-07T15:18:32,['6400049430_1'],['https://inaturalist-open-data.s3.amazonaws.com/photos/674627570/original.jpg']
6400050179,41.589888,12.96443,2026-06-12T17:00:12,['6400050179_1'],['https://inaturalist-open-data.s3.amazonaws.com/photos/678786078/original.jpg']
6400166168,47.005236,-1.560847,2026-06-09T12:41:52,['6400166168_1'],['https://inaturalist-open-data.s3.amazonaws.com/photos/676166181/original.jpg']
6400216369,44.393883,3.73299,2026-06-08T17:00:38,['6400216369_1'],['https://inaturalist-open-data.s3.amazonaws.com/photos/675896596/original.jpg']
6400338485,42.928725,-1.12291,2026-06-07T13:10,['6400338485_1'],['https://inaturalist-open-data.s3.amazonaws.com/photos/676103656/original.jpg']
6400348622,45.804634,7.300019,2026-06-03T08:34:39,['6400348622_1'],['https://inaturalist-open-data.s3.amazonaws.com/photos/672192803/original.jpg']
6400482365,46.731345,5.073614,2026-06-06T15:33:39,['6400482365_1'],['https://inaturalist-open-data.s3.amazonaws.com/photos/674878733/original.jpg']
6400579760,45.343021,11.696457,2026-06-02T11:18:42,"['6400579760_1', '6400579760_2']","['https://inaturalist-open-data.s3.amazonaws.com/photos/671618222/original.jpg', 'https://inaturalist-open-data.s3.amazonaws.com/photos/671618174/original.jpg']"
6400586649,44.238688,7.793866,2026-06-01T13:16,['6400586649_1'],['https://inaturalist-open-data.s3.amazonaws.com/photos/671710245/original.jpg']
6400746492,41.358363,14.375587,2026-06-05T16:14,['6400746492_1'],['https://inaturalist-open-data.s3.amazonaws.com/photos/673509037/original.jpg']
6400880491,47.394398,7.7862,2026-06-06T11:01,"['6400880491_1', '6400880491_2']","['https://inaturalist-open-data.s3.amazonaws.com/photos/675139362/original.jpg', 'https://inaturalist-open-data.s3.amazonaws.com/photos/675139364/original.jpg']"
6410933648,44.641797,2.366378,2026-06-07,"['6410933648_1', '6410933648_2']","['https://observation.org/photos/155715904.jpg', 'https://observation.org/photos/155715905.jpg']"
6411136006,42.9,-1.15,2026-06-07,['6411136006_1'],['https://observation.org/photos/156088758.jpg']
6411541537,42.7,-0.15,2026-06-02,['6411541537_1'],['https://observation.org/photos/154946541.jpg']
6411598758,42.9,-1.95,2026-06-21,"['6411598758_1', '6411598758_2']","['https://observation.org/photos/158004263.jpg', 'https://observation.org/photos/158004264.jpg']"
6411744369,42.65,0.65,2026-06-06,['6411744369_1'],['https://observation.org/photos/155549124.jpg']
6411789830,42.7,0.9,2026-06-21,['6411789830_1'],['https://observation.org/photos/157990664.jpg']
6411985641,42.768946,-0.514639,2026-06-13,['6411985641_1'],['https://observation.org/photos/158744565.jpg']
6412312593,42.65,0.65,2026-06-06,['6412312593_1'],['https://observation.org/photos/155549356.jpg']
6412974482,44.565029,8.778515,2026-06-16T12:33:19,['6412974482_1'],['https://inaturalist-open-data.s3.amazonaws.com/photos/682624152/original.jpg']
6413040157,43.601974,6.808111,2026-06-20T08:05,['6413040157_1'],['https://inaturalist-open-data.s3.amazonaws.com/photos/682924378/original.jpg']
6413044513,45.059614,5.535047,2026-06-20T13:50,"['6413044513_1', '6413044513_2']","['https://inaturalist-open-data.s3.amazonaws.com/photos/684298396/original.jpg', 'https://inaturalist-open-data.s3.amazonaws.com/photos/684298410/original.jpg']"
6413089017,44.948762,3.90293,2026-06-15T11:16:01,"['6413089017_1', '6413089017_2']","['https://inaturalist-open-data.s3.amazonaws.com/photos/680327168/original.jpg', 'https://inaturalist-open-data.s3.amazonaws.com/photos/680327264/original.jpg']"
6413148079,45.907198,8.341039,2026-06-18T09:50,['6413148079_1'],['https://inaturalist-open-data.s3.amazonaws.com/photos/683989167/original.jpg']
6413217491,46.774837,5.421249,2026-06-17T11:43:09,['6413217491_1'],['https://inaturalist-open-data.s3.amazonaws.com/photos/680906031/original.jpg']
6413281561,44.060774,7.068605,2026-06-15T12:42,['6413281561_1'],['https://inaturalist-open-data.s3.amazonaws.com/photos/681781201/original.jpg']
6413443599,45.789102,7.461732,2026-06-21T16:14:29,"['6413443599_1', '6413443599_2']","['https://inaturalist-open-data.s3.amazonaws.com/photos/684607470/original.jpg', 'https://inaturalist-open-data.s3.amazonaws.com/photos/684607543/original.jpg']"
6413550683,45.059614,5.535047,2026-06-20T14:44,"['6413550683_1', '6413550683_2']","['https://inaturalist-open-data.s3.amazonaws.com/photos/684298483/original.jpg', 'https://inaturalist-open-data.s3.amazonaws.com/photos/684298405/original.jpg']"
6413581933,47.903589,1.96384,2026-06-21T10:58:06,"['6413581933_1', '6413581933_2', '6413581933_3', '6413581933_4']","['https://inaturalist-open-data.s3.amazonaws.com/photos/683286850/original.jpg', 'https://inaturalist-open-data.s3.amazonaws.com/photos/683286875/original.jpg', 'https://inaturalist-open-data.s3.amazonaws.com/photos/683286905/original.jpg', 'https://inaturalist-open-data.s3.amazonaws.com/photos/683287013/original.jpg']"
6413612827,43.73585,6.848942,2026-06-17T11:04:59,"['6413612827_1', '6413612827_2']","['https://inaturalist-open-data.s3.amazonaws.com/photos/680976258/original.jpg', 'https://inaturalist-open-data.s3.amazonaws.com/photos/680976293/original.jpg']"
6413650970,46.048946,8.414409,2026-06-15T11:48:04,"['6413650970_1', '6413650970_2']","['https://inaturalist-open-data.s3.amazonaws.com/photos/681943311/original.jpg', 'https://inaturalist-open-data.s3.amazonaws.com/photos/681943337/original.jpg']"
6413666598,45.059614,5.535047,2026-06-20T13:47,['6413666598_1'],['https://inaturalist-open-data.s3.amazonaws.com/photos/684299004/original.jpg']
6413851438,46.244762,7.200287,2026-06-18T15:18:57,['6413851438_1'],['https://inaturalist-open-data.s3.amazonaws.com/photos/681501986/original.jpg']
6413866577,42.87295,0.958011,2026-06-22T12:15:13,['6413866577_1'],['https://inaturalist-open-data.s3.amazonaws.com/photos/684031080/original.jpg']
6413868662,46.559628,5.630189,2026-06-13T16:48,['6413868662_1'],['https://inaturalist-open-data.s3.amazonaws.com/photos/683442851/original.jpg']
6413996436,47.103362,7.096092,2026-06-21T07:47:16,['6413996436_1'],['https://inaturalist-open-data.s3.amazonaws.com/photos/683323582/original.jpg']
6422113891,43.654908,12.72173,2026-06-25T12:03:47,['6422113891_1'],['https://inaturalist-open-data.s3.amazonaws.com/photos/686167744/original.jpg']
6422124572,44.221693,7.316264,2026-06-28T12:48:33,['6422124572_1'],['https://inaturalist-open-data.s3.amazonaws.com/photos/688378725/original.jpg']
6422407459,43.872347,7.502754,2026-06-25T18:52,"['6422407459_1', '6422407459_2', '6422407459_3']","['https://inaturalist-open-data.s3.amazonaws.com/photos/686690446/original.jpg', 'https://inaturalist-open-data.s3.amazonaws.com/photos/686690436/original.jpg', 'https://inaturalist-open-data.s3.amazonaws.com/photos/686690452/original.jpg']"
6422566577,45.598913,7.213272,2026-06-23T15:33:55,"['6422566577_1', '6422566577_2', '6422566577_3', '6422566577_4', '6422566577_5', '6422566577_6', '6422566577_7']","['https://inaturalist-open-data.s3.amazonaws.com/photos/684980348/original.jpg', 'https://inaturalist-open-data.s3.amazonaws.com/photos/684980405/original.jpg', 'https://inaturalist-open-data.s3.amazonaws.com/photos/684980103/original.jpg', 'https://inaturalist-open-data.s3.amazonaws.com/photos/684980430/original.jpg', 'https://inaturalist-open-data.s3.amazonaws.com/photos/684980138/original.jpg', 'https://inaturalist-open-data.s3.amazonaws.com/photos/684980344/original.jpg', 'https://inaturalist-open-data.s3.amazonaws.com/photos/684980128/original.jpg']"
6422619902,44.891684,6.755334,2026-06-26T12:32,['6422619902_1'],['https://inaturalist-open-data.s3.amazonaws.com/photos/686979399/original.jpg']
6422621538,42.485897,-0.311458,2026-06-25T12:30,"['6422621538_1', '6422621538_2']","['https://inaturalist-open-data.s3.amazonaws.com/photos/685852395/original.jpg', 'https://inaturalist-open-data.s3.amazonaws.com/photos/685852416/original.jpg']"
6422639756,46.377797,4.414703,2026-06-27T19:40,['6422639756_1'],['https://inaturalist-open-data.s3.amazonaws.com/photos/687249525/original.jpg']
6422720005,44.959268,5.462223,2026-06-24T09:35:13,['6422720005_1'],['https://inaturalist-open-data.s3.amazonaws.com/photos/686363588/original.jpg']
6422798871,43.654844,12.7218,2026-06-25T12:04,"['6422798871_1', '6422798871_2', '6422798871_3', '6422798871_4', '6422798871_5']","['https://inaturalist-open-data.s3.amazonaws.com/photos/685848115/original.jpg', 'https://inaturalist-open-data.s3.amazonaws.com/photos/685848166/original.jpg', 'https://inaturalist-open-data.s3.amazonaws.com/photos/685848834/original.jpg', 'https://inaturalist-open-data.s3.amazonaws.com/photos/685848892/original.jpg', 'https://inaturalist-open-data.s3.amazonaws.com/photos/685848941/original.jpg']"
6422802823,42.723259,1.074768,2026-06-28T12:28:27,"['6422802823_1', '6422802823_2', '6422802823_3']","['https://inaturalist-open-data.s3.amazonaws.com/photos/688345562/original.jpg', 'https://inaturalist-open-data.s3.amazonaws.com/photos/688345622/original.jpg', 'https://inaturalist-open-data.s3.amazonaws.com/photos/688346187/original.jpg']"
6423005998,44.894144,6.861609,2026-06-28T11:27:05,['6423005998_1'],['https://inaturalist-open-data.s3.amazonaws.com/photos/688357166/original.jpg']
6423127474,42.357831,2.115108,2026-06-24T13:23:18,"['6423127474_1', '6423127474_2', '6423127474_3']","['https://inaturalist-open-data.s3.amazonaws.com/photos/685397310/original.jpg', 'https://inaturalist-open-data.s3.amazonaws.com/photos/685397370/original.jpg', 'https://inaturalist-open-data.s3.amazonaws.com/photos/685397438/original.jpg']"
6431081531,44.849023,9.334032,2026-06-29T10:20:59,['6431081531_1'],['https://inaturalist-open-data.s3.amazonaws.com/photos/689163923/original.jpg']
6431260808,46.043695,-1.406772,2026-06-29T08:49,['6431260808_1'],['https://inaturalist-open-data.s3.amazonaws.com/photos/688929721/original.jpg']
6431624385,44.180473,7.676277,2026-06-08,['6431624385_1'],['https://inaturalist-open-data.s3.amazonaws.com/photos/689645407/original.jpg']
6431682687,46.746117,6.477607,2026-06-05T15:15,['6431682687_1'],['https://inaturalist-open-data.s3.amazonaws.com/photos/689607648/original.jpg']
6431796570,45.088266,6.676756,2026-06-29T11:21:20,"['6431796570_1', '6431796570_2']","['https://inaturalist-open-data.s3.amazonaws.com/photos/689141438/original.jpg', 'https://inaturalist-open-data.s3.amazonaws.com/photos/689141655/original.jpg']"
6431901434,44.587855,6.557871,2026-06-26T16:29:13,['6431901434_1'],['https://inaturalist-open-data.s3.amazonaws.com/photos/690823537/original.jpg']
6431922663,45.667589,2.989998,2026-06-12,"['6431922663_1', '6431922663_2', '6431922663_3', '6431922663_4', '6431922663_5']","['https://inaturalist-open-data.s3.amazonaws.com/photos/691226728/original.jpg', 'https://inaturalist-open-data.s3.amazonaws.com/photos/691226791/original.jpg', 'https://inaturalist-open-data.s3.amazonaws.com/photos/691226844/original.jpg', 'https://inaturalist-open-data.s3.amazonaws.com/photos/691226894/original.jpg', 'https://inaturalist-open-data.s3.amazonaws.com/photos/691226915/original.jpg']"
6441838434,45.838966,10.776332,2026-06-14T14:42,['6441838434_1'],['https://inaturalist-open-data.s3.amazonaws.com/photos/697125172/original.jpg']
6447681668,42.55,0.95,2026-06-28,['6447681668_1'],['https://observation.org/photos/162740921.jpg']
6479226198,45.798399,6.433722,2026-06-20T14:22,['6479226198_1'],['https://inaturalist-open-data.s3.amazonaws.com/photos/713114276/original.jpg']
6480228989,45.670376,7.45661,2026-06-24T10:55:06,"['6480228989_1', '6480228989_2', '6480228989_3']","['https://inaturalist-open-data.s3.amazonaws.com/photos/710317857/original.jpg', 'https://inaturalist-open-data.s3.amazonaws.com/photos/710317905/original.jpg', 'https://inaturalist-open-data.s3.amazonaws.com/photos/710317965/original.jpg']"
6480395643,41.715709,12.84893,2026-06-13T08:17:43,['6480395643_1'],['https://inaturalist-open-data.s3.amazonaws.com/photos/712034671/original.jpg']
6480648470,45.796947,6.43309,2026-06-20T15:35,"['6480648470_1', '6480648470_2']","['https://inaturalist-open-data.s3.amazonaws.com/photos/713113930/original.jpg', 'https://inaturalist-open-data.s3.amazonaws.com/photos/713113948/original.jpg']"
6430944119,42.95695,-0.333622,2026-07-06T21:08:21,['6430944119_1'],['https://inaturalist-open-data.s3.amazonaws.com/photos/692926094/original.jpg']
6431001090,42.252962,12.575033,2026-07-03T09:46:26,['6431001090_1'],['https://inaturalist-open-data.s3.amazonaws.com/photos/690707076/original.jpg']
6431056983,42.253055,12.575228,2026-07-03T09:50:14,['6431056983_1'],['https://inaturalist-open-data.s3.amazonaws.com/photos/690705827/original.jpg']
6431195558,46.305596,8.300666,2026-07-03T14:05:43,['6431195558_1'],['https://inaturalist-open-data.s3.amazonaws.com/photos/691935549/original.jpg']
6431295881,45.588829,3.121642,2026-07-01T11:33:05,['6431295881_1'],['https://inaturalist-open-data.s3.amazonaws.com/photos/689609599/original.jpg']
6431333924,46.545794,-1.610771,2026-07-01T09:46:52,['6431333924_1'],['https://inaturalist-open-data.s3.amazonaws.com/photos/690670558/original.jpg']
6431391799,45.637341,7.39495,2026-07-03,"['6431391799_1', '6431391799_2', '6431391799_3']","['https://inaturalist-open-data.s3.amazonaws.com/photos/690901179/original.jpg', 'https://inaturalist-open-data.s3.amazonaws.com/photos/690903788/original.jpg', 'https://inaturalist-open-data.s3.amazonaws.com/photos/690903945/original.jpg']"
6431413787,46.786287,-2.050218,2026-07-06T16:34:39,['6431413787_1'],['https://inaturalist-open-data.s3.amazonaws.com/photos/692830743/original.jpg']
6431603449,42.943483,1.01879,2026-07-05T15:31:21,['6431603449_1'],['https://inaturalist-open-data.s3.amazonaws.com/photos/692042487/original.jpg']
6431717029,44.436658,8.666643,2026-07-04T21:00,['6431717029_1'],['https://inaturalist-open-data.s3.amazonaws.com/photos/691573359/original.jpg']
6431828583,45.758682,3.17103,2026-07-01,"['6431828583_1', '6431828583_2']","['https://inaturalist-open-data.s3.amazonaws.com/photos/691224486/original.jpg', 'https://inaturalist-open-data.s3.amazonaws.com/photos/691224526/original.jpg']"
6440938786,44.759475,6.964428,2026-07-10T10:36,['6440938786_1'],['https://inaturalist-open-data.s3.amazonaws.com/photos/695110833/original.jpg']
6440945215,44.162497,10.580605,2026-07-06T11:49:46,['6440945215_1'],['https://inaturalist-open-data.s3.amazonaws.com/photos/693239783/original.jpg']
6440981305,46.401246,9.745058,2026-07-09T20:26:05,"['6440981305_1', '6440981305_2']","['https://inaturalist-open-data.s3.amazonaws.com/photos/694700561/original.jpg', 'https://inaturalist-open-data.s3.amazonaws.com/photos/694700576/original.jpg']"
6441089084,44.989656,5.666813,2026-07-10T11:09:33,['6441089084_1'],['https://inaturalist-open-data.s3.amazonaws.com/photos/696007643/original.jpg']
6441116454,41.739116,2.473692,2026-07-11T14:31,"['6441116454_1', '6441116454_2']","['https://inaturalist-open-data.s3.amazonaws.com/photos/696402373/original.jpg', 'https://inaturalist-open-data.s3.amazonaws.com/photos/696402789/original.jpg']"
6441153911,45.109506,7.927195,2026-07-13T18:04:40,"['6441153911_1', '6441153911_2']","['https://inaturalist-open-data.s3.amazonaws.com/photos/697234106/original.jpg', 'https://inaturalist-open-data.s3.amazonaws.com/photos/698926408/original.jpg']"
6441162472,45.086645,5.45613,2026-07-08T13:29:14,['6441162472_1'],['https://inaturalist-open-data.s3.amazonaws.com/photos/694056824/original.jpg']
6441359616,45.901606,6.28215,2026-07-13T16:50:42,['6441359616_1'],['https://inaturalist-open-data.s3.amazonaws.com/photos/697225301/original.jpg']
6441435784,42.811122,0.168911,2026-07-07T18:31:03,['6441435784_1'],['https://inaturalist-open-data.s3.amazonaws.com/photos/693511618/original.jpg']
6441437313,45.212432,6.465745,2026-07-12T14:43,"['6441437313_1', '6441437313_2']","['https://inaturalist-open-data.s3.amazonaws.com/photos/696421693/original.jpg', 'https://inaturalist-open-data.s3.amazonaws.com/photos/696424677/original.jpg']"
6441492910,46.532837,7.668018,2026-07-11T12:22:26,['6441492910_1'],['https://inaturalist-open-data.s3.amazonaws.com/photos/695746248/original.jpg']
6441669651,45.473801,2.60656,2026-07-07T13:23:34,['6441669651_1'],['https://inaturalist-open-data.s3.amazonaws.com/photos/693295013/original.jpg']
6441684889,46.368991,7.505453,2026-07-07T11:29:56,['6441684889_1'],['https://inaturalist-open-data.s3.amazonaws.com/photos/693277844/original.jpg']
6441762861,44.051526,7.791178,2026-07-05,"['6441762861_1', '6441762861_2']","['https://inaturalist-open-data.s3.amazonaws.com/photos/695010208/original.jpg', 'https://inaturalist-open-data.s3.amazonaws.com/photos/695010218/original.jpg']"
6442011748,45.040897,7.190182,2026-07-07T09:26:49,['6442011748_1'],['https://inaturalist-open-data.s3.amazonaws.com/photos/693542838/original.jpg']
6442061330,42.946958,0.305719,2026-07-11T17:52,['6442061330_1'],['https://inaturalist-open-data.s3.amazonaws.com/photos/697066808/original.jpg']
6447560622,42.55,1.0,2026-07-13,['6447560622_1'],['https://observation.org/photos/161667286.jpg']
6451523374,47.937959,7.265504,2026-07-18T09:32,['6451523374_1'],['https://inaturalist-open-data.s3.amazonaws.com/photos/701009792/original.jpg']
6451568614,42.695742,-0.230861,2026-07-18T13:23:20,['6451568614_1'],['https://inaturalist-open-data.s3.amazonaws.com/photos/700136154/original.jpg']
6451768982,48.557509,-1.968441,2026-07-17T11:14:54,"['6451768982_1', '6451768982_2', '6451768982_3', '6451768982_4', '6451768982_5', '6451768982_6', '6451768982_7', '6451768982_8']","['https://inaturalist-open-data.s3.amazonaws.com/photos/699733432/original.jpg', 'https://inaturalist-open-data.s3.amazonaws.com/photos/699733628/original.jpg', 'https://inaturalist-open-data.s3.amazonaws.com/photos/699733798/original.jpg', 'https://inaturalist-open-data.s3.amazonaws.com/photos/699733951/original.jpg', 'https://inaturalist-open-data.s3.amazonaws.com/photos/699734104/original.jpg', 'https://inaturalist-open-data.s3.amazonaws.com/photos/699734235/original.jpg', 'https://inaturalist-open-data.s3.amazonaws.com/photos/699734306/original.jpg', 'https://inaturalist-open-data.s3.amazonaws.com/photos/699734420/original.jpg']"
6451797308,44.973103,6.931971,2026-07-15T09:56,['6451797308_1'],['https://inaturalist-open-data.s3.amazonaws.com/photos/698475399/original.jpg']
6451804537,44.643822,6.646151,2026-07-18T15:32:51,"['6451804537_1', '6451804537_2', '6451804537_3']","['https://inaturalist-open-data.s3.amazonaws.com/photos/700376325/original.jpg', 'https://inaturalist-open-data.s3.amazonaws.com/photos/700376393/original.jpg', 'https://inaturalist-open-data.s3.amazonaws.com/photos/700376482/original.jpg']"
6451884567,43.142581,11.101385,2026-07-14,['6451884567_1'],['https://inaturalist-open-data.s3.amazonaws.com/photos/698032932/original.jpg']
6452033308,45.838811,11.049958,2026-07-16T07:42,['6452033308_1'],['https://inaturalist-open-data.s3.amazonaws.com/photos/699405896/original.jpg']
6452039964,44.442832,3.58009,2026-07-02T16:53,"['6452039964_1', '6452039964_2']","['https://inaturalist-open-data.s3.amazonaws.com/photos/700364771/original.jpg', 'https://inaturalist-open-data.s3.amazonaws.com/photos/700364784/original.jpg']"
6452070382,45.935278,8.239023,2026-07-19T16:42:05,['6452070382_1'],['https://inaturalist-open-data.s3.amazonaws.com/photos/701108074/original.jpg']
6452282315,45.627092,6.853195,2026-07-15T12:17:27,['6452282315_1'],['https://inaturalist-open-data.s3.amazonaws.com/photos/698321773/original.jpg']
6452301357,46.217111,8.36419,2026-07-19T17:01,['6452301357_1'],['https://inaturalist-open-data.s3.amazonaws.com/photos/701062205/original.jpg']
6452496975,42.508892,2.54757,2026-07-13T18:27:08,['6452496975_1'],['https://inaturalist-open-data.s3.amazonaws.com/photos/699172157/original.jpg']
6452513603,42.740797,-0.191625,2026-07-18T09:27,"['6452513603_1', '6452513603_2', '6452513603_3']","['https://inaturalist-open-data.s3.amazonaws.com/photos/700836804/original.jpg', 'https://inaturalist-open-data.s3.amazonaws.com/photos/700836821/original.jpg', 'https://inaturalist-open-data.s3.amazonaws.com/photos/700836853/original.jpg']"
6452699343,44.446098,6.497006,2026-07-18T16:20,['6452699343_1'],['https://inaturalist-open-data.s3.amazonaws.com/photos/700383402/original.jpg']
6469667317,46.756613,7.704119,2026-07-24T17:30,"['6469667317_1', '6469667317_2']","['https://inaturalist-open-data.s3.amazonaws.com/photos/705317171/original.jpg', 'https://inaturalist-open-data.s3.amazonaws.com/photos/705320092/original.jpg']"
6469774760,42.253498,12.57524,2026-07-20T09:46:42,['6469774760_1'],['https://inaturalist-open-data.s3.amazonaws.com/photos/702571504/original.jpg']
6469864057,45.194131,6.389632,2026-07-22T13:30,['6469864057_1'],['https://inaturalist-open-data.s3.amazonaws.com/photos/702739791/original.jpg']
6469971005,44.902077,6.465572,2026-07-25T15:41:29,"['6469971005_1', '6469971005_2', '6469971005_3']","['https://inaturalist-open-data.s3.amazonaws.com/photos/704580127/original.jpg', 'https://inaturalist-open-data.s3.amazonaws.com/photos/704587061/original.jpg', 'https://inaturalist-open-data.s3.amazonaws.com/photos/704587126/original.jpg']"
6470048533,44.336196,6.77702,2026-07-22T19:59:26,['6470048533_1'],['https://inaturalist-open-data.s3.amazonaws.com/photos/703000172/original.jpg']
6470212780,42.613633,2.103398,2026-07-25T12:19:16,"['6470212780_1', '6470212780_2']","['https://inaturalist-open-data.s3.amazonaws.com/photos/704494848/original.jpg', 'https://inaturalist-open-data.s3.amazonaws.com/photos/704494884/original.jpg']"
6470237069,44.257083,7.789394,2026-07-19T21:25,['6470237069_1'],['https://inaturalist-open-data.s3.amazonaws.com/photos/702130098/original.jpg']
6470461092,47.876857,7.257484,2026-07-23T16:08,['6470461092_1'],['https://inaturalist-open-data.s3.amazonaws.com/photos/703515740/original.jpg']
6470475598,46.054976,6.436998,2026-07-23T13:54:31,['6470475598_1'],['https://inaturalist-open-data.s3.amazonaws.com/photos/703486759/original.jpg']
6470498037,46.010399,6.433339,2026-07-23T10:02:40,['6470498037_1'],['https://inaturalist-open-data.s3.amazonaws.com/photos/703488960/original.jpg']
6470515351,47.746317,8.38741,2026-07-20T13:02,['6470515351_1'],['https://inaturalist-open-data.s3.amazonaws.com/photos/706206649/original.jpg']
6470606497,47.897684,7.266068,2026-07-23T17:05,['6470606497_1'],['https://inaturalist-open-data.s3.amazonaws.com/photos/703517066/original.jpg']
6470646682,42.554329,2.007653,2026-07-22T11:07,['6470646682_1'],['https://inaturalist-open-data.s3.amazonaws.com/photos/704611109/original.jpg']
6479154375,43.488605,11.195743,2026-07-29T11:01:37,"['6479154375_1', '6479154375_2']","['https://inaturalist-open-data.s3.amazonaws.com/photos/707349936/original.jpg', 'https://inaturalist-open-data.s3.amazonaws.com/photos/707349988/original.jpg']"
6479275112,44.723911,5.542674,2026-07-29T10:12:05,['6479275112_1'],['https://inaturalist-open-data.s3.amazonaws.com/photos/711407032/original.jpg']
6479624351,45.295638,7.288225,2026-07-31T11:41:06,"['6479624351_1', '6479624351_2', '6479624351_3', '6479624351_4']","['https://inaturalist-open-data.s3.amazonaws.com/photos/712038141/original.jpg', 'https://inaturalist-open-data.s3.amazonaws.com/photos/712038215/original.jpg', 'https://inaturalist-open-data.s3.amazonaws.com/photos/712038321/original.jpg', 'https://inaturalist-open-data.s3.amazonaws.com/photos/712038402/original.jpg']"
6479884519,44.983006,6.425516,2026-07-27T14:32:13,['6479884519_1'],['https://inaturalist-open-data.s3.amazonaws.com/photos/706463954/original.jpg']
6480052307,46.098452,2.39478,2026-07-29T09:31:30,['6480052307_1'],['https://inaturalist-open-data.s3.amazonaws.com/photos/707426001/original.jpg']
6480166855,45.249172,6.915847,2026-07-12T15:00,"['6480166855_1', '6480166855_2']","['https://inaturalist-open-data.s3.amazonaws.com/photos/709138296/original.jpg', 'https://inaturalist-open-data.s3.amazonaws.com/photos/709136992/original.jpg']"
6480525879,42.603981,2.127824,2026-07-27T19:20,['6480525879_1'],['https://inaturalist-open-data.s3.amazonaws.com/photos/707191843/original.jpg']
6480641734,44.837339,7.140437,2026-07-31T21:50:38,"['6480641734_1', '6480641734_2', '6480641734_3']","['https://inaturalist-open-data.s3.amazonaws.com/photos/709009751/original.jpg', 'https://inaturalist-open-data.s3.amazonaws.com/photos/709009810/original.jpg', 'https://inaturalist-open-data.s3.amazonaws.com/photos/709009858/original.jpg']"
6481078778,45.202245,6.983583,2026-07-21T12:47,"['6481078778_1', '6481078778_2', '6481078778_3', '6481078778_4']","['https://inaturalist-open-data.s3.amazonaws.com/photos/702075109/original.jpg', 'https://inaturalist-open-data.s3.amazonaws.com/photos/702074754/original.jpg', 'https://inaturalist-open-data.s3.amazonaws.com/photos/702074966/original.jpg', 'https://inaturalist-open-data.s3.amazonaws.com/photos/702074938/original.jpg']"
6481112892,42.560588,0.897932,2026-07-31T12:34,"['6481112892_1', '6481112892_2']","['https://inaturalist-open-data.s3.amazonaws.com/photos/709195046/original.jpg', 'https://inaturalist-open-data.s3.amazonaws.com/photos/709195164/original.jpg']"
6481141756,44.297621,6.524436,2026-07-26T14:12,['6481141756_1'],['https://inaturalist-open-data.s3.amazonaws.com/photos/706810563/original.jpg']
6481292701,42.59852,-0.022035,2026-07-13T12:43:27,['6481292701_1'],['https://inaturalist-open-data.s3.amazonaws.com/photos/709868099/original.jpg']
6481333433,42.525124,2.110547,2026-07-28,"['6481333433_1', '6481333433_2']","['https://inaturalist-open-data.s3.amazonaws.com/photos/707265158/original.jpg', 'https://inaturalist-open-data.s3.amazonaws.com/photos/707265262/original.jpg']"
6481408651,46.063451,8.462158,2026-07-18T12:55:42,['6481408651_1'],['https://inaturalist-open-data.s3.amazonaws.com/photos/708929946/original.jpg']
6487473381,45.810153,7.687057,2026-07-23,['6487473381_1'],['https://observation.org/photos/163275394.jpg']
6479230341,45.829577,8.907886,2026-08-09T10:31:18,['6479230341_1'],['https://inaturalist-open-data.s3.amazonaws.com/photos/713642509/original.jpg']
6479518605,42.556596,0.924012,2026-08-01T15:21,"['6479518605_1', '6479518605_2']","['https://inaturalist-open-data.s3.amazonaws.com/photos/709188993/original.jpg', 'https://inaturalist-open-data.s3.amazonaws.com/photos/709188978/original.jpg']"
6479617341,46.632111,7.414052,2026-08-05,"['6479617341_1', '6479617341_2', '6479617341_3']","['https://inaturalist-open-data.s3.amazonaws.com/photos/714049992/original.jpg', 'https://inaturalist-open-data.s3.amazonaws.com/photos/714050055/original.jpg', 'https://inaturalist-open-data.s3.amazonaws.com/photos/714050112/original.jpg']"
6479749700,48.556415,-1.975144,2026-08-02T12:07:21,"['6479749700_1', '6479749700_2']","['https://inaturalist-open-data.s3.amazonaws.com/photos/709545027/original.jpg', 'https://inaturalist-open-data.s3.amazonaws.com/photos/709545109/original.jpg']"
6479761031,44.691561,6.695898,2026-08-09T18:52:08,['6479761031_1'],['https://inaturalist-open-data.s3.amazonaws.com/photos/713880665/original.jpg']
6479907035,45.308321,4.613259,2026-08-08T22:10,['6479907035_1'],['https://inaturalist-open-data.s3.amazonaws.com/photos/713726786/original.jpg']
6479921511,47.928605,0.260332,2026-08-08T11:11,['6479921511_1'],['https://inaturalist-open-data.s3.amazonaws.com/photos/713085705/original.jpg']
6480440933,46.52011,7.114246,2026-08-02T12:30,"['6480440933_1', '6480440933_2']","['https://inaturalist-open-data.s3.amazonaws.com/photos/709580540/original.jpg', 'https://inaturalist-open-data.s3.amazonaws.com/photos/709581036/original.jpg']"
6480470878,45.35573,6.520567,2026-08-09T16:56,"['6480470878_1', '6480470878_2', '6480470878_3']","['https://inaturalist-open-data.s3.amazonaws.com/photos/714032818/original.jpg', 'https://inaturalist-open-data.s3.amazonaws.com/photos/714032953/original.jpg', 'https://inaturalist-open-data.s3.amazonaws.com/photos/714032970/original.jpg']"
6480721884,44.689863,5.772665,2026-08-03T10:13:20,"['6480721884_1', '6480721884_2']","['https://inaturalist-open-data.s3.amazonaws.com/photos/711406583/original.jpg', 'https://inaturalist-open-data.s3.amazonaws.com/photos/711406682/original.jpg']"
6481101419,46.191138,-0.894276,2026-08-07T10:44:58,['6481101419_1'],['https://inaturalist-open-data.s3.amazonaws.com/photos/713960590/original.jpg']
6481110865,46.674245,7.340642,2026-08-03T10:40,"['6481110865_1', '6481110865_2']","['https://inaturalist-open-data.s3.amazonaws.com/photos/710223004/original.jpg', 'https://inaturalist-open-data.s3.amazonaws.com/photos/710223041/original.jpg']"
6481183591,43.124864,-0.248755,2026-08-09T14:04:18,['6481183591_1'],['https://inaturalist-open-data.s3.amazonaws.com/photos/713737745/original.jpg']
6481196532,45.937728,6.850238,2026-08-05T16:28:38,"['6481196532_1', '6481196532_2', '6481196532_3']","['https://inaturalist-open-data.s3.amazonaws.com/photos/711490910/original.jpg', 'https://inaturalist-open-data.s3.amazonaws.com/photos/711490906/original.jpg', 'https://inaturalist-open-data.s3.amazonaws.com/photos/711490904/original.jpg']"
6481245257,42.252518,12.575433,2026-08-04T15:36:28,['6481245257_1'],['https://inaturalist-open-data.s3.amazonaws.com/photos/710893141/original.jpg']
6481374667,44.641955,6.781868,2026-08-09T18:52:17,"['6481374667_1', '6481374667_2', '6481374667_3']","['https://inaturalist-open-data.s3.amazonaws.com/photos/713882876/original.jpg', 'https://inaturalist-open-data.s3.amazonaws.com/photos/713883045/original.jpg', 'https://inaturalist-open-data.s3.amazonaws.com/photos/713883118/original.jpg']"
5063874331,47.154962,-1.548729,2025-02-04T13:30:42,['5063874331_1'],['https://inaturalist-open-data.s3.amazonaws.com/photos/468094089/original.jpeg']
5070120342,48.398854,2.580117,2025-02-16T17:45:32,"['5070120342_1', '5070120342_2', '5070120342_3']","['https://inaturalist-open-data.s3.amazonaws.com/photos/470565723/original.jpg', 'https://inaturalist-open-data.s3.amazonaws.com/photos/470565798/original.jpg', 'https://inaturalist-open-data.s3.amazonaws.com/photos/470565837/original.jpg']"
5075001037,42.7,-3.15,2025-02-28,['5075001037_1'],['https://observation.org/photos/111424208.jpg']
5077152431,48.93572,-1.564786,2025-02-25T15:08:35,['5077152431_1'],['https://inaturalist-open-data.s3.amazonaws.com/photos/472496234/original.jpeg']
5087318181,43.961435,3.828887,2025-02-28T09:55:24,"['5087318181_1', '5087318181_2']","['https://inaturalist-open-data.s3.amazonaws.com/photos/473111370/original.jpeg', 'https://inaturalist-open-data.s3.amazonaws.com/photos/473111384/original.jpeg']"
5087382020,45.532944,6.087839,2025-02-28T14:27,"['5087382020_1', '5087382020_2', '5087382020_3']","['https://inaturalist-open-data.s3.amazonaws.com/photos/473389232/original.jpeg', 'https://inaturalist-open-data.s3.amazonaws.com/photos/473389245/original.jpeg', 'https://inaturalist-open-data.s3.amazonaws.com/photos/473389217/original.jpeg']"
5087487252,45.986441,10.92872,2025-02-28T11:04,['5087487252_1'],['https://inaturalist-open-data.s3.amazonaws.com/photos/473861329/original.jpeg']
5892482837,45.536545,6.095776,2025-02-28T12:59,['5892482837_1'],['https://inaturalist-open-data.s3.amazonaws.com/photos/589366531/original.jpg']
5909002049,42.977585,1.966561,2025-02-15T13:42:41,['5909002049_1'],['https://inaturalist-open-data.s3.amazonaws.com/photos/594514460/original.jpg']
6273453639,41.725089,12.449564,2025-02-28T11:30,['6273453639_1'],['https://inaturalist-open-data.s3.amazonaws.com/photos/657315884/original.jpg']
5087527637,46.634762,2.284667,2025-03-06T15:23:45,['5087527637_1'],['https://inaturalist-open-data.s3.amazonaws.com/photos/474558598/original.jpg']
5087534968,43.780291,3.439692,2025-03-05T14:54:03,"['5087534968_1', '5087534968_2', '5087534968_3']","['https://inaturalist-open-data.s3.amazonaws.com/photos/474365704/original.jpeg', 'https://inaturalist-open-data.s3.amazonaws.com/photos/474365723/original.jpeg', 'https://inaturalist-open-data.s3.amazonaws.com/photos/474365742/original.jpeg']"
5087553879,45.736845,5.312442,2025-03-05T16:00,['5087553879_1'],['https://inaturalist-open-data.s3.amazonaws.com/photos/474399010/original.jpg']
5087573326,41.745536,13.63934,2025-03-02T07:59,['5087573326_1'],['https://inaturalist-open-data.s3.amazonaws.com/photos/473839866/original.jpg']
5087627515,45.467435,11.58997,2025-03-06T12:30,['5087627515_1'],['https://inaturalist-open-data.s3.amazonaws.com/photos/474533607/original.jpeg']
5087629834,48.557587,-1.97085,2025-03-08T14:35:14,"['5087629834_1', '5087629834_2']","['https://inaturalist-open-data.s3.amazonaws.com/photos/474982688/original.jpg', 'https://inaturalist-open-data.s3.amazonaws.com/photos/474982717/original.jpg']"
5087629835,48.556958,-1.973825,2025-03-08T14:56:20,"['5087629835_1', '5087629835_2', '5087629835_3']","['https://inaturalist-open-data.s3.amazonaws.com/photos/474982768/original.jpg', 'https://inaturalist-open-data.s3.amazonaws.com/photos/474982800/original.jpg', 'https://inaturalist-open-data.s3.amazonaws.com/photos/474982829/original.jpg']"
5087760024,44.731776,5.320453,2025-03-08T13:00,['5087760024_1'],['https://inaturalist-open-data.s3.amazonaws.com/photos/475686292/original.jpeg']
5087983739,46.121963,5.891564,2025-03-08T14:06,"['5087983739_1', '5087983739_2', '5087983739_3', '5087983739_4', '5087983739_5', '5087983739_6', '5087983739_7', '5087983739_8', '5087983739_9', '5087983739_10', '5087983739_11', '5087983739_12', '5087983739_13', '5087983739_14', '5087983739_15']","['https://inaturalist-open-data.s3.amazonaws.com/photos/475602853/original.jpg', 'https://inaturalist-open-data.s3.amazonaws.com/photos/475603010/original.jpg', 'https://inaturalist-open-data.s3.amazonaws.com/photos/475603014/original.jpg', 'https://inaturalist-open-data.s3.amazonaws.com/photos/475603024/original.jpg', 'https://inaturalist-open-data.s3.amazonaws.com/photos/475603044/original.jpg', 'https://inaturalist-open-data.s3.amazonaws.com/photos/475603100/original.jpg', 'https://inaturalist-open-data.s3.amazonaws.com/photos/475603104/original.jpg', 'https://inaturalist-open-data.s3.amazonaws.com/photos/475603146/original.jpg', 'https://inaturalist-open-data.s3.amazonaws.com/photos/475603148/original.jpg', 'https://inaturalist-open-data.s3.amazonaws.com/photos/475603147/original.jpg', 'https://inaturalist-open-data.s3.amazonaws.com/photos/475603153/original.jpg', 'https://inaturalist-open-data.s3.amazonaws.com/photos/475603213/original.jpg', 'https://inaturalist-open-data.s3.amazonaws.com/photos/475603236/original.jpg', 'https://inaturalist-open-data.s3.amazonaws.com/photos/475603239/original.jpg', 'https://inaturalist-open-data.s3.amazonaws.com/photos/476509822/original.jpg']"
5088202015,41.708042,15.959216,2025-03-16T11:30:15,['5088202015_1'],['https://inaturalist-open-data.s3.amazonaws.com/photos/477374753/original.jpeg']
5101354889,46.201742,2.460913,2025-03-27,['5101354889_1'],['https://observation.org/photos/112596398.jpg']
5101387031,46.454369,2.972186,2025-03-29,['5101387031_1'],['https://observation.org/photos/112718879.jpg']
5101411907,46.204831,2.469481,2025-03-27,['5101411907_1'],['https://observation.org/photos/112604989.jpg']
5101422837,46.201712,2.460911,2025-03-27,['5101422837_1'],['https://observation.org/photos/112591633.jpg']
5104383459,46.04388,-0.817861,2025-03-19T18:11,['5104383459_1'],['https://inaturalist-open-data.s3.amazonaws.com/photos/477896495/original.jpeg']
5104456454,46.128011,-0.918034,2025-03-19T14:42,"['5104456454_1', '5104456454_2']","['https://inaturalist-open-data.s3.amazonaws.com/photos/477895852/original.jpeg', 'https://inaturalist-open-data.s3.amazonaws.com/photos/477895851/original.jpeg']"
5104478415,46.145205,-0.923256,2025-03-19T18:25,['5104478415_1'],['https://inaturalist-open-data.s3.amazonaws.com/photos/477896075/original.jpeg']
5104500940,44.300823,7.128681,2025-03-20T11:43:27,['5104500940_1'],['https://inaturalist-open-data.s3.amazonaws.com/photos/478040274/original.jpeg']
5104551333,42.548535,13.619636,2025-03-20,['5104551333_1'],['https://inaturalist-open-data.s3.amazonaws.com/photos/478766157/original.jpeg']
5104628994,44.780877,5.086611,2025-03-16T16:48:53,['5104628994_1'],['https://inaturalist-open-data.s3.amazonaws.com/photos/479561442/original.jpeg']
5104630851,45.074277,10.277502,2025-03-25T12:09,['5104630851_1'],['https://inaturalist-open-data.s3.amazonaws.com/photos/479557386/original.jpeg']
5104652244,43.149937,10.859082,2025-03-23T15:49:46,"['5104652244_1', '5104652244_2']","['https://inaturalist-open-data.s3.amazonaws.com/photos/479037873/original.jpeg', 'https://inaturalist-open-data.s3.amazonaws.com/photos/479038152/original.jpeg']"
5104710202,42.061961,12.986418,2025-03-24T11:16:58,['5104710202_1'],['https://inaturalist-open-data.s3.amazonaws.com/photos/479338218/original.jpeg']
5104719155,44.233765,8.0381,2025-03-20T11:00:55,['5104719155_1'],['https://inaturalist-open-data.s3.amazonaws.com/photos/479334999/original.jpeg']
5108192992,47.945456,7.254079,2025-03-27T16:22:14,['5108192992_1'],['https://inaturalist-open-data.s3.amazonaws.com/photos/480392528/original.jpeg']
5108213853,47.30229,-1.605327,2025-03-27T12:37,['5108213853_1'],['https://inaturalist-open-data.s3.amazonaws.com/photos/480394185/original.jpg']
5108262621,46.550448,4.191223,2025-03-27T17:09:55,['5108262621_1'],['https://inaturalist-open-data.s3.amazonaws.com/photos/480682925/original.jpg']
5108323776,43.96235,3.262917,2025-03-30T17:23:49,['5108323776_1'],['https://inaturalist-open-data.s3.amazonaws.com/photos/481150737/original.jpg']
5108323950,48.557195,-1.97238,2025-03-30T16:50:20,"['5108323950_1', '5108323950_2']","['https://inaturalist-open-data.s3.amazonaws.com/photos/481207555/original.jpg', 'https://inaturalist-open-data.s3.amazonaws.com/photos/481207606/original.jpg']"
5108329012,48.557338,-1.971855,2025-03-30T16:41:56,['5108329012_1'],['https://inaturalist-open-data.s3.amazonaws.com/photos/481207061/original.jpg']
5108329889,48.486443,2.369092,2025-03-30T15:05:17,"['5108329889_1', '5108329889_2']","['https://inaturalist-open-data.s3.amazonaws.com/photos/481200104/original.jpeg', 'https://inaturalist-open-data.s3.amazonaws.com/photos/481200170/original.jpeg']"
5108329898,48.557475,-1.970683,2025-03-30T16:30:26,"['5108329898_1', '5108329898_2', '5108329898_3']","['https://inaturalist-open-data.s3.amazonaws.com/photos/481204517/original.jpg', 'https://inaturalist-open-data.s3.amazonaws.com/photos/481204568/original.jpg', 'https://inaturalist-open-data.s3.amazonaws.com/photos/481204605/original.jpg']"
5108337041,48.55357,-1.9505,2025-03-30T16:51:18,"['5108337041_1', '5108337041_2']","['https://inaturalist-open-data.s3.amazonaws.com/photos/481207820/original.jpg', 'https://inaturalist-open-data.s3.amazonaws.com/photos/481207873/original.jpg']"
5108344950,41.355936,14.448053,2025-03-30T17:40:45,['5108344950_1'],['https://inaturalist-open-data.s3.amazonaws.com/photos/481414981/original.jpg']
5108347025,48.55732,-1.97182,2025-03-30T16:40:05,['5108347025_1'],['https://inaturalist-open-data.s3.amazonaws.com/photos/481206682/original.jpg']
5108355813,46.030287,6.114066,2025-03-30T12:28,"['5108355813_1', '5108355813_2']","['https://inaturalist-open-data.s3.amazonaws.com/photos/481128323/original.jpg', 'https://inaturalist-open-data.s3.amazonaws.com/photos/481128345/original.jpg']"
5108355989,48.486346,2.36938,2025-03-30T15:01:38,"['5108355989_1', '5108355989_2']","['https://inaturalist-open-data.s3.amazonaws.com/photos/481199916/original.jpeg', 'https://inaturalist-open-data.s3.amazonaws.com/photos/481199993/original.jpeg']"
5108357923,48.557617,-1.970583,2025-03-30T16:27:28,['5108357923_1'],['https://inaturalist-open-data.s3.amazonaws.com/photos/481204380/original.jpg']
5108370315,45.319214,8.92838,2025-03-28T18:01,"['5108370315_1', '5108370315_2', '5108370315_3']","['https://inaturalist-open-data.s3.amazonaws.com/photos/496718020/original.jpg', 'https://inaturalist-open-data.s3.amazonaws.com/photos/496718010/original.jpg', 'https://inaturalist-open-data.s3.amazonaws.com/photos/480551243/original.jpeg']"
5108379259,43.74535,3.716448,2025-03-30T11:32:33,['5108379259_1'],['https://inaturalist-open-data.s3.amazonaws.com/photos/480957204/original.jpg']
5108398590,46.455751,6.619809,2025-03-30T12:45:06,['5108398590_1'],['https://inaturalist-open-data.s3.amazonaws.com/photos/481410490/original.jpg']
5108420870,48.398062,2.575649,2025-03-29T15:12:15,['5108420870_1'],['https://inaturalist-open-data.s3.amazonaws.com/photos/481168398/original.jpg']
5108436943,48.557305,-1.971858,2025-03-30T16:44:45,['5108436943_1'],['https://inaturalist-open-data.s3.amazonaws.com/photos/481207193/original.jpg']
5108446891,48.486393,2.37155,2025-03-30T15:30:33,"['5108446891_1', '5108446891_2', '5108446891_3']","['https://inaturalist-open-data.s3.amazonaws.com/photos/481200536/original.jpeg', 'https://inaturalist-open-data.s3.amazonaws.com/photos/481200593/original.jpeg', 'https://inaturalist-open-data.s3.amazonaws.com/photos/481200743/original.jpeg']"
5108453882,48.486506,2.370747,2025-03-30T15:21:17,['5108453882_1'],['https://inaturalist-open-data.s3.amazonaws.com/photos/481200313/original.jpeg']
5108469896,48.570653,-1.993445,2025-03-30T16:52:20,['5108469896_1'],['https://inaturalist-open-data.s3.amazonaws.com/photos/481207989/original.jpg']
5108473046,47.834544,0.280229,2025-03-30T14:49,"['5108473046_1', '5108473046_2', '5108473046_3', '5108473046_4', '5108473046_5', '5108473046_6']","['https://inaturalist-open-data.s3.amazonaws.com/photos/481212882/original.jpeg', 'https://inaturalist-open-data.s3.amazonaws.com/photos/481212906/original.jpeg', 'https://inaturalist-open-data.s3.amazonaws.com/photos/481212914/original.jpeg', 'https://inaturalist-open-data.s3.amazonaws.com/photos/481212805/original.jpeg', 'https://inaturalist-open-data.s3.amazonaws.com/photos/481212773/original.jpeg', 'https://inaturalist-open-data.s3.amazonaws.com/photos/481212738/original.jpeg']"
5108481909,48.557608,-1.97065,2025-03-30T16:31:39,"['5108481909_1', '5108481909_2']","['https://inaturalist-open-data.s3.amazonaws.com/photos/481204726/original.jpg', 'https://inaturalist-open-data.s3.amazonaws.com/photos/481206242/original.jpg']"
5108489947,48.557205,-1.971875,2025-03-30T17:15:29,['5108489947_1'],['https://inaturalist-open-data.s3.amazonaws.com/photos/481208295/original.jpg']
5108493109,44.955731,3.946799,2025-03-30T15:00,['5108493109_1'],['https://inaturalist-open-data.s3.amazonaws.com/photos/481229943/original.jpg']
5108517385,46.59118,6.718774,2025-03-30T11:52:31,"['5108517385_1', '5108517385_2']","['https://inaturalist-open-data.s3.amazonaws.com/photos/481410065/original.jpg', 'https://inaturalist-open-data.s3.amazonaws.com/photos/481410077/original.jpg']"
5108517386,46.45963,6.641431,2025-03-30T12:03:29,['5108517386_1'],['https://inaturalist-open-data.s3.amazonaws.com/photos/481410358/original.jpg']
5108537497,46.509213,6.641369,2025-03-30T12:01:07,"['5108537497_1', '5108537497_2', '5108537497_3']","['https://inaturalist-open-data.s3.amazonaws.com/photos/481410209/original.jpg', 'https://inaturalist-open-data.s3.amazonaws.com/photos/481410223/original.jpg', 'https://inaturalist-open-data.s3.amazonaws.com/photos/481410240/original.jpg']"
5108551503,46.461423,6.731825,2025-03-30T11:21:34,"['5108551503_1', '5108551503_2']","['https://inaturalist-open-data.s3.amazonaws.com/photos/481409832/original.jpg', 'https://inaturalist-open-data.s3.amazonaws.com/photos/481409848/original.jpg']"
5134418768,48.24626,2.723567,2025-03-01T15:00,"['5134418768_1', '5134418768_2', '5134418768_3', '5134418768_4']","['https://inaturalist-open-data.s3.amazonaws.com/photos/483783389/original.jpg', 'https://inaturalist-open-data.s3.amazonaws.com/photos/483783387/original.jpg', 'https://inaturalist-open-data.s3.amazonaws.com/photos/483783386/original.jpg', 'https://inaturalist-open-data.s3.amazonaws.com/photos/483783407/original.jpg']"
5134695843,43.798979,3.613949,2025-03-30T09:33,['5134695843_1'],['https://inaturalist-open-data.s3.amazonaws.com/photos/483769278/original.jpeg']
5153935271,45.78733,9.930601,2025-03-26T13:03,['5153935271_1'],['https://inaturalist-open-data.s3.amazonaws.com/photos/502652576/original.jpg']
5176855394,48.414847,2.664964,2025-03-05T15:37:34,"['5176855394_1', '5176855394_2']","['https://inaturalist-open-data.s3.amazonaws.com/photos/512043733/original.jpg', 'https://inaturalist-open-data.s3.amazonaws.com/photos/512043863/original.jpg']"
5920337967,43.747375,2.571512,2025-03-14T16:06:12,['5920337967_1'],['https://inaturalist-open-data.s3.amazonaws.com/photos/597675163/original.jpg']
6150584181,46.204871,2.469454,2025-03-27,"['6150584181_1', '6150584181_2']","['https://observation.org/photos/112607325.jpg', 'https://observation.org/photos/112607326.jpg']"
6150603781,47.221805,1.689128,2025-03-14,['6150603781_1'],['https://observation.org/photos/130785776.jpg']
6150743090,47.93681,7.261908,2025-03-24,['6150743090_1'],['https://observation.org/photos/117229634.jpg']
6150780074,47.511629,0.275233,2025-03-28,['6150780074_1'],['https://observation.org/photos/112712204.jpg']
6151573800,46.201753,2.460901,2025-03-27,"['6151573800_1', '6151573800_2']","['https://observation.org/photos/112605959.jpg', 'https://observation.org/photos/112605960.jpg']"
6159448518,44.822093,4.776151,2025-03-08T12:16:53,"['6159448518_1', '6159448518_2', '6159448518_3']","['https://inaturalist-open-data.s3.amazonaws.com/photos/614696363/original.jpg', 'https://inaturalist-open-data.s3.amazonaws.com/photos/614696407/original.jpg', 'https://inaturalist-open-data.s3.amazonaws.com/photos/614696425/original.jpg']"
6195656775,46.627494,-1.857387,2025-03-30T15:34,['6195656775_1'],['https://inaturalist-open-data.s3.amazonaws.com/photos/635492618/original.jpg']
6334111645,45.294883,8.950578,2025-03-20T14:12:13,['6334111645_1'],['https://inaturalist-open-data.s3.amazonaws.com/photos/663181419/original.jpg']
6422255577,42.253096,12.57581,2025-03-24T10:20,['6422255577_1'],['https://inaturalist-open-data.s3.amazonaws.com/photos/685172253/original.jpg']
5107990784,42.4133,-3.244332,2025-04-07,['5107990784_1'],['https://observation.org/photos/113319124.jpg']
5108813934,43.322144,11.25512,2025-04-10,['5108813934_1'],['https://observation.org/photos/113528129.jpg']
5132065492,46.204873,2.469448,2025-04-16,['5132065492_1'],['https://observation.org/photos/114082155.jpg']
5133096269,45.023766,6.458871,2025-04-11T11:02,"['5133096269_1', '5133096269_2', '5133096269_3']","['https://inaturalist-open-data.s3.amazonaws.com/photos/485157666/original.jpeg', 'https://inaturalist-open-data.s3.amazonaws.com/photos/485157609/original.jpeg', 'https://inaturalist-open-data.s3.amazonaws.com/photos/485157613/original.jpeg']"
5133186681,46.121963,5.891564,2025-04-04T14:55,"['5133186681_1', '5133186681_2', '5133186681_3', '5133186681_4', '5133186681_5', '5133186681_6', '5133186681_7']","['https://inaturalist-open-data.s3.amazonaws.com/photos/485193888/original.jpg', 'https://inaturalist-open-data.s3.amazonaws.com/photos/485194116/original.jpg', 'https://inaturalist-open-data.s3.amazonaws.com/photos/485194120/original.jpg', 'https://inaturalist-open-data.s3.amazonaws.com/photos/485194119/original.jpg', 'https://inaturalist-open-data.s3.amazonaws.com/photos/485194125/original.jpg', 'https://inaturalist-open-data.s3.amazonaws.com/photos/485194126/original.jpg', 'https://inaturalist-open-data.s3.amazonaws.com/photos/485194123/original.jpg']"
5133244425,44.324802,11.420914,2025-04-10T18:31:33,['5133244425_1'],['https://inaturalist-open-data.s3.amazonaws.com/photos/485182343/original.jpeg']
5133247139,42.125217,12.284725,2025-04-12T16:05:13,"['5133247139_1', '5133247139_2', '5133247139_3', '5133247139_4']","['https://inaturalist-open-data.s3.amazonaws.com/photos/485522741/original.jpg', 'https://inaturalist-open-data.s3.amazonaws.com/photos/485522772/original.jpg', 'https://inaturalist-open-data.s3.amazonaws.com/photos/485522810/original.jpg', 'https://inaturalist-open-data.s3.amazonaws.com/photos/485522854/original.jpg']"
5133275568,47.94353,7.259619,2025-04-12T10:37:50,['5133275568_1'],['https://inaturalist-open-data.s3.amazonaws.com/photos/485419480/original.jpeg']
5133275872,47.93691,7.2618,2025-04-12T11:25:21,"['5133275872_1', '5133275872_2', '5133275872_3', '5133275872_4', '5133275872_5', '5133275872_6', '5133275872_7']","['https://inaturalist-open-data.s3.amazonaws.com/photos/485497364/original.jpeg', 'https://inaturalist-open-data.s3.amazonaws.com/photos/485497408/original.jpeg', 'https://inaturalist-open-data.s3.amazonaws.com/photos/485497439/original.jpeg', 'https://inaturalist-open-data.s3.amazonaws.com/photos/485497469/original.jpeg', 'https://inaturalist-open-data.s3.amazonaws.com/photos/485497496/original.jpeg', 'https://inaturalist-open-data.s3.amazonaws.com/photos/485497525/original.jpeg', 'https://inaturalist-open-data.s3.amazonaws.com/photos/485497560/original.jpeg']"
5133277939,47.938171,7.264829,2025-04-12T10:06:17,['5133277939_1'],['https://inaturalist-open-data.s3.amazonaws.com/photos/485494039/original.jpeg']
5133322172,46.018523,8.471284,2025-04-12T12:10,['5133322172_1'],['https://inaturalist-open-data.s3.amazonaws.com/photos/485537070/original.jpeg']
5133340759,47.938547,7.263476,2025-04-12T10:07:57,['5133340759_1'],['https://inaturalist-open-data.s3.amazonaws.com/photos/485419742/original.jpeg']
5133346878,47.936573,7.262035,2025-04-12T12:09:48,"['5133346878_1', '5133346878_2', '5133346878_3', '5133346878_4', '5133346878_5', '5133346878_6', '5133346878_7', '5133346878_8', '5133346878_9']","['https://inaturalist-open-data.s3.amazonaws.com/photos/485502797/original.jpeg', 'https://inaturalist-open-data.s3.amazonaws.com/photos/485502833/original.jpeg', 'https://inaturalist-open-data.s3.amazonaws.com/photos/485502874/original.jpeg', 'https://inaturalist-open-data.s3.amazonaws.com/photos/485502909/original.jpeg', 'https://inaturalist-open-data.s3.amazonaws.com/photos/485502946/original.jpeg', 'https://inaturalist-open-data.s3.amazonaws.com/photos/485502983/original.jpeg', 'https://inaturalist-open-data.s3.amazonaws.com/photos/485503020/original.jpeg', 'https://inaturalist-open-data.s3.amazonaws.com/photos/485503060/original.jpeg', 'https://inaturalist-open-data.s3.amazonaws.com/photos/485503089/original.jpeg']"
5133373626,47.194233,-1.589445,2025-04-11T10:02,['5133373626_1'],['https://inaturalist-open-data.s3.amazonaws.com/photos/485600243/original.jpg']
5133433608,42.910765,12.555923,2025-04-13T11:28:55,['5133433608_1'],['https://inaturalist-open-data.s3.amazonaws.com/photos/485911519/original.jpeg']
5133564166,48.579795,-1.984147,2025-04-12T12:38,['5133564166_1'],['https://inaturalist-open-data.s3.amazonaws.com/photos/486002257/original.jpeg']
5133658290,48.383096,2.592663,2025-04-13T14:34,['5133658290_1'],['https://inaturalist-open-data.s3.amazonaws.com/photos/486800765/original.jpg']
5133658291,48.563342,2.204048,2025-04-13T17:51,['5133658291_1'],['https://inaturalist-open-data.s3.amazonaws.com/photos/486801641/original.jpg']
5133693004,48.286866,2.411541,2025-04-13T14:30,['5133693004_1'],['https://inaturalist-open-data.s3.amazonaws.com/photos/486800627/original.jpg']
5133700194,48.209526,2.544208,2025-04-12T10:22,['5133700194_1'],['https://inaturalist-open-data.s3.amazonaws.com/photos/486797954/original.jpg']
5133700195,48.345013,2.417412,2025-04-12T10:24,['5133700195_1'],['https://inaturalist-open-data.s3.amazonaws.com/photos/486798113/original.jpg']
5133712257,48.458574,2.217173,2025-04-13T17:48,['5133712257_1'],['https://inaturalist-open-data.s3.amazonaws.com/photos/486801507/original.jpg']
5133722163,48.235014,2.728586,2025-04-11T14:01,['5133722163_1'],['https://inaturalist-open-data.s3.amazonaws.com/photos/486797577/original.jpg']
5133725363,48.309145,2.634448,2025-04-11T13:52,['5133725363_1'],['https://inaturalist-open-data.s3.amazonaws.com/photos/486797483/original.jpg']
5133740292,48.328111,2.53572,2025-04-13T13:08,['5133740292_1'],['https://inaturalist-open-data.s3.amazonaws.com/photos/486799923/original.jpg']
5133740293,48.346384,2.435271,2025-04-13T13:58,['5133740293_1'],['https://inaturalist-open-data.s3.amazonaws.com/photos/486800394/original.jpg']
5133742630,48.394403,2.495345,2025-04-13T14:39,['5133742630_1'],['https://inaturalist-open-data.s3.amazonaws.com/photos/486800893/original.jpg']
5133759064,48.265146,2.514775,2025-04-12T10:29,['5133759064_1'],['https://inaturalist-open-data.s3.amazonaws.com/photos/486798263/original.jpg']
5133759066,48.274687,2.527258,2025-04-13T13:46,['5133759066_1'],['https://inaturalist-open-data.s3.amazonaws.com/photos/486800096/original.jpg']
5133764196,48.369148,2.407587,2025-04-12T10:22,['5133764196_1'],['https://inaturalist-open-data.s3.amazonaws.com/photos/486798037/original.jpg']
5133764199,48.244824,2.406358,2025-04-13T12:41,['5133764199_1'],['https://inaturalist-open-data.s3.amazonaws.com/photos/486799806/original.jpg']
5133764200,48.246844,2.468032,2025-04-13T13:49,['5133764200_1'],['https://inaturalist-open-data.s3.amazonaws.com/photos/486800110/original.jpg']
5133775731,48.549498,2.375866,2025-04-12T14:22,['5133775731_1'],['https://inaturalist-open-data.s3.amazonaws.com/photos/486798864/original.jpg']
5133785043,46.755844,0.278572,2025-04-16T14:30:49,['5133785043_1'],['https://inaturalist-open-data.s3.amazonaws.com/photos/487064267/original.jpeg']
5133785538,48.404907,2.353493,2025-04-12T14:39,['5133785538_1'],['https://inaturalist-open-data.s3.amazonaws.com/photos/486799090/original.jpg']
5133796659,46.262503,7.645202,2025-04-15T10:09,"['5133796659_1', '5133796659_2', '5133796659_3', '5133796659_4']","['https://inaturalist-open-data.s3.amazonaws.com/photos/486852069/original.jpg', 'https://inaturalist-open-data.s3.amazonaws.com/photos/486852050/original.jpg', 'https://inaturalist-open-data.s3.amazonaws.com/photos/486852054/original.jpg', 'https://inaturalist-open-data.s3.amazonaws.com/photos/486852038/original.jpg']"
5133810455,47.119641,-1.783759,2025-04-16T12:08,['5133810455_1'],['https://inaturalist-open-data.s3.amazonaws.com/photos/487112587/original.jpg']
5133821632,48.320459,2.569169,2025-04-12T10:31,['5133821632_1'],['https://inaturalist-open-data.s3.amazonaws.com/photos/486798348/original.jpg']
5133822383,48.444759,2.368224,2025-04-12T14:38,['5133822383_1'],['https://inaturalist-open-data.s3.amazonaws.com/photos/486799009/original.jpg']
5133858058,43.157933,12.35485,2025-04-09T15:26:28,"['5133858058_1', '5133858058_2']","['https://inaturalist-open-data.s3.amazonaws.com/photos/487185387/original.jpg', 'https://inaturalist-open-data.s3.amazonaws.com/photos/487829855/original.jpg']"
5133882188,48.550033,-1.958758,2025-04-17T17:49:28,['5133882188_1'],['https://inaturalist-open-data.s3.amazonaws.com/photos/487495425/original.jpg']
5133888813,48.204083,2.798676,2025-04-11T13:48,['5133888813_1'],['https://inaturalist-open-data.s3.amazonaws.com/photos/486797183/original.jpg']
5133895662,48.233432,2.482425,2025-04-13T12:37,['5133895662_1'],['https://inaturalist-open-data.s3.amazonaws.com/photos/486799787/original.jpg']
5133905249,48.312905,2.468545,2025-04-12T10:31,['5133905249_1'],['https://inaturalist-open-data.s3.amazonaws.com/photos/486798288/original.jpg']
5133905252,48.275232,2.599343,2025-04-13T13:56,['5133905252_1'],['https://inaturalist-open-data.s3.amazonaws.com/photos/486800292/original.jpg']
5133934612,48.273902,2.408677,2025-04-13T14:31,['5133934612_1'],['https://inaturalist-open-data.s3.amazonaws.com/photos/486800687/original.jpg']
5133940291,48.648163,5.911596,2025-04-18T15:04:52,"['5133940291_1', '5133940291_2']","['https://inaturalist-open-data.s3.amazonaws.com/photos/487818879/original.jpg', 'https://inaturalist-open-data.s3.amazonaws.com/photos/487819149/original.jpg']"
5133957640,45.17636,7.395906,2025-04-11T20:59:35,"['5133957640_1', '5133957640_2', '5133957640_3', '5133957640_4', '5133957640_5']","['https://inaturalist-open-data.s3.amazonaws.com/photos/487079479/original.jpg', 'https://inaturalist-open-data.s3.amazonaws.com/photos/487079507/original.jpg', 'https://inaturalist-open-data.s3.amazonaws.com/photos/487079665/original.jpg', 'https://inaturalist-open-data.s3.amazonaws.com/photos/487079674/original.jpg', 'https://inaturalist-open-data.s3.amazonaws.com/photos/487079694/original.jpg']"
5133960485,43.338808,2.189095,2025-04-01T13:32:34,['5133960485_1'],['https://inaturalist-open-data.s3.amazonaws.com/photos/482087384/original.jpg']
5133965539,48.291894,2.459235,2025-04-13T13:06,['5133965539_1'],['https://inaturalist-open-data.s3.amazonaws.com/photos/486799900/original.jpg']
5133979040,48.55675,-1.974183,2025-04-17T16:29:33,['5133979040_1'],['https://inaturalist-open-data.s3.amazonaws.com/photos/487458056/original.jpg']
5134016513,48.235956,2.646435,2025-04-11T13:51,['5134016513_1'],['https://inaturalist-open-data.s3.amazonaws.com/photos/486797310/original.jpg']
5134040244,48.55723,-1.972153,2025-04-05T16:09:59,['5134040244_1'],['https://inaturalist-open-data.s3.amazonaws.com/photos/483182552/original.jpg']
5134044620,43.825229,12.72575,2025-04-02T19:09:09,['5134044620_1'],['https://inaturalist-open-data.s3.amazonaws.com/photos/482373486/original.jpeg']
5134066917,46.024733,3.057292,2025-04-04T13:29:50,"['5134066917_1', '5134066917_2']","['https://inaturalist-open-data.s3.amazonaws.com/photos/482697637/original.jpg', 'https://inaturalist-open-data.s3.amazonaws.com/photos/482697656/original.jpg']"
5134118201,48.557187,-1.972375,2025-04-05T17:15:33,['5134118201_1'],['https://inaturalist-open-data.s3.amazonaws.com/photos/483184737/original.jpg']
5134139089,48.047124,3.362557,2025-04-04T16:07:30,['5134139089_1'],['https://inaturalist-open-data.s3.amazonaws.com/photos/482728853/original.jpg']
5134169322,46.199083,11.333832,2025-04-14T14:06,"['5134169322_1', '5134169322_2']","['https://inaturalist-open-data.s3.amazonaws.com/photos/488005318/original.jpg', 'https://inaturalist-open-data.s3.amazonaws.com/photos/488005868/original.jpg']"
5134182424,45.752013,3.069806,2025-04-06T14:54,"['5134182424_1', '5134182424_2']","['https://inaturalist-open-data.s3.amazonaws.com/photos/483460740/original.jpeg', 'https://inaturalist-open-data.s3.amazonaws.com/photos/483460694/original.jpeg']"
5134209649,47.936822,7.263472,2025-04-06T12:39:43,['5134209649_1'],['https://inaturalist-open-data.s3.amazonaws.com/photos/483524000/original.jpg']
5134265945,48.557305,-1.971975,2025-04-05T15:55:32,['5134265945_1'],['https://inaturalist-open-data.s3.amazonaws.com/photos/483182166/original.jpg']
5134272834,45.375166,4.139852,2025-04-20T12:32:07,['5134272834_1'],['https://inaturalist-open-data.s3.amazonaws.com/photos/488699904/original.jpeg']
5134274145,48.55727,-1.971967,2025-04-05T16:18:10,['5134274145_1'],['https://inaturalist-open-data.s3.amazonaws.com/photos/483183452/original.jpg']
5134274153,48.557225,-1.97245,2025-04-05T17:49:53,['5134274153_1'],['https://inaturalist-open-data.s3.amazonaws.com/photos/483184841/original.jpg']
5134274317,48.557245,-1.971787,2025-04-05T16:38:30,['5134274317_1'],['https://inaturalist-open-data.s3.amazonaws.com/photos/483183644/original.jpg']
5134276259,44.047289,11.629711,2025-04-12T15:28:05,"['5134276259_1', '5134276259_2']","['https://inaturalist-open-data.s3.amazonaws.com/photos/487927164/original.jpeg', 'https://inaturalist-open-data.s3.amazonaws.com/photos/488446188/original.jpeg']"
5134279370,48.5572,-1.972772,2025-04-05T17:10:06,['5134279370_1'],['https://inaturalist-open-data.s3.amazonaws.com/photos/483183834/original.jpg']
5134281303,48.558455,-1.95062,2025-04-05T16:17:07,['5134281303_1'],['https://inaturalist-open-data.s3.amazonaws.com/photos/483182858/original.jpg']
5134281311,48.55723,-1.972325,2025-04-05T17:18:40,['5134281311_1'],['https://inaturalist-open-data.s3.amazonaws.com/photos/483184456/original.jpg']
5134286175,48.645769,5.93386,2025-04-19T14:13:59,"['5134286175_1', '5134286175_2', '5134286175_3']","['https://inaturalist-open-data.s3.amazonaws.com/photos/488227075/original.jpg', 'https://inaturalist-open-data.s3.amazonaws.com/photos/488227130/original.jpg', 'https://inaturalist-open-data.s3.amazonaws.com/photos/488227267/original.jpg']"
5134298641,47.991536,0.247257,2025-04-06T16:02,"['5134298641_1', '5134298641_2', '5134298641_3']","['https://inaturalist-open-data.s3.amazonaws.com/photos/483523411/original.jpeg', 'https://inaturalist-open-data.s3.amazonaws.com/photos/483523393/original.jpeg', 'https://inaturalist-open-data.s3.amazonaws.com/photos/483523418/original.jpeg']"
5134314288,48.557197,-1.971947,2025-04-05T16:17:30,['5134314288_1'],['https://inaturalist-open-data.s3.amazonaws.com/photos/483183241/original.jpg']
5134314292,48.557205,-1.972345,2025-04-05T17:18:20,['5134314292_1'],['https://inaturalist-open-data.s3.amazonaws.com/photos/483184370/original.jpg']
5134314293,48.557292,-1.97183,2025-04-05T17:38:10,['5134314293_1'],['https://inaturalist-open-data.s3.amazonaws.com/photos/483184547/original.jpg']
5134319937,48.55722,-1.972053,2025-04-05T16:10:30,['5134319937_1'],['https://inaturalist-open-data.s3.amazonaws.com/photos/483182741/original.jpg']
5134335434,47.943305,7.260233,2025-04-06T13:31:48,['5134335434_1'],['https://inaturalist-open-data.s3.amazonaws.com/photos/483524374/original.jpg']
5134336624,47.936753,7.262653,2025-04-06T13:17:40,['5134336624_1'],['https://inaturalist-open-data.s3.amazonaws.com/photos/483524211/original.jpg']
5134336625,47.943262,7.260417,2025-04-06T13:33:21,['5134336625_1'],['https://inaturalist-open-data.s3.amazonaws.com/photos/483524624/original.jpg']
5134343050,42.532178,12.345352,2025-04-05T17:14:37,"['5134343050_1', '5134343050_2', '5134343050_3']","['https://inaturalist-open-data.s3.amazonaws.com/photos/483139242/original.jpeg', 'https://inaturalist-open-data.s3.amazonaws.com/photos/483139706/original.jpeg', 'https://inaturalist-open-data.s3.amazonaws.com/photos/483139790/original.jpeg']"
5134353964,45.515663,1.15518,2025-04-01T14:54,['5134353964_1'],['https://inaturalist-open-data.s3.amazonaws.com/photos/483788884/original.jpg']
5134358310,46.378963,10.958254,2025-04-06T12:16:44,['5134358310_1'],['https://inaturalist-open-data.s3.amazonaws.com/photos/483407159/original.jpeg']
5134363379,42.21818,12.60343,2025-04-21T14:48:55,['5134363379_1'],['https://inaturalist-open-data.s3.amazonaws.com/photos/489233852/original.jpg']
5134390289,48.557245,-1.971992,2025-04-05T16:02:52,['5134390289_1'],['https://inaturalist-open-data.s3.amazonaws.com/photos/483182306/original.jpg']
5134390294,48.557167,-1.972378,2025-04-05T17:12:53,['5134390294_1'],['https://inaturalist-open-data.s3.amazonaws.com/photos/483184000/original.jpg']
5134414237,48.557245,-1.97198,2025-04-05T16:07:19,['5134414237_1'],['https://inaturalist-open-data.s3.amazonaws.com/photos/483182438/original.jpg']
5134414246,48.557288,-1.972467,2025-04-05T17:45:09,['5134414246_1'],['https://inaturalist-open-data.s3.amazonaws.com/photos/483184618/original.jpg']
5134415844,42.794836,11.267461,2025-04-16T15:09,['5134415844_1'],['https://inaturalist-open-data.s3.amazonaws.com/photos/487964130/original.jpeg']
5134417359,48.649219,5.907421,2025-04-18T14:14:25,"['5134417359_1', '5134417359_2']","['https://inaturalist-open-data.s3.amazonaws.com/photos/487798486/original.jpg', 'https://inaturalist-open-data.s3.amazonaws.com/photos/488501156/original.jpg']"
5134421435,42.97485,1.488689,2025-04-18T15:35,['5134421435_1'],['https://inaturalist-open-data.s3.amazonaws.com/photos/488223401/original.jpg']
5134464130,46.378403,10.968576,2025-04-06T12:07:12,['5134464130_1'],['https://inaturalist-open-data.s3.amazonaws.com/photos/483404788/original.jpeg']
5134464654,48.557036,-1.973126,2025-04-20T14:44,['5134464654_1'],['https://inaturalist-open-data.s3.amazonaws.com/photos/488817170/original.jpeg']
5134467080,44.381389,11.264071,2025-04-05T14:02,"['5134467080_1', '5134467080_2']","['https://inaturalist-open-data.s3.amazonaws.com/photos/483397199/original.jpeg', 'https://inaturalist-open-data.s3.amazonaws.com/photos/483397200/original.jpeg']"
5134487457,48.556274,-1.976356,2025-04-20T15:36,['5134487457_1'],['https://inaturalist-open-data.s3.amazonaws.com/photos/488824355/original.jpeg']
5134490771,47.936687,7.262692,2025-04-06T12:44:23,['5134490771_1'],['https://inaturalist-open-data.s3.amazonaws.com/photos/483524070/original.jpg']
5134500344,46.725409,5.995144,2025-04-08T15:23,['5134500344_1'],['https://inaturalist-open-data.s3.amazonaws.com/photos/484165273/original.png']
5134511026,46.121963,5.891564,2025-04-03T13:52,"['5134511026_1', '5134511026_2', '5134511026_3', '5134511026_4', '5134511026_5', '5134511026_6', '5134511026_7']","['https://inaturalist-open-data.s3.amazonaws.com/photos/484562887/original.jpg', 'https://inaturalist-open-data.s3.amazonaws.com/photos/484563162/original.jpg', 'https://inaturalist-open-data.s3.amazonaws.com/photos/484563215/original.jpg', 'https://inaturalist-open-data.s3.amazonaws.com/photos/484563321/original.jpg', 'https://inaturalist-open-data.s3.amazonaws.com/photos/484563324/original.jpg', 'https://inaturalist-open-data.s3.amazonaws.com/photos/484563334/original.jpg', 'https://inaturalist-open-data.s3.amazonaws.com/photos/484563339/original.jpg']"
5134537232,46.385672,7.643493,2025-04-08T12:14:08,['5134537232_1'],['https://inaturalist-open-data.s3.amazonaws.com/photos/484123406/original.jpg']
5134540316,47.937958,7.265597,2025-04-06T10:56:56,"['5134540316_1', '5134540316_2']","['https://inaturalist-open-data.s3.amazonaws.com/photos/483445894/original.jpg', 'https://inaturalist-open-data.s3.amazonaws.com/photos/483445964/original.jpg']"
5134548318,44.957067,7.35512,2025-04-06T11:25:15,['5134548318_1'],['https://inaturalist-open-data.s3.amazonaws.com/photos/483396254/original.jpeg']
5134570782,47.938247,7.264505,2025-04-06T12:22:15,"['5134570782_1', '5134570782_2']","['https://inaturalist-open-data.s3.amazonaws.com/photos/483523804/original.jpg', 'https://inaturalist-open-data.s3.amazonaws.com/photos/483523921/original.jpg']"
5134577520,47.94461,7.267695,2025-04-04T11:51,['5134577520_1'],['https://inaturalist-open-data.s3.amazonaws.com/photos/484150582/original.jpg']
5134624571,44.821367,4.76635,2025-04-06T13:20:56,"['5134624571_1', '5134624571_2', '5134624571_3']","['https://inaturalist-open-data.s3.amazonaws.com/photos/483483590/original.jpg', 'https://inaturalist-open-data.s3.amazonaws.com/photos/483483640/original.jpg', 'https://inaturalist-open-data.s3.amazonaws.com/photos/483483701/original.jpg']"
5134658453,47.937233,7.263837,2025-04-06T10:36:56,['5134658453_1'],['https://inaturalist-open-data.s3.amazonaws.com/photos/483445756/original.jpg']
5134715579,44.174587,5.541503,2025-04-21T13:42:17,"['5134715579_1', '5134715579_2']","['https://inaturalist-open-data.s3.amazonaws.com/photos/489418883/original.jpeg', 'https://inaturalist-open-data.s3.amazonaws.com/photos/489418940/original.jpeg']"
5134717960,43.906317,6.225166,2025-04-21T15:15,['5134717960_1'],['https://inaturalist-open-data.s3.amazonaws.com/photos/489430704/original.jpeg']
5134759549,43.78685,3.210992,2025-04-08T14:32:16,"['5134759549_1', '5134759549_2']","['https://inaturalist-open-data.s3.amazonaws.com/photos/484147963/original.jpeg', 'https://inaturalist-open-data.s3.amazonaws.com/photos/484148447/original.jpeg']"
5134766231,44.329094,3.596615,2025-04-09T13:19:55,['5134766231_1'],['https://inaturalist-open-data.s3.amazonaws.com/photos/484466898/original.jpeg']
5134772626,47.946158,7.250605,2025-04-04T14:44,['5134772626_1'],['https://inaturalist-open-data.s3.amazonaws.com/photos/484173980/original.jpeg']
5134786808,44.989942,3.91535,2025-04-22T14:08:19,"['5134786808_1', '5134786808_2', '5134786808_3']","['https://inaturalist-open-data.s3.amazonaws.com/photos/489735251/original.jpeg', 'https://inaturalist-open-data.s3.amazonaws.com/photos/489735281/original.jpeg', 'https://inaturalist-open-data.s3.amazonaws.com/photos/489735308/original.jpeg']"
5134801313,48.97565,5.437298,2025-04-19T16:46:17,"['5134801313_1', '5134801313_2']","['https://inaturalist-open-data.s3.amazonaws.com/photos/488506839/original.jpg', 'https://inaturalist-open-data.s3.amazonaws.com/photos/488506933/original.jpg']"
5134864928,47.936942,7.261803,2025-04-09T11:39,['5134864928_1'],['https://inaturalist-open-data.s3.amazonaws.com/photos/484722322/original.jpg']
5134874541,47.936715,7.262581,2025-04-09T11:08,"['5134874541_1', '5134874541_2']","['https://inaturalist-open-data.s3.amazonaws.com/photos/484722239/original.jpg', 'https://inaturalist-open-data.s3.amazonaws.com/photos/484722248/original.jpg']"
5134888724,44.26513,6.219655,2025-04-20T14:47,['5134888724_1'],['https://inaturalist-open-data.s3.amazonaws.com/photos/489408558/original.jpg']
5134892838,48.557562,-1.970503,2025-04-10T16:39:28,"['5134892838_1', '5134892838_2']","['https://inaturalist-open-data.s3.amazonaws.com/photos/484794672/original.jpg', 'https://inaturalist-open-data.s3.amazonaws.com/photos/484794768/original.jpg']"
5134900253,43.02242,10.807384,2025-04-22T18:05,"['5134900253_1', '5134900253_2']","['https://inaturalist-open-data.s3.amazonaws.com/photos/489769966/original.jpeg', 'https://inaturalist-open-data.s3.amazonaws.com/photos/489770026/original.jpeg']"
5140047922,44.53661,5.014532,2025-04-23T14:41:18,['5140047922_1'],['https://inaturalist-open-data.s3.amazonaws.com/photos/490150752/original.jpeg']
5140259961,41.721675,12.393683,2025-04-25T11:35,['5140259961_1'],['https://inaturalist-open-data.s3.amazonaws.com/photos/491298437/original.jpg']
5140339153,42.796147,11.264747,2025-04-24T11:41,"['5140339153_1', '5140339153_2']","['https://inaturalist-open-data.s3.amazonaws.com/photos/492152884/original.jpeg', 'https://inaturalist-open-data.s3.amazonaws.com/photos/492152947/original.jpeg']"
5140373280,45.141617,3.977229,2025-04-25T14:44:22,['5140373280_1'],['https://inaturalist-open-data.s3.amazonaws.com/photos/492190561/original.jpeg']
5140461406,45.633785,8.450103,2025-04-26T16:05:02,['5140461406_1'],['https://inaturalist-open-data.s3.amazonaws.com/photos/492703117/original.jpeg']
5140513202,48.049262,-0.47715,2025-04-26T16:14:13,['5140513202_1'],['https://inaturalist-open-data.s3.amazonaws.com/photos/492607556/original.jpg']
5140563043,48.144103,-0.571935,2025-04-26T14:54:29,['5140563043_1'],['https://inaturalist-open-data.s3.amazonaws.com/photos/492611307/original.jpg']
5140569113,48.073103,-0.578063,2025-04-26T15:24:09,['5140569113_1'],['https://inaturalist-open-data.s3.amazonaws.com/photos/568176155/original.jpg']
5140595282,44.102448,10.419823,2025-04-27T18:14:11,"['5140595282_1', '5140595282_2', '5140595282_3']","['https://inaturalist-open-data.s3.amazonaws.com/photos/493921594/original.jpg', 'https://inaturalist-open-data.s3.amazonaws.com/photos/493920744/original.jpg', 'https://inaturalist-open-data.s3.amazonaws.com/photos/493921803/original.jpg']"
5140607183,48.094954,-0.505663,2025-04-26T16:16:33,['5140607183_1'],['https://inaturalist-open-data.s3.amazonaws.com/photos/492607201/original.jpg']
5140765477,42.358777,1.723275,2025-04-25T12:30:49,['5140765477_1'],['https://inaturalist-open-data.s3.amazonaws.com/photos/494935624/original.jpeg']
5140791872,43.146553,10.974612,2025-04-28T14:09,['5140791872_1'],['https://inaturalist-open-data.s3.amazonaws.com/photos/495135990/original.jpg']
5140845148,44.463718,9.143331,2025-04-28T14:00,['5140845148_1'],['https://inaturalist-open-data.s3.amazonaws.com/photos/495747972/original.jpeg']
5140883136,42.946802,11.899037,2025-04-23T12:41:03,"['5140883136_1', '5140883136_2', '5140883136_3']","['https://inaturalist-open-data.s3.amazonaws.com/photos/494796139/original.jpeg', 'https://inaturalist-open-data.s3.amazonaws.com/photos/494796287/original.jpeg', 'https://inaturalist-open-data.s3.amazonaws.com/photos/494796452/original.jpeg']"
5140908315,42.781791,10.216503,2025-04-26,['5140908315_1'],['https://inaturalist-open-data.s3.amazonaws.com/photos/493868906/original.jpeg']
5140959925,45.159599,6.919912,2025-04-29T11:19:15,"['5140959925_1', '5140959925_2']","['https://inaturalist-open-data.s3.amazonaws.com/photos/496669040/original.jpeg', 'https://inaturalist-open-data.s3.amazonaws.com/photos/496669176/original.jpeg']"
5140973534,41.80713,14.920817,2025-04-29T10:22:26,['5140973534_1'],['https://inaturalist-open-data.s3.amazonaws.com/photos/496521374/original.jpeg']
5140976280,45.612235,13.169018,2025-04-26T15:52,['5140976280_1'],['https://inaturalist-open-data.s3.amazonaws.com/photos/496748181/original.jpg']
5141038317,43.117743,13.148806,2025-04-29T14:58:22,"['5141038317_1', '5141038317_2', '5141038317_3']","['https://inaturalist-open-data.s3.amazonaws.com/photos/496791765/original.jpg', 'https://inaturalist-open-data.s3.amazonaws.com/photos/496791661/original.jpg', 'https://inaturalist-open-data.s3.amazonaws.com/photos/496791701/original.jpg']"
5141042328,45.309997,5.626086,2025-04-28T10:48,"['5141042328_1', '5141042328_2', '5141042328_3']","['https://inaturalist-open-data.s3.amazonaws.com/photos/495362477/original.jpg', 'https://inaturalist-open-data.s3.amazonaws.com/photos/495362470/original.jpg', 'https://inaturalist-open-data.s3.amazonaws.com/photos/495362419/original.jpg']"
5141105479,46.268724,13.461144,2025-04-17T10:30,['5141105479_1'],['https://inaturalist-open-data.s3.amazonaws.com/photos/496455597/original.jpg']
5153090564,43.949164,10.885131,2025-04-28T19:27:42,"['5153090564_1', '5153090564_2']","['https://inaturalist-open-data.s3.amazonaws.com/photos/495570546/original.jpeg', 'https://inaturalist-open-data.s3.amazonaws.com/photos/495570683/original.jpeg']"
5153093781,47.941938,7.258076,2025-04-30T16:55:42,['5153093781_1'],['https://inaturalist-open-data.s3.amazonaws.com/photos/497705552/original.jpeg']
5153180597,43.872218,3.794877,2025-04-12T16:00,['5153180597_1'],['https://inaturalist-open-data.s3.amazonaws.com/photos/497982697/original.jpeg']
5153201366,44.470615,8.731945,2025-04-30T16:36,"['5153201366_1', '5153201366_2']","['https://inaturalist-open-data.s3.amazonaws.com/photos/504348786/original.jpeg', 'https://inaturalist-open-data.s3.amazonaws.com/photos/504348845/original.jpeg']"
5153253673,42.978594,13.358831,2025-04-12T17:43,['5153253673_1'],['https://inaturalist-open-data.s3.amazonaws.com/photos/502194194/original.jpg']
5153415547,46.714705,7.940416,2025-04-30T13:18,['5153415547_1'],['https://inaturalist-open-data.s3.amazonaws.com/photos/500442734/original.jpeg']
5153929687,47.829559,7.34685,2025-04-06T14:36:11,['5153929687_1'],['https://inaturalist-open-data.s3.amazonaws.com/photos/499165132/original.jpeg']
5154047584,38.133538,12.78047,2025-04-29T09:56,['5154047584_1'],['https://inaturalist-open-data.s3.amazonaws.com/photos/498611102/original.jpg']
5154186238,41.725148,12.40764,2025-04-24T15:00,"['5154186238_1', '5154186238_2']","['https://inaturalist-open-data.s3.amazonaws.com/photos/498634260/original.png', 'https://inaturalist-open-data.s3.amazonaws.com/photos/498634263/original.png']"
5154537000,44.553765,8.772422,2025-04-30T12:08,['5154537000_1'],['https://inaturalist-open-data.s3.amazonaws.com/photos/504340677/original.jpeg']
5154695965,46.10897,2.917892,2025-04-30T15:23:33,"['5154695965_1', '5154695965_2', '5154695965_3']","['https://inaturalist-open-data.s3.amazonaws.com/photos/497546000/original.jpg', 'https://inaturalist-open-data.s3.amazonaws.com/photos/497546349/original.jpg', 'https://inaturalist-open-data.s3.amazonaws.com/photos/497546419/original.jpg']"
5154771520,46.144138,8.124016,2025-04-25T10:28,"['5154771520_1', '5154771520_2']","['https://inaturalist-open-data.s3.amazonaws.com/photos/501948660/original.jpeg', 'https://inaturalist-open-data.s3.amazonaws.com/photos/501948716/original.jpeg']"
5154934127,44.354255,3.73928,2025-04-30T16:05:26,"['5154934127_1', '5154934127_2']","['https://inaturalist-open-data.s3.amazonaws.com/photos/502249136/original.jpg', 'https://inaturalist-open-data.s3.amazonaws.com/photos/502249160/original.jpg']"
5158475442,42.8,-2.65,2025-04-27,['5158475442_1'],['https://observation.org/photos/116036526.jpg']
5158689407,42.830411,10.419081,2025-04-07,['5158689407_1'],['https://observation.org/photos/113319095.jpg']
5166987573,41.807617,16.140733,2025-04-19T15:06:27,"['5166987573_1', '5166987573_2']","['https://inaturalist-open-data.s3.amazonaws.com/photos/505603890/original.jpg', 'https://inaturalist-open-data.s3.amazonaws.com/photos/505603913/original.jpg']"
5167225893,42.530701,13.518583,2025-04-30T13:51:16,['5167225893_1'],['https://inaturalist-open-data.s3.amazonaws.com/photos/507716196/original.jpg']
5167473274,44.075713,7.960846,2025-04-26T17:51,['5167473274_1'],['https://inaturalist-open-data.s3.amazonaws.com/photos/506725838/original.jpg']
5167485824,44.872883,2.741576,2025-04-09T16:33:16,['5167485824_1'],['https://inaturalist-open-data.s3.amazonaws.com/photos/511345805/original.jpg']
5234538442,48.507923,5.507286,2025-04-10,['5234538442_1'],['https://observation.org/photos/114721270.jpg']
5234848454,41.807526,16.140739,2025-04-19,['5234848454_1'],['https://observation.org/photos/114395046.jpg']
5237919878,48.143872,-0.569452,2025-04-25T14:09,['5237919878_1'],['https://inaturalist-open-data.s3.amazonaws.com/photos/541443209/original.jpg']
5292255900,48.374945,2.717092,2025-04-11T13:51,['5292255900_1'],['https://inaturalist-open-data.s3.amazonaws.com/photos/551362336/original.jpg']
5292319957,48.452469,2.356647,2025-04-12T14:38,['5292319957_1'],['https://inaturalist-open-data.s3.amazonaws.com/photos/551371410/original.jpg']
5292320981,48.383933,2.556346,2025-04-12T10:31,['5292320981_1'],['https://inaturalist-open-data.s3.amazonaws.com/photos/551371298/original.jpg']
5292407948,48.227224,2.743889,2025-04-11T13:47,['5292407948_1'],['https://inaturalist-open-data.s3.amazonaws.com/photos/551362341/original.jpg']
5292505568,48.517299,2.356747,2025-04-12T14:22,['5292505568_1'],['https://inaturalist-open-data.s3.amazonaws.com/photos/551371375/original.jpg']
5292626987,48.222306,2.456737,2025-04-12T10:29,['5292626987_1'],['https://inaturalist-open-data.s3.amazonaws.com/photos/551371299/original.jpg']
5292660423,48.593139,2.299929,2025-04-12T14:22,['5292660423_1'],['https://inaturalist-open-data.s3.amazonaws.com/photos/551371405/original.jpg']
5292733484,48.269412,2.777133,2025-04-11T14:01,['5292733484_1'],['https://inaturalist-open-data.s3.amazonaws.com/photos/551361716/original.jpg']
5292733489,48.336593,2.786394,2025-04-11T13:48,['5292733489_1'],['https://inaturalist-open-data.s3.amazonaws.com/photos/551362338/original.jpg']
5292781080,48.205115,2.481251,2025-04-13T12:41,['5292781080_1'],['https://inaturalist-open-data.s3.amazonaws.com/photos/551371565/original.jpg']
5292785836,48.204463,2.559305,2025-04-13T13:07,['5292785836_1'],['https://inaturalist-open-data.s3.amazonaws.com/photos/551371570/original.jpg']
5292877159,48.313773,2.564582,2025-04-13T12:37,['5292877159_1'],['https://inaturalist-open-data.s3.amazonaws.com/photos/551371555/original.jpg']
5292936484,48.252582,2.477348,2025-04-12T10:31,['5292936484_1'],['https://inaturalist-open-data.s3.amazonaws.com/photos/551371304/original.jpg']
5293057343,48.356911,2.484477,2025-04-12T10:24,['5293057343_1'],['https://inaturalist-open-data.s3.amazonaws.com/photos/551369045/original.jpg']
5293165996,48.25891,2.503867,2025-04-13T13:49,['5293165996_1'],['https://inaturalist-open-data.s3.amazonaws.com/photos/551371596/original.jpg']
5293180643,48.27818,2.44822,2025-04-13T13:08,['5293180643_1'],['https://inaturalist-open-data.s3.amazonaws.com/photos/551371577/original.jpg']
5293226069,48.278083,2.436656,2025-04-13T13:46,['5293226069_1'],['https://inaturalist-open-data.s3.amazonaws.com/photos/551371590/original.jpg']
5293250020,48.24701,2.522392,2025-04-12T10:22,['5293250020_1'],['https://inaturalist-open-data.s3.amazonaws.com/photos/551369029/original.jpg']
5830752675,43.008312,11.622725,2025-04-28T09:57,['5830752675_1'],['https://inaturalist-open-data.s3.amazonaws.com/photos/568364032/original.jpg']
5867954113,48.481582,2.348072,2025-04-09T05:16,['5867954113_1'],['https://inaturalist-open-data.s3.amazonaws.com/photos/581426783/original.jpg']
5868248116,44.688458,5.040942,2025-04-22T15:29:52,['5868248116_1'],['https://inaturalist-open-data.s3.amazonaws.com/photos/582203174/original.jpg']
5909011590,48.486405,2.369852,2025-04-12T10:20:54,"['5909011590_1', '5909011590_2', '5909011590_3']","['https://inaturalist-open-data.s3.amazonaws.com/photos/490229798/original.jpeg', 'https://inaturalist-open-data.s3.amazonaws.com/photos/490229862/original.jpeg', 'https://inaturalist-open-data.s3.amazonaws.com/photos/490229928/original.jpeg']"
5932553657,43.634317,2.516355,2025-04-28T14:52:59,['5932553657_1'],['https://inaturalist-open-data.s3.amazonaws.com/photos/598856171/original.jpg']
6150421094,48.462121,2.663262,2025-04-28,"['6150421094_1', '6150421094_2', '6150421094_3']","['https://observation.org/photos/115409647.jpg', 'https://observation.org/photos/115409648.jpg', 'https://observation.org/photos/115409649.jpg']"
6150554948,46.204875,2.469434,2025-04-22,['6150554948_1'],['https://observation.org/photos/114739663.jpg']
6150785950,46.980839,-2.024703,2025-04-30,['6150785950_1'],['https://observation.org/photos/115632281.jpg']
6150796803,47.327012,0.733972,2025-04-14,['6150796803_1'],['https://observation.org/photos/113905922.jpg']
6150811050,46.610756,-1.854489,2025-04-07,['6150811050_1'],['https://observation.org/photos/113330378.jpg']
6150890392,46.202013,2.461374,2025-04-25,['6150890392_1'],['https://observation.org/photos/114952131.jpg']
6150901827,46.095008,3.901988,2025-04-12,['6150901827_1'],['https://observation.org/photos/113678023.jpg']
6150914732,46.205473,2.470499,2025-04-28,['6150914732_1'],['https://observation.org/photos/115453550.jpg']
6151128322,46.610752,-1.854485,2025-04-07,"['6151128322_1', '6151128322_2', '6151128322_3', '6151128322_4']","['https://observation.org/photos/113333621.jpg', 'https://observation.org/photos/113333622.jpg', 'https://observation.org/photos/113333623.jpg', 'https://observation.org/photos/113333624.jpg']"
6151128337,46.204817,2.469434,2025-04-16,['6151128337_1'],['https://observation.org/photos/114097369.jpg']
6151302064,46.205461,2.470577,2025-04-28,['6151302064_1'],['https://observation.org/photos/115452829.jpg']
6151407958,46.204847,2.469442,2025-04-16,"['6151407958_1', '6151407958_2', '6151407958_3', '6151407958_4']","['https://observation.org/photos/114101017.jpg', 'https://observation.org/photos/114101018.jpg', 'https://observation.org/photos/114101020.jpg', 'https://observation.org/photos/114101021.jpg']"
6151483155,45.596051,3.699201,2025-04-30,['6151483155_1'],['https://observation.org/photos/115655642.jpg']
6151558433,46.315617,2.604336,2025-04-29,['6151558433_1'],['https://observation.org/photos/115506461.jpg']
6151629016,47.475758,0.219433,2025-04-13,['6151629016_1'],['https://observation.org/photos/113844319.jpg']
6151739897,46.315559,2.604332,2025-04-29,['6151739897_1'],['https://observation.org/photos/115542184.jpg']
6151843010,46.204866,2.469446,2025-04-22,['6151843010_1'],['https://observation.org/photos/114739043.jpg']
6151843294,46.20206,2.461467,2025-04-25,['6151843294_1'],['https://observation.org/photos/114969512.jpg']
6151845321,46.20203,2.461452,2025-04-28,['6151845321_1'],['https://observation.org/photos/115453315.jpg']
6151948806,46.115581,3.682912,2025-04-25,['6151948806_1'],['https://observation.org/photos/114947639.jpg']
6152169162,46.115581,3.6829,2025-04-25,['6152169162_1'],['https://observation.org/photos/114945166.jpg']
6152343919,46.202078,2.461471,2025-04-28,['6152343919_1'],['https://observation.org/photos/115449845.jpg']
6159227042,42.450545,13.688367,2025-04-19T11:12:06,['6159227042_1'],['https://inaturalist-open-data.s3.amazonaws.com/photos/615995350/original.jpg']
6159641281,43.781363,3.756591,2025-04-12T17:14:50,['6159641281_1'],['https://inaturalist-open-data.s3.amazonaws.com/photos/615995982/original.jpg']
6170922278,47.936615,7.262004,2025-04-12T12:05:42,"['6170922278_1', '6170922278_2', '6170922278_3', '6170922278_4']","['https://inaturalist-open-data.s3.amazonaws.com/photos/618806501/original.jpg', 'https://inaturalist-open-data.s3.amazonaws.com/photos/618921457/original.jpg', 'https://inaturalist-open-data.s3.amazonaws.com/photos/618921461/original.jpg', 'https://inaturalist-open-data.s3.amazonaws.com/photos/618921440/original.jpg']"
6171154603,47.943316,7.260533,2025-04-12T10:49:55,['6171154603_1'],['https://inaturalist-open-data.s3.amazonaws.com/photos/618671655/original.jpg']
6195762969,42.713347,12.817962,2025-04-19T12:18:27,['6195762969_1'],['https://inaturalist-open-data.s3.amazonaws.com/photos/636991033/original.jpg']
6479277196,44.44271,11.379574,2025-04-11T12:35,"['6479277196_1', '6479277196_2', '6479277196_3']","['https://inaturalist-open-data.s3.amazonaws.com/photos/485418285/original.jpeg', 'https://inaturalist-open-data.s3.amazonaws.com/photos/485418278/original.jpeg', 'https://inaturalist-open-data.s3.amazonaws.com/photos/485418294/original.jpeg']"
6479408750,42.849921,-2.78689,2025-04-17T13:03:37,"['6479408750_1', '6479408750_2', '6479408750_3']","['https://inaturalist-open-data.s3.amazonaws.com/photos/713882629/original.jpg', 'https://inaturalist-open-data.s3.amazonaws.com/photos/713886450/original.jpg', 'https://inaturalist-open-data.s3.amazonaws.com/photos/713886537/original.jpg']"
5153079424,44.382128,6.428223,2025-05-02T11:08:50,"['5153079424_1', '5153079424_2']","['https://inaturalist-open-data.s3.amazonaws.com/photos/498875551/original.jpeg', 'https://inaturalist-open-data.s3.amazonaws.com/photos/498875606/original.jpeg']"
5153140624,43.150054,10.778747,2025-05-08T12:19:01,"['5153140624_1', '5153140624_2', '5153140624_3', '5153140624_4', '5153140624_5', '5153140624_6']","['https://inaturalist-open-data.s3.amazonaws.com/photos/502905915/original.jpeg', 'https://inaturalist-open-data.s3.amazonaws.com/photos/502906055/original.jpeg', 'https://inaturalist-open-data.s3.amazonaws.com/photos/502906163/original.jpeg', 'https://inaturalist-open-data.s3.amazonaws.com/photos/502906274/original.jpeg', 'https://inaturalist-open-data.s3.amazonaws.com/photos/502906373/original.jpeg', 'https://inaturalist-open-data.s3.amazonaws.com/photos/502906485/original.jpeg']"
5153194681,48.911097,6.027144,2025-05-01T13:57:07,"['5153194681_1', '5153194681_2']","['https://inaturalist-open-data.s3.amazonaws.com/photos/498113233/original.jpg', 'https://inaturalist-open-data.s3.amazonaws.com/photos/498113408/original.jpg']"
5153211488,47.598832,-1.060666,2025-05-01T12:50,['5153211488_1'],['https://inaturalist-open-data.s3.amazonaws.com/photos/498170851/original.jpg']
5153276050,44.619842,6.070655,2025-05-02T16:21:19,['5153276050_1'],['https://inaturalist-open-data.s3.amazonaws.com/photos/498740485/original.jpg']
5153356566,48.001183,2.745945,2025-05-04T19:17:48,"['5153356566_1', '5153356566_2']","['https://inaturalist-open-data.s3.amazonaws.com/photos/500001003/original.jpg', 'https://inaturalist-open-data.s3.amazonaws.com/photos/500000945/original.jpg']"
5153467410,42.783794,-0.531278,2025-05-01T15:48,['5153467410_1'],['https://inaturalist-open-data.s3.amazonaws.com/photos/500972323/original.jpg']
5153665749,48.865193,6.068372,2025-05-01T14:19:26,['5153665749_1'],['https://inaturalist-open-data.s3.amazonaws.com/photos/498113472/original.jpg']
5153665778,46.044034,8.571334,2025-05-01T10:43:37,['5153665778_1'],['https://inaturalist-open-data.s3.amazonaws.com/photos/498147665/original.jpeg']
5153696539,42.833755,-0.574859,2025-05-09,['5153696539_1'],['https://inaturalist-open-data.s3.amazonaws.com/photos/504025673/original.jpeg']
5153741303,47.986647,0.258557,2025-05-08T17:43:27,['5153741303_1'],['https://inaturalist-open-data.s3.amazonaws.com/photos/502155957/original.jpg']
5153789932,43.021893,12.061892,2025-05-06T11:34:59,"['5153789932_1', '5153789932_2', '5153789932_3']","['https://inaturalist-open-data.s3.amazonaws.com/photos/500874222/original.jpg', 'https://inaturalist-open-data.s3.amazonaws.com/photos/500874467/original.jpg', 'https://inaturalist-open-data.s3.amazonaws.com/photos/500874348/original.jpg']"
5153822124,43.12186,12.665385,2025-05-10T12:14:33,['5153822124_1'],['https://inaturalist-open-data.s3.amazonaws.com/photos/502671150/original.jpg']
5153903252,47.584153,-1.147264,2025-05-01T13:12:21,['5153903252_1'],['https://inaturalist-open-data.s3.amazonaws.com/photos/498557845/original.jpg']
5153939176,45.932882,9.338082,2025-05-02T15:31,['5153939176_1'],['https://inaturalist-open-data.s3.amazonaws.com/photos/499298524/original.jpg']
5153950996,46.325692,11.592187,2025-05-03T18:32:23,"['5153950996_1', '5153950996_2', '5153950996_3', '5153950996_4']","['https://inaturalist-open-data.s3.amazonaws.com/photos/499382607/original.jpg', 'https://inaturalist-open-data.s3.amazonaws.com/photos/499382691/original.jpg', 'https://inaturalist-open-data.s3.amazonaws.com/photos/499382786/original.jpg', 'https://inaturalist-open-data.s3.amazonaws.com/photos/499382871/original.jpg']"
5153974250,46.153328,5.452729,2025-05-09T15:59:39,['5153974250_1'],['https://inaturalist-open-data.s3.amazonaws.com/photos/502627174/original.jpeg']
5153974251,46.16554,5.420891,2025-05-09T12:35:08,['5153974251_1'],['https://inaturalist-open-data.s3.amazonaws.com/photos/502627311/original.jpeg']
5154067074,42.683904,10.032103,2025-05-09T15:07,"['5154067074_1', '5154067074_2', '5154067074_3', '5154067074_4']","['https://inaturalist-open-data.s3.amazonaws.com/photos/502353090/original.jpeg', 'https://inaturalist-open-data.s3.amazonaws.com/photos/502353066/original.jpeg', 'https://inaturalist-open-data.s3.amazonaws.com/photos/502353204/original.jpeg', 'https://inaturalist-open-data.s3.amazonaws.com/photos/502353191/original.jpeg']"
5154094034,46.687368,5.487493,2025-05-08T09:48:20,['5154094034_1'],['https://inaturalist-open-data.s3.amazonaws.com/photos/502187818/original.jpeg']
5154115118,42.8576,-0.46104,2025-05-03T08:21,['5154115118_1'],['https://inaturalist-open-data.s3.amazonaws.com/photos/499721798/original.jpg']
5154127149,46.183351,11.269954,2025-05-11T11:45:08,"['5154127149_1', '5154127149_2']","['https://inaturalist-open-data.s3.amazonaws.com/photos/503196238/original.jpeg', 'https://inaturalist-open-data.s3.amazonaws.com/photos/503735186/original.jpeg']"
5154152739,48.932434,6.112676,2025-05-01T13:38:29,"['5154152739_1', '5154152739_2']","['https://inaturalist-open-data.s3.amazonaws.com/photos/498112518/original.jpg', 'https://inaturalist-open-data.s3.amazonaws.com/photos/498112589/original.jpg']"
5154214395,43.901277,11.917733,2025-05-03T09:41:57,['5154214395_1'],['https://inaturalist-open-data.s3.amazonaws.com/photos/499820168/original.jpg']
5154255345,42.783794,-0.531278,2025-05-01T17:10,"['5154255345_1', '5154255345_2']","['https://inaturalist-open-data.s3.amazonaws.com/photos/500972660/original.jpg', 'https://inaturalist-open-data.s3.amazonaws.com/photos/500972659/original.jpg']"
5154273405,43.901255,11.917643,2025-05-03T09:34:49,"['5154273405_1', '5154273405_2', '5154273405_3']","['https://inaturalist-open-data.s3.amazonaws.com/photos/500587062/original.jpeg', 'https://inaturalist-open-data.s3.amazonaws.com/photos/500589825/original.jpeg', 'https://inaturalist-open-data.s3.amazonaws.com/photos/500589932/original.jpeg']"
5154340509,46.343126,6.076495,2025-05-11T03:31,"['5154340509_1', '5154340509_2']","['https://inaturalist-open-data.s3.amazonaws.com/photos/503368400/original.jpg', 'https://inaturalist-open-data.s3.amazonaws.com/photos/503368631/original.jpg']"
5154369379,42.745841,-2.543044,2025-05-11T12:07:12,"['5154369379_1', '5154369379_2']","['https://inaturalist-open-data.s3.amazonaws.com/photos/503460321/original.jpeg', 'https://inaturalist-open-data.s3.amazonaws.com/photos/503788213/original.jpeg']"
5154475457,44.072859,10.198637,2025-05-01T11:12:05,['5154475457_1'],['https://inaturalist-open-data.s3.amazonaws.com/photos/498934909/original.jpeg']
5154495587,48.906522,6.188248,2025-05-01T14:56:59,['5154495587_1'],['https://inaturalist-open-data.s3.amazonaws.com/photos/498114572/original.jpg']
5154512863,42.638706,1.84541,2025-05-01T14:57:21,"['5154512863_1', '5154512863_2']","['https://inaturalist-open-data.s3.amazonaws.com/photos/498262358/original.jpg', 'https://inaturalist-open-data.s3.amazonaws.com/photos/498262408/original.jpg']"
5154517176,45.509842,11.19737,2025-05-13T16:13:48,"['5154517176_1', '5154517176_2']","['https://inaturalist-open-data.s3.amazonaws.com/photos/504331361/original.jpeg', 'https://inaturalist-open-data.s3.amazonaws.com/photos/504465022/original.jpeg']"
5154521163,43.087398,10.607206,2025-05-11T15:16:18,"['5154521163_1', '5154521163_2', '5154521163_3']","['https://inaturalist-open-data.s3.amazonaws.com/photos/503273199/original.jpeg', 'https://inaturalist-open-data.s3.amazonaws.com/photos/503298089/original.jpeg', 'https://inaturalist-open-data.s3.amazonaws.com/photos/503300343/original.jpeg']"
5154545128,43.086618,10.608903,2025-05-12T12:41:33,"['5154545128_1', '5154545128_2', '5154545128_3', '5154545128_4']","['https://inaturalist-open-data.s3.amazonaws.com/photos/503830435/original.jpeg', 'https://inaturalist-open-data.s3.amazonaws.com/photos/503830497/original.jpeg', 'https://inaturalist-open-data.s3.amazonaws.com/photos/503830555/original.jpeg', 'https://inaturalist-open-data.s3.amazonaws.com/photos/503830610/original.jpeg']"
5154587789,42.878413,-0.403265,2025-05-09T11:08:57,['5154587789_1'],['https://inaturalist-open-data.s3.amazonaws.com/photos/504021249/original.jpeg']
5154727661,42.934059,-0.422797,2025-05-09T11:41:56,['5154727661_1'],['https://inaturalist-open-data.s3.amazonaws.com/photos/504024765/original.jpeg']
5154814831,47.850526,2.169751,2025-05-08T17:52:31,['5154814831_1'],['https://inaturalist-open-data.s3.amazonaws.com/photos/502191541/original.jpeg']
5154859419,45.406144,3.127421,2025-05-05T13:08:34,"['5154859419_1', '5154859419_2']","['https://inaturalist-open-data.s3.amazonaws.com/photos/500447118/original.jpeg', 'https://inaturalist-open-data.s3.amazonaws.com/photos/500447173/original.jpeg']"
5154939032,42.618401,-0.516674,2025-05-01T18:16,['5154939032_1'],['https://inaturalist-open-data.s3.amazonaws.com/photos/500525416/original.jpeg']
5157936696,42.9,-1.7,2025-05-13,"['5157936696_1', '5157936696_2']","['https://observation.org/photos/117536834.jpg', 'https://observation.org/photos/117536835.jpg']"
5158127359,49.021527,6.02094,2025-05-11,['5158127359_1'],['https://observation.org/photos/117128669.jpg']
5158614423,42.6,-2.45,2025-05-01,['5158614423_1'],['https://observation.org/photos/115868177.jpg']
5164537508,42.75,-1.65,2025-05-20,"['5164537508_1', '5164537508_2']","['https://observation.org/photos/118384479.jpg', 'https://observation.org/photos/118384480.jpg']"
5166863869,46.49584,1.228584,2025-05-24T16:08:08,['5166863869_1'],['https://inaturalist-open-data.s3.amazonaws.com/photos/509659471/original.jpg']
5166864617,46.166074,10.672524,2025-05-15T11:15,"['5166864617_1', '5166864617_2']","['https://inaturalist-open-data.s3.amazonaws.com/photos/505221943/original.jpg', 'https://inaturalist-open-data.s3.amazonaws.com/photos/505222178/original.jpg']"
5166965194,41.548173,14.303704,2025-05-17T14:50,['5166965194_1'],['https://inaturalist-open-data.s3.amazonaws.com/photos/506378219/original.jpg']
5167031217,44.801172,9.312822,2025-05-16T13:00:17,['5167031217_1'],['https://inaturalist-open-data.s3.amazonaws.com/photos/507453835/original.jpg']
5167053711,47.881862,0.252008,2025-05-24T12:21,"['5167053711_1', '5167053711_2', '5167053711_3', '5167053711_4']","['https://inaturalist-open-data.s3.amazonaws.com/photos/509683153/original.jpg', 'https://inaturalist-open-data.s3.amazonaws.com/photos/509683144/original.jpg', 'https://inaturalist-open-data.s3.amazonaws.com/photos/509683126/original.jpg', 'https://inaturalist-open-data.s3.amazonaws.com/photos/509683127/original.jpg']"
5167074900,40.821418,14.407101,2025-05-24T11:13:52,['5167074900_1'],['https://inaturalist-open-data.s3.amazonaws.com/photos/509686679/original.jpg']
5167140224,47.87087,0.361626,2025-05-24T12:18,"['5167140224_1', '5167140224_2']","['https://inaturalist-open-data.s3.amazonaws.com/photos/509688747/original.jpg', 'https://inaturalist-open-data.s3.amazonaws.com/photos/509688743/original.jpg']"
5167184241,43.281339,11.178782,2025-05-20T14:05:36,['5167184241_1'],['https://inaturalist-open-data.s3.amazonaws.com/photos/507964064/original.jpg']
5167255730,47.937282,7.263408,2025-05-03T12:05,['5167255730_1'],['https://inaturalist-open-data.s3.amazonaws.com/photos/505188321/original.jpg']
5167304497,47.530101,-0.528139,2025-05-15T16:42,['5167304497_1'],['https://inaturalist-open-data.s3.amazonaws.com/photos/505237752/original.jpg']
5167347053,43.331792,11.220779,2025-05-24T10:35:33,"['5167347053_1', '5167347053_2']","['https://inaturalist-open-data.s3.amazonaws.com/photos/510221907/original.jpg', 'https://inaturalist-open-data.s3.amazonaws.com/photos/510221980/original.jpg']"
5167369233,48.323096,2.681773,2025-05-25T16:20,"['5167369233_1', '5167369233_2', '5167369233_3']","['https://inaturalist-open-data.s3.amazonaws.com/photos/510528186/original.jpg', 'https://inaturalist-open-data.s3.amazonaws.com/photos/510528174/original.jpg', 'https://inaturalist-open-data.s3.amazonaws.com/photos/510528206/original.jpg']"
5167412864,42.326405,1.920995,2025-05-24T13:18:25,['5167412864_1'],['https://inaturalist-open-data.s3.amazonaws.com/photos/509616896/original.jpg']
5167474500,45.76017,7.095314,2025-05-18T17:04:35,['5167474500_1'],['https://inaturalist-open-data.s3.amazonaws.com/photos/506957815/original.jpg']
5167524728,45.601594,10.908576,2025-05-17T17:02:12,['5167524728_1'],['https://inaturalist-open-data.s3.amazonaws.com/photos/506207328/original.jpg']
5167541995,40.619156,16.120583,2025-05-27T09:33:46,"['5167541995_1', '5167541995_2', '5167541995_3']","['https://inaturalist-open-data.s3.amazonaws.com/photos/511313433/original.jpg', 'https://inaturalist-open-data.s3.amazonaws.com/photos/511313471/original.jpg', 'https://inaturalist-open-data.s3.amazonaws.com/photos/511313506/original.jpg']"
5167705131,44.875334,-0.410514,2025-05-23T14:53:44,['5167705131_1'],['https://inaturalist-open-data.s3.amazonaws.com/photos/510830916/original.jpg']
5167851906,47.814433,0.307863,2025-05-24T13:16,['5167851906_1'],['https://inaturalist-open-data.s3.amazonaws.com/photos/509683739/original.jpg']
5167882326,45.653969,10.909697,2025-05-17T11:10:26,['5167882326_1'],['https://inaturalist-open-data.s3.amazonaws.com/photos/506075702/original.jpg']
5168078775,42.788797,-1.632888,2025-05-20T14:13,"['5168078775_1', '5168078775_2']","['https://inaturalist-open-data.s3.amazonaws.com/photos/507840464/original.jpg', 'https://inaturalist-open-data.s3.amazonaws.com/photos/507840497/original.jpg']"
5168085905,44.375956,6.914167,2025-05-20T16:53:59,"['5168085905_1', '5168085905_2', '5168085905_3', '5168085905_4']","['https://inaturalist-open-data.s3.amazonaws.com/photos/507982537/original.jpg', 'https://inaturalist-open-data.s3.amazonaws.com/photos/507982594/original.jpg', 'https://inaturalist-open-data.s3.amazonaws.com/photos/507982640/original.jpg', 'https://inaturalist-open-data.s3.amazonaws.com/photos/507982679/original.jpg']"
5168122774,43.666179,5.560353,2025-05-17T20:29:49,['5168122774_1'],['https://inaturalist-open-data.s3.amazonaws.com/photos/506322165/original.jpg']
5168166833,45.394634,7.581688,2025-05-17T14:35:59,"['5168166833_1', '5168166833_2', '5168166833_3', '5168166833_4']","['https://inaturalist-open-data.s3.amazonaws.com/photos/506316657/original.jpg', 'https://inaturalist-open-data.s3.amazonaws.com/photos/506316730/original.jpg', 'https://inaturalist-open-data.s3.amazonaws.com/photos/506316805/original.jpg', 'https://inaturalist-open-data.s3.amazonaws.com/photos/506347400/original.jpg']"
5168198929,48.125371,-0.532726,2025-05-24T12:15:39,['5168198929_1'],['https://inaturalist-open-data.s3.amazonaws.com/photos/509822933/original.jpg']
5168223250,44.370645,7.220938,2025-05-24T12:56:19,['5168223250_1'],['https://inaturalist-open-data.s3.amazonaws.com/photos/509695265/original.jpg']
5168248056,45.458262,7.179553,2025-05-15T12:06:13,['5168248056_1'],['https://inaturalist-open-data.s3.amazonaws.com/photos/505588935/original.jpg']
5168257446,47.943542,7.259294,2025-05-15T17:03,['5168257446_1'],['https://inaturalist-open-data.s3.amazonaws.com/photos/508389464/original.jpg']
5168272762,42.729056,2.133743,2025-05-18T15:23:51,['5168272762_1'],['https://inaturalist-open-data.s3.amazonaws.com/photos/508340866/original.jpg']
5168275325,48.39631,2.573821,2025-05-22T09:55,['5168275325_1'],['https://inaturalist-open-data.s3.amazonaws.com/photos/508777553/original.jpg']
5168327694,42.119358,12.116614,2025-05-24T13:27:31,['5168327694_1'],['https://inaturalist-open-data.s3.amazonaws.com/photos/509725436/original.jpg']
5168434997,46.587863,4.066853,2025-05-27T16:08:05,"['5168434997_1', '5168434997_2']","['https://inaturalist-open-data.s3.amazonaws.com/photos/511506227/original.jpg', 'https://inaturalist-open-data.s3.amazonaws.com/photos/511506449/original.jpg']"
5168489565,42.117578,12.44363,2025-05-01T13:36:04,['5168489565_1'],['https://inaturalist-open-data.s3.amazonaws.com/photos/509629308/original.jpg']
5168512535,45.740569,7.537885,2025-05-21T11:56:36,"['5168512535_1', '5168512535_2', '5168512535_3', '5168512535_4']","['https://inaturalist-open-data.s3.amazonaws.com/photos/508280680/original.jpg', 'https://inaturalist-open-data.s3.amazonaws.com/photos/508280734/original.jpg', 'https://inaturalist-open-data.s3.amazonaws.com/photos/508280784/original.jpg', 'https://inaturalist-open-data.s3.amazonaws.com/photos/508280832/original.jpg']"
5176424193,47.944468,7.259725,2025-05-30T09:56:23,['5176424193_1'],['https://inaturalist-open-data.s3.amazonaws.com/photos/512849241/original.jpg']
5176431074,46.026905,8.358947,2025-05-30T12:22:50,['5176431074_1'],['https://inaturalist-open-data.s3.amazonaws.com/photos/512853660/original.jpg']
5176457459,44.089372,7.639683,2025-05-30T14:34:16,['5176457459_1'],['https://inaturalist-open-data.s3.amazonaws.com/photos/512958516/original.jpg']
5176512529,45.65756,3.88921,2025-05-31T15:39,"['5176512529_1', '5176512529_2', '5176512529_3']","['https://inaturalist-open-data.s3.amazonaws.com/photos/515273405/original.jpg', 'https://inaturalist-open-data.s3.amazonaws.com/photos/515273433/original.jpg', 'https://inaturalist-open-data.s3.amazonaws.com/photos/515273401/original.jpg']"
5176528521,46.77275,7.510323,2025-05-31T11:12:44,"['5176528521_1', '5176528521_2', '5176528521_3', '5176528521_4', '5176528521_5']","['https://inaturalist-open-data.s3.amazonaws.com/photos/513914261/original.jpg', 'https://inaturalist-open-data.s3.amazonaws.com/photos/513914288/original.jpg', 'https://inaturalist-open-data.s3.amazonaws.com/photos/513914317/original.jpg', 'https://inaturalist-open-data.s3.amazonaws.com/photos/513914358/original.jpg', 'https://inaturalist-open-data.s3.amazonaws.com/photos/513914386/original.jpg']"
5176559380,45.017897,6.777874,2025-05-29T13:35:48,['5176559380_1'],['https://inaturalist-open-data.s3.amazonaws.com/photos/512319400/original.jpg']
5176610491,43.852564,3.27965,2025-05-31T11:20,"['5176610491_1', '5176610491_2', '5176610491_3']","['https://inaturalist-open-data.s3.amazonaws.com/photos/513877069/original.jpg', 'https://inaturalist-open-data.s3.amazonaws.com/photos/513877092/original.jpg', 'https://inaturalist-open-data.s3.amazonaws.com/photos/513877103/original.jpg']"
5176706025,46.143231,11.043351,2025-05-31T10:30:32,['5176706025_1'],['https://inaturalist-open-data.s3.amazonaws.com/photos/513489029/original.jpg']
5176724267,45.827029,10.998581,2025-05-30T16:16,['5176724267_1'],['https://inaturalist-open-data.s3.amazonaws.com/photos/512879107/original.jpg']
5176781856,45.616294,4.000848,2025-05-31T12:39,"['5176781856_1', '5176781856_2', '5176781856_3']","['https://inaturalist-open-data.s3.amazonaws.com/photos/515103668/original.jpg', 'https://inaturalist-open-data.s3.amazonaws.com/photos/515103672/original.jpg', 'https://inaturalist-open-data.s3.amazonaws.com/photos/515103674/original.jpg']"
5176795747,48.710876,5.715034,2025-05-23T14:37,"['5176795747_1', '5176795747_2']","['https://inaturalist-open-data.s3.amazonaws.com/photos/512056052/original.jpg', 'https://inaturalist-open-data.s3.amazonaws.com/photos/512056478/original.jpg']"
5176829268,46.043735,7.146234,2025-05-30T15:41:15,['5176829268_1'],['https://inaturalist-open-data.s3.amazonaws.com/photos/512869899/original.jpg']
5176853380,44.629139,8.781364,2025-05-27T14:59:57,['5176853380_1'],['https://inaturalist-open-data.s3.amazonaws.com/photos/513285112/original.jpg']
5176880656,43.129998,13.072956,2025-05-30T19:02:01,['5176880656_1'],['https://inaturalist-open-data.s3.amazonaws.com/photos/512980987/original.jpg']
5176985756,46.097946,6.849235,2025-05-30T00:08,"['5176985756_1', '5176985756_2', '5176985756_3']","['https://inaturalist-open-data.s3.amazonaws.com/photos/513671602/original.jpg', 'https://inaturalist-open-data.s3.amazonaws.com/photos/513671664/original.jpg', 'https://inaturalist-open-data.s3.amazonaws.com/photos/513671784/original.jpg']"
5177106654,46.204247,2.465895,2025-05-30T10:03:01,['5177106654_1'],['https://inaturalist-open-data.s3.amazonaws.com/photos/512798744/original.jpg']
5177135464,42.097645,13.568259,2025-05-31T21:51:42,"['5177135464_1', '5177135464_2', '5177135464_3']","['https://inaturalist-open-data.s3.amazonaws.com/photos/514846331/original.jpg', 'https://inaturalist-open-data.s3.amazonaws.com/photos/514846379/original.jpg', 'https://inaturalist-open-data.s3.amazonaws.com/photos/514846421/original.jpg']"
5177177616,45.308699,4.613205,2025-05-15T16:35,['5177177616_1'],['https://inaturalist-open-data.s3.amazonaws.com/photos/512059234/original.jpg']
5177196135,42.454372,1.720086,2025-05-31T10:45:44,"['5177196135_1', '5177196135_2', '5177196135_3']","['https://inaturalist-open-data.s3.amazonaws.com/photos/513539921/original.jpg', 'https://inaturalist-open-data.s3.amazonaws.com/photos/513539936/original.jpg', 'https://inaturalist-open-data.s3.amazonaws.com/photos/513539919/original.jpg']"
5177240930,42.378578,13.706502,2025-05-30T09:46:10,['5177240930_1'],['https://inaturalist-open-data.s3.amazonaws.com/photos/512891939/original.jpg']
5177245467,46.384587,8.239397,2025-05-31T15:23,['5177245467_1'],['https://inaturalist-open-data.s3.amazonaws.com/photos/515812817/original.jpg']
5177247464,41.707972,15.953305,2025-05-28T10:19:30,['5177247464_1'],['https://inaturalist-open-data.s3.amazonaws.com/photos/512894480/original.jpg']
5177348357,46.142708,11.037389,2025-05-31T10:03:21,['5177348357_1'],['https://inaturalist-open-data.s3.amazonaws.com/photos/513486336/original.jpg']
5187723941,44.956926,6.955214,2025-05-30T15:05,['5187723941_1'],['https://inaturalist-open-data.s3.amazonaws.com/photos/515528947/original.jpg']
5187964481,44.952918,-0.740059,2025-05-23T11:31:26,"['5187964481_1', '5187964481_2', '5187964481_3']","['https://inaturalist-open-data.s3.amazonaws.com/photos/518427871/original.jpg', 'https://inaturalist-open-data.s3.amazonaws.com/photos/518427938/original.jpg', 'https://inaturalist-open-data.s3.amazonaws.com/photos/518428024/original.jpg']"
5188128469,45.028983,7.112521,2025-05-18T13:42,"['5188128469_1', '5188128469_2']","['https://inaturalist-open-data.s3.amazonaws.com/photos/518765157/original.jpg', 'https://inaturalist-open-data.s3.amazonaws.com/photos/518765152/original.jpg']"
5188155253,42.345026,2.160945,2025-05-01T10:31,['5188155253_1'],['https://inaturalist-open-data.s3.amazonaws.com/photos/516682666/original.jpg']
5188242661,47.13107,-1.479293,2025-05-26T07:02:52,"['5188242661_1', '5188242661_2', '5188242661_3']","['https://inaturalist-open-data.s3.amazonaws.com/photos/518614355/original.jpg', 'https://inaturalist-open-data.s3.amazonaws.com/photos/518614269/original.jpg', 'https://inaturalist-open-data.s3.amazonaws.com/photos/518614313/original.jpg']"
5188400331,46.130679,8.676012,2025-05-08T13:41,"['5188400331_1', '5188400331_2']","['https://inaturalist-open-data.s3.amazonaws.com/photos/517082000/original.jpg', 'https://inaturalist-open-data.s3.amazonaws.com/photos/517082127/original.jpg']"
5188434161,47.936697,7.261702,2025-05-17T09:16,['5188434161_1'],['https://inaturalist-open-data.s3.amazonaws.com/photos/518214688/original.jpg']
5198317008,45.585913,5.797192,2025-05-27T17:47:05,['5198317008_1'],['https://inaturalist-open-data.s3.amazonaws.com/photos/520130427/original.jpg']
5216698855,44.803923,2.609558,2025-05-15T07:51,"['5216698855_1', '5216698855_2']","['https://inaturalist-open-data.s3.amazonaws.com/photos/528888685/original.jpg', 'https://inaturalist-open-data.s3.amazonaws.com/photos/528888688/original.jpg']"
5217032811,44.032112,5.297387,2025-05-30T21:45:41,['5217032811_1'],['https://inaturalist-open-data.s3.amazonaws.com/photos/528714814/original.jpg']
5218988370,42.35,-2.65,2025-05-01,['5218988370_1'],['https://observation.org/photos/126348501.jpg']
5231313723,44.11418,10.461166,2025-05-30T18:05,"['5231313723_1', '5231313723_2']","['https://inaturalist-open-data.s3.amazonaws.com/photos/535823842/original.jpg', 'https://inaturalist-open-data.s3.amazonaws.com/photos/535823892/original.jpg']"
5231873339,41.847237,13.342347,2025-05-31T17:17:55,"['5231873339_1', '5231873339_2', '5231873339_3']","['https://inaturalist-open-data.s3.amazonaws.com/photos/534602664/original.jpg', 'https://inaturalist-open-data.s3.amazonaws.com/photos/534602776/original.jpg', 'https://inaturalist-open-data.s3.amazonaws.com/photos/534602871/original.jpg']"
5281880607,46.154664,10.20867,2025-05-04T11:00:14,['5281880607_1'],['https://inaturalist-open-data.s3.amazonaws.com/photos/546775912/original.jpg']
5282417103,46.331987,8.288297,2025-05-31T19:20:20,['5282417103_1'],['https://inaturalist-open-data.s3.amazonaws.com/photos/546776587/original.jpg']
5283382438,48.544189,5.708919,2025-05-13,['5283382438_1'],['https://observation.org/photos/117405864.jpg']
5291766381,48.336987,2.776485,2025-05-25T15:06,"['5291766381_1', '5291766381_2']","['https://inaturalist-open-data.s3.amazonaws.com/photos/550266350/original.jpg', 'https://inaturalist-open-data.s3.amazonaws.com/photos/550266356/original.jpg']"
5291949515,48.224668,2.456279,2025-05-04T14:02,['5291949515_1'],['https://inaturalist-open-data.s3.amazonaws.com/photos/551735358/original.jpg']
5292240362,48.308076,2.490491,2025-05-04T14:09,['5292240362_1'],['https://inaturalist-open-data.s3.amazonaws.com/photos/551735376/original.jpg']
5292353131,48.399408,2.549747,2025-05-04T14:24,['5292353131_1'],['https://inaturalist-open-data.s3.amazonaws.com/photos/551735419/original.jpg']
5292358952,48.236089,2.596183,2025-05-04T15:55,['5292358952_1'],['https://inaturalist-open-data.s3.amazonaws.com/photos/551735328/original.jpg']
5292381233,48.32903,2.552049,2025-05-04T14:02,['5292381233_1'],['https://inaturalist-open-data.s3.amazonaws.com/photos/551735420/original.jpg']
5292449711,48.283649,2.55795,2025-05-04T14:24,['5292449711_1'],['https://inaturalist-open-data.s3.amazonaws.com/photos/551735373/original.jpg']
5292612982,48.328308,2.52858,2025-05-04T14:38,['5292612982_1'],['https://inaturalist-open-data.s3.amazonaws.com/photos/551735342/original.jpg']
5292644449,48.236949,2.587128,2025-05-02T10:41,['5292644449_1'],['https://inaturalist-open-data.s3.amazonaws.com/photos/551729563/original.jpg']
5292738328,48.23741,2.547889,2025-05-04T14:09,['5292738328_1'],['https://inaturalist-open-data.s3.amazonaws.com/photos/551735401/original.jpg']
5292798635,48.244844,2.539615,2025-05-02T10:41,['5292798635_1'],['https://inaturalist-open-data.s3.amazonaws.com/photos/551729523/original.jpg']
5292838056,48.350651,2.458267,2025-05-02T10:42,['5292838056_1'],['https://inaturalist-open-data.s3.amazonaws.com/photos/551729588/original.jpg']
5292870842,48.327908,2.488051,2025-05-04T14:09,['5292870842_1'],['https://inaturalist-open-data.s3.amazonaws.com/photos/551735345/original.jpg']
5293013738,48.286575,2.440024,2025-05-04T14:03,['5293013738_1'],['https://inaturalist-open-data.s3.amazonaws.com/photos/551735343/original.jpg']
5293251734,48.331905,2.585364,2025-05-02T10:42,['5293251734_1'],['https://inaturalist-open-data.s3.amazonaws.com/photos/551729583/original.jpg']
5293323590,48.343554,2.529314,2025-05-04T11:54,['5293323590_1'],['https://inaturalist-open-data.s3.amazonaws.com/photos/551735425/original.jpg']
5760764110,45.062241,3.844085,2025-05-20T12:58:49,['5760764110_1'],['https://inaturalist-open-data.s3.amazonaws.com/photos/556953230/original.jpg']
5827816153,44.191317,5.582204,2025-05-14T11:16:11,['5827816153_1'],['https://inaturalist-open-data.s3.amazonaws.com/photos/566783971/original.jpg']
5828464608,42.038792,12.733043,2025-05-14,"['5828464608_1', '5828464608_2', '5828464608_3', '5828464608_4']","['https://inaturalist-open-data.s3.amazonaws.com/photos/565353857/original.jpg', 'https://inaturalist-open-data.s3.amazonaws.com/photos/565353895/original.jpg', 'https://inaturalist-open-data.s3.amazonaws.com/photos/565353945/original.jpg', 'https://inaturalist-open-data.s3.amazonaws.com/photos/565353978/original.jpg']"
6150546880,45.417972,1.17744,2025-05-03,['6150546880_1'],['https://observation.org/photos/116095963.jpg']
6150678831,45.418335,1.177543,2025-05-03,"['6150678831_1', '6150678831_2', '6150678831_3']","['https://observation.org/photos/116086700.jpg', 'https://observation.org/photos/116096113.jpg', 'https://observation.org/photos/116108792.jpg']"
6150814082,47.188822,1.98101,2025-05-13,['6150814082_1'],['https://observation.org/photos/117594141.jpg']
6150902959,46.413853,5.871436,2025-05-01,['6150902959_1'],['https://observation.org/photos/115795061.jpg']
6150935910,46.117723,2.598127,2025-05-17,['6150935910_1'],['https://observation.org/photos/117811067.jpg']
6151488795,44.0608,7.086086,2025-05-11,['6151488795_1'],['https://observation.org/photos/126308261.jpg']
6151574441,40.680645,14.686813,2025-05-17,['6151574441_1'],['https://observation.org/photos/117850270.jpg']
6151632786,48.648621,5.824464,2025-05-12,['6151632786_1'],['https://observation.org/photos/117236726.jpg']
6152460498,48.645061,5.823003,2025-05-12,['6152460498_1'],['https://observation.org/photos/117236723.jpg']
6159431953,42.713256,13.567945,2025-05-25T11:14:27,['6159431953_1'],['https://inaturalist-open-data.s3.amazonaws.com/photos/615994756/original.jpg']
6169682436,47.237374,0.698138,2025-05-15,"['6169682436_1', '6169682436_2']","['https://observation.org/photos/117621244.jpg', 'https://observation.org/photos/117621245.jpg']"
6178309986,44.341227,12.297791,2025-05-31,['6178309986_1'],['https://inaturalist-open-data.s3.amazonaws.com/photos/621427617/original.jpg']
6185357860,45.393997,5.904021,2025-05-30T16:08:17,"['6185357860_1', '6185357860_2']","['https://inaturalist-open-data.s3.amazonaws.com/photos/630563120/original.jpg', 'https://inaturalist-open-data.s3.amazonaws.com/photos/630563157/original.jpg']"
6185815660,45.019911,1.402996,2025-05-15T14:04,"['6185815660_1', '6185815660_2', '6185815660_3', '6185815660_4']","['https://inaturalist-open-data.s3.amazonaws.com/photos/628090013/original.jpg', 'https://inaturalist-open-data.s3.amazonaws.com/photos/628090056/original.jpg', 'https://inaturalist-open-data.s3.amazonaws.com/photos/628090059/original.jpg', 'https://inaturalist-open-data.s3.amazonaws.com/photos/628090067/original.jpg']"
6195782708,47.279989,-1.521248,2025-05-15T15:16,['6195782708_1'],['https://inaturalist-open-data.s3.amazonaws.com/photos/505645663/original.jpg']
6479524318,48.397006,2.374594,2025-05-31T21:14:45,['6479524318_1'],['https://inaturalist-open-data.s3.amazonaws.com/photos/514148918/original.jpg']
6479743761,44.063803,5.454399,2025-05-14T11:15,['6479743761_1'],['https://inaturalist-open-data.s3.amazonaws.com/photos/710904287/original.jpg']
6479813910,44.060931,5.528652,2025-05-14T10:24,['6479813910_1'],['https://inaturalist-open-data.s3.amazonaws.com/photos/710904349/original.jpg']
6481107839,48.394628,2.291528,2025-05-31T21:33,"['6481107839_1', '6481107839_2', '6481107839_3', '6481107839_4', '6481107839_5', '6481107839_6', '6481107839_7', '6481107839_8', '6481107839_9']","['https://inaturalist-open-data.s3.amazonaws.com/photos/513887258/original.jpg', 'https://inaturalist-open-data.s3.amazonaws.com/photos/513887241/original.jpg', 'https://inaturalist-open-data.s3.amazonaws.com/photos/513887262/original.jpg', 'https://inaturalist-open-data.s3.amazonaws.com/photos/513887260/original.jpg', 'https://inaturalist-open-data.s3.amazonaws.com/photos/513887238/original.jpg', 'https://inaturalist-open-data.s3.amazonaws.com/photos/513887234/original.jpg', 'https://inaturalist-open-data.s3.amazonaws.com/photos/513887216/original.jpg', 'https://inaturalist-open-data.s3.amazonaws.com/photos/513887219/original.jpg', 'https://inaturalist-open-data.s3.amazonaws.com/photos/513887218/original.jpg']"
5176377286,45.193336,6.498558,2025-06-01T08:09,"['5176377286_1', '5176377286_2', '5176377286_3']","['https://inaturalist-open-data.s3.amazonaws.com/photos/513924646/original.jpg', 'https://inaturalist-open-data.s3.amazonaws.com/photos/513924802/original.jpg', 'https://inaturalist-open-data.s3.amazonaws.com/photos/513925574/original.jpg']"
5176405250,45.154726,6.460874,2025-06-01T08:55,"['5176405250_1', '5176405250_2']","['https://inaturalist-open-data.s3.amazonaws.com/photos/513926314/original.jpg', 'https://inaturalist-open-data.s3.amazonaws.com/photos/513924323/original.jpg']"
5176476511,46.077005,10.770529,2025-06-01T20:12:27,['5176476511_1'],['https://inaturalist-open-data.s3.amazonaws.com/photos/514537720/original.jpg']
5176575486,45.451153,7.261111,2025-06-01T13:21:23,['5176575486_1'],['https://inaturalist-open-data.s3.amazonaws.com/photos/514124964/original.jpg']
5177160719,45.075939,6.459843,2025-06-01T08:55,"['5177160719_1', '5177160719_2', '5177160719_3', '5177160719_4', '5177160719_5']","['https://inaturalist-open-data.s3.amazonaws.com/photos/513926294/original.jpg', 'https://inaturalist-open-data.s3.amazonaws.com/photos/513925899/original.jpg', 'https://inaturalist-open-data.s3.amazonaws.com/photos/513925917/original.jpg', 'https://inaturalist-open-data.s3.amazonaws.com/photos/513925171/original.jpg', 'https://inaturalist-open-data.s3.amazonaws.com/photos/513924911/original.jpg']"
5177262430,45.587492,7.209785,2025-06-01T13:08:47,['5177262430_1'],['https://inaturalist-open-data.s3.amazonaws.com/photos/514676686/original.jpg']
5177332468,45.137972,6.547671,2025-06-01T08:18,['5177332468_1'],['https://inaturalist-open-data.s3.amazonaws.com/photos/513925664/original.jpg']
5177344471,45.047521,6.474539,2025-06-01T08:57,"['5177344471_1', '5177344471_2']","['https://inaturalist-open-data.s3.amazonaws.com/photos/513926616/original.jpg', 'https://inaturalist-open-data.s3.amazonaws.com/photos/513926619/original.jpg']"
5187562601,37.71363,15.090517,2025-06-06T13:26:53,"['5187562601_1', '5187562601_2']","['https://inaturalist-open-data.s3.amazonaws.com/photos/516525669/original.jpg', 'https://inaturalist-open-data.s3.amazonaws.com/photos/516525791/original.jpg']"
5187696120,45.933475,7.089559,2025-06-06T15:04:48,['5187696120_1'],['https://inaturalist-open-data.s3.amazonaws.com/photos/516949116/original.jpg']
5187806789,41.720456,13.946961,2025-06-01,['5187806789_1'],['https://inaturalist-open-data.s3.amazonaws.com/photos/518626948/original.jpg']
5187915812,45.191393,6.473408,2025-06-06T12:01,"['5187915812_1', '5187915812_2', '5187915812_3']","['https://inaturalist-open-data.s3.amazonaws.com/photos/516555759/original.jpg', 'https://inaturalist-open-data.s3.amazonaws.com/photos/516555676/original.jpg', 'https://inaturalist-open-data.s3.amazonaws.com/photos/516555645/original.jpg']"
5187929668,44.412788,6.021378,2025-06-08T17:36:53,"['5187929668_1', '5187929668_2']","['https://inaturalist-open-data.s3.amazonaws.com/photos/517716985/original.jpg', 'https://inaturalist-open-data.s3.amazonaws.com/photos/517717036/original.jpg']"
5188098909,45.043903,6.563364,2025-06-06T11:31,['5188098909_1'],['https://inaturalist-open-data.s3.amazonaws.com/photos/516555153/original.jpg']
5188100093,46.197307,-0.559579,2025-06-02T14:13:18,['5188100093_1'],['https://inaturalist-open-data.s3.amazonaws.com/photos/515990696/original.jpg']
5188225052,46.611019,7.982254,2025-06-09T14:05:58,['5188225052_1'],['https://inaturalist-open-data.s3.amazonaws.com/photos/518321301/original.jpg']
5188376881,46.303497,10.704655,2025-06-10T12:00,['5188376881_1'],['https://inaturalist-open-data.s3.amazonaws.com/photos/518974197/original.jpg']
5197753479,42.7,-1.75,2025-06-17,['5197753479_1'],['https://observation.org/photos/122947652.jpg']
5198305935,44.547356,8.763089,2025-06-12T14:46:03,['5198305935_1'],['https://inaturalist-open-data.s3.amazonaws.com/photos/519754217/original.jpg']
5198419575,46.556069,7.763782,2025-06-08T13:39:35,"['5198419575_1', '5198419575_2']","['https://inaturalist-open-data.s3.amazonaws.com/photos/521879016/original.jpg', 'https://inaturalist-open-data.s3.amazonaws.com/photos/521879062/original.jpg']"
5198423600,46.59451,7.691862,2025-06-08T13:39:33,"['5198423600_1', '5198423600_2']","['https://inaturalist-open-data.s3.amazonaws.com/photos/522036266/original.jpg', 'https://inaturalist-open-data.s3.amazonaws.com/photos/522039237/original.jpg']"
5198490410,42.805254,-2.726621,2025-06-14T16:47,"['5198490410_1', '5198490410_2']","['https://inaturalist-open-data.s3.amazonaws.com/photos/521191161/original.jpg', 'https://inaturalist-open-data.s3.amazonaws.com/photos/521191122/original.jpg']"
5198541374,48.182901,-0.571112,2025-06-15T09:56:13,['5198541374_1'],['https://inaturalist-open-data.s3.amazonaws.com/photos/521279406/original.jpg']
5198598737,47.939882,7.268808,2025-06-09T09:56:22,['5198598737_1'],['https://inaturalist-open-data.s3.amazonaws.com/photos/519179871/original.jpg']
5198762304,46.378632,7.651934,2025-06-14T20:20:20,['5198762304_1'],['https://inaturalist-open-data.s3.amazonaws.com/photos/520878755/original.jpg']
5198806712,43.152196,13.17887,2025-06-17T11:17,"['5198806712_1', '5198806712_2', '5198806712_3', '5198806712_4', '5198806712_5', '5198806712_6', '5198806712_7', '5198806712_8', '5198806712_9', '5198806712_10', '5198806712_11']","['https://inaturalist-open-data.s3.amazonaws.com/photos/522425856/original.jpg', 'https://inaturalist-open-data.s3.amazonaws.com/photos/522443013/original.jpg', 'https://inaturalist-open-data.s3.amazonaws.com/photos/522443021/original.jpg', 'https://inaturalist-open-data.s3.amazonaws.com/photos/522442994/original.jpg', 'https://inaturalist-open-data.s3.amazonaws.com/photos/522442962/original.jpg', 'https://inaturalist-open-data.s3.amazonaws.com/photos/522443026/original.jpg', 'https://inaturalist-open-data.s3.amazonaws.com/photos/522442987/original.jpg', 'https://inaturalist-open-data.s3.amazonaws.com/photos/522443350/original.jpg', 'https://inaturalist-open-data.s3.amazonaws.com/photos/522443311/original.jpg', 'https://inaturalist-open-data.s3.amazonaws.com/photos/522443340/original.jpg', 'https://inaturalist-open-data.s3.amazonaws.com/photos/522434583/original.gif']"
5198911136,45.836815,10.815513,2025-06-04T10:37,['5198911136_1'],['https://inaturalist-open-data.s3.amazonaws.com/photos/520365557/original.jpg']
5198914742,47.943661,7.259347,2025-06-09T10:30:54,['5198914742_1'],['https://inaturalist-open-data.s3.amazonaws.com/photos/519180062/original.jpg']
5199066141,44.590964,8.793383,2025-06-12T09:27:55,['5199066141_1'],['https://inaturalist-open-data.s3.amazonaws.com/photos/520279381/original.jpg']
5199101248,46.283918,7.694162,2025-06-14T19:06:56,['5199101248_1'],['https://inaturalist-open-data.s3.amazonaws.com/photos/520878497/original.jpg']
5199111608,44.573963,6.951533,2025-06-16T07:29:23,['5199111608_1'],['https://inaturalist-open-data.s3.amazonaws.com/photos/521814280/original.jpg']
5199129220,46.140214,-0.496754,2025-06-02T10:55:23,['5199129220_1'],['https://inaturalist-open-data.s3.amazonaws.com/photos/520661486/original.jpg']
5199215568,44.572882,6.950353,2025-06-15T19:29:54,['5199215568_1'],['https://inaturalist-open-data.s3.amazonaws.com/photos/521813979/original.jpg']
5199239814,46.153505,10.971554,2025-06-17T14:09:58,['5199239814_1'],['https://inaturalist-open-data.s3.amazonaws.com/photos/522457827/original.jpg']
5199257468,45.311953,2.477878,2025-06-09T19:27,['5199257468_1'],['https://inaturalist-open-data.s3.amazonaws.com/photos/521352878/original.jpg']
5199267605,45.930187,3.067038,2025-06-16T10:42:06,"['5199267605_1', '5199267605_2']","['https://inaturalist-open-data.s3.amazonaws.com/photos/522327753/original.jpg', 'https://inaturalist-open-data.s3.amazonaws.com/photos/522327758/original.jpg']"
5205821773,46.356719,7.784951,2025-06-18T15:34:18,['5205821773_1'],['https://inaturalist-open-data.s3.amazonaws.com/photos/522930129/original.jpg']
5205862839,39.997828,15.424078,2025-06-18T16:02,['5205862839_1'],['https://inaturalist-open-data.s3.amazonaws.com/photos/522963877/original.jpg']
5205888893,45.118692,7.478475,2025-06-13T13:17:26,"['5205888893_1', '5205888893_2']","['https://inaturalist-open-data.s3.amazonaws.com/photos/523281402/original.jpg', 'https://inaturalist-open-data.s3.amazonaws.com/photos/523281430/original.jpg']"
5205907840,45.896375,8.316998,2025-06-21T14:15:53,"['5205907840_1', '5205907840_2']","['https://inaturalist-open-data.s3.amazonaws.com/photos/526301240/original.jpg', 'https://inaturalist-open-data.s3.amazonaws.com/photos/526301338/original.jpg']"
5205994897,44.285943,3.698542,2025-06-19T10:06:15,['5205994897_1'],['https://inaturalist-open-data.s3.amazonaws.com/photos/523306580/original.jpg']
5206000899,45.493367,1.055458,2025-06-24T18:03:17,['5206000899_1'],['https://inaturalist-open-data.s3.amazonaws.com/photos/526154411/original.jpg']
5206052797,42.677906,1.694357,2025-06-14T15:11,['5206052797_1'],['https://inaturalist-open-data.s3.amazonaws.com/photos/522857540/original.jpg']
5206078696,44.292778,3.726945,2025-06-23T20:21:34,['5206078696_1'],['https://inaturalist-open-data.s3.amazonaws.com/photos/525733991/original.jpg']
5206172137,46.968381,6.775714,2025-06-20T13:26,['5206172137_1'],['https://inaturalist-open-data.s3.amazonaws.com/photos/524134507/original.jpg']
5206180918,44.953503,6.795778,2025-06-19T17:36:46,['5206180918_1'],['https://inaturalist-open-data.s3.amazonaws.com/photos/523449482/original.jpg']
5206193784,43.367749,12.345851,2025-06-18T14:19:26,"['5206193784_1', '5206193784_2', '5206193784_3', '5206193784_4']","['https://inaturalist-open-data.s3.amazonaws.com/photos/522905711/original.jpg', 'https://inaturalist-open-data.s3.amazonaws.com/photos/522926321/original.jpg', 'https://inaturalist-open-data.s3.amazonaws.com/photos/522926363/original.jpg', 'https://inaturalist-open-data.s3.amazonaws.com/photos/522926418/original.jpg']"
5206196180,45.706914,6.750253,2025-06-16T09:01,"['5206196180_1', '5206196180_2']","['https://inaturalist-open-data.s3.amazonaws.com/photos/530111498/original.jpg', 'https://inaturalist-open-data.s3.amazonaws.com/photos/523874060/original.jpg']"
5206339351,41.829653,2.101983,2025-06-22T09:02:41,"['5206339351_1', '5206339351_2', '5206339351_3', '5206339351_4']","['https://inaturalist-open-data.s3.amazonaws.com/photos/524871325/original.jpg', 'https://inaturalist-open-data.s3.amazonaws.com/photos/524871363/original.jpg', 'https://inaturalist-open-data.s3.amazonaws.com/photos/524871412/original.jpg', 'https://inaturalist-open-data.s3.amazonaws.com/photos/524871474/original.jpg']"
5206448096,43.677333,3.671239,2025-06-11T18:49,['5206448096_1'],['https://inaturalist-open-data.s3.amazonaws.com/photos/523873410/original.jpg']
5206460772,46.365917,7.75384,2025-06-18T15:34:07,['5206460772_1'],['https://inaturalist-open-data.s3.amazonaws.com/photos/522910407/original.jpg']
5206527834,44.2804,3.715676,2025-06-18T14:04:45,['5206527834_1'],['https://inaturalist-open-data.s3.amazonaws.com/photos/523020399/original.jpg']
5206591843,44.469005,3.082182,2025-06-24T17:10:02,['5206591843_1'],['https://inaturalist-open-data.s3.amazonaws.com/photos/526130594/original.jpg']
5206693955,45.846364,4.217839,2025-06-19T00:50:15,"['5206693955_1', '5206693955_2']","['https://inaturalist-open-data.s3.amazonaws.com/photos/523358219/original.jpg', 'https://inaturalist-open-data.s3.amazonaws.com/photos/523358244/original.jpg']"
5206693966,45.491391,6.989181,2025-06-16,"['5206693966_1', '5206693966_2']","['https://inaturalist-open-data.s3.amazonaws.com/photos/523379499/original.jpg', 'https://inaturalist-open-data.s3.amazonaws.com/photos/523379545/original.jpg']"
5206778879,45.961792,10.902913,2025-06-23T17:00,"['5206778879_1', '5206778879_2']","['https://inaturalist-open-data.s3.amazonaws.com/photos/526212680/original.jpg', 'https://inaturalist-open-data.s3.amazonaws.com/photos/526212743/original.jpg']"
5215106432,45.580284,7.336466,2025-06-30T00:00,"['5215106432_1', '5215106432_2', '5215106432_3', '5215106432_4', '5215106432_5']","['https://live.staticflickr.com/65535/54625767395_99767fd9c8_b.jpg', 'https://live.staticflickr.com/65535/54914836465_e3125cb89c_b.jpg', 'https://live.staticflickr.com/65535/54914532281_66d63c652e_b.jpg', 'https://live.staticflickr.com/65535/54628050480_b86c7f82e3_b.jpg', 'https://live.staticflickr.com/65535/54627956404_15ebe6c88f_b.jpg']"
5215164494,45.580284,7.336466,2025-06-30T00:00,['5215164494_1'],['https://live.staticflickr.com/65535/54890184860_ec267700eb_b.jpg']
5215779550,47.820616,0.279185,2025-06-28T09:51,"['5215779550_1', '5215779550_2', '5215779550_3']","['https://inaturalist-open-data.s3.amazonaws.com/photos/527989815/original.jpg', 'https://inaturalist-open-data.s3.amazonaws.com/photos/527989825/original.jpg', 'https://inaturalist-open-data.s3.amazonaws.com/photos/527989857/original.jpg']"
5215791323,43.671902,3.675389,2025-06-26T10:07,['5215791323_1'],['https://inaturalist-open-data.s3.amazonaws.com/photos/527318080/original.jpg']
5215797827,42.811465,-1.915534,2025-06-29T20:17,"['5215797827_1', '5215797827_2']","['https://inaturalist-open-data.s3.amazonaws.com/photos/528795007/original.jpg', 'https://inaturalist-open-data.s3.amazonaws.com/photos/528796200/original.jpg']"
5215865245,47.992029,7.313122,2025-06-05T09:31,['5215865245_1'],['https://inaturalist-open-data.s3.amazonaws.com/photos/533295833/original.jpg']
5215994118,46.29588,11.602988,2025-06-25T18:28:52,"['5215994118_1', '5215994118_2', '5215994118_3', '5215994118_4']","['https://inaturalist-open-data.s3.amazonaws.com/photos/526687149/original.jpg', 'https://inaturalist-open-data.s3.amazonaws.com/photos/526687182/original.jpg', 'https://inaturalist-open-data.s3.amazonaws.com/photos/526687209/original.jpg', 'https://inaturalist-open-data.s3.amazonaws.com/photos/526687248/original.jpg']"
5216288186,43.951252,11.285496,2025-06-26T08:36:06,['5216288186_1'],['https://inaturalist-open-data.s3.amazonaws.com/photos/527160838/original.jpg']
5216441629,45.872338,10.655029,2025-06-28T08:20,['5216441629_1'],['https://inaturalist-open-data.s3.amazonaws.com/photos/531170517/original.jpg']
5216563680,46.445488,8.396975,2025-06-28T12:43,['5216563680_1'],['https://inaturalist-open-data.s3.amazonaws.com/photos/528274051/original.jpg']
5216911470,45.555957,6.921201,2025-06-27T12:29,['5216911470_1'],['https://inaturalist-open-data.s3.amazonaws.com/photos/527975323/original.jpg']
5217007570,44.076692,7.546355,2025-06-28T15:07:33,['5217007570_1'],['https://inaturalist-open-data.s3.amazonaws.com/photos/528165883/original.jpg']
5217105144,43.234025,11.063783,2025-06-23T18:07:58,['5217105144_1'],['https://inaturalist-open-data.s3.amazonaws.com/photos/526772790/original.jpg']
5217112704,44.120302,5.878146,2025-06-10T19:02:14,['5217112704_1'],['https://inaturalist-open-data.s3.amazonaws.com/photos/531300486/original.jpg']
5217216899,46.109835,11.111977,2025-06-28,"['5217216899_1', '5217216899_2']","['https://inaturalist-open-data.s3.amazonaws.com/photos/531987602/original.jpg', 'https://inaturalist-open-data.s3.amazonaws.com/photos/531987641/original.jpg']"
5217255490,45.555963,6.921196,2025-06-27T12:28:18,['5217255490_1'],['https://inaturalist-open-data.s3.amazonaws.com/photos/527975507/original.jpg']
5217268672,45.866799,11.181419,2025-06-29,['5217268672_1'],['https://inaturalist-open-data.s3.amazonaws.com/photos/531157636/original.jpg']
5217319291,47.950261,7.310296,2025-06-05T11:05,['5217319291_1'],['https://inaturalist-open-data.s3.amazonaws.com/photos/533296030/original.jpg']
5217489664,45.291308,6.895689,2025-06-07T11:56:18,['5217489664_1'],['https://inaturalist-open-data.s3.amazonaws.com/photos/531300799/original.jpg']
5217621374,44.600253,8.758017,2025-06-10T16:55:02,['5217621374_1'],['https://inaturalist-open-data.s3.amazonaws.com/photos/530455567/original.jpg']
5230309486,46.100995,3.456312,2025-06-17,['5230309486_1'],['https://inaturalist-open-data.s3.amazonaws.com/photos/538034810/original.jpg']
5232218319,47.951042,7.158435,2025-06-05T00:00,"['5232218319_1', '5232218319_2', '5232218319_3', '5232218319_4', '5232218319_5']","['https://live.staticflickr.com/65535/54660338669_392bf6263f_b.jpg', 'https://live.staticflickr.com/65535/54660109396_4ffdc222b9_b.jpg', 'https://staging-jubilee.flickr.com/65535/54660109276_35a1ebb5ce_b.jpg', 'https://live.staticflickr.com/65535/54660338579_21562e3049_b.jpg', 'https://live.staticflickr.com/65535/54659270397_d63029cd9a_b.jpg']"
5238053933,45.445313,1.131346,2025-06-30T11:40,['5238053933_1'],['https://inaturalist-open-data.s3.amazonaws.com/photos/541660306/original.jpg']
5291949848,43.033499,0.258525,2025-06-25T10:17,"['5291949848_1', '5291949848_2']","['https://inaturalist-open-data.s3.amazonaws.com/photos/554596091/original.jpg', 'https://inaturalist-open-data.s3.amazonaws.com/photos/554596104/original.jpg']"
5828163495,45.303502,7.179344,2025-06-08T10:12:53,"['5828163495_1', '5828163495_2', '5828163495_3']","['https://inaturalist-open-data.s3.amazonaws.com/photos/523789922/original.jpg', 'https://inaturalist-open-data.s3.amazonaws.com/photos/523789941/original.jpg', 'https://inaturalist-open-data.s3.amazonaws.com/photos/523789954/original.jpg']"
5828510740,44.472749,6.931017,2025-06-07T13:11,"['5828510740_1', '5828510740_2', '5828510740_3']","['https://inaturalist-open-data.s3.amazonaws.com/photos/562655782/original.jpg', 'https://inaturalist-open-data.s3.amazonaws.com/photos/562655545/original.jpg', 'https://inaturalist-open-data.s3.amazonaws.com/photos/562655548/original.jpg']"
5838256462,42.063065,2.423828,2025-06-09T10:13:26,['5838256462_1'],['https://inaturalist-open-data.s3.amazonaws.com/photos/571359086/original.jpg']
5892617051,45.588231,7.340396,2025-06-30T15:58,"['5892617051_1', '5892617051_2']","['https://inaturalist-open-data.s3.amazonaws.com/photos/590110459/original.jpg', 'https://inaturalist-open-data.s3.amazonaws.com/photos/590110476/original.jpg']"
5892730260,46.610044,7.562464,2025-06-03T10:38:55,['5892730260_1'],['https://inaturalist-open-data.s3.amazonaws.com/photos/515150391/original.jpg']
5909034242,45.518911,5.925873,2025-06-26T08:15:04,['5909034242_1'],['https://inaturalist-open-data.s3.amazonaws.com/photos/527107438/original.jpg']
5920254069,44.088855,10.88729,2025-06-01T15:30,"['5920254069_1', '5920254069_2']","['https://inaturalist-open-data.s3.amazonaws.com/photos/598268629/original.jpg', 'https://inaturalist-open-data.s3.amazonaws.com/photos/598280983/original.jpg']"
6178696509,41.794992,2.488061,2025-06-05T15:00:45,['6178696509_1'],['https://inaturalist-open-data.s3.amazonaws.com/photos/621707743/original.jpg']
6179322887,42.727021,0.791808,2025-06-07T19:06:44,['6179322887_1'],['https://inaturalist-open-data.s3.amazonaws.com/photos/623892251/original.jpg']
6343992890,45.93,8.23,2025-06-21,"['6343992890_1', '6343992890_2']","['https://observation.org/photos/123645172.jpg', 'https://observation.org/photos/123645416.jpg']"
6480311725,45.87235,10.655051,2025-06-28T08:18,['6480311725_1'],['https://inaturalist-open-data.s3.amazonaws.com/photos/531170363/original.jpg']
5215797275,47.463344,-1.11577,2025-07-02T13:50:29,['5215797275_1'],['https://inaturalist-open-data.s3.amazonaws.com/photos/530199144/original.jpg']
5215863888,40.930937,15.021829,2025-07-05T19:09:20,['5215863888_1'],['https://inaturalist-open-data.s3.amazonaws.com/photos/531857179/original.jpg']
5215950314,46.060367,11.119311,2025-07-02T13:43:15,"['5215950314_1', '5215950314_2', '5215950314_3']","['https://inaturalist-open-data.s3.amazonaws.com/photos/530305240/original.jpg', 'https://inaturalist-open-data.s3.amazonaws.com/photos/530305334/original.jpg', 'https://inaturalist-open-data.s3.amazonaws.com/photos/530305422/original.jpg']"
5216128356,46.060372,11.119324,2025-07-01T16:00:40,['5216128356_1'],['https://inaturalist-open-data.s3.amazonaws.com/photos/530305511/original.jpg']
5216197631,46.233483,8.28975,2025-07-04T11:51,"['5216197631_1', '5216197631_2', '5216197631_3']","['https://inaturalist-open-data.s3.amazonaws.com/photos/531309688/original.jpg', 'https://inaturalist-open-data.s3.amazonaws.com/photos/531309755/original.jpg', 'https://inaturalist-open-data.s3.amazonaws.com/photos/531309709/original.jpg']"
5216199350,47.594122,-1.157295,2025-07-02T13:48:43,['5216199350_1'],['https://inaturalist-open-data.s3.amazonaws.com/photos/530198555/original.jpg']
5216200405,46.394715,8.37322,2025-07-03T08:38,['5216200405_1'],['https://inaturalist-open-data.s3.amazonaws.com/photos/530643440/original.jpg']
5216211692,42.753329,10.399492,2025-07-04,['5216211692_1'],['https://inaturalist-open-data.s3.amazonaws.com/photos/531220748/original.jpg']
5216234280,47.777087,0.797709,2025-07-08,"['5216234280_1', '5216234280_2']","['https://inaturalist-open-data.s3.amazonaws.com/photos/533510911/original.jpg', 'https://inaturalist-open-data.s3.amazonaws.com/photos/533510966/original.jpg']"
5216703481,46.302599,8.221691,2025-07-03T12:17,['5216703481_1'],['https://inaturalist-open-data.s3.amazonaws.com/photos/530729116/original.jpg']
5216809349,47.536367,-1.156271,2025-07-02T13:32:44,['5216809349_1'],['https://inaturalist-open-data.s3.amazonaws.com/photos/530198141/original.jpg']
5216865227,47.555093,-1.172473,2025-07-02T10:46:58,['5216865227_1'],['https://inaturalist-open-data.s3.amazonaws.com/photos/530161648/original.jpg']
5216972865,46.371072,8.389407,2025-07-05T16:16:15,['5216972865_1'],['https://inaturalist-open-data.s3.amazonaws.com/photos/531775483/original.jpg']
5216982145,46.291384,7.506189,2025-07-07T09:22:54,['5216982145_1'],['https://inaturalist-open-data.s3.amazonaws.com/photos/532802328/original.jpg']
5216988500,46.265831,8.352998,2025-07-03T12:22,"['5216988500_1', '5216988500_2']","['https://inaturalist-open-data.s3.amazonaws.com/photos/530729797/original.jpg', 'https://inaturalist-open-data.s3.amazonaws.com/photos/530729825/original.jpg']"
5217008245,43.63093,11.211617,2025-07-01T10:07:37,['5217008245_1'],['https://inaturalist-open-data.s3.amazonaws.com/photos/530138751/original.jpg']
5217086302,47.434584,-1.06434,2025-07-02T09:45:20,['5217086302_1'],['https://inaturalist-open-data.s3.amazonaws.com/photos/530161486/original.jpg']
5217268335,47.562255,-1.137758,2025-07-02T09:43:03,['5217268335_1'],['https://inaturalist-open-data.s3.amazonaws.com/photos/530197573/original.jpg']
5217383282,47.516739,-1.131634,2025-07-02T09:26:54,['5217383282_1'],['https://inaturalist-open-data.s3.amazonaws.com/photos/568035027/original.jpg']
5217486847,46.294553,11.582842,2025-07-05T12:45:10,"['5217486847_1', '5217486847_2']","['https://inaturalist-open-data.s3.amazonaws.com/photos/531864475/original.jpg', 'https://inaturalist-open-data.s3.amazonaws.com/photos/531864523/original.jpg']"
5217530853,45.636766,11.019186,2025-07-05T19:16:46,['5217530853_1'],['https://inaturalist-open-data.s3.amazonaws.com/photos/531868840/original.jpg']
5230099024,44.275966,7.081954,2025-07-14T16:25:36,"['5230099024_1', '5230099024_2']","['https://inaturalist-open-data.s3.amazonaws.com/photos/536706730/original.jpg', 'https://inaturalist-open-data.s3.amazonaws.com/photos/536706761/original.jpg']"
5230160163,45.856438,7.803662,2025-07-15T13:11:54,['5230160163_1'],['https://inaturalist-open-data.s3.amazonaws.com/photos/537034150/original.jpg']
5230233641,46.257203,9.268302,2025-07-16T10:59,"['5230233641_1', '5230233641_2']","['https://inaturalist-open-data.s3.amazonaws.com/photos/538186132/original.jpg', 'https://inaturalist-open-data.s3.amazonaws.com/photos/538186689/original.jpg']"
5230486246,46.320733,8.261629,2025-07-15T16:13:29,"['5230486246_1', '5230486246_2']","['https://inaturalist-open-data.s3.amazonaws.com/photos/537061521/original.jpg', 'https://inaturalist-open-data.s3.amazonaws.com/photos/537061605/original.jpg']"
5230588698,42.860921,-0.391327,2025-07-18T09:42:32,['5230588698_1'],['https://inaturalist-open-data.s3.amazonaws.com/photos/538394048/original.jpg']
5230645703,45.86362,6.903415,2025-07-18T12:45:08,['5230645703_1'],['https://inaturalist-open-data.s3.amazonaws.com/photos/538635241/original.jpg']
5230697705,45.513928,10.976013,2025-07-16T16:46:16,"['5230697705_1', '5230697705_2']","['https://inaturalist-open-data.s3.amazonaws.com/photos/538468733/original.jpg', 'https://inaturalist-open-data.s3.amazonaws.com/photos/538468789/original.jpg']"
5230857502,46.03251,8.497011,2025-07-16T12:28:42,['5230857502_1'],['https://inaturalist-open-data.s3.amazonaws.com/photos/537956286/original.jpg']
5230894325,41.810463,13.792872,2025-07-18T09:08:51,['5230894325_1'],['https://inaturalist-open-data.s3.amazonaws.com/photos/540636078/original.jpg']
5231003438,46.036683,8.074333,2025-07-21,['5231003438_1'],['https://inaturalist-open-data.s3.amazonaws.com/photos/540911913/original.jpg']
5231013336,44.422713,10.409034,2025-07-10T13:47:44,"['5231013336_1', '5231013336_2', '5231013336_3']","['https://inaturalist-open-data.s3.amazonaws.com/photos/534487982/original.jpg', 'https://inaturalist-open-data.s3.amazonaws.com/photos/534488061/original.jpg', 'https://inaturalist-open-data.s3.amazonaws.com/photos/534488139/original.jpg']"
5231277157,44.481388,3.827208,2025-07-15T15:22:45,"['5231277157_1', '5231277157_2']","['https://inaturalist-open-data.s3.amazonaws.com/photos/537019959/original.jpg', 'https://inaturalist-open-data.s3.amazonaws.com/photos/537020069/original.jpg']"
5231297161,48.232152,2.615941,2025-07-20T19:27:19,"['5231297161_1', '5231297161_2']","['https://inaturalist-open-data.s3.amazonaws.com/photos/539848793/original.jpg', 'https://inaturalist-open-data.s3.amazonaws.com/photos/539848909/original.jpg']"
5231501802,45.746765,7.568171,2025-07-16T11:31:40,['5231501802_1'],['https://inaturalist-open-data.s3.amazonaws.com/photos/538985489/original.jpg']
5231583136,41.687808,13.907259,2025-07-20T12:25,['5231583136_1'],['https://inaturalist-open-data.s3.amazonaws.com/photos/540125859/original.jpg']
5231603716,42.861469,-0.391357,2025-07-18T09:41:09,['5231603716_1'],['https://inaturalist-open-data.s3.amazonaws.com/photos/538393944/original.jpg']
5231875848,46.403058,11.224341,2025-07-19T13:49:28,['5231875848_1'],['https://inaturalist-open-data.s3.amazonaws.com/photos/538949282/original.jpg']
5234224331,42.65,0.15,2025-07-25,['5234224331_1'],['https://observation.org/photos/128996622.jpg']
5237464813,48.55672,-1.974478,2025-07-23T18:03:18,"['5237464813_1', '5237464813_2', '5237464813_3']","['https://inaturalist-open-data.s3.amazonaws.com/photos/541382322/original.jpg', 'https://inaturalist-open-data.s3.amazonaws.com/photos/541382491/original.jpg', 'https://inaturalist-open-data.s3.amazonaws.com/photos/541383048/original.jpg']"
5237473929,46.106369,2.919152,2025-07-22T19:14,"['5237473929_1', '5237473929_2', '5237473929_3']","['https://inaturalist-open-data.s3.amazonaws.com/photos/541700179/original.jpg', 'https://inaturalist-open-data.s3.amazonaws.com/photos/541700689/original.jpg', 'https://inaturalist-open-data.s3.amazonaws.com/photos/541700703/original.jpg']"
5237476957,45.70699,6.045196,2025-07-24T19:26:05,"['5237476957_1', '5237476957_2', '5237476957_3', '5237476957_4', '5237476957_5']","['https://inaturalist-open-data.s3.amazonaws.com/photos/541972842/original.jpg', 'https://inaturalist-open-data.s3.amazonaws.com/photos/541872963/original.jpg', 'https://inaturalist-open-data.s3.amazonaws.com/photos/541873227/original.jpg', 'https://inaturalist-open-data.s3.amazonaws.com/photos/541873122/original.jpg', 'https://inaturalist-open-data.s3.amazonaws.com/photos/541972935/original.jpg']"
5237489276,44.917278,6.517443,2025-07-26,['5237489276_1'],['https://inaturalist-open-data.s3.amazonaws.com/photos/542787796/original.jpg']
5237529895,46.112633,2.918505,2025-07-21T20:49,"['5237529895_1', '5237529895_2', '5237529895_3', '5237529895_4']","['https://inaturalist-open-data.s3.amazonaws.com/photos/541698344/original.jpg', 'https://inaturalist-open-data.s3.amazonaws.com/photos/541698753/original.jpg', 'https://inaturalist-open-data.s3.amazonaws.com/photos/541698765/original.jpg', 'https://inaturalist-open-data.s3.amazonaws.com/photos/541698791/original.jpg']"
5237583838,47.422656,-1.079291,2025-07-29T11:02:01,['5237583838_1'],['https://inaturalist-open-data.s3.amazonaws.com/photos/544328933/original.jpg']
5237594850,47.839268,0.28134,2025-07-29T17:12,"['5237594850_1', '5237594850_2']","['https://inaturalist-open-data.s3.amazonaws.com/photos/544531962/original.jpg', 'https://inaturalist-open-data.s3.amazonaws.com/photos/544531981/original.jpg']"
5237597819,47.580533,-1.062982,2025-07-29T12:15:30,['5237597819_1'],['https://inaturalist-open-data.s3.amazonaws.com/photos/544372904/original.jpg']
5237609847,47.540667,-1.144526,2025-07-29T09:40,['5237609847_1'],['https://inaturalist-open-data.s3.amazonaws.com/photos/544373398/original.jpg']
5237613827,47.937718,0.2448,2025-07-29T17:53,['5237613827_1'],['https://inaturalist-open-data.s3.amazonaws.com/photos/544532258/original.jpg']
5237630252,46.409903,8.410299,2025-07-25T16:07,['5237630252_1'],['https://inaturalist-open-data.s3.amazonaws.com/photos/542652986/original.jpg']
5237659819,42.570649,11.671524,2025-07-29T10:55:57,['5237659819_1'],['https://inaturalist-open-data.s3.amazonaws.com/photos/544405503/original.jpg']
5237664999,45.433294,5.151385,2025-07-24T16:09,['5237664999_1'],['https://inaturalist-open-data.s3.amazonaws.com/photos/541825264/original.jpg']
5237667978,46.50252,7.604716,2025-07-24T11:36,['5237667978_1'],['https://inaturalist-open-data.s3.amazonaws.com/photos/541899297/original.jpg']
5237675569,45.753928,9.650228,2025-07-27T17:37,"['5237675569_1', '5237675569_2']","['https://inaturalist-open-data.s3.amazonaws.com/photos/543456510/original.jpg', 'https://inaturalist-open-data.s3.amazonaws.com/photos/543462409/original.jpg']"
5237698972,46.112375,2.918793,2025-07-21T20:19,"['5237698972_1', '5237698972_2', '5237698972_3', '5237698972_4']","['https://inaturalist-open-data.s3.amazonaws.com/photos/541698315/original.jpg', 'https://inaturalist-open-data.s3.amazonaws.com/photos/541698507/original.jpg', 'https://inaturalist-open-data.s3.amazonaws.com/photos/541698521/original.jpg', 'https://inaturalist-open-data.s3.amazonaws.com/photos/541698541/original.jpg']"
5237704785,45.460389,7.151975,2025-07-11T08:54:25,['5237704785_1'],['https://inaturalist-open-data.s3.amazonaws.com/photos/541173945/original.jpg']
5237734995,42.287895,2.134686,2025-07-24T14:07:05,['5237734995_1'],['https://inaturalist-open-data.s3.amazonaws.com/photos/541758474/original.jpg']
5237738856,48.001271,-0.487566,2025-07-23T18:08,['5237738856_1'],['https://inaturalist-open-data.s3.amazonaws.com/photos/541443773/original.jpg']
5237761650,42.818525,-0.335971,2025-07-25T13:23:23,"['5237761650_1', '5237761650_2']","['https://inaturalist-open-data.s3.amazonaws.com/photos/543791408/original.jpg', 'https://inaturalist-open-data.s3.amazonaws.com/photos/543793441/original.jpg']"
5237790826,47.517848,-1.044637,2025-07-29T12:11:42,['5237790826_1'],['https://inaturalist-open-data.s3.amazonaws.com/photos/544397602/original.jpg']
5237803878,47.834569,0.303834,2025-07-29T17:15,"['5237803878_1', '5237803878_2']","['https://inaturalist-open-data.s3.amazonaws.com/photos/544532030/original.jpg', 'https://inaturalist-open-data.s3.amazonaws.com/photos/544532065/original.jpg']"
5237814607,45.066809,6.62773,2025-07-27T09:17:55,['5237814607_1'],['https://inaturalist-open-data.s3.amazonaws.com/photos/543822014/original.jpg']
5237849871,47.984186,0.274502,2025-07-29T18:28,['5237849871_1'],['https://inaturalist-open-data.s3.amazonaws.com/photos/544532510/original.jpg']
5237851925,47.935136,0.266984,2025-07-29T18:22,"['5237851925_1', '5237851925_2']","['https://inaturalist-open-data.s3.amazonaws.com/photos/544532467/original.jpg', 'https://inaturalist-open-data.s3.amazonaws.com/photos/544532445/original.jpg']"
5237876807,47.9533,0.329671,2025-07-29T17:45,['5237876807_1'],['https://inaturalist-open-data.s3.amazonaws.com/photos/544532245/original.jpg']
5237890671,45.873776,8.794362,2025-07-19T16:56,['5237890671_1'],['https://inaturalist-open-data.s3.amazonaws.com/photos/540793608/original.jpg']
5237987455,45.537508,7.666061,2025-07-27T13:27:37,['5237987455_1'],['https://inaturalist-open-data.s3.amazonaws.com/photos/543441106/original.jpg']
5238008626,45.010822,6.762177,2025-07-27T09:13:19,['5238008626_1'],['https://inaturalist-open-data.s3.amazonaws.com/photos/543821901/original.jpg']
5238028804,47.502462,-1.180542,2025-07-29T09:24:26,['5238028804_1'],['https://inaturalist-open-data.s3.amazonaws.com/photos/544368036/original.jpg']
5238148807,47.463774,-1.051612,2025-07-29T12:09:02,['5238148807_1'],['https://inaturalist-open-data.s3.amazonaws.com/photos/544371982/original.jpg']
5238172791,47.509423,-1.180264,2025-07-29T12:41:03,['5238172791_1'],['https://inaturalist-open-data.s3.amazonaws.com/photos/544372105/original.jpg']
5238232904,47.928678,0.335927,2025-07-29T17:35,"['5238232904_1', '5238232904_2']","['https://inaturalist-open-data.s3.amazonaws.com/photos/544532141/original.jpg', 'https://inaturalist-open-data.s3.amazonaws.com/photos/544532137/original.jpg']"
5238271848,47.963517,0.223843,2025-07-29T18:22,"['5238271848_1', '5238271848_2']","['https://inaturalist-open-data.s3.amazonaws.com/photos/544532493/original.jpg', 'https://inaturalist-open-data.s3.amazonaws.com/photos/544532475/original.jpg']"
5238398894,47.907888,0.304027,2025-07-29T17:13,"['5238398894_1', '5238398894_2']","['https://inaturalist-open-data.s3.amazonaws.com/photos/544532003/original.jpg', 'https://inaturalist-open-data.s3.amazonaws.com/photos/544532021/original.jpg']"
5238406805,47.43553,-1.156358,2025-07-29T08:56:04,['5238406805_1'],['https://inaturalist-open-data.s3.amazonaws.com/photos/544398200/original.jpg']
5238454372,44.478842,9.466847,2025-07-26T13:35:51,['5238454372_1'],['https://inaturalist-open-data.s3.amazonaws.com/photos/542967430/original.jpg']
5281780210,46.166172,11.205867,2025-07-30T09:03:31,['5281780210_1'],['https://inaturalist-open-data.s3.amazonaws.com/photos/544786496/original.jpg']
5281969154,46.269954,9.296145,2025-07-29T15:17,"['5281969154_1', '5281969154_2', '5281969154_3']","['https://inaturalist-open-data.s3.amazonaws.com/photos/545369565/original.jpg', 'https://inaturalist-open-data.s3.amazonaws.com/photos/545370050/original.jpg', 'https://inaturalist-open-data.s3.amazonaws.com/photos/545370121/original.jpg']"
5282020247,46.106798,2.918573,2025-07-28T21:15,"['5282020247_1', '5282020247_2']","['https://inaturalist-open-data.s3.amazonaws.com/photos/544934485/original.jpg', 'https://inaturalist-open-data.s3.amazonaws.com/photos/544934561/original.jpg']"
5282061672,45.035898,7.073146,2025-07-31T14:17,"['5282061672_1', '5282061672_2']","['https://inaturalist-open-data.s3.amazonaws.com/photos/546869221/original.jpg', 'https://inaturalist-open-data.s3.amazonaws.com/photos/546873329/original.jpg']"
5282318824,46.106783,2.917543,2025-07-28T20:51,"['5282318824_1', '5282318824_2']","['https://inaturalist-open-data.s3.amazonaws.com/photos/544934364/original.jpg', 'https://inaturalist-open-data.s3.amazonaws.com/photos/544934383/original.jpg']"
5282360851,43.881003,3.291171,2025-07-31T15:01,['5282360851_1'],['https://inaturalist-open-data.s3.amazonaws.com/photos/547445453/original.jpg']
5282374244,43.992043,3.802936,2025-07-18T00:30,['5282374244_1'],['https://inaturalist-open-data.s3.amazonaws.com/photos/545511656/original.jpg']
5282491761,46.373873,2.6286,2025-07-29T16:49:53,"['5282491761_1', '5282491761_2', '5282491761_3']","['https://inaturalist-open-data.s3.amazonaws.com/photos/545278029/original.jpg', 'https://inaturalist-open-data.s3.amazonaws.com/photos/545278051/original.jpg', 'https://inaturalist-open-data.s3.amazonaws.com/photos/545278072/original.jpg']"
5282530869,42.570695,11.671538,2025-07-29T10:56:11,['5282530869_1'],['https://inaturalist-open-data.s3.amazonaws.com/photos/545716703/original.jpg']
5282619149,46.414471,11.176982,2025-07-30T12:43:22,['5282619149_1'],['https://inaturalist-open-data.s3.amazonaws.com/photos/544830038/original.jpg']
5291830077,45.047969,7.12194,2025-07-31T13:42,"['5291830077_1', '5291830077_2', '5291830077_3', '5291830077_4']","['https://inaturalist-open-data.s3.amazonaws.com/photos/548513511/original.jpg', 'https://inaturalist-open-data.s3.amazonaws.com/photos/548514164/original.jpg', 'https://inaturalist-open-data.s3.amazonaws.com/photos/548514298/original.jpg', 'https://inaturalist-open-data.s3.amazonaws.com/photos/548514466/original.jpg']"
5292857871,48.384352,2.606821,2025-07-27,"['5292857871_1', '5292857871_2', '5292857871_3']","['https://inaturalist-open-data.s3.amazonaws.com/photos/554583450/original.jpg', 'https://inaturalist-open-data.s3.amazonaws.com/photos/554583463/original.jpg', 'https://inaturalist-open-data.s3.amazonaws.com/photos/554583470/original.jpg']"
5293168167,43.961527,3.247701,2025-07-31T15:01,['5293168167_1'],['https://inaturalist-open-data.s3.amazonaws.com/photos/547445437/original.jpg']
5760814098,46.458334,7.634709,2025-07-02T18:38:05,"['5760814098_1', '5760814098_2', '5760814098_3']","['https://inaturalist-open-data.s3.amazonaws.com/photos/560031706/original.jpg', 'https://inaturalist-open-data.s3.amazonaws.com/photos/560031711/original.jpg', 'https://inaturalist-open-data.s3.amazonaws.com/photos/560031729/original.jpg']"
5828197377,44.058232,5.566721,2025-07-23T14:42:10,['5828197377_1'],['https://inaturalist-open-data.s3.amazonaws.com/photos/566742505/original.jpg']
5828556534,47.412735,0.979818,2025-07-26T11:02:10,['5828556534_1'],['https://inaturalist-open-data.s3.amazonaws.com/photos/563794746/original.jpg']
5867774083,42.804552,0.156155,2025-07-20T10:15,['5867774083_1'],['https://inaturalist-open-data.s3.amazonaws.com/photos/582560963/original.jpg']
5890112959,46.110203,2.916379,2025-07-22T11:42:14,['5890112959_1'],['https://inaturalist-open-data.s3.amazonaws.com/photos/583272123/original.jpg']
5890292485,46.110203,2.916379,2025-07-22T12:13:36,['5890292485_1'],['https://inaturalist-open-data.s3.amazonaws.com/photos/583272093/original.jpg']
5892778613,45.056354,5.99034,2025-07-04T09:19,['5892778613_1'],['https://inaturalist-open-data.s3.amazonaws.com/photos/588478656/original.jpg']
5897854414,45.58824,7.340387,2025-07-01T18:16,"['5897854414_1', '5897854414_2']","['https://inaturalist-open-data.s3.amazonaws.com/photos/590945804/original.jpg', 'https://inaturalist-open-data.s3.amazonaws.com/photos/590945809/original.jpg']"
6150587523,44.593313,6.84291,2025-07-18,"['6150587523_1', '6150587523_2', '6150587523_3']","['https://observation.org/photos/127714193.jpg', 'https://observation.org/photos/127714194.jpg', 'https://observation.org/photos/127714195.jpg']"
6150699616,48.82,5.55,2025-07-12,['6150699616_1'],['https://observation.org/photos/127139066.jpg']
6150715343,48.82,5.55,2025-07-12,['6150715343_1'],['https://observation.org/photos/127138989.jpg']
6151215444,46.707927,5.89117,2025-07-31,['6151215444_1'],['https://observation.org/photos/129811593.jpg']
6151265640,42.622852,1.542156,2025-07-16,['6151265640_1'],['https://observation.org/photos/127677526.jpg']
6152259162,45.690428,2.995773,2025-07-29,['6152259162_1'],['https://observation.org/photos/129576640.jpg']
6152283522,43.632745,6.221441,2025-07-19,['6152283522_1'],['https://observation.org/photos/130986646.jpg']
6159265486,42.835633,-0.384161,2025-07-19T18:32:38,"['6159265486_1', '6159265486_2', '6159265486_3', '6159265486_4', '6159265486_5', '6159265486_6']","['https://inaturalist-open-data.s3.amazonaws.com/photos/616076626/original.jpg', 'https://inaturalist-open-data.s3.amazonaws.com/photos/616076692/original.jpg', 'https://inaturalist-open-data.s3.amazonaws.com/photos/616076749/original.jpg', 'https://inaturalist-open-data.s3.amazonaws.com/photos/616076778/original.jpg', 'https://inaturalist-open-data.s3.amazonaws.com/photos/616076798/original.jpg', 'https://inaturalist-open-data.s3.amazonaws.com/photos/616076823/original.jpg']"
6162823486,44.535439,8.523872,2025-07-26T12:42:23,"['6162823486_1', '6162823486_2']","['https://inaturalist-open-data.s3.amazonaws.com/photos/616888901/original.jpg', 'https://inaturalist-open-data.s3.amazonaws.com/photos/616888920/original.jpg']"
6184994567,45.904397,6.423353,2025-07-11T19:11:43,['6184994567_1'],['https://inaturalist-open-data.s3.amazonaws.com/photos/534989855/original.jpg']
6251616190,44.22382,4.345113,2025-07-01,['6251616190_1'],['https://inaturalist-open-data.s3.amazonaws.com/photos/649640191/original.jpg']
6479264939,44.147674,5.466575,2025-07-23T14:29,['6479264939_1'],['https://inaturalist-open-data.s3.amazonaws.com/photos/712546383/original.jpg']
6480731865,47.442001,-1.067219,2025-07-29T09:27:39,"['6480731865_1', '6480731865_2']","['https://inaturalist-open-data.s3.amazonaws.com/photos/544399051/original.jpg', 'https://inaturalist-open-data.s3.amazonaws.com/photos/544399161/original.jpg']"
6486984712,42.778275,1.389314,2025-07-17,['6486984712_1'],['https://observation.org/photos/127548909.jpg']
5282008196,44.076813,12.186467,2025-08-03T10:50,['5282008196_1'],['https://inaturalist-open-data.s3.amazonaws.com/photos/546890587/original.jpg']
5282097471,42.875,0.975529,2025-08-02T12:03:33,"['5282097471_1', '5282097471_2']","['https://inaturalist-open-data.s3.amazonaws.com/photos/547317951/original.jpg', 'https://inaturalist-open-data.s3.amazonaws.com/photos/547318004/original.jpg']"
5282111231,45.793224,7.097413,2025-08-03T16:25:08,['5282111231_1'],['https://inaturalist-open-data.s3.amazonaws.com/photos/546892081/original.jpg']
5282162429,45.3514,5.7598,2025-08-03T16:06,"['5282162429_1', '5282162429_2']","['https://inaturalist-open-data.s3.amazonaws.com/photos/547555858/original.jpg', 'https://inaturalist-open-data.s3.amazonaws.com/photos/547556038/original.jpg']"
5282459671,42.55177,0.91248,2025-08-03T11:41:39,"['5282459671_1', '5282459671_2']","['https://inaturalist-open-data.s3.amazonaws.com/photos/546842770/original.jpg', 'https://inaturalist-open-data.s3.amazonaws.com/photos/546842813/original.jpg']"
5282472398,47.802195,7.369827,2025-08-03T20:54:18,['5282472398_1'],['https://inaturalist-open-data.s3.amazonaws.com/photos/547364963/original.jpg']
5282563542,45.792729,7.097633,2025-08-03T16:25:07,['5282563542_1'],['https://inaturalist-open-data.s3.amazonaws.com/photos/546892859/original.jpg']
5282585769,47.296185,-1.405003,2025-08-05T16:41:18,"['5282585769_1', '5282585769_2', '5282585769_3']","['https://inaturalist-open-data.s3.amazonaws.com/photos/547977985/original.jpg', 'https://inaturalist-open-data.s3.amazonaws.com/photos/547978094/original.jpg', 'https://inaturalist-open-data.s3.amazonaws.com/photos/547978214/original.jpg']"
5282608386,46.027724,7.005989,2025-08-03T12:03:59,"['5282608386_1', '5282608386_2', '5282608386_3']","['https://inaturalist-open-data.s3.amazonaws.com/photos/547095340/original.jpg', 'https://inaturalist-open-data.s3.amazonaws.com/photos/547095412/original.jpg', 'https://inaturalist-open-data.s3.amazonaws.com/photos/547096584/original.jpg']"
5287935305,42.230317,-2.872179,2025-08-02,"['5287935305_1', '5287935305_2', '5287935305_3']","['https://observation.org/photos/130180617.jpg', 'https://observation.org/photos/130180619.jpg', 'https://observation.org/photos/130180621.jpg']"
5291831671,44.188056,7.718056,2025-08-10T12:37,['5291831671_1'],['https://inaturalist-open-data.s3.amazonaws.com/photos/550584108/original.jpg']
5291880476,45.461336,7.14678,2025-08-01T12:00:51,['5291880476_1'],['https://inaturalist-open-data.s3.amazonaws.com/photos/550428676/original.jpg']
5291881980,47.923461,7.295216,2025-08-09,['5291881980_1'],['https://inaturalist-open-data.s3.amazonaws.com/photos/552328050/original.jpg']
5291911754,44.399035,4.907965,2025-08-17T20:37:54,['5291911754_1'],['https://inaturalist-open-data.s3.amazonaws.com/photos/553838359/original.jpg']
5291966942,43.300972,10.588732,2025-08-09T19:27,"['5291966942_1', '5291966942_2']","['https://inaturalist-open-data.s3.amazonaws.com/photos/549920898/original.jpg', 'https://inaturalist-open-data.s3.amazonaws.com/photos/549920919/original.jpg']"
5292050173,46.335522,6.708228,2025-08-10T13:36,['5292050173_1'],['https://inaturalist-open-data.s3.amazonaws.com/photos/552668140/original.jpg']
5292164807,44.902046,6.430773,2025-08-04T14:50:03,['5292164807_1'],['https://inaturalist-open-data.s3.amazonaws.com/photos/549969736/original.jpg']
5292381150,45.424848,7.242687,2025-08-12,['5292381150_1'],['https://inaturalist-open-data.s3.amazonaws.com/photos/551457953/original.jpg']
5292405684,42.820195,0.087808,2025-08-12T08:40:24,['5292405684_1'],['https://inaturalist-open-data.s3.amazonaws.com/photos/551710864/original.jpg']
5292433950,47.952639,7.225632,2025-08-09,['5292433950_1'],['https://inaturalist-open-data.s3.amazonaws.com/photos/552329866/original.jpg']
5292448875,46.871492,-2.050222,2025-08-08T12:15:32,['5292448875_1'],['https://inaturalist-open-data.s3.amazonaws.com/photos/552260716/original.jpg']
5292542048,47.960642,7.207241,2025-08-03T18:00:36,['5292542048_1'],['https://inaturalist-open-data.s3.amazonaws.com/photos/549278499/original.jpg']
5292546350,42.686371,0.063251,2025-08-11T15:32:40,['5292546350_1'],['https://inaturalist-open-data.s3.amazonaws.com/photos/551820104/original.jpg']
5292594978,45.10954,7.927096,2025-08-10T14:04,['5292594978_1'],['https://inaturalist-open-data.s3.amazonaws.com/photos/550839916/original.jpg']
5292627278,43.960264,7.955378,2025-08-14T12:37:16,['5292627278_1'],['https://inaturalist-open-data.s3.amazonaws.com/photos/552199633/original.jpg']
5292629084,44.39784,3.136544,2025-08-14T12:05:05,['5292629084_1'],['https://inaturalist-open-data.s3.amazonaws.com/photos/552828304/original.jpg']
5292700470,41.961977,2.664815,2025-08-12T23:58,['5292700470_1'],['https://inaturalist-open-data.s3.amazonaws.com/photos/551557636/original.jpg']
5292893748,46.40094,12.495722,2025-08-11T11:55:30,['5292893748_1'],['https://inaturalist-open-data.s3.amazonaws.com/photos/552139471/original.jpg']
5292915278,44.166647,7.269492,2025-08-14T07:53:08,['5292915278_1'],['https://inaturalist-open-data.s3.amazonaws.com/photos/552318373/original.jpg']
5292982024,44.759345,5.515628,2025-08-04T17:44:54,['5292982024_1'],['https://inaturalist-open-data.s3.amazonaws.com/photos/548575651/original.jpg']
5293045468,47.942169,7.266193,2025-08-03T21:25:49,['5293045468_1'],['https://inaturalist-open-data.s3.amazonaws.com/photos/549785011/original.jpg']
5293086673,44.582862,9.898463,2025-08-14T18:20,"['5293086673_1', '5293086673_2', '5293086673_3', '5293086673_4', '5293086673_5', '5293086673_6', '5293086673_7', '5293086673_8']","['https://inaturalist-open-data.s3.amazonaws.com/photos/553893792/original.jpg', 'https://inaturalist-open-data.s3.amazonaws.com/photos/553893796/original.jpg', 'https://inaturalist-open-data.s3.amazonaws.com/photos/553893800/original.jpg', 'https://inaturalist-open-data.s3.amazonaws.com/photos/553893854/original.jpg', 'https://inaturalist-open-data.s3.amazonaws.com/photos/553893859/original.jpg', 'https://inaturalist-open-data.s3.amazonaws.com/photos/553900356/original.jpg', 'https://inaturalist-open-data.s3.amazonaws.com/photos/553900371/original.jpg', 'https://inaturalist-open-data.s3.amazonaws.com/photos/553900366/original.jpg']"
5293288104,47.95172,7.273339,2025-08-09,['5293288104_1'],['https://inaturalist-open-data.s3.amazonaws.com/photos/552329120/original.jpg']
5293297450,43.444802,2.12472,2025-08-11T20:26:54,"['5293297450_1', '5293297450_2']","['https://inaturalist-open-data.s3.amazonaws.com/photos/551012467/original.jpg', 'https://inaturalist-open-data.s3.amazonaws.com/photos/551012506/original.jpg']"
5716426325,51.09,7.06,2025-08-19,['5716426325_1'],['https://observation.org/photos/132869475.jpg']
5759502941,42.712584,0.91325,2025-08-30T17:52,"['5759502941_1', '5759502941_2']","['https://inaturalist-open-data.s3.amazonaws.com/photos/559954885/original.jpg', 'https://inaturalist-open-data.s3.amazonaws.com/photos/559954947/original.jpg']"
5759665944,45.058902,5.543624,2025-08-29T10:25,"['5759665944_1', '5759665944_2', '5759665944_3', '5759665944_4', '5759665944_5', '5759665944_6', '5759665944_7', '5759665944_8', '5759665944_9']","['https://inaturalist-open-data.s3.amazonaws.com/photos/559385508/original.jpg', 'https://inaturalist-open-data.s3.amazonaws.com/photos/559385480/original.jpg', 'https://inaturalist-open-data.s3.amazonaws.com/photos/559385524/original.jpg', 'https://inaturalist-open-data.s3.amazonaws.com/photos/559385505/original.jpg', 'https://inaturalist-open-data.s3.amazonaws.com/photos/559385496/original.jpg', 'https://inaturalist-open-data.s3.amazonaws.com/photos/559385463/original.jpg', 'https://inaturalist-open-data.s3.amazonaws.com/photos/559385459/original.jpg', 'https://inaturalist-open-data.s3.amazonaws.com/photos/559385583/original.jpg', 'https://inaturalist-open-data.s3.amazonaws.com/photos/559385561/original.jpg']"
5759750306,44.893717,7.132368,2025-08-21T08:42:09,['5759750306_1'],['https://inaturalist-open-data.s3.amazonaws.com/photos/555484200/original.jpg']
5759773380,47.897574,7.306443,2025-08-30T14:48:58,['5759773380_1'],['https://inaturalist-open-data.s3.amazonaws.com/photos/560822793/original.jpg']
5759782992,48.269848,2.712538,2025-08-28T00:18:50,['5759782992_1'],['https://inaturalist-open-data.s3.amazonaws.com/photos/558679478/original.jpg']
5759817848,42.344437,-0.597147,2025-08-30T10:56:21,"['5759817848_1', '5759817848_2']","['https://inaturalist-open-data.s3.amazonaws.com/photos/559804949/original.jpg', 'https://inaturalist-open-data.s3.amazonaws.com/photos/559805317/original.jpg']"
5759941813,42.87022,0.263405,2025-08-31,['5759941813_1'],['https://inaturalist-open-data.s3.amazonaws.com/photos/560521741/original.jpg']
5759993381,47.547057,-1.780296,2025-08-23T18:40:07,['5759993381_1'],['https://inaturalist-open-data.s3.amazonaws.com/photos/556944642/original.jpg']
5760031699,47.934901,0.275835,2025-08-23T16:52,['5760031699_1'],['https://inaturalist-open-data.s3.amazonaws.com/photos/556661392/original.jpg']
5760096694,42.90067,0.007691,2025-08-19T23:03,['5760096694_1'],['https://inaturalist-open-data.s3.amazonaws.com/photos/556172569/original.jpg']
5760147603,47.881444,0.230739,2025-08-23T17:18,['5760147603_1'],['https://inaturalist-open-data.s3.amazonaws.com/photos/556661431/original.jpg']
5760189122,46.386147,8.270676,2025-08-27T10:10:42,['5760189122_1'],['https://inaturalist-open-data.s3.amazonaws.com/photos/558392262/original.jpg']
5760263428,46.18834,6.77584,2025-08-31T16:32,"['5760263428_1', '5760263428_2', '5760263428_3']","['https://inaturalist-open-data.s3.amazonaws.com/photos/560396439/original.jpg', 'https://inaturalist-open-data.s3.amazonaws.com/photos/560396454/original.jpg', 'https://inaturalist-open-data.s3.amazonaws.com/photos/560396458/original.jpg']"
5760356131,45.366651,3.072599,2025-08-28T12:06:18,"['5760356131_1', '5760356131_2']","['https://inaturalist-open-data.s3.amazonaws.com/photos/558865089/original.jpg', 'https://inaturalist-open-data.s3.amazonaws.com/photos/558865120/original.jpg']"
5760389609,47.944716,7.262307,2025-08-30T12:52:34,['5760389609_1'],['https://inaturalist-open-data.s3.amazonaws.com/photos/560822637/original.jpg']
5760428374,47.939047,0.377572,2025-08-23T17:14,['5760428374_1'],['https://inaturalist-open-data.s3.amazonaws.com/photos/556661402/original.jpg']
5760587480,45.058901,5.543572,2025-08-29T12:13:35,"['5760587480_1', '5760587480_2', '5760587480_3']","['https://inaturalist-open-data.s3.amazonaws.com/photos/559387458/original.jpg', 'https://inaturalist-open-data.s3.amazonaws.com/photos/559387521/original.jpg', 'https://inaturalist-open-data.s3.amazonaws.com/photos/559388910/original.jpg']"
5760672805,45.806263,5.45599,2025-08-16T11:21:10,"['5760672805_1', '5760672805_2']","['https://inaturalist-open-data.s3.amazonaws.com/photos/561390769/original.jpg', 'https://inaturalist-open-data.s3.amazonaws.com/photos/561390824/original.jpg']"
5760726241,47.95001,0.378349,2025-08-23T16:14,['5760726241_1'],['https://inaturalist-open-data.s3.amazonaws.com/photos/556661234/original.jpg']
5760756710,44.215129,7.078753,2025-08-23T14:01:31,"['5760756710_1', '5760756710_2']","['https://inaturalist-open-data.s3.amazonaws.com/photos/556564714/original.jpg', 'https://inaturalist-open-data.s3.amazonaws.com/photos/556564763/original.jpg']"
5760791454,45.710239,10.66736,2025-08-22T12:21:11,['5760791454_1'],['https://inaturalist-open-data.s3.amazonaws.com/photos/556184837/original.jpg']
5760806153,47.881541,0.30351,2025-08-23T16:26,['5760806153_1'],['https://inaturalist-open-data.s3.amazonaws.com/photos/556661292/original.jpg']
5760824453,46.34178,8.270604,2025-08-27T09:18:38,"['5760824453_1', '5760824453_2', '5760824453_3']","['https://inaturalist-open-data.s3.amazonaws.com/photos/558377895/original.jpg', 'https://inaturalist-open-data.s3.amazonaws.com/photos/558377869/original.jpg', 'https://inaturalist-open-data.s3.amazonaws.com/photos/558377923/original.jpg']"
5760860660,47.819979,0.237824,2025-08-23T16:38,['5760860660_1'],['https://inaturalist-open-data.s3.amazonaws.com/photos/556661345/original.jpg']
5760906752,47.57412,-1.603083,2025-08-23T17:30,['5760906752_1'],['https://inaturalist-open-data.s3.amazonaws.com/photos/557131497/original.jpg']
5761118148,47.946947,0.310033,2025-08-23T16:44,['5761118148_1'],['https://inaturalist-open-data.s3.amazonaws.com/photos/556661356/original.jpg']
5761133423,47.931699,0.347083,2025-08-23T16:18,['5761133423_1'],['https://inaturalist-open-data.s3.amazonaws.com/photos/556661265/original.jpg']
5761166329,47.934871,0.322398,2025-08-23T16:29,['5761166329_1'],['https://inaturalist-open-data.s3.amazonaws.com/photos/556661305/original.jpg']
5761177027,47.93927,0.265552,2025-08-23T16:36,['5761177027_1'],['https://inaturalist-open-data.s3.amazonaws.com/photos/556661333/original.jpg']
5761210638,47.948755,0.308326,2025-08-23T16:29,['5761210638_1'],['https://inaturalist-open-data.s3.amazonaws.com/photos/556661316/original.jpg']
5762019409,45.87,10.65,2025-08-19,['5762019409_1'],['https://observation.org/photos/132792073.jpg']
5762267214,42.55,0.95,2025-08-30,['5762267214_1'],['https://observation.org/photos/134499069.jpg']
5827613739,39.925353,16.173497,2025-08-26T10:00:23,"['5827613739_1', '5827613739_2', '5827613739_3']","['https://inaturalist-open-data.s3.amazonaws.com/photos/561842878/original.jpg', 'https://inaturalist-open-data.s3.amazonaws.com/photos/561842903/original.jpg', 'https://inaturalist-open-data.s3.amazonaws.com/photos/561842929/original.jpg']"
5827699990,46.258678,8.175392,2025-08-30T15:56:20,['5827699990_1'],['https://inaturalist-open-data.s3.amazonaws.com/photos/564276075/original.jpg']
5839910260,45.875378,8.257098,2025-08-22T10:37,['5839910260_1'],['https://inaturalist-open-data.s3.amazonaws.com/photos/575815946/original.jpg']
5839969582,42.956436,-0.707814,2025-08-07T16:58,"['5839969582_1', '5839969582_2', '5839969582_3', '5839969582_4', '5839969582_5']","['https://inaturalist-open-data.s3.amazonaws.com/photos/576301580/original.jpg', 'https://inaturalist-open-data.s3.amazonaws.com/photos/576301573/original.jpg', 'https://inaturalist-open-data.s3.amazonaws.com/photos/576301546/original.jpg', 'https://inaturalist-open-data.s3.amazonaws.com/photos/576301550/original.jpg', 'https://inaturalist-open-data.s3.amazonaws.com/photos/576301549/original.jpg']"
5840412667,46.216059,11.329121,2025-08-28T10:07:41,['5840412667_1'],['https://inaturalist-open-data.s3.amazonaws.com/photos/574588182/original.jpg']
5844151183,46.362278,8.175821,2025-08-06T11:23:49,['5844151183_1'],['https://inaturalist-open-data.s3.amazonaws.com/photos/578050890/original.jpg']
5868397299,42.518696,1.692213,2025-08-19T10:03:47,"['5868397299_1', '5868397299_2']","['https://inaturalist-open-data.s3.amazonaws.com/photos/580998412/original.jpg', 'https://inaturalist-open-data.s3.amazonaws.com/photos/580998436/original.jpg']"
5869016122,42.714206,0.914376,2025-08-30,['5869016122_1'],['https://observation.org/photos/138492050.jpg']
5889762572,45.62406,6.735619,2025-08-17T09:16,['5889762572_1'],['https://inaturalist-open-data.s3.amazonaws.com/photos/587326681/original.jpg']
5890199178,45.77146,6.644979,2025-08-17T12:05,['5890199178_1'],['https://inaturalist-open-data.s3.amazonaws.com/photos/587329363/original.jpg']
5890249523,45.606837,6.665133,2025-08-17T17:54,['5890249523_1'],['https://inaturalist-open-data.s3.amazonaws.com/photos/587329521/original.jpg']
5892632504,46.027712,11.042222,2025-08-31T10:00,['5892632504_1'],['https://inaturalist-open-data.s3.amazonaws.com/photos/590032596/original.jpg']
6150418343,48.361058,2.538921,2025-08-25,"['6150418343_1', '6150418343_2']","['https://observation.org/photos/135550227.jpg', 'https://observation.org/photos/135550228.jpg']"
6150760649,45.276012,6.080141,2025-08-04,['6150760649_1'],['https://observation.org/photos/130415218.jpg']
6150904865,49.019005,6.027253,2025-08-13,['6150904865_1'],['https://observation.org/photos/131829289.jpg']
6150974908,45.389121,3.727677,2025-08-31,['6150974908_1'],['https://observation.org/photos/134062962.jpg']
6151191079,44.990867,3.803881,2025-08-26,['6151191079_1'],['https://observation.org/photos/133446684.jpg']
6151329029,43.960688,6.797063,2025-08-18,['6151329029_1'],['https://observation.org/photos/132496708.jpg']
6151461791,44.396842,6.488407,2025-08-26,['6151461791_1'],['https://observation.org/photos/133426068.jpg']
6151463176,48.361058,2.538921,2025-08-25,"['6151463176_1', '6151463176_2']","['https://observation.org/photos/133318839.jpg', 'https://observation.org/photos/133318840.jpg']"
6151468130,49.018399,6.027374,2025-08-13,['6151468130_1'],['https://observation.org/photos/132043244.jpg']
6151673872,44.876779,6.756036,2025-08-30,['6151673872_1'],['https://observation.org/photos/133890304.jpg']
6151820995,48.202095,2.716584,2025-08-07,['6151820995_1'],['https://observation.org/photos/130866738.jpg']
6152191653,44.409553,4.892731,2025-08-12,['6152191653_1'],['https://observation.org/photos/131595278.jpg']
6152370344,45.162216,6.492425,2025-08-05,['6152370344_1'],['https://observation.org/photos/130615312.jpg']
6152438453,48.39793,2.51897,2025-08-05,['6152438453_1'],['https://observation.org/photos/130582018.jpg']
6179115306,41.774289,2.464224,2025-08-06T12:59,['6179115306_1'],['https://inaturalist-open-data.s3.amazonaws.com/photos/623512480/original.jpg']
6179408067,41.679452,2.416547,2025-08-06T11:27,['6179408067_1'],['https://inaturalist-open-data.s3.amazonaws.com/photos/623511550/original.jpg']
6179530709,44.926179,6.546709,2025-08-03T15:39:08,['6179530709_1'],['https://inaturalist-open-data.s3.amazonaws.com/photos/625379541/original.jpg']
6179587027,44.94633,6.509583,2025-08-03T15:45:51,['6179587027_1'],['https://inaturalist-open-data.s3.amazonaws.com/photos/625379700/original.jpg']
6235205638,48.381461,2.535067,2025-08-15T14:04:33,['6235205638_1'],['https://inaturalist-open-data.s3.amazonaws.com/photos/552697309/original.jpg']
6274200050,47.352171,1.756931,2025-08-06T18:18,['6274200050_1'],['https://inaturalist-open-data.s3.amazonaws.com/photos/657859690/original.jpg']
6320462783,43.953894,3.021196,2025-08-27,['6320462783_1'],['https://inaturalist-open-data.s3.amazonaws.com/photos/659081289/original.jpg']
6470213319,48.398002,2.518953,2025-08-05T16:32:27,"['6470213319_1', '6470213319_2', '6470213319_3']","['https://inaturalist-open-data.s3.amazonaws.com/photos/704480630/original.jpg', 'https://inaturalist-open-data.s3.amazonaws.com/photos/704480652/original.jpg', 'https://inaturalist-open-data.s3.amazonaws.com/photos/704480688/original.jpg']"
5760381906,42.129458,12.049942,2025-09-02T13:52:53,"['5760381906_1', '5760381906_2']","['https://inaturalist-open-data.s3.amazonaws.com/photos/561490861/original.jpg', 'https://inaturalist-open-data.s3.amazonaws.com/photos/561490903/original.jpg']"
5760571286,44.449819,3.158654,2025-09-02T17:04:43,"['5760571286_1', '5760571286_2']","['https://inaturalist-open-data.s3.amazonaws.com/photos/561468843/original.jpg', 'https://inaturalist-open-data.s3.amazonaws.com/photos/561468999/original.jpg']"
5760711308,44.51622,8.473046,2025-09-02T16:10,['5760711308_1'],['https://inaturalist-open-data.s3.amazonaws.com/photos/561455330/original.jpg']
5760765766,45.782763,7.695225,2025-09-02T16:22:17,['5760765766_1'],['https://inaturalist-open-data.s3.amazonaws.com/photos/561578324/original.jpg']
5761101199,42.129441,12.049937,2025-09-02T13:52:52,"['5761101199_1', '5761101199_2']","['https://inaturalist-open-data.s3.amazonaws.com/photos/561373113/original.jpg', 'https://inaturalist-open-data.s3.amazonaws.com/photos/561373076/original.jpg']"
5827427373,43.145151,11.635456,2025-09-14T12:57:54,['5827427373_1'],['https://inaturalist-open-data.s3.amazonaws.com/photos/566729665/original.jpg']
5827430378,48.730641,5.826254,2025-09-07T09:59:01,"['5827430378_1', '5827430378_2', '5827430378_3']","['https://inaturalist-open-data.s3.amazonaws.com/photos/563682068/original.jpg', 'https://inaturalist-open-data.s3.amazonaws.com/photos/563682110/original.jpg', 'https://inaturalist-open-data.s3.amazonaws.com/photos/563682142/original.jpg']"
5827482163,48.645804,5.981751,2025-09-07T18:01,"['5827482163_1', '5827482163_2']","['https://inaturalist-open-data.s3.amazonaws.com/photos/563785819/original.jpg', 'https://inaturalist-open-data.s3.amazonaws.com/photos/563785821/original.jpg']"
5827482164,48.658891,5.862722,2025-09-07T09:58,['5827482164_1'],['https://inaturalist-open-data.s3.amazonaws.com/photos/563789981/original.jpg']
5827502643,42.055667,12.670417,2025-09-05,['5827502643_1'],['https://inaturalist-open-data.s3.amazonaws.com/photos/565354878/original.jpg']
5827522119,46.550601,6.877151,2025-09-15T16:22:30,['5827522119_1'],['https://inaturalist-open-data.s3.amazonaws.com/photos/567708603/original.jpg']
5827602345,48.62711,5.986247,2025-09-02T11:09:33,"['5827602345_1', '5827602345_2']","['https://inaturalist-open-data.s3.amazonaws.com/photos/561876584/original.jpg', 'https://inaturalist-open-data.s3.amazonaws.com/photos/561876593/original.jpg']"
5827629550,45.601063,7.369887,2025-09-14T08:42:25,['5827629550_1'],['https://inaturalist-open-data.s3.amazonaws.com/photos/566700749/original.jpg']
5827635027,48.938873,5.487619,2025-09-01T17:29:22,['5827635027_1'],['https://inaturalist-open-data.s3.amazonaws.com/photos/562674358/original.jpg']
5827720427,43.675888,3.674222,2025-09-10T16:43:24,['5827720427_1'],['https://inaturalist-open-data.s3.amazonaws.com/photos/565169114/original.jpg']
5827833825,47.943545,7.258796,2025-09-06T15:48:08,['5827833825_1'],['https://inaturalist-open-data.s3.amazonaws.com/photos/563523773/original.jpg']
5827898336,42.117622,2.335972,2025-09-06T15:38,['5827898336_1'],['https://inaturalist-open-data.s3.amazonaws.com/photos/563528686/original.jpg']
5827935674,42.77188,10.17245,2025-09-11T11:27:08,"['5827935674_1', '5827935674_2']","['https://inaturalist-open-data.s3.amazonaws.com/photos/565321941/original.jpg', 'https://inaturalist-open-data.s3.amazonaws.com/photos/565321998/original.jpg']"
5827969774,45.603087,7.363967,2025-09-03T08:28:52,"['5827969774_1', '5827969774_2']","['https://inaturalist-open-data.s3.amazonaws.com/photos/561768608/original.jpg', 'https://inaturalist-open-data.s3.amazonaws.com/photos/561768605/original.jpg']"
5828032699,45.778776,11.047542,2025-09-15T15:57,['5828032699_1'],['https://inaturalist-open-data.s3.amazonaws.com/photos/567410132/original.jpg']
5828067976,48.900366,5.443937,2025-09-13T16:29:23,"['5828067976_1', '5828067976_2', '5828067976_3']","['https://inaturalist-open-data.s3.amazonaws.com/photos/566398418/original.jpg', 'https://inaturalist-open-data.s3.amazonaws.com/photos/566398455/original.jpg', 'https://inaturalist-open-data.s3.amazonaws.com/photos/566398498/original.jpg']"
5828084442,45.363722,6.586739,2025-09-09T14:00,"['5828084442_1', '5828084442_2']","['https://inaturalist-open-data.s3.amazonaws.com/photos/564690951/original.jpg', 'https://inaturalist-open-data.s3.amazonaws.com/photos/564690993/original.jpg']"
5828113393,45.603282,7.363399,2025-09-09T13:17:12,['5828113393_1'],['https://inaturalist-open-data.s3.amazonaws.com/photos/565496212/original.jpg']
5828159549,48.788047,5.857285,2025-09-07T18:02,"['5828159549_1', '5828159549_2', '5828159549_3']","['https://inaturalist-open-data.s3.amazonaws.com/photos/563785822/original.jpg', 'https://inaturalist-open-data.s3.amazonaws.com/photos/563785859/original.jpg', 'https://inaturalist-open-data.s3.amazonaws.com/photos/563785865/original.jpg']"
5828173662,42.123699,14.113665,2025-09-02T13:51:46,['5828173662_1'],['https://inaturalist-open-data.s3.amazonaws.com/photos/561757852/original.jpg']
5828216817,42.548978,0.035296,2025-09-08T21:16:25,"['5828216817_1', '5828216817_2', '5828216817_3']","['https://inaturalist-open-data.s3.amazonaws.com/photos/564257914/original.jpg', 'https://inaturalist-open-data.s3.amazonaws.com/photos/566474489/original.jpg', 'https://inaturalist-open-data.s3.amazonaws.com/photos/566474551/original.jpg']"
5828228855,48.926082,5.509772,2025-09-13T16:18:25,['5828228855_1'],['https://inaturalist-open-data.s3.amazonaws.com/photos/566397716/original.jpg']
5828229986,46.599662,4.945801,2025-09-03T11:25:38,['5828229986_1'],['https://inaturalist-open-data.s3.amazonaws.com/photos/561776831/original.jpg']
5828231304,48.880457,5.405711,2025-09-07T15:00,"['5828231304_1', '5828231304_2', '5828231304_3', '5828231304_4']","['https://inaturalist-open-data.s3.amazonaws.com/photos/565858390/original.jpg', 'https://inaturalist-open-data.s3.amazonaws.com/photos/565858425/original.jpg', 'https://inaturalist-open-data.s3.amazonaws.com/photos/565858456/original.jpg', 'https://inaturalist-open-data.s3.amazonaws.com/photos/565858482/original.jpg']"
5828237372,46.004316,-1.327674,2025-09-15T15:20:12,['5828237372_1'],['https://inaturalist-open-data.s3.amazonaws.com/photos/567296576/original.jpg']
5828282935,48.94866,5.415105,2025-09-13T16:21:56,['5828282935_1'],['https://inaturalist-open-data.s3.amazonaws.com/photos/566398194/original.jpg']
5828293326,42.449786,13.570246,2025-09-03T11:58,['5828293326_1'],['https://inaturalist-open-data.s3.amazonaws.com/photos/562169157/original.jpg']
5828360222,43.676738,3.673863,2025-09-10T16:32:53,"['5828360222_1', '5828360222_2']","['https://inaturalist-open-data.s3.amazonaws.com/photos/565140987/original.jpg', 'https://inaturalist-open-data.s3.amazonaws.com/photos/565142192/original.jpg']"
5828433699,45.911138,10.765962,2025-09-14T11:40,['5828433699_1'],['https://inaturalist-open-data.s3.amazonaws.com/photos/566956471/original.jpg']
5828600626,46.003278,-1.326183,2025-09-08T15:39,['5828600626_1'],['https://inaturalist-open-data.s3.amazonaws.com/photos/564482824/original.jpg']
5828612753,48.488024,2.72194,2025-09-03T14:28:57,"['5828612753_1', '5828612753_2', '5828612753_3', '5828612753_4']","['https://inaturalist-open-data.s3.amazonaws.com/photos/563738115/original.jpg', 'https://inaturalist-open-data.s3.amazonaws.com/photos/563738179/original.jpg', 'https://inaturalist-open-data.s3.amazonaws.com/photos/563738226/original.jpg', 'https://inaturalist-open-data.s3.amazonaws.com/photos/563738335/original.jpg']"
5828655740,48.668369,5.925921,2025-09-02T12:15:49,['5828655740_1'],['https://inaturalist-open-data.s3.amazonaws.com/photos/562674315/original.jpg']
5828708879,44.719546,6.963545,2025-09-14T12:08:48,"['5828708879_1', '5828708879_2']","['https://inaturalist-open-data.s3.amazonaws.com/photos/566722682/original.jpg', 'https://inaturalist-open-data.s3.amazonaws.com/photos/566722698/original.jpg']"
5828716428,42.20015,13.988287,2025-09-04T11:23:14,"['5828716428_1', '5828716428_2', '5828716428_3', '5828716428_4']","['https://inaturalist-open-data.s3.amazonaws.com/photos/562208063/original.jpg', 'https://inaturalist-open-data.s3.amazonaws.com/photos/562208113/original.jpg', 'https://inaturalist-open-data.s3.amazonaws.com/photos/562208191/original.jpg', 'https://inaturalist-open-data.s3.amazonaws.com/photos/562208281/original.jpg']"
5828783907,43.274872,13.071614,2025-09-08T10:52:11,"['5828783907_1', '5828783907_2', '5828783907_3', '5828783907_4', '5828783907_5']","['https://inaturalist-open-data.s3.amazonaws.com/photos/564055925/original.jpg', 'https://inaturalist-open-data.s3.amazonaws.com/photos/564055960/original.jpg', 'https://inaturalist-open-data.s3.amazonaws.com/photos/564056056/original.jpg', 'https://inaturalist-open-data.s3.amazonaws.com/photos/564056151/original.jpg', 'https://inaturalist-open-data.s3.amazonaws.com/photos/564056218/original.jpg']"
5828867490,44.764007,6.935313,2025-09-12T12:02:15,['5828867490_1'],['https://inaturalist-open-data.s3.amazonaws.com/photos/565770075/original.jpg']
5828878526,43.675937,3.674279,2025-09-10T17:59:16,"['5828878526_1', '5828878526_2', '5828878526_3', '5828878526_4']","['https://inaturalist-open-data.s3.amazonaws.com/photos/565133654/original.jpg', 'https://inaturalist-open-data.s3.amazonaws.com/photos/565133648/original.jpg', 'https://inaturalist-open-data.s3.amazonaws.com/photos/565133661/original.jpg', 'https://inaturalist-open-data.s3.amazonaws.com/photos/565133649/original.jpg']"
5830408576,45.658603,11.349115,2025-09-19T15:30,['5830408576_1'],['https://inaturalist-open-data.s3.amazonaws.com/photos/569423576/original.jpg']
5830556151,45.056338,5.580122,2025-09-20T09:06,['5830556151_1'],['https://inaturalist-open-data.s3.amazonaws.com/photos/569573233/original.jpg']
5830607581,44.691528,6.902381,2025-09-14T10:42:31,['5830607581_1'],['https://inaturalist-open-data.s3.amazonaws.com/photos/568664698/original.jpg']
5830671955,48.82968,5.55923,2025-09-20T10:06,['5830671955_1'],['https://inaturalist-open-data.s3.amazonaws.com/photos/569906485/original.jpg']
5830688964,44.833015,6.11949,2025-09-21T10:11:56,"['5830688964_1', '5830688964_2']","['https://inaturalist-open-data.s3.amazonaws.com/photos/570508166/original.jpg', 'https://inaturalist-open-data.s3.amazonaws.com/photos/570508202/original.jpg']"
5830782747,42.333672,10.296352,2025-09-13T14:27:45,['5830782747_1'],['https://inaturalist-open-data.s3.amazonaws.com/photos/568487572/original.jpg']
5830807991,43.817635,10.375524,2025-09-16T21:49,['5830807991_1'],['https://inaturalist-open-data.s3.amazonaws.com/photos/568233791/original.jpg']
5830812250,48.82968,5.55923,2025-09-20T10:34,['5830812250_1'],['https://inaturalist-open-data.s3.amazonaws.com/photos/569906502/original.jpg']
5830872207,44.603171,6.933195,2025-09-14T12:28:35,"['5830872207_1', '5830872207_2', '5830872207_3']","['https://inaturalist-open-data.s3.amazonaws.com/photos/568664402/original.jpg', 'https://inaturalist-open-data.s3.amazonaws.com/photos/568664444/original.jpg', 'https://inaturalist-open-data.s3.amazonaws.com/photos/568664481/original.jpg']"
5830886993,44.722798,6.848342,2025-09-12T11:34:07,['5830886993_1'],['https://inaturalist-open-data.s3.amazonaws.com/photos/568665087/original.jpg']
5830897061,44.165956,5.510417,2025-09-22T15:15:40,['5830897061_1'],['https://inaturalist-open-data.s3.amazonaws.com/photos/570575358/original.jpg']
5831028656,46.031195,10.225705,2025-09-15T16:00:29,"['5831028656_1', '5831028656_2', '5831028656_3']","['https://inaturalist-open-data.s3.amazonaws.com/photos/568213805/original.jpg', 'https://inaturalist-open-data.s3.amazonaws.com/photos/568213853/original.jpg', 'https://inaturalist-open-data.s3.amazonaws.com/photos/568213884/original.jpg']"
5832245983,42.1,-2.9,2025-09-17,"['5832245983_1', '5832245983_2', '5832245983_3']","['https://observation.org/photos/136210003.jpg', 'https://observation.org/photos/136210004.jpg', 'https://observation.org/photos/136210005.jpg']"
5837734868,43.835731,3.370873,2025-09-25T16:40,['5837734868_1'],['https://inaturalist-open-data.s3.amazonaws.com/photos/572364076/original.jpg']
5837783226,44.734287,6.815484,2025-09-14T11:24:33,['5837783226_1'],['https://inaturalist-open-data.s3.amazonaws.com/photos/571980351/original.jpg']
5837882837,45.120965,10.309552,2025-09-29T11:52,"['5837882837_1', '5837882837_2', '5837882837_3']","['https://inaturalist-open-data.s3.amazonaws.com/photos/573735746/original.jpg', 'https://inaturalist-open-data.s3.amazonaws.com/photos/573735953/original.jpg', 'https://inaturalist-open-data.s3.amazonaws.com/photos/573735955/original.jpg']"
5837925859,46.024487,6.881426,2025-09-28T16:10:35,"['5837925859_1', '5837925859_2']","['https://inaturalist-open-data.s3.amazonaws.com/photos/573337992/original.jpg', 'https://inaturalist-open-data.s3.amazonaws.com/photos/573338059/original.jpg']"
5837965694,46.402621,7.682792,2025-09-28T14:41,['5837965694_1'],['https://inaturalist-open-data.s3.amazonaws.com/photos/573402000/original.jpg']
5838014215,43.8968,10.341375,2025-09-16T21:11:24,['5838014215_1'],['https://inaturalist-open-data.s3.amazonaws.com/photos/571391656/original.jpg']
5838024410,45.248067,2.667128,2025-09-18T17:15,"['5838024410_1', '5838024410_2']","['https://inaturalist-open-data.s3.amazonaws.com/photos/571360885/original.jpg', 'https://inaturalist-open-data.s3.amazonaws.com/photos/571361708/original.jpg']"
5838106312,46.143268,11.049569,2025-09-28T20:52,['5838106312_1'],['https://inaturalist-open-data.s3.amazonaws.com/photos/574348950/original.jpg']
5838124843,44.102356,-0.988958,2025-09-28T12:46:54,['5838124843_1'],['https://inaturalist-open-data.s3.amazonaws.com/photos/573187993/original.jpg']
5840363950,45.243916,6.941517,2025-09-28T15:22:07,['5840363950_1'],['https://inaturalist-open-data.s3.amazonaws.com/photos/574774559/original.jpg']
5867727549,48.556902,-1.973789,2025-09-27T15:40,['5867727549_1'],['https://inaturalist-open-data.s3.amazonaws.com/photos/580951054/original.jpg']
5932557667,47.938078,7.264761,2025-09-17T13:59:14,['5932557667_1'],['https://inaturalist-open-data.s3.amazonaws.com/photos/599542908/original.jpg']
6131697541,42.732699,1.691514,2025-09-05T14:17,['6131697541_1'],['https://inaturalist-open-data.s3.amazonaws.com/photos/607933940/original.jpg']
6150459683,44.333034,5.772755,2025-09-05,['6150459683_1'],['https://observation.org/photos/134423584.jpg']
6150664781,47.079722,6.08,2025-09-03,['6150664781_1'],['https://observation.org/photos/134315368.jpg']
6150729829,42.635782,1.49109,2025-09-07,"['6150729829_1', '6150729829_2']","['https://observation.org/photos/138297837.jpg', 'https://observation.org/photos/138297838.jpg']"
6150740337,45.629738,4.033861,2025-09-03,['6150740337_1'],['https://observation.org/photos/134300494.jpg']
6150807206,46.661403,-1.906167,2025-09-21,"['6150807206_1', '6150807206_2']","['https://observation.org/photos/135879472.jpg', 'https://observation.org/photos/135879474.jpg']"
6150819929,44.336172,5.495628,2025-09-26,['6150819929_1'],['https://observation.org/photos/136193198.jpg']
6151445018,44.975113,6.448925,2025-09-15,['6151445018_1'],['https://observation.org/photos/135296359.jpg']
6151591342,44.47918,-1.202738,2025-09-04,['6151591342_1'],['https://observation.org/photos/134503850.jpg']
6151670786,46.202039,2.461581,2025-09-10,['6151670786_1'],['https://observation.org/photos/134906570.jpg']
6151673901,47.097046,-1.390346,2025-09-07,['6151673901_1'],['https://observation.org/photos/134649255.jpg']
6151709862,44.221037,3.611405,2025-09-12,['6151709862_1'],['https://observation.org/photos/135067233.jpg']
6151722600,44.540314,5.507332,2025-09-17,['6151722600_1'],['https://observation.org/photos/135410819.jpg']
6151773490,46.71678,1.187362,2025-09-07,"['6151773490_1', '6151773490_2']","['https://observation.org/photos/134702176.jpg', 'https://observation.org/photos/134702177.jpg']"
6151796340,44.221,3.61142,2025-09-12,['6151796340_1'],['https://observation.org/photos/135084973.jpg']
6152012363,46.202067,2.461656,2025-09-15,['6152012363_1'],['https://observation.org/photos/135297977.jpg']
6152048223,46.202187,2.461623,2025-09-15,['6152048223_1'],['https://observation.org/photos/135319568.jpg']
6152369679,42.622173,1.532797,2025-09-20,['6152369679_1'],['https://observation.org/photos/136119882.jpg']
6170865105,47.876963,7.238903,2025-09-06T15:47:07,['6170865105_1'],['https://inaturalist-open-data.s3.amazonaws.com/photos/618671339/original.jpg']
6178519960,41.813956,2.470157,2025-09-30T18:48:23,"['6178519960_1', '6178519960_2']","['https://inaturalist-open-data.s3.amazonaws.com/photos/621704449/original.jpg', 'https://inaturalist-open-data.s3.amazonaws.com/photos/621704459/original.jpg']"
6179073966,47.258538,6.782265,2025-09-27T14:45,"['6179073966_1', '6179073966_2', '6179073966_3', '6179073966_4']","['https://inaturalist-open-data.s3.amazonaws.com/photos/623522778/original.jpg', 'https://inaturalist-open-data.s3.amazonaws.com/photos/623522780/original.jpg', 'https://inaturalist-open-data.s3.amazonaws.com/photos/623522777/original.jpg', 'https://inaturalist-open-data.s3.amazonaws.com/photos/623522829/original.jpg']"
6179100225,43.919074,11.894131,2025-09-15,['6179100225_1'],['https://inaturalist-open-data.s3.amazonaws.com/photos/621112820/original.jpg']
6341988712,48.39542,2.573029,2025-09-29,['6341988712_1'],['https://observation.org/photos/148734751.jpg']
6342697031,46.033057,8.497609,2025-09-04,['6342697031_1'],['https://observation.org/photos/134374051.jpg']
5839832009,46.081276,7.782223,2025-10-01T14:41:35,['5839832009_1'],['https://inaturalist-open-data.s3.amazonaws.com/photos/574695878/original.jpg']
5840026207,41.644256,2.466947,2025-10-07T11:04:55,['5840026207_1'],['https://inaturalist-open-data.s3.amazonaws.com/photos/577219286/original.jpg']
5840026633,42.860891,-0.455736,2025-10-02T13:13,['5840026633_1'],['https://inaturalist-open-data.s3.amazonaws.com/photos/575152929/original.jpg']
5840049257,43.361735,2.094265,2025-10-02T11:33:11,['5840049257_1'],['https://inaturalist-open-data.s3.amazonaws.com/photos/575350887/original.jpg']
5840086232,43.957843,6.377065,2025-10-04T14:33:19,"['5840086232_1', '5840086232_2']","['https://inaturalist-open-data.s3.amazonaws.com/photos/576542921/original.jpg', 'https://inaturalist-open-data.s3.amazonaws.com/photos/576543089/original.jpg']"
5840193335,42.60541,2.124394,2025-10-04T18:11:13,"['5840193335_1', '5840193335_2', '5840193335_3']","['https://inaturalist-open-data.s3.amazonaws.com/photos/576802263/original.jpg', 'https://inaturalist-open-data.s3.amazonaws.com/photos/576802297/original.jpg', 'https://inaturalist-open-data.s3.amazonaws.com/photos/576802331/original.jpg']"
5840193354,43.570706,11.733113,2025-10-04T08:55,['5840193354_1'],['https://inaturalist-open-data.s3.amazonaws.com/photos/576006697/original.jpg']
5840239102,45.615282,6.672281,2025-10-01T13:42:53,"['5840239102_1', '5840239102_2', '5840239102_3', '5840239102_4', '5840239102_5', '5840239102_6']","['https://inaturalist-open-data.s3.amazonaws.com/photos/574672844/original.jpg', 'https://inaturalist-open-data.s3.amazonaws.com/photos/574673120/original.jpg', 'https://inaturalist-open-data.s3.amazonaws.com/photos/574673439/original.jpg', 'https://inaturalist-open-data.s3.amazonaws.com/photos/574673819/original.jpg', 'https://inaturalist-open-data.s3.amazonaws.com/photos/574674229/original.jpg', 'https://inaturalist-open-data.s3.amazonaws.com/photos/574674523/original.jpg']"
5840264681,42.070114,2.715333,2025-10-03T12:39:04,"['5840264681_1', '5840264681_2']","['https://inaturalist-open-data.s3.amazonaws.com/photos/575435457/original.jpg', 'https://inaturalist-open-data.s3.amazonaws.com/photos/575437911/original.jpg']"
5840278482,45.034029,7.070457,2025-10-06T16:47:09,"['5840278482_1', '5840278482_2']","['https://inaturalist-open-data.s3.amazonaws.com/photos/577220760/original.jpg', 'https://inaturalist-open-data.s3.amazonaws.com/photos/577220786/original.jpg']"
5840294556,42.605499,2.124902,2025-10-04T16:54:47,['5840294556_1'],['https://inaturalist-open-data.s3.amazonaws.com/photos/576755773/original.jpg']
5840308068,45.627719,7.32206,2025-10-01T14:49:48,['5840308068_1'],['https://inaturalist-open-data.s3.amazonaws.com/photos/575036675/original.jpg']
5840405187,45.033591,3.695469,2025-10-01T16:15,['5840405187_1'],['https://inaturalist-open-data.s3.amazonaws.com/photos/574746511/original.jpg']
5840426366,46.588014,11.261182,2025-10-03T12:52,['5840426366_1'],['https://inaturalist-open-data.s3.amazonaws.com/photos/575815948/original.jpg']
5840792915,46.202087,2.461517,2025-10-06,['5840792915_1'],['https://observation.org/photos/137010907.jpg']
5840802972,47.303837,-1.5088,2025-10-06,['5840802972_1'],['https://observation.org/photos/137020623.jpg']
5840985402,46.20227,2.461345,2025-10-06,['5840985402_1'],['https://observation.org/photos/137020345.jpg']
5841035193,46.20208,2.461498,2025-10-06,['5841035193_1'],['https://observation.org/photos/137007352.jpg']
5843939246,45.406588,5.910679,2025-10-11T15:12:31,"['5843939246_1', '5843939246_2', '5843939246_3']","['https://inaturalist-open-data.s3.amazonaws.com/photos/578933598/original.jpg', 'https://inaturalist-open-data.s3.amazonaws.com/photos/578933659/original.jpg', 'https://inaturalist-open-data.s3.amazonaws.com/photos/578933737/original.jpg']"
5844008324,46.241862,9.630591,2025-10-09T12:16:23,['5844008324_1'],['https://inaturalist-open-data.s3.amazonaws.com/photos/578480394/original.jpg']
5844120413,42.73204,-3.800313,2025-10-04T23:16:02,"['5844120413_1', '5844120413_2', '5844120413_3', '5844120413_4']","['https://inaturalist-open-data.s3.amazonaws.com/photos/577518721/original.jpg', 'https://inaturalist-open-data.s3.amazonaws.com/photos/577518733/original.jpg', 'https://inaturalist-open-data.s3.amazonaws.com/photos/577518729/original.jpg', 'https://inaturalist-open-data.s3.amazonaws.com/photos/577518726/original.jpg']"
5844120449,43.998946,7.283367,2025-10-06T11:54,['5844120449_1'],['https://inaturalist-open-data.s3.amazonaws.com/photos/577629937/original.jpg']
5844122935,45.406601,5.910893,2025-10-11T15:08:27,['5844122935_1'],['https://inaturalist-open-data.s3.amazonaws.com/photos/578933507/original.jpg']
5844126235,44.107277,7.356794,2025-10-10T14:00:18,"['5844126235_1', '5844126235_2']","['https://inaturalist-open-data.s3.amazonaws.com/photos/578395567/original.jpg', 'https://inaturalist-open-data.s3.amazonaws.com/photos/578395579/original.jpg']"
5844143284,44.158968,7.250449,2025-10-09T14:37:44,"['5844143284_1', '5844143284_2', '5844143284_3', '5844143284_4']","['https://inaturalist-open-data.s3.amazonaws.com/photos/578561021/original.jpg', 'https://inaturalist-open-data.s3.amazonaws.com/photos/578561050/original.jpg', 'https://inaturalist-open-data.s3.amazonaws.com/photos/578561072/original.jpg', 'https://inaturalist-open-data.s3.amazonaws.com/photos/578561102/original.jpg']"
5844166106,48.375724,2.542537,2025-10-13T14:36:35,"['5844166106_1', '5844166106_2']","['https://inaturalist-open-data.s3.amazonaws.com/photos/580199789/original.jpg', 'https://inaturalist-open-data.s3.amazonaws.com/photos/580199850/original.jpg']"
5844241749,41.954486,12.423305,2025-10-12T10:15:41,"['5844241749_1', '5844241749_2']","['https://inaturalist-open-data.s3.amazonaws.com/photos/579199563/original.jpg', 'https://inaturalist-open-data.s3.amazonaws.com/photos/579199594/original.jpg']"
5844344340,42.702971,-2.138969,2025-10-10T14:46,['5844344340_1'],['https://inaturalist-open-data.s3.amazonaws.com/photos/578501059/original.jpg']
5844378702,44.579467,8.206652,2025-10-12T15:10:01,"['5844378702_1', '5844378702_2']","['https://inaturalist-open-data.s3.amazonaws.com/photos/579278415/original.jpg', 'https://inaturalist-open-data.s3.amazonaws.com/photos/579278448/original.jpg']"
5844463405,44.967636,6.94285,2025-10-02T13:43:22,"['5844463405_1', '5844463405_2']","['https://inaturalist-open-data.s3.amazonaws.com/photos/578345234/original.jpg', 'https://inaturalist-open-data.s3.amazonaws.com/photos/580848632/original.jpg']"
5844518625,42.327798,11.674919,2025-10-09T20:20,['5844518625_1'],['https://inaturalist-open-data.s3.amazonaws.com/photos/578140810/original.jpg']
5844639964,45.67271,10.330958,2025-10-13T14:06:28,['5844639964_1'],['https://inaturalist-open-data.s3.amazonaws.com/photos/579734374/original.jpg']
5867812072,42.013987,2.164851,2025-10-18T11:44:33,['5867812072_1'],['https://inaturalist-open-data.s3.amazonaws.com/photos/581668720/original.jpg']
5867949347,44.713792,9.46745,2025-10-17T14:57:35,"['5867949347_1', '5867949347_2', '5867949347_3', '5867949347_4']","['https://inaturalist-open-data.s3.amazonaws.com/photos/582983516/original.jpg', 'https://inaturalist-open-data.s3.amazonaws.com/photos/582983564/original.jpg', 'https://inaturalist-open-data.s3.amazonaws.com/photos/582983611/original.jpg', 'https://inaturalist-open-data.s3.amazonaws.com/photos/582983654/original.jpg']"
5867962627,43.368282,13.035514,2025-10-20T14:18:15,"['5867962627_1', '5867962627_2', '5867962627_3', '5867962627_4']","['https://inaturalist-open-data.s3.amazonaws.com/photos/582495836/original.jpg', 'https://inaturalist-open-data.s3.amazonaws.com/photos/582495885/original.jpg', 'https://inaturalist-open-data.s3.amazonaws.com/photos/582495945/original.jpg', 'https://inaturalist-open-data.s3.amazonaws.com/photos/582496084/original.jpg']"
5868028291,43.540874,12.386665,2025-10-11T23:16,"['5868028291_1', '5868028291_2', '5868028291_3', '5868028291_4']","['https://inaturalist-open-data.s3.amazonaws.com/photos/582966020/original.jpg', 'https://inaturalist-open-data.s3.amazonaws.com/photos/582966119/original.jpg', 'https://inaturalist-open-data.s3.amazonaws.com/photos/582966189/original.jpg', 'https://inaturalist-open-data.s3.amazonaws.com/photos/582966267/original.jpg']"
5868093389,44.313322,11.213365,2025-10-18T15:00:41,['5868093389_1'],['https://inaturalist-open-data.s3.amazonaws.com/photos/581687949/original.jpg']
5868181657,42.014018,2.165079,2025-10-18T11:44:18,['5868181657_1'],['https://inaturalist-open-data.s3.amazonaws.com/photos/581667535/original.jpg']
5871915953,46.601974,10.795329,2025-10-02T00:00,"['5871915953_1', '5871915953_2']","['https://live.staticflickr.com/65535/54909487197_7ca8a1a9ff_b.jpg', 'https://live.staticflickr.com/65535/54909487082_5c442459e2_b.jpg']"
5889699666,42.827342,13.111658,2025-10-22T11:41:43,['5889699666_1'],['https://inaturalist-open-data.s3.amazonaws.com/photos/583182784/original.jpg']
5889910116,43.837222,3.622222,2025-10-30T16:03:30,"['5889910116_1', '5889910116_2']","['https://inaturalist-open-data.s3.amazonaws.com/photos/586405750/original.jpg', 'https://inaturalist-open-data.s3.amazonaws.com/photos/586405791/original.jpg']"
5890102080,45.20765,7.158956,2025-10-25T11:47:40,"['5890102080_1', '5890102080_2']","['https://inaturalist-open-data.s3.amazonaws.com/photos/584469682/original.jpg', 'https://inaturalist-open-data.s3.amazonaws.com/photos/584469851/original.jpg']"
5892597482,37.883333,14.01696,2025-10-23T18:47,['5892597482_1'],['https://inaturalist-open-data.s3.amazonaws.com/photos/588780303/original.jpg']
5892887778,42.731091,0.811766,2025-10-17T15:39,"['5892887778_1', '5892887778_2']","['https://inaturalist-open-data.s3.amazonaws.com/photos/589339689/original.jpg', 'https://inaturalist-open-data.s3.amazonaws.com/photos/589339803/original.jpg']"
5902040992,42.825683,10.42038,2025-10-21,"['5902040992_1', '5902040992_2', '5902040992_3', '5902040992_4']","['https://observation.org/photos/138566732.jpg', 'https://observation.org/photos/138566734.jpg', 'https://observation.org/photos/138566735.jpg', 'https://observation.org/photos/138566736.jpg']"
5902302626,42.3,-3.2,2025-10-01,['5902302626_1'],['https://observation.org/photos/136649251.jpg']
5902599402,42.3,-3.2,2025-10-01,['5902599402_1'],['https://observation.org/photos/136649540.jpg']
6150599874,46.202075,2.461547,2025-10-06,['6150599874_1'],['https://observation.org/photos/137019095.jpg']
6150685491,47.500703,3.828503,2025-10-31,"['6150685491_1', '6150685491_2']","['https://observation.org/photos/139776247.jpg', 'https://observation.org/photos/139776248.jpg']"
6151583765,47.093971,-1.403326,2025-10-23,['6151583765_1'],['https://observation.org/photos/138758982.jpg']
6183713728,42.473011,2.072418,2025-10-11,['6183713728_1'],['https://observation.org/photos/137432061.jpg']
6186699702,42.913402,11.585157,2025-10-28,['6186699702_1'],['https://observation.org/photos/139182558.jpg']
6399063327,46.60583,10.573161,2025-10-03T15:17,['6399063327_1'],['https://inaturalist-open-data.s3.amazonaws.com/photos/672797067/original.jpg']
6451956806,42.989196,-0.857248,2025-10-20T13:03,"['6451956806_1', '6451956806_2']","['https://inaturalist-open-data.s3.amazonaws.com/photos/697838815/original.jpg', 'https://inaturalist-open-data.s3.amazonaws.com/photos/697838235/original.jpg']"
5892603559,43.999249,3.778646,2025-11-09T16:15:01,"['5892603559_1', '5892603559_2']","['https://inaturalist-open-data.s3.amazonaws.com/photos/589738295/original.jpg', 'https://inaturalist-open-data.s3.amazonaws.com/photos/589738329/original.jpg']"
6422565855,37.695799,14.968498,2025-11-08T21:13,"['6422565855_1', '6422565855_2']","['https://inaturalist-open-data.s3.amazonaws.com/photos/684892401/original.jpg', 'https://inaturalist-open-data.s3.amazonaws.com/photos/684895639/original.jpg']"
5935926067,44.389237,9.074856,2025-12-28T14:29:40,"['5935926067_1', '5935926067_2', '5935926067_3']","['https://inaturalist-open-data.s3.amazonaws.com/photos/603301316/original.jpg', 'https://inaturalist-open-data.s3.amazonaws.com/photos/603301300/original.jpg', 'https://inaturalist-open-data.s3.amazonaws.com/photos/603301293/original.jpg']"
6130449713,42.817016,0.352018,2025-12-07T14:03,"['6130449713_1', '6130449713_2']","['https://inaturalist-open-data.s3.amazonaws.com/photos/609921750/original.jpg', 'https://inaturalist-open-data.s3.amazonaws.com/photos/609922006/original.jpg']"
4516352167,43.648472,3.612369,2024-01-23T13:56,['4516352167_1'],['https://inaturalist-open-data.s3.amazonaws.com/photos/347648620/original.jpeg']
4516407052,42.509089,12.551211,2024-01-18T11:40:49,['4516407052_1'],['https://inaturalist-open-data.s3.amazonaws.com/photos/346835452/original.jpg']
4519140146,43.629636,3.724757,2024-01-31T15:17,"['4519140146_1', '4519140146_2']","['https://inaturalist-open-data.s3.amazonaws.com/photos/349008292/original.jpg', 'https://inaturalist-open-data.s3.amazonaws.com/photos/349009089/original.jpg']"
4522607403,46.546619,6.69511,2024-02-07T15:20,"['4522607403_1', '4522607403_2']","['https://inaturalist-open-data.s3.amazonaws.com/photos/350212267/original.jpeg', 'https://inaturalist-open-data.s3.amazonaws.com/photos/350212428/original.jpeg']"
4522624934,45.580855,2.983457,2024-02-07T14:18:37,['4522624934_1'],['https://inaturalist-open-data.s3.amazonaws.com/photos/350165928/original.jpeg']
4522659898,43.608768,3.749951,2024-02-08T16:16,"['4522659898_1', '4522659898_2', '4522659898_3', '4522659898_4', '4522659898_5']","['https://inaturalist-open-data.s3.amazonaws.com/photos/350366449/original.jpg', 'https://inaturalist-open-data.s3.amazonaws.com/photos/350366570/original.jpg', 'https://inaturalist-open-data.s3.amazonaws.com/photos/350366617/original.jpg', 'https://inaturalist-open-data.s3.amazonaws.com/photos/350366662/original.jpg', 'https://inaturalist-open-data.s3.amazonaws.com/photos/353878781/original.jpg']"
4525064293,43.672561,3.762972,2024-02-14T13:49,['4525064293_1'],['https://inaturalist-open-data.s3.amazonaws.com/photos/351553436/original.jpg']
4525176689,45.799933,4.819343,2024-02-16T13:12:56,"['4525176689_1', '4525176689_2']","['https://inaturalist-open-data.s3.amazonaws.com/photos/351833699/original.jpeg', 'https://inaturalist-open-data.s3.amazonaws.com/photos/351833732/original.jpeg']"
4525250301,47.936784,7.261898,2024-02-15T11:22:59,['4525250301_1'],['https://inaturalist-open-data.s3.amazonaws.com/photos/351968660/original.jpeg']
4528096238,43.678416,3.698137,2024-02-26T12:38,['4528096238_1'],['https://inaturalist-open-data.s3.amazonaws.com/photos/353877934/original.jpg']
4528106209,43.630286,3.611005,2024-02-26T12:08,['4528106209_1'],['https://inaturalist-open-data.s3.amazonaws.com/photos/353877235/original.jpg']
4863501891,44.894558,1.729295,2024-02-28T16:13:45,['4863501891_1'],['https://inaturalist-open-data.s3.amazonaws.com/photos/380520772/original.jpg']
4952381498,43.752218,3.614323,2024-02-26T13:27,['4952381498_1'],['https://inaturalist-open-data.s3.amazonaws.com/photos/439327152/original.jpg']
5063890626,43.677308,3.670696,2024-02-17T15:54,"['5063890626_1', '5063890626_2']","['https://inaturalist-open-data.s3.amazonaws.com/photos/468260230/original.jpeg', 'https://inaturalist-open-data.s3.amazonaws.com/photos/468260229/original.jpeg']"
5108327887,42.556734,1.881801,2024-02-14T12:40:04,"['5108327887_1', '5108327887_2']","['https://inaturalist-open-data.s3.amazonaws.com/photos/480415411/original.jpeg', 'https://inaturalist-open-data.s3.amazonaws.com/photos/480415428/original.jpeg']"
4535724095,43.708637,3.735657,2024-03-04T14:16,['4535724095_1'],['https://inaturalist-open-data.s3.amazonaws.com/photos/355337128/original.jpg']
4535742076,48.397045,2.581693,2024-03-04T16:36,"['4535742076_1', '4535742076_2']","['https://inaturalist-open-data.s3.amazonaws.com/photos/355259513/original.jpeg', 'https://inaturalist-open-data.s3.amazonaws.com/photos/355259504/original.jpeg']"
4535742198,43.694194,3.641135,2024-03-04T13:13,"['4535742198_1', '4535742198_2']","['https://inaturalist-open-data.s3.amazonaws.com/photos/355335778/original.jpg', 'https://inaturalist-open-data.s3.amazonaws.com/photos/355336713/original.jpg']"
4535749024,48.397044,2.581699,2024-03-04T16:39,"['4535749024_1', '4535749024_2']","['https://inaturalist-open-data.s3.amazonaws.com/photos/355259502/original.jpeg', 'https://inaturalist-open-data.s3.amazonaws.com/photos/355259501/original.jpeg']"
4535760057,48.396918,2.583475,2024-03-04T16:46,['4535760057_1'],['https://inaturalist-open-data.s3.amazonaws.com/photos/355259731/original.jpeg']
4535984197,43.638656,3.794583,2024-03-04T12:59,"['4535984197_1', '4535984197_2']","['https://inaturalist-open-data.s3.amazonaws.com/photos/355334720/original.jpg', 'https://inaturalist-open-data.s3.amazonaws.com/photos/355335308/original.jpg']"
4536018128,48.39709,2.581314,2024-03-04T16:32,"['4536018128_1', '4536018128_2']","['https://inaturalist-open-data.s3.amazonaws.com/photos/355258628/original.jpeg', 'https://inaturalist-open-data.s3.amazonaws.com/photos/355258663/original.jpeg']"
4596964166,48.331496,2.774823,2024-03-11T13:17:21,['4596964166_1'],['https://inaturalist-open-data.s3.amazonaws.com/photos/358222226/original.jpg']
4597003750,41.723625,12.449699,2024-03-12T13:50:48,"['4597003750_1', '4597003750_2']","['https://inaturalist-open-data.s3.amazonaws.com/photos/357426629/original.jpeg', 'https://inaturalist-open-data.s3.amazonaws.com/photos/357426728/original.jpeg']"
4597017968,45.605871,1.37373,2024-03-13T15:55,['4597017968_1'],['https://inaturalist-open-data.s3.amazonaws.com/photos/357508444/original.jpg']
4597452270,46.050454,6.171227,2024-03-14T07:40,"['4597452270_1', '4597452270_2', '4597452270_3', '4597452270_4']","['https://inaturalist-open-data.s3.amazonaws.com/photos/357750294/original.jpg', 'https://inaturalist-open-data.s3.amazonaws.com/photos/357750454/original.jpg', 'https://inaturalist-open-data.s3.amazonaws.com/photos/357750455/original.jpg', 'https://inaturalist-open-data.s3.amazonaws.com/photos/357750456/original.jpg']"
4597541520,48.119325,3.585397,2024-03-16T12:00:19,"['4597541520_1', '4597541520_2']","['https://inaturalist-open-data.s3.amazonaws.com/photos/357908944/original.jpg', 'https://inaturalist-open-data.s3.amazonaws.com/photos/357909155/original.jpg']"
4597561190,45.749145,5.435525,2024-03-17T13:58,"['4597561190_1', '4597561190_2', '4597561190_3', '4597561190_4', '4597561190_5', '4597561190_6', '4597561190_7', '4597561190_8', '4597561190_9', '4597561190_10']","['https://inaturalist-open-data.s3.amazonaws.com/photos/358344885/original.jpeg', 'https://inaturalist-open-data.s3.amazonaws.com/photos/358344865/original.jpeg', 'https://inaturalist-open-data.s3.amazonaws.com/photos/358344847/original.jpeg', 'https://inaturalist-open-data.s3.amazonaws.com/photos/358344841/original.jpeg', 'https://inaturalist-open-data.s3.amazonaws.com/photos/358344907/original.jpeg', 'https://inaturalist-open-data.s3.amazonaws.com/photos/358344913/original.jpeg', 'https://inaturalist-open-data.s3.amazonaws.com/photos/358344946/original.jpeg', 'https://inaturalist-open-data.s3.amazonaws.com/photos/358344947/original.jpeg', 'https://inaturalist-open-data.s3.amazonaws.com/photos/358344956/original.jpeg', 'https://inaturalist-open-data.s3.amazonaws.com/photos/358344883/original.jpeg']"
4597570109,41.547152,13.085223,2024-03-17T20:21:34,['4597570109_1'],['https://inaturalist-open-data.s3.amazonaws.com/photos/358337864/original.jpeg']
4597599401,48.427773,2.350515,2024-03-16T13:10,['4597599401_1'],['https://inaturalist-open-data.s3.amazonaws.com/photos/358509167/original.jpeg']
4597607317,48.52749,2.359755,2024-03-16T13:35,['4597607317_1'],['https://inaturalist-open-data.s3.amazonaws.com/photos/358509354/original.jpeg']
4597625787,49.408333,7.376,2024-03-19,"['4597625787_1', '4597625787_2']","['https://inaturalist-open-data.s3.amazonaws.com/photos/358823457/original.jpeg', 'https://inaturalist-open-data.s3.amazonaws.com/photos/358823472/original.jpeg']"
4599870330,48.556987,-1.973329,2024-03-24T12:33,['4599870330_1'],['https://inaturalist-open-data.s3.amazonaws.com/photos/360107986/original.jpeg']
4599878417,48.557027,-1.973178,2024-03-24T14:48,['4599878417_1'],['https://inaturalist-open-data.s3.amazonaws.com/photos/360110473/original.jpeg']
4599920196,45.750133,11.414959,2024-03-24T10:21:58,['4599920196_1'],['https://inaturalist-open-data.s3.amazonaws.com/photos/359964943/original.jpeg']
4599972666,48.55053,-1.889878,2024-03-25T20:45:14,['4599972666_1'],['https://inaturalist-open-data.s3.amazonaws.com/photos/360374238/original.jpeg']
4600168116,43.696437,3.674445,2024-03-24T11:31,"['4600168116_1', '4600168116_2', '4600168116_3', '4600168116_4']","['https://inaturalist-open-data.s3.amazonaws.com/photos/359979403/original.jpeg', 'https://inaturalist-open-data.s3.amazonaws.com/photos/359979406/original.jpeg', 'https://inaturalist-open-data.s3.amazonaws.com/photos/359979408/original.jpeg', 'https://inaturalist-open-data.s3.amazonaws.com/photos/359979427/original.jpeg']"
4600208791,48.422808,-1.810836,2024-03-25T20:46:41,['4600208791_1'],['https://inaturalist-open-data.s3.amazonaws.com/photos/360374364/original.jpeg']
4606667502,46.197573,7.16255,2024-03-29T09:55:40,"['4606667502_1', '4606667502_2']","['https://inaturalist-open-data.s3.amazonaws.com/photos/361305768/original.jpeg', 'https://inaturalist-open-data.s3.amazonaws.com/photos/361305812/original.jpeg']"
4606762937,45.928755,-1.339103,2024-03-30T11:27:48,['4606762937_1'],['https://inaturalist-open-data.s3.amazonaws.com/photos/361533441/original.jpg']
4606842484,47.937203,7.263486,2024-03-31T12:42,"['4606842484_1', '4606842484_2', '4606842484_3', '4606842484_4', '4606842484_5']","['https://inaturalist-open-data.s3.amazonaws.com/photos/362035341/original.jpg', 'https://inaturalist-open-data.s3.amazonaws.com/photos/362035358/original.jpg', 'https://inaturalist-open-data.s3.amazonaws.com/photos/362035392/original.jpg', 'https://inaturalist-open-data.s3.amazonaws.com/photos/362035371/original.jpg', 'https://inaturalist-open-data.s3.amazonaws.com/photos/362035387/original.jpg']"
4606865597,41.566895,13.013828,2024-03-30T14:44:04,['4606865597_1'],['https://inaturalist-open-data.s3.amazonaws.com/photos/361724224/original.jpg']
4606896555,42.93415,1.125258,2024-03-28T12:00,['4606896555_1'],['https://inaturalist-open-data.s3.amazonaws.com/photos/361919975/original.jpeg']
4606951349,43.655457,3.682473,2024-03-28T15:55,"['4606951349_1', '4606951349_2']","['https://inaturalist-open-data.s3.amazonaws.com/photos/361080820/original.jpeg', 'https://inaturalist-open-data.s3.amazonaws.com/photos/361080854/original.jpeg']"
4607142360,41.648734,12.426937,2024-03-12T13:53:51,['4607142360_1'],['https://inaturalist-open-data.s3.amazonaws.com/photos/363254993/original.jpg']
4607206817,43.610638,3.670626,2024-03-28T16:12,"['4607206817_1', '4607206817_2', '4607206817_3']","['https://inaturalist-open-data.s3.amazonaws.com/photos/361080789/original.jpeg', 'https://inaturalist-open-data.s3.amazonaws.com/photos/361080812/original.jpeg', 'https://inaturalist-open-data.s3.amazonaws.com/photos/361080810/original.jpeg']"
4607244552,46.121963,5.891564,2024-03-26T09:01,"['4607244552_1', '4607244552_2', '4607244552_3', '4607244552_4', '4607244552_5', '4607244552_6', '4607244552_7']","['https://inaturalist-open-data.s3.amazonaws.com/photos/360794718/original.jpg', 'https://inaturalist-open-data.s3.amazonaws.com/photos/360794880/original.jpg', 'https://inaturalist-open-data.s3.amazonaws.com/photos/360794879/original.jpg', 'https://inaturalist-open-data.s3.amazonaws.com/photos/360794882/original.jpg', 'https://inaturalist-open-data.s3.amazonaws.com/photos/360794883/original.jpg', 'https://inaturalist-open-data.s3.amazonaws.com/photos/360794886/original.jpg', 'https://inaturalist-open-data.s3.amazonaws.com/photos/360794903/original.jpg']"
4607273772,41.73062,12.467077,2024-03-22T09:28:04,['4607273772_1'],['https://inaturalist-open-data.s3.amazonaws.com/photos/362343937/original.jpeg']
4607403923,47.943415,7.259878,2024-03-31T15:48,"['4607403923_1', '4607403923_2', '4607403923_3', '4607403923_4', '4607403923_5']","['https://inaturalist-open-data.s3.amazonaws.com/photos/362035461/original.jpg', 'https://inaturalist-open-data.s3.amazonaws.com/photos/362035508/original.jpg', 'https://inaturalist-open-data.s3.amazonaws.com/photos/362035522/original.jpg', 'https://inaturalist-open-data.s3.amazonaws.com/photos/362035515/original.jpg', 'https://inaturalist-open-data.s3.amazonaws.com/photos/362035573/original.jpg']"
4607643082,47.165763,-2.167576,2024-03-25T13:45:32,['4607643082_1'],['https://inaturalist-open-data.s3.amazonaws.com/photos/363096208/original.jpeg']
4852971437,42.412452,13.809873,2024-03-24T12:28,['4852971437_1'],['https://inaturalist-open-data.s3.amazonaws.com/photos/369955822/original.jpg']
4863359862,45.200253,10.748222,2024-03-14T12:18:49,['4863359862_1'],['https://inaturalist-open-data.s3.amazonaws.com/photos/381403662/original.jpeg']
4863645728,45.201034,10.745203,2024-03-14T11:21:16,['4863645728_1'],['https://inaturalist-open-data.s3.amazonaws.com/photos/381403149/original.jpeg']
4863649546,45.200253,10.748222,2024-03-14T12:20:53,['4863649546_1'],['https://inaturalist-open-data.s3.amazonaws.com/photos/381403988/original.jpeg']
4863959427,45.200818,10.747922,2024-03-14T12:10:24,['4863959427_1'],['https://inaturalist-open-data.s3.amazonaws.com/photos/381403475/original.jpeg']
4880764238,43.178467,11.547496,2024-03-31,['4880764238_1'],['https://observation.org/photos/86149797.jpg']
4882942549,48.432872,2.635828,2024-03-22,['4882942549_1'],['https://observation.org/photos/85761154.jpg']
4883231591,48.432863,2.635803,2024-03-22,['4883231591_1'],['https://observation.org/photos/85756292.jpg']
4886129760,48.432822,2.635825,2024-03-22,['4886129760_1'],['https://observation.org/photos/85755247.jpg']
4888759844,48.432863,2.635812,2024-03-22,['4888759844_1'],['https://observation.org/photos/85755514.jpg']
4891287723,48.432872,2.635828,2024-03-22,['4891287723_1'],['https://observation.org/photos/85761186.jpg']
4891306330,48.432822,2.635825,2024-03-22,['4891306330_1'],['https://observation.org/photos/85755167.jpg']
4901712259,45.867781,3.400222,2024-03-19T11:09,['4901712259_1'],['https://inaturalist-open-data.s3.amazonaws.com/photos/397936212/original.jpeg']
4903873590,48.396422,2.573831,2024-03-24T15:25,['4903873590_1'],['https://inaturalist-open-data.s3.amazonaws.com/photos/401605696/original.jpeg']
4952400285,43.687744,3.717178,2024-03-30T15:58,['4952400285_1'],['https://inaturalist-open-data.s3.amazonaws.com/photos/439328273/original.jpg']
4952438110,43.795178,3.739873,2024-03-30T16:20,['4952438110_1'],['https://inaturalist-open-data.s3.amazonaws.com/photos/439327672/original.jpg']
4952832724,43.704417,3.621915,2024-03-28T14:31,['4952832724_1'],['https://inaturalist-open-data.s3.amazonaws.com/photos/439328162/original.jpg']
4952865497,43.643998,3.722768,2024-03-04T14:22,['4952865497_1'],['https://inaturalist-open-data.s3.amazonaws.com/photos/439326060/original.jpg']
4953081891,43.761586,3.782258,2024-03-21T15:42,['4953081891_1'],['https://inaturalist-open-data.s3.amazonaws.com/photos/439327517/original.jpg']
4980434152,40.75463,16.369426,2024-03-16T11:32,['4980434152_1'],['https://inaturalist-open-data.s3.amazonaws.com/photos/449151947/original.jpg']
5087186829,46.166123,-0.807567,2024-03-21T13:15,['5087186829_1'],['https://inaturalist-open-data.s3.amazonaws.com/photos/472684151/original.jpeg']
5087244831,46.073461,-0.975292,2024-03-21T15:47,['5087244831_1'],['https://inaturalist-open-data.s3.amazonaws.com/photos/472683654/original.jpeg']
5230845582,46.128039,7.090567,2024-03-16T14:01,['5230845582_1'],['https://inaturalist-open-data.s3.amazonaws.com/photos/464716627/original.jpeg']
5932529423,45.027247,4.820885,2024-03-23T16:55:29,"['5932529423_1', '5932529423_2', '5932529423_3']","['https://inaturalist-open-data.s3.amazonaws.com/photos/599771332/original.jpg', 'https://inaturalist-open-data.s3.amazonaws.com/photos/599771413/original.jpg', 'https://inaturalist-open-data.s3.amazonaws.com/photos/599771520/original.jpg']"
6151491465,44.505897,1.653912,2024-03-29,['6151491465_1'],['https://observation.org/photos/88839032.jpg']
4606801111,46.100118,6.147295,2024-04-06T12:31,"['4606801111_1', '4606801111_2']","['https://inaturalist-open-data.s3.amazonaws.com/photos/363768048/original.jpeg', 'https://inaturalist-open-data.s3.amazonaws.com/photos/363768059/original.jpg']"
4606997217,47.177925,-1.241753,2024-04-03T14:04:01,['4606997217_1'],['https://inaturalist-open-data.s3.amazonaws.com/photos/362919546/original.jpg']
4607005496,42.512737,12.580585,2024-04-02T14:18,['4607005496_1'],['https://inaturalist-open-data.s3.amazonaws.com/photos/362599826/original.jpg']
4607068400,42.821497,-2.691857,2024-04-03T11:04:52,['4607068400_1'],['https://inaturalist-open-data.s3.amazonaws.com/photos/362829289/original.jpg']
4607069113,43.860019,11.255176,2024-04-04T14:24:26,"['4607069113_1', '4607069113_2']","['https://inaturalist-open-data.s3.amazonaws.com/photos/363117525/original.jpeg', 'https://inaturalist-open-data.s3.amazonaws.com/photos/363117569/original.jpeg']"
4607078470,43.42954,12.079042,2024-04-04T12:24:42,['4607078470_1'],['https://inaturalist-open-data.s3.amazonaws.com/photos/363163142/original.jpeg']
4607106837,48.34235,2.777288,2024-04-06T11:52,['4607106837_1'],['https://inaturalist-open-data.s3.amazonaws.com/photos/363762391/original.jpg']
4607119441,46.123296,5.888903,2024-04-05T08:20,"['4607119441_1', '4607119441_2', '4607119441_3', '4607119441_4', '4607119441_5', '4607119441_6']","['https://inaturalist-open-data.s3.amazonaws.com/photos/363610282/original.jpg', 'https://inaturalist-open-data.s3.amazonaws.com/photos/363610378/original.jpg', 'https://inaturalist-open-data.s3.amazonaws.com/photos/363610392/original.jpg', 'https://inaturalist-open-data.s3.amazonaws.com/photos/363610440/original.jpg', 'https://inaturalist-open-data.s3.amazonaws.com/photos/363610456/original.jpg', 'https://inaturalist-open-data.s3.amazonaws.com/photos/363610459/original.jpg']"
4607125515,42.30722,2.734212,2024-04-06T13:33:51,['4607125515_1'],['https://inaturalist-open-data.s3.amazonaws.com/photos/363649525/original.jpg']
4607143302,48.342596,2.777422,2024-04-06T13:17,['4607143302_1'],['https://inaturalist-open-data.s3.amazonaws.com/photos/363764029/original.jpg']
4607197452,48.34161,2.775706,2024-04-06T12:17,['4607197452_1'],['https://inaturalist-open-data.s3.amazonaws.com/photos/363763157/original.jpg']
4607229613,45.236221,9.008695,2024-04-06T08:14,['4607229613_1'],['https://inaturalist-open-data.s3.amazonaws.com/photos/363679322/original.jpeg']
4607277225,45.07695,7.16607,2024-04-08T10:50:34,"['4607277225_1', '4607277225_2']","['https://inaturalist-open-data.s3.amazonaws.com/photos/364417069/original.jpeg', 'https://inaturalist-open-data.s3.amazonaws.com/photos/364417092/original.jpeg']"
4607474559,44.981342,-1.202455,2024-04-03T15:15:20,['4607474559_1'],['https://inaturalist-open-data.s3.amazonaws.com/photos/363332385/original.jpg']
4607485725,42.729041,-3.5239,2024-04-06T15:01:35,"['4607485725_1', '4607485725_2']","['https://inaturalist-open-data.s3.amazonaws.com/photos/363960637/original.jpeg', 'https://inaturalist-open-data.s3.amazonaws.com/photos/363960658/original.jpeg']"
4607626857,43.267185,12.016632,2024-04-09T11:59:19,['4607626857_1'],['https://inaturalist-open-data.s3.amazonaws.com/photos/364743639/original.jpeg']
4607629435,46.121963,5.891564,2024-04-05T10:37,"['4607629435_1', '4607629435_2', '4607629435_3', '4607629435_4', '4607629435_5', '4607629435_6']","['https://inaturalist-open-data.s3.amazonaws.com/photos/363635481/original.jpg', 'https://inaturalist-open-data.s3.amazonaws.com/photos/363635554/original.jpg', 'https://inaturalist-open-data.s3.amazonaws.com/photos/363635556/original.jpg', 'https://inaturalist-open-data.s3.amazonaws.com/photos/363635558/original.jpg', 'https://inaturalist-open-data.s3.amazonaws.com/photos/363635559/original.jpg', 'https://inaturalist-open-data.s3.amazonaws.com/photos/363635587/original.jpg']"
4607629508,46.417681,6.97422,2024-04-06T11:49,['4607629508_1'],['https://inaturalist-open-data.s3.amazonaws.com/photos/363664481/original.jpg']
4846735031,45.442649,1.136379,2024-04-08T20:26,"['4846735031_1', '4846735031_2']","['https://inaturalist-open-data.s3.amazonaws.com/photos/365314535/original.jpg', 'https://inaturalist-open-data.s3.amazonaws.com/photos/365314534/original.jpg']"
4846814807,48.486326,2.369084,2024-04-11T12:19:05,['4846814807_1'],['https://inaturalist-open-data.s3.amazonaws.com/photos/365330222/original.jpeg']
4846845055,43.288426,1.81399,2024-04-14T11:20:12,['4846845055_1'],['https://inaturalist-open-data.s3.amazonaws.com/photos/366350543/original.jpeg']
4846857231,45.871021,8.818795,2024-04-15T14:17:56,"['4846857231_1', '4846857231_2']","['https://inaturalist-open-data.s3.amazonaws.com/photos/366836707/original.jpeg', 'https://inaturalist-open-data.s3.amazonaws.com/photos/366836971/original.jpeg']"
4846896678,43.52183,11.801759,2024-04-12T14:29:21,['4846896678_1'],['https://inaturalist-open-data.s3.amazonaws.com/photos/365663988/original.jpeg']
4846937819,48.503922,2.370225,2024-04-11T15:04:45,['4846937819_1'],['https://inaturalist-open-data.s3.amazonaws.com/photos/365359143/original.jpeg']
4846959047,42.66458,-2.375346,2024-04-14T12:41:50,['4846959047_1'],['https://inaturalist-open-data.s3.amazonaws.com/photos/366366155/original.jpeg']
4846976917,48.486407,2.369238,2024-04-11T12:20:11,['4846976917_1'],['https://inaturalist-open-data.s3.amazonaws.com/photos/365330503/original.jpeg']
4847012009,41.944484,12.922127,2024-04-15T17:06:05,['4847012009_1'],['https://inaturalist-open-data.s3.amazonaws.com/photos/366857540/original.jpeg']
4847024043,41.570742,13.007376,2024-04-13T20:43,['4847024043_1'],['https://inaturalist-open-data.s3.amazonaws.com/photos/366113478/original.jpg']
4847024786,46.863888,8.348163,2024-04-15T12:56:27,['4847024786_1'],['https://inaturalist-open-data.s3.amazonaws.com/photos/366938155/original.jpg']
4847046455,46.436082,7.190059,2024-04-14T13:48,"['4847046455_1', '4847046455_2']","['https://inaturalist-open-data.s3.amazonaws.com/photos/366534719/original.jpg', 'https://inaturalist-open-data.s3.amazonaws.com/photos/366550993/original.jpg']"
4847055219,45.933163,10.885042,2024-04-16T09:36:31,['4847055219_1'],['https://inaturalist-open-data.s3.amazonaws.com/photos/367483142/original.jpeg']
4847080534,48.486015,2.373252,2024-04-11T11:54:46,['4847080534_1'],['https://inaturalist-open-data.s3.amazonaws.com/photos/365326202/original.jpeg']
4847099529,42.246661,12.0779,2024-04-14T08:41:40,"['4847099529_1', '4847099529_2']","['https://inaturalist-open-data.s3.amazonaws.com/photos/366321410/original.jpeg', 'https://inaturalist-open-data.s3.amazonaws.com/photos/366321437/original.jpeg']"
4847132863,42.30722,2.734212,2024-04-06T13:33:51,['4847132863_1'],['https://inaturalist-open-data.s3.amazonaws.com/photos/365961751/original.jpg']
4847139584,44.957674,7.175231,2024-04-11T11:09,['4847139584_1'],['https://inaturalist-open-data.s3.amazonaws.com/photos/367200583/original.jpg']
4847169130,44.19923,10.840178,2024-04-15T16:03:59,"['4847169130_1', '4847169130_2', '4847169130_3']","['https://inaturalist-open-data.s3.amazonaws.com/photos/366952945/original.jpg', 'https://inaturalist-open-data.s3.amazonaws.com/photos/366954214/original.jpg', 'https://inaturalist-open-data.s3.amazonaws.com/photos/366954359/original.jpg']"
4847179446,48.26154,4.778052,2024-04-13T10:11,"['4847179446_1', '4847179446_2']","['https://inaturalist-open-data.s3.amazonaws.com/photos/366089040/original.jpeg', 'https://inaturalist-open-data.s3.amazonaws.com/photos/366089973/original.jpeg']"
4847212827,46.013791,11.084024,2024-04-15T10:53,['4847212827_1'],['https://inaturalist-open-data.s3.amazonaws.com/photos/367128722/original.jpg']
4847220919,42.610285,12.582623,2024-04-13T08:02:52,['4847220919_1'],['https://inaturalist-open-data.s3.amazonaws.com/photos/365921556/original.jpeg']
4851742480,48.48628,2.371885,2024-04-26T10:57,['4851742480_1'],['https://inaturalist-open-data.s3.amazonaws.com/photos/373800820/original.jpg']
4851810903,41.823824,2.378784,2024-04-24T09:16,"['4851810903_1', '4851810903_2']","['https://inaturalist-open-data.s3.amazonaws.com/photos/370030742/original.jpeg', 'https://inaturalist-open-data.s3.amazonaws.com/photos/370030744/original.jpeg']"
4851839391,41.721851,12.393807,2024-04-26T13:21:43,"['4851839391_1', '4851839391_2']","['https://inaturalist-open-data.s3.amazonaws.com/photos/371090119/original.jpeg', 'https://inaturalist-open-data.s3.amazonaws.com/photos/371090208/original.jpeg']"
4851870509,46.416291,6.613601,2024-04-13T18:51,"['4851870509_1', '4851870509_2']","['https://inaturalist-open-data.s3.amazonaws.com/photos/367484536/original.jpg', 'https://inaturalist-open-data.s3.amazonaws.com/photos/367484543/original.jpg']"
4851881382,43.120186,10.796264,2024-04-15T12:04,['4851881382_1'],['https://inaturalist-open-data.s3.amazonaws.com/photos/368298860/original.jpeg']
4851958545,47.945435,7.253516,2024-04-20T18:03:17,['4851958545_1'],['https://inaturalist-open-data.s3.amazonaws.com/photos/368789863/original.jpeg']
4851980183,41.721912,12.39382,2024-04-26T13:31,['4851980183_1'],['https://inaturalist-open-data.s3.amazonaws.com/photos/371505051/original.jpg']
4852013520,45.560729,8.689149,2024-04-17T15:09:02,['4852013520_1'],['https://inaturalist-open-data.s3.amazonaws.com/photos/367514925/original.jpg']
4852102894,41.721563,12.393567,2024-04-26T13:22:02,['4852102894_1'],['https://inaturalist-open-data.s3.amazonaws.com/photos/370993631/original.jpg']
4852230212,48.511002,2.370126,2024-04-26T12:00,['4852230212_1'],['https://inaturalist-open-data.s3.amazonaws.com/photos/373800845/original.jpg']
4852275568,48.285333,2.698333,2024-04-26T16:49,['4852275568_1'],['https://inaturalist-open-data.s3.amazonaws.com/photos/373800897/original.jpg']
4852283102,44.578768,7.306898,2024-04-07T14:04,['4852283102_1'],['https://inaturalist-open-data.s3.amazonaws.com/photos/367926661/original.jpeg']
4852317265,41.772304,12.400762,2024-04-26T13:22:06,['4852317265_1'],['https://inaturalist-open-data.s3.amazonaws.com/photos/374166207/original.jpeg']
4852352333,48.210411,4.639259,2024-04-28T08:53,['4852352333_1'],['https://inaturalist-open-data.s3.amazonaws.com/photos/373806263/original.jpg']
4852384497,46.454543,6.643289,2024-04-13T18:46:59,"['4852384497_1', '4852384497_2']","['https://inaturalist-open-data.s3.amazonaws.com/photos/367484605/original.jpg', 'https://inaturalist-open-data.s3.amazonaws.com/photos/367484621/original.jpg']"
4852478488,44.53857,8.781498,2024-04-08T13:32:45,['4852478488_1'],['https://inaturalist-open-data.s3.amazonaws.com/photos/368213907/original.jpeg']
4852513571,48.285301,2.698256,2024-04-26T16:47,['4852513571_1'],['https://inaturalist-open-data.s3.amazonaws.com/photos/373800880/original.jpg']
4852532499,48.510294,2.37032,2024-04-26T12:07,['4852532499_1'],['https://inaturalist-open-data.s3.amazonaws.com/photos/373800850/original.jpg']
4852641187,48.21143,4.6396,2024-04-27T13:12,['4852641187_1'],['https://inaturalist-open-data.s3.amazonaws.com/photos/373801047/original.jpg']
4852776282,48.570045,2.666575,2024-04-17T12:58:40,['4852776282_1'],['https://inaturalist-open-data.s3.amazonaws.com/photos/368114248/original.jpeg']
4852885394,48.547504,2.765777,2024-04-17T12:03:01,['4852885394_1'],['https://inaturalist-open-data.s3.amazonaws.com/photos/368114169/original.jpeg']
4852895490,42.799721,12.365713,2024-04-17T16:19,['4852895490_1'],['https://inaturalist-open-data.s3.amazonaws.com/photos/368091871/original.jpg']
4852901689,45.093668,4.714864,2024-04-11T14:04,['4852901689_1'],['https://inaturalist-open-data.s3.amazonaws.com/photos/369682321/original.jpeg']
4852924085,45.127191,7.977935,2024-04-24T15:41:52,['4852924085_1'],['https://inaturalist-open-data.s3.amazonaws.com/photos/369979793/original.jpeg']
4852962742,46.008529,8.48172,2024-04-07,['4852962742_1'],['https://inaturalist-open-data.s3.amazonaws.com/photos/370252192/original.jpeg']
4853020839,46.008567,8.481714,2024-04-14T15:19:19,['4853020839_1'],['https://inaturalist-open-data.s3.amazonaws.com/photos/370243335/original.jpeg']
4853053731,44.139783,6.894408,2024-04-17T20:02:16,['4853053731_1'],['https://inaturalist-open-data.s3.amazonaws.com/photos/369951868/original.jpeg']
4853068135,44.428008,4.931947,2024-04-27T15:50:22,['4853068135_1'],['https://inaturalist-open-data.s3.amazonaws.com/photos/372770762/original.jpg']
4853143636,48.286267,2.699357,2024-04-26T17:13,['4853143636_1'],['https://inaturalist-open-data.s3.amazonaws.com/photos/373800917/original.jpg']
4853203953,48.285355,2.69841,2024-04-26T16:55,['4853203953_1'],['https://inaturalist-open-data.s3.amazonaws.com/photos/373800904/original.jpg']
4855441743,45.954958,9.35458,2024-04-14T18:02,['4855441743_1'],['https://inaturalist-open-data.s3.amazonaws.com/photos/375756259/original.jpg']
4867669523,48.07966,-0.484127,2024-04-18T10:30,['4867669523_1'],['https://inaturalist-open-data.s3.amazonaws.com/photos/383927853/original.jpeg']
4867950146,41.744603,12.399959,2024-04-26T13:19:54,['4867950146_1'],['https://inaturalist-open-data.s3.amazonaws.com/photos/375629902/original.jpeg']
4872227519,44.588141,8.789049,2024-04-08T13:32:39,"['4872227519_1', '4872227519_2']","['https://inaturalist-open-data.s3.amazonaws.com/photos/385345090/original.png', 'https://inaturalist-open-data.s3.amazonaws.com/photos/385345092/original.png']"
4882206410,47.51104,0.274928,2024-04-17,['4882206410_1'],['https://observation.org/photos/87993265.jpg']
4882386675,40.880466,17.277484,2024-04-04,['4882386675_1'],['https://observation.org/photos/86530241.jpg']
4882536230,47.511166,0.273325,2024-04-03,['4882536230_1'],['https://observation.org/photos/86478819.jpg']
4883915201,46.680525,2.279717,2024-04-06,['4883915201_1'],['https://observation.org/photos/86894415.jpg']
4886459720,43.24105,12.165219,2024-04-12,['4886459720_1'],['https://observation.org/photos/87646170.jpg']
4889757889,47.511318,0.274305,2024-04-17,['4889757889_1'],['https://observation.org/photos/87993207.jpg']
4900860661,44.978245,-1.20232,2024-04-27T17:40:14,['4900860661_1'],['https://inaturalist-open-data.s3.amazonaws.com/photos/398377566/original.jpg']
4901143620,45.021331,-1.197378,2024-04-29T11:50:42,['4901143620_1'],['https://inaturalist-open-data.s3.amazonaws.com/photos/398374280/original.jpg']
4901823528,45.028745,-1.196303,2024-04-30T13:45:54,"['4901823528_1', '4901823528_2']","['https://inaturalist-open-data.s3.amazonaws.com/photos/398376732/original.jpg', 'https://inaturalist-open-data.s3.amazonaws.com/photos/398376827/original.jpg']"
4901870484,44.981342,-1.202455,2024-04-03T15:15:20,['4901870484_1'],['https://inaturalist-open-data.s3.amazonaws.com/photos/398378482/original.jpg']
4930936316,48.829584,5.559172,2024-04-26,['4930936316_1'],['https://observation.org/photos/91766993.jpg']
4931577385,48.82,5.55,2024-04-26,['4931577385_1'],['https://observation.org/photos/88587866.jpg']
4937165669,46.341778,13.523912,2024-04-12T12:37:37,['4937165669_1'],['https://inaturalist-open-data.s3.amazonaws.com/photos/365721582/original.jpg']
4945489222,42.3082,-3.523265,2024-04-05T15:35:49,['4945489222_1'],['https://inaturalist-open-data.s3.amazonaws.com/photos/363472054/original.jpg']
4946087042,46.13964,5.356457,2024-04-20T16:38,['4946087042_1'],['https://inaturalist-open-data.s3.amazonaws.com/photos/427068487/original.jpeg']
4953071104,43.702339,3.847551,2024-04-01T15:23,['4953071104_1'],['https://inaturalist-open-data.s3.amazonaws.com/photos/439328719/original.jpeg']
4953123844,40.662477,17.096711,2024-04-06T11:15,['4953123844_1'],['https://inaturalist-open-data.s3.amazonaws.com/photos/436542582/original.jpg']
4974281958,45.113913,6.751423,2024-04-19T12:26,['4974281958_1'],['https://inaturalist-open-data.s3.amazonaws.com/photos/443882701/original.jpeg']
4980281292,40.647607,17.139981,2024-04-06T10:09,['4980281292_1'],['https://inaturalist-open-data.s3.amazonaws.com/photos/449120101/original.jpeg']
4987734955,46.150929,5.348189,2024-04-20T16:38,['4987734955_1'],['https://inaturalist-open-data.s3.amazonaws.com/photos/452554710/original.jpeg']
4987752385,44.82568,4.069465,2024-04-14T12:03,"['4987752385_1', '4987752385_2']","['https://inaturalist-open-data.s3.amazonaws.com/photos/452548201/original.jpeg', 'https://inaturalist-open-data.s3.amazonaws.com/photos/452548204/original.jpeg']"
4987809773,44.951859,4.040362,2024-04-14T11:19,"['4987809773_1', '4987809773_2']","['https://inaturalist-open-data.s3.amazonaws.com/photos/452548174/original.jpeg', 'https://inaturalist-open-data.s3.amazonaws.com/photos/452548183/original.jpeg']"
4993782965,42.369867,-3.408122,2024-04-18T13:20:35,['4993782965_1'],['https://inaturalist-open-data.s3.amazonaws.com/photos/456299596/original.jpeg']
4994279999,42.290452,-3.515071,2024-04-18T13:05:05,['4994279999_1'],['https://inaturalist-open-data.s3.amazonaws.com/photos/456299726/original.jpeg']
4994578085,42.278707,-3.484342,2024-04-18T12:58,['4994578085_1'],['https://inaturalist-open-data.s3.amazonaws.com/photos/454678921/original.jpg']
5077124090,47.939556,7.268263,2024-04-06T11:01:10,['5077124090_1'],['https://inaturalist-open-data.s3.amazonaws.com/photos/472022108/original.jpeg']
5140251377,48.266809,2.685801,2024-04-18T16:01:43,"['5140251377_1', '5140251377_2']","['https://inaturalist-open-data.s3.amazonaws.com/photos/490629971/original.jpeg', 'https://inaturalist-open-data.s3.amazonaws.com/photos/490693108/original.jpeg']"
6150607053,47.511364,0.27264,2024-04-10,"['6150607053_1', '6150607053_2']","['https://observation.org/photos/87521021.jpg', 'https://observation.org/photos/87521022.jpg']"
6151117691,47.477505,0.555667,2024-04-03,['6151117691_1'],['https://observation.org/photos/86478806.jpg']
6151500120,47.510521,0.273398,2024-04-17,['6151500120_1'],['https://observation.org/photos/87993254.jpg']
6151594385,46.413364,2.923908,2024-04-20,['6151594385_1'],['https://observation.org/photos/88139677.jpg']
6151786536,43.453667,2.853699,2024-04-20,"['6151786536_1', '6151786536_2']","['https://observation.org/photos/88112075.jpg', 'https://observation.org/photos/88112076.jpg']"
6353051050,42.312022,12.69328,2024-04-06T15:15:20,"['6353051050_1', '6353051050_2', '6353051050_3', '6353051050_4', '6353051050_5', '6353051050_6', '6353051050_7', '6353051050_8', '6353051050_9']","['https://inaturalist-open-data.s3.amazonaws.com/photos/363809821/original.jpeg', 'https://inaturalist-open-data.s3.amazonaws.com/photos/363809905/original.jpeg', 'https://inaturalist-open-data.s3.amazonaws.com/photos/363809982/original.jpeg', 'https://inaturalist-open-data.s3.amazonaws.com/photos/363810040/original.jpeg', 'https://inaturalist-open-data.s3.amazonaws.com/photos/363810121/original.jpeg', 'https://inaturalist-open-data.s3.amazonaws.com/photos/363810332/original.jpeg', 'https://inaturalist-open-data.s3.amazonaws.com/photos/363810482/original.jpeg', 'https://inaturalist-open-data.s3.amazonaws.com/photos/363810566/original.jpeg', 'https://inaturalist-open-data.s3.amazonaws.com/photos/363810638/original.jpeg']"
6413102663,43.35995,11.507912,2024-04-15T07:43:49,['6413102663_1'],['https://inaturalist-open-data.s3.amazonaws.com/photos/680582845/original.jpg']
4855043126,45.378402,5.356676,2024-05-04T13:53,"['4855043126_1', '4855043126_2']","['https://inaturalist-open-data.s3.amazonaws.com/photos/377114712/original.jpeg', 'https://inaturalist-open-data.s3.amazonaws.com/photos/377114776/original.jpeg']"
4855361066,46.301107,8.110092,2024-05-03T14:30:48,"['4855361066_1', '4855361066_2', '4855361066_3']","['https://inaturalist-open-data.s3.amazonaws.com/photos/376647192/original.jpg', 'https://inaturalist-open-data.s3.amazonaws.com/photos/376647215/original.jpg', 'https://inaturalist-open-data.s3.amazonaws.com/photos/376647237/original.jpg']"
4855562441,44.970242,-1.203392,2024-05-03T15:27:03,['4855562441_1'],['https://inaturalist-open-data.s3.amazonaws.com/photos/378567989/original.jpg']
4863343654,48.830287,5.563228,2024-05-10T10:19:47,"['4863343654_1', '4863343654_2']","['https://inaturalist-open-data.s3.amazonaws.com/photos/379620182/original.jpg', 'https://inaturalist-open-data.s3.amazonaws.com/photos/379620200/original.jpg']"
4863365331,47.1681,7.006713,2024-05-09T14:47:04,"['4863365331_1', '4863365331_2']","['https://inaturalist-open-data.s3.amazonaws.com/photos/379430777/original.jpg', 'https://inaturalist-open-data.s3.amazonaws.com/photos/379430799/original.jpg']"
4863374308,43.245245,1.863831,2024-05-11T09:01,['4863374308_1'],['https://inaturalist-open-data.s3.amazonaws.com/photos/380623507/original.jpeg']
4863434479,48.843217,5.564895,2024-05-11T10:08:04,"['4863434479_1', '4863434479_2']","['https://inaturalist-open-data.s3.amazonaws.com/photos/379995157/original.jpg', 'https://inaturalist-open-data.s3.amazonaws.com/photos/379995174/original.jpg']"
4863439060,42.898741,-0.204749,2024-05-11T15:12:46,['4863439060_1'],['https://inaturalist-open-data.s3.amazonaws.com/photos/380163418/original.jpeg']
4863453596,44.66787,5.699727,2024-05-11T10:43:03,['4863453596_1'],['https://inaturalist-open-data.s3.amazonaws.com/photos/380455272/original.jpg']
4863462960,44.56799,8.310691,2024-05-12T16:46:24,"['4863462960_1', '4863462960_2', '4863462960_3']","['https://inaturalist-open-data.s3.amazonaws.com/photos/380559108/original.jpeg', 'https://inaturalist-open-data.s3.amazonaws.com/photos/380559218/original.jpeg', 'https://inaturalist-open-data.s3.amazonaws.com/photos/380559356/original.jpeg']"
4863469300,46.735792,-0.611656,2024-05-13T16:50:41,"['4863469300_1', '4863469300_2']","['https://inaturalist-open-data.s3.amazonaws.com/photos/381018858/original.jpg', 'https://inaturalist-open-data.s3.amazonaws.com/photos/381018920/original.jpg']"
4863497554,48.21748,2.716658,2024-05-13T10:40:52,['4863497554_1'],['https://inaturalist-open-data.s3.amazonaws.com/photos/380932508/original.jpg']
4863505249,47.058466,7.19538,2024-05-09T15:33:28,['4863505249_1'],['https://inaturalist-open-data.s3.amazonaws.com/photos/379431113/original.jpg']
4863517259,43.559101,3.138888,2024-05-09T12:30,['4863517259_1'],['https://inaturalist-open-data.s3.amazonaws.com/photos/379274651/original.jpg']
4863535936,44.01354,6.995474,2024-05-12,['4863535936_1'],['https://inaturalist-open-data.s3.amazonaws.com/photos/380542144/original.jpeg']
4863549646,46.759813,11.635303,2024-05-11T22:35:12,"['4863549646_1', '4863549646_2', '4863549646_3', '4863549646_4']","['https://inaturalist-open-data.s3.amazonaws.com/photos/380471424/original.jpg', 'https://inaturalist-open-data.s3.amazonaws.com/photos/380471444/original.jpg', 'https://inaturalist-open-data.s3.amazonaws.com/photos/380471457/original.jpg', 'https://inaturalist-open-data.s3.amazonaws.com/photos/380471464/original.jpg']"
4863599400,48.217445,2.72147,2024-05-13T11:03:24,['4863599400_1'],['https://inaturalist-open-data.s3.amazonaws.com/photos/380933555/original.jpg']
4863683123,42.124633,12.123011,2024-05-14T12:02:33,['4863683123_1'],['https://inaturalist-open-data.s3.amazonaws.com/photos/381347082/original.jpg']
4863706691,45.681432,7.492897,2024-05-12T13:30:09,['4863706691_1'],['https://inaturalist-open-data.s3.amazonaws.com/photos/380561697/original.jpeg']
4863737255,44.932038,1.68411,2024-05-10T13:26:03,['4863737255_1'],['https://inaturalist-open-data.s3.amazonaws.com/photos/379653010/original.jpg']
4863752375,46.435537,7.078557,2024-05-09T10:38,"['4863752375_1', '4863752375_2']","['https://inaturalist-open-data.s3.amazonaws.com/photos/381052593/original.jpg', 'https://inaturalist-open-data.s3.amazonaws.com/photos/381052597/original.jpg']"
4863756544,42.816423,1.483319,2024-05-10T14:01,['4863756544_1'],['https://inaturalist-open-data.s3.amazonaws.com/photos/380467220/original.jpg']
4863798490,44.979808,7.184629,2024-05-13T10:35:48,['4863798490_1'],['https://inaturalist-open-data.s3.amazonaws.com/photos/380925387/original.jpg']
4863811067,47.486153,-0.216949,2024-05-07T15:04:27,['4863811067_1'],['https://inaturalist-open-data.s3.amazonaws.com/photos/381553024/original.jpeg']
4863863155,46.229827,7.17634,2024-05-10T16:43:28,"['4863863155_1', '4863863155_2']","['https://inaturalist-open-data.s3.amazonaws.com/photos/381346563/original.jpeg', 'https://inaturalist-open-data.s3.amazonaws.com/photos/381346583/original.jpeg']"
4863888402,48.95137,5.514707,2024-05-10T19:56:56,"['4863888402_1', '4863888402_2']","['https://inaturalist-open-data.s3.amazonaws.com/photos/379766060/original.jpg', 'https://inaturalist-open-data.s3.amazonaws.com/photos/379766095/original.jpg']"
4863937485,42.535122,12.34472,2024-05-08T22:08:59,"['4863937485_1', '4863937485_2', '4863937485_3', '4863937485_4', '4863937485_5']","['https://inaturalist-open-data.s3.amazonaws.com/photos/379179288/original.jpeg', 'https://inaturalist-open-data.s3.amazonaws.com/photos/379058214/original.jpeg', 'https://inaturalist-open-data.s3.amazonaws.com/photos/379060590/original.jpeg', 'https://inaturalist-open-data.s3.amazonaws.com/photos/379060732/original.jpeg', 'https://inaturalist-open-data.s3.amazonaws.com/photos/379060843/original.jpeg']"
4863956860,42.835537,-0.637757,2024-05-11T11:00:57,"['4863956860_1', '4863956860_2']","['https://inaturalist-open-data.s3.amazonaws.com/photos/380098920/original.jpeg', 'https://inaturalist-open-data.s3.amazonaws.com/photos/380098972/original.jpeg']"
4867561321,47.600784,8.256157,2024-05-19T14:45,['4867561321_1'],['https://inaturalist-open-data.s3.amazonaws.com/photos/384157434/original.jpg']
4867581433,45.210305,7.14167,2024-05-19T11:30,['4867581433_1'],['https://inaturalist-open-data.s3.amazonaws.com/photos/383642671/original.jpg']
4867611159,48.002248,-0.482104,2024-05-19T11:25,['4867611159_1'],['https://inaturalist-open-data.s3.amazonaws.com/photos/383917485/original.jpg']
4867625511,44.92512,6.478234,2024-05-18T13:08:53,['4867625511_1'],['https://inaturalist-open-data.s3.amazonaws.com/photos/383117307/original.jpg']
4867725067,46.513375,7.164729,2024-05-19T12:38,['4867725067_1'],['https://inaturalist-open-data.s3.amazonaws.com/photos/383609214/original.jpeg']
4867729832,43.96687,3.252709,2024-05-18T11:46,"['4867729832_1', '4867729832_2']","['https://inaturalist-open-data.s3.amazonaws.com/photos/383084276/original.jpeg', 'https://inaturalist-open-data.s3.amazonaws.com/photos/383084364/original.jpeg']"
4867730585,42.999628,-0.504443,2024-05-13T15:09,['4867730585_1'],['https://inaturalist-open-data.s3.amazonaws.com/photos/381825380/original.jpg']
4867977913,39.37961,16.60382,2024-05-19T11:55,"['4867977913_1', '4867977913_2']","['https://inaturalist-open-data.s3.amazonaws.com/photos/384381507/original.jpeg', 'https://inaturalist-open-data.s3.amazonaws.com/photos/384380421/original.jpeg']"
4868106205,44.246717,3.467858,2024-05-20T07:44:26,['4868106205_1'],['https://inaturalist-open-data.s3.amazonaws.com/photos/384277324/original.jpg']
4868113928,42.858489,12.768258,2024-05-16T14:48:50,['4868113928_1'],['https://inaturalist-open-data.s3.amazonaws.com/photos/382205506/original.jpeg']
4868175681,45.998267,5.404943,2024-05-18T19:18:54,"['4868175681_1', '4868175681_2']","['https://inaturalist-open-data.s3.amazonaws.com/photos/383421286/original.jpg', 'https://inaturalist-open-data.s3.amazonaws.com/photos/383421359/original.jpg']"
4868180615,47.174618,7.163618,2024-05-17T14:21:20,['4868180615_1'],['https://inaturalist-open-data.s3.amazonaws.com/photos/382516266/original.jpeg']
4872073187,48.556402,-1.976733,2024-05-25T14:47:42,"['4872073187_1', '4872073187_2']","['https://inaturalist-open-data.s3.amazonaws.com/photos/385906048/original.jpg', 'https://inaturalist-open-data.s3.amazonaws.com/photos/385906091/original.jpg']"
4872074174,48.557328,-1.972059,2024-05-25T12:16:08,"['4872074174_1', '4872074174_2', '4872074174_3']","['https://inaturalist-open-data.s3.amazonaws.com/photos/385869027/original.jpg', 'https://inaturalist-open-data.s3.amazonaws.com/photos/385869165/original.jpg', 'https://inaturalist-open-data.s3.amazonaws.com/photos/385869232/original.jpg']"
4872118590,41.759747,2.427905,2024-05-26T13:04,['4872118590_1'],['https://inaturalist-open-data.s3.amazonaws.com/photos/386505224/original.jpeg']
4872138935,48.55743,-1.971584,2024-05-25T14:07:53,"['4872138935_1', '4872138935_2']","['https://inaturalist-open-data.s3.amazonaws.com/photos/385894835/original.jpg', 'https://inaturalist-open-data.s3.amazonaws.com/photos/385894868/original.jpg']"
4872149052,44.421357,-0.588305,2024-05-18,['4872149052_1'],['https://inaturalist-open-data.s3.amazonaws.com/photos/385591426/original.jpeg']
4872158743,44.663794,6.408373,2024-05-22T17:47:51,"['4872158743_1', '4872158743_2']","['https://inaturalist-open-data.s3.amazonaws.com/photos/385289654/original.jpg', 'https://inaturalist-open-data.s3.amazonaws.com/photos/385290631/original.jpg']"
4872212217,43.932658,11.770982,2024-05-26T18:18:35,['4872212217_1'],['https://inaturalist-open-data.s3.amazonaws.com/photos/386575502/original.jpeg']
4872247670,44.513578,-0.574564,2024-05-18,['4872247670_1'],['https://inaturalist-open-data.s3.amazonaws.com/photos/385590688/original.jpeg']
4872321727,42.921712,11.54147,2024-05-10,"['4872321727_1', '4872321727_2', '4872321727_3']","['https://inaturalist-open-data.s3.amazonaws.com/photos/385886115/original.jpeg', 'https://inaturalist-open-data.s3.amazonaws.com/photos/385886158/original.jpeg', 'https://inaturalist-open-data.s3.amazonaws.com/photos/385886209/original.jpeg']"
4872397573,42.714168,-0.193465,2024-05-28T19:50:31,['4872397573_1'],['https://inaturalist-open-data.s3.amazonaws.com/photos/387520296/original.jpg']
4872438706,48.557457,-1.97151,2024-05-25T14:01:25,['4872438706_1'],['https://inaturalist-open-data.s3.amazonaws.com/photos/385893363/original.jpg']
4872444647,48.557578,-1.971338,2024-05-25T14:09:13,['4872444647_1'],['https://inaturalist-open-data.s3.amazonaws.com/photos/385895273/original.jpg']
4872491070,45.850762,11.053994,2024-05-27T13:13,['4872491070_1'],['https://inaturalist-open-data.s3.amazonaws.com/photos/387048144/original.jpeg']
4872508183,48.557045,-1.973715,2024-05-25T14:32:45,['4872508183_1'],['https://inaturalist-open-data.s3.amazonaws.com/photos/385901147/original.jpg']
4872512517,45.980003,-1.243553,2024-05-25T14:32:43,['4872512517_1'],['https://inaturalist-open-data.s3.amazonaws.com/photos/385941747/original.jpg']
4872527164,48.557124,-1.973274,2024-05-25T15:00:23,['4872527164_1'],['https://inaturalist-open-data.s3.amazonaws.com/photos/385912999/original.jpg']
4872559971,46.155753,6.604561,2024-05-26T12:40,"['4872559971_1', '4872559971_2']","['https://inaturalist-open-data.s3.amazonaws.com/photos/386854082/original.png', 'https://inaturalist-open-data.s3.amazonaws.com/photos/386854099/original.png']"
4872560744,43.194745,10.777768,2024-05-23T12:39,['4872560744_1'],['https://inaturalist-open-data.s3.amazonaws.com/photos/385240573/original.jpeg']
4872598225,45.868794,11.470908,2024-05-23T12:22:05,['4872598225_1'],['https://inaturalist-open-data.s3.amazonaws.com/photos/385433033/original.jpg']
4872612996,42.882576,-0.597889,2024-05-28T10:30,['4872612996_1'],['https://inaturalist-open-data.s3.amazonaws.com/photos/387497867/original.jpg']
4872644883,45.924133,6.86627,2024-05-10T13:43:37,"['4872644883_1', '4872644883_2']","['https://inaturalist-open-data.s3.amazonaws.com/photos/380452894/original.jpg', 'https://inaturalist-open-data.s3.amazonaws.com/photos/380452921/original.jpg']"
4874989281,42.818852,-0.303152,2024-05-29T12:40,['4874989281_1'],['https://inaturalist-open-data.s3.amazonaws.com/photos/387993199/original.jpg']
4875070866,45.515445,7.894544,2024-05-30T09:27:48,['4875070866_1'],['https://inaturalist-open-data.s3.amazonaws.com/photos/388178669/original.jpg']
4875132225,42.697154,-0.113088,2024-05-28T19:39,['4875132225_1'],['https://inaturalist-open-data.s3.amazonaws.com/photos/387570509/original.jpg']
4875159513,45.837827,5.020524,2024-05-30T16:55:51,['4875159513_1'],['https://inaturalist-open-data.s3.amazonaws.com/photos/388208561/original.jpg']
4875174905,45.141147,1.385469,2024-05-29T08:48:50,['4875174905_1'],['https://inaturalist-open-data.s3.amazonaws.com/photos/390449957/original.jpeg']
4875214286,43.031311,11.034361,2024-05-30T14:23:01,['4875214286_1'],['https://inaturalist-open-data.s3.amazonaws.com/photos/390000375/original.jpg']
4875249350,42.817046,-0.287871,2024-05-29T16:31,['4875249350_1'],['https://inaturalist-open-data.s3.amazonaws.com/photos/387993492/original.jpg']
4875549278,48.468329,2.235254,2024-05-30T10:44:27,['4875549278_1'],['https://inaturalist-open-data.s3.amazonaws.com/photos/388281139/original.jpeg']
4875573821,45.097525,1.200768,2024-05-29T11:53:23,['4875573821_1'],['https://inaturalist-open-data.s3.amazonaws.com/photos/390447415/original.jpeg']
4881826001,49.014208,6.029217,2024-05-04,['4881826001_1'],['https://observation.org/photos/89258668.jpg']
4881927266,46.79758,1.305175,2024-05-15,['4881927266_1'],['https://observation.org/photos/100651023.jpg']
4884020784,48.644836,5.954869,2024-05-03,['4884020784_1'],['https://observation.org/photos/89197377.jpg']
4884591768,48.82,5.55,2024-05-11,['4884591768_1'],['https://observation.org/photos/92536573.jpg']
4884874140,49.014236,6.029222,2024-05-04,['4884874140_1'],['https://observation.org/photos/89258866.jpg']
4889077024,43.918322,6.559772,2024-05-12,['4889077024_1'],['https://observation.org/photos/90182470.jpg']
4891958220,42.697258,-0.11299,2024-05-28T19:41,['4891958220_1'],['https://inaturalist-open-data.s3.amazonaws.com/photos/390538744/original.jpg']
4891960756,42.472073,2.297254,2024-05-19T12:04,"['4891960756_1', '4891960756_2']","['https://inaturalist-open-data.s3.amazonaws.com/photos/391241231/original.jpeg', 'https://inaturalist-open-data.s3.amazonaws.com/photos/391241249/original.jpeg']"
4892042784,42.818852,-0.303152,2024-05-29T12:34,['4892042784_1'],['https://inaturalist-open-data.s3.amazonaws.com/photos/390539006/original.jpg']
4900965497,44.781038,7.932541,2024-05-26T14:24:25,['4900965497_1'],['https://inaturalist-open-data.s3.amazonaws.com/photos/396893949/original.jpeg']
4901305484,44.969883,-1.203279,2024-05-05T22:56:09,['4901305484_1'],['https://inaturalist-open-data.s3.amazonaws.com/photos/398376461/original.jpg']
4901877206,44.9693,-1.203585,2024-05-05T22:56:09,['4901877206_1'],['https://inaturalist-open-data.s3.amazonaws.com/photos/398373788/original.jpg']
4904106044,45.867775,10.996881,2024-05-23T14:23,['4904106044_1'],['https://inaturalist-open-data.s3.amazonaws.com/photos/401077997/original.jpeg']
4904189925,46.558245,11.230257,2024-05-11T15:04,"['4904189925_1', '4904189925_2']","['https://inaturalist-open-data.s3.amazonaws.com/photos/399756964/original.jpg', 'https://inaturalist-open-data.s3.amazonaws.com/photos/399801370/original.jpg']"
4921848806,44.946987,3.988824,2024-05-09,['4921848806_1'],['https://inaturalist-open-data.s3.amazonaws.com/photos/400619763/original.jpeg']
4924016147,47.934823,7.244883,2024-05-25,['4924016147_1'],['https://inaturalist-open-data.s3.amazonaws.com/photos/416664011/original.jpg']
4924084757,47.937949,7.265212,2024-05-06,['4924084757_1'],['https://inaturalist-open-data.s3.amazonaws.com/photos/416658888/original.jpg']
4924122632,47.93731,7.263746,2024-05-04T10:49,['4924122632_1'],['https://inaturalist-open-data.s3.amazonaws.com/photos/416662091/original.jpg']
4930406354,48.8297,5.559247,2024-05-16,['4930406354_1'],['https://observation.org/photos/90618081.jpg']
4931758320,49.015083,6.032446,2024-05-04,['4931758320_1'],['https://observation.org/photos/89254553.jpg']
4933426031,48.644931,5.955142,2024-05-03,['4933426031_1'],['https://observation.org/photos/89200511.jpg']
4933474634,48.829636,5.558802,2024-05-11,['4933474634_1'],['https://observation.org/photos/90245671.jpg']
4933493196,49.015507,6.03403,2024-05-04,['4933493196_1'],['https://observation.org/photos/89252717.jpg']
4933630907,48.82,5.55,2024-05-10,"['4933630907_1', '4933630907_2', '4933630907_3']","['https://observation.org/photos/92533890.jpg', 'https://observation.org/photos/92533892.jpg', 'https://observation.org/photos/92533893.jpg']"
4933687060,48.502012,5.508005,2024-05-18,['4933687060_1'],['https://observation.org/photos/90783176.jpg']
4933698629,44.908543,5.38178,2024-05-31,"['4933698629_1', '4933698629_2']","['https://observation.org/photos/92352479.jpg', 'https://observation.org/photos/92352480.jpg']"
4935680448,42.84868,-0.51224,2024-05-10T10:50,['4935680448_1'],['https://inaturalist-open-data.s3.amazonaws.com/photos/424465904/original.jpeg']
4936618162,42.950547,-0.539194,2024-05-10T10:07,['4936618162_1'],['https://inaturalist-open-data.s3.amazonaws.com/photos/424465278/original.jpeg']
4936705960,42.826152,-0.503494,2024-05-10T11:17,['4936705960_1'],['https://inaturalist-open-data.s3.amazonaws.com/photos/424466160/original.jpeg']
4937225515,42.849723,-0.590702,2024-05-10T12:18,"['4937225515_1', '4937225515_2']","['https://inaturalist-open-data.s3.amazonaws.com/photos/424467655/original.jpeg', 'https://inaturalist-open-data.s3.amazonaws.com/photos/424467670/original.jpeg']"
4952722711,49.055381,6.002423,2024-05-05T13:38,['4952722711_1'],['https://inaturalist-open-data.s3.amazonaws.com/photos/439354927/original.jpg']
4952816138,49.055381,6.002423,2024-05-11T13:38,['4952816138_1'],['https://inaturalist-open-data.s3.amazonaws.com/photos/439354925/original.jpg']
4982289789,42.833019,-0.352329,2024-05-30T11:57:31,['4982289789_1'],['https://inaturalist-open-data.s3.amazonaws.com/photos/451094278/original.jpeg']
4993842655,42.888319,-0.410911,2024-05-10T10:13:51,['4993842655_1'],['https://inaturalist-open-data.s3.amazonaws.com/photos/455270042/original.jpeg']
5013058109,43.142262,11.378282,2024-05-17T00:00,"['5013058109_1', '5013058109_2']","['https://live.staticflickr.com/65535/53985398118_9ea28ae65a_b.jpg', 'https://live.staticflickr.com/65535/53985152246_8f717e2e3d_b.jpg']"
5022412293,48.184708,7.82279,2024-05-27T00:00,"['5022412293_1', '5022412293_2']","['https://live.staticflickr.com/65535/53750136660_12ca08cd0d_b.jpg', 'https://live.staticflickr.com/65535/53792557231_84df3590e8_b.jpg']"
5087264922,44.063236,11.839402,2024-05-06T21:53,['5087264922_1'],['https://inaturalist-open-data.s3.amazonaws.com/photos/472677139/original.jpg']
5087461804,48.386948,2.617424,2024-05-27T11:26,['5087461804_1'],['https://inaturalist-open-data.s3.amazonaws.com/photos/474329301/original.jpeg']
5104312403,45.375715,4.141443,2024-05-13T19:47:40,['5104312403_1'],['https://inaturalist-open-data.s3.amazonaws.com/photos/381081497/original.jpeg']
5133240508,45.859516,8.171931,2024-05-12T11:21:29,['5133240508_1'],['https://inaturalist-open-data.s3.amazonaws.com/photos/485161974/original.jpeg']
5133362896,42.608825,0.768372,2024-05-13T14:05:16,"['5133362896_1', '5133362896_2']","['https://inaturalist-open-data.s3.amazonaws.com/photos/485403521/original.jpg', 'https://inaturalist-open-data.s3.amazonaws.com/photos/485403538/original.jpg']"
5134032152,47.838537,0.243459,2024-05-28T21:25,['5134032152_1'],['https://inaturalist-open-data.s3.amazonaws.com/photos/487173717/original.jpeg']
5292793279,46.567722,1.699389,2024-05-04T16:18,['5292793279_1'],['https://inaturalist-open-data.s3.amazonaws.com/photos/554215682/original.jpg']
5897321421,47.942683,7.260198,2024-05-01T12:33,['5897321421_1'],['https://inaturalist-open-data.s3.amazonaws.com/photos/590845530/original.jpg']
5897605438,47.943036,7.26023,2024-05-01T12:30,['5897605438_1'],['https://inaturalist-open-data.s3.amazonaws.com/photos/590845524/original.jpg']
6133391320,42.608817,0.768372,2024-05-13T14:04:53,"['6133391320_1', '6133391320_2', '6133391320_3', '6133391320_4']","['https://inaturalist-open-data.s3.amazonaws.com/photos/612149952/original.jpg', 'https://inaturalist-open-data.s3.amazonaws.com/photos/612149968/original.jpg', 'https://inaturalist-open-data.s3.amazonaws.com/photos/612149989/original.jpg', 'https://inaturalist-open-data.s3.amazonaws.com/photos/612150014/original.jpg']"
6150760497,46.084851,2.926348,2024-05-17,['6150760497_1'],['https://observation.org/photos/90693571.jpg']
6150770037,48.396046,2.578234,2024-05-01,['6150770037_1'],['https://observation.org/photos/89048336.jpg']
6150837218,46.79758,1.305175,2024-05-15,['6150837218_1'],['https://observation.org/photos/90605585.jpg']
6150956637,48.398476,2.570867,2024-05-01,['6150956637_1'],['https://observation.org/photos/89048325.jpg']
6150957204,48.397331,2.578413,2024-05-01,['6150957204_1'],['https://observation.org/photos/89048329.jpg']
6150991116,42.649875,1.964362,2024-05-22,['6150991116_1'],['https://observation.org/photos/91357549.jpg']
6151282087,43.990758,3.267463,2024-05-10,"['6151282087_1', '6151282087_2', '6151282087_3', '6151282087_4']","['https://observation.org/photos/89984254.jpg', 'https://observation.org/photos/89984255.jpg', 'https://observation.org/photos/89984256.jpg', 'https://observation.org/photos/89984257.jpg']"
6151383794,46.797621,1.305329,2024-05-15,['6151383794_1'],['https://observation.org/photos/90500555.jpg']
6151601277,46.397431,5.776094,2024-05-12,['6151601277_1'],['https://observation.org/photos/90235277.jpg']
6152045043,46.27145,2.994558,2024-05-04,"['6152045043_1', '6152045043_2', '6152045043_3']","['https://observation.org/photos/89242529.jpg', 'https://observation.org/photos/89242530.jpg', 'https://observation.org/photos/89242531.jpg']"
6152220412,47.508303,0.369089,2024-05-17,['6152220412_1'],['https://observation.org/photos/90684605.jpg']
6178995024,41.786492,2.494131,2024-05-30T16:35:16,"['6178995024_1', '6178995024_2']","['https://inaturalist-open-data.s3.amazonaws.com/photos/621706634/original.jpg', 'https://inaturalist-open-data.s3.amazonaws.com/photos/621706652/original.jpg']"
6182637167,42.75,-3.8,2024-05-21,['6182637167_1'],['https://observation.org/photos/91526550.jpg']
6195842764,45.557251,8.687313,2024-05-30T15:35,['6195842764_1'],['https://inaturalist-open-data.s3.amazonaws.com/photos/637599436/original.jpg']
6399354335,46.667499,5.984257,2024-05-09,['6399354335_1'],['https://inaturalist-open-data.s3.amazonaws.com/photos/672838977/original.jpg']
6400367424,42.962121,1.752824,2024-05-12T12:16:35,"['6400367424_1', '6400367424_2', '6400367424_3']","['https://inaturalist-open-data.s3.amazonaws.com/photos/674703700/original.jpg', 'https://inaturalist-open-data.s3.amazonaws.com/photos/674703796/original.jpg', 'https://inaturalist-open-data.s3.amazonaws.com/photos/674703921/original.jpg']"
6422059439,48.644918,5.954787,2024-05-03T16:35,['6422059439_1'],['https://inaturalist-open-data.s3.amazonaws.com/photos/687964457/original.jpg']
6422470594,49.015336,6.033928,2024-05-04T12:33,['6422470594_1'],['https://inaturalist-open-data.s3.amazonaws.com/photos/687984702/original.jpg']
6422545995,49.014304,6.029277,2024-05-04T13:14,['6422545995_1'],['https://inaturalist-open-data.s3.amazonaws.com/photos/687986775/original.jpg']
6470678769,45.561004,10.896048,2024-05-04T11:14:32,"['6470678769_1', '6470678769_2', '6470678769_3']","['https://inaturalist-open-data.s3.amazonaws.com/photos/377090116/original.jpeg', 'https://inaturalist-open-data.s3.amazonaws.com/photos/377090188/original.jpeg', 'https://inaturalist-open-data.s3.amazonaws.com/photos/377090258/original.jpeg']"
4875482264,42.83932,-3.346582,2024-06-02T12:22,"['4875482264_1', '4875482264_2']","['https://inaturalist-open-data.s3.amazonaws.com/photos/390006561/original.jpeg', 'https://inaturalist-open-data.s3.amazonaws.com/photos/390007915/original.jpeg']"
4875552614,45.782088,3.051367,2024-06-02T12:31:21,['4875552614_1'],['https://inaturalist-open-data.s3.amazonaws.com/photos/389396766/original.jpg']
4891679069,48.435011,2.689536,2024-06-05T17:55,['4891679069_1'],['https://inaturalist-open-data.s3.amazonaws.com/photos/390907021/original.jpeg']
4891715222,48.557638,-1.970747,2024-06-08T17:53:03,"['4891715222_1', '4891715222_2', '4891715222_3']","['https://inaturalist-open-data.s3.amazonaws.com/photos/391955044/original.jpg', 'https://inaturalist-open-data.s3.amazonaws.com/photos/391955225/original.jpg', 'https://inaturalist-open-data.s3.amazonaws.com/photos/391955375/original.jpg']"
4891724087,48.557207,-1.972737,2024-06-08T18:19:40,"['4891724087_1', '4891724087_2', '4891724087_3']","['https://inaturalist-open-data.s3.amazonaws.com/photos/391967848/original.jpg', 'https://inaturalist-open-data.s3.amazonaws.com/photos/391967926/original.jpg', 'https://inaturalist-open-data.s3.amazonaws.com/photos/391967991/original.jpg']"
4891770366,47.275047,7.525066,2024-06-11T16:07:40,['4891770366_1'],['https://inaturalist-open-data.s3.amazonaws.com/photos/393264220/original.jpg']
4891785688,44.866861,7.03139,2024-06-03,['4891785688_1'],['https://inaturalist-open-data.s3.amazonaws.com/photos/391543945/original.jpeg']
4891878136,48.557456,-1.971813,2024-06-08T16:12:55,"['4891878136_1', '4891878136_2', '4891878136_3', '4891878136_4']","['https://inaturalist-open-data.s3.amazonaws.com/photos/391912909/original.jpg', 'https://inaturalist-open-data.s3.amazonaws.com/photos/391912960/original.jpg', 'https://inaturalist-open-data.s3.amazonaws.com/photos/391913030/original.jpg', 'https://inaturalist-open-data.s3.amazonaws.com/photos/391913103/original.jpg']"
4891910462,48.557162,-1.973035,2024-06-08T17:48:33,"['4891910462_1', '4891910462_2', '4891910462_3']","['https://inaturalist-open-data.s3.amazonaws.com/photos/391953570/original.jpg', 'https://inaturalist-open-data.s3.amazonaws.com/photos/391953679/original.jpg', 'https://inaturalist-open-data.s3.amazonaws.com/photos/391953760/original.jpg']"
4891917741,46.437665,-1.637235,2024-06-05T11:08,['4891917741_1'],['https://inaturalist-open-data.s3.amazonaws.com/photos/391045268/original.jpg']
4891917940,45.887512,10.835097,2024-06-06T09:24:41,['4891917940_1'],['https://inaturalist-open-data.s3.amazonaws.com/photos/391211820/original.jpg']
4891950302,48.557403,-1.973166,2024-06-08T16:49:02,"['4891950302_1', '4891950302_2', '4891950302_3']","['https://inaturalist-open-data.s3.amazonaws.com/photos/391927760/original.jpg', 'https://inaturalist-open-data.s3.amazonaws.com/photos/391927877/original.jpg', 'https://inaturalist-open-data.s3.amazonaws.com/photos/391927970/original.jpg']"
4892014352,45.066462,6.808838,2024-06-10T13:23:09,"['4892014352_1', '4892014352_2', '4892014352_3', '4892014352_4']","['https://inaturalist-open-data.s3.amazonaws.com/photos/392904059/original.jpeg', 'https://inaturalist-open-data.s3.amazonaws.com/photos/392904116/original.jpeg', 'https://inaturalist-open-data.s3.amazonaws.com/photos/392904197/original.jpeg', 'https://inaturalist-open-data.s3.amazonaws.com/photos/392904266/original.jpeg']"
4892014750,41.898869,13.163083,2024-06-06T16:29:29,"['4892014750_1', '4892014750_2']","['https://inaturalist-open-data.s3.amazonaws.com/photos/393228485/original.jpeg', 'https://inaturalist-open-data.s3.amazonaws.com/photos/393228525/original.jpeg']"
4892070130,42.450325,13.416292,2024-06-08T16:14:07,['4892070130_1'],['https://inaturalist-open-data.s3.amazonaws.com/photos/391972698/original.jpg']
4892115412,48.557292,-1.971945,2024-06-08T16:10:21,"['4892115412_1', '4892115412_2']","['https://inaturalist-open-data.s3.amazonaws.com/photos/391911811/original.jpg', 'https://inaturalist-open-data.s3.amazonaws.com/photos/391911854/original.jpg']"
4892161479,42.737942,12.948837,2024-06-06T15:20:26,['4892161479_1'],['https://inaturalist-open-data.s3.amazonaws.com/photos/391458447/original.jpg']
4892186959,48.435011,2.689536,2024-06-05T17:59,"['4892186959_1', '4892186959_2']","['https://inaturalist-open-data.s3.amazonaws.com/photos/390907104/original.jpeg', 'https://inaturalist-open-data.s3.amazonaws.com/photos/390907197/original.jpeg']"
4892205637,44.98977,7.309949,2024-06-06T20:55:04,['4892205637_1'],['https://inaturalist-open-data.s3.amazonaws.com/photos/391467335/original.jpg']
4892209779,47.134392,7.211124,2024-06-11T10:01:06,['4892209779_1'],['https://inaturalist-open-data.s3.amazonaws.com/photos/393181496/original.jpeg']
4892235482,45.933195,10.765384,2024-06-07T11:10:27,['4892235482_1'],['https://inaturalist-open-data.s3.amazonaws.com/photos/392773110/original.jpg']
4892253164,46.381957,11.283413,2024-06-09T07:59:24,['4892253164_1'],['https://inaturalist-open-data.s3.amazonaws.com/photos/392281721/original.jpeg']
4901001126,46.362115,8.376325,2024-06-15T20:15:42,"['4901001126_1', '4901001126_2', '4901001126_3', '4901001126_4']","['https://inaturalist-open-data.s3.amazonaws.com/photos/395138022/original.jpg', 'https://inaturalist-open-data.s3.amazonaws.com/photos/395138122/original.jpg', 'https://inaturalist-open-data.s3.amazonaws.com/photos/395138201/original.jpg', 'https://inaturalist-open-data.s3.amazonaws.com/photos/395138291/original.jpg']"
4901268978,44.931456,6.819382,2024-06-16T10:44,['4901268978_1'],['https://inaturalist-open-data.s3.amazonaws.com/photos/395637252/original.jpg']
4901414916,42.335261,1.915818,2024-06-22T12:57:45,['4901414916_1'],['https://inaturalist-open-data.s3.amazonaws.com/photos/397645240/original.jpg']
4901596998,46.203426,8.416302,2024-06-19T16:24,"['4901596998_1', '4901596998_2', '4901596998_3', '4901596998_4', '4901596998_5']","['https://inaturalist-open-data.s3.amazonaws.com/photos/397115585/original.jpg', 'https://inaturalist-open-data.s3.amazonaws.com/photos/397115570/original.jpg', 'https://inaturalist-open-data.s3.amazonaws.com/photos/397115565/original.jpg', 'https://inaturalist-open-data.s3.amazonaws.com/photos/397115553/original.jpg', 'https://inaturalist-open-data.s3.amazonaws.com/photos/397115555/original.jpg']"
4901624564,45.024342,3.847678,2024-06-18T11:17:47,['4901624564_1'],['https://inaturalist-open-data.s3.amazonaws.com/photos/396061413/original.jpeg']
4901630969,44.95478,-0.724662,2024-06-17T10:57:23,['4901630969_1'],['https://inaturalist-open-data.s3.amazonaws.com/photos/396124258/original.jpg']
4901637698,47.937023,7.262468,2024-06-16T08:40,"['4901637698_1', '4901637698_2', '4901637698_3', '4901637698_4']","['https://inaturalist-open-data.s3.amazonaws.com/photos/395236436/original.jpg', 'https://inaturalist-open-data.s3.amazonaws.com/photos/395236954/original.jpg', 'https://inaturalist-open-data.s3.amazonaws.com/photos/395237096/original.jpg', 'https://inaturalist-open-data.s3.amazonaws.com/photos/395235800/original.jpg']"
4901655593,45.020267,-1.120797,2024-06-15T17:10:44,['4901655593_1'],['https://inaturalist-open-data.s3.amazonaws.com/photos/396123777/original.jpg']
4901691659,48.557412,-1.971616,2024-06-08T16:31:10,"['4901691659_1', '4901691659_2', '4901691659_3']","['https://inaturalist-open-data.s3.amazonaws.com/photos/395635775/original.jpg', 'https://inaturalist-open-data.s3.amazonaws.com/photos/395635809/original.jpg', 'https://inaturalist-open-data.s3.amazonaws.com/photos/395635845/original.jpg']"
4901691879,44.248224,7.285588,2024-06-17T14:54:49,['4901691879_1'],['https://inaturalist-open-data.s3.amazonaws.com/photos/395817994/original.jpeg']
4901766378,42.778051,-0.325816,2024-06-16T11:50,['4901766378_1'],['https://inaturalist-open-data.s3.amazonaws.com/photos/396170285/original.jpeg']
4901772615,48.132005,0.34498,2024-06-22T19:48:37,['4901772615_1'],['https://inaturalist-open-data.s3.amazonaws.com/photos/397793681/original.jpeg']
4901784885,44.278555,5.74199,2024-06-22T13:15:57,['4901784885_1'],['https://inaturalist-open-data.s3.amazonaws.com/photos/399013081/original.jpeg']
4901953838,44.441842,6.99317,2024-06-16T10:11:09,"['4901953838_1', '4901953838_2', '4901953838_3']","['https://inaturalist-open-data.s3.amazonaws.com/photos/395852900/original.jpg', 'https://inaturalist-open-data.s3.amazonaws.com/photos/395852940/original.jpg', 'https://inaturalist-open-data.s3.amazonaws.com/photos/395852984/original.jpg']"
4902066319,45.92244,11.191031,2024-06-16T09:32:58,"['4902066319_1', '4902066319_2', '4902066319_3']","['https://inaturalist-open-data.s3.amazonaws.com/photos/395155224/original.jpeg', 'https://inaturalist-open-data.s3.amazonaws.com/photos/395155255/original.jpeg', 'https://inaturalist-open-data.s3.amazonaws.com/photos/395155275/original.jpeg']"
4902083559,41.773275,13.72971,2024-06-09T19:42,['4902083559_1'],['https://inaturalist-open-data.s3.amazonaws.com/photos/394360762/original.jpeg']
4902124549,46.152363,11.730129,2024-06-20T21:23:08,['4902124549_1'],['https://inaturalist-open-data.s3.amazonaws.com/photos/397026133/original.jpeg']
4903723711,45.494229,1.515491,2024-06-21T11:39,['4903723711_1'],['https://inaturalist-open-data.s3.amazonaws.com/photos/399521734/original.jpg']
4903742218,45.754936,6.978694,2024-06-24T10:31:58,['4903742218_1'],['https://inaturalist-open-data.s3.amazonaws.com/photos/399894537/original.jpeg']
4903800209,45.425392,1.58622,2024-06-24T10:36,['4903800209_1'],['https://inaturalist-open-data.s3.amazonaws.com/photos/399521753/original.jpg']
4903881591,45.383767,6.697585,2024-06-29T08:39:55,['4903881591_1'],['https://inaturalist-open-data.s3.amazonaws.com/photos/401623834/original.jpeg']
4903893953,45.776421,6.04011,2024-06-27T11:26:21,['4903893953_1'],['https://inaturalist-open-data.s3.amazonaws.com/photos/399782394/original.jpg']
4903960247,45.884737,9.390362,2024-06-28,['4903960247_1'],['https://inaturalist-open-data.s3.amazonaws.com/photos/400216172/original.jpeg']
4903969307,48.393596,2.571484,2024-06-28T11:27,['4903969307_1'],['https://inaturalist-open-data.s3.amazonaws.com/photos/400774404/original.jpeg']
4903978881,45.769976,11.49044,2024-06-28T17:07,['4903978881_1'],['https://inaturalist-open-data.s3.amazonaws.com/photos/400544112/original.jpg']
4904072107,46.202655,2.455512,2024-06-24T16:41:43,['4904072107_1'],['https://inaturalist-open-data.s3.amazonaws.com/photos/401998804/original.jpg']
4904208780,45.908705,9.777137,2024-06-26T12:10:59,['4904208780_1'],['https://inaturalist-open-data.s3.amazonaws.com/photos/400670852/original.jpg']
4904209477,46.709606,7.986517,2024-06-28T16:09,['4904209477_1'],['https://inaturalist-open-data.s3.amazonaws.com/photos/402068597/original.jpeg']
4904241802,46.129912,6.028542,2024-06-28T09:07,['4904241802_1'],['https://inaturalist-open-data.s3.amazonaws.com/photos/400392137/original.jpg']
4904299563,48.39622,2.577339,2024-06-28T11:28,"['4904299563_1', '4904299563_2']","['https://inaturalist-open-data.s3.amazonaws.com/photos/400774366/original.jpeg', 'https://inaturalist-open-data.s3.amazonaws.com/photos/400774509/original.jpeg']"
4904355701,46.406325,-1.523428,2024-06-26T14:49:50,['4904355701_1'],['https://inaturalist-open-data.s3.amazonaws.com/photos/399587461/original.jpeg']
4908507968,42.953671,-0.096243,2024-06-28T16:15:13,['4908507968_1'],['https://inaturalist-open-data.s3.amazonaws.com/photos/404250974/original.jpg']
4908771826,46.654278,10.46717,2024-06-29,['4908771826_1'],['https://inaturalist-open-data.s3.amazonaws.com/photos/403349345/original.jpg']
4910980145,46.303495,13.310002,2024-06-29T16:19:54,['4910980145_1'],['https://inaturalist-open-data.s3.amazonaws.com/photos/408841515/original.jpeg']
4919324686,42.927607,-0.29212,2024-06-30T17:43,['4919324686_1'],['https://inaturalist-open-data.s3.amazonaws.com/photos/413128670/original.jpg']
4921591395,47.935806,7.253266,2024-06-05T08:55:21,['4921591395_1'],['https://inaturalist-open-data.s3.amazonaws.com/photos/415940308/original.jpeg']
4921933953,47.936772,7.262026,2024-06-05,['4921933953_1'],['https://inaturalist-open-data.s3.amazonaws.com/photos/415953040/original.jpeg']
4930357244,45.493686,2.633403,2024-06-27,['4930357244_1'],['https://observation.org/photos/95317028.jpg']
4932901906,45.815037,0.875732,2024-06-28,['4932901906_1'],['https://observation.org/photos/95442825.jpg']
4933035232,46.72848,2.248812,2024-06-25,['4933035232_1'],['https://observation.org/photos/95185145.jpg']
4933108451,45.815037,0.875732,2024-06-28,['4933108451_1'],['https://observation.org/photos/95442706.jpg']
4933932342,46.776263,1.165789,2024-06-06,['4933932342_1'],['https://observation.org/photos/93208011.jpg']
4934349015,42.559873,0.465352,2024-06-25,['4934349015_1'],['https://observation.org/photos/95136315.jpg']
4934746682,43.033056,0.171111,2024-06-17,"['4934746682_1', '4934746682_2', '4934746682_3']","['https://observation.org/photos/94148237.jpg', 'https://observation.org/photos/94148238.jpg', 'https://observation.org/photos/94148239.jpg']"
4934795794,46.36,8.22,2024-06-01,"['4934795794_1', '4934795794_2', '4934795794_3']","['https://observation.org/photos/92459716.jpg', 'https://observation.org/photos/92459717.jpg', 'https://observation.org/photos/92459718.jpg']"
4936206109,48.089724,-0.540527,2024-06-29T15:10,['4936206109_1'],['https://inaturalist-open-data.s3.amazonaws.com/photos/425586345/original.jpeg']
4936444961,46.535169,7.148668,2024-06-28T08:59:46,['4936444961_1'],['https://inaturalist-open-data.s3.amazonaws.com/photos/426730739/original.jpeg']
4946709511,45.599049,6.521171,2024-06-09T11:04,"['4946709511_1', '4946709511_2']","['https://inaturalist-open-data.s3.amazonaws.com/photos/431275065/original.jpeg', 'https://inaturalist-open-data.s3.amazonaws.com/photos/431275055/original.jpeg']"
4949987668,41.64194,2.458814,2024-06-30T11:40,['4949987668_1'],['https://inaturalist-open-data.s3.amazonaws.com/photos/434548310/original.jpeg']
4995574593,45.012307,-1.197599,2024-06-28,['4995574593_1'],['https://observation.org/photos/95393521.jpg']
4995680956,42.843477,-0.437986,2024-06-07,['4995680956_1'],['https://observation.org/photos/93100401.jpg']
5063786573,46.108678,2.917212,2024-06-08T18:25:08,['5063786573_1'],['https://inaturalist-open-data.s3.amazonaws.com/photos/467530971/original.jpg']
5063827952,43.749149,6.88939,2024-06-27T13:50:10,"['5063827952_1', '5063827952_2']","['https://inaturalist-open-data.s3.amazonaws.com/photos/467992677/original.jpeg', 'https://inaturalist-open-data.s3.amazonaws.com/photos/467992690/original.jpeg']"
5064115093,42.630695,2.265107,2024-06-20T13:33,"['5064115093_1', '5064115093_2']","['https://inaturalist-open-data.s3.amazonaws.com/photos/469540968/original.jpg', 'https://inaturalist-open-data.s3.amazonaws.com/photos/469540974/original.jpg']"
5087709917,48.050706,0.262121,2024-06-30T17:23,['5087709917_1'],['https://inaturalist-open-data.s3.amazonaws.com/photos/474960203/original.jpg']
5087808762,48.166758,0.212992,2024-06-01T12:38,['5087808762_1'],['https://inaturalist-open-data.s3.amazonaws.com/photos/474960223/original.jpg']
5087898750,47.872137,0.251847,2024-06-08T18:25,['5087898750_1'],['https://inaturalist-open-data.s3.amazonaws.com/photos/474960201/original.jpg']
5133791798,47.917547,0.243461,2024-06-20T16:07,"['5133791798_1', '5133791798_2']","['https://inaturalist-open-data.s3.amazonaws.com/photos/487173211/original.jpeg', 'https://inaturalist-open-data.s3.amazonaws.com/photos/487173209/original.jpeg']"
5133860199,47.821111,0.22703,2024-06-08T18:20,['5133860199_1'],['https://inaturalist-open-data.s3.amazonaws.com/photos/487173466/original.jpeg']
5133899759,47.904264,0.312185,2024-06-30T17:49,['5133899759_1'],['https://inaturalist-open-data.s3.amazonaws.com/photos/487173016/original.jpeg']
5133968287,47.889816,0.219003,2024-06-20T17:13,['5133968287_1'],['https://inaturalist-open-data.s3.amazonaws.com/photos/487187194/original.jpg']
5134038075,47.89662,0.222876,2024-06-30T17:30,['5134038075_1'],['https://inaturalist-open-data.s3.amazonaws.com/photos/487173085/original.jpeg']
5153268530,42.726276,0.921424,2024-06-24T15:07:45,['5153268530_1'],['https://inaturalist-open-data.s3.amazonaws.com/photos/399353384/original.jpeg']
5291807482,46.158322,10.949725,2024-06-14T12:29,['5291807482_1'],['https://inaturalist-open-data.s3.amazonaws.com/photos/554589518/original.jpg']
5837991919,46.15851,2.755762,2024-06-18T10:05:43,['5837991919_1'],['https://inaturalist-open-data.s3.amazonaws.com/photos/573796298/original.jpg']
6131653320,44.506184,4.930496,2024-06-06T13:33,"['6131653320_1', '6131653320_2']","['https://inaturalist-open-data.s3.amazonaws.com/photos/608136031/original.jpg', 'https://inaturalist-open-data.s3.amazonaws.com/photos/608136036/original.jpg']"
6147416594,46.5214,5.608073,2024-06-05T14:39,['6147416594_1'],['https://inaturalist-open-data.s3.amazonaws.com/photos/613177127/original.jpg']
6398974624,47.352171,1.756931,2024-06-04T18:39,['6398974624_1'],['https://inaturalist-open-data.s3.amazonaws.com/photos/678768205/original.jpg']
6399427733,47.352171,1.756931,2024-06-07T17:37,['6399427733_1'],['https://inaturalist-open-data.s3.amazonaws.com/photos/678770407/original.jpg']
6399994806,47.352171,1.756931,2024-06-09T17:21,['6399994806_1'],['https://inaturalist-open-data.s3.amazonaws.com/photos/678775348/original.jpg']
6400030496,47.352171,1.756931,2024-06-11T17:28,['6400030496_1'],['https://inaturalist-open-data.s3.amazonaws.com/photos/678775774/original.jpg']
6413655664,42.865389,-0.038562,2024-06-24T15:41:40,['6413655664_1'],['https://inaturalist-open-data.s3.amazonaws.com/photos/682141196/original.jpg']
4903851447,44.167345,7.133495,2024-07-01T11:14:49,"['4903851447_1', '4903851447_2']","['https://inaturalist-open-data.s3.amazonaws.com/photos/401590116/original.jpg', 'https://inaturalist-open-data.s3.amazonaws.com/photos/401590166/original.jpg']"
4907989969,42.649462,-0.05801,2024-07-09T17:36:51,"['4907989969_1', '4907989969_2', '4907989969_3', '4907989969_4', '4907989969_5', '4907989969_6']","['https://inaturalist-open-data.s3.amazonaws.com/photos/477916974/original.jpeg', 'https://inaturalist-open-data.s3.amazonaws.com/photos/477916987/original.jpeg', 'https://inaturalist-open-data.s3.amazonaws.com/photos/477917009/original.jpeg', 'https://inaturalist-open-data.s3.amazonaws.com/photos/405157600/original.jpeg', 'https://inaturalist-open-data.s3.amazonaws.com/photos/405157636/original.jpeg', 'https://inaturalist-open-data.s3.amazonaws.com/photos/405157551/original.jpeg']"
4908175080,45.64703,6.165516,2024-07-10T12:29:12,['4908175080_1'],['https://inaturalist-open-data.s3.amazonaws.com/photos/405425719/original.jpeg']
4908198305,42.885426,12.432477,2024-07-09T14:55:19,['4908198305_1'],['https://inaturalist-open-data.s3.amazonaws.com/photos/405074411/original.jpeg']
4908200023,48.557371,-1.97167,2024-07-03T15:07:16,"['4908200023_1', '4908200023_2', '4908200023_3']","['https://inaturalist-open-data.s3.amazonaws.com/photos/402436508/original.jpg', 'https://inaturalist-open-data.s3.amazonaws.com/photos/402436570/original.jpg', 'https://inaturalist-open-data.s3.amazonaws.com/photos/402436675/original.jpg']"
4908202788,46.034614,9.111114,2024-07-15T11:52:48,"['4908202788_1', '4908202788_2', '4908202788_3', '4908202788_4']","['https://inaturalist-open-data.s3.amazonaws.com/photos/407312541/original.jpeg', 'https://inaturalist-open-data.s3.amazonaws.com/photos/407312565/original.jpeg', 'https://inaturalist-open-data.s3.amazonaws.com/photos/407312589/original.jpeg', 'https://inaturalist-open-data.s3.amazonaws.com/photos/407312612/original.jpeg']"
4908351073,47.205353,-1.644873,2024-07-13T22:32:24,['4908351073_1'],['https://inaturalist-open-data.s3.amazonaws.com/photos/407277325/original.jpeg']
4908498695,42.695703,-0.134599,2024-07-08T17:45:24,"['4908498695_1', '4908498695_2', '4908498695_3', '4908498695_4', '4908498695_5', '4908498695_6', '4908498695_7', '4908498695_8', '4908498695_9', '4908498695_10', '4908498695_11']","['https://inaturalist-open-data.s3.amazonaws.com/photos/477121773/original.jpeg', 'https://inaturalist-open-data.s3.amazonaws.com/photos/477121820/original.jpeg', 'https://inaturalist-open-data.s3.amazonaws.com/photos/477121860/original.jpeg', 'https://inaturalist-open-data.s3.amazonaws.com/photos/477121910/original.jpeg', 'https://inaturalist-open-data.s3.amazonaws.com/photos/477121958/original.jpeg', 'https://inaturalist-open-data.s3.amazonaws.com/photos/477121993/original.jpeg', 'https://inaturalist-open-data.s3.amazonaws.com/photos/404925965/original.jpeg', 'https://inaturalist-open-data.s3.amazonaws.com/photos/404926020/original.jpeg', 'https://inaturalist-open-data.s3.amazonaws.com/photos/404926062/original.jpeg', 'https://inaturalist-open-data.s3.amazonaws.com/photos/404926088/original.jpeg', 'https://inaturalist-open-data.s3.amazonaws.com/photos/404926131/original.jpeg']"
4908525506,44.889738,7.107718,2024-07-16T20:48:41,['4908525506_1'],['https://inaturalist-open-data.s3.amazonaws.com/photos/407909957/original.jpeg']
4908564146,44.69839,7.034209,2024-07-10T10:00:13,['4908564146_1'],['https://inaturalist-open-data.s3.amazonaws.com/photos/406075656/original.jpeg']
4908597074,45.376894,5.354451,2024-07-11T19:22:25,"['4908597074_1', '4908597074_2']","['https://inaturalist-open-data.s3.amazonaws.com/photos/405799228/original.jpeg', 'https://inaturalist-open-data.s3.amazonaws.com/photos/405799261/original.jpeg']"
4908714920,46.763089,8.278777,2024-07-04T13:58,"['4908714920_1', '4908714920_2']","['https://inaturalist-open-data.s3.amazonaws.com/photos/403528604/original.jpg', 'https://inaturalist-open-data.s3.amazonaws.com/photos/403528605/original.jpg']"
4908792065,46.393778,7.833032,2024-07-08T11:37:12,"['4908792065_1', '4908792065_2']","['https://inaturalist-open-data.s3.amazonaws.com/photos/404510820/original.jpg', 'https://inaturalist-open-data.s3.amazonaws.com/photos/404510928/original.jpg']"
4908803009,47.770725,8.393378,2024-07-04T12:10,['4908803009_1'],['https://inaturalist-open-data.s3.amazonaws.com/photos/405481599/original.jpg']
4908844206,45.615274,6.190058,2024-07-10T10:53:12,"['4908844206_1', '4908844206_2']","['https://inaturalist-open-data.s3.amazonaws.com/photos/405426631/original.jpeg', 'https://inaturalist-open-data.s3.amazonaws.com/photos/405426686/original.jpeg']"
4908853835,46.061039,8.464094,2024-07-04T15:19:19,['4908853835_1'],['https://inaturalist-open-data.s3.amazonaws.com/photos/402944572/original.jpeg']
4908875656,45.810485,6.956799,2024-07-11T16:33:45,['4908875656_1'],['https://inaturalist-open-data.s3.amazonaws.com/photos/406518490/original.jpeg']
4908949364,44.36229,6.885512,2024-07-14,['4908949364_1'],['https://inaturalist-open-data.s3.amazonaws.com/photos/407338000/original.jpeg']
4908961224,46.371457,8.253588,2024-07-10T17:08:23,"['4908961224_1', '4908961224_2', '4908961224_3', '4908961224_4', '4908961224_5', '4908961224_6']","['https://inaturalist-open-data.s3.amazonaws.com/photos/496697389/original.jpg', 'https://inaturalist-open-data.s3.amazonaws.com/photos/496697439/original.jpg', 'https://inaturalist-open-data.s3.amazonaws.com/photos/496697443/original.jpg', 'https://inaturalist-open-data.s3.amazonaws.com/photos/496697465/original.jpg', 'https://inaturalist-open-data.s3.amazonaws.com/photos/496697475/original.jpg', 'https://inaturalist-open-data.s3.amazonaws.com/photos/496697478/original.jpg']"
4908978503,46.076484,7.093661,2024-07-07T12:45:23,['4908978503_1'],['https://inaturalist-open-data.s3.amazonaws.com/photos/404219296/original.jpg']
4909113531,45.203415,10.747122,2024-07-04T17:43,['4909113531_1'],['https://inaturalist-open-data.s3.amazonaws.com/photos/407531694/original.jpeg']
4909216367,44.968507,7.02131,2024-07-03T13:48:42,['4909216367_1'],['https://inaturalist-open-data.s3.amazonaws.com/photos/402882549/original.jpeg']
4909335040,44.888305,7.109077,2024-07-16T20:13:01,['4909335040_1'],['https://inaturalist-open-data.s3.amazonaws.com/photos/407909816/original.jpeg']
4909342370,46.041962,9.206992,2024-07-10T12:52:51,"['4909342370_1', '4909342370_2', '4909342370_3']","['https://inaturalist-open-data.s3.amazonaws.com/photos/405335670/original.jpg', 'https://inaturalist-open-data.s3.amazonaws.com/photos/405335733/original.jpg', 'https://inaturalist-open-data.s3.amazonaws.com/photos/405335854/original.jpg']"
4910827583,44.888263,7.109035,2024-07-16T20:12:02,['4910827583_1'],['https://inaturalist-open-data.s3.amazonaws.com/photos/409675206/original.jpeg']
4910872408,44.106422,3.527894,2024-07-22T18:13:56,"['4910872408_1', '4910872408_2']","['https://inaturalist-open-data.s3.amazonaws.com/photos/410347618/original.jpeg', 'https://inaturalist-open-data.s3.amazonaws.com/photos/410347762/original.jpeg']"
4910926215,46.172384,8.190659,2024-07-20T17:10:07,"['4910926215_1', '4910926215_2', '4910926215_3']","['https://inaturalist-open-data.s3.amazonaws.com/photos/409459299/original.jpeg', 'https://inaturalist-open-data.s3.amazonaws.com/photos/409459636/original.jpeg', 'https://inaturalist-open-data.s3.amazonaws.com/photos/409647237/original.jpeg']"
4911101943,44.106057,3.525909,2024-07-22T17:42:12,"['4911101943_1', '4911101943_2']","['https://inaturalist-open-data.s3.amazonaws.com/photos/410346948/original.jpeg', 'https://inaturalist-open-data.s3.amazonaws.com/photos/410347066/original.jpeg']"
4911112037,44.106407,3.527836,2024-07-22T18:24:03,"['4911112037_1', '4911112037_2', '4911112037_3']","['https://inaturalist-open-data.s3.amazonaws.com/photos/410535188/original.jpeg', 'https://inaturalist-open-data.s3.amazonaws.com/photos/410535221/original.jpeg', 'https://inaturalist-open-data.s3.amazonaws.com/photos/410536378/original.jpeg']"
4919162968,42.815493,-0.201555,2024-07-07T10:45,['4919162968_1'],['https://inaturalist-open-data.s3.amazonaws.com/photos/413128984/original.jpg']
4919237932,45.968098,9.930008,2024-07-22T13:51:13,['4919237932_1'],['https://inaturalist-open-data.s3.amazonaws.com/photos/412950046/original.jpeg']
4919238063,44.99197,7.10418,2024-07-28T15:44:32,['4919238063_1'],['https://inaturalist-open-data.s3.amazonaws.com/photos/413064487/original.jpeg']
4919379414,42.96825,-0.391034,2024-07-07T12:37,['4919379414_1'],['https://inaturalist-open-data.s3.amazonaws.com/photos/413129057/original.jpg']
4919435331,45.495903,7.896398,2024-07-29T09:59:40,"['4919435331_1', '4919435331_2', '4919435331_3']","['https://inaturalist-open-data.s3.amazonaws.com/photos/413248312/original.jpeg', 'https://inaturalist-open-data.s3.amazonaws.com/photos/413248385/original.jpeg', 'https://inaturalist-open-data.s3.amazonaws.com/photos/413248475/original.jpeg']"
4919487798,48.773347,5.762966,2024-07-21T16:21,['4919487798_1'],['https://inaturalist-open-data.s3.amazonaws.com/photos/411755493/original.jpeg']
4919505190,46.341923,8.294758,2024-07-28T16:53:38,['4919505190_1'],['https://inaturalist-open-data.s3.amazonaws.com/photos/413501066/original.jpeg']
4919533586,48.709671,5.797344,2024-07-22T12:59,['4919533586_1'],['https://inaturalist-open-data.s3.amazonaws.com/photos/411767648/original.jpeg']
4919610555,46.245853,6.862904,2024-07-29T16:27:45,"['4919610555_1', '4919610555_2', '4919610555_3']","['https://inaturalist-open-data.s3.amazonaws.com/photos/413063173/original.jpeg', 'https://inaturalist-open-data.s3.amazonaws.com/photos/413063242/original.jpeg', 'https://inaturalist-open-data.s3.amazonaws.com/photos/413063295/original.jpeg']"
4921893430,45.168754,7.06155,2024-07-24T12:03,['4921893430_1'],['https://inaturalist-open-data.s3.amazonaws.com/photos/415814236/original.jpg']
4922008906,47.295386,-1.404584,2024-07-31,['4922008906_1'],['https://inaturalist-open-data.s3.amazonaws.com/photos/413955785/original.jpeg']
4931327558,45.611298,10.917407,2024-07-05,['4931327558_1'],['https://observation.org/photos/96156015.jpg']
4931367054,45.054713,6.030663,2024-07-12,['4931367054_1'],['https://observation.org/photos/97077968.jpg']
4931447213,44.7,7.03,2024-07-15,['4931447213_1'],['https://observation.org/photos/98019858.jpg']
4932459825,45.193763,6.652517,2024-07-09,['4932459825_1'],['https://observation.org/photos/96715987.jpg']
4933266593,42.859372,1.104981,2024-07-09,['4933266593_1'],['https://observation.org/photos/96669403.jpg']
4933437847,44.708072,7.033809,2024-07-07,['4933437847_1'],['https://observation.org/photos/96501429.jpg']
4934203476,44.032483,7.098939,2024-07-09,['4934203476_1'],['https://observation.org/photos/101062423.jpg']
4935238912,42.972022,-0.263978,2024-07-26,['4935238912_1'],['https://observation.org/photos/99281324.jpg']
4935240366,45.316942,6.816008,2024-07-15,"['4935240366_1', '4935240366_2']","['https://observation.org/photos/97479824.jpg', 'https://observation.org/photos/97479825.jpg']"
4945797813,45.530547,7.678558,2024-07-14T17:53:42,['4945797813_1'],['https://inaturalist-open-data.s3.amazonaws.com/photos/429150310/original.jpeg']
4945873037,42.570865,1.975156,2024-07-31T11:43,['4945873037_1'],['https://inaturalist-open-data.s3.amazonaws.com/photos/428499173/original.png']
4946002614,45.542463,7.658167,2024-07-14T14:39:32,['4946002614_1'],['https://inaturalist-open-data.s3.amazonaws.com/photos/429150155/original.jpeg']
4950015082,44.815471,7.037278,2024-07-18T15:11,['4950015082_1'],['https://inaturalist-open-data.s3.amazonaws.com/photos/409711091/original.jpg']
4978327590,45.155315,6.951634,2024-07-23T15:55,['4978327590_1'],['https://inaturalist-open-data.s3.amazonaws.com/photos/447148943/original.jpg']
4978526514,47.15125,-1.438167,2024-07-17T11:02:44,['4978526514_1'],['https://inaturalist-open-data.s3.amazonaws.com/photos/408072063/original.jpeg']
5061250773,45.98,6.46,2024-07-25,['5061250773_1'],['https://observation.org/photos/101438493.jpg']
5087595787,48.112447,0.245063,2024-07-20T18:13,['5087595787_1'],['https://inaturalist-open-data.s3.amazonaws.com/photos/474960225/original.jpg']
5087641598,48.025722,0.252914,2024-07-20T18:29,['5087641598_1'],['https://inaturalist-open-data.s3.amazonaws.com/photos/474960222/original.jpg']
5104579759,44.485814,6.230327,2024-07-28T10:08:08,['5104579759_1'],['https://inaturalist-open-data.s3.amazonaws.com/photos/478589352/original.jpeg']
5108473155,46.221204,6.717617,2024-07-20T08:40,"['5108473155_1', '5108473155_2', '5108473155_3']","['https://inaturalist-open-data.s3.amazonaws.com/photos/481254451/original.jpg', 'https://inaturalist-open-data.s3.amazonaws.com/photos/481254496/original.jpg', 'https://inaturalist-open-data.s3.amazonaws.com/photos/481254457/original.jpg']"
5134122043,47.867772,0.318391,2024-07-06T18:37,['5134122043_1'],['https://inaturalist-open-data.s3.amazonaws.com/photos/487172987/original.jpeg']
5176778440,45.149786,6.957435,2024-07-25T17:16:30,['5176778440_1'],['https://inaturalist-open-data.s3.amazonaws.com/photos/514587456/original.jpg']
5215756497,44.80766,7.121076,2024-07-11T09:50:52,['5215756497_1'],['https://inaturalist-open-data.s3.amazonaws.com/photos/409676417/original.jpeg']
5281815687,44.82451,6.516458,2024-07-22T11:31:48,"['5281815687_1', '5281815687_2', '5281815687_3']","['https://inaturalist-open-data.s3.amazonaws.com/photos/544667620/original.jpg', 'https://inaturalist-open-data.s3.amazonaws.com/photos/544667618/original.jpg', 'https://inaturalist-open-data.s3.amazonaws.com/photos/544667575/original.jpg']"
5288034366,41.8,2.45,2024-07-17,"['5288034366_1', '5288034366_2', '5288034366_3', '5288034366_4', '5288034366_5']","['https://observation.org/photos/133236521.jpg', 'https://observation.org/photos/133236523.jpg', 'https://observation.org/photos/133236525.jpg', 'https://observation.org/photos/133236526.jpg', 'https://observation.org/photos/133236527.jpg']"
5759841526,41.804406,2.453094,2024-07-17T12:22,"['5759841526_1', '5759841526_2', '5759841526_3', '5759841526_4', '5759841526_5', '5759841526_6', '5759841526_7', '5759841526_8']","['https://inaturalist-open-data.s3.amazonaws.com/photos/557008201/original.jpg', 'https://inaturalist-open-data.s3.amazonaws.com/photos/557008167/original.jpg', 'https://inaturalist-open-data.s3.amazonaws.com/photos/557008170/original.jpg', 'https://inaturalist-open-data.s3.amazonaws.com/photos/557008216/original.jpg', 'https://inaturalist-open-data.s3.amazonaws.com/photos/557008227/original.jpg', 'https://inaturalist-open-data.s3.amazonaws.com/photos/557008130/original.jpg', 'https://inaturalist-open-data.s3.amazonaws.com/photos/557008136/original.jpg', 'https://inaturalist-open-data.s3.amazonaws.com/photos/557008143/original.jpg']"
5838320455,46.158582,2.755934,2024-07-02T21:30:45,['5838320455_1'],['https://inaturalist-open-data.s3.amazonaws.com/photos/573797671/original.jpg']
6413911031,47.352171,1.756931,2024-07-13T18:32,['6413911031_1'],['https://inaturalist-open-data.s3.amazonaws.com/photos/680503517/original.jpg']
4921527567,46.65064,7.442289,2024-08-04T16:21:14,"['4921527567_1', '4921527567_2', '4921527567_3']","['https://inaturalist-open-data.s3.amazonaws.com/photos/416227205/original.jpeg', 'https://inaturalist-open-data.s3.amazonaws.com/photos/416227239/original.jpeg', 'https://inaturalist-open-data.s3.amazonaws.com/photos/416227283/original.jpeg']"
4921621556,44.282752,5.522435,2024-08-05T12:55,"['4921621556_1', '4921621556_2']","['https://inaturalist-open-data.s3.amazonaws.com/photos/415955065/original.jpg', 'https://inaturalist-open-data.s3.amazonaws.com/photos/415954991/original.jpg']"
4921689937,46.361818,9.361622,2024-08-05T14:18:12,"['4921689937_1', '4921689937_2']","['https://inaturalist-open-data.s3.amazonaws.com/photos/415782201/original.jpeg', 'https://inaturalist-open-data.s3.amazonaws.com/photos/415782281/original.jpeg']"
4921891926,47.782617,8.396349,2024-08-03T13:52:42,['4921891926_1'],['https://inaturalist-open-data.s3.amazonaws.com/photos/415108202/original.jpeg']
4921959609,42.53194,1.794474,2024-08-03T14:58,['4921959609_1'],['https://inaturalist-open-data.s3.amazonaws.com/photos/415110314/original.jpeg']
4923655549,42.861642,-3.708567,2024-08-03T19:05,"['4923655549_1', '4923655549_2', '4923655549_3', '4923655549_4', '4923655549_5']","['https://inaturalist-open-data.s3.amazonaws.com/photos/418477018/original.jpg', 'https://inaturalist-open-data.s3.amazonaws.com/photos/418480478/original.jpg', 'https://inaturalist-open-data.s3.amazonaws.com/photos/418480476/original.jpg', 'https://inaturalist-open-data.s3.amazonaws.com/photos/418480477/original.jpg', 'https://inaturalist-open-data.s3.amazonaws.com/photos/418480479/original.jpg']"
4923668455,42.842355,-0.108132,2024-08-07T12:00:48,['4923668455_1'],['https://inaturalist-open-data.s3.amazonaws.com/photos/416637455/original.jpeg']
4923695903,45.195624,6.988568,2024-08-08T12:32:47,['4923695903_1'],['https://inaturalist-open-data.s3.amazonaws.com/photos/416882917/original.jpeg']
4923700066,42.91305,-0.288595,2024-08-07T14:27:55,"['4923700066_1', '4923700066_2']","['https://inaturalist-open-data.s3.amazonaws.com/photos/416540115/original.jpeg', 'https://inaturalist-open-data.s3.amazonaws.com/photos/416540138/original.jpeg']"
4923841336,44.277402,7.396673,2024-08-10T13:29,['4923841336_1'],['https://inaturalist-open-data.s3.amazonaws.com/photos/418124750/original.jpg']
4923935383,45.977316,7.973524,2024-08-11T21:29,"['4923935383_1', '4923935383_2']","['https://inaturalist-open-data.s3.amazonaws.com/photos/418507713/original.jpeg', 'https://inaturalist-open-data.s3.amazonaws.com/photos/418209009/original.jpeg']"
4924022556,45.766429,6.705729,2024-08-11T15:50,['4924022556_1'],['https://inaturalist-open-data.s3.amazonaws.com/photos/418447579/original.jpeg']
4924044298,42.736441,-0.316368,2024-08-10T19:15:15,['4924044298_1'],['https://inaturalist-open-data.s3.amazonaws.com/photos/417759874/original.jpeg']
4924051375,46.124209,8.757972,2024-08-09T15:29,['4924051375_1'],['https://inaturalist-open-data.s3.amazonaws.com/photos/417328089/original.jpeg']
4924077087,42.243483,2.58258,2024-08-09T18:29:26,"['4924077087_1', '4924077087_2']","['https://inaturalist-open-data.s3.amazonaws.com/photos/417340640/original.jpeg', 'https://inaturalist-open-data.s3.amazonaws.com/photos/417340690/original.jpeg']"
4925937884,47.097861,0.013733,2024-08-15T19:32:03,['4925937884_1'],['https://inaturalist-open-data.s3.amazonaws.com/photos/419681104/original.jpeg']
4925984321,45.864828,7.280625,2024-08-16T19:49:23,"['4925984321_1', '4925984321_2']","['https://inaturalist-open-data.s3.amazonaws.com/photos/420259226/original.jpeg', 'https://inaturalist-open-data.s3.amazonaws.com/photos/420259683/original.jpeg']"
4926022234,45.76737,7.205147,2024-08-15T11:44,"['4926022234_1', '4926022234_2', '4926022234_3', '4926022234_4', '4926022234_5']","['https://inaturalist-open-data.s3.amazonaws.com/photos/419696947/original.jpg', 'https://inaturalist-open-data.s3.amazonaws.com/photos/419697426/original.jpeg', 'https://inaturalist-open-data.s3.amazonaws.com/photos/419697432/original.jpeg', 'https://inaturalist-open-data.s3.amazonaws.com/photos/419697430/original.jpg', 'https://inaturalist-open-data.s3.amazonaws.com/photos/419697434/original.jpeg']"
4926138809,42.153851,14.121882,2024-08-15T10:10:57,['4926138809_1'],['https://inaturalist-open-data.s3.amazonaws.com/photos/419937403/original.jpeg']
4926156456,48.916511,5.978484,2024-08-17T12:02:59,['4926156456_1'],['https://inaturalist-open-data.s3.amazonaws.com/photos/420410936/original.jpeg']
4926195247,45.457653,7.146067,2024-08-17T13:12:51,"['4926195247_1', '4926195247_2', '4926195247_3']","['https://inaturalist-open-data.s3.amazonaws.com/photos/420316124/original.jpeg', 'https://inaturalist-open-data.s3.amazonaws.com/photos/420316200/original.jpeg', 'https://inaturalist-open-data.s3.amazonaws.com/photos/420316239/original.jpeg']"
4926281584,45.426808,7.221531,2024-08-17T15:03:20,['4926281584_1'],['https://inaturalist-open-data.s3.amazonaws.com/photos/420315096/original.jpeg']
4926348424,48.087738,5.13994,2024-08-17T11:34:42,"['4926348424_1', '4926348424_2']","['https://inaturalist-open-data.s3.amazonaws.com/photos/420736053/original.jpeg', 'https://inaturalist-open-data.s3.amazonaws.com/photos/420736072/original.jpeg']"
4932026105,44.16477,5.814856,2024-08-19,['4932026105_1'],['https://observation.org/photos/102217305.jpg']
4932047713,42.831045,-0.174258,2024-08-02,['4932047713_1'],['https://observation.org/photos/100269884.jpg']
4934149309,42.784848,0.159086,2024-08-10,['4934149309_1'],['https://observation.org/photos/101010092.jpg']
4935409244,46.454533,2.972308,2024-08-10,['4935409244_1'],['https://observation.org/photos/101009578.jpg']
4935488934,47.430857,6.795792,2024-08-06,['4935488934_1'],['https://observation.org/photos/100663377.jpg']
4935501423,45.86472,7.84262,2024-08-16,"['4935501423_1', '4935501423_2', '4935501423_3', '4935501423_4']","['https://observation.org/photos/101981334.jpg', 'https://observation.org/photos/101981335.jpg', 'https://observation.org/photos/101981336.jpg', 'https://observation.org/photos/101981337.jpg']"
4935756410,47.938501,7.264111,2024-08-25T14:02:57,['4935756410_1'],['https://inaturalist-open-data.s3.amazonaws.com/photos/423355577/original.jpeg']
4935764039,43.800472,3.484572,2024-08-31T10:47:30,['4935764039_1'],['https://inaturalist-open-data.s3.amazonaws.com/photos/425886422/original.jpeg']
4935807526,42.52538,2.110055,2024-08-23T15:19:49,['4935807526_1'],['https://inaturalist-open-data.s3.amazonaws.com/photos/423902594/original.jpeg']
4935868517,46.098562,7.74718,2024-08-24T14:18:56,"['4935868517_1', '4935868517_2']","['https://inaturalist-open-data.s3.amazonaws.com/photos/423303879/original.jpeg', 'https://inaturalist-open-data.s3.amazonaws.com/photos/423303916/original.jpeg']"
4935882436,42.699,-0.11838,2024-08-15T15:57,['4935882436_1'],['https://inaturalist-open-data.s3.amazonaws.com/photos/422346565/original.jpeg']
4935900623,42.78407,-0.395445,2024-08-20T12:48,"['4935900623_1', '4935900623_2', '4935900623_3']","['https://inaturalist-open-data.s3.amazonaws.com/photos/422046602/original.jpeg', 'https://inaturalist-open-data.s3.amazonaws.com/photos/422046649/original.jpeg', 'https://inaturalist-open-data.s3.amazonaws.com/photos/422052630/original.jpeg']"
4935931000,46.095725,8.571111,2024-08-19T15:31,"['4935931000_1', '4935931000_2']","['https://inaturalist-open-data.s3.amazonaws.com/photos/422004941/original.jpeg', 'https://inaturalist-open-data.s3.amazonaws.com/photos/422005018/original.jpeg']"
4936003646,46.100489,8.454679,2024-08-19T15:33,['4936003646_1'],['https://inaturalist-open-data.s3.amazonaws.com/photos/422563763/original.jpg']
4936010374,42.376146,2.301444,2024-08-21T17:58:38,"['4936010374_1', '4936010374_2']","['https://inaturalist-open-data.s3.amazonaws.com/photos/421954053/original.jpeg', 'https://inaturalist-open-data.s3.amazonaws.com/photos/421956391/original.jpeg']"
4936014628,46.299847,8.56558,2024-08-20T12:08,"['4936014628_1', '4936014628_2']","['https://inaturalist-open-data.s3.amazonaws.com/photos/425165744/original.jpeg', 'https://inaturalist-open-data.s3.amazonaws.com/photos/425165764/original.jpeg']"
4936038538,42.519251,2.112822,2024-08-23T15:27:32,['4936038538_1'],['https://inaturalist-open-data.s3.amazonaws.com/photos/423902963/original.jpeg']
4936060854,42.027823,12.919006,2024-08-31T18:48:25,"['4936060854_1', '4936060854_2', '4936060854_3']","['https://inaturalist-open-data.s3.amazonaws.com/photos/425611100/original.jpeg', 'https://inaturalist-open-data.s3.amazonaws.com/photos/425611272/original.jpeg', 'https://inaturalist-open-data.s3.amazonaws.com/photos/425611363/original.jpeg']"
4936129090,42.659745,11.350783,2024-08-26T21:39:44,"['4936129090_1', '4936129090_2']","['https://inaturalist-open-data.s3.amazonaws.com/photos/423899821/original.jpeg', 'https://inaturalist-open-data.s3.amazonaws.com/photos/423908995/original.jpeg']"
4936719333,44.671883,9.303916,2024-08-24T12:05,['4936719333_1'],['https://inaturalist-open-data.s3.amazonaws.com/photos/424076407/original.jpeg']
4936745881,45.449945,7.251832,2024-08-20T17:51:02,"['4936745881_1', '4936745881_2', '4936745881_3', '4936745881_4', '4936745881_5', '4936745881_6']","['https://inaturalist-open-data.s3.amazonaws.com/photos/422377244/original.jpeg', 'https://inaturalist-open-data.s3.amazonaws.com/photos/422377300/original.jpeg', 'https://inaturalist-open-data.s3.amazonaws.com/photos/422964451/original.jpeg', 'https://inaturalist-open-data.s3.amazonaws.com/photos/422964482/original.jpeg', 'https://inaturalist-open-data.s3.amazonaws.com/photos/423557020/original.jpeg', 'https://inaturalist-open-data.s3.amazonaws.com/photos/423557054/original.jpeg']"
4936809934,42.523568,2.109804,2024-08-23T15:27:08,['4936809934_1'],['https://inaturalist-open-data.s3.amazonaws.com/photos/423903685/original.jpeg']
4936851920,43.63461,10.879975,2024-08-26T15:50,['4936851920_1'],['https://inaturalist-open-data.s3.amazonaws.com/photos/424456375/original.jpeg']
4936882599,45.599305,10.135086,2024-08-30T11:27:16,['4936882599_1'],['https://inaturalist-open-data.s3.amazonaws.com/photos/425097645/original.jpeg']
4937013895,46.193064,8.481211,2024-08-19T15:32,['4937013895_1'],['https://inaturalist-open-data.s3.amazonaws.com/photos/422005033/original.jpeg']
4937089557,38.973847,16.584895,2024-08-21T17:34:56,"['4937089557_1', '4937089557_2']","['https://inaturalist-open-data.s3.amazonaws.com/photos/422068202/original.jpeg', 'https://inaturalist-open-data.s3.amazonaws.com/photos/422068242/original.jpeg']"
4937111574,42.540367,12.953208,2024-08-14,['4937111574_1'],['https://inaturalist-open-data.s3.amazonaws.com/photos/423004341/original.jpg']
4937203410,44.287041,3.477372,2024-08-28T14:33,['4937203410_1'],['https://inaturalist-open-data.s3.amazonaws.com/photos/424643169/original.jpeg']
4937235649,42.131387,1.45805,2024-08-31T09:29,"['4937235649_1', '4937235649_2', '4937235649_3']","['https://inaturalist-open-data.s3.amazonaws.com/photos/425567662/original.jpeg', 'https://inaturalist-open-data.s3.amazonaws.com/photos/425568183/original.jpeg', 'https://inaturalist-open-data.s3.amazonaws.com/photos/425572958/original.jpeg']"
4945495660,45.623483,1.396628,2024-08-18T12:12,['4945495660_1'],['https://inaturalist-open-data.s3.amazonaws.com/photos/428711246/original.jpg']
4945571607,42.734226,-0.162326,2024-08-20T13:32,['4945571607_1'],['https://inaturalist-open-data.s3.amazonaws.com/photos/427525281/original.png']
4945844097,43.888303,5.360342,2024-08-21T17:40:44,['4945844097_1'],['https://inaturalist-open-data.s3.amazonaws.com/photos/427086014/original.jpeg']
4945906948,45.769853,10.410598,2024-08-11T09:16:58,['4945906948_1'],['https://inaturalist-open-data.s3.amazonaws.com/photos/428077702/original.jpeg']
4946525485,45.72281,11.086667,2024-08-22T14:28,['4946525485_1'],['https://inaturalist-open-data.s3.amazonaws.com/photos/427818192/original.jpeg']
4952167725,45.961275,7.996767,2024-08-17T09:48:34,"['4952167725_1', '4952167725_2']","['https://inaturalist-open-data.s3.amazonaws.com/photos/423084972/original.jpeg', 'https://inaturalist-open-data.s3.amazonaws.com/photos/423085028/original.jpeg']"
4952644216,44.113761,10.659645,2024-08-10T10:54:10,['4952644216_1'],['https://inaturalist-open-data.s3.amazonaws.com/photos/438024785/original.jpeg']
4954532591,44.971539,3.908915,2024-08-24T11:30,"['4954532591_1', '4954532591_2']","['https://inaturalist-open-data.s3.amazonaws.com/photos/442115480/original.jpeg', 'https://inaturalist-open-data.s3.amazonaws.com/photos/442115478/original.jpeg']"
4957036406,42.757705,11.529592,2024-08-22,"['4957036406_1', '4957036406_2', '4957036406_3', '4957036406_4']","['https://observation.org/photos/102655070.jpg', 'https://observation.org/photos/102655071.jpg', 'https://observation.org/photos/102655072.jpg', 'https://observation.org/photos/102655073.jpg']"
4981922812,45.619902,6.629684,2024-08-15T12:00,"['4981922812_1', '4981922812_2']","['https://inaturalist-open-data.s3.amazonaws.com/photos/450367528/original.jpeg', 'https://inaturalist-open-data.s3.amazonaws.com/photos/450367540/original.jpeg']"
4982015323,45.722537,6.69808,2024-08-17T16:53,"['4982015323_1', '4982015323_2']","['https://inaturalist-open-data.s3.amazonaws.com/photos/450530621/original.jpeg', 'https://inaturalist-open-data.s3.amazonaws.com/photos/450530631/original.jpeg']"
4982022321,45.648738,6.668485,2024-08-21T09:27,['4982022321_1'],['https://inaturalist-open-data.s3.amazonaws.com/photos/450535834/original.jpeg']
4982034732,45.640643,6.609984,2024-08-20T10:06,['4982034732_1'],['https://inaturalist-open-data.s3.amazonaws.com/photos/450535770/original.jpeg']
4982114140,45.696573,6.769632,2024-08-21T09:24,['4982114140_1'],['https://inaturalist-open-data.s3.amazonaws.com/photos/450535804/original.jpeg']
4982175508,45.683688,6.680022,2024-08-16T09:08,['4982175508_1'],['https://inaturalist-open-data.s3.amazonaws.com/photos/450370612/original.jpeg']
4982199981,45.751901,6.649658,2024-08-15T13:38,['4982199981_1'],['https://inaturalist-open-data.s3.amazonaws.com/photos/450367660/original.jpeg']
4982275027,45.625924,6.741536,2024-08-15T14:40,['4982275027_1'],['https://inaturalist-open-data.s3.amazonaws.com/photos/450367743/original.jpeg']
4982312108,45.794601,6.667654,2024-08-22T09:22,['4982312108_1'],['https://inaturalist-open-data.s3.amazonaws.com/photos/450536138/original.jpeg']
4982355394,45.787998,6.624844,2024-08-20T09:21,['4982355394_1'],['https://inaturalist-open-data.s3.amazonaws.com/photos/450535621/original.jpeg']
4982366471,45.604678,6.664667,2024-08-16T10:15,['4982366471_1'],['https://inaturalist-open-data.s3.amazonaws.com/photos/450370691/original.jpeg']
4982367683,45.733402,6.778001,2024-08-22T11:31,['4982367683_1'],['https://inaturalist-open-data.s3.amazonaws.com/photos/450536074/original.jpeg']
4982380575,45.71824,6.761524,2024-08-16T08:45,['4982380575_1'],['https://inaturalist-open-data.s3.amazonaws.com/photos/450370371/original.jpeg']
4982389050,45.645204,6.611656,2024-08-17T14:40,['4982389050_1'],['https://inaturalist-open-data.s3.amazonaws.com/photos/450529310/original.jpeg']
4985584377,47.936731,7.262381,2024-08-27,['4985584377_1'],['https://observation.org/photos/102959566.jpg']
4986114515,47.941537,7.269663,2024-08-30,['4986114515_1'],['https://observation.org/photos/103318173.jpg']
4987728505,44.791702,7.127089,2024-08-23T12:00,['4987728505_1'],['https://inaturalist-open-data.s3.amazonaws.com/photos/451775396/original.jpeg']
4994193001,43.185533,12.27752,2024-08-22T16:10,"['4994193001_1', '4994193001_2', '4994193001_3', '4994193001_4']","['https://inaturalist-open-data.s3.amazonaws.com/photos/453600301/original.jpeg', 'https://inaturalist-open-data.s3.amazonaws.com/photos/453600502/original.jpeg', 'https://inaturalist-open-data.s3.amazonaws.com/photos/453600510/original.jpeg', 'https://inaturalist-open-data.s3.amazonaws.com/photos/453600563/original.jpeg']"
4994511114,43.184969,12.277427,2024-08-22T16:20,"['4994511114_1', '4994511114_2']","['https://inaturalist-open-data.s3.amazonaws.com/photos/453598142/original.jpeg', 'https://inaturalist-open-data.s3.amazonaws.com/photos/453597961/original.jpeg']"
4995550691,47.936958,7.261863,2024-08-28,['4995550691_1'],['https://observation.org/photos/103109422.jpg']
4995564896,47.941428,7.269272,2024-08-27,['4995564896_1'],['https://observation.org/photos/103036281.jpg']
4995576196,47.936825,7.262833,2024-08-27,['4995576196_1'],['https://observation.org/photos/103036283.jpg']
4995615009,44.829638,5.37514,2024-08-09,['4995615009_1'],['https://observation.org/photos/100937630.jpg']
4995637456,47.941442,7.26967,2024-08-28,['4995637456_1'],['https://observation.org/photos/103109411.jpg']
4995659627,47.936787,7.26185,2024-08-27,['4995659627_1'],['https://observation.org/photos/103036287.jpg']
4995667234,47.941475,7.269742,2024-08-28,['4995667234_1'],['https://observation.org/photos/103109417.jpg']
4995705020,47.941533,7.269617,2024-08-28,['4995705020_1'],['https://observation.org/photos/103109419.jpg']
4995718110,45.590133,1.78685,2024-08-31,['4995718110_1'],['https://observation.org/photos/103354103.jpg']
5026381439,45.617512,7.357623,2024-08-02T00:00,['5026381439_1'],['https://live.staticflickr.com/65535/53987330481_fd7428531d_b.jpg']
5063243024,46.128194,10.81109,2024-08-28T18:03,"['5063243024_1', '5063243024_2', '5063243024_3']","['https://inaturalist-open-data.s3.amazonaws.com/photos/465208171/original.jpg', 'https://inaturalist-open-data.s3.amazonaws.com/photos/465208796/original.jpg', 'https://inaturalist-open-data.s3.amazonaws.com/photos/465208805/original.jpg']"
5088095337,44.617738,6.097374,2024-08-08T15:25:20,['5088095337_1'],['https://inaturalist-open-data.s3.amazonaws.com/photos/476832089/original.jpg']
5104506791,46.179168,6.708877,2024-08-08T16:23:10,['5104506791_1'],['https://inaturalist-open-data.s3.amazonaws.com/photos/478588289/original.jpeg']
5292428883,44.15877,5.251185,2024-08-21,['5292428883_1'],['https://inaturalist-open-data.s3.amazonaws.com/photos/552329927/original.jpg']
5760889365,45.821854,7.698084,2024-08-24T14:57,['5760889365_1'],['https://inaturalist-open-data.s3.amazonaws.com/photos/559353969/original.jpg']
5938577345,42.312887,2.364147,2024-08-31T12:38:30,['5938577345_1'],['https://inaturalist-open-data.s3.amazonaws.com/photos/605149383/original.jpg']
6152296940,45.10016,3.915167,2024-08-11,"['6152296940_1', '6152296940_2']","['https://observation.org/photos/102341080.jpg', 'https://observation.org/photos/102341081.jpg']"
6413242645,47.352171,1.756931,2024-08-11T20:15,['6413242645_1'],['https://inaturalist-open-data.s3.amazonaws.com/photos/681120192/original.jpg']
6413699990,47.352171,1.756931,2024-08-11T19:49,['6413699990_1'],['https://inaturalist-open-data.s3.amazonaws.com/photos/681119684/original.jpg']
6479400555,42.856297,-0.46565,2024-08-09T13:57:40,"['6479400555_1', '6479400555_2']","['https://inaturalist-open-data.s3.amazonaws.com/photos/714327010/original.jpg', 'https://inaturalist-open-data.s3.amazonaws.com/photos/714327030/original.jpg']"
4935879166,44.450444,6.214787,2024-09-02T18:07:58,['4935879166_1'],['https://inaturalist-open-data.s3.amazonaws.com/photos/426517416/original.jpeg']
4935919693,44.922334,4.836425,2024-09-01T12:32:55,['4935919693_1'],['https://inaturalist-open-data.s3.amazonaws.com/photos/425871648/original.jpeg']
4937006094,44.503896,6.379476,2024-09-02T17:49:39,['4937006094_1'],['https://inaturalist-open-data.s3.amazonaws.com/photos/426518734/original.jpeg']
4945525551,37.834332,14.989256,2024-09-09T13:18:46,['4945525551_1'],['https://inaturalist-open-data.s3.amazonaws.com/photos/428938049/original.jpeg']
4945597248,44.16532,7.26559,2024-09-14T17:06:08,"['4945597248_1', '4945597248_2', '4945597248_3', '4945597248_4', '4945597248_5', '4945597248_6']","['https://inaturalist-open-data.s3.amazonaws.com/photos/431471557/original.jpeg', 'https://inaturalist-open-data.s3.amazonaws.com/photos/431471566/original.jpeg', 'https://inaturalist-open-data.s3.amazonaws.com/photos/431471582/original.jpeg', 'https://inaturalist-open-data.s3.amazonaws.com/photos/431471597/original.jpeg', 'https://inaturalist-open-data.s3.amazonaws.com/photos/431471606/original.jpeg', 'https://inaturalist-open-data.s3.amazonaws.com/photos/431471614/original.jpeg']"
4945627741,41.363187,14.389578,2024-09-11T14:57,['4945627741_1'],['https://inaturalist-open-data.s3.amazonaws.com/photos/429760191/original.jpeg']
4945911983,41.845213,13.095848,2024-09-10T10:54:39,"['4945911983_1', '4945911983_2', '4945911983_3']","['https://inaturalist-open-data.s3.amazonaws.com/photos/429265235/original.jpeg', 'https://inaturalist-open-data.s3.amazonaws.com/photos/429265275/original.jpeg', 'https://inaturalist-open-data.s3.amazonaws.com/photos/429265295/original.jpeg']"
4945952153,44.117109,10.465616,2024-09-07T09:29:28,"['4945952153_1', '4945952153_2', '4945952153_3', '4945952153_4', '4945952153_5']","['https://inaturalist-open-data.s3.amazonaws.com/photos/428115463/original.jpeg', 'https://inaturalist-open-data.s3.amazonaws.com/photos/428115503/original.jpeg', 'https://inaturalist-open-data.s3.amazonaws.com/photos/428117405/original.jpeg', 'https://inaturalist-open-data.s3.amazonaws.com/photos/428115567/original.jpeg', 'https://inaturalist-open-data.s3.amazonaws.com/photos/428117452/original.jpeg']"
4945959688,42.754836,10.202658,2024-09-10T17:59:41,"['4945959688_1', '4945959688_2', '4945959688_3', '4945959688_4', '4945959688_5']","['https://inaturalist-open-data.s3.amazonaws.com/photos/429448511/original.jpeg', 'https://inaturalist-open-data.s3.amazonaws.com/photos/429448621/original.jpeg', 'https://inaturalist-open-data.s3.amazonaws.com/photos/429448788/original.jpeg', 'https://inaturalist-open-data.s3.amazonaws.com/photos/429448936/original.jpeg', 'https://inaturalist-open-data.s3.amazonaws.com/photos/429579775/original.jpeg']"
4946004010,45.023525,7.397557,2024-09-17T11:36:32,['4946004010_1'],['https://inaturalist-open-data.s3.amazonaws.com/photos/431876302/original.jpeg']
4946264069,37.737762,14.872291,2024-09-10T12:21:35,['4946264069_1'],['https://inaturalist-open-data.s3.amazonaws.com/photos/429287564/original.jpeg']
4946264272,43.663255,11.648683,2024-09-07T13:09,['4946264272_1'],['https://inaturalist-open-data.s3.amazonaws.com/photos/429456596/original.jpeg']
4946530129,45.609863,7.77988,2024-09-02T11:21:09,['4946530129_1'],['https://inaturalist-open-data.s3.amazonaws.com/photos/427903354/original.jpeg']
4946541370,44.474382,6.244617,2024-09-05T16:37,['4946541370_1'],['https://inaturalist-open-data.s3.amazonaws.com/photos/427917613/original.jpg']
4946670428,42.663353,11.919105,2024-09-03T19:03:26,['4946670428_1'],['https://inaturalist-open-data.s3.amazonaws.com/photos/427044657/original.jpeg']
4946670963,44.717052,5.088593,2024-09-05T17:03:28,"['4946670963_1', '4946670963_2']","['https://inaturalist-open-data.s3.amazonaws.com/photos/427476583/original.jpeg', 'https://inaturalist-open-data.s3.amazonaws.com/photos/427476759/original.jpeg']"
4946692386,42.701912,10.992621,2024-09-09T18:09:28,['4946692386_1'],['https://inaturalist-open-data.s3.amazonaws.com/photos/429032923/original.jpeg']
4949963243,43.17803,12.527897,2024-09-22T09:50,['4949963243_1'],['https://inaturalist-open-data.s3.amazonaws.com/photos/433800687/original.jpeg']
4950076714,45.006116,3.823576,2024-09-21T13:18:15,['4950076714_1'],['https://inaturalist-open-data.s3.amazonaws.com/photos/433368973/original.jpeg']
4950083071,47.119069,-1.761808,2024-09-09T16:26:13,['4950083071_1'],['https://inaturalist-open-data.s3.amazonaws.com/photos/435172822/original.jpeg']
4950153046,44.164243,7.256278,2024-09-14,"['4950153046_1', '4950153046_2']","['https://inaturalist-open-data.s3.amazonaws.com/photos/431131505/original.jpg', 'https://inaturalist-open-data.s3.amazonaws.com/photos/431131518/original.jpg']"
4950376469,45.408889,7.60658,2024-09-24T10:58,"['4950376469_1', '4950376469_2', '4950376469_3', '4950376469_4', '4950376469_5', '4950376469_6']","['https://inaturalist-open-data.s3.amazonaws.com/photos/434782535/original.jpeg', 'https://inaturalist-open-data.s3.amazonaws.com/photos/434782545/original.jpeg', 'https://inaturalist-open-data.s3.amazonaws.com/photos/434782546/original.jpeg', 'https://inaturalist-open-data.s3.amazonaws.com/photos/434782554/original.jpeg', 'https://inaturalist-open-data.s3.amazonaws.com/photos/434782573/original.jpeg', 'https://inaturalist-open-data.s3.amazonaws.com/photos/434782576/original.jpeg']"
4950518748,46.10403,10.811268,2024-09-23T12:13:41,"['4950518748_1', '4950518748_2', '4950518748_3', '4950518748_4', '4950518748_5']","['https://inaturalist-open-data.s3.amazonaws.com/photos/434314382/original.jpeg', 'https://inaturalist-open-data.s3.amazonaws.com/photos/434314407/original.jpeg', 'https://inaturalist-open-data.s3.amazonaws.com/photos/434314439/original.jpeg', 'https://inaturalist-open-data.s3.amazonaws.com/photos/434314484/original.jpeg', 'https://inaturalist-open-data.s3.amazonaws.com/photos/434314518/original.jpeg']"
4950542632,45.678674,10.559537,2024-09-02T09:16:15,['4950542632_1'],['https://inaturalist-open-data.s3.amazonaws.com/photos/433224361/original.jpeg']
4950556213,39.933113,16.030794,2024-09-22T11:07:02,"['4950556213_1', '4950556213_2', '4950556213_3']","['https://inaturalist-open-data.s3.amazonaws.com/photos/435173072/original.jpeg', 'https://inaturalist-open-data.s3.amazonaws.com/photos/435173105/original.jpeg', 'https://inaturalist-open-data.s3.amazonaws.com/photos/438018393/original.jpeg']"
4950598957,47.320338,-0.309215,2024-09-12T11:41:34,['4950598957_1'],['https://inaturalist-open-data.s3.amazonaws.com/photos/432589174/original.jpeg']
4950600546,41.966393,2.170193,2024-09-24T18:15,"['4950600546_1', '4950600546_2']","['https://inaturalist-open-data.s3.amazonaws.com/photos/435094808/original.jpg', 'https://inaturalist-open-data.s3.amazonaws.com/photos/435094819/original.jpg']"
4952182817,48.296967,2.450796,2024-09-27T11:31,['4952182817_1'],['https://inaturalist-open-data.s3.amazonaws.com/photos/436887163/original.jpg']
4952191499,48.235538,2.77121,2024-09-26T10:07,['4952191499_1'],['https://inaturalist-open-data.s3.amazonaws.com/photos/436885337/original.jpg']
4952191508,48.211005,2.514887,2024-09-27T11:34,['4952191508_1'],['https://inaturalist-open-data.s3.amazonaws.com/photos/436887189/original.jpg']
4952210590,46.192097,5.354428,2024-09-29T12:51:58,['4952210590_1'],['https://inaturalist-open-data.s3.amazonaws.com/photos/443116361/original.jpeg']
4952225345,48.370225,2.481732,2024-09-27T11:43,['4952225345_1'],['https://inaturalist-open-data.s3.amazonaws.com/photos/436887228/original.jpg']
4952235295,48.225416,2.608924,2024-09-26T16:37,['4952235295_1'],['https://inaturalist-open-data.s3.amazonaws.com/photos/436885359/original.jpg']
4952241173,48.294764,2.486828,2024-09-27T10:19,['4952241173_1'],['https://inaturalist-open-data.s3.amazonaws.com/photos/436886754/original.jpg']
4952276091,48.213727,2.584678,2024-09-27T11:42,['4952276091_1'],['https://inaturalist-open-data.s3.amazonaws.com/photos/436887218/original.jpg']
4952278897,48.297816,2.409967,2024-09-27T11:18,['4952278897_1'],['https://inaturalist-open-data.s3.amazonaws.com/photos/436887139/original.jpg']
4952283171,45.492409,5.572057,2024-09-27T12:22:32,['4952283171_1'],['https://inaturalist-open-data.s3.amazonaws.com/photos/435730961/original.jpeg']
4952304486,48.292306,2.785336,2024-09-27T17:26,['4952304486_1'],['https://inaturalist-open-data.s3.amazonaws.com/photos/436891151/original.jpg']
4952321349,40.236021,15.498209,2024-09-27T12:37,['4952321349_1'],['https://inaturalist-open-data.s3.amazonaws.com/photos/435875268/original.jpg']
4952346699,48.294647,2.464665,2024-09-27T11:10,['4952346699_1'],['https://inaturalist-open-data.s3.amazonaws.com/photos/436887118/original.jpg']
4952353505,48.249592,2.5202,2024-09-27T11:00,['4952353505_1'],['https://inaturalist-open-data.s3.amazonaws.com/photos/436887070/original.jpg']
4952362873,48.297924,2.4728,2024-09-27T11:00,['4952362873_1'],['https://inaturalist-open-data.s3.amazonaws.com/photos/436887007/original.jpg']
4952380664,48.264959,2.470332,2024-09-27T12:07,['4952380664_1'],['https://inaturalist-open-data.s3.amazonaws.com/photos/436887249/original.jpg']
4952395928,48.310167,2.493728,2024-09-27T10:50,['4952395928_1'],['https://inaturalist-open-data.s3.amazonaws.com/photos/436886848/original.jpg']
4952401377,48.226311,2.445651,2024-09-27T10:50,['4952401377_1'],['https://inaturalist-open-data.s3.amazonaws.com/photos/436886862/original.jpg']
4952406228,48.478504,2.244916,2024-09-26T12:18,['4952406228_1'],['https://inaturalist-open-data.s3.amazonaws.com/photos/436885338/original.jpg']
4952417317,48.216816,2.540537,2024-09-27T11:00,['4952417317_1'],['https://inaturalist-open-data.s3.amazonaws.com/photos/436887068/original.jpg']
4952424406,48.267849,2.580944,2024-09-27T10:18,['4952424406_1'],['https://inaturalist-open-data.s3.amazonaws.com/photos/436886723/original.jpg']
4952440545,48.222672,2.714027,2024-09-27T17:24,['4952440545_1'],['https://inaturalist-open-data.s3.amazonaws.com/photos/436891148/original.jpg']
4952446825,48.342112,2.708944,2024-09-26T09:45,['4952446825_1'],['https://inaturalist-open-data.s3.amazonaws.com/photos/436885327/original.jpg']
4952446829,48.385124,2.527041,2024-09-27T11:31,['4952446829_1'],['https://inaturalist-open-data.s3.amazonaws.com/photos/436887177/original.jpg']
4952459148,48.203485,2.567387,2024-09-27T11:00,['4952459148_1'],['https://inaturalist-open-data.s3.amazonaws.com/photos/436887067/original.jpg']
4952479702,48.261958,2.455765,2024-09-27T11:28,['4952479702_1'],['https://inaturalist-open-data.s3.amazonaws.com/photos/436887138/original.jpg']
4952488370,42.583266,1.032297,2024-09-29T15:02:08,"['4952488370_1', '4952488370_2']","['https://inaturalist-open-data.s3.amazonaws.com/photos/436614219/original.jpeg', 'https://inaturalist-open-data.s3.amazonaws.com/photos/436614268/original.jpeg']"
4952495871,48.332054,2.543293,2024-09-27T11:17,['4952495871_1'],['https://inaturalist-open-data.s3.amazonaws.com/photos/436887115/original.jpg']
4952504461,48.359064,2.546496,2024-09-27T11:39,['4952504461_1'],['https://inaturalist-open-data.s3.amazonaws.com/photos/436887212/original.jpg']
4952602620,48.259213,2.687492,2024-09-26T16:31,['4952602620_1'],['https://inaturalist-open-data.s3.amazonaws.com/photos/436885351/original.jpg']
4952618073,48.218443,2.424516,2024-09-27T12:09,['4952618073_1'],['https://inaturalist-open-data.s3.amazonaws.com/photos/436887268/original.jpg']
4952620742,48.25265,2.711701,2024-09-27T16:18,['4952620742_1'],['https://inaturalist-open-data.s3.amazonaws.com/photos/436891127/original.jpg']
4952634535,48.379812,2.730296,2024-09-27T13:17,['4952634535_1'],['https://inaturalist-open-data.s3.amazonaws.com/photos/436887316/original.jpg']
4952652135,48.556995,-1.973478,2024-09-29T15:40:52,"['4952652135_1', '4952652135_2', '4952652135_3', '4952652135_4', '4952652135_5']","['https://inaturalist-open-data.s3.amazonaws.com/photos/436526009/original.jpeg', 'https://inaturalist-open-data.s3.amazonaws.com/photos/436526101/original.jpeg', 'https://inaturalist-open-data.s3.amazonaws.com/photos/436526196/original.jpeg', 'https://inaturalist-open-data.s3.amazonaws.com/photos/436526306/original.jpeg', 'https://inaturalist-open-data.s3.amazonaws.com/photos/436526424/original.jpeg']"
4952653742,48.557292,-1.97173,2024-09-29T15:26,"['4952653742_1', '4952653742_2', '4952653742_3', '4952653742_4']","['https://inaturalist-open-data.s3.amazonaws.com/photos/436512943/original.jpeg', 'https://inaturalist-open-data.s3.amazonaws.com/photos/436513099/original.jpeg', 'https://inaturalist-open-data.s3.amazonaws.com/photos/436513193/original.jpeg', 'https://inaturalist-open-data.s3.amazonaws.com/photos/436513284/original.jpeg']"
4952667481,48.357578,2.403188,2024-09-27T10:50,['4952667481_1'],['https://inaturalist-open-data.s3.amazonaws.com/photos/436886864/original.jpg']
4952708186,48.208374,2.514607,2024-09-27T12:09,['4952708186_1'],['https://inaturalist-open-data.s3.amazonaws.com/photos/436887269/original.jpg']
4952741588,48.302344,2.41468,2024-09-27T10:31,['4952741588_1'],['https://inaturalist-open-data.s3.amazonaws.com/photos/436886756/original.jpg']
4952770720,45.996063,-1.334678,2024-09-26T16:32:27,['4952770720_1'],['https://inaturalist-open-data.s3.amazonaws.com/photos/435472265/original.jpeg']
4952790831,48.33866,2.436304,2024-09-27T10:40,['4952790831_1'],['https://inaturalist-open-data.s3.amazonaws.com/photos/436886810/original.jpg']
4952795655,41.826283,2.409027,2024-09-27T11:00,['4952795655_1'],['https://inaturalist-open-data.s3.amazonaws.com/photos/435784877/original.jpeg']
4952802590,48.201936,2.490297,2024-09-27T10:58,['4952802590_1'],['https://inaturalist-open-data.s3.amazonaws.com/photos/436886865/original.jpg']
4952805204,48.259281,2.560123,2024-09-27T11:31,['4952805204_1'],['https://inaturalist-open-data.s3.amazonaws.com/photos/436887181/original.jpg']
4952805205,48.274728,2.766146,2024-09-27T16:30,['4952805205_1'],['https://inaturalist-open-data.s3.amazonaws.com/photos/436891123/original.jpg']
4952839067,48.243176,2.438697,2024-09-27T11:53,['4952839067_1'],['https://inaturalist-open-data.s3.amazonaws.com/photos/436887233/original.jpg']
4952846175,48.215099,2.715315,2024-09-26T09:51,['4952846175_1'],['https://inaturalist-open-data.s3.amazonaws.com/photos/436885328/original.jpg']
4952867229,48.217376,2.707163,2024-09-27T12:53,['4952867229_1'],['https://inaturalist-open-data.s3.amazonaws.com/photos/436887290/original.jpg']
4952882865,48.342149,2.52422,2024-09-27T12:09,['4952882865_1'],['https://inaturalist-open-data.s3.amazonaws.com/photos/436887250/original.jpg']
4952882923,45.560462,8.687039,2024-09-30T16:11:55,['4952882923_1'],['https://inaturalist-open-data.s3.amazonaws.com/photos/436941422/original.jpeg']
4952885177,48.383051,2.77504,2024-09-26T09:50,['4952885177_1'],['https://inaturalist-open-data.s3.amazonaws.com/photos/436885326/original.jpg']
4952886093,48.336013,2.470385,2024-09-27T10:44,['4952886093_1'],['https://inaturalist-open-data.s3.amazonaws.com/photos/436886823/original.jpg']
4952887787,46.316587,8.249908,2024-09-29T14:40:47,['4952887787_1'],['https://inaturalist-open-data.s3.amazonaws.com/photos/436498030/original.jpeg']
4952888254,48.366904,2.723376,2024-09-26T16:11,['4952888254_1'],['https://inaturalist-open-data.s3.amazonaws.com/photos/436885347/original.jpg']
4952888617,48.39408,2.57185,2024-09-27T10:44,['4952888617_1'],['https://inaturalist-open-data.s3.amazonaws.com/photos/436886825/original.jpg']
4952897878,48.217503,2.5785,2024-09-27T11:39,['4952897878_1'],['https://inaturalist-open-data.s3.amazonaws.com/photos/436887211/original.jpg']
4952931599,43.925374,11.771046,2024-09-26T17:25:49,['4952931599_1'],['https://inaturalist-open-data.s3.amazonaws.com/photos/435472585/original.jpeg']
4952954389,48.391456,2.585814,2024-09-27T10:17,['4952954389_1'],['https://inaturalist-open-data.s3.amazonaws.com/photos/436886683/original.jpg']
4952954496,42.791818,-1.626587,2024-09-30T16:35:23,"['4952954496_1', '4952954496_2']","['https://inaturalist-open-data.s3.amazonaws.com/photos/436986136/original.jpeg', 'https://inaturalist-open-data.s3.amazonaws.com/photos/436986165/original.jpeg']"
4953006279,48.260949,2.500387,2024-09-27T10:37,['4953006279_1'],['https://inaturalist-open-data.s3.amazonaws.com/photos/436886793/original.jpg']
4953006281,48.324061,2.740988,2024-09-27T16:30,['4953006281_1'],['https://inaturalist-open-data.s3.amazonaws.com/photos/436887416/original.jpg']
4953068763,48.356773,2.558135,2024-09-27T11:42,['4953068763_1'],['https://inaturalist-open-data.s3.amazonaws.com/photos/436887227/original.jpg']
4953078755,48.255851,2.596817,2024-09-27T10:31,['4953078755_1'],['https://inaturalist-open-data.s3.amazonaws.com/photos/436886790/original.jpg']
4953079634,48.347245,2.634364,2024-09-27T16:18,['4953079634_1'],['https://inaturalist-open-data.s3.amazonaws.com/photos/436887405/original.jpg']
4953086472,48.269476,2.724915,2024-09-27T13:37,['4953086472_1'],['https://inaturalist-open-data.s3.amazonaws.com/photos/436887381/original.jpg']
4953110591,45.859478,10.690628,2024-09-28T11:15:16,"['4953110591_1', '4953110591_2']","['https://inaturalist-open-data.s3.amazonaws.com/photos/436053273/original.jpeg', 'https://inaturalist-open-data.s3.amazonaws.com/photos/436053315/original.jpeg']"
4953119950,48.363715,2.570744,2024-09-27T10:58,['4953119950_1'],['https://inaturalist-open-data.s3.amazonaws.com/photos/436886958/original.jpg']
4953122769,46.285436,8.244203,2024-09-28T10:58:12,['4953122769_1'],['https://inaturalist-open-data.s3.amazonaws.com/photos/436048781/original.jpeg']
4953124272,48.364732,2.787232,2024-09-27T13:17,['4953124272_1'],['https://inaturalist-open-data.s3.amazonaws.com/photos/436887317/original.jpg']
4953126879,48.385797,2.719159,2024-09-27T13:35,['4953126879_1'],['https://inaturalist-open-data.s3.amazonaws.com/photos/436887376/original.jpg']
4953133057,48.292809,2.517615,2024-09-27T12:09,['4953133057_1'],['https://inaturalist-open-data.s3.amazonaws.com/photos/436887251/original.jpg']
4953134510,48.388047,2.685148,2024-09-27T13:37,['4953134510_1'],['https://inaturalist-open-data.s3.amazonaws.com/photos/436887383/original.jpg']
4953135371,48.37085,2.669,2024-09-27T17:11,['4953135371_1'],['https://inaturalist-open-data.s3.amazonaws.com/photos/436891141/original.jpg']
4953137955,42.23369,2.059508,2024-09-29T16:20,['4953137955_1'],['https://inaturalist-open-data.s3.amazonaws.com/photos/436884567/original.jpg']
4953140659,48.320315,2.667776,2024-09-27T12:53,['4953140659_1'],['https://inaturalist-open-data.s3.amazonaws.com/photos/436887298/original.jpg']
4953141333,48.245067,2.556361,2024-09-27T10:37,['4953141333_1'],['https://inaturalist-open-data.s3.amazonaws.com/photos/436886809/original.jpg']
4953164227,48.363796,2.613707,2024-09-27T17:17,['4953164227_1'],['https://inaturalist-open-data.s3.amazonaws.com/photos/436891142/original.jpg']
4953175545,48.346921,2.421629,2024-09-27T10:31,['4953175545_1'],['https://inaturalist-open-data.s3.amazonaws.com/photos/436886789/original.jpg']
4953208346,48.269549,2.572719,2024-09-27T11:34,['4953208346_1'],['https://inaturalist-open-data.s3.amazonaws.com/photos/436887197/original.jpg']
4954738080,43.720047,3.700219,2024-09-30T14:57,"['4954738080_1', '4954738080_2']","['https://inaturalist-open-data.s3.amazonaws.com/photos/441446427/original.jpg', 'https://inaturalist-open-data.s3.amazonaws.com/photos/441447361/original.jpg']"
4956350639,45.756065,7.787912,2024-09-16,"['4956350639_1', '4956350639_2', '4956350639_3']","['https://observation.org/photos/104666767.jpg', 'https://observation.org/photos/104666768.jpg', 'https://observation.org/photos/104666769.jpg']"
4956549522,43.614414,11.852135,2024-09-30,['4956549522_1'],['https://observation.org/photos/105557686.jpg']
4978418027,47.116363,-1.451854,2024-09-01T11:22:09,['4978418027_1'],['https://inaturalist-open-data.s3.amazonaws.com/photos/425855532/original.jpeg']
4985604479,42.065174,13.026873,2024-09-28,['4985604479_1'],['https://observation.org/photos/105395084.jpg']
4985623104,47.361897,0.264335,2024-09-20,['4985623104_1'],['https://observation.org/photos/104945780.jpg']
4986003324,44.915778,5.611247,2024-09-17,['4986003324_1'],['https://observation.org/photos/104723070.jpg']
4993844044,42.825099,10.903703,2024-09-26T17:37:29,['4993844044_1'],['https://inaturalist-open-data.s3.amazonaws.com/photos/453724233/original.jpeg']
4995603355,43.252575,12.61319,2024-09-25,['4995603355_1'],['https://observation.org/photos/105258624.jpg']
5015940040,48.184708,7.82279,2024-09-19T00:00,"['5015940040_1', '5015940040_2', '5015940040_3', '5015940040_4']","['https://live.staticflickr.com/65535/54005470047_71b6aff557_b.jpg', 'https://live.staticflickr.com/65535/54006383486_39cedff3b3_b.jpg', 'https://live.staticflickr.com/65535/54006804755_22db92596d_b.jpg', 'https://live.staticflickr.com/65535/54006612683_cc9dcdb781_b.jpg']"
5108330019,45.950885,4.975934,2024-09-30T15:06,['5108330019_1'],['https://inaturalist-open-data.s3.amazonaws.com/photos/481251565/original.jpg']
5140898360,42.224565,11.745562,2024-09-19T23:32,['5140898360_1'],['https://inaturalist-open-data.s3.amazonaws.com/photos/495907667/original.jpg']
5177069498,48.001769,-0.481833,2024-09-29T11:27:01,['5177069498_1'],['https://inaturalist-open-data.s3.amazonaws.com/photos/436643467/original.jpeg']
5177117402,45.843154,7.122665,2024-09-07T13:39:54,['5177117402_1'],['https://inaturalist-open-data.s3.amazonaws.com/photos/428140179/original.jpeg']
5217200539,40.762828,16.394425,2024-09-23T09:24,['5217200539_1'],['https://inaturalist-open-data.s3.amazonaws.com/photos/530837081/original.jpg']
5762174606,47.303955,-1.508601,2024-09-04,['5762174606_1'],['https://observation.org/photos/103905127.jpg']
6150477498,42.065186,13.016487,2024-09-28,['6150477498_1'],['https://observation.org/photos/105395184.jpg']
4952289114,43.975049,10.341311,2024-10-06T15:11,['4952289114_1'],['https://inaturalist-open-data.s3.amazonaws.com/photos/439342615/original.jpeg']
4952387683,45.994223,2.044471,2024-10-05T16:06:57,['4952387683_1'],['https://inaturalist-open-data.s3.amazonaws.com/photos/438575906/original.jpeg']
4952420275,42.914048,-1.081861,2024-10-06T12:00,"['4952420275_1', '4952420275_2']","['https://inaturalist-open-data.s3.amazonaws.com/photos/439107414/original.jpeg', 'https://inaturalist-open-data.s3.amazonaws.com/photos/439107417/original.jpeg']"
4952493462,46.323894,3.705453,2024-10-02T13:16:51,['4952493462_1'],['https://inaturalist-open-data.s3.amazonaws.com/photos/437537675/original.jpeg']
4952714980,45.450316,7.189243,2024-10-01T08:14:14,"['4952714980_1', '4952714980_2']","['https://inaturalist-open-data.s3.amazonaws.com/photos/437174823/original.jpeg', 'https://inaturalist-open-data.s3.amazonaws.com/photos/437174835/original.jpeg']"
4952919257,40.43405,16.079265,2024-10-06T15:01:29,['4952919257_1'],['https://inaturalist-open-data.s3.amazonaws.com/photos/438958180/original.jpeg']
4953029867,47.041728,-1.973387,2024-10-06T19:39:33,['4953029867_1'],['https://inaturalist-open-data.s3.amazonaws.com/photos/439071097/original.jpeg']
4953031104,46.089189,8.059808,2024-10-06T12:37:04,"['4953031104_1', '4953031104_2', '4953031104_3', '4953031104_4']","['https://inaturalist-open-data.s3.amazonaws.com/photos/439101077/original.jpeg', 'https://inaturalist-open-data.s3.amazonaws.com/photos/439101160/original.jpeg', 'https://inaturalist-open-data.s3.amazonaws.com/photos/439101232/original.jpeg', 'https://inaturalist-open-data.s3.amazonaws.com/photos/439101297/original.jpeg']"
4953082236,42.620909,12.25171,2024-10-07T09:49:21,['4953082236_1'],['https://inaturalist-open-data.s3.amazonaws.com/photos/439680004/original.jpeg']
4954253322,43.763308,3.751364,2024-10-10T16:09,['4954253322_1'],['https://inaturalist-open-data.s3.amazonaws.com/photos/441445517/original.jpg']
4954294000,45.822846,9.951138,2024-10-13T15:34:41,['4954294000_1'],['https://inaturalist-open-data.s3.amazonaws.com/photos/441300181/original.jpeg']
4954427370,43.787109,3.687989,2024-10-11T12:12,"['4954427370_1', '4954427370_2', '4954427370_3']","['https://inaturalist-open-data.s3.amazonaws.com/photos/441447591/original.jpg', 'https://inaturalist-open-data.s3.amazonaws.com/photos/441448370/original.jpg', 'https://inaturalist-open-data.s3.amazonaws.com/photos/441448446/original.jpg']"
4954451343,48.436822,2.690958,2024-10-11T13:54:05,"['4954451343_1', '4954451343_2']","['https://inaturalist-open-data.s3.amazonaws.com/photos/440617538/original.jpeg', 'https://inaturalist-open-data.s3.amazonaws.com/photos/440617578/original.jpeg']"
4973976557,42.814614,-2.699298,2024-10-20T13:55:24,"['4973976557_1', '4973976557_2', '4973976557_3', '4973976557_4']","['https://inaturalist-open-data.s3.amazonaws.com/photos/443529481/original.jpeg', 'https://inaturalist-open-data.s3.amazonaws.com/photos/443529510/original.jpeg', 'https://inaturalist-open-data.s3.amazonaws.com/photos/443529531/original.jpeg', 'https://inaturalist-open-data.s3.amazonaws.com/photos/443529563/original.jpeg']"
4974119530,42.684643,-0.176501,2024-10-21T15:26,"['4974119530_1', '4974119530_2']","['https://inaturalist-open-data.s3.amazonaws.com/photos/443956656/original.jpeg', 'https://inaturalist-open-data.s3.amazonaws.com/photos/443956632/original.jpeg']"
4974247565,42.762835,-3.295341,2024-10-20T16:35,"['4974247565_1', '4974247565_2', '4974247565_3']","['https://inaturalist-open-data.s3.amazonaws.com/photos/444315670/original.jpg', 'https://inaturalist-open-data.s3.amazonaws.com/photos/444315691/original.jpg', 'https://inaturalist-open-data.s3.amazonaws.com/photos/444315694/original.jpg']"
4974300668,43.877475,3.776125,2024-10-19T17:48:08,"['4974300668_1', '4974300668_2']","['https://inaturalist-open-data.s3.amazonaws.com/photos/443205606/original.jpeg', 'https://inaturalist-open-data.s3.amazonaws.com/photos/443205765/original.jpeg']"
4976187961,45.863786,11.809314,2024-10-27T13:48,"['4976187961_1', '4976187961_2', '4976187961_3', '4976187961_4', '4976187961_5', '4976187961_6']","['https://inaturalist-open-data.s3.amazonaws.com/photos/445684584/original.jpeg', 'https://inaturalist-open-data.s3.amazonaws.com/photos/445684629/original.jpeg', 'https://inaturalist-open-data.s3.amazonaws.com/photos/445684680/original.jpeg', 'https://inaturalist-open-data.s3.amazonaws.com/photos/445684721/original.jpeg', 'https://inaturalist-open-data.s3.amazonaws.com/photos/445684765/original.jpeg', 'https://inaturalist-open-data.s3.amazonaws.com/photos/445684796/original.jpeg']"
4976333704,42.882547,2.330279,2024-10-24T16:35:41,['4976333704_1'],['https://inaturalist-open-data.s3.amazonaws.com/photos/444822001/original.jpeg']
4976480001,46.509078,11.384761,2024-10-29T16:15:50,['4976480001_1'],['https://inaturalist-open-data.s3.amazonaws.com/photos/446291881/original.jpeg']
4976517632,48.2086,4.615933,2024-10-25T11:21,['4976517632_1'],['https://inaturalist-open-data.s3.amazonaws.com/photos/445958723/original.jpeg']
4976574565,45.724394,3.321095,2024-10-24T11:25,"['4976574565_1', '4976574565_2']","['https://inaturalist-open-data.s3.amazonaws.com/photos/444989678/original.jpeg', 'https://inaturalist-open-data.s3.amazonaws.com/photos/444989697/original.jpeg']"
4976591397,44.236402,7.58844,2024-10-29T11:08:11,['4976591397_1'],['https://inaturalist-open-data.s3.amazonaws.com/photos/446289448/original.jpeg']
4978394935,41.938873,12.094147,2024-10-20T14:00,['4978394935_1'],['https://inaturalist-open-data.s3.amazonaws.com/photos/447646874/original.jpg']
4985452232,44.314032,5.601955,2024-10-28,"['4985452232_1', '4985452232_2', '4985452232_3', '4985452232_4']","['https://observation.org/photos/107848706.jpg', 'https://observation.org/photos/107848707.jpg', 'https://observation.org/photos/107848708.jpg', 'https://observation.org/photos/107848709.jpg']"
4994110641,44.189367,7.421693,2024-10-29T10:22:49,['4994110641_1'],['https://inaturalist-open-data.s3.amazonaws.com/photos/453674561/original.jpeg']
5070003775,42.925219,-0.292824,2024-10-03T13:58,['5070003775_1'],['https://inaturalist-open-data.s3.amazonaws.com/photos/470739906/original.jpeg']
5070020743,42.893822,-0.208899,2024-10-03T12:46,['5070020743_1'],['https://inaturalist-open-data.s3.amazonaws.com/photos/470739872/original.jpeg']
5133626078,44.139401,10.667383,2024-10-05T14:45,['5133626078_1'],['https://inaturalist-open-data.s3.amazonaws.com/photos/479252627/original.jpg']
5140182275,48.404607,2.70162,2024-10-11T13:54:13,"['5140182275_1', '5140182275_2']","['https://inaturalist-open-data.s3.amazonaws.com/photos/490626235/original.jpeg', 'https://inaturalist-open-data.s3.amazonaws.com/photos/490626293/original.jpeg']"
5760466304,42.394418,13.259875,2024-10-12T00:15,"['5760466304_1', '5760466304_2']","['https://inaturalist-open-data.s3.amazonaws.com/photos/559815745/original.jpg', 'https://inaturalist-open-data.s3.amazonaws.com/photos/559815816/original.jpg']"
5897741916,46.003291,-1.326143,2024-10-22T15:20:16,['5897741916_1'],['https://inaturalist-open-data.s3.amazonaws.com/photos/592558160/original.jpg']
4978385926,44.745883,5.432131,2024-11-03T12:49:21,"['4978385926_1', '4978385926_2', '4978385926_3', '4978385926_4']","['https://inaturalist-open-data.s3.amazonaws.com/photos/447573293/original.jpeg', 'https://inaturalist-open-data.s3.amazonaws.com/photos/447573273/original.jpeg', 'https://inaturalist-open-data.s3.amazonaws.com/photos/447570944/original.jpeg', 'https://inaturalist-open-data.s3.amazonaws.com/photos/447570970/original.jpeg']"
4978430718,44.773296,1.520094,2024-11-05T13:40:07,"['4978430718_1', '4978430718_2', '4978430718_3', '4978430718_4']","['https://inaturalist-open-data.s3.amazonaws.com/photos/448212773/original.jpeg', 'https://inaturalist-open-data.s3.amazonaws.com/photos/448212832/original.jpeg', 'https://inaturalist-open-data.s3.amazonaws.com/photos/448212912/original.jpeg', 'https://inaturalist-open-data.s3.amazonaws.com/photos/448213000/original.jpeg']"
4978499764,44.429217,5.117001,2024-11-02T11:58:17,"['4978499764_1', '4978499764_2', '4978499764_3']","['https://inaturalist-open-data.s3.amazonaws.com/photos/447266948/original.jpeg', 'https://inaturalist-open-data.s3.amazonaws.com/photos/447266981/original.jpeg', 'https://inaturalist-open-data.s3.amazonaws.com/photos/447267024/original.jpeg']"
4978642356,42.316672,-3.067011,2024-11-02T11:13:48,"['4978642356_1', '4978642356_2']","['https://inaturalist-open-data.s3.amazonaws.com/photos/447341990/original.jpeg', 'https://inaturalist-open-data.s3.amazonaws.com/photos/447342043/original.jpeg']"
4980335277,44.508945,9.744205,2024-11-06T10:20:47,"['4980335277_1', '4980335277_2', '4980335277_3']","['https://inaturalist-open-data.s3.amazonaws.com/photos/448455043/original.jpeg', 'https://inaturalist-open-data.s3.amazonaws.com/photos/448455066/original.jpeg', 'https://inaturalist-open-data.s3.amazonaws.com/photos/448455096/original.jpeg']"
4980441015,42.277895,2.230393,2024-11-09T11:55,"['4980441015_1', '4980441015_2']","['https://inaturalist-open-data.s3.amazonaws.com/photos/449169342/original.jpeg', 'https://inaturalist-open-data.s3.amazonaws.com/photos/449170850/original.jpeg']"
4987804838,45.167976,7.888794,2024-11-19,['4987804838_1'],['https://inaturalist-open-data.s3.amazonaws.com/photos/453253932/original.jpeg']
4994028873,44.512528,8.171105,2024-11-27T12:19:29,['4994028873_1'],['https://inaturalist-open-data.s3.amazonaws.com/photos/453967237/original.jpeg']
5036887914,44.076219,4.26908,2024-11-08T16:11,['5036887914_1'],['https://inaturalist-open-data.s3.amazonaws.com/photos/462835091/original.jpg']
5104403021,42.506043,1.521801,2024-11-01T11:14:20,"['5104403021_1', '5104403021_2']","['https://inaturalist-open-data.s3.amazonaws.com/photos/477765660/original.jpeg', 'https://inaturalist-open-data.s3.amazonaws.com/photos/477765666/original.jpeg']"
5087356469,42.383952,12.434181,2024-12-24T12:08,['5087356469_1'],['https://inaturalist-open-data.s3.amazonaws.com/photos/473576410/original.jpg']
4067155063,42.169871,13.308734,2023-01-12T08:59,['4067155063_1'],['https://inaturalist-open-data.s3.amazonaws.com/photos/261174040/original.jpg']
4430472598,42.940589,10.5048,2023-01-06T15:51:40,['4430472598_1'],['https://inaturalist-open-data.s3.amazonaws.com/photos/299124404/original.jpeg']
4034854167,43.328158,2.211985,2023-02-12T16:08:38,"['4034854167_1', '4034854167_2', '4034854167_3', '4034854167_4']","['https://inaturalist-open-data.s3.amazonaws.com/photos/255954043/original.jpg', 'https://inaturalist-open-data.s3.amazonaws.com/photos/255954140/original.jpg', 'https://inaturalist-open-data.s3.amazonaws.com/photos/255954245/original.jpg', 'https://inaturalist-open-data.s3.amazonaws.com/photos/255954370/original.jpg']"
4034990407,44.1941,3.217468,2023-02-11T14:10:43,['4034990407_1'],['https://inaturalist-open-data.s3.amazonaws.com/photos/255806973/original.jpeg']
4046457645,42.66158,11.016862,2023-02-20T12:00,['4046457645_1'],['https://inaturalist-open-data.s3.amazonaws.com/photos/257175828/original.jpg']
4055099345,42.735056,10.207346,2023-03-07T18:13:55,['4055099345_1'],['https://inaturalist-open-data.s3.amazonaws.com/photos/259551633/original.jpg']
4063094219,43.67507,3.674944,2023-03-12T13:44,['4063094219_1'],['https://inaturalist-open-data.s3.amazonaws.com/photos/260400103/original.jpeg']
4063096151,43.961696,6.141092,2023-03-12T14:51:22,['4063096151_1'],['https://inaturalist-open-data.s3.amazonaws.com/photos/260382564/original.jpeg']
4067537581,43.604722,6.284427,2023-03-16T11:53:36,['4067537581_1'],['https://inaturalist-open-data.s3.amazonaws.com/photos/261997507/original.jpeg']
4075609078,45.087702,3.277971,2023-03-22T13:17,['4075609078_1'],['https://inaturalist-open-data.s3.amazonaws.com/photos/262267121/original.jpeg']
4075782076,48.385193,2.555784,2023-03-23T16:28,['4075782076_1'],['https://inaturalist-open-data.s3.amazonaws.com/photos/263674964/original.jpeg']
4075803594,43.859908,7.696222,2023-03-15T10:58,['4075803594_1'],['https://inaturalist-open-data.s3.amazonaws.com/photos/263011069/original.jpg']
4075808390,46.021917,6.183263,2023-03-20T13:58,"['4075808390_1', '4075808390_2', '4075808390_3', '4075808390_4', '4075808390_5', '4075808390_6']","['https://inaturalist-open-data.s3.amazonaws.com/photos/262625099/original.jpg', 'https://inaturalist-open-data.s3.amazonaws.com/photos/262626246/original.jpg', 'https://inaturalist-open-data.s3.amazonaws.com/photos/262626263/original.jpg', 'https://inaturalist-open-data.s3.amazonaws.com/photos/262626267/original.jpg', 'https://inaturalist-open-data.s3.amazonaws.com/photos/262632561/original.jpg', 'https://inaturalist-open-data.s3.amazonaws.com/photos/262637931/original.jpg']"
4075840061,48.385193,2.555784,2023-03-23T16:37,['4075840061_1'],['https://inaturalist-open-data.s3.amazonaws.com/photos/263675012/original.jpeg']
4075850975,45.894722,11.085836,2023-03-24T14:47,['4075850975_1'],['https://inaturalist-open-data.s3.amazonaws.com/photos/263676218/original.jpg']
4075876076,48.385193,2.555784,2023-03-23T15:50,"['4075876076_1', '4075876076_2']","['https://inaturalist-open-data.s3.amazonaws.com/photos/263675181/original.jpg', 'https://inaturalist-open-data.s3.amazonaws.com/photos/263674876/original.jpeg']"
4075954017,48.385193,2.555784,2023-03-23T14:37,['4075954017_1'],['https://inaturalist-open-data.s3.amazonaws.com/photos/263674928/original.jpg']
4075973041,48.385193,2.555784,2023-03-23T14:37,['4075973041_1'],['https://inaturalist-open-data.s3.amazonaws.com/photos/263674977/original.jpg']
4076027728,45.758246,5.364692,2023-03-18T15:25,['4076027728_1'],['https://inaturalist-open-data.s3.amazonaws.com/photos/264765585/original.jpeg']
4076225485,47.793413,1.083178,2023-03-29T19:51:17,['4076225485_1'],['https://inaturalist-open-data.s3.amazonaws.com/photos/264527150/original.jpg']
4076319023,48.385193,2.555784,2023-03-23T16:13,['4076319023_1'],['https://inaturalist-open-data.s3.amazonaws.com/photos/263674914/original.jpeg']
4076326459,45.840844,9.317673,2023-03-25T12:44:27,['4076326459_1'],['https://inaturalist-open-data.s3.amazonaws.com/photos/262811563/original.jpeg']
4076341587,42.184368,11.725116,2023-03-11T07:15,['4076341587_1'],['https://inaturalist-open-data.s3.amazonaws.com/photos/263040238/original.jpg']
4076347617,43.260612,11.037261,2023-03-26T16:37:36,"['4076347617_1', '4076347617_2', '4076347617_3', '4076347617_4']","['https://inaturalist-open-data.s3.amazonaws.com/photos/263056471/original.jpg', 'https://inaturalist-open-data.s3.amazonaws.com/photos/263056528/original.jpg', 'https://inaturalist-open-data.s3.amazonaws.com/photos/263056611/original.jpg', 'https://inaturalist-open-data.s3.amazonaws.com/photos/263056650/original.jpg']"
4076348974,44.588031,10.506728,2023-03-24T12:16:37,['4076348974_1'],['https://inaturalist-open-data.s3.amazonaws.com/photos/263525083/original.jpeg']
4076358942,46.571512,6.629343,2023-03-28T17:42:15,"['4076358942_1', '4076358942_2']","['https://inaturalist-open-data.s3.amazonaws.com/photos/263547261/original.jpg', 'https://inaturalist-open-data.s3.amazonaws.com/photos/263547280/original.jpg']"
4076366337,42.765722,11.194387,2023-03-24T10:13:36,['4076366337_1'],['https://inaturalist-open-data.s3.amazonaws.com/photos/262575910/original.jpeg']
4076370794,44.522424,5.240988,2023-03-22,['4076370794_1'],['https://inaturalist-open-data.s3.amazonaws.com/photos/263327829/original.png']
4091754727,46.846683,-2.139775,2023-03-24T17:18:28,['4091754727_1'],['https://inaturalist-open-data.s3.amazonaws.com/photos/268856746/original.jpg']
4102732775,45.858207,3.962954,2023-03-31T12:14:56,"['4102732775_1', '4102732775_2']","['https://inaturalist-open-data.s3.amazonaws.com/photos/271148762/original.jpg', 'https://inaturalist-open-data.s3.amazonaws.com/photos/271148787/original.jpg']"
4102804869,48.430884,2.71687,2023-03-23T14:00,['4102804869_1'],['https://inaturalist-open-data.s3.amazonaws.com/photos/273306983/original.jpg']
4133936544,42.522488,12.510522,2023-03-13T13:14:38,['4133936544_1'],['https://inaturalist-open-data.s3.amazonaws.com/photos/289033036/original.jpg']
4138624811,48.397105,2.581588,2023-03-23T14:48:45,['4138624811_1'],['https://inaturalist-open-data.s3.amazonaws.com/photos/292128244/original.jpg']
4157352461,42.6,-3.1,2023-03-26,"['4157352461_1', '4157352461_2']","['https://observation.org/photos/63547067.jpg', 'https://observation.org/photos/63547068.jpg']"
4159084764,42.95,-1.65,2023-03-28,['4159084764_1'],['https://observation.org/photos/63621951.jpg']
4596881133,45.60849,1.33291,2023-03-29T12:34,['4596881133_1'],['https://inaturalist-open-data.s3.amazonaws.com/photos/356305520/original.jpg']
4597378144,45.682494,1.255676,2023-03-20T12:20,['4597378144_1'],['https://inaturalist-open-data.s3.amazonaws.com/photos/356305980/original.jpg']
5022878449,48.184708,7.82279,2023-03-15T00:00,['5022878449_1'],['https://i.vimeocdn.com/video/1632912724-4a0d31609047cae79ce73507e9c775b8cce0834e4c40dea28f857302b011191f-d_240']
4076160693,44.764246,9.33079,2023-04-03T14:49:35,['4076160693_1'],['https://inaturalist-open-data.s3.amazonaws.com/photos/264787987/original.jpg']
4080486158,47.94332,7.260466,2023-04-08T14:54:49,['4080486158_1'],['https://inaturalist-open-data.s3.amazonaws.com/photos/265972913/original.jpeg']
4080498099,45.93255,10.86904,2023-04-08T14:36,['4080498099_1'],['https://inaturalist-open-data.s3.amazonaws.com/photos/265919374/original.jpeg']
4080544735,47.951091,7.222387,2023-04-05T17:02:02,['4080544735_1'],['https://inaturalist-open-data.s3.amazonaws.com/photos/265265615/original.jpg']
4080636647,42.600254,0.127247,2023-04-04T07:58:38,"['4080636647_1', '4080636647_2']","['https://inaturalist-open-data.s3.amazonaws.com/photos/265123260/original.jpg', 'https://inaturalist-open-data.s3.amazonaws.com/photos/265123247/original.jpg']"
4080649194,47.945296,7.254593,2023-04-08T12:52:38,['4080649194_1'],['https://inaturalist-open-data.s3.amazonaws.com/photos/265970804/original.jpeg']
4080656166,47.943294,7.260209,2023-04-08T13:09:24,['4080656166_1'],['https://inaturalist-open-data.s3.amazonaws.com/photos/266066443/original.jpeg']
4080690515,45.221245,6.486117,2023-04-10T14:57:04,"['4080690515_1', '4080690515_2']","['https://inaturalist-open-data.s3.amazonaws.com/photos/266578975/original.jpg', 'https://inaturalist-open-data.s3.amazonaws.com/photos/266579840/original.jpg']"
4080745581,44.829186,5.175352,2023-04-10T15:13:34,['4080745581_1'],['https://inaturalist-open-data.s3.amazonaws.com/photos/266659221/original.jpeg']
4080757405,44.572178,6.081107,2023-04-08T13:29:52,"['4080757405_1', '4080757405_2', '4080757405_3']","['https://inaturalist-open-data.s3.amazonaws.com/photos/266510987/original.jpg', 'https://inaturalist-open-data.s3.amazonaws.com/photos/266510960/original.jpg', 'https://inaturalist-open-data.s3.amazonaws.com/photos/266511020/original.jpg']"
4080761483,43.18545,2.596546,2023-04-10T15:11:12,['4080761483_1'],['https://inaturalist-open-data.s3.amazonaws.com/photos/266545525/original.jpeg']
4080766572,43.868815,3.364938,2023-04-08T19:47,['4080766572_1'],['https://inaturalist-open-data.s3.amazonaws.com/photos/266816447/original.jpeg']
4080932972,46.752187,0.417128,2023-04-07T17:07:37,['4080932972_1'],['https://inaturalist-open-data.s3.amazonaws.com/photos/265715880/original.jpg']
4080981152,42.827412,-3.755538,2023-04-08T20:11:27,"['4080981152_1', '4080981152_2']","['https://inaturalist-open-data.s3.amazonaws.com/photos/266040673/original.jpeg', 'https://inaturalist-open-data.s3.amazonaws.com/photos/266040710/original.jpeg']"
4080991675,44.607445,5.013125,2023-04-10T14:44:05,['4080991675_1'],['https://inaturalist-open-data.s3.amazonaws.com/photos/266787071/original.jpg']
4091376977,44.208141,7.496266,2023-04-14T14:37:44,['4091376977_1'],['https://inaturalist-open-data.s3.amazonaws.com/photos/267527951/original.jpeg']
4091456424,46.019058,7.106365,2023-04-09T11:11,"['4091456424_1', '4091456424_2', '4091456424_3']","['https://inaturalist-open-data.s3.amazonaws.com/photos/268269272/original.jpeg', 'https://inaturalist-open-data.s3.amazonaws.com/photos/268269304/original.jpeg', 'https://inaturalist-open-data.s3.amazonaws.com/photos/268269268/original.jpeg']"
4091734669,45.762258,7.484889,2023-04-17T10:55:03,"['4091734669_1', '4091734669_2']","['https://inaturalist-open-data.s3.amazonaws.com/photos/268680864/original.jpeg', 'https://inaturalist-open-data.s3.amazonaws.com/photos/268680881/original.jpeg']"
4091769685,45.694867,7.524259,2023-04-17T11:18:56,"['4091769685_1', '4091769685_2', '4091769685_3']","['https://inaturalist-open-data.s3.amazonaws.com/photos/268680910/original.jpeg', 'https://inaturalist-open-data.s3.amazonaws.com/photos/268680929/original.jpeg', 'https://inaturalist-open-data.s3.amazonaws.com/photos/268680944/original.jpeg']"
4091805930,43.843608,3.31047,2023-04-09T16:47,['4091805930_1'],['https://inaturalist-open-data.s3.amazonaws.com/photos/267559228/original.jpeg']
4091860784,41.445373,14.222924,2023-04-11T21:43,['4091860784_1'],['https://inaturalist-open-data.s3.amazonaws.com/photos/267153930/original.jpg']
4091898012,43.970741,3.259905,2023-04-09T12:27,['4091898012_1'],['https://inaturalist-open-data.s3.amazonaws.com/photos/267549732/original.jpeg']
4091950863,37.839489,14.982092,2023-04-13T10:16,"['4091950863_1', '4091950863_2']","['https://inaturalist-open-data.s3.amazonaws.com/photos/267347837/original.jpeg', 'https://inaturalist-open-data.s3.amazonaws.com/photos/267347923/original.jpeg']"
4096397786,46.110322,6.746853,2023-04-19T11:55:52,"['4096397786_1', '4096397786_2']","['https://inaturalist-open-data.s3.amazonaws.com/photos/268965521/original.jpg', 'https://inaturalist-open-data.s3.amazonaws.com/photos/268965554/original.jpg']"
4096434088,48.339893,2.577663,2023-04-21,['4096434088_1'],['https://inaturalist-open-data.s3.amazonaws.com/photos/269531634/original.jpeg']
4096439063,43.979515,3.306112,2023-04-10T15:51,['4096439063_1'],['https://inaturalist-open-data.s3.amazonaws.com/photos/269465168/original.jpeg']
4096519787,46.062735,11.049608,2023-04-16T10:19,"['4096519787_1', '4096519787_2', '4096519787_3', '4096519787_4']","['https://inaturalist-open-data.s3.amazonaws.com/photos/268955158/original.jpg', 'https://inaturalist-open-data.s3.amazonaws.com/photos/268955370/original.jpg', 'https://inaturalist-open-data.s3.amazonaws.com/photos/268955371/original.jpg', 'https://inaturalist-open-data.s3.amazonaws.com/photos/268955374/original.jpg']"
4096577768,45.750929,7.439972,2023-04-25T10:31:56,"['4096577768_1', '4096577768_2', '4096577768_3']","['https://inaturalist-open-data.s3.amazonaws.com/photos/270769981/original.jpeg', 'https://inaturalist-open-data.s3.amazonaws.com/photos/270770011/original.jpeg', 'https://inaturalist-open-data.s3.amazonaws.com/photos/270770029/original.jpeg']"
4096594442,40.347843,15.550687,2023-04-23T17:58,['4096594442_1'],['https://inaturalist-open-data.s3.amazonaws.com/photos/270165854/original.jpg']
4096688448,42.611232,12.041732,2023-04-23T15:40:37,['4096688448_1'],['https://inaturalist-open-data.s3.amazonaws.com/photos/270207201/original.jpg']
4096768098,48.344914,2.57423,2023-04-21,['4096768098_1'],['https://inaturalist-open-data.s3.amazonaws.com/photos/269531540/original.jpeg']
4096800100,43.985937,3.241363,2023-04-10T16:41,['4096800100_1'],['https://inaturalist-open-data.s3.amazonaws.com/photos/269465453/original.jpeg']
4096824077,41.947309,12.28292,2023-04-07T12:30,['4096824077_1'],['https://inaturalist-open-data.s3.amazonaws.com/photos/269542958/original.jpeg']
4096850121,48.338452,2.57561,2023-04-21,['4096850121_1'],['https://inaturalist-open-data.s3.amazonaws.com/photos/269531493/original.jpeg']
4096878107,43.80043,3.21144,2023-04-10T17:41,['4096878107_1'],['https://inaturalist-open-data.s3.amazonaws.com/photos/269465576/original.jpeg']
4096878143,48.351224,2.575598,2023-04-21,['4096878143_1'],['https://inaturalist-open-data.s3.amazonaws.com/photos/269531270/original.jpeg']
4096881099,43.908449,3.290236,2023-04-10T16:32,['4096881099_1'],['https://inaturalist-open-data.s3.amazonaws.com/photos/269465294/original.jpeg']
4096886438,42.372068,-2.580475,2023-04-23T17:07:24,['4096886438_1'],['https://inaturalist-open-data.s3.amazonaws.com/photos/270151815/original.jpeg']
4102589819,44.512117,8.223001,2023-04-27T11:47:01,['4102589819_1'],['https://inaturalist-open-data.s3.amazonaws.com/photos/271291723/original.jpeg']
4102658878,41.755276,16.031644,2023-04-24T08:00,"['4102658878_1', '4102658878_2']","['https://inaturalist-open-data.s3.amazonaws.com/photos/271323440/original.jpg', 'https://inaturalist-open-data.s3.amazonaws.com/photos/271325085/original.jpg']"
4102716138,46.283761,7.784148,2023-04-27T17:44:19,['4102716138_1'],['https://inaturalist-open-data.s3.amazonaws.com/photos/271856775/original.jpg']
4102791506,43.672603,3.678909,2023-04-29T11:17,['4102791506_1'],['https://inaturalist-open-data.s3.amazonaws.com/photos/272543107/original.jpeg']
4102853889,42.762559,-0.509247,2023-04-30T13:30:12,['4102853889_1'],['https://inaturalist-open-data.s3.amazonaws.com/photos/273315117/original.jpg']
4102881570,46.72597,0.514498,2023-04-28T18:40,"['4102881570_1', '4102881570_2', '4102881570_3']","['https://inaturalist-open-data.s3.amazonaws.com/photos/272668647/original.jpeg', 'https://inaturalist-open-data.s3.amazonaws.com/photos/272669029/original.jpeg', 'https://inaturalist-open-data.s3.amazonaws.com/photos/272667820/original.jpeg']"
4102886496,44.839154,1.639331,2023-04-29T17:44:01,['4102886496_1'],['https://inaturalist-open-data.s3.amazonaws.com/photos/272634273/original.jpg']
4102944373,45.694646,6.12216,2023-04-28,"['4102944373_1', '4102944373_2']","['https://inaturalist-open-data.s3.amazonaws.com/photos/274225266/original.jpeg', 'https://inaturalist-open-data.s3.amazonaws.com/photos/274225394/original.jpeg']"
4103168910,46.178033,7.062469,2023-04-09T12:01,"['4103168910_1', '4103168910_2']","['https://inaturalist-open-data.s3.amazonaws.com/photos/271286847/original.jpeg', 'https://inaturalist-open-data.s3.amazonaws.com/photos/271292222/original.jpeg']"
4103269865,45.634853,7.316532,2023-04-27,"['4103269865_1', '4103269865_2']","['https://inaturalist-open-data.s3.amazonaws.com/photos/273379054/original.jpeg', 'https://inaturalist-open-data.s3.amazonaws.com/photos/273380392/original.jpeg']"
4103312221,37.825277,14.947888,2023-04-21T14:05,['4103312221_1'],['https://inaturalist-open-data.s3.amazonaws.com/photos/274150629/original.jpeg']
4103347429,43.672652,3.678887,2023-04-29T10:21,['4103347429_1'],['https://inaturalist-open-data.s3.amazonaws.com/photos/272543400/original.jpeg']
4111592474,45.996297,3.130919,2023-04-16T14:12,['4111592474_1'],['https://inaturalist-open-data.s3.amazonaws.com/photos/268153488/original.jpeg']
4111627461,45.997012,3.132293,2023-04-16T14:04,['4111627461_1'],['https://inaturalist-open-data.s3.amazonaws.com/photos/268153464/original.jpeg']
4111654149,40.114807,15.64157,2023-04-21T09:47,['4111654149_1'],['https://inaturalist-open-data.s3.amazonaws.com/photos/275792316/original.jpg']
4116619633,42.38073,12.979323,2023-04-15T10:11,['4116619633_1'],['https://inaturalist-open-data.s3.amazonaws.com/photos/279642550/original.jpg']
4145308295,44.971396,-0.615043,2023-04-23,['4145308295_1'],['https://inaturalist-open-data.s3.amazonaws.com/photos/295919031/original.jpeg']
4157602349,42.15,-3.25,2023-04-06,['4157602349_1'],['https://observation.org/photos/63891113.jpg']
4158345347,47.480036,1.0625,2023-04-12,['4158345347_1'],['https://observation.org/photos/64203296.jpg']
4159092828,44.645556,5.065556,2023-04-07,['4159092828_1'],['https://observation.org/photos/63979279.jpg']
4177236831,43.842228,3.269173,2023-04-19T11:03,['4177236831_1'],['https://inaturalist-open-data.s3.amazonaws.com/photos/309265566/original.jpg']
4177364649,43.842228,3.269173,2023-04-19T12:40,['4177364649_1'],['https://inaturalist-open-data.s3.amazonaws.com/photos/309265747/original.jpg']
4407427660,45.621413,12.946203,2023-04-29T12:06:23,['4407427660_1'],['https://inaturalist-open-data.s3.amazonaws.com/photos/316190433/original.jpg']
4459510560,43.186203,11.32668,2023-04-28,['4459510560_1'],['https://observation.org/photos/67306710.jpg']
4460400978,41.890099,15.893744,2023-04-22,['4460400978_1'],['https://observation.org/photos/66215410.jpg']
4461506392,45.079407,4.540586,2023-04-26,['4461506392_1'],['https://observation.org/photos/64906359.jpg']
4510374926,45.544533,7.655373,2023-04-10T10:44:05,"['4510374926_1', '4510374926_2']","['https://inaturalist-open-data.s3.amazonaws.com/photos/344983935/original.jpeg', 'https://inaturalist-open-data.s3.amazonaws.com/photos/344983971/original.jpeg']"
4516801041,46.201773,2.460988,2023-04-29T13:38,['4516801041_1'],['https://inaturalist-open-data.s3.amazonaws.com/photos/348086515/original.jpg']
4525064611,42.858386,-1.665615,2023-04-21T01:00,['4525064611_1'],['https://inaturalist-open-data.s3.amazonaws.com/photos/351401089/original.jpg']
4606590436,45.310349,2.470316,2023-04-28T17:57:34,"['4606590436_1', '4606590436_2', '4606590436_3', '4606590436_4', '4606590436_5']","['https://inaturalist-open-data.s3.amazonaws.com/photos/271786753/original.jpeg', 'https://inaturalist-open-data.s3.amazonaws.com/photos/271786816/original.jpeg', 'https://inaturalist-open-data.s3.amazonaws.com/photos/271786918/original.jpeg', 'https://inaturalist-open-data.s3.amazonaws.com/photos/271786988/original.jpeg', 'https://inaturalist-open-data.s3.amazonaws.com/photos/271787078/original.jpeg']"
4607551255,45.620151,5.9512,2023-04-01T11:58,['4607551255_1'],['https://inaturalist-open-data.s3.amazonaws.com/photos/365066775/original.jpeg']
4846737634,41.661066,2.401776,2023-04-08T16:12:38,"['4846737634_1', '4846737634_2']","['https://inaturalist-open-data.s3.amazonaws.com/photos/265937653/original.jpeg', 'https://inaturalist-open-data.s3.amazonaws.com/photos/266481805/original.jpeg']"
4846780944,42.148604,2.000519,2023-04-15T14:46:58,"['4846780944_1', '4846780944_2']","['https://inaturalist-open-data.s3.amazonaws.com/photos/267937281/original.jpeg', 'https://inaturalist-open-data.s3.amazonaws.com/photos/267937327/original.jpeg']"
4880770025,41.889654,15.894276,2023-04-22,['4880770025_1'],['https://observation.org/photos/64691763.jpg']
4921877955,47.50225,1.353182,2023-04-18T08:27,"['4921877955_1', '4921877955_2']","['https://inaturalist-open-data.s3.amazonaws.com/photos/413756359/original.jpeg', 'https://inaturalist-open-data.s3.amazonaws.com/photos/413756558/original.jpeg']"
4950037235,42.963114,12.988192,2023-04-28T12:36,['4950037235_1'],['https://inaturalist-open-data.s3.amazonaws.com/photos/434723027/original.jpg']
4950094189,42.963143,12.988203,2023-04-28T12:36,['4950094189_1'],['https://inaturalist-open-data.s3.amazonaws.com/photos/434723031/original.jpg']
4950151320,42.963143,12.988203,2023-04-28T12:36,['4950151320_1'],['https://inaturalist-open-data.s3.amazonaws.com/photos/434723030/original.jpg']
5007449407,45.954575,4.919065,2023-04-29T16:40,['5007449407_1'],['https://inaturalist-open-data.s3.amazonaws.com/photos/457488488/original.jpeg']
5037061394,42.335706,10.310501,2023-04-28,['5037061394_1'],['https://inaturalist-open-data.s3.amazonaws.com/photos/462456438/original.jpeg']
5062952972,43.965393,7.072091,2023-04-27T13:46,['5062952972_1'],['https://inaturalist-open-data.s3.amazonaws.com/photos/463937075/original.jpeg']
5069887655,46.202705,2.463245,2023-04-29T12:39:13,['5069887655_1'],['https://inaturalist-open-data.s3.amazonaws.com/photos/470003912/original.jpg']
5069989914,46.2021,2.461662,2023-04-29T14:47:42,['5069989914_1'],['https://inaturalist-open-data.s3.amazonaws.com/photos/470116764/original.jpg']
5087271297,46.115228,-0.441739,2023-04-06T15:05,['5087271297_1'],['https://inaturalist-open-data.s3.amazonaws.com/photos/473200753/original.jpeg']
5134159720,46.008085,6.287859,2023-04-26T14:48:25,['5134159720_1'],['https://inaturalist-open-data.s3.amazonaws.com/photos/488444203/original.jpeg']
5166914955,46.059425,12.525159,2023-04-27T14:22,['5166914955_1'],['https://inaturalist-open-data.s3.amazonaws.com/photos/511382221/original.jpg']
5889600527,47.943304,7.260097,2023-04-30T16:44,['5889600527_1'],['https://inaturalist-open-data.s3.amazonaws.com/photos/586120002/original.jpg']
6195658888,47.280087,-1.521015,2023-04-20T14:08:07,"['6195658888_1', '6195658888_2']","['https://inaturalist-open-data.s3.amazonaws.com/photos/269283117/original.jpeg', 'https://inaturalist-open-data.s3.amazonaws.com/photos/269577893/original.jpeg']"
6235215156,48.520142,2.400106,2023-04-30T12:11,['6235215156_1'],['https://inaturalist-open-data.s3.amazonaws.com/photos/638318479/original.jpg']
6334435013,46.628077,7.237943,2023-04-08T12:54:53,['6334435013_1'],['https://inaturalist-open-data.s3.amazonaws.com/photos/662353512/original.jpg']
4102787288,43.180155,2.65323,2023-05-01T18:01,"['4102787288_1', '4102787288_2']","['https://inaturalist-open-data.s3.amazonaws.com/photos/274320811/original.jpeg', 'https://inaturalist-open-data.s3.amazonaws.com/photos/274321582/original.jpeg']"
4102945376,49.179793,6.14353,2023-05-01T11:39:11,['4102945376_1'],['https://inaturalist-open-data.s3.amazonaws.com/photos/274268054/original.jpg']
4102958330,49.01877,6.027495,2023-05-01T12:33:11,['4102958330_1'],['https://inaturalist-open-data.s3.amazonaws.com/photos/274269389/original.jpg']
4102992314,49.166417,6.186124,2023-05-01T13:24:07,"['4102992314_1', '4102992314_2']","['https://inaturalist-open-data.s3.amazonaws.com/photos/274269525/original.jpg', 'https://inaturalist-open-data.s3.amazonaws.com/photos/274269767/original.jpg']"
4103241299,42.031998,12.406503,2023-05-01T13:59:51,"['4103241299_1', '4103241299_2', '4103241299_3']","['https://inaturalist-open-data.s3.amazonaws.com/photos/274246405/original.jpeg', 'https://inaturalist-open-data.s3.amazonaws.com/photos/274246531/original.jpeg', 'https://inaturalist-open-data.s3.amazonaws.com/photos/274247596/original.jpeg']"
4103279250,45.996289,6.111987,2023-05-01T15:05:03,['4103279250_1'],['https://inaturalist-open-data.s3.amazonaws.com/photos/274107396/original.jpeg']
4103457529,45.18451,7.392165,2023-05-02T11:53:10,['4103457529_1'],['https://inaturalist-open-data.s3.amazonaws.com/photos/274909463/original.jpg']
4111584911,46.071286,10.973785,2023-05-03T12:04,"['4111584911_1', '4111584911_2']","['https://inaturalist-open-data.s3.amazonaws.com/photos/275388797/original.jpg', 'https://inaturalist-open-data.s3.amazonaws.com/photos/275388807/original.jpg']"
4111624926,44.968191,1.686081,2023-05-03T15:43:01,['4111624926_1'],['https://inaturalist-open-data.s3.amazonaws.com/photos/275518254/original.jpg']
4111666194,46.339291,6.50928,2023-05-04T12:31:22,['4111666194_1'],['https://inaturalist-open-data.s3.amazonaws.com/photos/275946222/original.jpeg']
4111729147,42.944863,-0.138482,2023-05-04T15:24:24,"['4111729147_1', '4111729147_2', '4111729147_3']","['https://inaturalist-open-data.s3.amazonaws.com/photos/275861350/original.jpeg', 'https://inaturalist-open-data.s3.amazonaws.com/photos/275861407/original.jpeg', 'https://inaturalist-open-data.s3.amazonaws.com/photos/275862430/original.jpeg']"
4111748014,45.047325,5.348733,2023-05-04T01:39:28,['4111748014_1'],['https://inaturalist-open-data.s3.amazonaws.com/photos/275676390/original.jpeg']
4111810937,45.941099,10.834822,2023-05-03T12:49:46,['4111810937_1'],['https://inaturalist-open-data.s3.amazonaws.com/photos/275432548/original.jpeg']
4111814623,46.408225,6.900028,2023-05-06T11:03:12,['4111814623_1'],['https://inaturalist-open-data.s3.amazonaws.com/photos/276603086/original.jpg']
4111839624,48.486667,2.368238,2023-05-06T10:38:26,"['4111839624_1', '4111839624_2', '4111839624_3']","['https://inaturalist-open-data.s3.amazonaws.com/photos/276664273/original.jpg', 'https://inaturalist-open-data.s3.amazonaws.com/photos/276664390/original.jpg', 'https://inaturalist-open-data.s3.amazonaws.com/photos/276664516/original.jpg']"
4111900040,43.082318,10.65299,2023-05-08T11:23:38,"['4111900040_1', '4111900040_2']","['https://inaturalist-open-data.s3.amazonaws.com/photos/277464162/original.jpg', 'https://inaturalist-open-data.s3.amazonaws.com/photos/277464199/original.jpg']"
4111946574,44.591169,9.152929,2023-05-06T14:19:04,['4111946574_1'],['https://inaturalist-open-data.s3.amazonaws.com/photos/276956012/original.jpeg']
4111949568,48.487705,2.359833,2023-05-06T12:17:55,"['4111949568_1', '4111949568_2']","['https://inaturalist-open-data.s3.amazonaws.com/photos/276670288/original.jpg', 'https://inaturalist-open-data.s3.amazonaws.com/photos/276670481/original.jpg']"
4112018801,46.156201,11.803501,2023-05-07T17:26:38,['4112018801_1'],['https://inaturalist-open-data.s3.amazonaws.com/photos/277061510/original.jpeg']
4112049531,46.492634,6.896539,2023-05-06T10:03,"['4112049531_1', '4112049531_2', '4112049531_3']","['https://inaturalist-open-data.s3.amazonaws.com/photos/276594835/original.jpg', 'https://inaturalist-open-data.s3.amazonaws.com/photos/276594862/original.jpg', 'https://inaturalist-open-data.s3.amazonaws.com/photos/276594893/original.jpg']"
4112049574,48.485813,2.363375,2023-05-06T12:46:28,['4112049574_1'],['https://inaturalist-open-data.s3.amazonaws.com/photos/276672710/original.jpg']
4112215820,45.108917,7.129136,2023-05-06T11:59,['4112215820_1'],['https://inaturalist-open-data.s3.amazonaws.com/photos/277076849/original.jpg']
4112220603,42.118131,-2.71106,2023-05-06T14:53:46,['4112220603_1'],['https://inaturalist-open-data.s3.amazonaws.com/photos/276576708/original.jpeg']
4116124834,45.472275,7.150684,2023-05-06T11:45:53,['4116124834_1'],['https://inaturalist-open-data.s3.amazonaws.com/photos/278109713/original.jpeg']
4116127159,47.937503,7.26453,2023-05-14T12:21:25,"['4116127159_1', '4116127159_2']","['https://inaturalist-open-data.s3.amazonaws.com/photos/279290026/original.jpg', 'https://inaturalist-open-data.s3.amazonaws.com/photos/279290040/original.jpg']"
4116165152,47.938575,7.264055,2023-05-14T11:50:11,['4116165152_1'],['https://inaturalist-open-data.s3.amazonaws.com/photos/279283849/original.jpg']
4116182964,45.860329,10.728204,2023-05-15T11:40:31,['4116182964_1'],['https://inaturalist-open-data.s3.amazonaws.com/photos/279684446/original.jpeg']
4116205833,46.786674,-1.442877,2023-05-15T15:26:42,"['4116205833_1', '4116205833_2', '4116205833_3']","['https://inaturalist-open-data.s3.amazonaws.com/photos/279718821/original.jpeg', 'https://inaturalist-open-data.s3.amazonaws.com/photos/279718857/original.jpeg', 'https://inaturalist-open-data.s3.amazonaws.com/photos/279718885/original.jpeg']"
4116217366,47.937267,7.263922,2023-05-14T12:26:55,"['4116217366_1', '4116217366_2']","['https://inaturalist-open-data.s3.amazonaws.com/photos/279296340/original.jpg', 'https://inaturalist-open-data.s3.amazonaws.com/photos/279296364/original.jpg']"
4116224117,47.94513,7.255612,2023-05-14T13:16:44,['4116224117_1'],['https://inaturalist-open-data.s3.amazonaws.com/photos/279300429/original.jpg']
4116327244,47.937542,7.26457,2023-05-14T12:20:59,"['4116327244_1', '4116327244_2', '4116327244_3']","['https://inaturalist-open-data.s3.amazonaws.com/photos/279290077/original.jpg', 'https://inaturalist-open-data.s3.amazonaws.com/photos/279290114/original.jpg', 'https://inaturalist-open-data.s3.amazonaws.com/photos/279290158/original.jpg']"
4116401236,47.938412,7.263388,2023-05-14T11:57:04,"['4116401236_1', '4116401236_2']","['https://inaturalist-open-data.s3.amazonaws.com/photos/279285095/original.jpg', 'https://inaturalist-open-data.s3.amazonaws.com/photos/279287150/original.jpg']"
4116561970,42.545116,13.38142,2023-05-07T12:00,"['4116561970_1', '4116561970_2', '4116561970_3', '4116561970_4', '4116561970_5']","['https://inaturalist-open-data.s3.amazonaws.com/photos/278154617/original.jpg', 'https://inaturalist-open-data.s3.amazonaws.com/photos/278154166/original.jpg', 'https://inaturalist-open-data.s3.amazonaws.com/photos/278154389/original.jpg', 'https://inaturalist-open-data.s3.amazonaws.com/photos/278155053/original.jpg', 'https://inaturalist-open-data.s3.amazonaws.com/photos/278154766/original.jpg']"
4116576778,47.943312,7.260222,2023-05-14T12:49:51,['4116576778_1'],['https://inaturalist-open-data.s3.amazonaws.com/photos/279296101/original.jpg']
4116640130,42.930139,-1.719217,2023-05-04T15:06:31,"['4116640130_1', '4116640130_2']","['https://inaturalist-open-data.s3.amazonaws.com/photos/279504381/original.jpg', 'https://inaturalist-open-data.s3.amazonaws.com/photos/279504399/original.jpg']"
4120843904,41.312291,13.841139,2023-05-21,['4120843904_1'],['https://inaturalist-open-data.s3.amazonaws.com/photos/281732803/original.jpeg']
4120931904,46.501355,6.794282,2023-05-21T15:13:01,['4120931904_1'],['https://inaturalist-open-data.s3.amazonaws.com/photos/281659248/original.jpg']
4120999438,46.42397,6.708719,2023-05-21T14:56:10,['4120999438_1'],['https://inaturalist-open-data.s3.amazonaws.com/photos/281652944/original.jpg']
4121031834,47.829264,7.287706,2023-05-20T11:01,"['4121031834_1', '4121031834_2']","['https://inaturalist-open-data.s3.amazonaws.com/photos/281465478/original.jpeg', 'https://inaturalist-open-data.s3.amazonaws.com/photos/281465565/original.jpeg']"
4121076725,48.396825,2.583964,2023-05-15T11:25,['4121076725_1'],['https://inaturalist-open-data.s3.amazonaws.com/photos/280269168/original.jpg']
4121151272,46.156066,11.797502,2023-05-21,['4121151272_1'],['https://inaturalist-open-data.s3.amazonaws.com/photos/281998516/original.jpeg']
4121301019,45.377459,7.370817,2023-05-16T13:11:43,"['4121301019_1', '4121301019_2']","['https://inaturalist-open-data.s3.amazonaws.com/photos/280607244/original.jpeg', 'https://inaturalist-open-data.s3.amazonaws.com/photos/280607280/original.jpeg']"
4121453046,46.191874,11.942071,2023-05-21T16:04,['4121453046_1'],['https://inaturalist-open-data.s3.amazonaws.com/photos/281843418/original.jpeg']
4126677199,41.209661,-3.166638,2023-05-29T22:37:45,['4126677199_1'],['https://inaturalist-open-data.s3.amazonaws.com/photos/284639353/original.jpg']
4126920211,42.977063,-0.150423,2023-05-27T09:17:50,['4126920211_1'],['https://inaturalist-open-data.s3.amazonaws.com/photos/284435055/original.jpg']
4127044615,41.361802,14.381752,2023-05-24T12:59,['4127044615_1'],['https://inaturalist-open-data.s3.amazonaws.com/photos/282850769/original.jpeg']
4127071908,47.879894,7.303338,2023-05-20,['4127071908_1'],['https://inaturalist-open-data.s3.amazonaws.com/photos/283203030/original.jpeg']
4127109308,44.271065,7.436763,2023-05-26T21:37,['4127109308_1'],['https://inaturalist-open-data.s3.amazonaws.com/photos/283467414/original.jpg']
4127134636,44.913542,1.676957,2023-05-24T16:22:08,['4127134636_1'],['https://inaturalist-open-data.s3.amazonaws.com/photos/282783271/original.jpg']
4127293656,45.665898,2.98882,2023-05-29T16:12:52,['4127293656_1'],['https://inaturalist-open-data.s3.amazonaws.com/photos/284488867/original.jpg']
4127312293,42.179046,13.519368,2023-05-27T12:20:05,['4127312293_1'],['https://inaturalist-open-data.s3.amazonaws.com/photos/283649185/original.jpg']
4127332450,43.480842,-0.768308,2023-05-27T08:24:16,['4127332450_1'],['https://inaturalist-open-data.s3.amazonaws.com/photos/508411467/original.jpg']
4127342189,45.199717,10.739752,2023-05-30T11:29:47,['4127342189_1'],['https://inaturalist-open-data.s3.amazonaws.com/photos/284941496/original.jpeg']
4127384530,44.855249,1.733924,2023-05-24T16:24:29,['4127384530_1'],['https://inaturalist-open-data.s3.amazonaws.com/photos/282783440/original.jpg']
4127433906,42.943212,13.02861,2023-05-28T11:01:09,['4127433906_1'],['https://inaturalist-open-data.s3.amazonaws.com/photos/284016108/original.jpeg']
4129942281,44.187811,7.930194,2023-05-29T13:06:39,['4129942281_1'],['https://inaturalist-open-data.s3.amazonaws.com/photos/285587429/original.jpg']
4130183583,46.085133,6.841326,2023-05-22,"['4130183583_1', '4130183583_2']","['https://inaturalist-open-data.s3.amazonaws.com/photos/285950970/original.jpeg', 'https://inaturalist-open-data.s3.amazonaws.com/photos/285950994/original.jpeg']"
4137580826,43.526995,11.549227,2023-05-16T16:34:22,"['4137580826_1', '4137580826_2']","['https://inaturalist-open-data.s3.amazonaws.com/photos/291273739/original.jpeg', 'https://inaturalist-open-data.s3.amazonaws.com/photos/293970017/original.jpeg']"
4137868461,47.81121,7.349128,2023-05-24T09:22,['4137868461_1'],['https://inaturalist-open-data.s3.amazonaws.com/photos/292559059/original.jpg']
4138022394,43.703195,3.769128,2023-05-08T09:29,['4138022394_1'],['https://inaturalist-open-data.s3.amazonaws.com/photos/290858814/original.jpeg']
4138469370,43.704447,3.769676,2023-05-08T09:22,['4138469370_1'],['https://inaturalist-open-data.s3.amazonaws.com/photos/290858633/original.jpeg']
4138529327,47.958242,7.342762,2023-05-24T12:59,"['4138529327_1', '4138529327_2', '4138529327_3', '4138529327_4']","['https://inaturalist-open-data.s3.amazonaws.com/photos/292558780/original.jpeg', 'https://inaturalist-open-data.s3.amazonaws.com/photos/292558948/original.jpeg', 'https://inaturalist-open-data.s3.amazonaws.com/photos/292559001/original.jpg', 'https://inaturalist-open-data.s3.amazonaws.com/photos/292559027/original.jpg']"
4153531518,45.555886,8.744198,2023-05-27T14:31,['4153531518_1'],['https://inaturalist-open-data.s3.amazonaws.com/photos/298901210/original.jpg']
4156805596,46.67862,1.228632,2023-05-08,"['4156805596_1', '4156805596_2', '4156805596_3']","['https://observation.org/photos/65851747.jpg', 'https://observation.org/photos/65851748.jpg', 'https://observation.org/photos/65851749.jpg']"
4157009937,48.299811,5.712719,2023-05-10,['4157009937_1'],['https://observation.org/photos/65996116.jpg']
4157202184,49.01,6.02,2023-05-18,"['4157202184_1', '4157202184_2']","['https://observation.org/photos/67131014.jpg', 'https://observation.org/photos/67131015.jpg']"
4157909287,43.490592,11.635975,2023-05-05,['4157909287_1'],['https://observation.org/photos/65622116.jpg']
4158847399,46.2,2.46,2023-05-14,['4158847399_1'],['https://observation.org/photos/66331525.jpg']
4177030635,43.842228,3.269173,2023-05-01T17:31,['4177030635_1'],['https://inaturalist-open-data.s3.amazonaws.com/photos/309266241/original.jpg']
4177137831,43.781734,3.767754,2023-05-16T12:05,['4177137831_1'],['https://inaturalist-open-data.s3.amazonaws.com/photos/309266923/original.jpg']
4177145184,43.755644,3.675996,2023-05-13T12:59,['4177145184_1'],['https://inaturalist-open-data.s3.amazonaws.com/photos/309267115/original.jpg']
4177207252,46.234114,2.415754,2023-05-14T13:51,['4177207252_1'],['https://inaturalist-open-data.s3.amazonaws.com/photos/309001701/original.jpg']
4177271347,43.868662,3.364609,2023-05-04T16:44,['4177271347_1'],['https://inaturalist-open-data.s3.amazonaws.com/photos/309267976/original.jpg']
4177299051,43.842228,3.269173,2023-05-01T16:48,['4177299051_1'],['https://inaturalist-open-data.s3.amazonaws.com/photos/309265400/original.jpg']
4177307982,43.868662,3.364609,2023-05-24T14:57,['4177307982_1'],['https://inaturalist-open-data.s3.amazonaws.com/photos/309267627/original.jpg']
4177352999,43.842228,3.269173,2023-05-24T12:13,['4177352999_1'],['https://inaturalist-open-data.s3.amazonaws.com/photos/309265940/original.jpg']
4177368306,43.638561,3.624632,2023-05-16T12:31,['4177368306_1'],['https://inaturalist-open-data.s3.amazonaws.com/photos/309266590/original.jpg']
4177380003,43.933119,3.378443,2023-05-01T10:26,['4177380003_1'],['https://inaturalist-open-data.s3.amazonaws.com/photos/309265023/original.jpg']
4177402831,43.868662,3.364609,2023-05-24T14:00,['4177402831_1'],['https://inaturalist-open-data.s3.amazonaws.com/photos/309267788/original.jpg']
4400425953,42.775122,10.811945,2023-05-30T16:09:34,"['4400425953_1', '4400425953_2']","['https://inaturalist-open-data.s3.amazonaws.com/photos/310080821/original.jpg', 'https://inaturalist-open-data.s3.amazonaws.com/photos/312235228/original.jpeg']"
4407632679,42.22492,14.0464,2023-05-09T14:42:43,"['4407632679_1', '4407632679_2', '4407632679_3']","['https://inaturalist-open-data.s3.amazonaws.com/photos/316089852/original.jpg', 'https://inaturalist-open-data.s3.amazonaws.com/photos/316089739/original.jpg', 'https://inaturalist-open-data.s3.amazonaws.com/photos/316089778/original.jpg']"
4440967020,47.941837,7.25864,2023-05-20T10:01,['4440967020_1'],['https://inaturalist-open-data.s3.amazonaws.com/photos/334526318/original.jpg']
4459403163,49.01,6.02,2023-05-18,['4459403163_1'],['https://observation.org/photos/67130785.jpg']
4460300286,46.702202,1.307373,2023-05-04,['4460300286_1'],['https://observation.org/photos/65513336.jpg']
4460360795,43.48925,11.63113,2023-05-25,['4460360795_1'],['https://observation.org/photos/67354997.jpg']
4460877062,45.560514,0.791221,2023-05-30,['4460877062_1'],['https://observation.org/photos/67781989.jpg']
4461315350,46.765747,1.178212,2023-05-01,['4461315350_1'],['https://observation.org/photos/65272762.jpg']
4461338968,43.48927,11.6311,2023-05-25,['4461338968_1'],['https://observation.org/photos/67255929.jpg']
4461555996,47.089905,4.161992,2023-05-02,['4461555996_1'],['https://observation.org/photos/65363231.jpg']
4461620463,47.94,7.25,2023-05-20,['4461620463_1'],['https://observation.org/photos/67110384.jpg']
4510302162,47.227686,7.457741,2023-05-07T15:32:10,['4510302162_1'],['https://inaturalist-open-data.s3.amazonaws.com/photos/316751508/original.jpg']
4525072291,42.856456,-1.665578,2023-05-20T17:30,"['4525072291_1', '4525072291_2', '4525072291_3']","['https://inaturalist-open-data.s3.amazonaws.com/photos/351575200/original.jpg', 'https://inaturalist-open-data.s3.amazonaws.com/photos/351575218/original.jpg', 'https://inaturalist-open-data.s3.amazonaws.com/photos/351575238/original.jpg']"
4599762928,45.71798,10.693595,2023-05-18T13:04:33,"['4599762928_1', '4599762928_2', '4599762928_3']","['https://inaturalist-open-data.s3.amazonaws.com/photos/280669994/original.jpg', 'https://inaturalist-open-data.s3.amazonaws.com/photos/280670078/original.jpg', 'https://inaturalist-open-data.s3.amazonaws.com/photos/280670245/original.jpg']"
4872140386,37.740587,15.08001,2023-05-07T12:36:29,['4872140386_1'],['https://inaturalist-open-data.s3.amazonaws.com/photos/277032011/original.jpeg']
4923730521,47.934451,7.245135,2023-05-03T16:39:43,['4923730521_1'],['https://inaturalist-open-data.s3.amazonaws.com/photos/418834486/original.jpeg']
5013379664,48.862312,8.147846,2023-05-31T00:00,"['5013379664_1', '5013379664_2']","['https://i.vimeocdn.com/video/1678023510-91e888a82adf8ac4198547241987b86339f264eac90e1c3200eaadffa02d2699-d_240', 'https://live.staticflickr.com/65535/52942047012_2e4ea29394_b.jpg']"
5016519204,47.951042,7.158435,2023-05-24T00:00,"['5016519204_1', '5016519204_2']","['https://live.staticflickr.com/65535/53320340348_8ebaaa1ae1_b.jpg', 'https://live.staticflickr.com/65535/53319226657_3cbc729bfe_b.jpg']"
5017828844,47.951042,7.158435,2023-05-24T00:00,"['5017828844_1', '5017828844_2', '5017828844_3', '5017828844_4', '5017828844_5', '5017828844_6', '5017828844_7', '5017828844_8']","['https://live.staticflickr.com/65535/52990778488_0463f9c8b6_b.jpg', 'https://live.staticflickr.com/65535/52990457909_d2d81174c5_b.jpg', 'https://live.staticflickr.com/65535/52989720792_71840b63c5_b.jpg', 'https://live.staticflickr.com/65535/52990778573_fd78a82426_b.jpg', 'https://live.staticflickr.com/65535/52990320771_057704ef78_b.jpg', 'https://live.staticflickr.com/65535/52990776738_6395faa526_b.jpg', 'https://live.staticflickr.com/65535/52990777418_83081f72da_b.jpg', 'https://live.staticflickr.com/65535/52990320926_f7517aa9d7_b.jpg']"
5086945044,46.235091,7.60812,2023-05-26T11:41:02,['5086945044_1'],['https://inaturalist-open-data.s3.amazonaws.com/photos/497498269/original.jpg']
5087130442,46.275743,7.667332,2023-05-26T11:11:48,['5087130442_1'],['https://inaturalist-open-data.s3.amazonaws.com/photos/497498153/original.jpg']
5108495189,41.75529,2.317945,2023-05-27,"['5108495189_1', '5108495189_2', '5108495189_3']","['https://inaturalist-open-data.s3.amazonaws.com/photos/481636403/original.jpeg', 'https://inaturalist-open-data.s3.amazonaws.com/photos/481636438/original.jpeg', 'https://inaturalist-open-data.s3.amazonaws.com/photos/481636453/original.jpeg']"
5231628205,42.913094,-1.510054,2023-05-05T21:36,['5231628205_1'],['https://inaturalist-open-data.s3.amazonaws.com/photos/540343843/original.jpg']
6151376920,49.01,6.02,2023-05-18,['6151376920_1'],['https://observation.org/photos/110075351.jpg']
6423092561,47.352171,1.756931,2023-05-29T18:27,['6423092561_1'],['https://inaturalist-open-data.s3.amazonaws.com/photos/686727722/original.jpg']
4129850814,47.130181,-1.588717,2023-06-06T18:01:49,['4129850814_1'],['https://inaturalist-open-data.s3.amazonaws.com/photos/287263011/original.jpg']
4130051720,41.753562,12.709414,2023-06-02T15:42,['4130051720_1'],['https://inaturalist-open-data.s3.amazonaws.com/photos/285910465/original.jpg']
4130061383,46.103284,6.855797,2023-06-06T13:30:09,['4130061383_1'],['https://inaturalist-open-data.s3.amazonaws.com/photos/287241419/original.jpeg']
4130278446,43.775212,10.716377,2023-06-05T18:37,"['4130278446_1', '4130278446_2']","['https://inaturalist-open-data.s3.amazonaws.com/photos/287153025/original.jpeg', 'https://inaturalist-open-data.s3.amazonaws.com/photos/287153047/original.jpeg']"
4133592111,45.928883,-1.339455,2023-06-08T19:21:06,"['4133592111_1', '4133592111_2', '4133592111_3']","['https://inaturalist-open-data.s3.amazonaws.com/photos/287935327/original.jpg', 'https://inaturalist-open-data.s3.amazonaws.com/photos/287935351/original.jpg', 'https://inaturalist-open-data.s3.amazonaws.com/photos/287935389/original.jpg']"
4133819000,45.860732,10.725965,2023-06-07T11:33:13,['4133819000_1'],['https://inaturalist-open-data.s3.amazonaws.com/photos/287517554/original.jpeg']
4133868731,42.405868,13.418552,2023-06-04T10:48:38,['4133868731_1'],['https://inaturalist-open-data.s3.amazonaws.com/photos/287518275/original.jpg']
4133889110,45.84176,6.194474,2023-06-08T11:25,['4133889110_1'],['https://inaturalist-open-data.s3.amazonaws.com/photos/287932600/original.jpeg']
4133901467,42.517153,13.555295,2023-06-02T10:59:35,['4133901467_1'],['https://inaturalist-open-data.s3.amazonaws.com/photos/287517801/original.jpg']
4133971305,42.564411,13.617779,2023-06-08T10:46:20,['4133971305_1'],['https://inaturalist-open-data.s3.amazonaws.com/photos/288086661/original.jpg']
4133981069,45.543754,6.042658,2023-06-06T11:52,['4133981069_1'],['https://inaturalist-open-data.s3.amazonaws.com/photos/289596732/original.jpeg']
4134101464,42.658346,12.826022,2023-06-08T15:59:20,['4134101464_1'],['https://inaturalist-open-data.s3.amazonaws.com/photos/287967538/original.jpg']
4134132681,42.187877,-2.70709,2023-06-12T18:38:52,['4134132681_1'],['https://inaturalist-open-data.s3.amazonaws.com/photos/289315025/original.jpeg']
4137773680,45.180539,2.353849,2023-06-20T15:21,"['4137773680_1', '4137773680_2', '4137773680_3']","['https://inaturalist-open-data.s3.amazonaws.com/photos/292117464/original.jpeg', 'https://inaturalist-open-data.s3.amazonaws.com/photos/292117483/original.jpeg', 'https://inaturalist-open-data.s3.amazonaws.com/photos/292117508/original.jpeg']"
4137868234,42.573833,0.318558,2023-06-17T11:06:36,"['4137868234_1', '4137868234_2', '4137868234_3']","['https://inaturalist-open-data.s3.amazonaws.com/photos/290853389/original.jpeg', 'https://inaturalist-open-data.s3.amazonaws.com/photos/290853422/original.jpeg', 'https://inaturalist-open-data.s3.amazonaws.com/photos/290853465/original.jpeg']"
4137917962,46.021342,10.982579,2023-06-15T15:15,['4137917962_1'],['https://inaturalist-open-data.s3.amazonaws.com/photos/290213437/original.jpg']
4138035826,44.31558,3.587724,2023-06-21T15:05,"['4138035826_1', '4138035826_2', '4138035826_3', '4138035826_4']","['https://inaturalist-open-data.s3.amazonaws.com/photos/293614389/original.jpg', 'https://inaturalist-open-data.s3.amazonaws.com/photos/293614443/original.jpg', 'https://inaturalist-open-data.s3.amazonaws.com/photos/293614459/original.jpg', 'https://inaturalist-open-data.s3.amazonaws.com/photos/293614470/original.jpg']"
4138057472,45.944074,10.74249,2023-06-19T21:52:20,['4138057472_1'],['https://inaturalist-open-data.s3.amazonaws.com/photos/291763195/original.jpg']
4138114035,45.180392,2.354002,2023-06-20T17:27,"['4138114035_1', '4138114035_2', '4138114035_3']","['https://inaturalist-open-data.s3.amazonaws.com/photos/292117559/original.jpeg', 'https://inaturalist-open-data.s3.amazonaws.com/photos/292117608/original.jpeg', 'https://inaturalist-open-data.s3.amazonaws.com/photos/292117631/original.jpeg']"
4138115061,43.42442,11.657899,2023-06-23T02:19:51,"['4138115061_1', '4138115061_2', '4138115061_3']","['https://inaturalist-open-data.s3.amazonaws.com/photos/292896948/original.jpg', 'https://inaturalist-open-data.s3.amazonaws.com/photos/292897015/original.jpg', 'https://inaturalist-open-data.s3.amazonaws.com/photos/292897042/original.jpg']"
4138153725,45.442122,2.507931,2023-06-19T16:53,"['4138153725_1', '4138153725_2', '4138153725_3', '4138153725_4']","['https://inaturalist-open-data.s3.amazonaws.com/photos/291718043/original.jpeg', 'https://inaturalist-open-data.s3.amazonaws.com/photos/291718079/original.jpeg', 'https://inaturalist-open-data.s3.amazonaws.com/photos/291718109/original.jpeg', 'https://inaturalist-open-data.s3.amazonaws.com/photos/291718143/original.jpeg']"
4138172365,45.787427,10.889866,2023-06-14T15:54,['4138172365_1'],['https://inaturalist-open-data.s3.amazonaws.com/photos/290003765/original.jpeg']
4138254662,43.640958,6.866195,2023-06-25T14:10:09,"['4138254662_1', '4138254662_2', '4138254662_3']","['https://inaturalist-open-data.s3.amazonaws.com/photos/293962534/original.jpeg', 'https://inaturalist-open-data.s3.amazonaws.com/photos/293962547/original.jpeg', 'https://inaturalist-open-data.s3.amazonaws.com/photos/293962555/original.jpeg']"
4138353101,46.27306,9.843763,2023-06-16T12:10,['4138353101_1'],['https://inaturalist-open-data.s3.amazonaws.com/photos/290500626/original.jpeg']
4138466272,42.466247,2.086444,2023-06-23T13:33,['4138466272_1'],['https://inaturalist-open-data.s3.amazonaws.com/photos/294081217/original.jpeg']
4138497081,43.660404,3.60753,2023-06-16T15:17,"['4138497081_1', '4138497081_2', '4138497081_3', '4138497081_4']","['https://inaturalist-open-data.s3.amazonaws.com/photos/290706960/original.jpg', 'https://inaturalist-open-data.s3.amazonaws.com/photos/290706939/original.jpg', 'https://inaturalist-open-data.s3.amazonaws.com/photos/290706978/original.jpg', 'https://inaturalist-open-data.s3.amazonaws.com/photos/290706910/original.jpg']"
4138516881,44.723667,5.676814,2023-06-18T17:35:01,['4138516881_1'],['https://inaturalist-open-data.s3.amazonaws.com/photos/291291110/original.jpeg']
4145177223,41.767543,13.873132,2023-06-28T09:52:35,['4145177223_1'],['https://inaturalist-open-data.s3.amazonaws.com/photos/295396754/original.jpeg']
4145282035,44.900716,6.520954,2023-06-28T06:30:52,"['4145282035_1', '4145282035_2', '4145282035_3', '4145282035_4']","['https://inaturalist-open-data.s3.amazonaws.com/photos/294596724/original.jpeg', 'https://inaturalist-open-data.s3.amazonaws.com/photos/294596738/original.jpeg', 'https://inaturalist-open-data.s3.amazonaws.com/photos/294596759/original.jpeg', 'https://inaturalist-open-data.s3.amazonaws.com/photos/294596778/original.jpeg']"
4145408902,42.451341,2.069563,2023-06-20T15:31:02,['4145408902_1'],['https://inaturalist-open-data.s3.amazonaws.com/photos/294917529/original.jpg']
4145554983,42.321981,2.174472,2023-06-09T15:24,['4145554983_1'],['https://inaturalist-open-data.s3.amazonaws.com/photos/294682594/original.jpg']
4145622372,42.25404,13.722601,2023-06-27T16:02:49,['4145622372_1'],['https://inaturalist-open-data.s3.amazonaws.com/photos/294950196/original.jpg']
4153665167,45.527757,7.179565,2023-06-27T11:27,"['4153665167_1', '4153665167_2']","['https://inaturalist-open-data.s3.amazonaws.com/photos/298748563/original.jpg', 'https://inaturalist-open-data.s3.amazonaws.com/photos/298748580/original.jpg']"
4160726011,42.75,-0.45,2023-06-08,['4160726011_1'],['https://observation.org/photos/68551505.jpg']
4176932688,46.263933,2.440011,2023-06-20T10:48,['4176932688_1'],['https://inaturalist-open-data.s3.amazonaws.com/photos/308688252/original.jpg']
4416996359,44.058617,10.229622,2023-06-09T17:39:03,"['4416996359_1', '4416996359_2']","['https://inaturalist-open-data.s3.amazonaws.com/photos/321627006/original.jpg', 'https://inaturalist-open-data.s3.amazonaws.com/photos/321627021/original.jpg']"
4430619154,42.250606,12.06367,2023-06-17T16:17:05,['4430619154_1'],['https://inaturalist-open-data.s3.amazonaws.com/photos/328675272/original.jpeg']
4461131182,45.077597,5.451695,2023-06-19,['4461131182_1'],['https://observation.org/photos/69698285.jpg']
4461465506,48.65284,5.98745,2023-06-09,['4461465506_1'],['https://observation.org/photos/68597564.jpg']
4500919637,42.887499,0.173681,2023-06-29T14:29,['4500919637_1'],['https://inaturalist-open-data.s3.amazonaws.com/photos/341680180/original.jpeg']
4507678032,45.815876,10.708713,2023-06-20T12:30,['4507678032_1'],['https://inaturalist-open-data.s3.amazonaws.com/photos/343153175/original.jpeg']
4507872920,42.737725,-0.592112,2023-06-10T15:27,['4507872920_1'],['https://inaturalist-open-data.s3.amazonaws.com/photos/343081646/original.jpeg']
4875384170,48.557553,-1.970058,2023-06-30T11:05:13,['4875384170_1'],['https://inaturalist-open-data.s3.amazonaws.com/photos/389381352/original.jpg']
4881054123,45.990274,11.031868,2023-06-21,"['4881054123_1', '4881054123_2', '4881054123_3', '4881054123_4', '4881054123_5', '4881054123_6']","['https://observation.org/photos/70721222.jpg', 'https://observation.org/photos/70721223.jpg', 'https://observation.org/photos/70721226.jpg', 'https://observation.org/photos/70721658.jpg', 'https://observation.org/photos/70721659.jpg', 'https://observation.org/photos/70721660.jpg']"
4891930269,45.95235,10.13092,2023-06-22T09:05:38,['4891930269_1'],['https://inaturalist-open-data.s3.amazonaws.com/photos/392294014/original.jpg']
4973897267,42.068463,11.789351,2023-06-02T13:22,['4973897267_1'],['https://inaturalist-open-data.s3.amazonaws.com/photos/442277594/original.jpeg']
5017421962,42.745708,-0.588505,2023-06-10T00:00,['5017421962_1'],['https://live.staticflickr.com/65535/53426759134_8059bd892b_b.jpg']
6147398054,44.700132,6.178887,2023-06-20T16:35,['6147398054_1'],['https://inaturalist-open-data.s3.amazonaws.com/photos/613722879/original.jpg']
6147573909,42.80457,-0.41501,2023-06-10,"['6147573909_1', '6147573909_2']","['https://inaturalist-open-data.s3.amazonaws.com/photos/613869554/original.jpg', 'https://inaturalist-open-data.s3.amazonaws.com/photos/613869570/original.jpg']"
6195805107,45.6054,6.183786,2023-06-24T15:28,"['6195805107_1', '6195805107_2', '6195805107_3', '6195805107_4', '6195805107_5', '6195805107_6', '6195805107_7', '6195805107_8', '6195805107_9']","['https://inaturalist-open-data.s3.amazonaws.com/photos/636216360/original.jpg', 'https://inaturalist-open-data.s3.amazonaws.com/photos/636216319/original.jpg', 'https://inaturalist-open-data.s3.amazonaws.com/photos/636216388/original.jpg', 'https://inaturalist-open-data.s3.amazonaws.com/photos/636216340/original.jpg', 'https://inaturalist-open-data.s3.amazonaws.com/photos/636216304/original.jpg', 'https://inaturalist-open-data.s3.amazonaws.com/photos/636216395/original.jpg', 'https://inaturalist-open-data.s3.amazonaws.com/photos/636216401/original.jpg', 'https://inaturalist-open-data.s3.amazonaws.com/photos/636216367/original.jpg', 'https://inaturalist-open-data.s3.amazonaws.com/photos/636216326/original.jpg']"
6413751743,47.352171,1.756931,2023-06-07T00:42,['6413751743_1'],['https://inaturalist-open-data.s3.amazonaws.com/photos/682547115/original.jpg']
6414056077,47.352171,1.756931,2023-06-10T00:56,['6414056077_1'],['https://inaturalist-open-data.s3.amazonaws.com/photos/682549602/original.jpg']
4145239735,44.742,5.449096,2023-07-01T15:27:02,['4145239735_1'],['https://inaturalist-open-data.s3.amazonaws.com/photos/296045464/original.jpeg']
4145286219,42.55423,2.600153,2023-07-02T19:29:06,['4145286219_1'],['https://inaturalist-open-data.s3.amazonaws.com/photos/296071380/original.jpg']
4145365032,46.075444,11.1805,2023-07-02T10:04,['4145365032_1'],['https://inaturalist-open-data.s3.amazonaws.com/photos/296644255/original.jpg']
4145417504,45.593043,7.398283,2023-07-01T19:38,['4145417504_1'],['https://inaturalist-open-data.s3.amazonaws.com/photos/296510951/original.jpg']
4145423729,45.944183,6.878721,2023-07-02T11:34:12,['4145423729_1'],['https://inaturalist-open-data.s3.amazonaws.com/photos/295936777/original.jpeg']
4145539244,42.875995,0.084951,2023-07-02T10:36:03,['4145539244_1'],['https://inaturalist-open-data.s3.amazonaws.com/photos/295938738/original.jpeg']
4145603358,44.075096,10.237597,2023-07-03T16:01,"['4145603358_1', '4145603358_2']","['https://inaturalist-open-data.s3.amazonaws.com/photos/296462732/original.jpeg', 'https://inaturalist-open-data.s3.amazonaws.com/photos/296462691/original.jpeg']"
4145709318,42.077953,12.942383,2023-07-04T15:51:52,"['4145709318_1', '4145709318_2']","['https://inaturalist-open-data.s3.amazonaws.com/photos/296764807/original.jpeg', 'https://inaturalist-open-data.s3.amazonaws.com/photos/296764851/original.jpeg']"
4153440659,43.879567,12.735976,2023-07-11T09:29:11,['4153440659_1'],['https://inaturalist-open-data.s3.amazonaws.com/photos/299101465/original.jpg']
4153472647,44.699825,7.12642,2023-07-11T13:56:08,"['4153472647_1', '4153472647_2', '4153472647_3']","['https://inaturalist-open-data.s3.amazonaws.com/photos/299264462/original.jpg', 'https://inaturalist-open-data.s3.amazonaws.com/photos/299264518/original.jpg', 'https://inaturalist-open-data.s3.amazonaws.com/photos/299264593/original.jpg']"
4153674875,41.716423,13.903289,2023-07-09T16:21,['4153674875_1'],['https://inaturalist-open-data.s3.amazonaws.com/photos/298833879/original.jpg']
4153687771,42.259353,13.391522,2023-07-09T13:56,['4153687771_1'],['https://inaturalist-open-data.s3.amazonaws.com/photos/298820112/original.jpeg']
4153795389,45.951371,10.639443,2023-07-08T20:10,['4153795389_1'],['https://inaturalist-open-data.s3.amazonaws.com/photos/298758086/original.jpeg']
4153805484,45.045793,7.105768,2023-07-11T11:37:37,['4153805484_1'],['https://inaturalist-open-data.s3.amazonaws.com/photos/299106928/original.jpeg']
4153829082,44.780045,7.041633,2023-07-07T19:19:17,"['4153829082_1', '4153829082_2']","['https://inaturalist-open-data.s3.amazonaws.com/photos/297843491/original.jpeg', 'https://inaturalist-open-data.s3.amazonaws.com/photos/297843532/original.jpeg']"
4153844403,46.334878,8.221839,2023-07-04T14:31,['4153844403_1'],['https://inaturalist-open-data.s3.amazonaws.com/photos/298586816/original.jpg']
4153856486,44.860489,6.541081,2023-07-09T10:47:02,"['4153856486_1', '4153856486_2']","['https://inaturalist-open-data.s3.amazonaws.com/photos/298405158/original.jpeg', 'https://inaturalist-open-data.s3.amazonaws.com/photos/298405187/original.jpeg']"
4153958680,46.497943,7.242078,2023-07-06T16:00,['4153958680_1'],['https://inaturalist-open-data.s3.amazonaws.com/photos/298353834/original.jpeg']
4153986962,46.293294,8.301221,2023-07-03T13:48,['4153986962_1'],['https://inaturalist-open-data.s3.amazonaws.com/photos/298483531/original.jpg']
4153997150,45.7886,6.902606,2023-07-05T12:09:02,['4153997150_1'],['https://inaturalist-open-data.s3.amazonaws.com/photos/297190992/original.jpeg']
4161970254,41.766709,13.598172,2023-07-16T12:42,['4161970254_1'],['https://inaturalist-open-data.s3.amazonaws.com/photos/300727301/original.jpg']
4161980058,46.062631,11.099621,2023-07-09T14:30,['4161980058_1'],['https://inaturalist-open-data.s3.amazonaws.com/photos/299458284/original.jpeg']
4162010177,44.882082,6.734949,2023-07-07T12:56,['4162010177_1'],['https://inaturalist-open-data.s3.amazonaws.com/photos/300352846/original.jpeg']
4162039640,45.869487,6.954273,2023-07-13T17:30,"['4162039640_1', '4162039640_2']","['https://inaturalist-open-data.s3.amazonaws.com/photos/299820118/original.jpg', 'https://inaturalist-open-data.s3.amazonaws.com/photos/299820175/original.jpg']"
4162416865,42.700835,12.547721,2023-07-09T17:42:58,['4162416865_1'],['https://inaturalist-open-data.s3.amazonaws.com/photos/300349781/original.jpg']
4162452173,42.95695,-0.333358,2023-07-17T17:22:56,['4162452173_1'],['https://inaturalist-open-data.s3.amazonaws.com/photos/301172505/original.jpg']
4165651337,44.200346,7.293788,2023-07-24T09:24,['4165651337_1'],['https://inaturalist-open-data.s3.amazonaws.com/photos/303457384/original.jpeg']
4165683949,48.557799,-1.971541,2023-07-22T10:16,"['4165683949_1', '4165683949_2']","['https://inaturalist-open-data.s3.amazonaws.com/photos/302832450/original.jpeg', 'https://inaturalist-open-data.s3.amazonaws.com/photos/302832743/original.jpeg']"
4165747014,42.955653,1.165998,2023-07-23T19:39:52,"['4165747014_1', '4165747014_2', '4165747014_3', '4165747014_4', '4165747014_5']","['https://inaturalist-open-data.s3.amazonaws.com/photos/303498240/original.jpeg', 'https://inaturalist-open-data.s3.amazonaws.com/photos/303498294/original.jpeg', 'https://inaturalist-open-data.s3.amazonaws.com/photos/303498343/original.jpeg', 'https://inaturalist-open-data.s3.amazonaws.com/photos/303498417/original.jpeg', 'https://inaturalist-open-data.s3.amazonaws.com/photos/303498484/original.jpeg']"
4165748322,48.558211,-1.971891,2023-07-22T10:34,['4165748322_1'],['https://inaturalist-open-data.s3.amazonaws.com/photos/302833290/original.jpeg']
4165781718,48.41313,-1.961261,2023-07-22T10:27,['4165781718_1'],['https://inaturalist-open-data.s3.amazonaws.com/photos/302832981/original.jpeg']
4165835666,43.736449,6.346463,2023-07-17T11:33:08,['4165835666_1'],['https://inaturalist-open-data.s3.amazonaws.com/photos/302686441/original.jpeg']
4165856731,48.557539,-1.969491,2023-07-22T11:05,['4165856731_1'],['https://inaturalist-open-data.s3.amazonaws.com/photos/302834151/original.jpeg']
4165867753,48.413279,-1.827849,2023-07-22T11:02,['4165867753_1'],['https://inaturalist-open-data.s3.amazonaws.com/photos/302834028/original.jpeg']
4165868641,41.731731,12.789557,2023-07-23T17:58,['4165868641_1'],['https://inaturalist-open-data.s3.amazonaws.com/photos/303152851/original.jpeg']
4165927383,44.993626,5.598353,2023-07-24T13:19,['4165927383_1'],['https://inaturalist-open-data.s3.amazonaws.com/photos/303527941/original.jpg']
4165962425,44.44004,9.938429,2023-07-24T22:10:31,['4165962425_1'],['https://inaturalist-open-data.s3.amazonaws.com/photos/303625064/original.jpg']
4171260224,44.372681,6.1309,2023-07-18T11:20:56,['4171260224_1'],['https://inaturalist-open-data.s3.amazonaws.com/photos/307344676/original.jpg']
4171355127,44.176568,7.347432,2023-07-26T18:30:02,"['4171355127_1', '4171355127_2']","['https://inaturalist-open-data.s3.amazonaws.com/photos/304199947/original.jpeg', 'https://inaturalist-open-data.s3.amazonaws.com/photos/304199988/original.jpeg']"
4171436503,45.118702,7.284406,2023-07-25T13:20,"['4171436503_1', '4171436503_2', '4171436503_3']","['https://inaturalist-open-data.s3.amazonaws.com/photos/304215247/original.jpeg', 'https://inaturalist-open-data.s3.amazonaws.com/photos/304215289/original.jpeg', 'https://inaturalist-open-data.s3.amazonaws.com/photos/304215329/original.jpeg']"
4171458783,45.278018,2.68541,2023-07-13T13:24,['4171458783_1'],['https://inaturalist-open-data.s3.amazonaws.com/photos/304466083/original.jpeg']
4171669951,44.5031,8.751426,2023-07-22T17:53,"['4171669951_1', '4171669951_2']","['https://inaturalist-open-data.s3.amazonaws.com/photos/304496313/original.jpeg', 'https://inaturalist-open-data.s3.amazonaws.com/photos/304496337/original.jpeg']"
4171758069,47.847928,7.294466,2023-07-31T17:12:30,['4171758069_1'],['https://inaturalist-open-data.s3.amazonaws.com/photos/305892883/original.jpg']
4171764438,45.988975,11.310083,2023-07-20T07:58:27,['4171764438_1'],['https://inaturalist-open-data.s3.amazonaws.com/photos/306605639/original.jpg']
4171805448,42.77474,-0.033376,2023-07-28,['4171805448_1'],['https://inaturalist-open-data.s3.amazonaws.com/photos/305033461/original.jpeg']
4171868886,46.051017,12.270897,2023-07-31T14:33:12,"['4171868886_1', '4171868886_2', '4171868886_3', '4171868886_4', '4171868886_5']","['https://inaturalist-open-data.s3.amazonaws.com/photos/305823615/original.jpeg', 'https://inaturalist-open-data.s3.amazonaws.com/photos/305823662/original.jpeg', 'https://inaturalist-open-data.s3.amazonaws.com/photos/305823709/original.jpeg', 'https://inaturalist-open-data.s3.amazonaws.com/photos/305823765/original.jpeg', 'https://inaturalist-open-data.s3.amazonaws.com/photos/305823801/original.jpeg']"
4171984041,48.343537,2.776854,2023-07-15T00:51,['4171984041_1'],['https://inaturalist-open-data.s3.amazonaws.com/photos/307198823/original.jpg']
4172155866,47.820163,7.284439,2023-07-31T16:01:43,['4172155866_1'],['https://inaturalist-open-data.s3.amazonaws.com/photos/305893273/original.jpg']
4172182977,48.343537,2.776854,2023-07-15T00:46,['4172182977_1'],['https://inaturalist-open-data.s3.amazonaws.com/photos/307197681/original.jpg']
4177243445,43.661395,3.595654,2023-07-27T10:21,['4177243445_1'],['https://inaturalist-open-data.s3.amazonaws.com/photos/309267492/original.jpg']
4177380006,43.695444,3.494143,2023-07-27T10:14,['4177380006_1'],['https://inaturalist-open-data.s3.amazonaws.com/photos/309267344/original.jpg']
4177452420,46.386516,9.603016,2023-07-19T10:56,['4177452420_1'],['https://inaturalist-open-data.s3.amazonaws.com/photos/309942603/original.jpeg']
4399932721,42.333317,2.528438,2023-07-14T11:30:14,"['4399932721_1', '4399932721_2']","['https://inaturalist-open-data.s3.amazonaws.com/photos/300694346/original.jpg', 'https://inaturalist-open-data.s3.amazonaws.com/photos/300694381/original.jpg']"
4405374015,44.953087,0.717525,2023-07-08T09:40:49,"['4405374015_1', '4405374015_2']","['https://inaturalist-open-data.s3.amazonaws.com/photos/313975695/original.jpg', 'https://inaturalist-open-data.s3.amazonaws.com/photos/313975731/original.jpg']"
4413517738,44.780152,7.041392,2023-07-04T12:41:10,['4413517738_1'],['https://inaturalist-open-data.s3.amazonaws.com/photos/296709097/original.jpeg']
4413817473,42.409635,-2.817376,2023-07-23T11:10,['4413817473_1'],['https://inaturalist-open-data.s3.amazonaws.com/photos/317329598/original.jpg']
4417057339,46.288369,4.790209,2023-07-17T15:57:17,['4417057339_1'],['https://inaturalist-open-data.s3.amazonaws.com/photos/321709153/original.jpg']
4424438291,45.584642,7.21025,2023-07-10T12:44,['4424438291_1'],['https://inaturalist-open-data.s3.amazonaws.com/photos/325594380/original.jpg']
4442686084,43.925053,11.176683,2023-07-04T11:47,['4442686084_1'],['https://inaturalist-open-data.s3.amazonaws.com/photos/336095604/original.jpg']
4458658716,46.06245,11.099762,2023-07-09T10:59,['4458658716_1'],['https://inaturalist-open-data.s3.amazonaws.com/photos/338014922/original.jpeg']
4459474217,47.426174,4.567382,2023-07-21,['4459474217_1'],['https://observation.org/photos/72646092.jpg']
4459547673,45.815158,3.99975,2023-07-03,['4459547673_1'],['https://observation.org/photos/70931758.jpg']
4459552249,42.84177,-0.365974,2023-07-05,"['4459552249_1', '4459552249_2']","['https://observation.org/photos/73001887.jpg', 'https://observation.org/photos/73001888.jpg']"
4459675943,42.509613,2.217051,2023-07-26,"['4459675943_1', '4459675943_2']","['https://observation.org/photos/75664963.jpg', 'https://observation.org/photos/75664964.jpg']"
4459678423,44.18,5.25,2023-07-22,['4459678423_1'],['https://observation.org/photos/73583402.jpg']
4459804718,45.580012,7.333839,2023-07-25,['4459804718_1'],['https://observation.org/photos/75830952.jpg']
4460380598,44.203829,7.150769,2023-07-28,['4460380598_1'],['https://observation.org/photos/75196616.jpg']
4460590258,47.94,7.25,2023-07-27,"['4460590258_1', '4460590258_2', '4460590258_3']","['https://observation.org/photos/73715098.jpg', 'https://observation.org/photos/73715099.jpg', 'https://observation.org/photos/73715100.jpg']"
4461020997,42.8,-2.75,2023-07-24,['4461020997_1'],['https://observation.org/photos/79794182.jpg']
4461468335,44.991558,6.079758,2023-07-24,['4461468335_1'],['https://observation.org/photos/73006016.jpg']
4461479048,44.103482,7.867934,2023-07-29,['4461479048_1'],['https://observation.org/photos/73405254.jpg']
4461751697,42.7,0.75,2023-07-14,['4461751697_1'],['https://observation.org/photos/80384082.jpg']
4461836958,44.827639,2.040372,2023-07-25,"['4461836958_1', '4461836958_2', '4461836958_3', '4461836958_4']","['https://observation.org/photos/73078613.jpg', 'https://observation.org/photos/73078614.jpg', 'https://observation.org/photos/73078615.jpg', 'https://observation.org/photos/73078616.jpg']"
4462127835,46.714405,10.531122,2023-07-10,['4462127835_1'],['https://observation.org/photos/71576758.jpg']
4597367005,45.420879,1.367792,2023-07-12T11:55,['4597367005_1'],['https://inaturalist-open-data.s3.amazonaws.com/photos/356290385/original.jpg']
4852035773,44.245132,7.758464,2023-07-09T16:08,['4852035773_1'],['https://inaturalist-open-data.s3.amazonaws.com/photos/368150349/original.jpg']
4852404642,42.6482,0.712616,2023-07-28T15:15:14,['4852404642_1'],['https://inaturalist-open-data.s3.amazonaws.com/photos/374134000/original.jpeg']
4868151770,42.341928,13.140829,2023-07-03T19:03,['4868151770_1'],['https://inaturalist-open-data.s3.amazonaws.com/photos/384440015/original.jpg']
4889211921,48.82,5.55,2023-07-14,"['4889211921_1', '4889211921_2']","['https://observation.org/photos/87204070.jpg', 'https://observation.org/photos/87336550.jpg']"
4892143711,46.242038,9.628545,2023-07-29T19:00:19,['4892143711_1'],['https://inaturalist-open-data.s3.amazonaws.com/photos/392292275/original.jpg']
4932795459,46.49,7.08,2023-07-23,['4932795459_1'],['https://observation.org/photos/73583373.jpg']
4950111798,42.682448,1.085004,2023-07-30T10:49:57,['4950111798_1'],['https://inaturalist-open-data.s3.amazonaws.com/photos/434560593/original.jpeg']
4950435704,45.77852,11.199609,2023-07-20T16:47,['4950435704_1'],['https://inaturalist-open-data.s3.amazonaws.com/photos/409718632/original.jpg']
4952484605,42.987745,0.294278,2023-07-13T19:22,"['4952484605_1', '4952484605_2']","['https://inaturalist-open-data.s3.amazonaws.com/photos/437512988/original.jpeg', 'https://inaturalist-open-data.s3.amazonaws.com/photos/437534163/original.jpg']"
4982165525,44.432326,5.92,2023-07-18T15:06:01,['4982165525_1'],['https://inaturalist-open-data.s3.amazonaws.com/photos/450876975/original.jpeg']
5063199340,42.670535,-3.339327,2023-07-31T14:54:19,"['5063199340_1', '5063199340_2', '5063199340_3']","['https://inaturalist-open-data.s3.amazonaws.com/photos/464694462/original.jpeg', 'https://inaturalist-open-data.s3.amazonaws.com/photos/464694473/original.jpeg', 'https://inaturalist-open-data.s3.amazonaws.com/photos/464694480/original.jpeg']"
5086995706,42.789386,1.312022,2023-07-09T13:46,['5086995706_1'],['https://inaturalist-open-data.s3.amazonaws.com/photos/359046964/original.jpeg']
5087672883,48.360607,2.696502,2023-07-30T13:41,['5087672883_1'],['https://inaturalist-open-data.s3.amazonaws.com/photos/474960207/original.jpg']
5108237255,44.041877,7.155822,2023-07-31T15:00,"['5108237255_1', '5108237255_2']","['https://inaturalist-open-data.s3.amazonaws.com/photos/480575101/original.jpeg', 'https://inaturalist-open-data.s3.amazonaws.com/photos/480575120/original.jpeg']"
5206372296,45.646068,10.979106,2023-07-01,['5206372296_1'],['https://inaturalist-open-data.s3.amazonaws.com/photos/524531046/original.jpg']
5839856249,44.157831,5.387259,2023-07-08T12:19:22,"['5839856249_1', '5839856249_2']","['https://inaturalist-open-data.s3.amazonaws.com/photos/574797777/original.jpg', 'https://inaturalist-open-data.s3.amazonaws.com/photos/574798435/original.jpg']"
6152133598,42.333317,2.528438,2023-07-14,['6152133598_1'],['https://observation.org/photos/79470299.jpg']
6441693458,44.141918,5.339653,2023-07-22T11:49,['6441693458_1'],['https://inaturalist-open-data.s3.amazonaws.com/photos/697411545/original.jpg']
6441862393,46.55314,7.132313,2023-07-23T11:54,"['6441862393_1', '6441862393_2']","['https://inaturalist-open-data.s3.amazonaws.com/photos/697411588/original.jpg', 'https://inaturalist-open-data.s3.amazonaws.com/photos/697411618/original.jpg']"
4171796160,42.948573,-2.719002,2023-08-02T12:06:52,['4171796160_1'],['https://inaturalist-open-data.s3.amazonaws.com/photos/306396826/original.jpg']
4172068379,46.544493,6.917325,2023-08-01T11:19:06,"['4172068379_1', '4172068379_2']","['https://inaturalist-open-data.s3.amazonaws.com/photos/306095795/original.jpg', 'https://inaturalist-open-data.s3.amazonaws.com/photos/306095817/original.jpg']"
4172107399,47.802553,7.393498,2023-08-02T13:37:30,"['4172107399_1', '4172107399_2']","['https://inaturalist-open-data.s3.amazonaws.com/photos/306541898/original.jpg', 'https://inaturalist-open-data.s3.amazonaws.com/photos/306542112/original.jpg']"
4172159013,48.599015,2.757161,2023-08-07T12:51,['4172159013_1'],['https://inaturalist-open-data.s3.amazonaws.com/photos/308226187/original.jpg']
4172171767,46.176906,7.128691,2023-08-04T14:37,['4172171767_1'],['https://inaturalist-open-data.s3.amazonaws.com/photos/307662575/original.jpeg']
4177191087,46.422875,11.341733,2023-08-12T20:06:40,['4177191087_1'],['https://inaturalist-open-data.s3.amazonaws.com/photos/309721230/original.jpg']
4177283840,42.491582,0.988536,2023-08-14T09:24:41,"['4177283840_1', '4177283840_2', '4177283840_3', '4177283840_4', '4177283840_5', '4177283840_6', '4177283840_7']","['https://inaturalist-open-data.s3.amazonaws.com/photos/310359911/original.jpeg', 'https://inaturalist-open-data.s3.amazonaws.com/photos/310359965/original.jpeg', 'https://inaturalist-open-data.s3.amazonaws.com/photos/310360033/original.jpeg', 'https://inaturalist-open-data.s3.amazonaws.com/photos/310360084/original.jpeg', 'https://inaturalist-open-data.s3.amazonaws.com/photos/310360138/original.jpeg', 'https://inaturalist-open-data.s3.amazonaws.com/photos/310360184/original.jpeg', 'https://inaturalist-open-data.s3.amazonaws.com/photos/310360225/original.jpeg']"
4177340224,45.8285,6.268653,2023-08-12T16:31:37,['4177340224_1'],['https://inaturalist-open-data.s3.amazonaws.com/photos/309778442/original.jpg']
4177360083,46.152934,11.13348,2023-08-12T08:15,['4177360083_1'],['https://inaturalist-open-data.s3.amazonaws.com/photos/309918511/original.jpeg']
4177413063,46.238611,5.74506,2023-08-12T13:10:19,['4177413063_1'],['https://inaturalist-open-data.s3.amazonaws.com/photos/309610017/original.jpg']
4177499768,46.254488,7.652295,2023-08-13T11:28:12,['4177499768_1'],['https://inaturalist-open-data.s3.amazonaws.com/photos/310113031/original.jpeg']
4177499959,45.574248,7.723528,2023-08-14T11:40:28,"['4177499959_1', '4177499959_2']","['https://inaturalist-open-data.s3.amazonaws.com/photos/310328900/original.jpeg', 'https://inaturalist-open-data.s3.amazonaws.com/photos/310328921/original.jpeg']"
4177543312,44.828463,5.199203,2023-08-12T12:05:49,['4177543312_1'],['https://inaturalist-open-data.s3.amazonaws.com/photos/310354295/original.jpg']
4177587868,47.68025,8.268598,2023-08-15T11:58:50,"['4177587868_1', '4177587868_2']","['https://inaturalist-open-data.s3.amazonaws.com/photos/310641187/original.jpeg', 'https://inaturalist-open-data.s3.amazonaws.com/photos/310641250/original.jpeg']"
4399872290,42.852845,-0.695583,2023-08-21T19:25:48,"['4399872290_1', '4399872290_2', '4399872290_3']","['https://inaturalist-open-data.s3.amazonaws.com/photos/312829716/original.jpg', 'https://inaturalist-open-data.s3.amazonaws.com/photos/312829732/original.jpg', 'https://inaturalist-open-data.s3.amazonaws.com/photos/312829756/original.jpg']"
4399948934,46.356303,8.091607,2023-08-18T16:17,['4399948934_1'],['https://inaturalist-open-data.s3.amazonaws.com/photos/311949113/original.jpeg']
4399981544,45.059473,6.782588,2023-08-22T13:21:25,['4399981544_1'],['https://inaturalist-open-data.s3.amazonaws.com/photos/312822318/original.jpg']
4400103650,41.009213,15.087858,2023-08-02T11:07,['4400103650_1'],['https://inaturalist-open-data.s3.amazonaws.com/photos/311794676/original.jpg']
4400161975,42.744163,2.163022,2023-08-17T09:21:33,"['4400161975_1', '4400161975_2']","['https://inaturalist-open-data.s3.amazonaws.com/photos/311202964/original.jpg', 'https://inaturalist-open-data.s3.amazonaws.com/photos/311202949/original.jpg']"
4400174063,42.617866,12.239664,2023-08-11T11:13,['4400174063_1'],['https://inaturalist-open-data.s3.amazonaws.com/photos/310899767/original.jpg']
4400313727,45.600621,7.454256,2023-08-14T08:38:50,"['4400313727_1', '4400313727_2', '4400313727_3']","['https://inaturalist-open-data.s3.amazonaws.com/photos/310463320/original.jpeg', 'https://inaturalist-open-data.s3.amazonaws.com/photos/310463358/original.jpeg', 'https://inaturalist-open-data.s3.amazonaws.com/photos/310463405/original.jpeg']"
4400364119,42.685926,1.235223,2023-08-16T09:47:21,"['4400364119_1', '4400364119_2']","['https://inaturalist-open-data.s3.amazonaws.com/photos/311505599/original.jpg', 'https://inaturalist-open-data.s3.amazonaws.com/photos/311505612/original.jpg']"
4400501941,42.541225,0.648715,2023-08-17T16:32,['4400501941_1'],['https://inaturalist-open-data.s3.amazonaws.com/photos/312892602/original.jpg']
4405052047,43.933056,11.654627,2023-08-27T23:41:48,['4405052047_1'],['https://inaturalist-open-data.s3.amazonaws.com/photos/314519849/original.jpeg']
4405123027,45.76894,7.618598,2023-08-25T11:10,"['4405123027_1', '4405123027_2', '4405123027_3']","['https://inaturalist-open-data.s3.amazonaws.com/photos/313696318/original.jpeg', 'https://inaturalist-open-data.s3.amazonaws.com/photos/313696363/original.jpeg', 'https://inaturalist-open-data.s3.amazonaws.com/photos/313696437/original.jpeg']"
4405372795,45.979978,6.941419,2023-08-23T09:47:16,"['4405372795_1', '4405372795_2']","['https://inaturalist-open-data.s3.amazonaws.com/photos/313942209/original.jpeg', 'https://inaturalist-open-data.s3.amazonaws.com/photos/313942306/original.jpeg']"
4405445749,44.717778,6.953957,2023-08-25T11:20:45,['4405445749_1'],['https://inaturalist-open-data.s3.amazonaws.com/photos/313808999/original.jpeg']
4407147241,46.061817,10.957834,2023-08-11T12:03,['4407147241_1'],['https://inaturalist-open-data.s3.amazonaws.com/photos/316695353/original.jpg']
4407192996,47.944388,7.260719,2023-08-27T10:26,"['4407192996_1', '4407192996_2', '4407192996_3', '4407192996_4']","['https://inaturalist-open-data.s3.amazonaws.com/photos/315504859/original.jpeg', 'https://inaturalist-open-data.s3.amazonaws.com/photos/315504793/original.jpg', 'https://inaturalist-open-data.s3.amazonaws.com/photos/315504902/original.jpeg', 'https://inaturalist-open-data.s3.amazonaws.com/photos/315504891/original.jpeg']"
4407227112,45.849955,10.7022,2023-08-24T23:05,['4407227112_1'],['https://inaturalist-open-data.s3.amazonaws.com/photos/315327214/original.png']
4407458006,45.858028,11.11029,2023-08-01T11:47,"['4407458006_1', '4407458006_2']","['https://inaturalist-open-data.s3.amazonaws.com/photos/316693295/original.jpg', 'https://inaturalist-open-data.s3.amazonaws.com/photos/316693308/original.jpg']"
4407560408,45.373808,6.41241,2023-08-31T09:45,['4407560408_1'],['https://inaturalist-open-data.s3.amazonaws.com/photos/316308500/original.jpeg']
4410449225,42.6,0.1,2023-08-12,['4410449225_1'],['https://observation.org/photos/74661219.jpg']
4410817331,42.6,0.85,2023-08-22,['4410817331_1'],['https://observation.org/photos/75677419.jpg']
4413825909,46.827838,5.970643,2023-08-07T19:16,['4413825909_1'],['https://inaturalist-open-data.s3.amazonaws.com/photos/317597737/original.jpg']
4424681373,47.360414,1.427317,2023-08-28T18:00:02,"['4424681373_1', '4424681373_2', '4424681373_3']","['https://inaturalist-open-data.s3.amazonaws.com/photos/325747133/original.jpg', 'https://inaturalist-open-data.s3.amazonaws.com/photos/325747150/original.jpg', 'https://inaturalist-open-data.s3.amazonaws.com/photos/325747175/original.jpg']"
4436112702,43.756954,3.611621,2023-08-14T11:25,['4436112702_1'],['https://inaturalist-open-data.s3.amazonaws.com/photos/330809009/original.jpg']
4436134055,43.70731,3.743604,2023-08-14T10:29,['4436134055_1'],['https://inaturalist-open-data.s3.amazonaws.com/photos/330809253/original.jpg']
4436143990,43.736664,3.684564,2023-08-14T10:51,['4436143990_1'],['https://inaturalist-open-data.s3.amazonaws.com/photos/330808445/original.jpg']
4436151956,43.61885,3.617744,2023-08-14T10:01,['4436151956_1'],['https://inaturalist-open-data.s3.amazonaws.com/photos/330808200/original.jpg']
4436364997,43.673918,3.704304,2023-08-14T09:58,['4436364997_1'],['https://inaturalist-open-data.s3.amazonaws.com/photos/330807781/original.jpg']
4436393824,43.756486,3.678305,2023-08-14T10:59,['4436393824_1'],['https://inaturalist-open-data.s3.amazonaws.com/photos/330808802/original.jpg']
4459424705,47.92,7.24,2023-08-20,['4459424705_1'],['https://observation.org/photos/75582153.jpg']
4459554321,46.117468,2.599654,2023-08-23,['4459554321_1'],['https://observation.org/photos/75796908.jpg']
4459678492,45.840669,6.212262,2023-08-01,['4459678492_1'],['https://observation.org/photos/73698970.jpg']
4460406400,42.535548,0.649534,2023-08-17,['4460406400_1'],['https://observation.org/photos/79771430.jpg']
4460417087,45.842987,6.22212,2023-08-08,['4460417087_1'],['https://observation.org/photos/74313249.jpg']
4460487960,45.486761,1.942439,2023-08-15,['4460487960_1'],['https://observation.org/photos/74975901.jpg']
4460515919,47.593638,1.359137,2023-08-09,"['4460515919_1', '4460515919_2']","['https://observation.org/photos/74330910.jpg', 'https://observation.org/photos/74330911.jpg']"
4460531666,43.479551,12.694378,2023-08-15,['4460531666_1'],['https://observation.org/photos/74966999.jpg']
4460576952,48.641603,6.160913,2023-08-17,['4460576952_1'],['https://observation.org/photos/75183495.jpg']
4460688670,42.25,-3.05,2023-08-29,['4460688670_1'],['https://observation.org/photos/79790854.jpg']
4460696032,43.538929,12.677235,2023-08-29,['4460696032_1'],['https://observation.org/photos/76281900.jpg']
4461031568,42.859268,0.091676,2023-08-20,"['4461031568_1', '4461031568_2', '4461031568_3']","['https://observation.org/photos/75793942.jpg', 'https://observation.org/photos/75793943.jpg', 'https://observation.org/photos/75793945.jpg']"
4461639868,45.504134,6.501247,2023-08-09,"['4461639868_1', '4461639868_2']","['https://observation.org/photos/74299902.jpg', 'https://observation.org/photos/74299903.jpg']"
4461895236,48.145681,2.75449,2023-08-16,['4461895236_1'],['https://observation.org/photos/75084639.jpg']
4462190306,45.486883,1.942382,2023-08-10,['4462190306_1'],['https://observation.org/photos/74408532.jpg']
4512158264,45.931439,7.182155,2023-08-14T17:54:31,"['4512158264_1', '4512158264_2']","['https://inaturalist-open-data.s3.amazonaws.com/photos/345538574/original.jpeg', 'https://inaturalist-open-data.s3.amazonaws.com/photos/345538601/original.jpeg']"
4512278924,46.049345,8.506622,2023-08-23T09:08,"['4512278924_1', '4512278924_2', '4512278924_3', '4512278924_4', '4512278924_5', '4512278924_6']","['https://inaturalist-open-data.s3.amazonaws.com/photos/345870039/original.jpeg', 'https://inaturalist-open-data.s3.amazonaws.com/photos/345870084/original.jpeg', 'https://inaturalist-open-data.s3.amazonaws.com/photos/345870050/original.jpeg', 'https://inaturalist-open-data.s3.amazonaws.com/photos/345870091/original.jpeg', 'https://inaturalist-open-data.s3.amazonaws.com/photos/345870082/original.jpeg', 'https://inaturalist-open-data.s3.amazonaws.com/photos/345870106/original.jpeg']"
4519226073,41.714224,12.420345,2023-08-04T19:31,['4519226073_1'],['https://inaturalist-open-data.s3.amazonaws.com/photos/349837520/original.jpg']
4519248895,41.699452,12.424499,2023-08-05T06:37,['4519248895_1'],['https://inaturalist-open-data.s3.amazonaws.com/photos/349837322/original.jpg']
4855417270,45.390568,-1.152777,2023-08-03T11:28:39,['4855417270_1'],['https://inaturalist-open-data.s3.amazonaws.com/photos/377670795/original.jpeg']
4884624946,44.912852,1.598485,2023-08-04,['4884624946_1'],['https://observation.org/photos/73893906.jpg']
4885629939,44.56344,6.810226,2023-08-01,"['4885629939_1', '4885629939_2']","['https://observation.org/photos/73696740.jpg', 'https://observation.org/photos/73696742.jpg']"
4946288401,45.574097,7.120596,2023-08-12,['4946288401_1'],['https://inaturalist-open-data.s3.amazonaws.com/photos/310163790/original.jpeg']
4980276585,46.001475,6.922278,2023-08-13T16:59,['4980276585_1'],['https://inaturalist-open-data.s3.amazonaws.com/photos/448381582/original.jpeg']
5024196854,48.184708,7.82279,2023-08-09T00:00,['5024196854_1'],['https://i.vimeocdn.com/video/1708365400-f317699452ebcd0029ec7585ca4edc9cf72b70b273c5e7e59103219e7a13db9d-d_240']
5167725965,46.251628,4.10416,2023-08-16T20:17:39,"['5167725965_1', '5167725965_2']","['https://inaturalist-open-data.s3.amazonaws.com/photos/510580651/original.jpg', 'https://inaturalist-open-data.s3.amazonaws.com/photos/510580683/original.jpg']"
6470332162,46.147511,-0.424487,2023-08-11T12:44:12,['6470332162_1'],['https://inaturalist-open-data.s3.amazonaws.com/photos/702134900/original.jpg']
4407422624,43.585094,11.611441,2023-09-04T11:37:12,['4407422624_1'],['https://inaturalist-open-data.s3.amazonaws.com/photos/316737729/original.jpeg']
4407534568,42.892946,1.255497,2023-09-01T10:59,"['4407534568_1', '4407534568_2', '4407534568_3', '4407534568_4', '4407534568_5', '4407534568_6']","['https://inaturalist-open-data.s3.amazonaws.com/photos/316044375/original.jpeg', 'https://inaturalist-open-data.s3.amazonaws.com/photos/316044406/original.jpeg', 'https://inaturalist-open-data.s3.amazonaws.com/photos/316044397/original.jpeg', 'https://inaturalist-open-data.s3.amazonaws.com/photos/316044400/original.jpeg', 'https://inaturalist-open-data.s3.amazonaws.com/photos/316044427/original.jpeg', 'https://inaturalist-open-data.s3.amazonaws.com/photos/316044431/original.jpeg']"
4413376065,41.761828,12.470636,2023-09-11T05:54,['4413376065_1'],['https://inaturalist-open-data.s3.amazonaws.com/photos/319265678/original.jpg']
4413698627,45.802147,7.030095,2023-09-02T16:00:51,['4413698627_1'],['https://inaturalist-open-data.s3.amazonaws.com/photos/317649018/original.jpg']
4413725471,45.140316,7.966073,2023-09-06T17:21:38,['4413725471_1'],['https://inaturalist-open-data.s3.amazonaws.com/photos/317363452/original.jpeg']
4413740858,43.475819,12.193123,2023-09-13T10:10:05,"['4413740858_1', '4413740858_2', '4413740858_3']","['https://inaturalist-open-data.s3.amazonaws.com/photos/319325530/original.jpeg', 'https://inaturalist-open-data.s3.amazonaws.com/photos/319325553/original.jpeg', 'https://inaturalist-open-data.s3.amazonaws.com/photos/319325579/original.jpeg']"
4413745833,45.048865,7.122714,2023-09-07T18:52:39,"['4413745833_1', '4413745833_2', '4413745833_3', '4413745833_4', '4413745833_5', '4413745833_6', '4413745833_7', '4413745833_8', '4413745833_9']","['https://inaturalist-open-data.s3.amazonaws.com/photos/317830873/original.jpeg', 'https://inaturalist-open-data.s3.amazonaws.com/photos/317830917/original.jpeg', 'https://inaturalist-open-data.s3.amazonaws.com/photos/317830983/original.jpeg', 'https://inaturalist-open-data.s3.amazonaws.com/photos/317831075/original.jpeg', 'https://inaturalist-open-data.s3.amazonaws.com/photos/317831144/original.jpeg', 'https://inaturalist-open-data.s3.amazonaws.com/photos/317831207/original.jpeg', 'https://inaturalist-open-data.s3.amazonaws.com/photos/317831278/original.jpeg', 'https://inaturalist-open-data.s3.amazonaws.com/photos/317831371/original.jpeg', 'https://inaturalist-open-data.s3.amazonaws.com/photos/317831421/original.jpeg']"
4413901095,44.159973,7.279105,2023-09-01T18:11:02,"['4413901095_1', '4413901095_2', '4413901095_3']","['https://inaturalist-open-data.s3.amazonaws.com/photos/319306122/original.jpeg', 'https://inaturalist-open-data.s3.amazonaws.com/photos/319306204/original.jpeg', 'https://inaturalist-open-data.s3.amazonaws.com/photos/319306261/original.jpeg']"
4413974323,44.646964,5.215111,2023-09-09T15:33:04,"['4413974323_1', '4413974323_2']","['https://inaturalist-open-data.s3.amazonaws.com/photos/318279222/original.jpeg', 'https://inaturalist-open-data.s3.amazonaws.com/photos/318279288/original.jpeg']"
4413994723,48.282567,2.666138,2023-09-14T12:07:51,['4413994723_1'],['https://inaturalist-open-data.s3.amazonaws.com/photos/319691278/original.jpg']
4414056200,43.413528,1.98233,2023-09-12T22:11:28,"['4414056200_1', '4414056200_2', '4414056200_3']","['https://inaturalist-open-data.s3.amazonaws.com/photos/319207458/original.jpg', 'https://inaturalist-open-data.s3.amazonaws.com/photos/319207556/original.jpg', 'https://inaturalist-open-data.s3.amazonaws.com/photos/319207589/original.jpg']"
4414063920,41.595659,13.235983,2023-09-15T17:07:16,"['4414063920_1', '4414063920_2', '4414063920_3']","['https://inaturalist-open-data.s3.amazonaws.com/photos/319930873/original.jpeg', 'https://inaturalist-open-data.s3.amazonaws.com/photos/319930925/original.jpeg', 'https://inaturalist-open-data.s3.amazonaws.com/photos/319930978/original.jpeg']"
4414217540,42.519937,0.84875,2023-09-05T15:23,"['4414217540_1', '4414217540_2', '4414217540_3', '4414217540_4']","['https://inaturalist-open-data.s3.amazonaws.com/photos/320105744/original.jpeg', 'https://inaturalist-open-data.s3.amazonaws.com/photos/320105743/original.jpeg', 'https://inaturalist-open-data.s3.amazonaws.com/photos/320105775/original.jpeg', 'https://inaturalist-open-data.s3.amazonaws.com/photos/320105776/original.jpeg']"
4414250010,44.893658,1.637874,2023-09-16T17:30:11,"['4414250010_1', '4414250010_2']","['https://inaturalist-open-data.s3.amazonaws.com/photos/320213871/original.jpg', 'https://inaturalist-open-data.s3.amazonaws.com/photos/320213900/original.jpg']"
4414267847,45.568597,7.384733,2023-09-19T13:49:15,"['4414267847_1', '4414267847_2']","['https://inaturalist-open-data.s3.amazonaws.com/photos/321175312/original.jpeg', 'https://inaturalist-open-data.s3.amazonaws.com/photos/321175358/original.jpeg']"
4414278216,44.613018,4.265796,2023-09-18T17:38:47,['4414278216_1'],['https://inaturalist-open-data.s3.amazonaws.com/photos/320862266/original.jpg']
4414317685,42.197935,12.120075,2023-09-18T20:56,['4414317685_1'],['https://inaturalist-open-data.s3.amazonaws.com/photos/320873751/original.jpeg']
4414374588,42.623022,1.289684,2023-09-05T13:56:51,['4414374588_1'],['https://inaturalist-open-data.s3.amazonaws.com/photos/320777584/original.jpeg']
4414389125,43.852708,3.379201,2023-09-08T13:39,['4414389125_1'],['https://inaturalist-open-data.s3.amazonaws.com/photos/321130401/original.jpeg']
4416725552,44.774485,7.04213,2023-09-23T12:49:07,['4416725552_1'],['https://inaturalist-open-data.s3.amazonaws.com/photos/322102935/original.jpeg']
4416784134,44.075109,10.178469,2023-09-20T14:05:13,"['4416784134_1', '4416784134_2']","['https://inaturalist-open-data.s3.amazonaws.com/photos/323584475/original.jpeg', 'https://inaturalist-open-data.s3.amazonaws.com/photos/323584657/original.jpeg']"
4416803941,45.610959,6.656921,2023-09-10T12:43,['4416803941_1'],['https://inaturalist-open-data.s3.amazonaws.com/photos/321202297/original.jpeg']
4416935592,48.55718,-1.974652,2023-09-07T10:07,"['4416935592_1', '4416935592_2']","['https://inaturalist-open-data.s3.amazonaws.com/photos/321288991/original.jpeg', 'https://inaturalist-open-data.s3.amazonaws.com/photos/321288998/original.jpeg']"
4416995637,45.706025,7.873568,2023-09-24T18:07:49,['4416995637_1'],['https://inaturalist-open-data.s3.amazonaws.com/photos/322543388/original.jpeg']
4417141977,43.017331,12.065166,2023-09-24T17:22:41,"['4417141977_1', '4417141977_2', '4417141977_3']","['https://inaturalist-open-data.s3.amazonaws.com/photos/322456336/original.jpg', 'https://inaturalist-open-data.s3.amazonaws.com/photos/322456942/original.jpg', 'https://inaturalist-open-data.s3.amazonaws.com/photos/322457134/original.jpg']"
4417171653,45.80861,11.057919,2023-09-26T21:02,['4417171653_1'],['https://inaturalist-open-data.s3.amazonaws.com/photos/323114213/original.png']
4420725745,46.419201,6.998261,2023-09-30T09:24,"['4420725745_1', '4420725745_2', '4420725745_3']","['https://inaturalist-open-data.s3.amazonaws.com/photos/324122308/original.jpg', 'https://inaturalist-open-data.s3.amazonaws.com/photos/324123252/original.jpg', 'https://inaturalist-open-data.s3.amazonaws.com/photos/324123266/original.jpg']"
4420757912,43.817851,6.769113,2023-09-28T16:39:18,"['4420757912_1', '4420757912_2']","['https://inaturalist-open-data.s3.amazonaws.com/photos/323624416/original.jpeg', 'https://inaturalist-open-data.s3.amazonaws.com/photos/323624449/original.jpeg']"
4420760878,44.578181,9.447474,2023-09-26T14:11:07,"['4420760878_1', '4420760878_2']","['https://inaturalist-open-data.s3.amazonaws.com/photos/323222629/original.jpeg', 'https://inaturalist-open-data.s3.amazonaws.com/photos/323222644/original.jpeg']"
4420823611,42.794388,-2.736254,2023-09-30T12:02:22,['4420823611_1'],['https://inaturalist-open-data.s3.amazonaws.com/photos/324102004/original.jpg']
4420947904,41.587784,13.227199,2023-09-29T18:34:34,['4420947904_1'],['https://inaturalist-open-data.s3.amazonaws.com/photos/323906326/original.jpeg']
4420964123,44.903581,6.786842,2023-09-30T14:56,['4420964123_1'],['https://inaturalist-open-data.s3.amazonaws.com/photos/324804781/original.jpeg']
4421021338,46.511207,6.671781,2023-09-28T19:19:24,"['4421021338_1', '4421021338_2']","['https://inaturalist-open-data.s3.amazonaws.com/photos/323611542/original.jpg', 'https://inaturalist-open-data.s3.amazonaws.com/photos/323611566/original.jpg']"
4421021768,42.019981,12.810087,2023-09-30T12:10:56,"['4421021768_1', '4421021768_2', '4421021768_3']","['https://inaturalist-open-data.s3.amazonaws.com/photos/324086621/original.jpeg', 'https://inaturalist-open-data.s3.amazonaws.com/photos/324086636/original.jpeg', 'https://inaturalist-open-data.s3.amazonaws.com/photos/324086656/original.jpeg']"
4421142875,45.339493,7.258118,2023-09-28T16:59:33,['4421142875_1'],['https://inaturalist-open-data.s3.amazonaws.com/photos/323573321/original.jpeg']
4424406549,42.673407,0.48177,2023-09-29T12:59:21,['4424406549_1'],['https://inaturalist-open-data.s3.amazonaws.com/photos/325577973/original.jpg']
4430696683,48.241468,2.688378,2023-09-14,['4430696683_1'],['https://inaturalist-open-data.s3.amazonaws.com/photos/329038609/original.jpeg']
4440666217,43.703198,3.762517,2023-09-15T17:43,['4440666217_1'],['https://inaturalist-open-data.s3.amazonaws.com/photos/333932014/original.jpg']
4440841992,43.740144,3.717687,2023-09-25T18:44,['4440841992_1'],['https://inaturalist-open-data.s3.amazonaws.com/photos/333932100/original.jpg']
4442573465,48.061455,3.564854,2023-09-15T16:51,"['4442573465_1', '4442573465_2']","['https://inaturalist-open-data.s3.amazonaws.com/photos/335869489/original.jpg', 'https://inaturalist-open-data.s3.amazonaws.com/photos/335869497/original.jpg']"
4459996593,44.386108,6.573577,2023-09-04,['4459996593_1'],['https://observation.org/photos/76671389.jpg']
4460010311,44.386146,6.573528,2023-09-04,['4460010311_1'],['https://observation.org/photos/76671388.jpg']
4460256119,44.307128,3.253981,2023-09-03,"['4460256119_1', '4460256119_2', '4460256119_3']","['https://observation.org/photos/77617519.jpg', 'https://observation.org/photos/77617520.jpg', 'https://observation.org/photos/77617521.jpg']"
4460387725,45.93689,6.853224,2023-09-15,['4460387725_1'],['https://observation.org/photos/77356600.jpg']
4460450768,41.734725,14.013189,2023-09-18,['4460450768_1'],['https://observation.org/photos/77615152.jpg']
4461425136,46.202968,3.665169,2023-09-07,['4461425136_1'],['https://observation.org/photos/76891398.jpg']
4461721139,46.117889,2.598406,2023-09-07,['4461721139_1'],['https://observation.org/photos/76848083.jpg']
4607099660,42.26245,12.178054,2023-09-14T20:07,['4607099660_1'],['https://inaturalist-open-data.s3.amazonaws.com/photos/362916385/original.png']
4863367602,46.128116,6.992933,2023-09-02T09:50:07,['4863367602_1'],['https://inaturalist-open-data.s3.amazonaws.com/photos/381392673/original.jpg']
5063030722,46.010732,6.883739,2023-09-20T18:01,['5063030722_1'],['https://inaturalist-open-data.s3.amazonaws.com/photos/464093801/original.jpg']
5230829439,41.855129,14.657707,2023-09-14T13:36:43,['5230829439_1'],['https://inaturalist-open-data.s3.amazonaws.com/photos/319583152/original.jpeg']
6184934268,43.77928,3.81335,2023-09-28,['6184934268_1'],['https://inaturalist-open-data.s3.amazonaws.com/photos/438455942/original.jpeg']
4421133972,43.712006,6.984372,2023-10-01T16:33:26,"['4421133972_1', '4421133972_2', '4421133972_3', '4421133972_4', '4421133972_5', '4421133972_6', '4421133972_7']","['https://inaturalist-open-data.s3.amazonaws.com/photos/324782147/original.jpeg', 'https://inaturalist-open-data.s3.amazonaws.com/photos/324782173/original.jpeg', 'https://inaturalist-open-data.s3.amazonaws.com/photos/324782196/original.jpeg', 'https://inaturalist-open-data.s3.amazonaws.com/photos/324782226/original.jpeg', 'https://inaturalist-open-data.s3.amazonaws.com/photos/324782246/original.jpeg', 'https://inaturalist-open-data.s3.amazonaws.com/photos/324782261/original.jpeg', 'https://inaturalist-open-data.s3.amazonaws.com/photos/324782290/original.jpeg']"
4424120299,46.166553,11.113163,2023-10-02T14:12,['4424120299_1'],['https://inaturalist-open-data.s3.amazonaws.com/photos/325246783/original.jpg']
4424138100,38.498363,16.387001,2023-10-08T09:38,['4424138100_1'],['https://inaturalist-open-data.s3.amazonaws.com/photos/326572326/original.png']
4424237061,42.621728,12.811102,2023-10-07T14:15:40,['4424237061_1'],['https://inaturalist-open-data.s3.amazonaws.com/photos/325999351/original.jpg']
4424237103,42.597011,0.539814,2023-10-08T13:34:33,['4424237103_1'],['https://inaturalist-open-data.s3.amazonaws.com/photos/326414880/original.jpeg']
4424344309,46.077106,11.04529,2023-10-04T08:58,['4424344309_1'],['https://inaturalist-open-data.s3.amazonaws.com/photos/325555232/original.jpg']
4424399003,46.245471,7.608544,2023-10-04T13:07:25,['4424399003_1'],['https://inaturalist-open-data.s3.amazonaws.com/photos/325445287/original.jpg']
4424482051,43.62045,11.635022,2023-10-04T14:24:41,"['4424482051_1', '4424482051_2', '4424482051_3', '4424482051_4']","['https://inaturalist-open-data.s3.amazonaws.com/photos/325262450/original.jpg', 'https://inaturalist-open-data.s3.amazonaws.com/photos/325262466/original.jpg', 'https://inaturalist-open-data.s3.amazonaws.com/photos/325262478/original.jpg', 'https://inaturalist-open-data.s3.amazonaws.com/photos/325264079/original.jpg']"
4424627074,45.768302,7.443196,2023-10-04T13:16:44,"['4424627074_1', '4424627074_2']","['https://inaturalist-open-data.s3.amazonaws.com/photos/326296531/original.jpeg', 'https://inaturalist-open-data.s3.amazonaws.com/photos/326296565/original.jpeg']"
4424646730,46.68655,7.951062,2023-10-06T13:08:20,"['4424646730_1', '4424646730_2']","['https://inaturalist-open-data.s3.amazonaws.com/photos/325838990/original.jpg', 'https://inaturalist-open-data.s3.amazonaws.com/photos/326003139/original.jpg']"
4424673817,38.488159,16.387541,2023-10-08T11:07:06,['4424673817_1'],['https://inaturalist-open-data.s3.amazonaws.com/photos/326270065/original.jpeg']
4431042754,42.873814,-2.725335,2023-10-13T21:11:38,['4431042754_1'],['https://inaturalist-open-data.s3.amazonaws.com/photos/327753342/original.jpeg']
4431111945,42.731904,11.551351,2023-10-16T15:02,['4431111945_1'],['https://inaturalist-open-data.s3.amazonaws.com/photos/328545235/original.jpg']
4431153155,40.446595,15.058647,2023-10-20T11:22:15,['4431153155_1'],['https://inaturalist-open-data.s3.amazonaws.com/photos/329411966/original.jpg']
4436210275,43.820046,11.201891,2023-10-26T13:27,['4436210275_1'],['https://inaturalist-open-data.s3.amazonaws.com/photos/331658453/original.jpeg']
4436232750,43.763671,3.744258,2023-10-20T11:53,['4436232750_1'],['https://inaturalist-open-data.s3.amazonaws.com/photos/331259078/original.jpg']
4436334702,43.821599,3.574341,2023-10-28T10:45,['4436334702_1'],['https://inaturalist-open-data.s3.amazonaws.com/photos/332079414/original.jpeg']
4436419111,43.697777,3.771352,2023-10-22T15:02,['4436419111_1'],['https://inaturalist-open-data.s3.amazonaws.com/photos/331258786/original.jpg']
4436421243,43.956079,3.324788,2023-10-27T14:38,"['4436421243_1', '4436421243_2']","['https://inaturalist-open-data.s3.amazonaws.com/photos/331252798/original.jpg', 'https://inaturalist-open-data.s3.amazonaws.com/photos/331255342/original.jpg']"
4436450580,43.866343,3.312626,2023-10-27T13:40,"['4436450580_1', '4436450580_2']","['https://inaturalist-open-data.s3.amazonaws.com/photos/331252606/original.jpg', 'https://inaturalist-open-data.s3.amazonaws.com/photos/331253762/original.jpg']"
4436450599,43.740096,3.795426,2023-10-19T20:52,['4436450599_1'],['https://inaturalist-open-data.s3.amazonaws.com/photos/331258471/original.jpg']
4438786481,44.552535,3.576284,2023-10-28T14:49,['4438786481_1'],['https://inaturalist-open-data.s3.amazonaws.com/photos/332658715/original.jpg']
4438803223,41.98222,12.151766,2023-10-30T14:10,['4438803223_1'],['https://inaturalist-open-data.s3.amazonaws.com/photos/332344646/original.jpeg']
4440657621,46.287529,6.296467,2023-10-07T16:42,['4440657621_1'],['https://inaturalist-open-data.s3.amazonaws.com/photos/334752745/original.jpeg']
4440821777,43.740525,3.731652,2023-10-25T17:06,['4440821777_1'],['https://inaturalist-open-data.s3.amazonaws.com/photos/335015111/original.jpeg']
4458470306,44.053181,5.390535,2023-10-08T09:11:16,"['4458470306_1', '4458470306_2']","['https://inaturalist-open-data.s3.amazonaws.com/photos/338365786/original.jpeg', 'https://inaturalist-open-data.s3.amazonaws.com/photos/338365803/original.jpeg']"
4459634311,43.107025,1.973848,2023-10-08,['4459634311_1'],['https://observation.org/photos/79860955.jpg']
4459836233,44.331967,8.383156,2023-10-09,['4459836233_1'],['https://observation.org/photos/78781504.jpg']
4460551315,44.61928,6.3413,2023-10-05,['4460551315_1'],['https://observation.org/photos/78535746.jpg']
4461613774,44.864822,3.100208,2023-10-29,['4461613774_1'],['https://observation.org/photos/80063423.jpg']
4461821408,44.43,8.23,2023-10-09,['4461821408_1'],['https://observation.org/photos/78781383.jpg']
4461868811,44.704017,4.45543,2023-10-21,['4461868811_1'],['https://observation.org/photos/79571356.jpg']
4462501122,44.865623,3.100868,2023-10-29,['4462501122_1'],['https://observation.org/photos/80063604.jpg']
4863398418,45.566126,6.61189,2023-10-28T11:02,"['4863398418_1', '4863398418_2', '4863398418_3']","['https://inaturalist-open-data.s3.amazonaws.com/photos/379642705/original.jpg', 'https://inaturalist-open-data.s3.amazonaws.com/photos/379641388/original.jpg', 'https://inaturalist-open-data.s3.amazonaws.com/photos/379642721/original.jpg']"
4872446262,48.004716,-0.402744,2023-10-01T12:32:57,"['4872446262_1', '4872446262_2', '4872446262_3']","['https://inaturalist-open-data.s3.amazonaws.com/photos/386402528/original.jpeg', 'https://inaturalist-open-data.s3.amazonaws.com/photos/386402619/original.jpeg', 'https://inaturalist-open-data.s3.amazonaws.com/photos/386402719/original.jpeg']"
4952724477,44.190485,9.654182,2023-10-05T14:12,['4952724477_1'],['https://inaturalist-open-data.s3.amazonaws.com/photos/435567585/original.jpeg']
5293072743,46.567964,1.699939,2023-10-25T13:06,['5293072743_1'],['https://inaturalist-open-data.s3.amazonaws.com/photos/554210908/original.jpg']
5837952724,46.105725,10.85902,2023-10-04T17:30:01,"['5837952724_1', '5837952724_2']","['https://inaturalist-open-data.s3.amazonaws.com/photos/574157152/original.jpg', 'https://inaturalist-open-data.s3.amazonaws.com/photos/574157172/original.jpg']"
4438773256,41.468451,12.717873,2023-11-07T16:39,['4438773256_1'],['https://inaturalist-open-data.s3.amazonaws.com/photos/333652713/original.jpg']
4438839976,43.939471,-0.23649,2023-11-01T18:11,['4438839976_1'],['https://inaturalist-open-data.s3.amazonaws.com/photos/332532352/original.jpg']
4438899760,40.352149,16.085144,2023-11-01T14:15:02,['4438899760_1'],['https://inaturalist-open-data.s3.amazonaws.com/photos/332306454/original.jpeg']
4438956755,40.460157,15.550733,2023-11-01T11:48:33,"['4438956755_1', '4438956755_2', '4438956755_3', '4438956755_4', '4438956755_5', '4438956755_6', '4438956755_7']","['https://inaturalist-open-data.s3.amazonaws.com/photos/332486728/original.jpeg', 'https://inaturalist-open-data.s3.amazonaws.com/photos/332486755/original.jpeg', 'https://inaturalist-open-data.s3.amazonaws.com/photos/332486777/original.jpeg', 'https://inaturalist-open-data.s3.amazonaws.com/photos/332486790/original.jpeg', 'https://inaturalist-open-data.s3.amazonaws.com/photos/332486808/original.jpeg', 'https://inaturalist-open-data.s3.amazonaws.com/photos/332486822/original.jpeg', 'https://inaturalist-open-data.s3.amazonaws.com/photos/332486842/original.jpeg']"
4440700181,43.755496,3.828994,2023-11-07T16:01,"['4440700181_1', '4440700181_2']","['https://inaturalist-open-data.s3.amazonaws.com/photos/333930144/original.jpg', 'https://inaturalist-open-data.s3.amazonaws.com/photos/355338845/original.jpg']"
4440758836,43.021051,12.066544,2023-11-11T13:24:26,"['4440758836_1', '4440758836_2']","['https://inaturalist-open-data.s3.amazonaws.com/photos/334303603/original.jpg', 'https://inaturalist-open-data.s3.amazonaws.com/photos/334303620/original.jpg']"
4440772449,48.401107,2.674877,2023-11-10T15:06,"['4440772449_1', '4440772449_2']","['https://inaturalist-open-data.s3.amazonaws.com/photos/334147134/original.jpeg', 'https://inaturalist-open-data.s3.amazonaws.com/photos/334148714/original.jpeg']"
4440786266,43.738297,3.859612,2023-11-07T13:52,['4440786266_1'],['https://inaturalist-open-data.s3.amazonaws.com/photos/333930028/original.jpg']
4440879472,48.400588,2.67173,2023-11-10T14:54,"['4440879472_1', '4440879472_2', '4440879472_3']","['https://inaturalist-open-data.s3.amazonaws.com/photos/334132636/original.jpeg', 'https://inaturalist-open-data.s3.amazonaws.com/photos/334132633/original.jpeg', 'https://inaturalist-open-data.s3.amazonaws.com/photos/334132691/original.jpeg']"
4440881882,48.400486,2.670394,2023-11-10T14:01:47,"['4440881882_1', '4440881882_2']","['https://inaturalist-open-data.s3.amazonaws.com/photos/334118939/original.jpeg', 'https://inaturalist-open-data.s3.amazonaws.com/photos/334145886/original.jpeg']"
4440960034,42.069326,13.190245,2023-11-11T11:06,"['4440960034_1', '4440960034_2', '4440960034_3']","['https://inaturalist-open-data.s3.amazonaws.com/photos/334338638/original.jpeg', 'https://inaturalist-open-data.s3.amazonaws.com/photos/334338798/original.jpeg', 'https://inaturalist-open-data.s3.amazonaws.com/photos/334338814/original.jpeg']"
4440983382,43.745512,3.604295,2023-11-11T15:30,"['4440983382_1', '4440983382_2']","['https://inaturalist-open-data.s3.amazonaws.com/photos/334410349/original.jpg', 'https://inaturalist-open-data.s3.amazonaws.com/photos/334410656/original.jpg']"
4442419307,43.674376,3.495492,2023-11-13T16:23,['4442419307_1'],['https://inaturalist-open-data.s3.amazonaws.com/photos/335187345/original.jpg']
4442451517,45.228187,5.708257,2023-11-19T11:28,['4442451517_1'],['https://inaturalist-open-data.s3.amazonaws.com/photos/336110230/original.jpeg']
4442452352,42.664275,-2.291278,2023-11-08T14:03,['4442452352_1'],['https://inaturalist-open-data.s3.amazonaws.com/photos/334493744/original.jpeg']
4442458968,43.691795,3.5562,2023-11-16T16:55,['4442458968_1'],['https://inaturalist-open-data.s3.amazonaws.com/photos/335349695/original.jpg']
4453763087,43.677007,3.672287,2023-11-25T14:57,['4453763087_1'],['https://inaturalist-open-data.s3.amazonaws.com/photos/337379215/original.jpg']
4454055377,43.687278,3.645381,2023-11-25T11:58,"['4454055377_1', '4454055377_2']","['https://inaturalist-open-data.s3.amazonaws.com/photos/337378779/original.jpg', 'https://inaturalist-open-data.s3.amazonaws.com/photos/337378997/original.jpg']"
4458381061,41.291803,13.499591,2023-11-23,['4458381061_1'],['https://inaturalist-open-data.s3.amazonaws.com/photos/338264593/original.jpeg']
4462196783,42.6,-2.35,2023-11-08,['4462196783_1'],['https://observation.org/photos/80737922.jpg']
4462559889,45.978539,1.174041,2023-11-19,['4462559889_1'],['https://observation.org/photos/81223365.jpg']
4506511718,41.291896,13.49972,2023-11-25,['4506511718_1'],['https://inaturalist-open-data.s3.amazonaws.com/photos/342537564/original.jpeg']
4872195959,37.737229,14.951369,2023-11-05T15:00,['4872195959_1'],['https://inaturalist-open-data.s3.amazonaws.com/photos/333212573/original.jpeg']
5292444857,43.29093,10.578663,2023-11-08T13:53:58,['5292444857_1'],['https://inaturalist-open-data.s3.amazonaws.com/photos/550301177/original.jpg']
4465480065,43.652474,3.698542,2023-12-11T14:30,"['4465480065_1', '4465480065_2']","['https://inaturalist-open-data.s3.amazonaws.com/photos/340315372/original.jpeg', 'https://inaturalist-open-data.s3.amazonaws.com/photos/340315380/original.jpeg']"
4506510032,43.678844,3.771466,2023-12-26T13:45,"['4506510032_1', '4506510032_2', '4506510032_3', '4506510032_4']","['https://inaturalist-open-data.s3.amazonaws.com/photos/342744948/original.jpg', 'https://inaturalist-open-data.s3.amazonaws.com/photos/342745518/original.jpg', 'https://inaturalist-open-data.s3.amazonaws.com/photos/342745642/original.jpg', 'https://inaturalist-open-data.s3.amazonaws.com/photos/342745843/original.jpg']"
4890396861,43.824948,5.478787,2023-12-10,['4890396861_1'],['https://observation.org/photos/81746719.jpg']
6171324069,45.792331,5.27766,2023-12-20T15:07,"['6171324069_1', '6171324069_2', '6171324069_3']","['https://inaturalist-open-data.s3.amazonaws.com/photos/341779621/original.jpeg', 'https://inaturalist-open-data.s3.amazonaws.com/photos/341779705/original.jpeg', 'https://inaturalist-open-data.s3.amazonaws.com/photos/341779611/original.jpeg']"
3466005092,46.284207,11.457644,2022-01-18T10:30,['3466005092_1'],['https://inaturalist-open-data.s3.amazonaws.com/photos/176814583/original.jpeg']
3723522601,41.95,2.15,2022-01-29,"['3723522601_1', '3723522601_2', '3723522601_3']","['https://observation.org/photos/46218342.jpg', 'https://observation.org/photos/46218343.jpg', 'https://observation.org/photos/46218344.jpg']"
3499666973,43.790945,6.257442,2022-02-13T15:37,['3499666973_1'],['https://inaturalist-open-data.s3.amazonaws.com/photos/179363022/original.jpeg']
3712683216,42.548563,11.191212,2022-03-09T17:42,['3712683216_1'],['https://inaturalist-open-data.s3.amazonaws.com/photos/182245752/original.jpeg']
3743247902,46.068759,6.183339,2022-03-16T13:42:31,"['3743247902_1', '3743247902_2', '3743247902_3']","['https://inaturalist-open-data.s3.amazonaws.com/photos/183231603/original.jpeg', 'https://inaturalist-open-data.s3.amazonaws.com/photos/183231607/original.jpeg', 'https://inaturalist-open-data.s3.amazonaws.com/photos/183231616/original.jpeg']"
3743266387,46.103451,6.097396,2022-03-16T12:48:14,"['3743266387_1', '3743266387_2']","['https://inaturalist-open-data.s3.amazonaws.com/photos/183232509/original.jpeg', 'https://inaturalist-open-data.s3.amazonaws.com/photos/183232514/original.jpeg']"
3743275242,47.100627,-1.127929,2022-03-16T11:12:13,"['3743275242_1', '3743275242_2']","['https://inaturalist-open-data.s3.amazonaws.com/photos/183099142/original.jpeg', 'https://inaturalist-open-data.s3.amazonaws.com/photos/183099149/original.jpeg']"
3743299908,46.150719,6.118197,2022-03-16T14:42:33,['3743299908_1'],['https://inaturalist-open-data.s3.amazonaws.com/photos/183113062/original.jpeg']
3743326839,45.92904,10.902781,2022-03-13T13:05,['3743326839_1'],['https://inaturalist-open-data.s3.amazonaws.com/photos/182748461/original.jpeg']
3743386302,46.175389,6.05297,2022-03-16T14:39:04,['3743386302_1'],['https://inaturalist-open-data.s3.amazonaws.com/photos/183231077/original.jpeg']
3747057812,45.747741,7.491098,2022-03-18T09:24:01,"['3747057812_1', '3747057812_2', '3747057812_3']","['https://inaturalist-open-data.s3.amazonaws.com/photos/184034594/original.jpeg', 'https://inaturalist-open-data.s3.amazonaws.com/photos/184034600/original.jpeg', 'https://inaturalist-open-data.s3.amazonaws.com/photos/184034618/original.jpeg']"
3747123443,45.783522,10.908978,2022-03-24T14:01:41,['3747123443_1'],['https://inaturalist-open-data.s3.amazonaws.com/photos/184338032/original.jpg']
3747240260,45.783522,10.908978,2022-03-24T14:16:39,['3747240260_1'],['https://inaturalist-open-data.s3.amazonaws.com/photos/184337742/original.jpg']
3759080236,49.098479,6.155094,2022-03-26T14:02:18,['3759080236_1'],['https://inaturalist-open-data.s3.amazonaws.com/photos/185036814/original.jpg']
3759176292,45.814545,6.955425,2022-03-29T16:55:01,['3759176292_1'],['https://inaturalist-open-data.s3.amazonaws.com/photos/185200219/original.jpg']
3759223432,45.713662,7.43365,2022-03-30T10:52:17,"['3759223432_1', '3759223432_2', '3759223432_3', '3759223432_4', '3759223432_5']","['https://inaturalist-open-data.s3.amazonaws.com/photos/185371867/original.jpeg', 'https://inaturalist-open-data.s3.amazonaws.com/photos/185371909/original.jpeg', 'https://inaturalist-open-data.s3.amazonaws.com/photos/185371953/original.jpeg', 'https://inaturalist-open-data.s3.amazonaws.com/photos/185372015/original.jpeg', 'https://inaturalist-open-data.s3.amazonaws.com/photos/185372063/original.jpeg']"
3759236341,47.201656,-0.986981,2022-03-28,['3759236341_1'],['https://inaturalist-open-data.s3.amazonaws.com/photos/185332369/original.jpeg']
3759247621,42.738573,1.517761,2022-03-26T09:58Z,"['3759247621_1', '3759247621_2']","['https://inaturalist-open-data.s3.amazonaws.com/photos/185705909/original.jpeg', 'https://inaturalist-open-data.s3.amazonaws.com/photos/185705932/original.jpeg']"
3759516514,46.071722,6.086707,2022-03-28T13:01,"['3759516514_1', '3759516514_2']","['https://inaturalist-open-data.s3.amazonaws.com/photos/185505312/original.jpeg', 'https://inaturalist-open-data.s3.amazonaws.com/photos/185505324/original.jpeg']"
3759531261,47.334774,-1.788939,2022-03-25T12:33,['3759531261_1'],['https://inaturalist-open-data.s3.amazonaws.com/photos/185072222/original.jpeg']
3759552516,46.053224,6.091764,2022-03-28T12:22,"['3759552516_1', '3759552516_2', '3759552516_3', '3759552516_4']","['https://inaturalist-open-data.s3.amazonaws.com/photos/185505239/original.jpeg', 'https://inaturalist-open-data.s3.amazonaws.com/photos/185505245/original.jpeg', 'https://inaturalist-open-data.s3.amazonaws.com/photos/185505250/original.jpeg', 'https://inaturalist-open-data.s3.amazonaws.com/photos/185505262/original.jpeg']"
3759573445,46.168222,6.081323,2022-03-28T14:57,"['3759573445_1', '3759573445_2', '3759573445_3']","['https://inaturalist-open-data.s3.amazonaws.com/photos/185508636/original.jpeg', 'https://inaturalist-open-data.s3.amazonaws.com/photos/185508649/original.jpeg', 'https://inaturalist-open-data.s3.amazonaws.com/photos/185508662/original.jpeg']"
3759646955,46.077803,6.088612,2022-03-26T15:14Z,"['3759646955_1', '3759646955_2', '3759646955_3', '3759646955_4', '3759646955_5', '3759646955_6', '3759646955_7', '3759646955_8', '3759646955_9', '3759646955_10']","['https://inaturalist-open-data.s3.amazonaws.com/photos/187248056/original.jpeg', 'https://inaturalist-open-data.s3.amazonaws.com/photos/187248068/original.jpeg', 'https://inaturalist-open-data.s3.amazonaws.com/photos/187248078/original.jpeg', 'https://inaturalist-open-data.s3.amazonaws.com/photos/187248102/original.jpeg', 'https://inaturalist-open-data.s3.amazonaws.com/photos/187248115/original.jpeg', 'https://inaturalist-open-data.s3.amazonaws.com/photos/187248138/original.jpeg', 'https://inaturalist-open-data.s3.amazonaws.com/photos/187248147/original.jpeg', 'https://inaturalist-open-data.s3.amazonaws.com/photos/187248162/original.jpeg', 'https://inaturalist-open-data.s3.amazonaws.com/photos/187298605/original.jpeg', 'https://inaturalist-open-data.s3.amazonaws.com/photos/187298627/original.jpeg']"
3759664520,46.111178,6.029303,2022-03-28T12:46,"['3759664520_1', '3759664520_2', '3759664520_3', '3759664520_4', '3759664520_5']","['https://inaturalist-open-data.s3.amazonaws.com/photos/185505271/original.jpeg', 'https://inaturalist-open-data.s3.amazonaws.com/photos/185505279/original.jpeg', 'https://inaturalist-open-data.s3.amazonaws.com/photos/185505288/original.jpeg', 'https://inaturalist-open-data.s3.amazonaws.com/photos/185506984/original.jpeg', 'https://inaturalist-open-data.s3.amazonaws.com/photos/185506999/original.jpeg']"
3759877236,49.120743,6.162379,2022-03-26T12:49:24,['3759877236_1'],['https://inaturalist-open-data.s3.amazonaws.com/photos/185036908/original.jpg']
3759903154,46.004219,-1.327217,2022-03-28T15:55:38,"['3759903154_1', '3759903154_2', '3759903154_3']","['https://inaturalist-open-data.s3.amazonaws.com/photos/185036923/original.jpeg', 'https://inaturalist-open-data.s3.amazonaws.com/photos/185036936/original.jpeg', 'https://inaturalist-open-data.s3.amazonaws.com/photos/185036946/original.jpeg']"
3759903323,45.783612,10.909296,2022-03-29T13:14:52,['3759903323_1'],['https://inaturalist-open-data.s3.amazonaws.com/photos/185187505/original.jpg']
3759928365,44.046298,4.404881,2022-03-24T19:06,['3759928365_1'],['https://inaturalist-open-data.s3.amazonaws.com/photos/185375119/original.jpg']
3760141932,46.129808,6.013283,2022-03-28T10:15,"['3760141932_1', '3760141932_2']","['https://inaturalist-open-data.s3.amazonaws.com/photos/186257246/original.jpg', 'https://inaturalist-open-data.s3.amazonaws.com/photos/186257436/original.jpg']"
4507879174,44.616357,2.894438,2022-03-27T14:49,['4507879174_1'],['https://inaturalist-open-data.s3.amazonaws.com/photos/343252043/original.jpg']
4535608525,48.556647,-1.974746,2022-03-23T18:13Z,"['4535608525_1', '4535608525_2', '4535608525_3']","['https://inaturalist-open-data.s3.amazonaws.com/photos/184228655/original.jpeg', 'https://inaturalist-open-data.s3.amazonaws.com/photos/184228724/original.jpeg', 'https://inaturalist-open-data.s3.amazonaws.com/photos/184228934/original.jpeg']"
4535627536,48.557582,-1.968436,2022-03-23T16:52Z,['4535627536_1'],['https://inaturalist-open-data.s3.amazonaws.com/photos/184296661/original.jpeg']
4535628579,48.556932,-1.974313,2022-03-23T17:45Z,"['4535628579_1', '4535628579_2', '4535628579_3', '4535628579_4']","['https://inaturalist-open-data.s3.amazonaws.com/photos/184227732/original.jpeg', 'https://inaturalist-open-data.s3.amazonaws.com/photos/184228065/original.jpeg', 'https://inaturalist-open-data.s3.amazonaws.com/photos/184228175/original.jpeg', 'https://inaturalist-open-data.s3.amazonaws.com/photos/184228446/original.jpeg']"
4535866564,48.55616,-1.976929,2022-03-23T18:37Z,"['4535866564_1', '4535866564_2']","['https://inaturalist-open-data.s3.amazonaws.com/photos/184227351/original.jpeg', 'https://inaturalist-open-data.s3.amazonaws.com/photos/184227621/original.jpeg']"
4936430737,44.435461,11.435742,2022-03-12T15:41,['4936430737_1'],['https://inaturalist-open-data.s3.amazonaws.com/photos/182563495/original.png']
6185337342,47.792533,1.094392,2022-03-10T15:01,['6185337342_1'],['https://inaturalist-open-data.s3.amazonaws.com/photos/629557654/original.jpg']
3759226992,46.281426,11.539907,2022-04-05T13:30,['3759226992_1'],['https://inaturalist-open-data.s3.amazonaws.com/photos/186433816/original.jpeg']
3759320199,47.473164,1.875139,2022-04-16T17:14:14,['3759320199_1'],['https://inaturalist-open-data.s3.amazonaws.com/photos/188497133/original.jpg']
3759353711,45.898093,8.106523,2022-04-11T10:07:11,"['3759353711_1', '3759353711_2', '3759353711_3', '3759353711_4']","['https://inaturalist-open-data.s3.amazonaws.com/photos/187670700/original.jpeg', 'https://inaturalist-open-data.s3.amazonaws.com/photos/187670716/original.jpeg', 'https://inaturalist-open-data.s3.amazonaws.com/photos/187670726/original.jpeg', 'https://inaturalist-open-data.s3.amazonaws.com/photos/187670750/original.jpeg']"
3759385998,45.744567,11.050023,2022-04-15T12:45,['3759385998_1'],['https://inaturalist-open-data.s3.amazonaws.com/photos/188336760/original.jpeg']
3759426432,46.512124,6.630941,2022-04-10T14:00,['3759426432_1'],['https://inaturalist-open-data.s3.amazonaws.com/photos/187264909/original.jpg']
3759445503,43.047828,13.516795,2022-04-19T14:09:21,['3759445503_1'],['https://inaturalist-open-data.s3.amazonaws.com/photos/189207109/original.jpg']
3759712551,46.87648,-2.130475,2022-04-18T16:59:54,"['3759712551_1', '3759712551_2']","['https://inaturalist-open-data.s3.amazonaws.com/photos/189689367/original.jpg', 'https://inaturalist-open-data.s3.amazonaws.com/photos/189689388/original.jpg']"
3759917861,40.819187,14.413977,2022-04-14T18:11:33,"['3759917861_1', '3759917861_2']","['https://inaturalist-open-data.s3.amazonaws.com/photos/188127973/original.jpg', 'https://inaturalist-open-data.s3.amazonaws.com/photos/188127996/original.jpg']"
3759956791,46.009639,7.17542,2022-04-03T16:00,"['3759956791_1', '3759956791_2', '3759956791_3']","['https://inaturalist-open-data.s3.amazonaws.com/photos/186042048/original.jpg', 'https://inaturalist-open-data.s3.amazonaws.com/photos/186042069/original.jpg', 'https://inaturalist-open-data.s3.amazonaws.com/photos/186042096/original.jpg']"
3759982448,43.577294,1.864568,2022-04-10T17:35:41,"['3759982448_1', '3759982448_2']","['https://inaturalist-open-data.s3.amazonaws.com/photos/187271677/original.jpg', 'https://inaturalist-open-data.s3.amazonaws.com/photos/187271728/original.jpg']"
3760131538,49.026907,6.043638,2022-04-11T15:32:35,['3760131538_1'],['https://inaturalist-open-data.s3.amazonaws.com/photos/187505996/original.jpeg']
3760132093,44.461722,7.003125,2022-04-16T14:46:48,['3760132093_1'],['https://inaturalist-open-data.s3.amazonaws.com/photos/188472763/original.jpg']
3760136411,42.70483,-3.926041,2022-04-13T11:38Z,['3760136411_1'],['https://inaturalist-open-data.s3.amazonaws.com/photos/188986274/original.jpg']
3760244345,47.943265,7.260422,2022-04-16T13:16,"['3760244345_1', '3760244345_2']","['https://inaturalist-open-data.s3.amazonaws.com/photos/188815670/original.jpeg', 'https://inaturalist-open-data.s3.amazonaws.com/photos/188816142/original.jpeg']"
3760385475,46.483603,6.640384,2022-04-10T13:37:07,['3760385475_1'],['https://inaturalist-open-data.s3.amazonaws.com/photos/187265957/original.jpg']
3764087978,48.374718,2.513703,2022-04-21T17:21:31,['3764087978_1'],['https://inaturalist-open-data.s3.amazonaws.com/photos/190705232/original.jpeg']
3764092677,43.551822,10.94798,2022-04-15T15:47,"['3764092677_1', '3764092677_2', '3764092677_3', '3764092677_4']","['https://inaturalist-open-data.s3.amazonaws.com/photos/190116945/original.jpg', 'https://inaturalist-open-data.s3.amazonaws.com/photos/190116893/original.jpg', 'https://inaturalist-open-data.s3.amazonaws.com/photos/190117071/original.jpg', 'https://inaturalist-open-data.s3.amazonaws.com/photos/190117084/original.jpg']"
3764118169,42.26288,12.946039,2022-04-24T10:14,['3764118169_1'],['https://inaturalist-open-data.s3.amazonaws.com/photos/191085907/original.jpeg']
3764133485,47.187296,-1.005408,2022-04-22T12:42:56,"['3764133485_1', '3764133485_2', '3764133485_3']","['https://inaturalist-open-data.s3.amazonaws.com/photos/189803817/original.jpeg', 'https://inaturalist-open-data.s3.amazonaws.com/photos/189803832/original.jpeg', 'https://inaturalist-open-data.s3.amazonaws.com/photos/189803845/original.jpeg']"
3764170147,43.43142,2.097083,2022-04-26T15:11:49,['3764170147_1'],['https://inaturalist-open-data.s3.amazonaws.com/photos/191029407/original.jpg']
3764191920,47.792593,1.707677,2022-04-25T20:25:09,['3764191920_1'],['https://inaturalist-open-data.s3.amazonaws.com/photos/190676527/original.jpg']
3764208920,45.816293,10.86895,2022-04-24,['3764208920_1'],['https://inaturalist-open-data.s3.amazonaws.com/photos/190569230/original.jpeg']
3764212565,45.676972,7.832193,2022-04-18T22:21,['3764212565_1'],['https://inaturalist-open-data.s3.amazonaws.com/photos/189904105/original.jpg']
3764412327,46.755941,-1.724734,2022-04-28T16:17:49,['3764412327_1'],['https://inaturalist-open-data.s3.amazonaws.com/photos/191299816/original.jpeg']
3764483925,45.963991,9.963666,2022-04-25T13:00,['3764483925_1'],['https://inaturalist-open-data.s3.amazonaws.com/photos/190615830/original.jpeg']
3772451084,41.845815,13.251845,2022-04-30,"['3772451084_1', '3772451084_2']","['https://inaturalist-open-data.s3.amazonaws.com/photos/192927581/original.jpeg', 'https://inaturalist-open-data.s3.amazonaws.com/photos/192927830/original.jpeg']"
3772586543,42.956497,10.488672,2022-04-15T14:56:52,"['3772586543_1', '3772586543_2']","['https://inaturalist-open-data.s3.amazonaws.com/photos/194385213/original.jpg', 'https://inaturalist-open-data.s3.amazonaws.com/photos/194385143/original.jpg']"
3772614974,44.504617,5.560666,2022-04-30T15:01:47,['3772614974_1'],['https://inaturalist-open-data.s3.amazonaws.com/photos/192976690/original.jpeg']
3772780677,42.724764,13.483301,2022-04-14T08:54:18,['3772780677_1'],['https://inaturalist-open-data.s3.amazonaws.com/photos/191518969/original.jpg']
3772798652,41.780277,13.66346,2022-04-29T11:01,['3772798652_1'],['https://inaturalist-open-data.s3.amazonaws.com/photos/191524729/original.jpeg']
3773125934,46.140953,7.113449,2022-04-14T10:54:22,['3773125934_1'],['https://inaturalist-open-data.s3.amazonaws.com/photos/194979440/original.jpg']
3773455994,46.172424,7.079988,2022-04-19T12:27:35,['3773455994_1'],['https://inaturalist-open-data.s3.amazonaws.com/photos/194982353/original.jpg']
3802760907,47.937448,7.264115,2022-04-27T10:48,['3802760907_1'],['https://inaturalist-open-data.s3.amazonaws.com/photos/200722899/original.jpg']
3802761915,47.937481,7.264203,2022-04-27T10:50,['3802761915_1'],['https://inaturalist-open-data.s3.amazonaws.com/photos/200723431/original.jpg']
3823246800,47.119465,4.222202,2022-04-14,['3823246800_1'],['https://observation.org/photos/47951249.jpg']
3860583850,45.722937,8.613162,2022-04-30,['3860583850_1'],['https://inaturalist-open-data.s3.amazonaws.com/photos/202134726/original.jpg']
3881423941,42.133846,12.077699,2022-04-16T12:31,"['3881423941_1', '3881423941_2', '3881423941_3', '3881423941_4', '3881423941_5', '3881423941_6', '3881423941_7', '3881423941_8', '3881423941_9', '3881423941_10', '3881423941_11', '3881423941_12', '3881423941_13']","['https://inaturalist-open-data.s3.amazonaws.com/photos/218416515/original.jpg', 'https://inaturalist-open-data.s3.amazonaws.com/photos/218417296/original.jpg', 'https://inaturalist-open-data.s3.amazonaws.com/photos/218417299/original.jpg', 'https://inaturalist-open-data.s3.amazonaws.com/photos/218417342/original.jpg', 'https://inaturalist-open-data.s3.amazonaws.com/photos/218417421/original.jpg', 'https://inaturalist-open-data.s3.amazonaws.com/photos/218417496/original.jpg', 'https://inaturalist-open-data.s3.amazonaws.com/photos/218417508/original.jpg', 'https://inaturalist-open-data.s3.amazonaws.com/photos/218417519/original.jpg', 'https://inaturalist-open-data.s3.amazonaws.com/photos/218417543/original.jpg', 'https://inaturalist-open-data.s3.amazonaws.com/photos/218417573/original.jpg', 'https://inaturalist-open-data.s3.amazonaws.com/photos/218417612/original.jpg', 'https://inaturalist-open-data.s3.amazonaws.com/photos/218417615/original.jpg', 'https://inaturalist-open-data.s3.amazonaws.com/photos/218417630/original.jpg']"
3881533989,42.487759,12.026135,2022-04-19T13:32,['3881533989_1'],['https://inaturalist-open-data.s3.amazonaws.com/photos/219526108/original.jpg']
3892403124,41.868328,2.417988,2022-04-16T17:36:33,['3892403124_1'],['https://inaturalist-open-data.s3.amazonaws.com/photos/222724218/original.jpg']
3892671873,42.605696,12.009748,2022-04-28,['3892671873_1'],['https://inaturalist-open-data.s3.amazonaws.com/photos/222148908/original.jpg']
3902203271,45.470128,0.381639,2022-04-21T13:31:09,['3902203271_1'],['https://inaturalist-open-data.s3.amazonaws.com/photos/223532153/original.jpeg']
3902506551,45.469801,0.381948,2022-04-21T14:03:43,"['3902506551_1', '3902506551_2']","['https://inaturalist-open-data.s3.amazonaws.com/photos/223531921/original.jpeg', 'https://inaturalist-open-data.s3.amazonaws.com/photos/223531947/original.jpeg']"
3902510830,45.470147,0.381639,2022-04-19T14:52:09,['3902510830_1'],['https://inaturalist-open-data.s3.amazonaws.com/photos/223531603/original.jpeg']
3903048904,45.469805,0.382088,2022-04-19T14:47:50,['3903048904_1'],['https://inaturalist-open-data.s3.amazonaws.com/photos/223531403/original.jpeg']
3903373860,45.462044,7.198944,2022-04-30,['3903373860_1'],['https://inaturalist-open-data.s3.amazonaws.com/photos/227654968/original.jpg']
4022181901,45.292,7.106039,2022-04-14T14:25:50,['4022181901_1'],['https://inaturalist-open-data.s3.amazonaws.com/photos/252450944/original.jpeg']
4459951646,42.65,-2.4,2022-04-15,['4459951646_1'],['https://observation.org/photos/79770750.jpg']
4461570921,46.147495,10.950645,2022-04-14,['4461570921_1'],['https://observation.org/photos/67918689.jpg']
4535572540,48.558508,-1.971187,2022-04-26T11:53,['4535572540_1'],['https://inaturalist-open-data.s3.amazonaws.com/photos/192336514/original.jpeg']
4535799545,48.557574,-1.96856,2022-04-03T16:24Z,['4535799545_1'],['https://inaturalist-open-data.s3.amazonaws.com/photos/188545489/original.jpeg']
4926041130,47.937759,7.247046,2022-04-19T11:34:52,['4926041130_1'],['https://inaturalist-open-data.s3.amazonaws.com/photos/421123724/original.jpeg']
5018862818,49.763805,8.479293,2022-04-06T00:00,['5018862818_1'],['https://live.staticflickr.com/65535/52357431330_e42cf65bb1_b.jpg']
5023397224,49.763805,8.479293,2022-04-06T00:00,['5023397224_1'],['https://live.staticflickr.com/65535/52357249363_3f4f370c5b_b.jpg']
3772885434,41.469836,13.491688,2022-05-07T07:43,['3772885434_1'],['https://inaturalist-open-data.s3.amazonaws.com/photos/195674075/original.jpg']
3772964570,45.910589,4.047776,2022-05-01T15:39:53,['3772964570_1'],['https://inaturalist-open-data.s3.amazonaws.com/photos/192957330/original.jpeg']
3772967797,45.803886,10.976568,2022-05-03T15:16,['3772967797_1'],['https://inaturalist-open-data.s3.amazonaws.com/photos/194414976/original.jpeg']
3773000056,48.393782,2.577035,2022-05-05T19:57:14,['3773000056_1'],['https://inaturalist-open-data.s3.amazonaws.com/photos/195383836/original.jpg']
3773078390,45.412178,8.818412,2022-05-10T15:41,['3773078390_1'],['https://inaturalist-open-data.s3.amazonaws.com/photos/196630435/original.jpeg']
3773405037,45.784906,10.900299,2022-05-10T16:03,['3773405037_1'],['https://inaturalist-open-data.s3.amazonaws.com/photos/196565400/original.jpeg']
3773446303,45.361741,0.979978,2022-05-11T15:00,"['3773446303_1', '3773446303_2']","['https://inaturalist-open-data.s3.amazonaws.com/photos/197640422/original.jpeg', 'https://inaturalist-open-data.s3.amazonaws.com/photos/197556904/original.jpeg']"
3773478784,45.869593,10.828573,2022-05-01T04:09,['3773478784_1'],['https://inaturalist-open-data.s3.amazonaws.com/photos/194327389/original.jpg']
3773601448,44.54353,8.298672,2022-05-05T14:14:51,['3773601448_1'],['https://inaturalist-open-data.s3.amazonaws.com/photos/195376652/original.jpeg']
3773646504,45.499028,8.981657,2022-05-09T17:17,['3773646504_1'],['https://inaturalist-open-data.s3.amazonaws.com/photos/196846115/original.jpg']
3773712486,41.335835,13.537873,2022-05-04,"['3773712486_1', '3773712486_2']","['https://inaturalist-open-data.s3.amazonaws.com/photos/194799772/original.jpeg', 'https://inaturalist-open-data.s3.amazonaws.com/photos/194799804/original.jpeg']"
3773770174,43.995081,11.911316,2022-05-12T17:41,['3773770174_1'],['https://inaturalist-open-data.s3.amazonaws.com/photos/197118878/original.jpg']
3773793041,45.879941,11.188597,2022-05-03T11:26,['3773793041_1'],['https://inaturalist-open-data.s3.amazonaws.com/photos/194397035/original.jpg']
3784648805,46.032789,11.022512,2022-05-15T12:26:13,['3784648805_1'],['https://inaturalist-open-data.s3.amazonaws.com/photos/197874721/original.jpg']
3784702889,45.302959,7.195714,2022-05-12T15:00:46,['3784702889_1'],['https://inaturalist-open-data.s3.amazonaws.com/photos/197833012/original.jpeg']
3784805773,40.181972,15.630688,2022-05-15T11:18,"['3784805773_1', '3784805773_2']","['https://inaturalist-open-data.s3.amazonaws.com/photos/197740025/original.jpg', 'https://inaturalist-open-data.s3.amazonaws.com/photos/197740063/original.jpg']"
3784883536,44.588243,8.791957,2022-05-18T13:25,['3784883536_1'],['https://inaturalist-open-data.s3.amazonaws.com/photos/198802522/original.jpeg']
3784899631,45.799541,7.407334,2022-05-16T10:17,"['3784899631_1', '3784899631_2']","['https://inaturalist-open-data.s3.amazonaws.com/photos/198556214/original.jpeg', 'https://inaturalist-open-data.s3.amazonaws.com/photos/198556223/original.jpeg']"
3784926693,46.4628,6.706166,2022-05-07T16:52:40,['3784926693_1'],['https://inaturalist-open-data.s3.amazonaws.com/photos/198561378/original.jpeg']
3784969860,41.442816,13.3725,2022-05-15T11:37,['3784969860_1'],['https://inaturalist-open-data.s3.amazonaws.com/photos/197852380/original.jpeg']
3784975025,45.995288,10.526575,2022-05-15T12:15,['3784975025_1'],['https://inaturalist-open-data.s3.amazonaws.com/photos/197955406/original.jpeg']
3785078120,42.16747,1.775428,2022-05-14T16:54,"['3785078120_1', '3785078120_2', '3785078120_3']","['https://inaturalist-open-data.s3.amazonaws.com/photos/198359118/original.jpeg', 'https://inaturalist-open-data.s3.amazonaws.com/photos/198359105/original.jpeg', 'https://inaturalist-open-data.s3.amazonaws.com/photos/198359086/original.jpeg']"
3785085133,46.086557,8.477849,2022-05-15T17:28:40,"['3785085133_1', '3785085133_2', '3785085133_3']","['https://inaturalist-open-data.s3.amazonaws.com/photos/198069017/original.jpg', 'https://inaturalist-open-data.s3.amazonaws.com/photos/198069072/original.jpg', 'https://inaturalist-open-data.s3.amazonaws.com/photos/198069131/original.jpg']"
3785185657,45.766298,10.938579,2022-05-18T15:16,['3785185657_1'],['https://inaturalist-open-data.s3.amazonaws.com/photos/198664267/original.jpeg']
3802356908,45.767762,7.892249,2022-05-21,['3802356908_1'],['https://inaturalist-open-data.s3.amazonaws.com/photos/199460478/original.jpeg']
3802436565,40.620976,15.822715,2022-05-16T05:55,['3802436565_1'],['https://inaturalist-open-data.s3.amazonaws.com/photos/199111073/original.jpg']
3802440712,42.820842,-0.331897,2022-05-21T14:50:50,"['3802440712_1', '3802440712_2', '3802440712_3', '3802440712_4']","['https://inaturalist-open-data.s3.amazonaws.com/photos/199382960/original.jpg', 'https://inaturalist-open-data.s3.amazonaws.com/photos/199382986/original.jpg', 'https://inaturalist-open-data.s3.amazonaws.com/photos/199383020/original.jpg', 'https://inaturalist-open-data.s3.amazonaws.com/photos/199383337/original.jpg']"
3802526659,45.944449,10.84834,2022-05-25T12:01:08,['3802526659_1'],['https://inaturalist-open-data.s3.amazonaws.com/photos/200467990/original.jpeg']
3802526828,44.56582,8.77767,2022-05-16T11:50:59,['3802526828_1'],['https://inaturalist-open-data.s3.amazonaws.com/photos/200672041/original.jpeg']
3802568254,41.443366,13.189425,2022-05-22T04:51,['3802568254_1'],['https://inaturalist-open-data.s3.amazonaws.com/photos/199991159/original.jpg']
3802677863,44.089734,5.970339,2022-05-15T15:20,['3802677863_1'],['https://inaturalist-open-data.s3.amazonaws.com/photos/199578562/original.jpg']
3802744641,44.554603,8.507279,2022-05-25T12:20:59,['3802744641_1'],['https://inaturalist-open-data.s3.amazonaws.com/photos/200717834/original.jpeg']
3824271802,46.2,2.46,2022-05-04,['3824271802_1'],['https://observation.org/photos/49188495.jpg']
3858900186,42.756761,-3.878223,2022-05-21T11:34:53,['3858900186_1'],['https://inaturalist-open-data.s3.amazonaws.com/photos/209337521/original.jpeg']
3858962563,44.877726,7.031341,2022-05-21T11:03,['3858962563_1'],['https://inaturalist-open-data.s3.amazonaws.com/photos/209822230/original.jpeg']
3859066147,42.787507,-0.921121,2022-05-15T10:20:14,"['3859066147_1', '3859066147_2', '3859066147_3']","['https://inaturalist-open-data.s3.amazonaws.com/photos/202788741/original.jpeg', 'https://inaturalist-open-data.s3.amazonaws.com/photos/202788761/original.jpeg', 'https://inaturalist-open-data.s3.amazonaws.com/photos/202788793/original.jpeg']"
3859455556,46.495,6.622794,2022-05-29T14:00,"['3859455556_1', '3859455556_2']","['https://inaturalist-open-data.s3.amazonaws.com/photos/201556573/original.jpg', 'https://inaturalist-open-data.s3.amazonaws.com/photos/201556601/original.jpg']"
3859607810,44.015052,7.796112,2022-05-10T16:46,['3859607810_1'],['https://inaturalist-open-data.s3.amazonaws.com/photos/210628656/original.jpg']
3859683267,45.611788,10.909423,2022-05-18T12:54,['3859683267_1'],['https://inaturalist-open-data.s3.amazonaws.com/photos/200944680/original.jpeg']
3860122714,42.986791,13.247906,2022-05-30T09:25,['3860122714_1'],['https://inaturalist-open-data.s3.amazonaws.com/photos/201910620/original.jpg']
3860384704,41.361702,14.405737,2022-05-24T16:44,['3860384704_1'],['https://inaturalist-open-data.s3.amazonaws.com/photos/201845937/original.jpeg']
3860674580,47.203569,7.045699,2022-05-27T14:40:52,['3860674580_1'],['https://inaturalist-open-data.s3.amazonaws.com/photos/203824121/original.jpg']
3892480849,45.446026,1.133732,2022-05-21T18:27,"['3892480849_1', '3892480849_2', '3892480849_3', '3892480849_4']","['https://inaturalist-open-data.s3.amazonaws.com/photos/222147389/original.jpg', 'https://inaturalist-open-data.s3.amazonaws.com/photos/222147402/original.jpg', 'https://inaturalist-open-data.s3.amazonaws.com/photos/222147374/original.jpg', 'https://inaturalist-open-data.s3.amazonaws.com/photos/222147398/original.jpg']"
3902939349,47.341537,1.687147,2022-05-04T15:09:17,['3902939349_1'],['https://inaturalist-open-data.s3.amazonaws.com/photos/227620982/original.jpeg']
3904147109,42.75,-0.95,2022-05-15,"['3904147109_1', '3904147109_2', '3904147109_3']","['https://observation.org/photos/51027934.jpg', 'https://observation.org/photos/51027935.jpg', 'https://observation.org/photos/51027936.jpg']"
3906712267,45.888308,2.173853,2022-05-26,['3906712267_1'],['https://observation.org/photos/53777985.jpg']
3997089655,45.888291,2.17282,2022-05-26,['3997089655_1'],['https://observation.org/photos/58053531.jpg']
4015101286,45.282644,7.270982,2022-05-27T10:24,['4015101286_1'],['https://inaturalist-open-data.s3.amazonaws.com/photos/251150367/original.jpeg']
4028611886,46.579397,8.411793,2022-05-22T08:58,['4028611886_1'],['https://inaturalist-open-data.s3.amazonaws.com/photos/253486529/original.jpeg']
4028847267,45.220228,7.28772,2022-05-27T12:43,['4028847267_1'],['https://inaturalist-open-data.s3.amazonaws.com/photos/254186721/original.jpeg']
4055982127,44.195289,3.455142,2022-05-20,['4055982127_1'],['https://observation.org/photos/49995922.jpg']
4056151362,42.54948,1.86041,2022-05-21,"['4056151362_1', '4056151362_2', '4056151362_3', '4056151362_4']","['https://observation.org/photos/50084522.jpg', 'https://observation.org/photos/50084523.jpg', 'https://observation.org/photos/50084524.jpg', 'https://observation.org/photos/50084525.jpg']"
4056157796,45.888297,2.173805,2022-05-26,['4056157796_1'],['https://observation.org/photos/50429133.jpg']
4056214832,46.205144,2.469931,2022-05-04,"['4056214832_1', '4056214832_2', '4056214832_3', '4056214832_4', '4056214832_5']","['https://observation.org/photos/51101390.jpg', 'https://observation.org/photos/51101391.jpg', 'https://observation.org/photos/51101392.jpg', 'https://observation.org/photos/51101393.jpg', 'https://observation.org/photos/51101394.jpg']"
4056229081,46.202487,2.462563,2022-05-26,['4056229081_1'],['https://observation.org/photos/53036322.jpg']
4056342677,44.103227,3.54118,2022-05-18,['4056342677_1'],['https://observation.org/photos/49836963.jpg']
4056390605,46.203863,2.466643,2022-05-04,"['4056390605_1', '4056390605_2']","['https://observation.org/photos/51100779.jpg', 'https://observation.org/photos/51100780.jpg']"
4067304173,41.764128,13.238151,2022-05-21T09:14,['4067304173_1'],['https://inaturalist-open-data.s3.amazonaws.com/photos/261303723/original.jpg']
4414031342,46.32767,8.398858,2022-05-22T09:53,['4414031342_1'],['https://inaturalist-open-data.s3.amazonaws.com/photos/321151119/original.jpeg']
4461642272,42.25,-3.05,2022-05-09,['4461642272_1'],['https://observation.org/photos/79789608.jpg']
4535886559,47.569763,-0.313085,2022-05-26T10:15,['4535886559_1'],['https://inaturalist-open-data.s3.amazonaws.com/photos/201232493/original.jpeg']
4599948652,43.02223,11.229091,2022-05-08T15:02:36,['4599948652_1'],['https://inaturalist-open-data.s3.amazonaws.com/photos/196200499/original.jpg']
4853015610,44.754546,4.252639,2022-05-23T18:49,['4853015610_1'],['https://inaturalist-open-data.s3.amazonaws.com/photos/369948354/original.jpg']
4887299075,44.195752,3.453805,2022-05-20,['4887299075_1'],['https://observation.org/photos/82107787.jpg']
5063050808,44.195702,3.454153,2022-05-20T16:07,['5063050808_1'],['https://inaturalist-open-data.s3.amazonaws.com/photos/464130199/original.jpeg']
5063705209,45.724165,6.759285,2022-05-16T14:30,['5063705209_1'],['https://inaturalist-open-data.s3.amazonaws.com/photos/467396421/original.jpg']
5063769464,45.799346,6.770787,2022-05-17T09:15,['5063769464_1'],['https://inaturalist-open-data.s3.amazonaws.com/photos/467396343/original.jpg']
5064077805,44.407195,1.998343,2022-05-06T16:31:13,['5064077805_1'],['https://inaturalist-open-data.s3.amazonaws.com/photos/469525400/original.jpeg']
5076931434,44.002969,7.004426,2022-05-13T15:57,['5076931434_1'],['https://inaturalist-open-data.s3.amazonaws.com/photos/471385242/original.jpeg']
5076963426,43.781939,6.844063,2022-05-12T10:52,"['5076963426_1', '5076963426_2']","['https://inaturalist-open-data.s3.amazonaws.com/photos/471385505/original.jpeg', 'https://inaturalist-open-data.s3.amazonaws.com/photos/471385547/original.jpeg']"
5088102511,42.049223,11.885485,2022-05-26T15:30,['5088102511_1'],['https://inaturalist-open-data.s3.amazonaws.com/photos/476794690/original.jpg']
5153626645,47.797631,8.369072,2022-05-22T10:49,['5153626645_1'],['https://inaturalist-open-data.s3.amazonaws.com/photos/500620773/original.png']
6151575017,44.195508,3.454541,2022-05-20,['6151575017_1'],['https://observation.org/photos/130852209.jpg']
6431558628,47.352171,1.756931,2022-05-11T20:04,['6431558628_1'],['https://inaturalist-open-data.s3.amazonaws.com/photos/689267745/original.jpg']
6431837997,47.352171,1.756931,2022-05-10T20:05,['6431837997_1'],['https://inaturalist-open-data.s3.amazonaws.com/photos/689265571/original.jpg']
6431851511,47.352171,1.756931,2022-05-13T20:16,['6431851511_1'],['https://inaturalist-open-data.s3.amazonaws.com/photos/689499299/original.jpg']
3858367016,42.604942,-2.459014,2022-06-01T19:11:48,"['3858367016_1', '3858367016_2']","['https://inaturalist-open-data.s3.amazonaws.com/photos/202482440/original.jpeg', 'https://inaturalist-open-data.s3.amazonaws.com/photos/202482470/original.jpeg']"
3858454930,43.3346,0.871628,2022-06-01T17:05:28,['3858454930_1'],['https://inaturalist-open-data.s3.amazonaws.com/photos/202452674/original.jpg']
3858485111,47.149178,1.567695,2022-06-10T20:58:53,['3858485111_1'],['https://inaturalist-open-data.s3.amazonaws.com/photos/204992065/original.jpeg']
3858535267,42.212841,12.448521,2022-06-11T17:34,['3858535267_1'],['https://inaturalist-open-data.s3.amazonaws.com/photos/205171092/original.jpg']
3858704776,46.414818,8.512434,2022-06-23T11:34:35,['3858704776_1'],['https://inaturalist-open-data.s3.amazonaws.com/photos/208443424/original.jpeg']
3858744119,42.822154,-0.126322,2022-06-16T14:47:48,"['3858744119_1', '3858744119_2']","['https://inaturalist-open-data.s3.amazonaws.com/photos/206904817/original.jpg', 'https://inaturalist-open-data.s3.amazonaws.com/photos/206904872/original.jpg']"
3858767393,41.935393,12.095987,2022-06-28T08:38,['3858767393_1'],['https://inaturalist-open-data.s3.amazonaws.com/photos/209766695/original.jpeg']
3858878570,42.611633,1.538396,2022-06-27,['3858878570_1'],['https://inaturalist-open-data.s3.amazonaws.com/photos/210054613/original.jpeg']
3858892622,47.270234,7.027542,2022-06-20,['3858892622_1'],['https://inaturalist-open-data.s3.amazonaws.com/photos/207991492/original.jpeg']
3858940509,41.773402,13.401711,2022-06-13T13:38:50,['3858940509_1'],['https://inaturalist-open-data.s3.amazonaws.com/photos/205746189/original.jpeg']
3859396023,43.210524,0.883377,2022-06-01T17:05:28,['3859396023_1'],['https://inaturalist-open-data.s3.amazonaws.com/photos/202451136/original.jpg']
3859456094,42.857865,-0.015031,2022-06-02T15:44:18,['3859456094_1'],['https://inaturalist-open-data.s3.amazonaws.com/photos/202682691/original.jpg']
3859555013,42.974041,-0.551039,2022-06-19T12:09:29,['3859555013_1'],['https://inaturalist-open-data.s3.amazonaws.com/photos/210903712/original.jpeg']
3859598643,46.108328,10.924092,2022-06-29T17:40:36,"['3859598643_1', '3859598643_2']","['https://inaturalist-open-data.s3.amazonaws.com/photos/210091461/original.jpg', 'https://inaturalist-open-data.s3.amazonaws.com/photos/210091501/original.jpg']"
3859647456,46.155331,8.497537,2022-06-04T07:39:22,['3859647456_1'],['https://inaturalist-open-data.s3.amazonaws.com/photos/203460551/original.jpg']
3859665272,41.669549,16.019235,2022-06-03T10:08:02,['3859665272_1'],['https://inaturalist-open-data.s3.amazonaws.com/photos/203124927/original.jpg']
3859697399,45.588882,7.338896,2022-06-10T08:40:32,['3859697399_1'],['https://inaturalist-open-data.s3.amazonaws.com/photos/205469818/original.jpeg']
3859809182,42.676716,0.651201,2022-06-16T16:15:59,['3859809182_1'],['https://inaturalist-open-data.s3.amazonaws.com/photos/207191020/original.jpeg']
3859843434,45.585979,7.336874,2022-06-08T16:04:26,['3859843434_1'],['https://inaturalist-open-data.s3.amazonaws.com/photos/205471645/original.jpeg']
3859847551,46.360611,7.26033,2022-06-04T12:30,"['3859847551_1', '3859847551_2']","['https://inaturalist-open-data.s3.amazonaws.com/photos/203557810/original.jpg', 'https://inaturalist-open-data.s3.amazonaws.com/photos/203557778/original.jpg']"
3859865353,46.167384,8.814872,2022-06-12T14:57:58,"['3859865353_1', '3859865353_2']","['https://inaturalist-open-data.s3.amazonaws.com/photos/211671359/original.jpeg', 'https://inaturalist-open-data.s3.amazonaws.com/photos/211671394/original.jpeg']"
3859961416,45.5886,7.339794,2022-06-09T08:44:21,['3859961416_1'],['https://inaturalist-open-data.s3.amazonaws.com/photos/205471005/original.jpeg']
3860106709,46.402022,10.844555,2022-06-30T12:56:43,"['3860106709_1', '3860106709_2', '3860106709_3', '3860106709_4']","['https://inaturalist-open-data.s3.amazonaws.com/photos/210318844/original.jpg', 'https://inaturalist-open-data.s3.amazonaws.com/photos/210318972/original.jpg', 'https://inaturalist-open-data.s3.amazonaws.com/photos/210319105/original.jpg', 'https://inaturalist-open-data.s3.amazonaws.com/photos/210319202/original.jpg']"
3860439358,43.022037,12.077778,2022-06-07T07:51:37,['3860439358_1'],['https://inaturalist-open-data.s3.amazonaws.com/photos/206785615/original.jpg']
3860638457,46.267329,9.101268,2022-06-12T14:57:40,"['3860638457_1', '3860638457_2', '3860638457_3']","['https://inaturalist-open-data.s3.amazonaws.com/photos/205491740/original.jpeg', 'https://inaturalist-open-data.s3.amazonaws.com/photos/205491770/original.jpeg', 'https://inaturalist-open-data.s3.amazonaws.com/photos/205491835/original.jpeg']"
3860773709,42.721834,1.999358,2022-06-29T17:29:51,['3860773709_1'],['https://inaturalist-open-data.s3.amazonaws.com/photos/210524214/original.jpeg']
3873833073,45.681108,7.326037,2022-06-18T13:36,"['3873833073_1', '3873833073_2', '3873833073_3']","['https://inaturalist-open-data.s3.amazonaws.com/photos/216548854/original.jpeg', 'https://inaturalist-open-data.s3.amazonaws.com/photos/216456404/original.jpg', 'https://inaturalist-open-data.s3.amazonaws.com/photos/216456356/original.jpeg']"
3881647778,42.130686,12.93779,2022-06-05T15:48,['3881647778_1'],['https://inaturalist-open-data.s3.amazonaws.com/photos/219416792/original.jpg']
3889128156,42.415937,13.075219,2022-06-17T14:41,['3889128156_1'],['https://inaturalist-open-data.s3.amazonaws.com/photos/220659168/original.jpg']
3892355691,41.967604,13.235907,2022-06-01T10:53,['3892355691_1'],['https://inaturalist-open-data.s3.amazonaws.com/photos/221593241/original.jpg']
3905257919,45.630783,7.605695,2022-06-29,['3905257919_1'],['https://observation.org/photos/53184112.jpg']
3985795358,45.484672,7.15052,2022-06-19T11:56,['3985795358_1'],['https://inaturalist-open-data.s3.amazonaws.com/photos/244108549/original.jpg']
4039475965,48.389364,2.680959,2022-06-10T19:41:10,['4039475965_1'],['https://inaturalist-open-data.s3.amazonaws.com/photos/257347625/original.jpg']
4056148913,42.646555,2.127863,2022-06-12,['4056148913_1'],['https://observation.org/photos/52743264.jpg']
4056414589,45.739433,10.889013,2022-06-17,['4056414589_1'],['https://observation.org/photos/52197114.jpg']
4407224729,42.30608,1.864095,2022-06-12T14:14:10,['4407224729_1'],['https://inaturalist-open-data.s3.amazonaws.com/photos/315164606/original.jpg']
4535797564,47.653447,-0.271088,2022-06-15T10:24,['4535797564_1'],['https://inaturalist-open-data.s3.amazonaws.com/photos/206486163/original.jpeg']
4597397360,42.937305,-0.411547,2022-06-26T12:10,['4597397360_1'],['https://inaturalist-open-data.s3.amazonaws.com/photos/356472734/original.jpg']
4597425453,42.856476,-0.322584,2022-06-25T09:10,['4597425453_1'],['https://inaturalist-open-data.s3.amazonaws.com/photos/356473040/original.jpg']
4597429433,42.850168,-0.444812,2022-06-25T16:08,['4597429433_1'],['https://inaturalist-open-data.s3.amazonaws.com/photos/356472836/original.jpg']
5087452363,44.279027,7.04953,2022-06-15T10:10,['5087452363_1'],['https://inaturalist-open-data.s3.amazonaws.com/photos/473230103/original.jpeg']
6186050802,48.388772,2.681025,2022-06-12T19:42,['6186050802_1'],['https://inaturalist-open-data.s3.amazonaws.com/photos/629557595/original.jpg']
3859677098,44.469965,6.454209,2022-07-02T16:20:21,['3859677098_1'],['https://inaturalist-open-data.s3.amazonaws.com/photos/211099368/original.jpeg']
3860002309,42.609528,1.057546,2022-07-04T12:05:05,['3860002309_1'],['https://inaturalist-open-data.s3.amazonaws.com/photos/211658926/original.jpeg']
3860520170,46.068489,10.961842,2022-07-03T23:48,['3860520170_1'],['https://inaturalist-open-data.s3.amazonaws.com/photos/211264750/original.jpeg']
3860687860,46.113079,10.933827,2022-07-01T11:14:03,"['3860687860_1', '3860687860_2']","['https://inaturalist-open-data.s3.amazonaws.com/photos/210531299/original.jpg', 'https://inaturalist-open-data.s3.amazonaws.com/photos/210531306/original.jpg']"
3873163816,46.337156,8.267649,2022-07-13T10:12:42,['3873163816_1'],['https://inaturalist-open-data.s3.amazonaws.com/photos/213816090/original.jpeg']
3873279962,46.622555,-1.857138,2022-07-13T09:01:01,['3873279962_1'],['https://inaturalist-open-data.s3.amazonaws.com/photos/214566162/original.jpeg']
3873331062,42.749272,10.125329,2022-07-18T01:40:25,['3873331062_1'],['https://inaturalist-open-data.s3.amazonaws.com/photos/215068627/original.jpeg']
3873687670,45.88943,7.614657,2022-07-15T14:21,"['3873687670_1', '3873687670_2']","['https://inaturalist-open-data.s3.amazonaws.com/photos/214349875/original.jpeg', 'https://inaturalist-open-data.s3.amazonaws.com/photos/214349907/original.jpeg']"
3873730055,42.368275,2.29798,2022-07-22T17:32:37,"['3873730055_1', '3873730055_2', '3873730055_3']","['https://inaturalist-open-data.s3.amazonaws.com/photos/216299677/original.jpeg', 'https://inaturalist-open-data.s3.amazonaws.com/photos/216299775/original.jpeg', 'https://inaturalist-open-data.s3.amazonaws.com/photos/216299907/original.jpeg']"
3873768422,43.337311,11.064148,2022-07-03T20:09:38,['3873768422_1'],['https://inaturalist-open-data.s3.amazonaws.com/photos/213599462/original.jpg']
3873900354,42.873242,-0.105166,2022-07-15T17:54:10,['3873900354_1'],['https://inaturalist-open-data.s3.amazonaws.com/photos/214453595/original.jpg']
3873938790,45.857767,8.823166,2022-07-15T17:14,['3873938790_1'],['https://inaturalist-open-data.s3.amazonaws.com/photos/214390210/original.jpeg']
3874020618,46.71664,7.956116,2022-07-23,['3874020618_1'],['https://inaturalist-open-data.s3.amazonaws.com/photos/217054668/original.jpeg']
3874028801,46.724513,7.97736,2022-07-23T13:36:11,['3874028801_1'],['https://inaturalist-open-data.s3.amazonaws.com/photos/216454062/original.jpeg']
3874132773,42.851531,10.78053,2022-07-04T11:16,"['3874132773_1', '3874132773_2']","['https://inaturalist-open-data.s3.amazonaws.com/photos/213608242/original.jpeg', 'https://inaturalist-open-data.s3.amazonaws.com/photos/213622927/original.jpeg']"
3874176026,45.806313,10.550976,2022-07-16T08:43,['3874176026_1'],['https://inaturalist-open-data.s3.amazonaws.com/photos/215145294/original.jpg']
3881356754,43.014163,13.23102,2022-07-16T11:38,['3881356754_1'],['https://inaturalist-open-data.s3.amazonaws.com/photos/217730703/original.jpg']
3881433230,45.836484,11.050268,2022-07-14T14:03,['3881433230_1'],['https://inaturalist-open-data.s3.amazonaws.com/photos/219397737/original.jpeg']
3881469663,46.293404,7.966232,2022-07-27T16:51:45,"['3881469663_1', '3881469663_2']","['https://inaturalist-open-data.s3.amazonaws.com/photos/217880332/original.jpg', 'https://inaturalist-open-data.s3.amazonaws.com/photos/217645735/original.jpg']"
3881505062,46.024457,8.662955,2022-07-28T11:03:49,"['3881505062_1', '3881505062_2', '3881505062_3']","['https://inaturalist-open-data.s3.amazonaws.com/photos/218133604/original.jpg', 'https://inaturalist-open-data.s3.amazonaws.com/photos/218133588/original.jpg', 'https://inaturalist-open-data.s3.amazonaws.com/photos/218180846/original.jpg']"
3881701952,45.040043,7.181908,2022-07-29T07:38:31,['3881701952_1'],['https://inaturalist-open-data.s3.amazonaws.com/photos/218136229/original.jpeg']
3881868335,44.223278,7.319442,2022-07-30T06:13:26,['3881868335_1'],['https://inaturalist-open-data.s3.amazonaws.com/photos/218563025/original.jpg']
3889023940,45.592505,10.904628,2022-07-31T14:35,"['3889023940_1', '3889023940_2']","['https://inaturalist-open-data.s3.amazonaws.com/photos/220953025/original.jpg', 'https://inaturalist-open-data.s3.amazonaws.com/photos/220953030/original.jpg']"
3903023281,44.364712,6.738501,2022-07-22T11:20:59,"['3903023281_1', '3903023281_2']","['https://inaturalist-open-data.s3.amazonaws.com/photos/223888517/original.jpeg', 'https://inaturalist-open-data.s3.amazonaws.com/photos/223888526/original.jpeg']"
3904122149,48.82,5.55,2022-07-04,['3904122149_1'],['https://observation.org/photos/81946283.jpg']
3912369330,45.765859,6.607064,2022-07-28T11:51,['3912369330_1'],['https://inaturalist-open-data.s3.amazonaws.com/photos/230392906/original.jpeg']
3925496564,44.922028,7.176583,2022-07-03T11:30:53,['3925496564_1'],['https://inaturalist-open-data.s3.amazonaws.com/photos/236471283/original.jpeg']
3963383873,42.811604,0.816465,2022-07-03T18:42,"['3963383873_1', '3963383873_2', '3963383873_3', '3963383873_4']","['https://inaturalist-open-data.s3.amazonaws.com/photos/241528596/original.jpeg', 'https://inaturalist-open-data.s3.amazonaws.com/photos/241528612/original.jpeg', 'https://inaturalist-open-data.s3.amazonaws.com/photos/241528639/original.jpeg', 'https://inaturalist-open-data.s3.amazonaws.com/photos/241528645/original.jpeg']"
3995311777,42.960818,-0.253475,2022-07-02,['3995311777_1'],['https://observation.org/photos/57058047.jpg']
3997468693,42.960818,-0.253475,2022-07-02,['3997468693_1'],['https://observation.org/photos/57005836.jpg']
4022277679,42.620746,-0.073095,2022-07-07T16:45:26,"['4022277679_1', '4022277679_2', '4022277679_3', '4022277679_4']","['https://inaturalist-open-data.s3.amazonaws.com/photos/253113252/original.jpeg', 'https://inaturalist-open-data.s3.amazonaws.com/photos/253113328/original.jpeg', 'https://inaturalist-open-data.s3.amazonaws.com/photos/253113385/original.jpeg', 'https://inaturalist-open-data.s3.amazonaws.com/photos/253113455/original.jpeg']"
4055955006,42.819247,-0.098208,2022-07-16,"['4055955006_1', '4055955006_2', '4055955006_3']","['https://observation.org/photos/55228396.jpg', 'https://observation.org/photos/55228397.jpg', 'https://observation.org/photos/55228398.jpg']"
4055961948,45.595184,7.379051,2022-07-14,['4055961948_1'],['https://observation.org/photos/54344604.jpg']
4056008252,46.873019,11.524068,2022-07-28,['4056008252_1'],['https://observation.org/photos/55413775.jpg']
4056136232,45.535192,6.821722,2022-07-15,['4056136232_1'],['https://observation.org/photos/59892880.jpg']
4056428654,46.883923,-2.152594,2022-07-20,['4056428654_1'],['https://observation.org/photos/54819685.jpg']
4056442635,46.883465,-2.152343,2022-07-20,['4056442635_1'],['https://observation.org/photos/54819686.jpg']
4056551819,45.443342,5.914637,2022-07-28,['4056551819_1'],['https://observation.org/photos/55466762.jpg']
4056609496,44.41515,7.068842,2022-07-22,['4056609496_1'],['https://observation.org/photos/55374636.jpg']
4056656750,46.875515,-2.148922,2022-07-20,['4056656750_1'],['https://observation.org/photos/54819687.jpg']
4056694582,42.870712,-0.151419,2022-07-11,['4056694582_1'],['https://observation.org/photos/54393829.jpg']
4058037835,42.6,-0.1,2022-07-07,"['4058037835_1', '4058037835_2', '4058037835_3', '4058037835_4']","['https://observation.org/photos/62215909.jpg', 'https://observation.org/photos/62215910.jpg', 'https://observation.org/photos/62215911.jpg', 'https://observation.org/photos/62215912.jpg']"
4458674117,43.273672,10.512103,2022-07-17T21:54,['4458674117_1'],['https://inaturalist-open-data.s3.amazonaws.com/photos/338283758/original.jpeg']
4597417305,42.959627,1.364065,2022-07-04T13:52,['4597417305_1'],['https://inaturalist-open-data.s3.amazonaws.com/photos/356471581/original.jpg']
4902097054,42.899262,-0.775164,2022-07-09T18:26,"['4902097054_1', '4902097054_2', '4902097054_3', '4902097054_4']","['https://inaturalist-open-data.s3.amazonaws.com/photos/394759948/original.jpeg', 'https://inaturalist-open-data.s3.amazonaws.com/photos/394759894/original.jpeg', 'https://inaturalist-open-data.s3.amazonaws.com/photos/394759158/original.jpeg', 'https://inaturalist-open-data.s3.amazonaws.com/photos/394758984/original.jpeg']"
4987608723,46.275819,2.577549,2022-07-28T18:54,"['4987608723_1', '4987608723_2', '4987608723_3', '4987608723_4']","['https://inaturalist-open-data.s3.amazonaws.com/photos/452215811/original.jpg', 'https://inaturalist-open-data.s3.amazonaws.com/photos/452215775/original.jpg', 'https://inaturalist-open-data.s3.amazonaws.com/photos/452215780/original.jpg', 'https://inaturalist-open-data.s3.amazonaws.com/photos/452215806/original.jpg']"
6151632979,45.905837,7.503705,2022-07-20,"['6151632979_1', '6151632979_2']","['https://observation.org/photos/124619811.jpg', 'https://observation.org/photos/124619812.jpg']"
6184937313,45.904427,6.423353,2022-07-14T18:33:55,['6184937313_1'],['https://inaturalist-open-data.s3.amazonaws.com/photos/214148945/original.jpeg']
6452020497,48.926928,5.403203,2022-07-04T09:23,['6452020497_1'],['https://inaturalist-open-data.s3.amazonaws.com/photos/700227910/original.jpg']
3888718250,42.55958,0.531545,2022-08-07T11:23:12,['3888718250_1'],['https://inaturalist-open-data.s3.amazonaws.com/photos/220701570/original.jpg']
3888764795,43.706574,11.515052,2022-08-04T09:18:25,"['3888764795_1', '3888764795_2']","['https://inaturalist-open-data.s3.amazonaws.com/photos/219884837/original.jpeg', 'https://inaturalist-open-data.s3.amazonaws.com/photos/219884851/original.jpeg']"
3892288134,44.930563,6.205743,2022-08-12T10:30:06,"['3892288134_1', '3892288134_2']","['https://inaturalist-open-data.s3.amazonaws.com/photos/222793144/original.jpg', 'https://inaturalist-open-data.s3.amazonaws.com/photos/222793204/original.jpg']"
3892334131,42.617787,-0.198839,2022-08-10T12:30:50,"['3892334131_1', '3892334131_2']","['https://inaturalist-open-data.s3.amazonaws.com/photos/222757272/original.jpg', 'https://inaturalist-open-data.s3.amazonaws.com/photos/222757304/original.jpg']"
3892351113,45.83667,6.568864,2022-08-15T17:27:08,['3892351113_1'],['https://inaturalist-open-data.s3.amazonaws.com/photos/222760909/original.jpeg']
3892382756,45.944906,10.85086,2022-08-11T13:35,['3892382756_1'],['https://inaturalist-open-data.s3.amazonaws.com/photos/221803346/original.jpg']
3892407036,46.416832,7.64905,2022-08-14T19:34:16,['3892407036_1'],['https://inaturalist-open-data.s3.amazonaws.com/photos/222517395/original.jpg']
3892523849,42.490377,1.03994,2022-08-12T12:01,['3892523849_1'],['https://inaturalist-open-data.s3.amazonaws.com/photos/222050374/original.jpg']
3892612149,45.509109,7.750282,2022-08-15T13:26:49,['3892612149_1'],['https://inaturalist-open-data.s3.amazonaws.com/photos/222769461/original.jpeg']
3892690656,42.805974,-1.620667,2022-08-09T22:30,"['3892690656_1', '3892690656_2']","['https://inaturalist-open-data.s3.amazonaws.com/photos/221564690/original.jpeg', 'https://inaturalist-open-data.s3.amazonaws.com/photos/221564720/original.jpeg']"
3902220465,45.90682,7.61643,2022-08-07T14:40:31,['3902220465_1'],['https://inaturalist-open-data.s3.amazonaws.com/photos/224977081/original.jpg']
3902459676,46.4061,6.862499,2022-08-25T15:50:42,"['3902459676_1', '3902459676_2', '3902459676_3']","['https://inaturalist-open-data.s3.amazonaws.com/photos/225264976/original.jpg', 'https://inaturalist-open-data.s3.amazonaws.com/photos/225265048/original.jpg', 'https://inaturalist-open-data.s3.amazonaws.com/photos/225265106/original.jpg']"
3902534183,44.560602,9.283929,2022-08-25T10:50:31,"['3902534183_1', '3902534183_2']","['https://inaturalist-open-data.s3.amazonaws.com/photos/225189028/original.jpeg', 'https://inaturalist-open-data.s3.amazonaws.com/photos/225189036/original.jpeg']"
3902539855,41.920063,13.307432,2022-08-17T16:48:57,"['3902539855_1', '3902539855_2']","['https://inaturalist-open-data.s3.amazonaws.com/photos/223462789/original.jpeg', 'https://inaturalist-open-data.s3.amazonaws.com/photos/223462820/original.jpeg']"
3902662663,44.341509,3.366154,2022-08-21T09:06:21,"['3902662663_1', '3902662663_2']","['https://inaturalist-open-data.s3.amazonaws.com/photos/224463597/original.jpeg', 'https://inaturalist-open-data.s3.amazonaws.com/photos/224463613/original.jpeg']"
3902705019,46.166412,11.232413,2022-08-22T09:26,['3902705019_1'],['https://inaturalist-open-data.s3.amazonaws.com/photos/224488695/original.jpeg']
3902707170,44.915975,7.031422,2022-08-26T08:50:41,['3902707170_1'],['https://inaturalist-open-data.s3.amazonaws.com/photos/225425065/original.jpeg']
3902730314,42.666895,0.563936,2022-08-31T21:00,['3902730314_1'],['https://inaturalist-open-data.s3.amazonaws.com/photos/226706404/original.jpeg']
3902784166,47.060685,7.008847,2022-08-31T12:17:02,['3902784166_1'],['https://inaturalist-open-data.s3.amazonaws.com/photos/226659799/original.jpeg']
3903137006,45.039988,7.181943,2022-08-19T09:15:08,"['3903137006_1', '3903137006_2']","['https://inaturalist-open-data.s3.amazonaws.com/photos/223689155/original.jpeg', 'https://inaturalist-open-data.s3.amazonaws.com/photos/223689178/original.jpeg']"
3905494048,42.15,-3.25,2022-08-09,['3905494048_1'],['https://observation.org/photos/56957619.jpg']
3907457983,44.887215,6.444156,2022-08-10,"['3907457983_1', '3907457983_2']","['https://observation.org/photos/57017303.jpg', 'https://observation.org/photos/57017304.jpg']"
3912344153,45.039892,7.182694,2022-08-19,"['3912344153_1', '3912344153_2', '3912344153_3', '3912344153_4', '3912344153_5', '3912344153_6', '3912344153_7', '3912344153_8']","['https://inaturalist-open-data.s3.amazonaws.com/photos/231104417/original.jpeg', 'https://inaturalist-open-data.s3.amazonaws.com/photos/231104434/original.jpeg', 'https://inaturalist-open-data.s3.amazonaws.com/photos/231104457/original.jpeg', 'https://inaturalist-open-data.s3.amazonaws.com/photos/231104472/original.jpeg', 'https://inaturalist-open-data.s3.amazonaws.com/photos/231104494/original.jpeg', 'https://inaturalist-open-data.s3.amazonaws.com/photos/231104511/original.jpeg', 'https://inaturalist-open-data.s3.amazonaws.com/photos/231104530/original.jpeg', 'https://inaturalist-open-data.s3.amazonaws.com/photos/231104557/original.jpeg']"
3923469178,45.736638,7.519457,2022-08-20T12:04:19,"['3923469178_1', '3923469178_2']","['https://inaturalist-open-data.s3.amazonaws.com/photos/234143246/original.jpeg', 'https://inaturalist-open-data.s3.amazonaws.com/photos/234143403/original.jpeg']"
3947550521,42.882134,-0.394852,2022-08-15T10:55:44,['3947550521_1'],['https://inaturalist-open-data.s3.amazonaws.com/photos/237324169/original.jpeg']
3995802323,47.49363,1.25832,2022-08-26,['3995802323_1'],['https://observation.org/photos/57229104.jpg']
4011741146,45.834546,6.865535,2022-08-27T17:53,['4011741146_1'],['https://inaturalist-open-data.s3.amazonaws.com/photos/250116123/original.jpeg']
4028679942,46.169518,6.753936,2022-08-01T10:07,['4028679942_1'],['https://inaturalist-open-data.s3.amazonaws.com/photos/219074524/original.jpeg']
4029220938,48.552151,-1.968484,2022-08-31T10:38,"['4029220938_1', '4029220938_2', '4029220938_3']","['https://inaturalist-open-data.s3.amazonaws.com/photos/255260955/original.jpeg', 'https://inaturalist-open-data.s3.amazonaws.com/photos/255261265/original.jpeg', 'https://inaturalist-open-data.s3.amazonaws.com/photos/255261300/original.jpeg']"
4029253714,48.552151,-1.968484,2022-08-31T10:10,['4029253714_1'],['https://inaturalist-open-data.s3.amazonaws.com/photos/255260715/original.jpeg']
4029255571,48.553873,-1.968183,2022-08-31T14:31,['4029255571_1'],['https://inaturalist-open-data.s3.amazonaws.com/photos/255261391/original.jpeg']
4029315687,48.552957,-1.967711,2022-08-31T10:49,['4029315687_1'],['https://inaturalist-open-data.s3.amazonaws.com/photos/255261412/original.jpeg']
4034723632,42.337605,1.934988,2022-08-17T16:17,['4034723632_1'],['https://inaturalist-open-data.s3.amazonaws.com/photos/255947063/original.jpg']
4056002162,42.533603,2.399233,2022-08-12,['4056002162_1'],['https://observation.org/photos/56397552.jpg']
4056181791,44.739961,6.993588,2022-08-25,['4056181791_1'],['https://observation.org/photos/57170839.jpg']
4056226939,45.487125,1.94227,2022-08-05,"['4056226939_1', '4056226939_2', '4056226939_3']","['https://observation.org/photos/55996863.jpg', 'https://observation.org/photos/55996864.jpg', 'https://observation.org/photos/55996865.jpg']"
4056234039,45.002406,5.791244,2022-08-02,['4056234039_1'],['https://observation.org/photos/55756848.jpg']
4056434888,45.487228,1.94237,2022-08-04,['4056434888_1'],['https://observation.org/photos/55915943.jpg']
4056449013,45.578158,10.684196,2022-08-16,['4056449013_1'],['https://observation.org/photos/56656359.jpg']
4056465885,46.204396,2.468458,2022-08-14,['4056465885_1'],['https://observation.org/photos/56520283.jpg']
4056612752,45.594855,7.398383,2022-08-20,['4056612752_1'],['https://observation.org/photos/56891754.jpg']
4460792416,42.171063,1.568491,2022-08-21,"['4460792416_1', '4460792416_2', '4460792416_3']","['https://observation.org/photos/77164894.jpg', 'https://observation.org/photos/77164895.jpg', 'https://observation.org/photos/77164896.jpg']"
4994226329,46.072466,11.119878,2022-08-23T11:02,['4994226329_1'],['https://inaturalist-open-data.s3.amazonaws.com/photos/454849020/original.jpeg']
5015550696,47.737846,8.16636,2022-08-28T00:00,"['5015550696_1', '5015550696_2']","['https://live.staticflickr.com/65535/52324211549_bee12d9b96_b.jpg', 'https://live.staticflickr.com/65535/52324211439_692183a248_b.jpg']"
5104309706,45.386097,4.10344,2022-08-17T16:45:34,"['5104309706_1', '5104309706_2', '5104309706_3']","['https://inaturalist-open-data.s3.amazonaws.com/photos/224711923/original.jpeg', 'https://inaturalist-open-data.s3.amazonaws.com/photos/224711939/original.jpeg', 'https://inaturalist-open-data.s3.amazonaws.com/photos/224711963/original.jpeg']"
5104572530,44.263334,6.30464,2022-08-15T18:10:10,['5104572530_1'],['https://inaturalist-open-data.s3.amazonaws.com/photos/479086435/original.jpeg']
5897120655,45.620717,7.603975,2022-08-24T10:37:36,['5897120655_1'],['https://inaturalist-open-data.s3.amazonaws.com/photos/591815766/original.jpg']
6334801813,42.671738,0.65045,2022-08-24T09:03:47,['6334801813_1'],['https://inaturalist-open-data.s3.amazonaws.com/photos/665055505/original.jpg']
6431349514,44.248146,6.529987,2022-08-15T13:58,['6431349514_1'],['https://inaturalist-open-data.s3.amazonaws.com/photos/692904797/original.jpg']
3902768095,42.748406,11.50425,2022-09-11T10:55,['3902768095_1'],['https://inaturalist-open-data.s3.amazonaws.com/photos/229657741/original.jpeg']
3902777293,45.858147,11.058262,2022-09-02T15:22,['3902777293_1'],['https://inaturalist-open-data.s3.amazonaws.com/photos/228162150/original.jpeg']
3903539483,45.94535,1.244955,2022-09-06T15:08:04,['3903539483_1'],['https://inaturalist-open-data.s3.amazonaws.com/photos/228160077/original.jpg']
3903552213,43.434238,12.960603,2022-09-13T09:37:28,"['3903552213_1', '3903552213_2', '3903552213_3', '3903552213_4']","['https://inaturalist-open-data.s3.amazonaws.com/photos/229894204/original.jpeg', 'https://inaturalist-open-data.s3.amazonaws.com/photos/229894210/original.jpeg', 'https://inaturalist-open-data.s3.amazonaws.com/photos/229894218/original.jpeg', 'https://inaturalist-open-data.s3.amazonaws.com/photos/229894225/original.jpeg']"
3912126146,48.557514,-1.969645,2022-09-12T19:17:48,['3912126146_1'],['https://inaturalist-open-data.s3.amazonaws.com/photos/230141002/original.jpeg']
3912174802,41.413881,14.361019,2022-09-13T14:19,['3912174802_1'],['https://inaturalist-open-data.s3.amazonaws.com/photos/230375929/original.jpeg']
3912474587,44.774411,7.041538,2022-09-17T11:29,"['3912474587_1', '3912474587_2', '3912474587_3', '3912474587_4', '3912474587_5', '3912474587_6', '3912474587_7', '3912474587_8', '3912474587_9', '3912474587_10']","['https://inaturalist-open-data.s3.amazonaws.com/photos/231462040/original.jpeg', 'https://inaturalist-open-data.s3.amazonaws.com/photos/231462453/original.jpeg', 'https://inaturalist-open-data.s3.amazonaws.com/photos/231462506/original.jpeg', 'https://inaturalist-open-data.s3.amazonaws.com/photos/231462709/original.jpeg', 'https://inaturalist-open-data.s3.amazonaws.com/photos/231462884/original.jpeg', 'https://inaturalist-open-data.s3.amazonaws.com/photos/231462918/original.jpeg', 'https://inaturalist-open-data.s3.amazonaws.com/photos/231462960/original.jpeg', 'https://inaturalist-open-data.s3.amazonaws.com/photos/231463018/original.jpeg', 'https://inaturalist-open-data.s3.amazonaws.com/photos/231463073/original.jpeg', 'https://inaturalist-open-data.s3.amazonaws.com/photos/231463120/original.jpeg']"
3912474739,44.77448,7.041613,2022-09-17T14:11,"['3912474739_1', '3912474739_2', '3912474739_3', '3912474739_4', '3912474739_5']","['https://inaturalist-open-data.s3.amazonaws.com/photos/231622468/original.jpeg', 'https://inaturalist-open-data.s3.amazonaws.com/photos/231622484/original.jpeg', 'https://inaturalist-open-data.s3.amazonaws.com/photos/231622501/original.jpeg', 'https://inaturalist-open-data.s3.amazonaws.com/photos/231622516/original.jpeg', 'https://inaturalist-open-data.s3.amazonaws.com/photos/231622528/original.jpeg']"
3915519402,40.8073,15.535454,2022-09-23T12:52:52,['3915519402_1'],['https://inaturalist-open-data.s3.amazonaws.com/photos/232309100/original.jpeg']
3961239867,41.306485,13.823526,2022-09-09T13:09,['3961239867_1'],['https://inaturalist-open-data.s3.amazonaws.com/photos/239841373/original.jpeg']
3995078941,45.797212,6.992455,2022-09-02,['3995078941_1'],['https://observation.org/photos/57549891.jpg']
3995460492,42.75,-3.85,2022-09-11,['3995460492_1'],['https://observation.org/photos/58175529.jpg']
3996580471,46.1879,2.828253,2022-09-18,['3996580471_1'],['https://observation.org/photos/58174908.jpg']
3996664229,42.3,2.35,2022-09-15,['3996664229_1'],['https://observation.org/photos/58065591.jpg']
3997160727,42.905538,12.215146,2022-09-24,"['3997160727_1', '3997160727_2']","['https://observation.org/photos/58380327.jpg', 'https://observation.org/photos/58380329.jpg']"
3997217443,44.435292,6.98352,2022-09-06,['3997217443_1'],['https://observation.org/photos/57759833.jpg']
3997532723,42.6,-0.1,2022-09-03,"['3997532723_1', '3997532723_2']","['https://observation.org/photos/57895422.jpg', 'https://observation.org/photos/57895423.jpg']"
4006702758,45.932673,10.877787,2022-09-03T13:44,['4006702758_1'],['https://inaturalist-open-data.s3.amazonaws.com/photos/247738257/original.jpeg']
4056307106,47.200695,0.024841,2022-09-20,['4056307106_1'],['https://observation.org/photos/58223761.jpg']
4056889625,45.59796,7.429467,2022-09-26,['4056889625_1'],['https://observation.org/photos/59995426.jpg']
4057384432,46.853253,-2.135383,2022-09-21,"['4057384432_1', '4057384432_2']","['https://observation.org/photos/58281380.jpg', 'https://observation.org/photos/58281381.jpg']"
4067286036,42.555093,11.706347,2022-09-17T08:46,['4067286036_1'],['https://inaturalist-open-data.s3.amazonaws.com/photos/261173371/original.jpg']
3923345354,43.069563,11.030699,2022-10-02T16:34:32,['3923345354_1'],['https://inaturalist-open-data.s3.amazonaws.com/photos/234428718/original.jpeg']
3923487231,44.563031,8.774044,2022-10-01T13:42:37,['3923487231_1'],['https://inaturalist-open-data.s3.amazonaws.com/photos/234242236/original.jpeg']
3923518291,44.171795,7.553236,2022-10-02T11:31:09,['3923518291_1'],['https://inaturalist-open-data.s3.amazonaws.com/photos/234385276/original.jpg']
3923547400,43.675665,3.674076,2022-10-02T11:32,['3923547400_1'],['https://inaturalist-open-data.s3.amazonaws.com/photos/234633538/original.jpeg']
3923623618,45.67445,7.485865,2022-10-04T11:46:25,"['3923623618_1', '3923623618_2', '3923623618_3', '3923623618_4']","['https://inaturalist-open-data.s3.amazonaws.com/photos/234891616/original.jpeg', 'https://inaturalist-open-data.s3.amazonaws.com/photos/234891669/original.jpeg', 'https://inaturalist-open-data.s3.amazonaws.com/photos/234891706/original.jpeg', 'https://inaturalist-open-data.s3.amazonaws.com/photos/234891762/original.jpeg']"
3924989204,48.556549,-1.97493,2022-10-02T12:57:30,['3924989204_1'],['https://inaturalist-open-data.s3.amazonaws.com/photos/235725717/original.jpeg']
3924994176,48.557003,-1.973295,2022-10-02T12:03:17,['3924994176_1'],['https://inaturalist-open-data.s3.amazonaws.com/photos/235725326/original.jpeg']
3924998211,48.557484,-1.97186,2022-10-02T11:13:09,"['3924998211_1', '3924998211_2']","['https://inaturalist-open-data.s3.amazonaws.com/photos/235723710/original.jpeg', 'https://inaturalist-open-data.s3.amazonaws.com/photos/235723735/original.jpeg']"
3925015194,48.557148,-1.972403,2022-10-02T12:32:29,['3925015194_1'],['https://inaturalist-open-data.s3.amazonaws.com/photos/235732659/original.jpeg']
3925027207,48.55722,-1.972392,2022-10-02T12:35:41,['3925027207_1'],['https://inaturalist-open-data.s3.amazonaws.com/photos/235725597/original.jpeg']
3925027211,48.557518,-1.971302,2022-10-02T14:33:04,['3925027211_1'],['https://inaturalist-open-data.s3.amazonaws.com/photos/235731519/original.jpeg']
3925059227,48.556293,-1.975715,2022-10-02T13:36:05,['3925059227_1'],['https://inaturalist-open-data.s3.amazonaws.com/photos/235726348/original.jpeg']
3925115199,48.55759,-1.971097,2022-10-02T10:41:03,['3925115199_1'],['https://inaturalist-open-data.s3.amazonaws.com/photos/235723466/original.jpeg']
3925118217,48.55648,-1.975017,2022-10-02T13:58:42,['3925118217_1'],['https://inaturalist-open-data.s3.amazonaws.com/photos/235726425/original.jpeg']
3925152209,48.556683,-1.97468,2022-10-02T17:09:03,['3925152209_1'],['https://inaturalist-open-data.s3.amazonaws.com/photos/235732211/original.jpeg']
3925172198,48.557018,-1.973067,2022-10-02T13:12:31,['3925172198_1'],['https://inaturalist-open-data.s3.amazonaws.com/photos/235725959/original.jpeg']
3925183215,48.557606,-1.970727,2022-10-02T14:36:40,"['3925183215_1', '3925183215_2']","['https://inaturalist-open-data.s3.amazonaws.com/photos/235731740/original.jpeg', 'https://inaturalist-open-data.s3.amazonaws.com/photos/235731767/original.jpeg']"
3925313249,48.55703,-1.973065,2022-10-02T11:54:14,['3925313249_1'],['https://inaturalist-open-data.s3.amazonaws.com/photos/235725015/original.jpeg']
3925410494,48.557067,-1.973538,2022-10-02T11:03,['3925410494_1'],['https://inaturalist-open-data.s3.amazonaws.com/photos/236263445/original.jpg']
3925439197,48.557362,-1.97166,2022-10-02T16:41:05,['3925439197_1'],['https://inaturalist-open-data.s3.amazonaws.com/photos/235731967/original.jpeg']
3925447215,48.557491,-1.970083,2022-10-02T14:48:46,['3925447215_1'],['https://inaturalist-open-data.s3.amazonaws.com/photos/235731877/original.jpeg']
3925453268,48.557388,-1.971553,2022-10-02T14:16:52,['3925453268_1'],['https://inaturalist-open-data.s3.amazonaws.com/photos/235731460/original.jpeg']
3925489532,48.557014,-1.97405,2022-10-02T09:32,['3925489532_1'],['https://inaturalist-open-data.s3.amazonaws.com/photos/236263430/original.jpg']
3947131827,41.476471,13.320808,2022-10-15T15:57:13,['3947131827_1'],['https://inaturalist-open-data.s3.amazonaws.com/photos/237898413/original.jpeg']
3947351489,40.319,15.953396,2022-10-15T13:38:21,['3947351489_1'],['https://inaturalist-open-data.s3.amazonaws.com/photos/237403234/original.jpeg']
3947374875,47.242817,0.689387,2022-10-18T14:13:39,['3947374875_1'],['https://inaturalist-open-data.s3.amazonaws.com/photos/238080715/original.jpg']
3947412968,45.135777,7.210537,2022-10-18T12:33:52,['3947412968_1'],['https://inaturalist-open-data.s3.amazonaws.com/photos/238169105/original.jpeg']
3947433936,45.135777,7.210537,2022-10-18T12:33:52,['3947433936_1'],['https://inaturalist-open-data.s3.amazonaws.com/photos/238169473/original.jpeg']
3947458323,47.682667,0.016428,2022-10-22T13:15:02,['3947458323_1'],['https://inaturalist-open-data.s3.amazonaws.com/photos/238829971/original.jpg']
3947488591,38.928752,16.57441,2022-10-16T13:56:24,"['3947488591_1', '3947488591_2']","['https://inaturalist-open-data.s3.amazonaws.com/photos/237583306/original.jpeg', 'https://inaturalist-open-data.s3.amazonaws.com/photos/237583357/original.jpeg']"
3947695072,45.068222,7.042526,2022-10-11T14:34,['3947695072_1'],['https://inaturalist-open-data.s3.amazonaws.com/photos/236695604/original.jpeg']
3947819706,41.990183,12.815927,2022-10-16T15:50:08,['3947819706_1'],['https://inaturalist-open-data.s3.amazonaws.com/photos/237624116/original.jpeg']
3961011805,48.556896,-1.973843,2022-10-22T14:32:37,['3961011805_1'],['https://inaturalist-open-data.s3.amazonaws.com/photos/239657324/original.jpeg']
3961077475,43.27998,12.828213,2022-10-18T10:27,['3961077475_1'],['https://inaturalist-open-data.s3.amazonaws.com/photos/240759786/original.jpg']
3961099766,48.557205,-1.972285,2022-10-22T13:08:10,['3961099766_1'],['https://inaturalist-open-data.s3.amazonaws.com/photos/239656910/original.jpeg']
3961105767,48.556545,-1.975413,2022-10-22T10:59:03,['3961105767_1'],['https://inaturalist-open-data.s3.amazonaws.com/photos/239656680/original.jpeg']
3961119777,48.557163,-1.972422,2022-10-22T13:20:34,['3961119777_1'],['https://inaturalist-open-data.s3.amazonaws.com/photos/239656961/original.jpeg']
3961259763,48.557102,-1.972827,2022-10-22T13:30:56,['3961259763_1'],['https://inaturalist-open-data.s3.amazonaws.com/photos/239657038/original.jpeg']
3961318686,43.884317,3.278598,2022-10-30T10:31,"['3961318686_1', '3961318686_2']","['https://inaturalist-open-data.s3.amazonaws.com/photos/241193755/original.jpg', 'https://inaturalist-open-data.s3.amazonaws.com/photos/241194413/original.jpg']"
3961358766,48.557499,-1.969715,2022-10-22T15:32:28,['3961358766_1'],['https://inaturalist-open-data.s3.amazonaws.com/photos/239657415/original.jpeg']
3961365804,48.556862,-1.973995,2022-10-22T14:23:18,"['3961365804_1', '3961365804_2']","['https://inaturalist-open-data.s3.amazonaws.com/photos/239657193/original.jpeg', 'https://inaturalist-open-data.s3.amazonaws.com/photos/239657207/original.jpeg']"
3961374790,48.556911,-1.973797,2022-10-22T11:45:40,['3961374790_1'],['https://inaturalist-open-data.s3.amazonaws.com/photos/239656709/original.jpeg']
3961448779,48.556896,-1.973843,2022-10-22T14:32:30,['3961448779_1'],['https://inaturalist-open-data.s3.amazonaws.com/photos/239657269/original.jpeg']
3961489305,45.445589,6.784778,2022-10-30T12:02:25,"['3961489305_1', '3961489305_2']","['https://inaturalist-open-data.s3.amazonaws.com/photos/240530332/original.jpeg', 'https://inaturalist-open-data.s3.amazonaws.com/photos/240530351/original.jpeg']"
3961507705,43.65073,3.621026,2022-10-29T15:03,['3961507705_1'],['https://inaturalist-open-data.s3.amazonaws.com/photos/241194717/original.jpg']
3986391439,48.573292,-1.981782,2022-10-22T13:19,['3986391439_1'],['https://inaturalist-open-data.s3.amazonaws.com/photos/245739025/original.jpeg']
3988454995,42.765591,13.503678,2022-10-08T12:04,['3988454995_1'],['https://inaturalist-open-data.s3.amazonaws.com/photos/246230383/original.jpg']
3995615682,42.6,0.1,2022-10-29,['3995615682_1'],['https://observation.org/photos/60484207.jpg']
4056527141,43.063515,12.651478,2022-10-03,['4056527141_1'],['https://observation.org/photos/58831756.jpg']
4056632814,42.853765,13.500201,2022-10-14,['4056632814_1'],['https://observation.org/photos/59428692.jpg']
4056814606,47.450791,-1.290786,2022-10-14,['4056814606_1'],['https://observation.org/photos/59493852.jpg']
4129911687,42.056564,12.972719,2022-10-16T11:45,['4129911687_1'],['https://inaturalist-open-data.s3.amazonaws.com/photos/285912043/original.jpg']
4413778519,45.381062,5.352665,2022-10-11T14:22:48,"['4413778519_1', '4413778519_2']","['https://inaturalist-open-data.s3.amazonaws.com/photos/236512418/original.jpeg', 'https://inaturalist-open-data.s3.amazonaws.com/photos/236512542/original.jpeg']"
4442701646,40.754006,14.698282,2022-10-08T18:33:16,['4442701646_1'],['https://inaturalist-open-data.s3.amazonaws.com/photos/335217835/original.jpeg']
4597389376,45.746228,1.25733,2022-10-16T18:21,['4597389376_1'],['https://inaturalist-open-data.s3.amazonaws.com/photos/356470750/original.jpg']
4908439918,44.741112,6.321917,2022-10-02T12:33,"['4908439918_1', '4908439918_2', '4908439918_3', '4908439918_4']","['https://inaturalist-open-data.s3.amazonaws.com/photos/407505809/original.jpg', 'https://inaturalist-open-data.s3.amazonaws.com/photos/407506086/original.jpg', 'https://inaturalist-open-data.s3.amazonaws.com/photos/407506116/original.jpg', 'https://inaturalist-open-data.s3.amazonaws.com/photos/407506171/original.jpg']"
5133259713,45.788831,8.080766,2022-10-15T11:44:28,['5133259713_1'],['https://inaturalist-open-data.s3.amazonaws.com/photos/485165214/original.jpeg']
5838025265,46.293509,7.99786,2022-10-06T12:48:22,['5838025265_1'],['https://inaturalist-open-data.s3.amazonaws.com/photos/571806045/original.jpg']
6150760677,46.20248,2.462458,2022-10-17,['6150760677_1'],['https://observation.org/photos/131441433.jpg']
6441610840,43.327,10.595033,2022-10-11T15:15,"['6441610840_1', '6441610840_2']","['https://inaturalist-open-data.s3.amazonaws.com/photos/694046754/original.jpg', 'https://inaturalist-open-data.s3.amazonaws.com/photos/694046760/original.jpg']"
3966617354,43.644298,3.614192,2022-11-04T18:56,['3966617354_1'],['https://inaturalist-open-data.s3.amazonaws.com/photos/243531287/original.jpg']
3966708195,45.045502,7.105774,2022-11-13T13:43:29,"['3966708195_1', '3966708195_2']","['https://inaturalist-open-data.s3.amazonaws.com/photos/243214528/original.jpeg', 'https://inaturalist-open-data.s3.amazonaws.com/photos/243214551/original.jpeg']"
3985912279,43.648422,3.615645,2022-11-23T06:52,['3985912279_1'],['https://inaturalist-open-data.s3.amazonaws.com/photos/245430117/original.jpg']
3985988313,43.648422,3.615645,2022-11-04T15:05,['3985988313_1'],['https://inaturalist-open-data.s3.amazonaws.com/photos/245424043/original.jpg']
3986157320,43.648422,3.615645,2022-11-16T13:26,['3986157320_1'],['https://inaturalist-open-data.s3.amazonaws.com/photos/245429541/original.jpg']
4018173984,45.445342,1.135419,2022-11-10T13:33,['4018173984_1'],['https://inaturalist-open-data.s3.amazonaws.com/photos/251675035/original.jpg']
4500865941,45.018453,7.204747,2022-11-05,['4500865941_1'],['https://inaturalist-open-data.s3.amazonaws.com/photos/341316094/original.jpeg']
3988454823,43.811783,3.14598,2022-12-01T16:54,['3988454823_1'],['https://inaturalist-open-data.s3.amazonaws.com/photos/245994015/original.jpg']
3994321276,47.114987,1.820219,2022-12-13T11:02:04,"['3994321276_1', '3994321276_2', '3994321276_3']","['https://inaturalist-open-data.s3.amazonaws.com/photos/247657080/original.jpeg', 'https://inaturalist-open-data.s3.amazonaws.com/photos/247657085/original.jpeg', 'https://inaturalist-open-data.s3.amazonaws.com/photos/247657094/original.jpeg']"
4006764955,44.380938,11.262653,2022-12-17T11:38:33,"['4006764955_1', '4006764955_2', '4006764955_3']","['https://inaturalist-open-data.s3.amazonaws.com/photos/248080298/original.jpg', 'https://inaturalist-open-data.s3.amazonaws.com/photos/248080305/original.jpg', 'https://inaturalist-open-data.s3.amazonaws.com/photos/248080309/original.jpg']"
3039382048,45.127424,7.938034,2021-01-31T11:02:27,['3039382048_1'],['https://inaturalist-open-data.s3.amazonaws.com/photos/111597223/original.jpeg']
3039282714,43.120196,10.575849,2021-02-07T15:00:01,['3039282714_1'],['https://inaturalist-open-data.s3.amazonaws.com/photos/112257936/original.jpeg']
3044676984,44.12457,11.81099,2021-02-19,['3044676984_1'],['https://inaturalist-open-data.s3.amazonaws.com/photos/113782352/original.jpeg']
3044725721,43.495501,12.935759,2021-02-19,['3044725721_1'],['https://inaturalist-open-data.s3.amazonaws.com/photos/113465045/original.jpg']
3044943819,45.139305,7.967521,2021-02-21T10:42:59,"['3044943819_1', '3044943819_2', '3044943819_3']","['https://inaturalist-open-data.s3.amazonaws.com/photos/113591907/original.jpeg', 'https://inaturalist-open-data.s3.amazonaws.com/photos/113591923/original.jpeg', 'https://inaturalist-open-data.s3.amazonaws.com/photos/113591946/original.jpeg']"
3058889883,46.036664,7.040674,2021-02-26T14:42:31,"['3058889883_1', '3058889883_2', '3058889883_3', '3058889883_4']","['https://inaturalist-open-data.s3.amazonaws.com/photos/114063974/original.jpg', 'https://inaturalist-open-data.s3.amazonaws.com/photos/114063979/original.jpg', 'https://inaturalist-open-data.s3.amazonaws.com/photos/114063989/original.jpg', 'https://inaturalist-open-data.s3.amazonaws.com/photos/114063993/original.jpg']"
3070649204,45.98125,11.08497,2021-02-11T09:06,['3070649204_1'],['https://inaturalist-open-data.s3.amazonaws.com/photos/117937998/original.jpeg']
4129793960,42.654867,12.326656,2021-02-27T15:32:21,['4129793960_1'],['https://inaturalist-open-data.s3.amazonaws.com/photos/285159554/original.jpg']
4597327420,45.45608,1.218004,2021-02-28T13:33,['4597327420_1'],['https://inaturalist-open-data.s3.amazonaws.com/photos/356479276/original.jpg']
3061599695,44.735244,5.365316,2021-03-12,['3061599695_1'],['https://inaturalist-open-data.s3.amazonaws.com/photos/115666099/original.jpg']
3061654914,42.253222,1.802248,2021-03-14T13:55,['3061654914_1'],['https://inaturalist-open-data.s3.amazonaws.com/photos/116435676/original.jpeg']
3070380075,46.425527,6.750827,2021-03-30T13:06:22,"['3070380075_1', '3070380075_2']","['https://inaturalist-open-data.s3.amazonaws.com/photos/118170371/original.jpg', 'https://inaturalist-open-data.s3.amazonaws.com/photos/118170385/original.jpg']"
3070415441,43.776346,3.807854,2021-03-28T12:06,"['3070415441_1', '3070415441_2', '3070415441_3']","['https://inaturalist-open-data.s3.amazonaws.com/photos/118102646/original.jpg', 'https://inaturalist-open-data.s3.amazonaws.com/photos/118102648/original.jpg', 'https://inaturalist-open-data.s3.amazonaws.com/photos/118102654/original.jpg']"
3070455995,43.074446,11.022199,2021-03-28T13:47:34,['3070455995_1'],['https://inaturalist-open-data.s3.amazonaws.com/photos/117787951/original.jpeg']
3070665808,46.033059,11.49539,2021-03-28T09:20,['3070665808_1'],['https://inaturalist-open-data.s3.amazonaws.com/photos/117938585/original.jpeg']
3070778244,42.967873,2.707427,2021-03-21T16:22:02,['3070778244_1'],['https://inaturalist-open-data.s3.amazonaws.com/photos/117957492/original.jpg']
3079607424,45.866676,5.686413,2021-03-28T13:06:34,['3079607424_1'],['https://inaturalist-open-data.s3.amazonaws.com/photos/118762866/original.jpeg']
3090573256,45.136083,7.932757,2021-03-30T13:30,['3090573256_1'],['https://inaturalist-open-data.s3.amazonaws.com/photos/120076777/original.jpeg']
3090723244,43.229062,11.043839,2021-03-25,['3090723244_1'],['https://inaturalist-open-data.s3.amazonaws.com/photos/119983742/original.jpg']
3892480586,41.767962,13.604402,2021-03-31T14:31,['3892480586_1'],['https://inaturalist-open-data.s3.amazonaws.com/photos/221445679/original.jpg']
5217047454,45.51173,10.97422,2021-03-15T14:50:08,['5217047454_1'],['https://inaturalist-open-data.s3.amazonaws.com/photos/530595736/original.jpg']
3079543300,46.529478,-1.808798,2021-04-02T17:10,['3079543300_1'],['https://inaturalist-open-data.s3.amazonaws.com/photos/118605709/original.jpg']
3079559252,46.56681,6.763448,2021-04-02T11:17:08,"['3079559252_1', '3079559252_2']","['https://inaturalist-open-data.s3.amazonaws.com/photos/118594264/original.jpg', 'https://inaturalist-open-data.s3.amazonaws.com/photos/118594660/original.jpg']"
3079591976,45.930495,10.889652,2021-04-05T22:16,['3079591976_1'],['https://inaturalist-open-data.s3.amazonaws.com/photos/119323769/original.jpg']
3079593444,42.216607,12.095637,2021-04-02T17:04:39,['3079593444_1'],['https://inaturalist-open-data.s3.amazonaws.com/photos/118696742/original.jpeg']
3079672287,44.648333,-0.5875,2021-04-02T15:25:49,['3079672287_1'],['https://inaturalist-open-data.s3.amazonaws.com/photos/118548372/original.jpeg']
3079688728,45.235787,5.7694,2021-04-04T15:05:26,['3079688728_1'],['https://inaturalist-open-data.s3.amazonaws.com/photos/119016722/original.jpg']
3079692654,44.174484,5.089191,2021-04-04T18:27:09,"['3079692654_1', '3079692654_2', '3079692654_3']","['https://inaturalist-open-data.s3.amazonaws.com/photos/118948682/original.jpg', 'https://inaturalist-open-data.s3.amazonaws.com/photos/118948944/original.jpg', 'https://inaturalist-open-data.s3.amazonaws.com/photos/118949066/original.jpg']"
3079740438,43.922343,11.99418,2021-04-02T18:44:04,['3079740438_1'],['https://inaturalist-open-data.s3.amazonaws.com/photos/118697230/original.jpeg']
3079743390,42.198189,12.623347,2021-04-02T15:38Z,"['3079743390_1', '3079743390_2', '3079743390_3', '3079743390_4', '3079743390_5']","['https://inaturalist-open-data.s3.amazonaws.com/photos/118606684/original.jpeg', 'https://inaturalist-open-data.s3.amazonaws.com/photos/118606714/original.jpeg', 'https://inaturalist-open-data.s3.amazonaws.com/photos/118606734/original.jpeg', 'https://inaturalist-open-data.s3.amazonaws.com/photos/118606754/original.jpeg', 'https://inaturalist-open-data.s3.amazonaws.com/photos/118606786/original.jpeg']"
3079775500,43.95429,11.901963,2021-04-02T15:31,['3079775500_1'],['https://inaturalist-open-data.s3.amazonaws.com/photos/118697342/original.jpeg']
3079813899,45.940972,10.916938,2021-04-04T13:04:25,['3079813899_1'],['https://inaturalist-open-data.s3.amazonaws.com/photos/119339773/original.jpg']
3079814945,46.021327,11.425918,2021-04-04T15:34,['3079814945_1'],['https://inaturalist-open-data.s3.amazonaws.com/photos/119310727/original.jpg']
3079837756,46.095241,11.092259,2021-04-05T14:29:07,['3079837756_1'],['https://inaturalist-open-data.s3.amazonaws.com/photos/119138935/original.jpeg']
3079852629,44.053708,7.975376,2021-04-04T14:32:40,"['3079852629_1', '3079852629_2', '3079852629_3']","['https://inaturalist-open-data.s3.amazonaws.com/photos/118925122/original.jpeg', 'https://inaturalist-open-data.s3.amazonaws.com/photos/118925134/original.jpeg', 'https://inaturalist-open-data.s3.amazonaws.com/photos/118925142/original.jpeg']"
3079860346,46.530688,-1.808558,2021-04-02T16:22,"['3079860346_1', '3079860346_2']","['https://inaturalist-open-data.s3.amazonaws.com/photos/118601507/original.jpg', 'https://inaturalist-open-data.s3.amazonaws.com/photos/118602948/original.jpg']"
3079894561,42.912675,-2.810157,2021-04-02T11:41,"['3079894561_1', '3079894561_2']","['https://inaturalist-open-data.s3.amazonaws.com/photos/118950952/original.jpeg', 'https://inaturalist-open-data.s3.amazonaws.com/photos/118951283/original.jpeg']"
3090687990,42.796362,-1.613678,2021-04-12T16:03:24,['3090687990_1'],['https://inaturalist-open-data.s3.amazonaws.com/photos/120959697/original.jpg']
3090715687,45.082729,7.963607,2021-04-13T15:43:33,"['3090715687_1', '3090715687_2']","['https://inaturalist-open-data.s3.amazonaws.com/photos/120608344/original.jpeg', 'https://inaturalist-open-data.s3.amazonaws.com/photos/120608402/original.jpeg']"
3090810182,42.897707,-2.740582,2021-04-10T13:15:14,['3090810182_1'],['https://inaturalist-open-data.s3.amazonaws.com/photos/119965826/original.jpg']
3097018799,41.982719,12.539674,2021-04-17T17:12:57,['3097018799_1'],['https://inaturalist-open-data.s3.amazonaws.com/photos/121356280/original.jpeg']
3097117744,42.834071,-2.679595,2021-04-23T11:48,['3097117744_1'],['https://inaturalist-open-data.s3.amazonaws.com/photos/122505172/original.jpg']
3097357326,45.274853,6.904542,2021-04-20T12:12:49,"['3097357326_1', '3097357326_2']","['https://inaturalist-open-data.s3.amazonaws.com/photos/122000903/original.jpeg', 'https://inaturalist-open-data.s3.amazonaws.com/photos/122000923/original.jpeg']"
3097369546,45.051162,6.7202,2021-04-05T14:36,['3097369546_1'],['https://inaturalist-open-data.s3.amazonaws.com/photos/122189752/original.jpeg']
3097424751,47.433349,6.768623,2021-04-23T09:46:59,['3097424751_1'],['https://inaturalist-open-data.s3.amazonaws.com/photos/122493404/original.jpg']
3109021065,47.892804,2.056819,2021-04-25T17:28:27,['3109021065_1'],['https://inaturalist-open-data.s3.amazonaws.com/photos/123148348/original.jpeg']
3109038724,45.14451,7.891439,2021-04-24T17:30,['3109038724_1'],['https://inaturalist-open-data.s3.amazonaws.com/photos/122760574/original.jpeg']
3109071727,43.080054,10.983599,2021-04-23T19:30,['3109071727_1'],['https://inaturalist-open-data.s3.amazonaws.com/photos/122754820/original.jpeg']
3109123600,45.606746,10.133802,2021-04-06T16:23,['3109123600_1'],['https://inaturalist-open-data.s3.amazonaws.com/photos/123862822/original.jpg']
3109147334,45.860574,10.728285,2021-04-28T12:28:28,['3109147334_1'],['https://inaturalist-open-data.s3.amazonaws.com/photos/123583362/original.jpeg']
3109189208,46.115561,11.082583,2021-04-27T14:43:47,"['3109189208_1', '3109189208_2', '3109189208_3', '3109189208_4']","['https://inaturalist-open-data.s3.amazonaws.com/photos/123389099/original.jpg', 'https://inaturalist-open-data.s3.amazonaws.com/photos/123389112/original.jpg', 'https://inaturalist-open-data.s3.amazonaws.com/photos/123389127/original.jpg', 'https://inaturalist-open-data.s3.amazonaws.com/photos/123389150/original.jpg']"
3109246516,45.261043,4.473365,2021-04-25T18:16,['3109246516_1'],['https://inaturalist-open-data.s3.amazonaws.com/photos/123814157/original.jpeg']
3109269874,45.109606,10.567171,2021-04-25T16:01:07,['3109269874_1'],['https://inaturalist-open-data.s3.amazonaws.com/photos/122946711/original.jpeg']
3109318595,44.325423,7.991717,2021-04-23T14:13,"['3109318595_1', '3109318595_2', '3109318595_3']","['https://inaturalist-open-data.s3.amazonaws.com/photos/122592382/original.jpeg', 'https://inaturalist-open-data.s3.amazonaws.com/photos/122592516/original.jpeg', 'https://inaturalist-open-data.s3.amazonaws.com/photos/122592630/original.jpeg']"
3112300585,40.821349,17.231362,2021-04-30T16:22:21Z,['3112300585_1'],['https://inaturalist-open-data.s3.amazonaws.com/photos/124072167/original.jpeg']
3112365562,46.377098,7.822654,2021-04-30T14:21:16,['3112365562_1'],['https://inaturalist-open-data.s3.amazonaws.com/photos/124033731/original.jpeg']
3112528911,46.094814,6.629557,2021-04-11T11:28:50,['3112528911_1'],['https://inaturalist-open-data.s3.amazonaws.com/photos/124497716/original.jpeg']
3118290234,45.069252,6.877248,2021-04-22T17:00,['3118290234_1'],['https://inaturalist-open-data.s3.amazonaws.com/photos/129596779/original.jpg']
3301955932,45.841072,10.815423,2021-04-25T23:01,['3301955932_1'],['https://inaturalist-open-data.s3.amazonaws.com/photos/132967274/original.jpeg']
3384203758,46.116918,6.154471,2021-04-03T11:55:01,['3384203758_1'],['https://inaturalist-open-data.s3.amazonaws.com/photos/157169732/original.jpeg']
3415576789,42.789546,-0.914589,2021-04-02T14:14:49,"['3415576789_1', '3415576789_2']","['https://inaturalist-open-data.s3.amazonaws.com/photos/169083347/original.jpeg', 'https://inaturalist-open-data.s3.amazonaws.com/photos/169083376/original.jpeg']"
3499579893,41.356922,13.013927,2021-04-08T12:13,['3499579893_1'],['https://inaturalist-open-data.s3.amazonaws.com/photos/179633506/original.jpg']
3698195116,41.319564,13.708895,2021-04-21,"['3698195116_1', '3698195116_2']","['https://inaturalist-open-data.s3.amazonaws.com/photos/180348518/original.jpeg', 'https://inaturalist-open-data.s3.amazonaws.com/photos/180348527/original.jpeg']"
3731226996,42.789769,-0.914391,2021-04-02,"['3731226996_1', '3731226996_2']","['https://observation.org/photos/44882077.jpg', 'https://observation.org/photos/44882078.jpg']"
3802592090,46.018938,8.177695,2021-04-24T10:46,['3802592090_1'],['https://inaturalist-open-data.s3.amazonaws.com/photos/200577288/original.jpeg']
3881900735,42.570018,11.760058,2021-04-10T11:12,['3881900735_1'],['https://inaturalist-open-data.s3.amazonaws.com/photos/219506985/original.jpg']
4022106306,46.023691,6.126287,2021-04-03T12:51,['4022106306_1'],['https://inaturalist-open-data.s3.amazonaws.com/photos/252791657/original.jpg']
4056453373,46.530688,-1.808558,2021-04-02,"['4056453373_1', '4056453373_2']","['https://observation.org/photos/56819177.jpg', 'https://observation.org/photos/56819178.jpg']"
4057185301,46.529478,-1.808798,2021-04-02,['4057185301_1'],['https://observation.org/photos/56812189.jpg']
4080820638,44.373854,4.972264,2021-04-27,['4080820638_1'],['https://inaturalist-open-data.s3.amazonaws.com/photos/266838875/original.jpg']
4465497049,48.199265,7.327711,2021-04-17T14:55,['4465497049_1'],['https://inaturalist-open-data.s3.amazonaws.com/photos/340300499/original.jpeg']
5036789790,43.494092,10.45166,2021-04-01T13:56:52,['5036789790_1'],['https://inaturalist-open-data.s3.amazonaws.com/photos/462455760/original.jpeg']
5134781510,47.203393,-1.660543,2021-04-01T16:34,['5134781510_1'],['https://inaturalist-open-data.s3.amazonaws.com/photos/484165597/original.jpeg']
5141146762,41.599074,13.1428,2021-04-30T13:43,['5141146762_1'],['https://inaturalist-open-data.s3.amazonaws.com/photos/496987242/original.jpg']
6252906384,46.312533,7.46433,2021-04-20T09:26,"['6252906384_1', '6252906384_2', '6252906384_3', '6252906384_4']","['https://inaturalist-open-data.s3.amazonaws.com/photos/651261636/original.jpg', 'https://inaturalist-open-data.s3.amazonaws.com/photos/651261653/original.jpg', 'https://inaturalist-open-data.s3.amazonaws.com/photos/651261637/original.jpg', 'https://inaturalist-open-data.s3.amazonaws.com/photos/651261640/original.jpg']"
6422455074,44.266423,4.90563,2021-04-27T13:26,"['6422455074_1', '6422455074_2', '6422455074_3']","['https://inaturalist-open-data.s3.amazonaws.com/photos/685161436/original.jpg', 'https://inaturalist-open-data.s3.amazonaws.com/photos/685161674/original.jpg', 'https://inaturalist-open-data.s3.amazonaws.com/photos/685161683/original.jpg']"
6451986078,47.352171,1.756931,2021-04-08T17:28,['6451986078_1'],['https://inaturalist-open-data.s3.amazonaws.com/photos/699188285/original.jpg']
6452306624,47.352171,1.756931,2021-04-17T16:47,['6452306624_1'],['https://inaturalist-open-data.s3.amazonaws.com/photos/698843013/original.jpg']
6452390789,47.352171,1.756931,2021-04-28T10:36,['6452390789_1'],['https://inaturalist-open-data.s3.amazonaws.com/photos/699182605/original.jpg']
3112694507,45.924258,10.906129,2021-05-05T10:49:28,['3112694507_1'],['https://inaturalist-open-data.s3.amazonaws.com/photos/126619928/original.jpeg']
3112849520,46.069032,11.612539,2021-05-02,"['3112849520_1', '3112849520_2']","['https://inaturalist-open-data.s3.amazonaws.com/photos/125356771/original.jpeg', 'https://inaturalist-open-data.s3.amazonaws.com/photos/125703577/original.jpeg']"
3112881572,42.762958,13.4067,2021-05-02,['3112881572_1'],['https://inaturalist-open-data.s3.amazonaws.com/photos/125307565/original.jpg']
3112897516,42.118232,12.120579,2021-05-03T14:36:49,"['3112897516_1', '3112897516_2']","['https://inaturalist-open-data.s3.amazonaws.com/photos/126509215/original.jpg', 'https://inaturalist-open-data.s3.amazonaws.com/photos/126509295/original.jpg']"
3112942395,44.421117,4.921167,2021-05-02T15:44:48,"['3112942395_1', '3112942395_2']","['https://inaturalist-open-data.s3.amazonaws.com/photos/125223520/original.jpeg', 'https://inaturalist-open-data.s3.amazonaws.com/photos/125223710/original.jpeg']"
3112943380,45.703007,10.540436,2021-05-02T13:05Z,"['3112943380_1', '3112943380_2']","['https://inaturalist-open-data.s3.amazonaws.com/photos/125166292/original.jpeg', 'https://inaturalist-open-data.s3.amazonaws.com/photos/125168815/original.jpeg']"
3113248945,46.133284,6.184448,2021-05-08T11:54,['3113248945_1'],['https://inaturalist-open-data.s3.amazonaws.com/photos/127508618/original.jpeg']
3113264933,42.260175,1.66136,2021-05-08T12:29,['3113264933_1'],['https://inaturalist-open-data.s3.amazonaws.com/photos/127480781/original.jpeg']
3113359107,43.239335,13.196451,2021-05-08T09:56:56,['3113359107_1'],['https://inaturalist-open-data.s3.amazonaws.com/photos/127683248/original.jpeg']
3113387631,46.042245,6.058795,2021-05-12T11:28:04,['3113387631_1'],['https://inaturalist-open-data.s3.amazonaws.com/photos/128376622/original.jpg']
3113427102,45.55052,10.888891,2021-05-09T13:39,['3113427102_1'],['https://inaturalist-open-data.s3.amazonaws.com/photos/127675878/original.jpeg']
3113472819,46.484577,7.740014,2021-05-09T16:22:50,['3113472819_1'],['https://inaturalist-open-data.s3.amazonaws.com/photos/128612103/original.jpg']
3113497683,42.057417,12.832464,2021-05-12T12:35,"['3113497683_1', '3113497683_2']","['https://inaturalist-open-data.s3.amazonaws.com/photos/128409868/original.jpeg', 'https://inaturalist-open-data.s3.amazonaws.com/photos/128409884/original.jpeg']"
3113517313,45.864692,11.05112,2021-05-08T15:02:22,['3113517313_1'],['https://inaturalist-open-data.s3.amazonaws.com/photos/127957502/original.jpg']
3113517315,46.247257,11.016227,2021-05-09T12:22,['3113517315_1'],['https://inaturalist-open-data.s3.amazonaws.com/photos/127958615/original.jpg']
3113552102,42.923928,0.14264,2021-05-08T17:22:25,"['3113552102_1', '3113552102_2']","['https://inaturalist-open-data.s3.amazonaws.com/photos/127690891/original.jpg', 'https://inaturalist-open-data.s3.amazonaws.com/photos/127691546/original.jpg']"
3113578021,42.314121,2.367697,2021-05-08T10:14:35,['3113578021_1'],['https://inaturalist-open-data.s3.amazonaws.com/photos/127552698/original.jpeg']
3113612367,45.855239,11.100295,2021-05-10T17:04,['3113612367_1'],['https://inaturalist-open-data.s3.amazonaws.com/photos/128000170/original.jpeg']
3117747614,46.042217,6.058625,2021-05-13T18:59:25,['3117747614_1'],['https://inaturalist-open-data.s3.amazonaws.com/photos/128797533/original.jpg']
3117814601,44.250433,8.362903,2021-05-14T10:22:16,"['3117814601_1', '3117814601_2', '3117814601_3']","['https://inaturalist-open-data.s3.amazonaws.com/photos/128787782/original.jpeg', 'https://inaturalist-open-data.s3.amazonaws.com/photos/128787786/original.jpeg', 'https://inaturalist-open-data.s3.amazonaws.com/photos/128787795/original.jpeg']"
3117916887,43.052678,13.159419,2021-05-15,['3117916887_1'],['https://inaturalist-open-data.s3.amazonaws.com/photos/129175450/original.jpeg']
3118196709,44.935807,0.71476,2021-05-20T17:04:24,"['3118196709_1', '3118196709_2', '3118196709_3']","['https://inaturalist-open-data.s3.amazonaws.com/photos/130288198/original.jpeg', 'https://inaturalist-open-data.s3.amazonaws.com/photos/130288254/original.jpeg', 'https://inaturalist-open-data.s3.amazonaws.com/photos/130288301/original.jpeg']"
3118278244,44.199655,10.715031,2021-05-17T16:17:47,['3118278244_1'],['https://inaturalist-open-data.s3.amazonaws.com/photos/129618761/original.jpg']
3118369570,40.381715,16.045465,2021-05-19T17:55:22,['3118369570_1'],['https://inaturalist-open-data.s3.amazonaws.com/photos/130064092/original.jpeg']
3124539995,42.961543,13.236936,2021-05-23T14:54,['3124539995_1'],['https://inaturalist-open-data.s3.amazonaws.com/photos/131247906/original.jpg']
3124800911,44.987772,7.143373,2021-05-24T14:01,"['3124800911_1', '3124800911_2']","['https://inaturalist-open-data.s3.amazonaws.com/photos/131243766/original.jpeg', 'https://inaturalist-open-data.s3.amazonaws.com/photos/131244425/original.jpeg']"
3301789061,45.940027,5.457755,2021-05-30T11:14:43,['3301789061_1'],['https://inaturalist-open-data.s3.amazonaws.com/photos/132556399/original.jpg']
3302030828,45.972602,6.43482,2021-05-29T22:45:24,['3302030828_1'],['https://inaturalist-open-data.s3.amazonaws.com/photos/132438127/original.jpg']
3302065665,46.059576,10.964669,2021-05-04T22:52,['3302065665_1'],['https://inaturalist-open-data.s3.amazonaws.com/photos/132964962/original.jpeg']
3302105416,45.954962,6.504649,2021-05-23T15:47,"['3302105416_1', '3302105416_2']","['https://inaturalist-open-data.s3.amazonaws.com/photos/132548373/original.jpeg', 'https://inaturalist-open-data.s3.amazonaws.com/photos/132548381/original.jpeg']"
3302108562,45.305479,7.170638,2021-05-28T13:29:50,['3302108562_1'],['https://inaturalist-open-data.s3.amazonaws.com/photos/132579525/original.jpeg']
3302128139,37.905354,14.00142,2021-05-29T11:30,['3302128139_1'],['https://inaturalist-open-data.s3.amazonaws.com/photos/132645912/original.jpeg']
3302161943,41.747205,13.927362,2021-05-31T11:27,['3302161943_1'],['https://inaturalist-open-data.s3.amazonaws.com/photos/133874110/original.jpeg']
3302309084,42.178758,-2.689843,2021-05-29T12:13:57,"['3302309084_1', '3302309084_2', '3302309084_3', '3302309084_4']","['https://inaturalist-open-data.s3.amazonaws.com/photos/132565621/original.jpeg', 'https://inaturalist-open-data.s3.amazonaws.com/photos/132565639/original.jpeg', 'https://inaturalist-open-data.s3.amazonaws.com/photos/132565661/original.jpeg', 'https://inaturalist-open-data.s3.amazonaws.com/photos/132565674/original.jpeg']"
3302444206,45.955564,11.269574,2021-05-30T18:08,['3302444206_1'],['https://inaturalist-open-data.s3.amazonaws.com/photos/132888844/original.png']
3302449380,45.897109,11.068601,2021-05-27,['3302449380_1'],['https://inaturalist-open-data.s3.amazonaws.com/photos/132850940/original.jpeg']
3302463626,45.930849,9.580753,2021-05-30T08:27,['3302463626_1'],['https://inaturalist-open-data.s3.amazonaws.com/photos/132646369/original.jpeg']
3307392027,45.932071,10.877564,2021-05-21T17:32,['3307392027_1'],['https://inaturalist-open-data.s3.amazonaws.com/photos/135834149/original.jpeg']
3325800411,42.77555,13.115564,2021-05-08T11:21:45,['3325800411_1'],['https://inaturalist-open-data.s3.amazonaws.com/photos/127673045/original.jpg']
3333414806,43.671547,6.375315,2021-05-09T11:03,"['3333414806_1', '3333414806_2']","['https://inaturalist-open-data.s3.amazonaws.com/photos/145791290/original.jpeg', 'https://inaturalist-open-data.s3.amazonaws.com/photos/145791245/original.jpeg']"
3499499907,43.858088,6.316002,2021-05-04T13:51,"['3499499907_1', '3499499907_2']","['https://inaturalist-open-data.s3.amazonaws.com/photos/179406094/original.jpeg', 'https://inaturalist-open-data.s3.amazonaws.com/photos/179406119/original.jpeg']"
3743211485,41.714244,12.420448,2021-05-17T11:22,['3743211485_1'],['https://inaturalist-open-data.s3.amazonaws.com/photos/182421838/original.jpg']
3764245928,45.679851,10.816846,2021-05-04,['3764245928_1'],['https://inaturalist-open-data.s3.amazonaws.com/photos/190567197/original.jpeg']
4111974207,46.919779,-2.007268,2021-05-11T22:50,['4111974207_1'],['https://inaturalist-open-data.s3.amazonaws.com/photos/277729519/original.jpg']
4171337667,42.780765,-2.680767,2021-05-17T16:31,['4171337667_1'],['https://inaturalist-open-data.s3.amazonaws.com/photos/302105115/original.jpeg']
4461970910,42.05,2.7,2021-05-07,['4461970910_1'],['https://observation.org/photos/79769833.jpg']
4462369403,42.9,-3.4,2021-05-15,['4462369403_1'],['https://observation.org/photos/79788208.jpg']
4854914364,43.713486,11.185458,2021-05-09T10:21:29,"['4854914364_1', '4854914364_2']","['https://inaturalist-open-data.s3.amazonaws.com/photos/377017347/original.jpeg', 'https://inaturalist-open-data.s3.amazonaws.com/photos/377019098/original.jpeg']"
4921966304,48.199545,7.318369,2021-05-29T10:56:56,['4921966304_1'],['https://inaturalist-open-data.s3.amazonaws.com/photos/415959306/original.jpeg']
4923986328,48.194614,7.315234,2021-05-29T09:11:03,['4923986328_1'],['https://inaturalist-open-data.s3.amazonaws.com/photos/416516086/original.jpeg']
4982324905,45.654676,9.098134,2021-05-21T21:15,['4982324905_1'],['https://inaturalist-open-data.s3.amazonaws.com/photos/130531348/original.jpeg']
5019784981,42.705162,11.644773,2021-05-30T00:00,"['5019784981_1', '5019784981_2']","['https://live.staticflickr.com/65535/51213892733_2643ef0142_b.jpg', 'https://live.staticflickr.com/65535/51213892578_11592b9093_b.jpg']"
5063382810,44.985982,6.479497,2021-05-28T11:37:40,"['5063382810_1', '5063382810_2']","['https://inaturalist-open-data.s3.amazonaws.com/photos/465885231/original.jpeg', 'https://inaturalist-open-data.s3.amazonaws.com/photos/465885474/original.jpeg']"
6451526797,47.352171,1.756931,2021-05-19T18:41,['6451526797_1'],['https://inaturalist-open-data.s3.amazonaws.com/photos/701076892/original.jpg']
6470205575,47.352171,1.756931,2021-05-09T18:07,['6470205575_1'],['https://inaturalist-open-data.s3.amazonaws.com/photos/702353262/original.jpg']
3301858419,44.184475,7.26057,2021-06-05T12:14:10,['3301858419_1'],['https://inaturalist-open-data.s3.amazonaws.com/photos/134229371/original.jpg']
3301965662,45.712559,10.671836,2021-06-06T15:35,['3301965662_1'],['https://inaturalist-open-data.s3.amazonaws.com/photos/134813795/original.jpg']
3302054198,44.553193,8.82037,2021-06-02T16:22,['3302054198_1'],['https://inaturalist-open-data.s3.amazonaws.com/photos/133403399/original.jpg']
3302143131,41.369171,14.374794,2021-06-03T16:39:15,['3302143131_1'],['https://inaturalist-open-data.s3.amazonaws.com/photos/133760497/original.jpeg']
3302450516,46.306671,6.430537,2021-06-01T11:34:10,['3302450516_1'],['https://inaturalist-open-data.s3.amazonaws.com/photos/133085527/original.jpeg']
3302456551,46.383792,10.044428,2021-06-05T14:35,"['3302456551_1', '3302456551_2']","['https://inaturalist-open-data.s3.amazonaws.com/photos/134675937/original.jpeg', 'https://inaturalist-open-data.s3.amazonaws.com/photos/134675912/original.jpeg']"
3302484513,46.115304,11.290383,2021-06-03T12:19:43,['3302484513_1'],['https://inaturalist-open-data.s3.amazonaws.com/photos/133536044/original.jpeg']
3302538710,45.034442,3.080286,2021-06-06T19:17:43,['3302538710_1'],['https://inaturalist-open-data.s3.amazonaws.com/photos/134583088/original.jpg']
3302552108,44.865908,7.041992,2021-06-02T10:31:42,['3302552108_1'],['https://inaturalist-open-data.s3.amazonaws.com/photos/133305373/original.jpeg']
3302561452,46.184799,11.023759,2021-06-10T15:17:35,"['3302561452_1', '3302561452_2', '3302561452_3', '3302561452_4']","['https://inaturalist-open-data.s3.amazonaws.com/photos/135291986/original.jpeg', 'https://inaturalist-open-data.s3.amazonaws.com/photos/135292013/original.jpeg', 'https://inaturalist-open-data.s3.amazonaws.com/photos/135292047/original.jpeg', 'https://inaturalist-open-data.s3.amazonaws.com/photos/135292091/original.jpeg']"
3307147230,48.367011,2.534261,2021-06-13T12:47:13,"['3307147230_1', '3307147230_2', '3307147230_3', '3307147230_4', '3307147230_5']","['https://inaturalist-open-data.s3.amazonaws.com/photos/135974292/original.jpeg', 'https://inaturalist-open-data.s3.amazonaws.com/photos/135974469/original.jpeg', 'https://inaturalist-open-data.s3.amazonaws.com/photos/135974532/original.jpeg', 'https://inaturalist-open-data.s3.amazonaws.com/photos/135974568/original.jpeg', 'https://inaturalist-open-data.s3.amazonaws.com/photos/136000003/original.jpeg']"
3307158129,45.691025,7.495328,2021-06-15T13:18:32,"['3307158129_1', '3307158129_2']","['https://inaturalist-open-data.s3.amazonaws.com/photos/136722561/original.jpeg', 'https://inaturalist-open-data.s3.amazonaws.com/photos/136722611/original.jpeg']"
3307248462,45.758654,7.890958,2021-06-13T09:07:42,"['3307248462_1', '3307248462_2']","['https://inaturalist-open-data.s3.amazonaws.com/photos/136223978/original.jpeg', 'https://inaturalist-open-data.s3.amazonaws.com/photos/136224005/original.jpeg']"
3307280304,45.78444,7.944377,2021-06-13T09:07:21,['3307280304_1'],['https://inaturalist-open-data.s3.amazonaws.com/photos/136032247/original.jpeg']
3307294267,45.614235,7.979535,2021-06-13T10:05:34,['3307294267_1'],['https://inaturalist-open-data.s3.amazonaws.com/photos/136031965/original.jpeg']
3307308296,45.652106,7.876112,2021-06-13T10:22:40,['3307308296_1'],['https://inaturalist-open-data.s3.amazonaws.com/photos/136032675/original.jpeg']
3307348179,45.989032,11.031753,2021-06-12T01:42,['3307348179_1'],['https://inaturalist-open-data.s3.amazonaws.com/photos/135865822/original.jpeg']
3307411090,42.820912,13.213567,2021-06-15T16:38:08,"['3307411090_1', '3307411090_2', '3307411090_3']","['https://inaturalist-open-data.s3.amazonaws.com/photos/136589591/original.jpg', 'https://inaturalist-open-data.s3.amazonaws.com/photos/136589626/original.jpg', 'https://inaturalist-open-data.s3.amazonaws.com/photos/136589641/original.jpg']"
3307431931,42.879113,13.261091,2021-06-12,['3307431931_1'],['https://inaturalist-open-data.s3.amazonaws.com/photos/135781563/original.jpg']
3307495407,42.899489,1.062764,2021-06-12T20:27,"['3307495407_1', '3307495407_2', '3307495407_3']","['https://inaturalist-open-data.s3.amazonaws.com/photos/136032285/original.jpeg', 'https://inaturalist-open-data.s3.amazonaws.com/photos/136033572/original.jpeg', 'https://inaturalist-open-data.s3.amazonaws.com/photos/136033583/original.jpeg']"
3314142667,46.004926,10.971028,2021-06-18T17:01,['3314142667_1'],['https://inaturalist-open-data.s3.amazonaws.com/photos/137219514/original.jpg']
3314185290,43.734859,12.370676,2021-06-19T22:31,['3314185290_1'],['https://inaturalist-open-data.s3.amazonaws.com/photos/138186015/original.jpg']
3314238974,45.526067,7.17208,2021-06-19T12:25,['3314238974_1'],['https://inaturalist-open-data.s3.amazonaws.com/photos/137679407/original.jpg']
3314309137,44.486668,5.334093,2021-06-21T17:42,['3314309137_1'],['https://inaturalist-open-data.s3.amazonaws.com/photos/137913500/original.jpg']
3314365331,42.43836,11.757349,2021-06-22T21:11:31,['3314365331_1'],['https://inaturalist-open-data.s3.amazonaws.com/photos/138285354/original.jpeg']
3314379824,44.273579,11.060837,2021-06-19T21:27,['3314379824_1'],['https://inaturalist-open-data.s3.amazonaws.com/photos/137457127/original.jpeg']
3314494075,46.425703,8.422989,2021-06-21T11:33:38,['3314494075_1'],['https://inaturalist-open-data.s3.amazonaws.com/photos/137858255/original.jpeg']
3314544548,47.578651,1.334767,2021-06-24T22:05:36,['3314544548_1'],['https://inaturalist-open-data.s3.amazonaws.com/photos/138614235/original.jpeg']
3320850083,45.84469,10.597972,2021-06-27T10:58,['3320850083_1'],['https://inaturalist-open-data.s3.amazonaws.com/photos/139468591/original.jpeg']
3320857249,46.289569,11.507966,2021-06-29T11:03,['3320857249_1'],['https://inaturalist-open-data.s3.amazonaws.com/photos/139694895/original.jpeg']
3320881940,42.676114,0.652035,2021-06-25T14:41:37,['3320881940_1'],['https://inaturalist-open-data.s3.amazonaws.com/photos/139182507/original.jpeg']
3320890217,43.88432,11.70832,2021-06-28T19:22,['3320890217_1'],['https://inaturalist-open-data.s3.amazonaws.com/photos/139623102/original.jpeg']
3320959994,44.212437,7.680795,2021-06-26T13:31:25,['3320959994_1'],['https://inaturalist-open-data.s3.amazonaws.com/photos/139232288/original.jpg']
3321046482,44.952709,6.935391,2021-06-10T13:43,['3321046482_1'],['https://inaturalist-open-data.s3.amazonaws.com/photos/140151030/original.jpeg']
3321079102,46.023468,11.006731,2021-06-04T15:14,['3321079102_1'],['https://inaturalist-open-data.s3.amazonaws.com/photos/139497031/original.jpeg']
3321153843,45.862448,10.829531,2021-06-20T19:37,['3321153843_1'],['https://inaturalist-open-data.s3.amazonaws.com/photos/139025029/original.jpeg']
3321165249,44.188492,7.68698,2021-06-11T14:46,['3321165249_1'],['https://inaturalist-open-data.s3.amazonaws.com/photos/139752116/original.jpg']
3321201254,46.076908,10.858404,2021-06-22T10:56,['3321201254_1'],['https://inaturalist-open-data.s3.amazonaws.com/photos/139694246/original.jpg']
3321315498,44.991672,6.952451,2021-06-25T15:33:18,['3321315498_1'],['https://inaturalist-open-data.s3.amazonaws.com/photos/140109487/original.jpg']
3325485759,47.052843,6.933492,2021-06-12T06:36:40,['3325485759_1'],['https://inaturalist-open-data.s3.amazonaws.com/photos/140594347/original.jpg']
3333280667,42.362668,2.289374,2021-06-21T09:37,['3333280667_1'],['https://inaturalist-open-data.s3.amazonaws.com/photos/145556191/original.jpeg']
3415540262,45.458016,7.13479,2021-06-06T11:08,['3415540262_1'],['https://inaturalist-open-data.s3.amazonaws.com/photos/168487466/original.jpeg']
3416001230,47.923977,7.247651,2021-06-19T08:35:47,['3416001230_1'],['https://inaturalist-open-data.s3.amazonaws.com/photos/169865193/original.jpeg']
3455573918,43.361413,13.045946,2021-06-12T10:21:12,"['3455573918_1', '3455573918_2', '3455573918_3']","['https://inaturalist-open-data.s3.amazonaws.com/photos/172555096/original.jpg', 'https://inaturalist-open-data.s3.amazonaws.com/photos/172827469/original.jpg', 'https://inaturalist-open-data.s3.amazonaws.com/photos/172827486/original.jpg']"
3712651364,47.576253,6.913629,2021-06-11T17:28,"['3712651364_1', '3712651364_2', '3712651364_3']","['https://inaturalist-open-data.s3.amazonaws.com/photos/136094406/original.jpg', 'https://inaturalist-open-data.s3.amazonaws.com/photos/136094417/original.jpg', 'https://inaturalist-open-data.s3.amazonaws.com/photos/138353062/original.jpg']"
3720959648,44.87273,5.351213,2021-06-17,['3720959648_1'],['https://observation.org/photos/37496119.jpg']
3722316745,44.688023,6.144349,2021-06-05,['3722316745_1'],['https://observation.org/photos/39060784.jpg']
3729891231,46.62551,5.884552,2021-06-22,['3729891231_1'],['https://observation.org/photos/37854815.jpg']
3731120569,42.857843,-0.291619,2021-06-25,"['3731120569_1', '3731120569_2']","['https://observation.org/photos/39156425.jpg', 'https://observation.org/photos/39156426.jpg']"
3743004417,38.076247,15.356192,2021-06-26T09:13,['3743004417_1'],['https://inaturalist-open-data.s3.amazonaws.com/photos/175994841/original.jpg']
3889160090,41.890159,13.073015,2021-06-28T12:04,['3889160090_1'],['https://inaturalist-open-data.s3.amazonaws.com/photos/220123206/original.jpg']
3892306877,42.023094,12.910836,2021-06-17T09:35,['3892306877_1'],['https://inaturalist-open-data.s3.amazonaws.com/photos/222154797/original.jpg']
3892663865,42.336349,12.390925,2021-06-25,['3892663865_1'],['https://inaturalist-open-data.s3.amazonaws.com/photos/222175878/original.jpg']
4405226878,46.181333,6.066402,2021-06-12T10:32,['4405226878_1'],['https://inaturalist-open-data.s3.amazonaws.com/photos/314139290/original.jpeg']
4599934612,46.401067,6.826938,2021-06-05T15:57,"['4599934612_1', '4599934612_2']","['https://inaturalist-open-data.s3.amazonaws.com/photos/176676384/original.jpg', 'https://inaturalist-open-data.s3.amazonaws.com/photos/176676382/original.jpg']"
5063810526,44.964651,6.570985,2021-06-23,"['5063810526_1', '5063810526_2']","['https://inaturalist-open-data.s3.amazonaws.com/photos/468283218/original.jpeg', 'https://inaturalist-open-data.s3.amazonaws.com/photos/468283896/original.jpeg']"
5104335213,44.333001,6.912194,2021-06-14T15:30,['5104335213_1'],['https://inaturalist-open-data.s3.amazonaws.com/photos/477845147/original.jpeg']
6469684531,47.352171,1.756931,2021-06-22T19:23,['6469684531_1'],['https://inaturalist-open-data.s3.amazonaws.com/photos/703566058/original.jpg']
6469699327,47.352171,1.756931,2021-06-20T19:10,['6469699327_1'],['https://inaturalist-open-data.s3.amazonaws.com/photos/703570649/original.jpg']
6469741057,42.3574,2.355253,2021-06-25T12:49,"['6469741057_1', '6469741057_2', '6469741057_3']","['https://inaturalist-open-data.s3.amazonaws.com/photos/703406106/original.jpg', 'https://inaturalist-open-data.s3.amazonaws.com/photos/703406101/original.jpg', 'https://inaturalist-open-data.s3.amazonaws.com/photos/703406100/original.jpg']"
6469749644,47.352171,1.756931,2021-06-11T19:55,['6469749644_1'],['https://inaturalist-open-data.s3.amazonaws.com/photos/703809259/original.jpg']
6469796534,47.352171,1.756931,2021-06-10T21:52,['6469796534_1'],['https://inaturalist-open-data.s3.amazonaws.com/photos/703807896/original.jpg']
6469892414,47.352171,1.756931,2021-06-11T19:55,['6469892414_1'],['https://inaturalist-open-data.s3.amazonaws.com/photos/703809188/original.jpg']
6469901836,47.352171,1.756931,2021-06-26T20:51,['6469901836_1'],['https://inaturalist-open-data.s3.amazonaws.com/photos/703944202/original.jpg']
6470084707,47.352171,1.756931,2021-06-22T19:06,['6470084707_1'],['https://inaturalist-open-data.s3.amazonaws.com/photos/703564690/original.jpg']
6470096370,47.352171,1.756931,2021-06-17T17:41,['6470096370_1'],['https://inaturalist-open-data.s3.amazonaws.com/photos/703812110/original.jpg']
6470201613,47.352171,1.756931,2021-06-05T17:55,['6470201613_1'],['https://inaturalist-open-data.s3.amazonaws.com/photos/703943666/original.jpg']
6470210985,47.352171,1.756931,2021-06-20T19:18,['6470210985_1'],['https://inaturalist-open-data.s3.amazonaws.com/photos/703571172/original.jpg']
6470455089,47.352171,1.756931,2021-06-03T19:32,['6470455089_1'],['https://inaturalist-open-data.s3.amazonaws.com/photos/703801478/original.jpg']
6470534019,47.352171,1.756931,2021-06-10T21:52,['6470534019_1'],['https://inaturalist-open-data.s3.amazonaws.com/photos/703808009/original.jpg']
6470596518,47.352171,1.756931,2021-06-03T19:41,['6470596518_1'],['https://inaturalist-open-data.s3.amazonaws.com/photos/703801618/original.jpg']
3321256568,46.053814,8.057343,2021-07-01T10:55:45,['3321256568_1'],['https://inaturalist-open-data.s3.amazonaws.com/photos/140256330/original.jpeg']
3325544079,45.568254,11.0765,2021-07-05T18:24:43Z,"['3325544079_1', '3325544079_2', '3325544079_3']","['https://inaturalist-open-data.s3.amazonaws.com/photos/141200219/original.jpeg', 'https://inaturalist-open-data.s3.amazonaws.com/photos/141200252/original.jpeg', 'https://inaturalist-open-data.s3.amazonaws.com/photos/141200288/original.jpeg']"
3325571909,47.260356,7.565819,2021-07-03,['3325571909_1'],['https://inaturalist-open-data.s3.amazonaws.com/photos/140922983/original.jpeg']
3325748412,46.052482,8.510618,2021-07-03,['3325748412_1'],['https://inaturalist-open-data.s3.amazonaws.com/photos/141687983/original.jpeg']
3325786281,45.109519,7.245888,2021-07-05T13:19,['3325786281_1'],['https://inaturalist-open-data.s3.amazonaws.com/photos/141460284/original.jpeg']
3325815016,46.315671,8.086034,2021-07-03T11:26:36,['3325815016_1'],['https://inaturalist-open-data.s3.amazonaws.com/photos/141130078/original.jpeg']
3325861393,46.295047,8.300771,2021-07-06T11:09:08,['3325861393_1'],['https://inaturalist-open-data.s3.amazonaws.com/photos/141709840/original.jpeg']
3327716805,44.174222,7.385975,2021-07-02T13:13:29,"['3327716805_1', '3327716805_2', '3327716805_3']","['https://inaturalist-open-data.s3.amazonaws.com/photos/142304026/original.jpg', 'https://inaturalist-open-data.s3.amazonaws.com/photos/142304066/original.jpg', 'https://inaturalist-open-data.s3.amazonaws.com/photos/142304088/original.jpg']"
3327760775,44.179628,7.385383,2021-07-04T14:35:49,['3327760775_1'],['https://inaturalist-open-data.s3.amazonaws.com/photos/142303857/original.jpg']
3328014006,44.57049,8.748477,2021-07-10T14:30,['3328014006_1'],['https://inaturalist-open-data.s3.amazonaws.com/photos/142646322/original.jpeg']
3328151342,46.044606,8.509691,2021-07-12T11:04,['3328151342_1'],['https://inaturalist-open-data.s3.amazonaws.com/photos/143191365/original.jpeg']
3328165381,46.044606,8.509691,2021-07-12T11:04,['3328165381_1'],['https://inaturalist-open-data.s3.amazonaws.com/photos/143190989/original.jpeg']
3330683254,45.092845,7.181657,2021-07-15T15:48:04,"['3330683254_1', '3330683254_2', '3330683254_3']","['https://inaturalist-open-data.s3.amazonaws.com/photos/144834488/original.jpeg', 'https://inaturalist-open-data.s3.amazonaws.com/photos/145074361/original.jpeg', 'https://inaturalist-open-data.s3.amazonaws.com/photos/145074376/original.jpeg']"
3330886516,47.281295,-1.115364,2021-07-20T08:15,['3330886516_1'],['https://inaturalist-open-data.s3.amazonaws.com/photos/145318744/original.jpeg']
3330890440,46.287739,11.461046,2021-07-21T18:35:06,['3330890440_1'],['https://inaturalist-open-data.s3.amazonaws.com/photos/145198608/original.jpeg']
3333082013,44.251533,6.730954,2021-07-12T17:56,['3333082013_1'],['https://inaturalist-open-data.s3.amazonaws.com/photos/146124113/original.jpg']
3333087290,42.441931,2.514501,2021-07-27T16:10:59,"['3333087290_1', '3333087290_2', '3333087290_3', '3333087290_4']","['https://inaturalist-open-data.s3.amazonaws.com/photos/146607543/original.jpeg', 'https://inaturalist-open-data.s3.amazonaws.com/photos/146607574/original.jpeg', 'https://inaturalist-open-data.s3.amazonaws.com/photos/146607610/original.jpeg', 'https://inaturalist-open-data.s3.amazonaws.com/photos/146607649/original.jpeg']"
3333185472,45.73896,6.778605,2021-07-27T14:34,"['3333185472_1', '3333185472_2', '3333185472_3', '3333185472_4']","['https://inaturalist-open-data.s3.amazonaws.com/photos/146935719/original.jpg', 'https://inaturalist-open-data.s3.amazonaws.com/photos/146935774/original.jpg', 'https://inaturalist-open-data.s3.amazonaws.com/photos/146935753/original.jpg', 'https://inaturalist-open-data.s3.amazonaws.com/photos/146935698/original.jpg']"
3333201444,45.738147,6.779118,2021-07-27T14:10,['3333201444_1'],['https://inaturalist-open-data.s3.amazonaws.com/photos/146935598/original.jpg']
3333264047,42.704975,-2.863857,2021-07-20T19:41:22,['3333264047_1'],['https://inaturalist-open-data.s3.amazonaws.com/photos/146204014/original.jpeg']
3333410624,45.470397,6.552778,2021-07-22T21:15Z,"['3333410624_1', '3333410624_2', '3333410624_3', '3333410624_4']","['https://inaturalist-open-data.s3.amazonaws.com/photos/145438794/original.jpeg', 'https://inaturalist-open-data.s3.amazonaws.com/photos/145438778/original.jpeg', 'https://inaturalist-open-data.s3.amazonaws.com/photos/145438747/original.jpeg', 'https://inaturalist-open-data.s3.amazonaws.com/photos/145438809/original.jpeg']"
3335066849,45.812942,7.745263,2021-07-31T16:59:49,['3335066849_1'],['https://inaturalist-open-data.s3.amazonaws.com/photos/147539386/original.jpg']
3335113887,42.665905,11.107019,2021-07-28,['3335113887_1'],['https://inaturalist-open-data.s3.amazonaws.com/photos/147599040/original.jpeg']
3335186708,46.446894,8.069465,2021-07-30T21:10:07,"['3335186708_1', '3335186708_2']","['https://inaturalist-open-data.s3.amazonaws.com/photos/147324487/original.jpg', 'https://inaturalist-open-data.s3.amazonaws.com/photos/147324511/original.jpg']"
3456188482,48.408471,2.629993,2021-07-21T15:35,"['3456188482_1', '3456188482_2']","['https://inaturalist-open-data.s3.amazonaws.com/photos/174171745/original.jpeg', 'https://inaturalist-open-data.s3.amazonaws.com/photos/174171756/original.jpeg']"
3712549034,41.334098,13.519669,2021-07-08,['3712549034_1'],['https://inaturalist-open-data.s3.amazonaws.com/photos/182225696/original.jpeg']
3721431601,48.64,5.95,2021-07-09,['3721431601_1'],['https://observation.org/photos/38850001.jpg']
3721432161,45.595572,7.380803,2021-07-16,['3721432161_1'],['https://observation.org/photos/39276028.jpg']
3721466718,46.202676,2.462429,2021-07-17,['3721466718_1'],['https://observation.org/photos/39820997.jpg']
3721704599,45.518486,6.819568,2021-07-19,"['3721704599_1', '3721704599_2']","['https://observation.org/photos/40626114.jpg', 'https://observation.org/photos/40626115.jpg']"
3721733065,48.82,5.56,2021-07-01,['3721733065_1'],['https://observation.org/photos/39035722.jpg']
3721985203,45.595867,7.380592,2021-07-18,['3721985203_1'],['https://observation.org/photos/39439513.jpg']
3722090365,48.64,5.95,2021-07-09,['3722090365_1'],['https://observation.org/photos/38849794.jpg']
3722236271,44.026494,-0.871239,2021-07-27,['3722236271_1'],['https://observation.org/photos/40063252.jpg']
3722280646,44.188181,6.704653,2021-07-09,"['3722280646_1', '3722280646_2']","['https://observation.org/photos/42424336.jpg', 'https://observation.org/photos/42424352.jpg']"
3722395426,44.188181,6.704653,2021-07-09,"['3722395426_1', '3722395426_2']","['https://observation.org/photos/42238857.jpg', 'https://observation.org/photos/42238858.jpg']"
3729569553,48.45,5.71,2021-07-01,['3729569553_1'],['https://observation.org/photos/38901269.jpg']
3730116359,44.413749,7.064109,2021-07-19,"['3730116359_1', '3730116359_2', '3730116359_3', '3730116359_4', '3730116359_5']","['https://observation.org/photos/40806951.jpg', 'https://observation.org/photos/40806953.jpg', 'https://observation.org/photos/40806954.jpg', 'https://observation.org/photos/40806955.jpg', 'https://observation.org/photos/40806956.jpg']"
3731308274,48.374333,2.513857,2021-07-20,['3731308274_1'],['https://observation.org/photos/39579242.jpg']
3731504174,42.82,-0.57,2021-07-17,['3731504174_1'],['https://observation.org/photos/39441922.jpg']
3731988853,44.23377,6.751568,2021-07-12,['3731988853_1'],['https://observation.org/photos/39838516.jpg']
3732720703,42.771233,1.455919,2021-07-16,"['3732720703_1', '3732720703_2', '3732720703_3']","['https://observation.org/photos/41246778.jpg', 'https://observation.org/photos/41246779.jpg', 'https://observation.org/photos/41246780.jpg']"
3881540858,41.71892,13.586429,2021-07-10T12:14,['3881540858_1'],['https://inaturalist-open-data.s3.amazonaws.com/photos/219384014/original.jpg']
3881614876,41.708064,13.318851,2021-07-05T10:19,['3881614876_1'],['https://inaturalist-open-data.s3.amazonaws.com/photos/219370873/original.jpg']
3881803161,46.086604,8.757034,2021-07-18T08:43:10,"['3881803161_1', '3881803161_2', '3881803161_3']","['https://inaturalist-open-data.s3.amazonaws.com/photos/218459094/original.jpg', 'https://inaturalist-open-data.s3.amazonaws.com/photos/218458992/original.jpg', 'https://inaturalist-open-data.s3.amazonaws.com/photos/218459283/original.jpg']"
3892522734,42.277763,12.025137,2021-07-08T11:16,['3892522734_1'],['https://inaturalist-open-data.s3.amazonaws.com/photos/221776998/original.jpg']
3905627590,47.41235,1.469553,2021-07-06,['3905627590_1'],['https://observation.org/photos/38731750.jpg']
4056105649,44.87969,6.436945,2021-07-02,['4056105649_1'],['https://observation.org/photos/38836211.jpg']
4121313904,46.808769,-1.554964,2021-07-11T17:09,['4121313904_1'],['https://inaturalist-open-data.s3.amazonaws.com/photos/280309438/original.jpg']
4399978575,42.911426,-0.135671,2021-07-01T18:13,['4399978575_1'],['https://inaturalist-open-data.s3.amazonaws.com/photos/312266678/original.jpg']
4459599827,42.3,-3.0,2021-07-29,['4459599827_1'],['https://observation.org/photos/79788657.jpg']
4460897573,42.6,0.55,2021-07-23,['4460897573_1'],['https://observation.org/photos/79788654.jpg']
4596889506,42.771658,-0.332118,2021-07-21T16:07,['4596889506_1'],['https://inaturalist-open-data.s3.amazonaws.com/photos/355920295/original.jpg']
4974084191,42.628425,0.054813,2021-07-09T14:40,['4974084191_1'],['https://inaturalist-open-data.s3.amazonaws.com/photos/443280560/original.jpeg']
4993861386,46.205137,8.01354,2021-07-03T11:24:59,['4993861386_1'],['https://inaturalist-open-data.s3.amazonaws.com/photos/140600394/original.jpg']
6470036332,47.352171,1.756931,2021-07-31T20:30,['6470036332_1'],['https://inaturalist-open-data.s3.amazonaws.com/photos/704162294/original.jpg']
6470225142,47.352171,1.756931,2021-07-25T10:53,['6470225142_1'],['https://inaturalist-open-data.s3.amazonaws.com/photos/704164107/original.jpg']
6470433551,47.352171,1.756931,2021-07-22T19:47,['6470433551_1'],['https://inaturalist-open-data.s3.amazonaws.com/photos/704366097/original.jpg']
3335101098,45.8339,7.576191,2021-08-01T12:37,['3335101098_1'],['https://inaturalist-open-data.s3.amazonaws.com/photos/148014088/original.jpg']
3335135143,45.083921,7.354253,2021-08-02T14:50:25,['3335135143_1'],['https://inaturalist-open-data.s3.amazonaws.com/photos/148066243/original.jpeg']
3335217507,45.694294,6.669612,2021-08-02T16:22Z,['3335217507_1'],['https://inaturalist-open-data.s3.amazonaws.com/photos/148790012/original.jpeg']
3337401948,45.679564,6.969265,2021-08-10T14:07:49,"['3337401948_1', '3337401948_2']","['https://inaturalist-open-data.s3.amazonaws.com/photos/149902663/original.jpeg', 'https://inaturalist-open-data.s3.amazonaws.com/photos/149902731/original.jpeg']"
3337557819,43.522886,2.706553,2021-08-06T15:36:45,"['3337557819_1', '3337557819_2']","['https://inaturalist-open-data.s3.amazonaws.com/photos/149108788/original.jpeg', 'https://inaturalist-open-data.s3.amazonaws.com/photos/149108793/original.jpeg']"
3337649379,46.324058,8.274737,2021-08-08T14:04,['3337649379_1'],['https://inaturalist-open-data.s3.amazonaws.com/photos/149713097/original.jpeg']
3337798190,45.938283,11.057736,2021-08-12T11:28:28,['3337798190_1'],['https://inaturalist-open-data.s3.amazonaws.com/photos/150222486/original.jpg']
3337846601,45.866092,10.929341,2021-08-14T18:38,['3337846601_1'],['https://inaturalist-open-data.s3.amazonaws.com/photos/150960788/original.jpeg']
3337857511,46.085648,10.874804,2021-08-15T09:12,"['3337857511_1', '3337857511_2', '3337857511_3']","['https://inaturalist-open-data.s3.amazonaws.com/photos/151237179/original.jpg', 'https://inaturalist-open-data.s3.amazonaws.com/photos/151237516/original.jpg', 'https://inaturalist-open-data.s3.amazonaws.com/photos/151237517/original.jpg']"
3337889093,44.028453,7.154344,2021-08-06T12:22,"['3337889093_1', '3337889093_2', '3337889093_3']","['https://inaturalist-open-data.s3.amazonaws.com/photos/148972993/original.jpeg', 'https://inaturalist-open-data.s3.amazonaws.com/photos/148972940/original.jpeg', 'https://inaturalist-open-data.s3.amazonaws.com/photos/148972960/original.jpeg']"
3337983433,45.52972,6.826199,2021-08-08T11:03:39,['3337983433_1'],['https://inaturalist-open-data.s3.amazonaws.com/photos/151394123/original.jpeg']
3337991434,46.317126,7.153234,2021-08-13T15:54:09,['3337991434_1'],['https://inaturalist-open-data.s3.amazonaws.com/photos/150528241/original.jpg']
3337995704,44.830686,0.772145,2021-08-02T05:19:49,"['3337995704_1', '3337995704_2']","['https://inaturalist-open-data.s3.amazonaws.com/photos/149943883/original.jpeg', 'https://inaturalist-open-data.s3.amazonaws.com/photos/149940479/original.jpeg']"
3337999325,45.709542,7.473007,2021-08-14T15:37Z,['3337999325_1'],['https://inaturalist-open-data.s3.amazonaws.com/photos/150659293/original.jpeg']
3338011844,43.778924,3.81151,2021-08-14T14:44:09,"['3338011844_1', '3338011844_2', '3338011844_3']","['https://inaturalist-open-data.s3.amazonaws.com/photos/150651777/original.jpeg', 'https://inaturalist-open-data.s3.amazonaws.com/photos/150651848/original.jpeg', 'https://inaturalist-open-data.s3.amazonaws.com/photos/150651906/original.jpeg']"
3338047012,45.865865,10.929402,2021-08-16T08:55,['3338047012_1'],['https://inaturalist-open-data.s3.amazonaws.com/photos/151139767/original.jpeg']
3338110335,45.933432,11.251052,2021-08-13T09:02,"['3338110335_1', '3338110335_2']","['https://inaturalist-open-data.s3.amazonaws.com/photos/151137989/original.jpg', 'https://inaturalist-open-data.s3.amazonaws.com/photos/151137993/original.jpg']"
3338127780,45.946252,6.904824,2021-08-17T16:30Z,['3338127780_1'],['https://inaturalist-open-data.s3.amazonaws.com/photos/151587086/original.jpeg']
3338154487,45.981533,6.943447,2021-08-08T15:19,['3338154487_1'],['https://inaturalist-open-data.s3.amazonaws.com/photos/150864716/original.jpeg']
3343759298,45.063111,7.170201,2021-08-22T13:53:39Z,['3343759298_1'],['https://inaturalist-open-data.s3.amazonaws.com/photos/152472257/original.jpeg']
3343836119,44.63137,7.062106,2021-08-21T15:58:10,['3343836119_1'],['https://inaturalist-open-data.s3.amazonaws.com/photos/152318026/original.jpg']
3343880370,45.708612,7.495735,2021-08-24T14:20:45,['3343880370_1'],['https://inaturalist-open-data.s3.amazonaws.com/photos/152940586/original.jpeg']
3343899675,46.424843,8.423379,2021-08-18T09:32:02,['3343899675_1'],['https://inaturalist-open-data.s3.amazonaws.com/photos/151957809/original.jpeg']
3343923404,45.83953,10.703819,2021-08-24T16:53,['3343923404_1'],['https://inaturalist-open-data.s3.amazonaws.com/photos/152923086/original.jpeg']
3343939747,45.819322,6.980964,2021-08-21T15:29:38,"['3343939747_1', '3343939747_2']","['https://inaturalist-open-data.s3.amazonaws.com/photos/152187893/original.jpeg', 'https://inaturalist-open-data.s3.amazonaws.com/photos/152187991/original.jpeg']"
3344142385,42.103228,13.579036,2021-08-22T13:38,['3344142385_1'],['https://inaturalist-open-data.s3.amazonaws.com/photos/152564157/original.jpg']
3355220287,45.196832,5.615662,2021-08-30T14:57,['3355220287_1'],['https://inaturalist-open-data.s3.amazonaws.com/photos/154159922/original.jpeg']
3355500994,46.37317,8.447598,2021-08-26T12:07:45,"['3355500994_1', '3355500994_2']","['https://inaturalist-open-data.s3.amazonaws.com/photos/153684745/original.jpeg', 'https://inaturalist-open-data.s3.amazonaws.com/photos/153687315/original.jpeg']"
3355670530,45.51445,6.824336,2021-08-22T18:10:47,['3355670530_1'],['https://inaturalist-open-data.s3.amazonaws.com/photos/154510632/original.jpg']
3355800114,46.070963,7.339113,2021-08-08T11:53:20,['3355800114_1'],['https://inaturalist-open-data.s3.amazonaws.com/photos/155587980/original.jpg']
3721461091,44.822376,6.201709,2021-08-10,"['3721461091_1', '3721461091_2', '3721461091_3']","['https://observation.org/photos/40990549.jpg', 'https://observation.org/photos/41802884.jpg', 'https://observation.org/photos/41802885.jpg']"
3723039134,45.93,8.22,2021-08-28,['3723039134_1'],['https://observation.org/photos/42701982.jpg']
3730521016,47.35,4.03,2021-08-28,['3730521016_1'],['https://observation.org/photos/42009020.jpg']
3732292115,45.93,8.22,2021-08-28,['3732292115_1'],['https://observation.org/photos/43376863.jpg']
3732363968,45.92,2.18,2021-08-19,['3732363968_1'],['https://observation.org/photos/41507970.jpg']
3743152384,45.972936,5.508544,2021-08-21T19:48:31,['3743152384_1'],['https://inaturalist-open-data.s3.amazonaws.com/photos/183243293/original.jpeg']
3746953788,45.978452,5.500105,2021-08-22T18:17,['3746953788_1'],['https://inaturalist-open-data.s3.amazonaws.com/photos/183566407/original.jpeg']
3759623664,41.9314,13.1481,2021-08-21T19:18,['3759623664_1'],['https://inaturalist-open-data.s3.amazonaws.com/photos/187718576/original.jpeg']
3764506105,42.466279,12.977488,2021-08-11,"['3764506105_1', '3764506105_2']","['https://inaturalist-open-data.s3.amazonaws.com/photos/190914853/original.jpeg', 'https://inaturalist-open-data.s3.amazonaws.com/photos/191331413/original.jpeg']"
3764532531,41.706592,12.909776,2021-08-28T09:31,['3764532531_1'],['https://inaturalist-open-data.s3.amazonaws.com/photos/189894259/original.jpg']
3912293359,49.114674,6.083111,2021-08-11T16:08,"['3912293359_1', '3912293359_2', '3912293359_3', '3912293359_4']","['https://inaturalist-open-data.s3.amazonaws.com/photos/230496285/original.jpg', 'https://inaturalist-open-data.s3.amazonaws.com/photos/354913638/original.jpeg', 'https://inaturalist-open-data.s3.amazonaws.com/photos/354913653/original.jpeg', 'https://inaturalist-open-data.s3.amazonaws.com/photos/354913660/original.jpeg']"
4028716817,43.169439,10.730847,2021-08-26T23:55,"['4028716817_1', '4028716817_2']","['https://inaturalist-open-data.s3.amazonaws.com/photos/253869915/original.jpeg', 'https://inaturalist-open-data.s3.amazonaws.com/photos/253869926/original.jpeg']"
4056347390,45.93,8.22,2021-08-28,['4056347390_1'],['https://observation.org/photos/43376862.jpg']
4134032908,41.678965,2.467005,2021-08-03T16:10,['4134032908_1'],['https://inaturalist-open-data.s3.amazonaws.com/photos/288655791/original.jpg']
6170920968,42.623932,2.096207,2021-08-05T16:52,['6170920968_1'],['https://inaturalist-open-data.s3.amazonaws.com/photos/619392523/original.jpg']
6400365692,45.889841,9.351139,2021-08-27T08:47:30,"['6400365692_1', '6400365692_2']","['https://inaturalist-open-data.s3.amazonaws.com/photos/153465970/original.jpeg', 'https://inaturalist-open-data.s3.amazonaws.com/photos/153465985/original.jpeg']"
6441811429,46.005812,8.96463,2021-08-26T09:03,['6441811429_1'],['https://inaturalist-open-data.s3.amazonaws.com/photos/696292255/original.jpg']
6452627687,45.932368,8.271445,2021-08-28T10:07,['6452627687_1'],['https://inaturalist-open-data.s3.amazonaws.com/photos/701679774/original.jpg']
6470472845,47.352171,1.756931,2021-08-29T18:31,['6470472845_1'],['https://inaturalist-open-data.s3.amazonaws.com/photos/705059609/original.jpg']
3355235245,46.015029,11.053488,2021-09-07T12:43,['3355235245_1'],['https://inaturalist-open-data.s3.amazonaws.com/photos/155832968/original.jpeg']
3355327776,45.434623,0.526379,2021-09-03T18:27:05,"['3355327776_1', '3355327776_2']","['https://inaturalist-open-data.s3.amazonaws.com/photos/154966943/original.jpeg', 'https://inaturalist-open-data.s3.amazonaws.com/photos/154967076/original.jpeg']"
3355384406,44.241732,7.453486,2021-09-07T15:40:54,['3355384406_1'],['https://inaturalist-open-data.s3.amazonaws.com/photos/156045485/original.jpeg']
3355575410,45.802055,5.12987,2021-09-08T10:24:51,['3355575410_1'],['https://inaturalist-open-data.s3.amazonaws.com/photos/156035696/original.jpg']
3355588139,46.038975,6.054719,2021-09-05T16:05,['3355588139_1'],['https://inaturalist-open-data.s3.amazonaws.com/photos/155578401/original.jpg']
3355645022,45.913947,10.726121,2021-09-05T17:27,['3355645022_1'],['https://inaturalist-open-data.s3.amazonaws.com/photos/155378443/original.jpeg']
3355751427,44.381284,11.275077,2021-09-09T10:31:46,"['3355751427_1', '3355751427_2', '3355751427_3', '3355751427_4']","['https://inaturalist-open-data.s3.amazonaws.com/photos/156223965/original.jpeg', 'https://inaturalist-open-data.s3.amazonaws.com/photos/156223994/original.jpeg', 'https://inaturalist-open-data.s3.amazonaws.com/photos/156257627/original.jpeg', 'https://inaturalist-open-data.s3.amazonaws.com/photos/156257650/original.jpeg']"
3383983542,44.377442,7.13363,2021-09-12T11:22:09,"['3383983542_1', '3383983542_2']","['https://inaturalist-open-data.s3.amazonaws.com/photos/156914100/original.jpeg', 'https://inaturalist-open-data.s3.amazonaws.com/photos/156914119/original.jpeg']"
3384057835,44.324367,6.981328,2021-09-30T10:38:59,['3384057835_1'],['https://inaturalist-open-data.s3.amazonaws.com/photos/160695277/original.jpeg']
3384113426,42.534973,-0.274876,2021-09-26T14:54:23,['3384113426_1'],['https://inaturalist-open-data.s3.amazonaws.com/photos/159939578/original.jpeg']
3384126374,45.830512,10.989593,2021-09-18T13:06:13,['3384126374_1'],['https://inaturalist-open-data.s3.amazonaws.com/photos/158110338/original.jpeg']
3384173839,45.621513,6.851933,2021-09-12T16:31:08,"['3384173839_1', '3384173839_2', '3384173839_3']","['https://inaturalist-open-data.s3.amazonaws.com/photos/160724337/original.jpg', 'https://inaturalist-open-data.s3.amazonaws.com/photos/160724509/original.jpg', 'https://inaturalist-open-data.s3.amazonaws.com/photos/160724819/original.jpg']"
3384194895,44.893308,7.053982,2021-09-07T12:22:09,"['3384194895_1', '3384194895_2', '3384194895_3']","['https://inaturalist-open-data.s3.amazonaws.com/photos/157299737/original.jpeg', 'https://inaturalist-open-data.s3.amazonaws.com/photos/157299747/original.jpeg', 'https://inaturalist-open-data.s3.amazonaws.com/photos/157299763/original.jpeg']"
3384318608,44.377362,7.13387,2021-09-12T11:18:52,"['3384318608_1', '3384318608_2', '3384318608_3']","['https://inaturalist-open-data.s3.amazonaws.com/photos/156918960/original.jpeg', 'https://inaturalist-open-data.s3.amazonaws.com/photos/156918987/original.jpeg', 'https://inaturalist-open-data.s3.amazonaws.com/photos/156919012/original.jpeg']"
3384348454,42.833361,-2.672621,2021-09-19T16:41,"['3384348454_1', '3384348454_2']","['https://inaturalist-open-data.s3.amazonaws.com/photos/158405184/original.jpeg', 'https://inaturalist-open-data.s3.amazonaws.com/photos/158405111/original.jpeg']"
3384348467,42.407036,2.001262,2021-09-16T22:00:39,"['3384348467_1', '3384348467_2', '3384348467_3']","['https://inaturalist-open-data.s3.amazonaws.com/photos/158426673/original.jpeg', 'https://inaturalist-open-data.s3.amazonaws.com/photos/158426706/original.jpeg', 'https://inaturalist-open-data.s3.amazonaws.com/photos/158426727/original.jpeg']"
3384517444,46.564806,7.95543,2021-09-27T10:59:07,"['3384517444_1', '3384517444_2']","['https://inaturalist-open-data.s3.amazonaws.com/photos/160057914/original.jpg', 'https://inaturalist-open-data.s3.amazonaws.com/photos/160245282/original.jpg']"
3384763549,45.963475,7.052517,2021-09-12T10:30,['3384763549_1'],['https://inaturalist-open-data.s3.amazonaws.com/photos/158453118/original.jpg']
3384955528,43.807847,11.691795,2021-09-11T13:34:58,['3384955528_1'],['https://inaturalist-open-data.s3.amazonaws.com/photos/157549980/original.jpg']
3384965112,45.142035,7.077959,2021-09-24T16:31:46,['3384965112_1'],['https://inaturalist-open-data.s3.amazonaws.com/photos/159436786/original.jpeg']
3385058048,46.573024,7.822284,2021-09-23T14:38,['3385058048_1'],['https://inaturalist-open-data.s3.amazonaws.com/photos/159339719/original.jpeg']
3385173511,44.101557,5.231611,2021-09-19T13:17:24,"['3385173511_1', '3385173511_2', '3385173511_3', '3385173511_4']","['https://inaturalist-open-data.s3.amazonaws.com/photos/158467185/original.jpeg', 'https://inaturalist-open-data.s3.amazonaws.com/photos/158467240/original.jpeg', 'https://inaturalist-open-data.s3.amazonaws.com/photos/158467289/original.jpeg', 'https://inaturalist-open-data.s3.amazonaws.com/photos/158467332/original.jpeg']"
3415421297,43.716989,11.286253,2021-09-25T12:06:06,['3415421297_1'],['https://inaturalist-open-data.s3.amazonaws.com/photos/168996058/original.jpg']
3456423658,44.651146,8.029955,2021-09-18T16:37:05,"['3456423658_1', '3456423658_2', '3456423658_3', '3456423658_4']","['https://inaturalist-open-data.s3.amazonaws.com/photos/161222860/original.jpeg', 'https://inaturalist-open-data.s3.amazonaws.com/photos/161222868/original.jpeg', 'https://inaturalist-open-data.s3.amazonaws.com/photos/161222878/original.jpeg', 'https://inaturalist-open-data.s3.amazonaws.com/photos/161222888/original.jpeg']"
3698361619,41.303323,13.836057,2021-09-25T19:44,['3698361619_1'],['https://inaturalist-open-data.s3.amazonaws.com/photos/180244978/original.jpeg']
3705427593,45.803905,10.926924,2021-09-11T20:34,['3705427593_1'],['https://inaturalist-open-data.s3.amazonaws.com/photos/180760262/original.jpeg']
3722443910,44.763201,2.565718,2021-09-03,"['3722443910_1', '3722443910_2']","['https://observation.org/photos/42291054.jpg', 'https://observation.org/photos/42291055.jpg']"
3730767880,45.947525,2.156317,2021-09-21,['3730767880_1'],['https://observation.org/photos/43131605.jpg']
3731640889,44.763083,2.566043,2021-09-05,['3731640889_1'],['https://observation.org/photos/42404045.jpg']
3732580142,45.87,2.4,2021-09-25,['3732580142_1'],['https://observation.org/photos/43348593.jpg']
3881849550,41.795354,13.046404,2021-09-16T11:30,['3881849550_1'],['https://inaturalist-open-data.s3.amazonaws.com/photos/219378564/original.jpg']
3888885925,48.218045,2.719146,2021-09-03T14:42,['3888885925_1'],['https://inaturalist-open-data.s3.amazonaws.com/photos/220144539/original.jpeg']
3888895174,41.95621,13.231479,2021-09-11T11:54,['3888895174_1'],['https://inaturalist-open-data.s3.amazonaws.com/photos/220233963/original.jpg']
3892533890,41.357005,13.245842,2021-09-05,['3892533890_1'],['https://inaturalist-open-data.s3.amazonaws.com/photos/222279803/original.jpg']
3892645875,42.107611,12.154623,2021-09-27,['3892645875_1'],['https://inaturalist-open-data.s3.amazonaws.com/photos/222152984/original.jpg']
3902972766,45.783561,7.797879,2021-09-29T12:43:06,['3902972766_1'],['https://inaturalist-open-data.s3.amazonaws.com/photos/225452633/original.jpeg']
4056086726,42.792175,1.925053,2021-09-06,['4056086726_1'],['https://observation.org/photos/42461301.jpg']
4096667804,42.542002,13.622579,2021-09-24T15:44:25,['4096667804_1'],['https://inaturalist-open-data.s3.amazonaws.com/photos/270859922/original.jpg']
4462374823,42.85,-2.85,2021-09-22,['4462374823_1'],['https://observation.org/photos/79789056.jpg']
4519120093,46.967114,1.961767,2021-09-10T20:40,['4519120093_1'],['https://inaturalist-open-data.s3.amazonaws.com/photos/349150650/original.jpg']
4935902310,45.317988,6.536016,2021-09-13T16:45,['4935902310_1'],['https://inaturalist-open-data.s3.amazonaws.com/photos/423416410/original.jpg']
5827632579,42.536069,2.198749,2021-09-12T12:56:34,"['5827632579_1', '5827632579_2']","['https://inaturalist-open-data.s3.amazonaws.com/photos/562292597/original.jpg', 'https://inaturalist-open-data.s3.amazonaws.com/photos/562293184/original.jpg']"
5840002169,44.480309,7.189206,2021-09-26T09:00,"['5840002169_1', '5840002169_2']","['https://inaturalist-open-data.s3.amazonaws.com/photos/472902539/original.jpeg', 'https://inaturalist-open-data.s3.amazonaws.com/photos/472902540/original.jpeg']"
3384159031,45.630973,8.231238,2021-10-01,['3384159031_1'],['https://inaturalist-open-data.s3.amazonaws.com/photos/161072958/original.jpg']
3384170996,45.810141,11.000191,2021-10-02T17:02,['3384170996_1'],['https://inaturalist-open-data.s3.amazonaws.com/photos/161064383/original.jpeg']
3384261685,40.323528,18.006323,2021-10-07T14:52,['3384261685_1'],['https://inaturalist-open-data.s3.amazonaws.com/photos/162221621/original.jpeg']
3385030257,45.860258,10.728073,2021-10-04T12:05:19,['3385030257_1'],['https://inaturalist-open-data.s3.amazonaws.com/photos/161483436/original.jpeg']
3391291235,46.022497,11.040524,2021-10-13T15:03:54,['3391291235_1'],['https://inaturalist-open-data.s3.amazonaws.com/photos/163408563/original.jpeg']
3391500975,46.171761,10.644779,2021-10-08T12:27,['3391500975_1'],['https://inaturalist-open-data.s3.amazonaws.com/photos/162856474/original.jpg']
3391518220,46.021837,11.03882,2021-10-13T15:25:02,['3391518220_1'],['https://inaturalist-open-data.s3.amazonaws.com/photos/163292743/original.jpg']
3391687670,44.743537,7.036875,2021-10-08T11:42:43,"['3391687670_1', '3391687670_2']","['https://inaturalist-open-data.s3.amazonaws.com/photos/162262435/original.jpeg', 'https://inaturalist-open-data.s3.amazonaws.com/photos/162262460/original.jpeg']"
3398706085,44.611445,8.799674,2021-10-15T10:36:48,['3398706085_1'],['https://inaturalist-open-data.s3.amazonaws.com/photos/163651811/original.jpeg']
3398952383,46.334354,1.372636,2021-10-24T15:19,"['3398952383_1', '3398952383_2']","['https://inaturalist-open-data.s3.amazonaws.com/photos/166009870/original.jpg', 'https://inaturalist-open-data.s3.amazonaws.com/photos/166010096/original.jpg']"
3398960359,46.050602,11.53372,2021-10-17T14:17,['3398960359_1'],['https://inaturalist-open-data.s3.amazonaws.com/photos/164258017/original.jpg']
3399239577,45.05179,7.221471,2021-10-21T15:45:23,"['3399239577_1', '3399239577_2', '3399239577_3']","['https://inaturalist-open-data.s3.amazonaws.com/photos/164744597/original.jpeg', 'https://inaturalist-open-data.s3.amazonaws.com/photos/164744616/original.jpeg', 'https://inaturalist-open-data.s3.amazonaws.com/photos/164744647/original.jpeg']"
3408237143,46.30384,10.964253,2021-10-13T13:20,"['3408237143_1', '3408237143_2']","['https://inaturalist-open-data.s3.amazonaws.com/photos/167079451/original.jpeg', 'https://inaturalist-open-data.s3.amazonaws.com/photos/167079735/original.jpeg']"
3456157898,42.950498,1.141592,2021-10-01T15:03:35,['3456157898_1'],['https://inaturalist-open-data.s3.amazonaws.com/photos/174812783/original.jpeg']
3456331887,42.64678,1.473979,2021-10-15T12:54:29,['3456331887_1'],['https://inaturalist-open-data.s3.amazonaws.com/photos/175909039/original.jpeg']
3888979624,45.126285,8.184588,2021-10-17T11:47:15,['3888979624_1'],['https://inaturalist-open-data.s3.amazonaws.com/photos/220219860/original.jpeg']
3966849379,43.677084,3.671127,2021-10-01T12:08,['3966849379_1'],['https://inaturalist-open-data.s3.amazonaws.com/photos/243529317/original.jpg']
4022238489,46.276583,7.410963,2021-10-18T15:19,['4022238489_1'],['https://inaturalist-open-data.s3.amazonaws.com/photos/252502332/original.jpg']
4440824009,43.75413,3.49989,2021-10-17T17:19,['4440824009_1'],['https://inaturalist-open-data.s3.amazonaws.com/photos/333958553/original.jpg']
4535589500,48.557427,-1.971614,2021-10-13T18:15Z,"['4535589500_1', '4535589500_2', '4535589500_3']","['https://inaturalist-open-data.s3.amazonaws.com/photos/163472619/original.jpeg', 'https://inaturalist-open-data.s3.amazonaws.com/photos/163472870/original.jpeg', 'https://inaturalist-open-data.s3.amazonaws.com/photos/163473021/original.jpeg']"
5216194350,44.709883,9.38178,2021-10-16T18:34:26,"['5216194350_1', '5216194350_2', '5216194350_3']","['https://inaturalist-open-data.s3.amazonaws.com/photos/163804148/original.jpg', 'https://inaturalist-open-data.s3.amazonaws.com/photos/163804172/original.jpg', 'https://inaturalist-open-data.s3.amazonaws.com/photos/163804194/original.jpg']"
5890118272,43.021832,2.458819,2021-10-14T14:33:58,"['5890118272_1', '5890118272_2']","['https://inaturalist-open-data.s3.amazonaws.com/photos/587365480/original.jpg', 'https://inaturalist-open-data.s3.amazonaws.com/photos/587365501/original.jpg']"
6162893044,42.786321,-0.536369,2021-10-10T15:11,['6162893044_1'],['https://inaturalist-open-data.s3.amazonaws.com/photos/616956657/original.jpg']
3416001460,43.231126,10.541689,2021-11-04T22:49,['3416001460_1'],['https://inaturalist-open-data.s3.amazonaws.com/photos/167978905/original.jpg']
2574297914,45.882807,10.829481,2020-02-22T13:04,['2574297914_1'],['https://inaturalist-open-data.s3.amazonaws.com/photos/61953875/original.jpg']
2574299702,42.036667,12.848889,2020-02-20T13:33:15,"['2574299702_1', '2574299702_2']","['https://inaturalist-open-data.s3.amazonaws.com/photos/61835400/original.jpeg', 'https://inaturalist-open-data.s3.amazonaws.com/photos/61835410/original.jpeg']"
2576366467,43.284421,10.878584,2020-02-26,['2576366467_1'],['https://inaturalist-open-data.s3.amazonaws.com/photos/62421470/original.jpg']
4018504515,45.8348,13.19997,2020-02-16T11:21,['4018504515_1'],['https://inaturalist-open-data.s3.amazonaws.com/photos/252430571/original.jpeg']
2596230740,39.645534,16.066845,2020-03-23T15:23:41,['2596230740_1'],['https://inaturalist-open-data.s3.amazonaws.com/photos/64325966/original.jpg']
2596387543,44.371402,4.807614,2020-03-28,['2596387543_1'],['https://inaturalist-open-data.s3.amazonaws.com/photos/64828900/original.jpeg']
2838321282,42.75,-1.55,2020-03-12,"['2838321282_1', '2838321282_2']","['https://observation.org/photos/25144853.jpg', 'https://observation.org/photos/25144854.jpg']"
2845282390,42.65,-1.6,2020-03-13,['2845282390_1'],['https://observation.org/photos/25181892.jpg']
4936236685,45.62051,7.762627,2020-03-13T13:04:33,['4936236685_1'],['https://inaturalist-open-data.s3.amazonaws.com/photos/63426186/original.jpeg']
5063380951,44.878173,6.482367,2020-03-16T10:41:09,['5063380951_1'],['https://inaturalist-open-data.s3.amazonaws.com/photos/465884782/original.jpeg']
2597905030,47.163236,-2.064891,2020-04-09T13:47:55,['2597905030_1'],['https://inaturalist-open-data.s3.amazonaws.com/photos/66252748/original.jpeg']
2603295104,45.299123,1.713814,2020-04-10T14:46:36,"['2603295104_1', '2603295104_2']","['https://inaturalist-open-data.s3.amazonaws.com/photos/66480427/original.jpg', 'https://inaturalist-open-data.s3.amazonaws.com/photos/66480431/original.jpg']"
2603381529,44.664586,6.66182,2020-04-11T09:39:53,['2603381529_1'],['https://inaturalist-open-data.s3.amazonaws.com/photos/66563948/original.jpg']
2603410197,45.870559,7.111769,2020-04-15T16:23:42,['2603410197_1'],['https://inaturalist-open-data.s3.amazonaws.com/photos/67063312/original.jpg']
2603416383,46.277941,2.221363,2020-04-10T18:24:04,"['2603416383_1', '2603416383_2', '2603416383_3']","['https://inaturalist-open-data.s3.amazonaws.com/photos/66474064/original.jpeg', 'https://inaturalist-open-data.s3.amazonaws.com/photos/66474073/original.jpeg', 'https://inaturalist-open-data.s3.amazonaws.com/photos/66474082/original.jpeg']"
2609097171,42.956404,-0.330573,2020-04-17T08:52:48,"['2609097171_1', '2609097171_2']","['https://inaturalist-open-data.s3.amazonaws.com/photos/67291759/original.jpg', 'https://inaturalist-open-data.s3.amazonaws.com/photos/69938408/original.jpg']"
2609106532,46.93764,8.257151,2020-04-18T11:20:41,"['2609106532_1', '2609106532_2', '2609106532_3']","['https://inaturalist-open-data.s3.amazonaws.com/photos/67509043/original.jpg', 'https://inaturalist-open-data.s3.amazonaws.com/photos/67509226/original.jpg', 'https://inaturalist-open-data.s3.amazonaws.com/photos/67509293/original.jpg']"
2609135261,44.595904,8.794372,2020-04-08T14:06:53,"['2609135261_1', '2609135261_2']","['https://inaturalist-open-data.s3.amazonaws.com/photos/68139582/original.jpg', 'https://inaturalist-open-data.s3.amazonaws.com/photos/68139687/original.jpg']"
2609154079,42.770187,12.010331,2020-04-08T07:28:18Z,['2609154079_1'],['https://inaturalist-open-data.s3.amazonaws.com/photos/68167655/original.jpeg']
2609262933,46.463472,8.286171,2020-04-19T12:54:39Z,['2609262933_1'],['https://inaturalist-open-data.s3.amazonaws.com/photos/67745515/original.jpeg']
2609286641,44.71871,9.01604,2020-04-07T14:43:09,"['2609286641_1', '2609286641_2', '2609286641_3']","['https://inaturalist-open-data.s3.amazonaws.com/photos/68138740/original.jpg', 'https://inaturalist-open-data.s3.amazonaws.com/photos/68138883/original.jpg', 'https://inaturalist-open-data.s3.amazonaws.com/photos/68138889/original.jpg']"
2610934295,42.770187,12.010331,2020-04-08T07:28:18Z,['2610934295_1'],['https://inaturalist-open-data.s3.amazonaws.com/photos/68719654/original.jpeg']
2610975239,44.028569,10.276372,2020-04-08T11:24:48,['2610975239_1'],['https://inaturalist-open-data.s3.amazonaws.com/photos/68737550/original.jpeg']
2611047326,44.004672,10.235378,2020-04-25T12:15:14,['2611047326_1'],['https://inaturalist-open-data.s3.amazonaws.com/photos/68732065/original.jpeg']
2611275565,44.666136,9.193361,2020-04-25T12:10Z,['2611275565_1'],['https://inaturalist-open-data.s3.amazonaws.com/photos/68721261/original.jpg']
2611285560,45.148758,7.854954,2020-04-26T16:00:05,"['2611285560_1', '2611285560_2']","['https://inaturalist-open-data.s3.amazonaws.com/photos/69250483/original.jpeg', 'https://inaturalist-open-data.s3.amazonaws.com/photos/69250574/original.jpeg']"
2611331370,45.027149,6.839822,2020-04-25T14:36:41,['2611331370_1'],['https://inaturalist-open-data.s3.amazonaws.com/photos/68769776/original.jpeg']
2626109232,45.808635,8.028853,2020-04-08T14:49,['2626109232_1'],['https://inaturalist-open-data.s3.amazonaws.com/photos/72129041/original.jpg']
3743203793,47.134277,6.868957,2020-04-20T15:28:33,"['3743203793_1', '3743203793_2', '3743203793_3', '3743203793_4']","['https://inaturalist-open-data.s3.amazonaws.com/photos/183094265/original.jpeg', 'https://inaturalist-open-data.s3.amazonaws.com/photos/183094271/original.jpeg', 'https://inaturalist-open-data.s3.amazonaws.com/photos/183094275/original.jpeg', 'https://inaturalist-open-data.s3.amazonaws.com/photos/183094277/original.jpeg']"
6321217315,47.579667,0.228478,2020-04-10T12:21,['6321217315_1'],['https://inaturalist-open-data.s3.amazonaws.com/photos/658464420/original.jpg']
2619893112,46.003202,10.973239,2020-05-05T09:57,['2619893112_1'],['https://inaturalist-open-data.s3.amazonaws.com/photos/71429475/original.jpg']
2620106807,46.489952,6.864667,2020-05-04T08:15:05Z,['2620106807_1'],['https://inaturalist-open-data.s3.amazonaws.com/photos/71489629/original.jpeg']
2620189825,46.564463,11.226728,2020-05-03T10:50:28,['2620189825_1'],['https://inaturalist-open-data.s3.amazonaws.com/photos/70899103/original.jpg']
2626135071,41.798403,13.730498,2020-05-16T10:46,['2626135071_1'],['https://inaturalist-open-data.s3.amazonaws.com/photos/73093536/original.jpg']
2626150209,46.028877,7.055393,2020-05-08T14:46:31,['2626150209_1'],['https://inaturalist-open-data.s3.amazonaws.com/photos/71774792/original.jpg']
2626243439,46.30837,11.504741,2020-05-09T19:31,['2626243439_1'],['https://inaturalist-open-data.s3.amazonaws.com/photos/71963225/original.jpg']
2626313469,45.195927,10.30728,2020-05-16T14:48,"['2626313469_1', '2626313469_2', '2626313469_3']","['https://inaturalist-open-data.s3.amazonaws.com/photos/73099175/original.jpg', 'https://inaturalist-open-data.s3.amazonaws.com/photos/73099480/original.jpg', 'https://inaturalist-open-data.s3.amazonaws.com/photos/73099510/original.jpg']"
2626329479,44.25336,7.175207,2020-05-20T13:43:35,['2626329479_1'],['https://inaturalist-open-data.s3.amazonaws.com/photos/74060440/original.jpg']
2626355071,41.686,13.215847,2020-05-15T17:47,['2626355071_1'],['https://inaturalist-open-data.s3.amazonaws.com/photos/72924241/original.jpg']
2626357904,46.306899,11.49278,2020-05-09T21:56,['2626357904_1'],['https://inaturalist-open-data.s3.amazonaws.com/photos/71992012/original.jpg']
2626427303,39.506596,16.75937,2020-05-17T16:54,['2626427303_1'],['https://inaturalist-open-data.s3.amazonaws.com/photos/73390627/original.jpg']
2626477445,46.1296,6.169775,2020-05-21T12:38:12,['2626477445_1'],['https://inaturalist-open-data.s3.amazonaws.com/photos/74160516/original.jpg']
2626489423,45.14271,7.35066,2020-05-21T10:34,['2626489423_1'],['https://inaturalist-open-data.s3.amazonaws.com/photos/74077009/original.jpeg']
2626492643,45.843956,11.315456,2020-05-09,['2626492643_1'],['https://inaturalist-open-data.s3.amazonaws.com/photos/72181965/original.jpg']
2626545235,45.579389,10.23985,2020-05-19T17:09:13,"['2626545235_1', '2626545235_2']","['https://inaturalist-open-data.s3.amazonaws.com/photos/73762462/original.jpeg', 'https://inaturalist-open-data.s3.amazonaws.com/photos/73762486/original.jpg']"
2626587976,45.848776,10.821416,2020-05-13T19:55,['2626587976_1'],['https://inaturalist-open-data.s3.amazonaws.com/photos/72629384/original.jpg']
2626616405,45.933892,10.866033,2020-05-17T22:12,['2626616405_1'],['https://inaturalist-open-data.s3.amazonaws.com/photos/73409645/original.png']
2626619746,46.280909,11.444772,2020-05-13T11:23,['2626619746_1'],['https://inaturalist-open-data.s3.amazonaws.com/photos/72577216/original.jpg']
2634004928,45.907921,6.825109,2020-05-22T19:38:49,"['2634004928_1', '2634004928_2']","['https://inaturalist-open-data.s3.amazonaws.com/photos/74353235/original.jpg', 'https://inaturalist-open-data.s3.amazonaws.com/photos/74353201/original.jpg']"
2634071162,45.922207,10.903621,2020-05-29T15:12,['2634071162_1'],['https://inaturalist-open-data.s3.amazonaws.com/photos/75707856/original.jpg']
2634096059,45.64679,7.482902,2020-05-12T10:30:45,['2634096059_1'],['https://inaturalist-open-data.s3.amazonaws.com/photos/76651196/original.jpeg']
2634242991,46.589737,0.17423,2020-05-21T09:16:34,['2634242991_1'],['https://inaturalist-open-data.s3.amazonaws.com/photos/74441796/original.jpg']
2634263886,45.861458,6.365603,2020-05-22T17:54:28,['2634263886_1'],['https://inaturalist-open-data.s3.amazonaws.com/photos/74334171/original.jpg']
2634364810,46.260588,10.949193,2020-05-21T10:52,['2634364810_1'],['https://inaturalist-open-data.s3.amazonaws.com/photos/74255611/original.jpeg']
2634403202,45.773709,7.513752,2020-05-22T10:33:16,['2634403202_1'],['https://inaturalist-open-data.s3.amazonaws.com/photos/76651467/original.jpeg']
2634426495,46.451184,11.185883,2020-05-25T14:33,['2634426495_1'],['https://inaturalist-open-data.s3.amazonaws.com/photos/74971279/original.jpeg']
2634570569,45.839777,10.814352,2020-05-24T19:11,['2634570569_1'],['https://inaturalist-open-data.s3.amazonaws.com/photos/74998342/original.jpg']
2634576324,45.842189,11.048801,2020-05-29T15:52,['2634576324_1'],['https://inaturalist-open-data.s3.amazonaws.com/photos/75712959/original.jpeg']
2634611836,45.885442,10.836171,2020-05-31T10:46,['2634611836_1'],['https://inaturalist-open-data.s3.amazonaws.com/photos/76302489/original.png']
2641538679,45.933464,10.888086,2020-05-30T19:18,['2641538679_1'],['https://inaturalist-open-data.s3.amazonaws.com/photos/77053394/original.jpeg']
2802655260,43.606746,12.521536,2020-05-17T13:55,['2802655260_1'],['https://inaturalist-open-data.s3.amazonaws.com/photos/80022551/original.jpg']
2813877517,46.235073,7.016731,2020-05-08T11:11:09,['2813877517_1'],['https://inaturalist-open-data.s3.amazonaws.com/photos/71751944/original.jpg']
2826158505,46.589737,0.17423,2020-05-21T09:16:34,['2826158505_1'],['https://inaturalist-open-data.s3.amazonaws.com/photos/86723295/original.jpg']
2868236005,44.024779,-0.998811,2020-05-04T14:45,"['2868236005_1', '2868236005_2']","['https://inaturalist-open-data.s3.amazonaws.com/photos/96493630/original.jpeg', 'https://inaturalist-open-data.s3.amazonaws.com/photos/96291742/original.jpeg']"
3302096158,42.751054,-0.51456,2020-05-22,"['3302096158_1', '3302096158_2', '3302096158_3']","['https://inaturalist-open-data.s3.amazonaws.com/photos/132320601/original.jpeg', 'https://inaturalist-open-data.s3.amazonaws.com/photos/132320583/original.jpeg', 'https://inaturalist-open-data.s3.amazonaws.com/photos/132320589/original.jpeg']"
3337490349,46.348203,8.765597,2020-05-09T20:25:11,['3337490349_1'],['https://inaturalist-open-data.s3.amazonaws.com/photos/71998127/original.jpg']
3355629678,46.472235,7.096336,2020-05-09T10:36Z,['3355629678_1'],['https://inaturalist-open-data.s3.amazonaws.com/photos/154810707/original.jpg']
3726827878,46.003822,1.15327,2020-05-19,"['3726827878_1', '3726827878_2', '3726827878_3']","['https://observation.org/photos/26817793.jpg', 'https://observation.org/photos/26817794.jpg', 'https://observation.org/photos/26817795.jpg']"
3888721669,42.323787,12.140611,2020-05-14T11:42,['3888721669_1'],['https://inaturalist-open-data.s3.amazonaws.com/photos/219635029/original.jpg']
3892364592,41.971207,12.660893,2020-05-16,['3892364592_1'],['https://inaturalist-open-data.s3.amazonaws.com/photos/221652548/original.jpeg']
4111940771,44.274234,7.659584,2020-05-30T17:36:53,['4111940771_1'],['https://inaturalist-open-data.s3.amazonaws.com/photos/277014506/original.jpg']
4405254784,45.105878,7.069848,2020-05-23T16:46,"['4405254784_1', '4405254784_2']","['https://inaturalist-open-data.s3.amazonaws.com/photos/314271264/original.jpg', 'https://inaturalist-open-data.s3.amazonaws.com/photos/314271241/original.jpg']"
4516377349,46.841898,1.52695,2020-05-04T17:22,['4516377349_1'],['https://inaturalist-open-data.s3.amazonaws.com/photos/346891563/original.jpeg']
4535803375,47.272018,0.299032,2020-05-31,['4535803375_1'],['https://inaturalist-open-data.s3.amazonaws.com/photos/76904356/original.jpeg']
4599930740,45.580707,10.911806,2020-05-17T18:31,['4599930740_1'],['https://inaturalist-open-data.s3.amazonaws.com/photos/222393869/original.jpg']
5063378953,44.817745,6.490963,2020-05-12T09:32:03,"['5063378953_1', '5063378953_2']","['https://inaturalist-open-data.s3.amazonaws.com/photos/465884880/original.jpeg', 'https://inaturalist-open-data.s3.amazonaws.com/photos/465884896/original.jpeg']"
5134404985,42.347649,1.084337,2020-05-17T12:07:09,"['5134404985_1', '5134404985_2']","['https://inaturalist-open-data.s3.amazonaws.com/photos/488804959/original.jpg', 'https://inaturalist-open-data.s3.amazonaws.com/photos/488880231/original.jpg']"
5872209315,43.22885,11.09434,2020-05-22,"['5872209315_1', '5872209315_2']","['https://www.ethoikos.it/EthoikosBioDivDB/viperidae_vipera_aspis.jpg', 'https://www.ethoikos.it/EthoikosBioDivDB/viperidae_vipera_aspis_2.jpg']"
2634501347,44.526673,8.797361,2020-06-02T09:40,['2634501347_1'],['https://inaturalist-open-data.s3.amazonaws.com/photos/76828135/original.jpg']
2634580213,45.945631,10.968014,2020-06-01T23:19,['2634580213_1'],['https://inaturalist-open-data.s3.amazonaws.com/photos/76757357/original.jpg']
2641333863,45.891819,10.834241,2020-06-06T08:43,['2641333863_1'],['https://inaturalist-open-data.s3.amazonaws.com/photos/77231904/original.jpeg']
2641426696,45.634794,10.863611,2020-06-07T09:51,['2641426696_1'],['https://inaturalist-open-data.s3.amazonaws.com/photos/78105825/original.jpeg']
2641483699,46.229362,11.292153,2020-06-04,['2641483699_1'],['https://inaturalist-open-data.s3.amazonaws.com/photos/77078433/original.jpeg']
2802631152,40.640804,17.346655,2020-06-21T10:14,"['2802631152_1', '2802631152_2']","['https://inaturalist-open-data.s3.amazonaws.com/photos/79998376/original.jpg', 'https://inaturalist-open-data.s3.amazonaws.com/photos/80003423/original.jpg']"
2802669513,45.899345,10.68499,2020-06-14T07:03,['2802669513_1'],['https://inaturalist-open-data.s3.amazonaws.com/photos/79258018/original.jpg']
2802822343,45.896797,10.683898,2020-06-14T23:34,"['2802822343_1', '2802822343_2']","['https://inaturalist-open-data.s3.amazonaws.com/photos/79200032/original.jpeg', 'https://inaturalist-open-data.s3.amazonaws.com/photos/79200042/original.jpeg']"
2802990192,42.687773,0.761358,2020-06-19T19:28:12,['2802990192_1'],['https://inaturalist-open-data.s3.amazonaws.com/photos/80629238/original.jpeg']
2803007517,45.205203,6.983172,2020-06-18T12:14:34,['2803007517_1'],['https://inaturalist-open-data.s3.amazonaws.com/photos/79453975/original.jpg']
2803149304,45.952274,10.862756,2020-06-21T22:36,['2803149304_1'],['https://inaturalist-open-data.s3.amazonaws.com/photos/80132448/original.jpeg']
2813867833,42.063986,12.878244,2020-06-25T10:00,"['2813867833_1', '2813867833_2']","['https://inaturalist-open-data.s3.amazonaws.com/photos/81003738/original.jpeg', 'https://inaturalist-open-data.s3.amazonaws.com/photos/81009455/original.jpeg']"
2813886997,45.790959,7.508615,2020-06-26T07:02:21,"['2813886997_1', '2813886997_2', '2813886997_3', '2813886997_4']","['https://inaturalist-open-data.s3.amazonaws.com/photos/81010713/original.jpeg', 'https://inaturalist-open-data.s3.amazonaws.com/photos/81010770/original.jpeg', 'https://inaturalist-open-data.s3.amazonaws.com/photos/81010809/original.jpeg', 'https://inaturalist-open-data.s3.amazonaws.com/photos/81010857/original.jpeg']"
2813901250,46.090361,11.139698,2020-06-14T22:19,['2813901250_1'],['https://inaturalist-open-data.s3.amazonaws.com/photos/81454794/original.jpg']
2814065210,45.937387,10.73935,2020-06-27T15:31,['2814065210_1'],['https://inaturalist-open-data.s3.amazonaws.com/photos/81956020/original.jpeg']
2814370547,46.266068,11.351404,2020-06-30,['2814370547_1'],['https://inaturalist-open-data.s3.amazonaws.com/photos/82009524/original.jpg']
2814436317,46.132614,6.906492,2020-06-27T16:29:29Z,['2814436317_1'],['https://inaturalist-open-data.s3.amazonaws.com/photos/81336184/original.jpeg']
2850836619,46.878224,6.293051,2020-06-27T11:14,['2850836619_1'],['https://inaturalist-open-data.s3.amazonaws.com/photos/90904879/original.jpg']
2988315148,44.558653,8.822187,2020-06-01T15:21,"['2988315148_1', '2988315148_2', '2988315148_3']","['https://inaturalist-open-data.s3.amazonaws.com/photos/104644898/original.jpg', 'https://inaturalist-open-data.s3.amazonaws.com/photos/104644926/original.jpg', 'https://inaturalist-open-data.s3.amazonaws.com/photos/104644955/original.jpg']"
3070494927,43.330574,11.184107,2020-06-29,"['3070494927_1', '3070494927_2']","['https://inaturalist-open-data.s3.amazonaws.com/photos/81650227/original.jpg', 'https://inaturalist-open-data.s3.amazonaws.com/photos/81650246/original.jpg']"
3716827515,48.82,5.56,2020-06-26,"['3716827515_1', '3716827515_2']","['https://observation.org/photos/28442337.jpg', 'https://observation.org/photos/28442338.jpg']"
3730893470,45.491421,6.338146,2020-06-28,['3730893470_1'],['https://observation.org/photos/37117091.jpg']
3858951972,43.061235,1.547104,2020-06-25T10:23:56,['3858951972_1'],['https://inaturalist-open-data.s3.amazonaws.com/photos/208689035/original.jpeg']
3881374994,41.626092,13.850444,2020-06-17T12:05,['3881374994_1'],['https://inaturalist-open-data.s3.amazonaws.com/photos/219382517/original.jpg']
3961152470,44.77333,5.011852,2020-06-05T14:44,['3961152470_1'],['https://inaturalist-open-data.s3.amazonaws.com/photos/240860763/original.jpeg']
4058174465,45.459986,6.786736,2020-06-28,['4058174465_1'],['https://observation.org/photos/62397443.jpg']
4413986519,44.337983,9.653883,2020-06-29T11:40,['4413986519_1'],['https://inaturalist-open-data.s3.amazonaws.com/photos/319693430/original.jpeg']
4430712475,45.988439,8.380169,2020-06-14T12:36,['4430712475_1'],['https://inaturalist-open-data.s3.amazonaws.com/photos/328951172/original.jpeg']
4535882384,47.828705,2.756977,2020-06-12T12:30,"['4535882384_1', '4535882384_2']","['https://inaturalist-open-data.s3.amazonaws.com/photos/78377398/original.jpeg', 'https://inaturalist-open-data.s3.amazonaws.com/photos/78377413/original.jpeg']"
4597389559,46.201835,1.937818,2020-06-01T10:16,['4597389559_1'],['https://inaturalist-open-data.s3.amazonaws.com/photos/356575290/original.jpg']
5133782598,42.61461,-3.821293,2020-06-26T09:51,['5133782598_1'],['https://inaturalist-open-data.s3.amazonaws.com/photos/486646387/original.jpg']
5238264331,43.199137,10.699133,2020-06-13T12:42,['5238264331_1'],['https://inaturalist-open-data.s3.amazonaws.com/photos/542956906/original.jpg']
6470065587,47.352171,1.756931,2020-06-26T21:12,['6470065587_1'],['https://inaturalist-open-data.s3.amazonaws.com/photos/706233948/original.jpg']
2814176285,46.285723,11.445997,2020-07-01T17:49,['2814176285_1'],['https://inaturalist-open-data.s3.amazonaws.com/photos/82158724/original.jpg']
2814284669,45.921602,10.784433,2020-07-05T10:23:03,['2814284669_1'],['https://inaturalist-open-data.s3.amazonaws.com/photos/82843316/original.jpg']
2814332494,46.239683,11.433173,2020-07-04,['2814332494_1'],['https://inaturalist-open-data.s3.amazonaws.com/photos/82924566/original.jpg']
2814372309,45.923413,10.788718,2020-07-04T12:28,['2814372309_1'],['https://inaturalist-open-data.s3.amazonaws.com/photos/83310258/original.jpg']
2818523153,45.90164,8.826052,2020-07-13T17:27,"['2818523153_1', '2818523153_2', '2818523153_3']","['https://inaturalist-open-data.s3.amazonaws.com/photos/84219835/original.jpeg', 'https://inaturalist-open-data.s3.amazonaws.com/photos/84221948/original.jpeg', 'https://inaturalist-open-data.s3.amazonaws.com/photos/84222004/original.jpeg']"
2818635405,42.715421,0.843984,2020-07-15T10:35:07,['2818635405_1'],['https://inaturalist-open-data.s3.amazonaws.com/photos/84550784/original.jpeg']
2818636469,45.756833,10.990019,2020-07-13T21:10,['2818636469_1'],['https://inaturalist-open-data.s3.amazonaws.com/photos/84575262/original.jpg']
2818648493,44.1775,8.188611,2020-07-10T10:16,['2818648493_1'],['https://inaturalist-open-data.s3.amazonaws.com/photos/84590114/original.jpg']
2818725810,42.727563,13.324795,2020-07-11T13:14,['2818725810_1'],['https://inaturalist-open-data.s3.amazonaws.com/photos/83800430/original.jpg']
2823169329,45.5827,7.328133,2020-07-18,"['2823169329_1', '2823169329_2', '2823169329_3']","['https://inaturalist-open-data.s3.amazonaws.com/photos/85681663/original.jpg', 'https://inaturalist-open-data.s3.amazonaws.com/photos/85681709/original.jpg', 'https://inaturalist-open-data.s3.amazonaws.com/photos/85681759/original.jpg']"
2823375626,44.875519,7.198888,2020-07-18T12:01:18,"['2823375626_1', '2823375626_2', '2823375626_3']","['https://inaturalist-open-data.s3.amazonaws.com/photos/86001585/original.jpeg', 'https://inaturalist-open-data.s3.amazonaws.com/photos/86001702/original.jpeg', 'https://inaturalist-open-data.s3.amazonaws.com/photos/86001731/original.jpeg']"
2823406414,46.29918,10.71072,2020-07-20T23:54,['2823406414_1'],['https://inaturalist-open-data.s3.amazonaws.com/photos/85720730/original.jpg']
2823438615,42.745442,11.502364,2020-07-23T10:04,['2823438615_1'],['https://inaturalist-open-data.s3.amazonaws.com/photos/85986758/original.jpeg']
2826366923,45.167872,6.423467,2020-07-25T09:04:21,"['2826366923_1', '2826366923_2', '2826366923_3']","['https://inaturalist-open-data.s3.amazonaws.com/photos/86312968/original.jpg', 'https://inaturalist-open-data.s3.amazonaws.com/photos/86312982/original.jpg', 'https://inaturalist-open-data.s3.amazonaws.com/photos/86312964/original.jpg']"
2826398968,41.767493,14.443218,2020-07-25,['2826398968_1'],['https://inaturalist-open-data.s3.amazonaws.com/photos/86420713/original.jpg']
2826493620,46.762884,-2.0364,2020-07-28T08:42:36,['2826493620_1'],['https://inaturalist-open-data.s3.amazonaws.com/photos/87108222/original.jpg']
2851259595,47.194993,6.409335,2020-07-16T12:37,['2851259595_1'],['https://inaturalist-open-data.s3.amazonaws.com/photos/90904525/original.jpg']
2873755958,42.619836,0.552495,2020-07-16T14:18:33,"['2873755958_1', '2873755958_2']","['https://inaturalist-open-data.s3.amazonaws.com/photos/97274424/original.jpg', 'https://inaturalist-open-data.s3.amazonaws.com/photos/97274439/original.jpg']"
2898381144,44.933277,6.822718,2020-07-15,['2898381144_1'],['https://inaturalist-open-data.s3.amazonaws.com/photos/100232591/original.jpg']
2984446406,46.337088,8.279223,2020-07-02T07:19:42,['2984446406_1'],['https://inaturalist-open-data.s3.amazonaws.com/photos/82129029/original.jpeg']
3044693068,43.816212,11.705412,2020-07-11T13:52,['3044693068_1'],['https://inaturalist-open-data.s3.amazonaws.com/photos/113917638/original.jpeg']
3307368280,42.740462,-0.142843,2020-07-27T18:20,"['3307368280_1', '3307368280_2']","['https://inaturalist-open-data.s3.amazonaws.com/photos/136091775/original.jpg', 'https://inaturalist-open-data.s3.amazonaws.com/photos/136092016/original.jpg']"
3338075752,46.281829,8.875057,2020-07-07T11:09Z,['3338075752_1'],['https://inaturalist-open-data.s3.amazonaws.com/photos/149477896/original.jpg']
3416161408,46.319972,6.963398,2020-07-15T00:01,['3416161408_1'],['https://inaturalist-open-data.s3.amazonaws.com/photos/169246607/original.jpg']
3416166889,46.732068,6.450954,2020-07-17T00:21,['3416166889_1'],['https://inaturalist-open-data.s3.amazonaws.com/photos/169247317/original.jpg']
3717305332,46.763976,1.357082,2020-07-17,['3717305332_1'],['https://observation.org/photos/28940242.jpg']
3717882080,46.204269,2.467742,2020-07-27,"['3717882080_1', '3717882080_2']","['https://observation.org/photos/29422894.jpg', 'https://observation.org/photos/29422895.jpg']"
3727541714,45.365455,6.585143,2020-07-17,['3727541714_1'],['https://observation.org/photos/30024390.jpg']
3727747136,42.9,-2.2,2020-07-24,"['3727747136_1', '3727747136_2', '3727747136_3']","['https://observation.org/photos/29369978.jpg', 'https://observation.org/photos/29435984.jpg', 'https://observation.org/photos/29436005.jpg']"
3963710404,42.55057,1.851665,2020-07-04T10:23:48,['3963710404_1'],['https://inaturalist-open-data.s3.amazonaws.com/photos/242336841/original.jpeg']
4091469106,43.810259,-0.065354,2020-07-17T15:08,"['4091469106_1', '4091469106_2']","['https://inaturalist-open-data.s3.amazonaws.com/photos/267635429/original.jpeg', 'https://inaturalist-open-data.s3.amazonaws.com/photos/267635463/original.jpg']"
4405150044,40.455159,15.360512,2020-07-09T11:59,['4405150044_1'],['https://inaturalist-open-data.s3.amazonaws.com/photos/313369218/original.jpg']
4461967600,42.0,2.05,2020-07-03,['4461967600_1'],['https://observation.org/photos/79768527.jpg']
4507715729,42.542089,1.828633,2020-07-04T19:59:31,['4507715729_1'],['https://inaturalist-open-data.s3.amazonaws.com/photos/343632547/original.jpeg']
4507724734,42.489497,2.071723,2020-07-04T15:52:26,['4507724734_1'],['https://inaturalist-open-data.s3.amazonaws.com/photos/343632488/original.jpeg']
4507956761,42.489539,2.071754,2020-07-04T15:49:58,['4507956761_1'],['https://inaturalist-open-data.s3.amazonaws.com/photos/343632255/original.jpeg']
4952751920,43.855907,-1.383923,2020-07-10T13:31,['4952751920_1'],['https://inaturalist-open-data.s3.amazonaws.com/photos/438667791/original.jpeg']
5134650562,47.204442,-1.642258,2020-07-10T11:15,['5134650562_1'],['https://inaturalist-open-data.s3.amazonaws.com/photos/484170060/original.jpeg']
5217094330,44.594657,9.334149,2020-07-22T07:37:46,['5217094330_1'],['https://inaturalist-open-data.s3.amazonaws.com/photos/85789519/original.jpg']
2826340230,46.417549,10.97936,2020-08-02T16:33:28,['2826340230_1'],['https://inaturalist-open-data.s3.amazonaws.com/photos/87832145/original.jpeg']
2826349093,42.311165,2.365556,2020-08-01T21:42:17,['2826349093_1'],['https://inaturalist-open-data.s3.amazonaws.com/photos/87688806/original.jpg']
2850699925,43.19438,2.165492,2020-08-09T06:29:03,['2850699925_1'],['https://inaturalist-open-data.s3.amazonaws.com/photos/89016962/original.jpg']
2850744126,45.03039,6.946479,2020-08-16T12:10,['2850744126_1'],['https://inaturalist-open-data.s3.amazonaws.com/photos/90420646/original.jpg']
2850754477,45.513272,7.577633,2020-08-02T10:52:39,['2850754477_1'],['https://inaturalist-open-data.s3.amazonaws.com/photos/88524855/original.jpg']
2850776568,46.119534,7.499067,2020-08-08T12:43,"['2850776568_1', '2850776568_2']","['https://inaturalist-open-data.s3.amazonaws.com/photos/90905838/original.jpg', 'https://inaturalist-open-data.s3.amazonaws.com/photos/90906241/original.jpg']"
2850806291,45.028889,6.940869,2020-08-15T21:25,['2850806291_1'],['https://inaturalist-open-data.s3.amazonaws.com/photos/90492886/original.jpg']
2850873722,46.299925,10.710834,2020-08-02T23:22,['2850873722_1'],['https://inaturalist-open-data.s3.amazonaws.com/photos/89965266/original.jpg']
2850915607,45.074211,6.733727,2020-08-20T13:51:10,"['2850915607_1', '2850915607_2']","['https://inaturalist-open-data.s3.amazonaws.com/photos/90944390/original.jpg', 'https://inaturalist-open-data.s3.amazonaws.com/photos/90944126/original.jpg']"
2850966972,45.055062,7.209507,2020-08-02T10:44:07,['2850966972_1'],['https://inaturalist-open-data.s3.amazonaws.com/photos/87991623/original.jpeg']
2851034645,45.547612,7.576883,2020-08-13T15:39:19,['2851034645_1'],['https://inaturalist-open-data.s3.amazonaws.com/photos/89762390/original.jpg']
2851083572,45.500643,7.551404,2020-08-02T10:19:35,['2851083572_1'],['https://inaturalist-open-data.s3.amazonaws.com/photos/88525244/original.jpg']
2851194176,45.028954,6.940901,2020-08-15T12:14,['2851194176_1'],['https://inaturalist-open-data.s3.amazonaws.com/photos/90420929/original.jpg']
2851224764,46.009109,10.131617,2020-08-03T11:58:19,['2851224764_1'],['https://inaturalist-open-data.s3.amazonaws.com/photos/88851499/original.jpeg']
2856492187,45.927611,10.766643,2020-08-25,['2856492187_1'],['https://inaturalist-open-data.s3.amazonaws.com/photos/91761938/original.jpeg']
2856628876,47.677784,8.05219,2020-08-20T11:16,['2856628876_1'],['https://inaturalist-open-data.s3.amazonaws.com/photos/91401479/original.jpeg']
2859922977,46.272565,8.158436,2020-08-06T08:48:58,"['2859922977_1', '2859922977_2', '2859922977_3']","['https://inaturalist-open-data.s3.amazonaws.com/photos/92688848/original.jpg', 'https://inaturalist-open-data.s3.amazonaws.com/photos/92688883/original.jpg', 'https://inaturalist-open-data.s3.amazonaws.com/photos/92688920/original.jpg']"
2859946795,45.46244,7.145146,2020-08-28T10:54:49,['2859946795_1'],['https://inaturalist-open-data.s3.amazonaws.com/photos/92491064/original.jpg']
2859953768,46.040577,7.444935,2020-08-28T12:12,"['2859953768_1', '2859953768_2']","['https://inaturalist-open-data.s3.amazonaws.com/photos/92434182/original.jpeg', 'https://inaturalist-open-data.s3.amazonaws.com/photos/92434229/original.jpeg']"
2864646842,46.301319,10.710243,2020-08-31T14:58,['2864646842_1'],['https://inaturalist-open-data.s3.amazonaws.com/photos/94971622/original.jpg']
2868314770,42.587667,2.045922,2020-08-25T13:04,['2868314770_1'],['https://inaturalist-open-data.s3.amazonaws.com/photos/95866622/original.jpeg']
3067636090,46.00184,6.944978,2020-08-04T12:56,['3067636090_1'],['https://inaturalist-open-data.s3.amazonaws.com/photos/94201804/original.jpeg']
3124769879,42.581612,1.009458,2020-08-21T10:46,['3124769879_1'],['https://inaturalist-open-data.s3.amazonaws.com/photos/130641949/original.jpg']
3408178380,44.854086,7.186397,2020-08-19T10:35,"['3408178380_1', '3408178380_2', '3408178380_3', '3408178380_4', '3408178380_5', '3408178380_6']","['https://inaturalist-open-data.s3.amazonaws.com/photos/101698501/original.jpg', 'https://inaturalist-open-data.s3.amazonaws.com/photos/111111925/original.jpg', 'https://inaturalist-open-data.s3.amazonaws.com/photos/111111945/original.jpg', 'https://inaturalist-open-data.s3.amazonaws.com/photos/111111956/original.jpg', 'https://inaturalist-open-data.s3.amazonaws.com/photos/111111963/original.jpg', 'https://inaturalist-open-data.s3.amazonaws.com/photos/111111973/original.jpg']"
3717345901,42.82,0.16,2020-08-05,['3717345901_1'],['https://observation.org/photos/29977810.jpg']
3717476817,42.829723,0.211389,2020-08-05,['3717476817_1'],['https://observation.org/photos/29881444.jpg']
3717856112,46.706536,-1.793196,2020-08-13,"['3717856112_1', '3717856112_2']","['https://observation.org/photos/30068709.jpg', 'https://observation.org/photos/30068710.jpg']"
3717976512,45.59478,7.347407,2020-08-06,['3717976512_1'],['https://observation.org/photos/29683410.jpg']
3718467471,45.1704,3.2512,2020-08-25,['3718467471_1'],['https://observation.org/photos/30311305.jpg']
3726430175,42.839928,-0.49492,2020-08-25,['3726430175_1'],['https://observation.org/photos/30867498.jpg']
3726963980,44.15,5.31,2020-08-10,['3726963980_1'],['https://observation.org/photos/29978157.jpg']
3727511911,44.154446,5.318333,2020-08-10,['3727511911_1'],['https://observation.org/photos/29881404.jpg']
3727516528,46.788114,1.199064,2020-08-16,"['3727516528_1', '3727516528_2']","['https://observation.org/photos/30245167.jpg', 'https://observation.org/photos/30245168.jpg']"
3727707743,42.62,1.46,2020-08-08,['3727707743_1'],['https://observation.org/photos/29881419.jpg']
3742994332,47.480229,6.813296,2020-08-18T18:05:40,"['3742994332_1', '3742994332_2']","['https://inaturalist-open-data.s3.amazonaws.com/photos/90665666/original.jpeg', 'https://inaturalist-open-data.s3.amazonaws.com/photos/136086323/original.jpeg']"
3743122338,47.536202,6.966374,2020-08-18T18:04:32,['3743122338_1'],['https://inaturalist-open-data.s3.amazonaws.com/photos/90668271/original.jpeg']
3764555746,41.686662,12.924869,2020-08-05T11:54,['3764555746_1'],['https://inaturalist-open-data.s3.amazonaws.com/photos/190283226/original.jpg']
3892353866,41.543272,12.726938,2020-08-26,['3892353866_1'],['https://inaturalist-open-data.s3.amazonaws.com/photos/222157366/original.jpg']
3892381909,42.479358,12.890178,2020-08-14,['3892381909_1'],['https://inaturalist-open-data.s3.amazonaws.com/photos/222284836/original.jpg']
3892473861,42.412425,12.161987,2020-08-15,['3892473861_1'],['https://inaturalist-open-data.s3.amazonaws.com/photos/222183925/original.jpg']
4075747424,45.741455,7.20008,2020-08-02T12:11:19,['4075747424_1'],['https://inaturalist-open-data.s3.amazonaws.com/photos/95502682/original.jpeg']
4153761170,45.701286,6.722688,2020-08-14T11:21,['4153761170_1'],['https://inaturalist-open-data.s3.amazonaws.com/photos/298381842/original.jpeg']
4171488493,41.787311,13.705757,2020-08-14T12:12:14,['4171488493_1'],['https://inaturalist-open-data.s3.amazonaws.com/photos/304591950/original.jpeg']
4460126290,42.75,-2.45,2020-08-05,['4460126290_1'],['https://observation.org/photos/79768713.jpg']
4460784520,42.35,-3.0,2020-08-30,['4460784520_1'],['https://observation.org/photos/79768962.jpg']
4462084589,42.35,-3.0,2020-08-30,['4462084589_1'],['https://observation.org/photos/79768964.jpg']
4902102309,42.099987,-2.22752,2020-08-02T17:45,"['4902102309_1', '4902102309_2', '4902102309_3']","['https://inaturalist-open-data.s3.amazonaws.com/photos/396402803/original.jpg', 'https://inaturalist-open-data.s3.amazonaws.com/photos/396402902/original.jpg', 'https://inaturalist-open-data.s3.amazonaws.com/photos/396402908/original.jpg']"
4987772715,46.366085,11.108862,2020-08-11T13:05:34,"['4987772715_1', '4987772715_2', '4987772715_3']","['https://inaturalist-open-data.s3.amazonaws.com/photos/453362325/original.jpeg', 'https://inaturalist-open-data.s3.amazonaws.com/photos/453362345/original.jpeg', 'https://inaturalist-open-data.s3.amazonaws.com/photos/453362363/original.jpeg']"
6441864007,37.734804,14.871357,2020-08-08,['6441864007_1'],['https://inaturalist-open-data.s3.amazonaws.com/photos/695741032/original.jpg']
6451977482,42.890623,0.034762,2020-08-05T15:44,['6451977482_1'],['https://inaturalist-open-data.s3.amazonaws.com/photos/701728877/original.jpg']
6452506907,44.084866,5.207071,2020-08-10T09:33,['6452506907_1'],['https://inaturalist-open-data.s3.amazonaws.com/photos/701729033/original.jpg']
2860046380,46.326904,8.269881,2020-09-02T21:58:01,['2860046380_1'],['https://inaturalist-open-data.s3.amazonaws.com/photos/93180441/original.jpeg']
2860224446,43.830609,7.328235,2020-09-03T13:39:03,['2860224446_1'],['https://inaturalist-open-data.s3.amazonaws.com/photos/93284721/original.jpeg']
2860255396,43.900664,7.334441,2020-09-03T13:32:54,"['2860255396_1', '2860255396_2', '2860255396_3']","['https://inaturalist-open-data.s3.amazonaws.com/photos/93285264/original.jpeg', 'https://inaturalist-open-data.s3.amazonaws.com/photos/93285293/original.jpeg', 'https://inaturalist-open-data.s3.amazonaws.com/photos/93285311/original.jpeg']"
2862308921,45.096789,7.811903,2020-09-06,['2862308921_1'],['https://inaturalist-open-data.s3.amazonaws.com/photos/93792353/original.jpg']
2862380584,43.838884,7.525789,2020-09-04T10:04:47,"['2862380584_1', '2862380584_2', '2862380584_3']","['https://inaturalist-open-data.s3.amazonaws.com/photos/93417492/original.jpeg', 'https://inaturalist-open-data.s3.amazonaws.com/photos/93417523/original.jpeg', 'https://inaturalist-open-data.s3.amazonaws.com/photos/93417556/original.jpeg']"
2862488734,45.960675,11.179319,2020-09-04T19:50,['2862488734_1'],['https://inaturalist-open-data.s3.amazonaws.com/photos/93608406/original.jpeg']
2862498596,43.817578,7.479182,2020-09-04T10:06:10,"['2862498596_1', '2862498596_2', '2862498596_3', '2862498596_4']","['https://inaturalist-open-data.s3.amazonaws.com/photos/93459664/original.jpeg', 'https://inaturalist-open-data.s3.amazonaws.com/photos/93459687/original.jpeg', 'https://inaturalist-open-data.s3.amazonaws.com/photos/93459721/original.jpeg', 'https://inaturalist-open-data.s3.amazonaws.com/photos/93459766/original.jpeg']"
2862526844,42.940846,13.145975,2020-09-06T07:25,"['2862526844_1', '2862526844_2']","['https://inaturalist-open-data.s3.amazonaws.com/photos/93802663/original.jpeg', 'https://inaturalist-open-data.s3.amazonaws.com/photos/93803638/original.jpeg']"
2862642340,44.045438,7.720492,2020-09-09T16:47,['2862642340_1'],['https://inaturalist-open-data.s3.amazonaws.com/photos/94343202/original.jpg']
2862642341,45.959583,6.885672,2020-09-04T12:36,"['2862642341_1', '2862642341_2']","['https://inaturalist-open-data.s3.amazonaws.com/photos/94345574/original.jpeg', 'https://inaturalist-open-data.s3.amazonaws.com/photos/94346272/original.jpeg']"
2864780014,42.613587,-0.681671,2020-09-13T08:10:29,"['2864780014_1', '2864780014_2', '2864780014_3']","['https://inaturalist-open-data.s3.amazonaws.com/photos/95180304/original.jpg', 'https://inaturalist-open-data.s3.amazonaws.com/photos/95180295/original.jpg', 'https://inaturalist-open-data.s3.amazonaws.com/photos/95180287/original.jpg']"
2864794883,40.741217,17.202071,2020-09-15T10:07:32,"['2864794883_1', '2864794883_2', '2864794883_3', '2864794883_4']","['https://inaturalist-open-data.s3.amazonaws.com/photos/95354242/original.jpeg', 'https://inaturalist-open-data.s3.amazonaws.com/photos/95354279/original.jpeg', 'https://inaturalist-open-data.s3.amazonaws.com/photos/95354302/original.jpeg', 'https://inaturalist-open-data.s3.amazonaws.com/photos/95354323/original.jpeg']"
2864808121,44.142892,7.404245,2020-09-13T11:57:13,['2864808121_1'],['https://inaturalist-open-data.s3.amazonaws.com/photos/94990600/original.jpg']
2868147233,40.742155,17.20328,2020-09-17T08:23:33,"['2868147233_1', '2868147233_2', '2868147233_3']","['https://inaturalist-open-data.s3.amazonaws.com/photos/96395333/original.jpeg', 'https://inaturalist-open-data.s3.amazonaws.com/photos/96395368/original.jpeg', 'https://inaturalist-open-data.s3.amazonaws.com/photos/96445557/original.jpeg']"
2868172392,40.741963,17.202997,2020-09-17T08:27:48,"['2868172392_1', '2868172392_2', '2868172392_3']","['https://inaturalist-open-data.s3.amazonaws.com/photos/96445586/original.jpeg', 'https://inaturalist-open-data.s3.amazonaws.com/photos/96445651/original.jpeg', 'https://inaturalist-open-data.s3.amazonaws.com/photos/96445699/original.jpeg']"
2868234530,46.702078,11.65481,2020-09-21T21:00,"['2868234530_1', '2868234530_2', '2868234530_3', '2868234530_4']","['https://inaturalist-open-data.s3.amazonaws.com/photos/96631475/original.jpeg', 'https://inaturalist-open-data.s3.amazonaws.com/photos/96631614/original.jpeg', 'https://inaturalist-open-data.s3.amazonaws.com/photos/96631668/original.jpeg', 'https://inaturalist-open-data.s3.amazonaws.com/photos/96631723/original.jpeg']"
2873775735,44.931667,6.820444,2020-09-09,['2873775735_1'],['https://inaturalist-open-data.s3.amazonaws.com/photos/97091114/original.jpg']
2873777769,47.957286,7.339279,2020-09-03T11:10,['2873777769_1'],['https://inaturalist-open-data.s3.amazonaws.com/photos/97263156/original.jpeg']
2873804964,46.09527,8.107153,2020-09-28T11:53:37Z,['2873804964_1'],['https://inaturalist-open-data.s3.amazonaws.com/photos/97746099/original.jpeg']
2873920823,47.860882,7.304042,2020-09-03T13:48,['2873920823_1'],['https://inaturalist-open-data.s3.amazonaws.com/photos/140933889/original.jpeg']
2883236550,44.625499,8.7799,2020-09-30T11:05:41,"['2883236550_1', '2883236550_2', '2883236550_3']","['https://inaturalist-open-data.s3.amazonaws.com/photos/99099136/original.jpeg', 'https://inaturalist-open-data.s3.amazonaws.com/photos/99099154/original.jpeg', 'https://inaturalist-open-data.s3.amazonaws.com/photos/99099173/original.jpeg']"
2984462465,45.637028,7.405981,2020-09-15T11:31:16,['2984462465_1'],['https://inaturalist-open-data.s3.amazonaws.com/photos/95402632/original.jpeg']
2988561911,46.332652,10.985353,2020-09-11T18:11,"['2988561911_1', '2988561911_2', '2988561911_3']","['https://inaturalist-open-data.s3.amazonaws.com/photos/104274124/original.jpeg', 'https://inaturalist-open-data.s3.amazonaws.com/photos/104275739/original.jpeg', 'https://inaturalist-open-data.s3.amazonaws.com/photos/104275938/original.jpeg']"
3039371702,42.711795,-0.39145,2020-09-30T10:18,['3039371702_1'],['https://inaturalist-open-data.s3.amazonaws.com/photos/108647873/original.jpg']
3061739562,44.333114,6.733617,2020-09-13T14:34,['3061739562_1'],['https://inaturalist-open-data.s3.amazonaws.com/photos/115618877/original.jpeg']
3070671749,47.939768,7.255049,2020-09-03T11:12,['3070671749_1'],['https://inaturalist-open-data.s3.amazonaws.com/photos/117778905/original.jpeg']
3070777949,47.939768,7.255049,2020-09-03T13:48,['3070777949_1'],['https://inaturalist-open-data.s3.amazonaws.com/photos/117779783/original.jpeg']
3892396901,41.796331,13.048942,2020-09-16,['3892396901_1'],['https://inaturalist-open-data.s3.amazonaws.com/photos/222241456/original.jpg']
4145210741,40.744756,17.203489,2020-09-15T12:00,"['4145210741_1', '4145210741_2', '4145210741_3']","['https://inaturalist-open-data.s3.amazonaws.com/photos/295058486/original.jpg', 'https://inaturalist-open-data.s3.amazonaws.com/photos/295058652/original.jpg', 'https://inaturalist-open-data.s3.amazonaws.com/photos/295058678/original.jpg']"
4460784530,42.55,0.1,2020-09-10,['4460784530_1'],['https://observation.org/photos/79769463.jpg']
4462343283,42.8,-2.65,2020-09-06,['4462343283_1'],['https://observation.org/photos/79768904.jpg']
4901297887,41.997657,-2.851219,2020-09-05T13:24,['4901297887_1'],['https://inaturalist-open-data.s3.amazonaws.com/photos/395725473/original.jpg']
5017344197,48.639439,8.490966,2020-09-17T00:00,['5017344197_1'],['https://live.staticflickr.com/65535/50722138613_728372bdb7_b.jpg']
5188211885,43.854975,7.420821,2020-09-10T15:33,['5188211885_1'],['https://inaturalist-open-data.s3.amazonaws.com/photos/517603747/original.jpg']
6481383413,47.352171,1.756931,2020-09-20T11:37,['6481383413_1'],['https://inaturalist-open-data.s3.amazonaws.com/photos/706819922/original.jpg']
2882944529,42.805765,-1.617065,2020-10-02T11:37,"['2882944529_1', '2882944529_2']","['https://inaturalist-open-data.s3.amazonaws.com/photos/98402789/original.jpg', 'https://inaturalist-open-data.s3.amazonaws.com/photos/98403102/original.jpg']"
2882946558,41.895967,12.872683,2020-10-04T06:49:03,['2882946558_1'],['https://inaturalist-open-data.s3.amazonaws.com/photos/98705185/original.jpg']
2882984643,42.805702,-1.616975,2020-10-02T11:33,['2882984643_1'],['https://inaturalist-open-data.s3.amazonaws.com/photos/98767329/original.jpg']
2883018115,44.605598,8.767247,2020-10-04T09:51:21,"['2883018115_1', '2883018115_2']","['https://inaturalist-open-data.s3.amazonaws.com/photos/98872205/original.jpeg', 'https://inaturalist-open-data.s3.amazonaws.com/photos/98872222/original.jpeg']"
2883237389,44.737295,-0.778158,2020-10-08T12:44:36,['2883237389_1'],['https://inaturalist-open-data.s3.amazonaws.com/photos/99321945/original.jpg']
2898422670,46.014534,11.072894,2020-10-09T15:51:59,"['2898422670_1', '2898422670_2']","['https://inaturalist-open-data.s3.amazonaws.com/photos/99530497/original.jpeg', 'https://inaturalist-open-data.s3.amazonaws.com/photos/99530595/original.jpeg']"
2901696655,45.665054,7.458304,2020-10-15T12:04:26,"['2901696655_1', '2901696655_2']","['https://inaturalist-open-data.s3.amazonaws.com/photos/100519571/original.jpeg', 'https://inaturalist-open-data.s3.amazonaws.com/photos/100519608/original.jpeg']"
2901731740,45.913783,11.719628,2020-10-17T14:40:38,['2901731740_1'],['https://inaturalist-open-data.s3.amazonaws.com/photos/100696142/original.jpg']
2901737235,42.064355,12.832988,2020-10-21T10:10:45,"['2901737235_1', '2901737235_2', '2901737235_3']","['https://inaturalist-open-data.s3.amazonaws.com/photos/101321215/original.jpeg', 'https://inaturalist-open-data.s3.amazonaws.com/photos/101321228/original.jpeg', 'https://inaturalist-open-data.s3.amazonaws.com/photos/101321241/original.jpeg']"
2901781139,46.552793,11.616687,2020-10-19T09:47,['2901781139_1'],['https://inaturalist-open-data.s3.amazonaws.com/photos/101176522/original.jpg']
2901793151,46.068889,11.541718,2020-10-18T12:37,['2901793151_1'],['https://inaturalist-open-data.s3.amazonaws.com/photos/101304032/original.jpeg']
2980988177,45.947132,10.897347,2020-10-25T11:42,"['2980988177_1', '2980988177_2', '2980988177_3']","['https://inaturalist-open-data.s3.amazonaws.com/photos/103117709/original.jpeg', 'https://inaturalist-open-data.s3.amazonaws.com/photos/103117712/original.jpeg', 'https://inaturalist-open-data.s3.amazonaws.com/photos/103117713/original.jpeg']"
3039311694,46.278322,7.51212,2020-10-17T18:15:19,"['3039311694_1', '3039311694_2']","['https://inaturalist-open-data.s3.amazonaws.com/photos/112246421/original.jpg', 'https://inaturalist-open-data.s3.amazonaws.com/photos/112246428/original.jpg']"
3705461730,41.869614,12.832295,2020-10-30T11:17,"['3705461730_1', '3705461730_2', '3705461730_3', '3705461730_4', '3705461730_5', '3705461730_6']","['https://inaturalist-open-data.s3.amazonaws.com/photos/181293176/original.jpeg', 'https://inaturalist-open-data.s3.amazonaws.com/photos/181293431/original.jpeg', 'https://inaturalist-open-data.s3.amazonaws.com/photos/181293430/original.jpeg', 'https://inaturalist-open-data.s3.amazonaws.com/photos/181293432/original.jpeg', 'https://inaturalist-open-data.s3.amazonaws.com/photos/181293433/original.jpeg', 'https://inaturalist-open-data.s3.amazonaws.com/photos/181293434/original.jpeg']"
3747272666,48.430246,2.632282,2020-10-18T15:44,['3747272666_1'],['https://inaturalist-open-data.s3.amazonaws.com/photos/183798654/original.jpeg']
3892591066,44.642012,1.820391,2020-10-27T12:37,['3892591066_1'],['https://inaturalist-open-data.s3.amazonaws.com/photos/222447074/original.jpg']
3963546347,42.147291,2.262873,2020-10-07T12:48:54,"['3963546347_1', '3963546347_2']","['https://inaturalist-open-data.s3.amazonaws.com/photos/99190759/original.jpeg', 'https://inaturalist-open-data.s3.amazonaws.com/photos/99190847/original.jpeg']"
3966374037,43.865864,11.863097,2020-10-09,['3966374037_1'],['https://inaturalist-open-data.s3.amazonaws.com/photos/242963329/original.jpeg']
3985805260,43.648422,3.615645,2020-10-26T16:40,['3985805260_1'],['https://inaturalist-open-data.s3.amazonaws.com/photos/245432408/original.jpeg']
3985838219,43.648422,3.615645,2020-10-23T15:26,['3985838219_1'],['https://inaturalist-open-data.s3.amazonaws.com/photos/245427644/original.jpeg']
3985873239,43.648422,3.615645,2020-10-17T18:45,['3985873239_1'],['https://inaturalist-open-data.s3.amazonaws.com/photos/245424705/original.jpeg']
3985879227,43.648422,3.615645,2020-10-24T17:49,['3985879227_1'],['https://inaturalist-open-data.s3.amazonaws.com/photos/245428248/original.jpeg']
3986025354,43.648422,3.615645,2020-10-28T13:46,['3986025354_1'],['https://inaturalist-open-data.s3.amazonaws.com/photos/245425798/original.jpeg']
3986139317,43.648422,3.615645,2020-10-19T15:23,['3986139317_1'],['https://inaturalist-open-data.s3.amazonaws.com/photos/245427058/original.jpeg']
3986327266,43.648422,3.615645,2020-10-23T14:48,['3986327266_1'],['https://inaturalist-open-data.s3.amazonaws.com/photos/245426628/original.jpeg']
4424397800,45.931301,10.883826,2020-10-20T14:16,"['4424397800_1', '4424397800_2']","['https://inaturalist-open-data.s3.amazonaws.com/photos/325731622/original.jpg', 'https://inaturalist-open-data.s3.amazonaws.com/photos/325731620/original.jpg']"
4919098519,40.558612,17.322179,2020-10-15T16:38,['4919098519_1'],['https://inaturalist-open-data.s3.amazonaws.com/photos/412090362/original.jpg']
6481302915,47.352171,1.756931,2020-10-08T10:12,['6481302915_1'],['https://inaturalist-open-data.s3.amazonaws.com/photos/706823326/original.jpg']
2980969206,43.015072,12.0616,2020-11-05T12:38:32,"['2980969206_1', '2980969206_2', '2980969206_3']","['https://inaturalist-open-data.s3.amazonaws.com/photos/103233554/original.jpg', 'https://inaturalist-open-data.s3.amazonaws.com/photos/103233591/original.jpg', 'https://inaturalist-open-data.s3.amazonaws.com/photos/103233609/original.jpg']"
2984450572,44.199387,3.887613,2020-11-05T12:44:03,['2984450572_1'],['https://inaturalist-open-data.s3.amazonaws.com/photos/103439081/original.jpg']
2984519575,45.731418,7.420356,2020-11-01T09:56:59,['2984519575_1'],['https://inaturalist-open-data.s3.amazonaws.com/photos/103443754/original.jpeg']
2988319892,46.086037,10.878921,2020-11-06T11:27,"['2988319892_1', '2988319892_2']","['https://inaturalist-open-data.s3.amazonaws.com/photos/104210348/original.jpeg', 'https://inaturalist-open-data.s3.amazonaws.com/photos/104210472/original.jpeg']"
2988558634,44.633084,8.810134,2020-11-21T11:14:36,['2988558634_1'],['https://inaturalist-open-data.s3.amazonaws.com/photos/105146929/original.jpeg']
2988709435,45.77311,7.586476,2020-11-16T09:50:01,"['2988709435_1', '2988709435_2']","['https://inaturalist-open-data.s3.amazonaws.com/photos/104931101/original.jpeg', 'https://inaturalist-open-data.s3.amazonaws.com/photos/104931114/original.jpeg']"
3325837366,42.054868,12.967467,2020-11-21T11:55,"['3325837366_1', '3325837366_2']","['https://inaturalist-open-data.s3.amazonaws.com/photos/105178900/original.jpeg', 'https://inaturalist-open-data.s3.amazonaws.com/photos/105384155/original.jpeg']"
3985876247,43.648422,3.615645,2020-11-12T16:21,['3985876247_1'],['https://inaturalist-open-data.s3.amazonaws.com/photos/245425290/original.jpeg']
2006078938,46.154967,11.802938,2019-02-25T14:29:01,['2006078938_1'],['https://inaturalist-open-data.s3.amazonaws.com/photos/32040430/original.jpeg']
2028461018,46.467971,6.767825,2019-03-16T16:00:30,['2028461018_1'],['https://inaturalist-open-data.s3.amazonaws.com/photos/32916561/original.jpg']
2234745441,45.062988,6.90384,2019-03-22T13:31:15,"['2234745441_1', '2234745441_2']","['https://inaturalist-open-data.s3.amazonaws.com/photos/33246357/original.jpeg', 'https://inaturalist-open-data.s3.amazonaws.com/photos/33246372/original.jpeg']"
2234747394,45.018559,6.873498,2019-03-22T12:46:47,"['2234747394_1', '2234747394_2', '2234747394_3']","['https://inaturalist-open-data.s3.amazonaws.com/photos/33246319/original.jpeg', 'https://inaturalist-open-data.s3.amazonaws.com/photos/33246326/original.jpeg', 'https://inaturalist-open-data.s3.amazonaws.com/photos/33246335/original.jpeg']"
2234797817,46.098436,10.933432,2019-03-24,['2234797817_1'],['https://inaturalist-open-data.s3.amazonaws.com/photos/33532682/original.jpg']
2235547745,45.893476,10.730244,2019-03-31T21:23,['2235547745_1'],['https://inaturalist-open-data.s3.amazonaws.com/photos/34026282/original.jpg']
2236241447,41.439728,14.15537,2019-03-31T16:12,"['2236241447_1', '2236241447_2', '2236241447_3', '2236241447_4', '2236241447_5', '2236241447_6', '2236241447_7', '2236241447_8', '2236241447_9', '2236241447_10']","['https://inaturalist-open-data.s3.amazonaws.com/photos/34277965/original.jpeg', 'https://inaturalist-open-data.s3.amazonaws.com/photos/34278006/original.jpeg', 'https://inaturalist-open-data.s3.amazonaws.com/photos/34278024/original.jpeg', 'https://inaturalist-open-data.s3.amazonaws.com/photos/34278053/original.jpeg', 'https://inaturalist-open-data.s3.amazonaws.com/photos/34278081/original.jpeg', 'https://inaturalist-open-data.s3.amazonaws.com/photos/34278104/original.jpeg', 'https://inaturalist-open-data.s3.amazonaws.com/photos/34359274/original.jpeg', 'https://inaturalist-open-data.s3.amazonaws.com/photos/34359352/original.jpeg', 'https://inaturalist-open-data.s3.amazonaws.com/photos/34359410/original.jpeg', 'https://inaturalist-open-data.s3.amazonaws.com/photos/34359469/original.jpeg']"
2550045497,41.572421,14.047295,2019-03-31T14:26:04,['2550045497_1'],['https://inaturalist-open-data.s3.amazonaws.com/photos/59245208/original.jpeg']
2610942656,45.792487,7.688299,2019-03-22T15:06:35,['2610942656_1'],['https://inaturalist-open-data.s3.amazonaws.com/photos/68336835/original.jpg']
2641340569,45.6,7.8,2019-03-31T13:10:04Z,['2641340569_1'],['https://inaturalist-open-data.s3.amazonaws.com/photos/76524456/original.jpeg']
2844676821,42.85,-0.95,2019-03-17,['2844676821_1'],['https://observation.org/photos/19876817.jpg']
2850740779,43.663784,3.644807,2019-03-23T11:27,['2850740779_1'],['https://inaturalist-open-data.s3.amazonaws.com/photos/88755717/original.jpeg']
3825452326,43.918739,3.277991,2019-03-24,"['3825452326_1', '3825452326_2']","['https://observation.org/photos/19950813.jpg', 'https://observation.org/photos/19950815.jpg']"
3858653220,42.947913,0.272027,2019-03-08T22:43:06,['3858653220_1'],['https://inaturalist-open-data.s3.amazonaws.com/photos/207094498/original.jpeg']
3860431746,43.019292,1.311762,2019-03-27T14:59,['3860431746_1'],['https://inaturalist-open-data.s3.amazonaws.com/photos/204035433/original.jpeg']
2236909655,44.635982,8.783082,2019-04-17T16:58:50,['2236909655_1'],['https://inaturalist-open-data.s3.amazonaws.com/photos/35028523/original.jpeg']
2236914085,44.625804,8.782994,2019-04-17T18:50:08,['2236914085_1'],['https://inaturalist-open-data.s3.amazonaws.com/photos/35061130/original.jpeg']
2237449313,42.956329,10.572958,2019-04-20T10:16:26,"['2237449313_1', '2237449313_2', '2237449313_3']","['https://inaturalist-open-data.s3.amazonaws.com/photos/35252877/original.jpeg', 'https://inaturalist-open-data.s3.amazonaws.com/photos/35252882/original.jpeg', 'https://inaturalist-open-data.s3.amazonaws.com/photos/35252886/original.jpeg']"
2237497623,45.885681,10.835959,2019-04-22T14:15,['2237497623_1'],['https://inaturalist-open-data.s3.amazonaws.com/photos/35554246/original.jpg']
2237498395,45.871023,11.085387,2019-04-21T10:32,['2237498395_1'],['https://inaturalist-open-data.s3.amazonaws.com/photos/35548010/original.jpeg']
2237498883,45.895328,10.83561,2019-04-23T14:13,['2237498883_1'],['https://inaturalist-open-data.s3.amazonaws.com/photos/35554178/original.jpg']
2238866580,45.931464,10.874976,2019-04-26,['2238866580_1'],['https://inaturalist-open-data.s3.amazonaws.com/photos/36358582/original.jpg']
2239021528,46.251718,8.165557,2019-04-30T10:16:41,"['2239021528_1', '2239021528_2', '2239021528_3', '2239021528_4']","['https://inaturalist-open-data.s3.amazonaws.com/photos/37534208/original.jpeg', 'https://inaturalist-open-data.s3.amazonaws.com/photos/37534177/original.jpeg', 'https://inaturalist-open-data.s3.amazonaws.com/photos/37534188/original.jpeg', 'https://inaturalist-open-data.s3.amazonaws.com/photos/37534198/original.jpeg']"
2239041879,41.759305,14.93075,2019-04-24T08:55,['2239041879_1'],['https://inaturalist-open-data.s3.amazonaws.com/photos/37659581/original.jpg']
2242972707,41.836462,13.207476,2019-04-19T15:55,"['2242972707_1', '2242972707_2', '2242972707_3', '2242972707_4']","['https://inaturalist-open-data.s3.amazonaws.com/photos/38768111/original.jpeg', 'https://inaturalist-open-data.s3.amazonaws.com/photos/38768147/original.jpeg', 'https://inaturalist-open-data.s3.amazonaws.com/photos/38768150/original.jpeg', 'https://inaturalist-open-data.s3.amazonaws.com/photos/38768181/original.jpeg']"
2429385197,45.823959,10.99422,2019-04-01T13:26,['2429385197_1'],['https://inaturalist-open-data.s3.amazonaws.com/photos/53267850/original.jpg']
2429532023,45.858788,10.829961,2019-04-22T13:25,['2429532023_1'],['https://inaturalist-open-data.s3.amazonaws.com/photos/53725386/original.jpg']
2540749834,45.811876,8.858307,2019-04-22T12:15,['2540749834_1'],['https://inaturalist-open-data.s3.amazonaws.com/photos/58518056/original.png']
2837934085,43.760944,3.197694,2019-04-11,"['2837934085_1', '2837934085_2', '2837934085_3']","['https://observation.org/photos/20453631.jpg', 'https://observation.org/photos/20453632.jpg', 'https://observation.org/photos/20453633.jpg']"
2843391056,40.614056,16.812744,2019-04-09,['2843391056_1'],['https://observation.org/photos/23851055.jpg']
2844215716,42.75,-1.6,2019-04-19,['2844215716_1'],['https://observation.org/photos/20285898.jpg']
2862334370,41.597284,14.825335,2019-04-12,['2862334370_1'],['https://inaturalist-open-data.s3.amazonaws.com/photos/70687635/original.jpeg']
3499592623,41.321144,13.041412,2019-04-07T12:10,['3499592623_1'],['https://inaturalist-open-data.s3.amazonaws.com/photos/179633883/original.jpg']
3858525551,45.82747,10.996716,2019-04-01T14:31,['3858525551_1'],['https://inaturalist-open-data.s3.amazonaws.com/photos/203594854/original.jpeg']
3892322889,41.374117,13.335024,2019-04-22,['3892322889_1'],['https://inaturalist-open-data.s3.amazonaws.com/photos/222179575/original.jpg']
4460732481,42.65,0.6,2019-04-28,['4460732481_1'],['https://observation.org/photos/79786751.jpg']
4461193125,42.65,0.65,2019-04-28,['4461193125_1'],['https://observation.org/photos/79786750.jpg']
4599780497,47.775033,8.383252,2019-04-20T16:44:19,['4599780497_1'],['https://inaturalist-open-data.s3.amazonaws.com/photos/129808979/original.jpeg']
5104514999,41.655659,15.929955,2019-04-28T11:35,"['5104514999_1', '5104514999_2', '5104514999_3', '5104514999_4', '5104514999_5', '5104514999_6', '5104514999_7']","['https://inaturalist-open-data.s3.amazonaws.com/photos/478359948/original.jpg', 'https://inaturalist-open-data.s3.amazonaws.com/photos/478360494/original.jpg', 'https://inaturalist-open-data.s3.amazonaws.com/photos/478360528/original.jpg', 'https://inaturalist-open-data.s3.amazonaws.com/photos/575886527/original.jpg', 'https://inaturalist-open-data.s3.amazonaws.com/photos/576887102/original.jpg', 'https://inaturalist-open-data.s3.amazonaws.com/photos/576887111/original.jpg', 'https://inaturalist-open-data.s3.amazonaws.com/photos/576887129/original.jpg']"
5167757128,44.100661,3.154745,2019-04-18T16:04:23,['5167757128_1'],['https://inaturalist-open-data.s3.amazonaws.com/photos/508752354/original.jpg']
6479768267,47.352171,1.756931,2019-04-26T18:18,['6479768267_1'],['https://inaturalist-open-data.s3.amazonaws.com/photos/706970044/original.jpg']
6479815934,47.352171,1.756931,2019-04-23T18:10,['6479815934_1'],['https://inaturalist-open-data.s3.amazonaws.com/photos/706969643/original.jpg']
6479850581,47.352171,1.756931,2019-04-15T12:31,['6479850581_1'],['https://inaturalist-open-data.s3.amazonaws.com/photos/706976496/original.jpg']
6480873455,47.352171,1.756931,2019-04-02T19:21,['6480873455_1'],['https://inaturalist-open-data.s3.amazonaws.com/photos/706971915/original.jpg']
6480995342,47.352171,1.756931,2019-04-06T16:20,['6480995342_1'],['https://inaturalist-open-data.s3.amazonaws.com/photos/706975533/original.jpg']
2242813184,43.704699,3.771427,2019-05-01T09:51,"['2242813184_1', '2242813184_2']","['https://inaturalist-open-data.s3.amazonaws.com/photos/37817159/original.jpeg', 'https://inaturalist-open-data.s3.amazonaws.com/photos/37817166/original.jpeg']"
2242971332,43.998857,11.809243,2019-05-10T11:21:10,['2242971332_1'],['https://inaturalist-open-data.s3.amazonaws.com/photos/38765878/original.jpeg']
2242986787,44.876783,7.11154,2019-05-12T14:00,"['2242986787_1', '2242986787_2']","['https://inaturalist-open-data.s3.amazonaws.com/photos/38869779/original.jpg', 'https://inaturalist-open-data.s3.amazonaws.com/photos/38872785/original.jpg']"
2243001208,46.057023,6.156033,2019-05-15T14:33:48,['2243001208_1'],['https://inaturalist-open-data.s3.amazonaws.com/photos/38946927/original.jpg']
2243013087,45.866317,10.814534,2019-05-16T16:56:59,['2243013087_1'],['https://inaturalist-open-data.s3.amazonaws.com/photos/39031143/original.jpg']
2251884462,45.940818,10.895938,2019-05-25,['2251884462_1'],['https://inaturalist-open-data.s3.amazonaws.com/photos/39912083/original.jpg']
2251907903,42.371666,-3.384444,2019-05-16T12:16:08,"['2251907903_1', '2251907903_2']","['https://inaturalist-open-data.s3.amazonaws.com/photos/40035103/original.jpeg', 'https://inaturalist-open-data.s3.amazonaws.com/photos/40035147/original.jpeg']"
2251943509,45.087554,7.365021,2019-05-22T10:34:08,['2251943509_1'],['https://inaturalist-open-data.s3.amazonaws.com/photos/40249634/original.jpeg']
2251959060,45.036157,7.229506,2019-05-29T10:00,['2251959060_1'],['https://inaturalist-open-data.s3.amazonaws.com/photos/40356027/original.jpg']
2252080233,45.867535,10.64677,2019-05-27T10:16:08,['2252080233_1'],['https://inaturalist-open-data.s3.amazonaws.com/photos/41180467/original.jpeg']
2596162911,45.222737,1.977728,2019-05-30T16:07:33,['2596162911_1'],['https://inaturalist-open-data.s3.amazonaws.com/photos/65167071/original.jpg']
2596340889,46.017965,6.037626,2019-05-15T21:40:34,['2596340889_1'],['https://inaturalist-open-data.s3.amazonaws.com/photos/65119548/original.jpg']
2842673529,44.539528,5.168778,2019-05-11,['2842673529_1'],['https://observation.org/photos/21779043.jpg']
2842698956,42.8,-0.45,2019-05-07,"['2842698956_1', '2842698956_2']","['https://observation.org/photos/24171417.jpg', 'https://observation.org/photos/24171418.jpg']"
3729246560,42.8,-0.45,2019-05-07,"['3729246560_1', '3729246560_2', '3729246560_3', '3729246560_4']","['https://observation.org/photos/32264327.jpg', 'https://observation.org/photos/32264328.jpg', 'https://observation.org/photos/32264329.jpg', 'https://observation.org/photos/32264330.jpg']"
4946432051,42.654837,-3.176544,2019-05-28T10:53Z,['4946432051_1'],['https://inaturalist-open-data.s3.amazonaws.com/photos/186700093/original.jpg']
4953084100,45.201067,10.74546,2019-05-21T15:34,['4953084100_1'],['https://inaturalist-open-data.s3.amazonaws.com/photos/439644657/original.jpeg']
5154022937,42.904354,-0.81241,2019-05-07T10:15,"['5154022937_1', '5154022937_2']","['https://inaturalist-open-data.s3.amazonaws.com/photos/501341314/original.jpg', 'https://inaturalist-open-data.s3.amazonaws.com/photos/501341335/original.jpg']"
6480710101,47.352171,1.756931,2019-05-25T19:18,['6480710101_1'],['https://inaturalist-open-data.s3.amazonaws.com/photos/707274136/original.jpg']
2251995076,43.595689,11.665391,2019-06-01T10:53:22,['2251995076_1'],['https://inaturalist-open-data.s3.amazonaws.com/photos/40602375/original.jpeg']
2252014564,45.844017,11.315284,2019-06-02T10:29:58,"['2252014564_1', '2252014564_2', '2252014564_3']","['https://inaturalist-open-data.s3.amazonaws.com/photos/40730266/original.jpeg', 'https://inaturalist-open-data.s3.amazonaws.com/photos/40730337/original.jpeg', 'https://inaturalist-open-data.s3.amazonaws.com/photos/40730453/original.jpeg']"
2252031382,46.250914,10.977719,2019-06-02T10:01,"['2252031382_1', '2252031382_2']","['https://inaturalist-open-data.s3.amazonaws.com/photos/40851473/original.jpeg', 'https://inaturalist-open-data.s3.amazonaws.com/photos/40851474/original.jpeg']"
2252032550,44.311031,11.2182,2019-06-03T11:10:09,"['2252032550_1', '2252032550_2']","['https://inaturalist-open-data.s3.amazonaws.com/photos/40854047/original.jpeg', 'https://inaturalist-open-data.s3.amazonaws.com/photos/40854060/original.jpeg']"
2252035414,45.987471,10.897992,2019-06-03T16:51,['2252035414_1'],['https://inaturalist-open-data.s3.amazonaws.com/photos/40872868/original.jpeg']
2252047223,44.700282,7.091853,2019-06-03T10:35,['2252047223_1'],['https://inaturalist-open-data.s3.amazonaws.com/photos/40953081/original.jpeg']
2252066941,46.057963,10.966593,2019-06-05T17:59,['2252066941_1'],['https://inaturalist-open-data.s3.amazonaws.com/photos/41083004/original.jpeg']
2252078536,46.239579,11.433624,2019-06-04,['2252078536_1'],['https://inaturalist-open-data.s3.amazonaws.com/photos/41165357/original.jpg']
2265806064,46.056335,10.966676,2019-06-05T17:48,['2265806064_1'],['https://inaturalist-open-data.s3.amazonaws.com/photos/41083768/original.jpeg']
2265824568,48.462826,2.662408,2019-06-08T11:27:26,['2265824568_1'],['https://inaturalist-open-data.s3.amazonaws.com/photos/41314461/original.jpg']
2265833302,46.05796,10.966602,2019-06-05T17:56,['2265833302_1'],['https://inaturalist-open-data.s3.amazonaws.com/photos/41364634/original.jpeg']
2265861293,45.678075,10.816189,2019-06-02T20:36,['2265861293_1'],['https://inaturalist-open-data.s3.amazonaws.com/photos/41573861/original.jpg']
2269231881,45.924864,10.897551,2019-06-13T07:38,['2269231881_1'],['https://inaturalist-open-data.s3.amazonaws.com/photos/41888726/original.jpg']
2269236181,45.62276,7.456015,2019-06-14T11:27:08,"['2269236181_1', '2269236181_2']","['https://inaturalist-open-data.s3.amazonaws.com/photos/41916703/original.jpeg', 'https://inaturalist-open-data.s3.amazonaws.com/photos/41916733/original.jpeg']"
2273223706,45.528889,7.860556,2019-06-02T11:10:51,"['2273223706_1', '2273223706_2', '2273223706_3']","['https://inaturalist-open-data.s3.amazonaws.com/photos/42571637/original.jpeg', 'https://inaturalist-open-data.s3.amazonaws.com/photos/42571644/original.jpeg', 'https://inaturalist-open-data.s3.amazonaws.com/photos/42571655/original.jpeg']"
2273227675,46.056114,11.137452,2019-06-18T18:21,['2273227675_1'],['https://inaturalist-open-data.s3.amazonaws.com/photos/42581768/original.jpeg']
2283070824,46.402825,6.665095,2019-06-21T13:09:04,['2283070824_1'],['https://inaturalist-open-data.s3.amazonaws.com/photos/43424086/original.jpg']
2283101792,45.967561,11.294755,2019-06-26T10:39,['2283101792_1'],['https://inaturalist-open-data.s3.amazonaws.com/photos/43595859/original.jpeg']
2460071081,44.957429,6.468204,2019-06-07T13:48:10,['2460071081_1'],['https://inaturalist-open-data.s3.amazonaws.com/photos/56642360/original.jpg']
2609098601,46.098218,11.124248,2019-06-22T18:25:59,['2609098601_1'],['https://inaturalist-open-data.s3.amazonaws.com/photos/67480693/original.jpg']
2837828461,44.536881,5.863428,2019-06-28,['2837828461_1'],['https://observation.org/photos/21820533.jpg']
2841721312,47.941319,7.258717,2019-06-01,['2841721312_1'],['https://observation.org/photos/21145485.jpg']
2844442658,46.79516,1.188132,2019-06-13,['2844442658_1'],['https://observation.org/photos/21416891.jpg']
3039183418,41.833692,12.212958,2019-06-15T15:20:04,['3039183418_1'],['https://inaturalist-open-data.s3.amazonaws.com/photos/42022746/original.jpg']
3096990170,46.088238,11.065579,2019-06-11,['3096990170_1'],['https://inaturalist-open-data.s3.amazonaws.com/photos/121767538/original.jpg']
3747332654,46.125344,-0.424236,2019-06-11T16:16,['3747332654_1'],['https://inaturalist-open-data.s3.amazonaws.com/photos/183565807/original.jpg']
3986139313,44.40837,3.75084,2019-06-01T11:02,['3986139313_1'],['https://inaturalist-open-data.s3.amazonaws.com/photos/245420806/original.jpg']
4407598433,42.866933,1.033329,2019-06-01T10:58:10,['4407598433_1'],['https://inaturalist-open-data.s3.amazonaws.com/photos/316666406/original.jpeg']
4516604385,46.105367,11.070648,2019-06-21T17:19,['4516604385_1'],['https://inaturalist-open-data.s3.amazonaws.com/photos/347300300/original.jpeg']
4852841038,47.9415,7.259437,2019-06-01,"['4852841038_1', '4852841038_2']","['https://inaturalist-open-data.s3.amazonaws.com/photos/368425638/original.jpeg', 'https://inaturalist-open-data.s3.amazonaws.com/photos/368425646/original.jpeg']"
5063379796,44.603978,6.972721,2019-06-01T09:00:23,['5063379796_1'],['https://inaturalist-open-data.s3.amazonaws.com/photos/465885511/original.jpeg']
5140648959,46.729005,8.330765,2019-06-04T09:19,['5140648959_1'],['https://inaturalist-open-data.s3.amazonaws.com/photos/494272454/original.jpeg']
5140832143,46.716831,8.342943,2019-06-04T13:50,['5140832143_1'],['https://inaturalist-open-data.s3.amazonaws.com/photos/494284443/original.jpeg']
5291787890,43.696681,3.718814,2019-06-09T00:00,['5291787890_1'],['https://inaturalist-open-data.s3.amazonaws.com/photos/550234961/original.jpg']
2283185768,44.98019,7.002668,2019-07-06T10:57:33,['2283185768_1'],['https://inaturalist-open-data.s3.amazonaws.com/photos/44099931/original.jpeg']
2283185936,44.979672,6.999278,2019-07-06T10:40:39,"['2283185936_1', '2283185936_2', '2283185936_3']","['https://inaturalist-open-data.s3.amazonaws.com/photos/44099841/original.jpeg', 'https://inaturalist-open-data.s3.amazonaws.com/photos/44099859/original.jpeg', 'https://inaturalist-open-data.s3.amazonaws.com/photos/44099877/original.jpeg']"
2283237895,45.877824,10.890852,2019-07-08T18:25:56,['2283237895_1'],['https://inaturalist-open-data.s3.amazonaws.com/photos/44407714/original.jpg']
2294457984,45.920098,10.962772,2019-07-02,['2294457984_1'],['https://inaturalist-open-data.s3.amazonaws.com/photos/44718841/original.jpeg']
2294459988,44.5521,8.756562,2019-07-12T15:27:42,['2294459988_1'],['https://inaturalist-open-data.s3.amazonaws.com/photos/44732289/original.jpeg']
2294591769,46.317749,9.002447,2019-07-20T14:09,['2294591769_1'],['https://inaturalist-open-data.s3.amazonaws.com/photos/45527913/original.jpg']
2294595769,45.102605,6.824255,2019-07-20T10:18:32,['2294595769_1'],['https://inaturalist-open-data.s3.amazonaws.com/photos/45554628/original.jpeg']
2294596374,45.617801,7.576645,2019-07-20T10:45:35,['2294596374_1'],['https://inaturalist-open-data.s3.amazonaws.com/photos/45558609/original.jpeg']
2294597853,45.058441,6.870666,2019-07-20T10:24:38,['2294597853_1'],['https://inaturalist-open-data.s3.amazonaws.com/photos/45556469/original.jpeg']
2294608612,44.676118,7.189442,2019-07-21T12:26:05,['2294608612_1'],['https://inaturalist-open-data.s3.amazonaws.com/photos/45629804/original.jpeg']
2294681515,42.005295,0.526269,2019-07-24T09:57,"['2294681515_1', '2294681515_2', '2294681515_3', '2294681515_4', '2294681515_5', '2294681515_6', '2294681515_7', '2294681515_8', '2294681515_9']","['https://inaturalist-open-data.s3.amazonaws.com/photos/46090349/original.jpeg', 'https://inaturalist-open-data.s3.amazonaws.com/photos/46090525/original.jpeg', 'https://inaturalist-open-data.s3.amazonaws.com/photos/46090524/original.jpeg', 'https://inaturalist-open-data.s3.amazonaws.com/photos/46102480/original.jpeg', 'https://inaturalist-open-data.s3.amazonaws.com/photos/46102482/original.jpeg', 'https://inaturalist-open-data.s3.amazonaws.com/photos/46102483/original.jpeg', 'https://inaturalist-open-data.s3.amazonaws.com/photos/46102481/original.jpeg', 'https://inaturalist-open-data.s3.amazonaws.com/photos/46102486/original.jpeg', 'https://inaturalist-open-data.s3.amazonaws.com/photos/46102488/original.jpeg']"
2331915398,45.929691,11.067229,2019-07-23T11:41:38,['2331915398_1'],['https://inaturalist-open-data.s3.amazonaws.com/photos/47242014/original.jpg']
2423002534,45.199487,7.334648,2019-07-20,"['2423002534_1', '2423002534_2']","['https://inaturalist-open-data.s3.amazonaws.com/photos/50923035/original.jpeg', 'https://inaturalist-open-data.s3.amazonaws.com/photos/50923113/original.jpeg']"
2429385209,43.043018,-1.290703,2019-07-13T11:20:30,['2429385209_1'],['https://inaturalist-open-data.s3.amazonaws.com/photos/53273976/original.jpeg']
2626635776,45.811864,10.890767,2019-07-15T17:40,['2626635776_1'],['https://inaturalist-open-data.s3.amazonaws.com/photos/72131388/original.png']
2837190452,43.062604,-0.478118,2019-07-17,['2837190452_1'],['https://observation.org/photos/22207200.jpg']
2837574139,42.647446,2.127223,2019-07-09,"['2837574139_1', '2837574139_2']","['https://observation.org/photos/22119930.jpg', 'https://observation.org/photos/22119931.jpg']"
2838752446,42.71139,-0.126227,2019-07-15,['2838752446_1'],['https://observation.org/photos/22686990.jpg']
2841802281,43.064031,-0.479362,2019-07-17,['2841802281_1'],['https://observation.org/photos/22207201.jpg']
2984407975,45.321593,5.780615,2019-07-31T09:41Z,['2984407975_1'],['https://inaturalist-open-data.s3.amazonaws.com/photos/104032787/original.jpeg']
3314488473,46.128865,7.185431,2019-07-11T13:42:55,['3314488473_1'],['https://inaturalist-open-data.s3.amazonaws.com/photos/131503278/original.jpg']
3355721709,46.037633,6.129195,2019-07-29T16:47Z,['3355721709_1'],['https://inaturalist-open-data.s3.amazonaws.com/photos/154810970/original.jpg']
3466074081,44.724136,9.38276,2019-07-13T15:26,['3466074081_1'],['https://inaturalist-open-data.s3.amazonaws.com/photos/176895214/original.jpeg']
3773493640,43.685449,11.269435,2019-07-20T14:42:37,"['3773493640_1', '3773493640_2']","['https://inaturalist-open-data.s3.amazonaws.com/photos/196266755/original.jpg', 'https://inaturalist-open-data.s3.amazonaws.com/photos/196266793/original.jpg']"
4120919736,46.514732,7.25155,2019-07-09T11:11,"['4120919736_1', '4120919736_2']","['https://inaturalist-open-data.s3.amazonaws.com/photos/281581264/original.jpg', 'https://inaturalist-open-data.s3.amazonaws.com/photos/281581944/original.jpg']"
4442504278,46.181667,-1.296111,2019-07-03T10:02,['4442504278_1'],['https://inaturalist-open-data.s3.amazonaws.com/photos/335703653/original.jpeg']
4459567812,42.75,-0.55,2019-07-27,['4459567812_1'],['https://observation.org/photos/79793133.jpg']
4459594853,42.6,-0.1,2019-07-21,['4459594853_1'],['https://observation.org/photos/79768200.jpg']
4460184282,42.75,-0.55,2019-07-27,['4460184282_1'],['https://observation.org/photos/79786759.jpg']
4460202159,42.6,-0.1,2019-07-21,['4460202159_1'],['https://observation.org/photos/79786475.jpg']
5064097792,45.358905,6.588373,2019-07-19T08:27,"['5064097792_1', '5064097792_2']","['https://inaturalist-open-data.s3.amazonaws.com/photos/469547221/original.jpeg', 'https://inaturalist-open-data.s3.amazonaws.com/photos/469547165/original.jpeg']"
6185734387,44.135445,-0.9318,2019-07-01T14:00,"['6185734387_1', '6185734387_2', '6185734387_3']","['https://inaturalist-open-data.s3.amazonaws.com/photos/629546644/original.jpg', 'https://inaturalist-open-data.s3.amazonaws.com/photos/629546647/original.jpg', 'https://inaturalist-open-data.s3.amazonaws.com/photos/629546635/original.jpg']"
6342461495,44.18468,5.261085,2019-07-15,['6342461495_1'],['https://observation.org/photos/99347934.jpg']
6480775663,47.352171,1.756931,2019-07-15T19:54,['6480775663_1'],['https://inaturalist-open-data.s3.amazonaws.com/photos/707401268/original.jpg']
6481057643,47.352171,1.756931,2019-07-25T19:45,['6481057643_1'],['https://inaturalist-open-data.s3.amazonaws.com/photos/707399502/original.jpg']
2331858942,46.008388,11.175312,2019-08-02T15:26,['2331858942_1'],['https://inaturalist-open-data.s3.amazonaws.com/photos/46908370/original.jpg']
2331876813,45.985217,10.993667,2019-08-03T16:19:47,['2331876813_1'],['https://inaturalist-open-data.s3.amazonaws.com/photos/47010310/original.jpeg']
2331902156,45.758058,10.880531,2019-08-04T23:31,['2331902156_1'],['https://inaturalist-open-data.s3.amazonaws.com/photos/47172057/original.jpg']
2350371135,45.037276,6.832163,2019-08-11T14:13:57,['2350371135_1'],['https://inaturalist-open-data.s3.amazonaws.com/photos/47822342/original.jpeg']
2350403940,46.067524,11.297684,2019-08-02T20:42:27,['2350403940_1'],['https://inaturalist-open-data.s3.amazonaws.com/photos/48042034/original.jpg']
2350405070,44.423034,4.929073,2019-08-12T18:00,['2350405070_1'],['https://inaturalist-open-data.s3.amazonaws.com/photos/48042986/original.jpeg']
2350441619,45.89325,10.831022,2019-08-15T14:51:09,['2350441619_1'],['https://inaturalist-open-data.s3.amazonaws.com/photos/48254228/original.jpeg']
2366053653,48.436893,2.627115,2019-08-16T17:08,"['2366053653_1', '2366053653_2']","['https://inaturalist-open-data.s3.amazonaws.com/photos/48386789/original.jpg', 'https://inaturalist-open-data.s3.amazonaws.com/photos/48387069/original.jpg']"
2366129751,42.425201,1.869222,2019-08-19T10:27:43,"['2366129751_1', '2366129751_2']","['https://inaturalist-open-data.s3.amazonaws.com/photos/48842293/original.jpg', 'https://inaturalist-open-data.s3.amazonaws.com/photos/48842421/original.jpg']"
2397558415,46.305785,10.728045,2019-08-21,['2397558415_1'],['https://inaturalist-open-data.s3.amazonaws.com/photos/49304382/original.jpeg']
2397570432,44.255357,11.263101,2019-08-19T17:29,['2397570432_1'],['https://inaturalist-open-data.s3.amazonaws.com/photos/49376752/original.jpg']
2423095005,45.98395,11.196159,2019-08-14T13:40,['2423095005_1'],['https://inaturalist-open-data.s3.amazonaws.com/photos/51503082/original.jpg']
2543034207,44.846079,7.221079,2019-08-17T10:01,['2543034207_1'],['https://inaturalist-open-data.s3.amazonaws.com/photos/58625982/original.jpg']
2603332022,42.637616,0.278332,2019-08-03,['2603332022_1'],['https://inaturalist-open-data.s3.amazonaws.com/photos/66426223/original.jpeg']
2834315209,44.331833,3.590668,2019-08-03,"['2834315209_1', '2834315209_2']","['https://observation.org/photos/22530544.jpg', 'https://observation.org/photos/22530545.jpg']"
2842019016,42.754588,0.055218,2019-08-02,['2842019016_1'],['https://observation.org/photos/22476087.jpg']
3337477342,44.39532,5.453405,2019-08-14T11:13:04,['3337477342_1'],['https://inaturalist-open-data.s3.amazonaws.com/photos/48142805/original.jpeg']
3822595510,42.74744,1.31533,2019-08-06,['3822595510_1'],['https://observation.org/photos/22564557.jpg']
4413523417,45.377101,5.354316,2019-08-24T15:24,['4413523417_1'],['https://inaturalist-open-data.s3.amazonaws.com/photos/194251685/original.jpg']
4461182544,42.55,0.95,2019-08-15,['4461182544_1'],['https://observation.org/photos/79768062.jpg']
4462030329,42.7,0.95,2019-08-15,['4462030329_1'],['https://observation.org/photos/79786443.jpg']
4854920844,42.683953,0.079811,2019-08-29T17:49,['4854920844_1'],['https://inaturalist-open-data.s3.amazonaws.com/photos/376775721/original.jpeg']
5024037192,48.184708,7.82279,2019-08-05T00:00,['5024037192_1'],['https://live.staticflickr.com/65535/48462491961_26ebe633a9_b.jpg']
5828758492,45.900333,6.816408,2019-08-01T17:10:05,"['5828758492_1', '5828758492_2', '5828758492_3']","['https://inaturalist-open-data.s3.amazonaws.com/photos/566448703/original.jpg', 'https://inaturalist-open-data.s3.amazonaws.com/photos/566453737/original.jpg', 'https://inaturalist-open-data.s3.amazonaws.com/photos/566453849/original.jpg']"
5909020942,45.452094,5.290907,2019-08-16T11:15:57,['5909020942_1'],['https://inaturalist-open-data.s3.amazonaws.com/photos/597004834/original.jpg']
6236404521,44.205392,6.545012,2019-08-11,['6236404521_1'],['https://inaturalist-open-data.s3.amazonaws.com/photos/644132485/original.jpg']
6479295416,47.352171,1.756931,2019-08-08T18:51,['6479295416_1'],['https://inaturalist-open-data.s3.amazonaws.com/photos/707409923/original.jpg']
6480966706,47.352171,1.756931,2019-08-21T09:44,['6480966706_1'],['https://inaturalist-open-data.s3.amazonaws.com/photos/707405518/original.jpg']
2422923454,45.998054,5.189722,2019-09-01T11:49:48,['2422923454_1'],['https://inaturalist-open-data.s3.amazonaws.com/photos/50445850/original.jpeg']
2422934825,46.020172,8.633815,2019-09-05T11:05:05,['2422934825_1'],['https://inaturalist-open-data.s3.amazonaws.com/photos/50517587/original.jpeg']
2423005968,46.062317,10.951296,2019-09-10T19:35,['2423005968_1'],['https://inaturalist-open-data.s3.amazonaws.com/photos/50944185/original.jpeg']
2423025466,44.921277,7.136469,2019-09-01T11:02:34,['2423025466_1'],['https://inaturalist-open-data.s3.amazonaws.com/photos/51069772/original.jpeg']
2423025677,46.122048,10.738325,2019-09-10,['2423025677_1'],['https://inaturalist-open-data.s3.amazonaws.com/photos/51058072/original.jpg']
2423031386,45.889924,10.732034,2019-09-11T09:46,"['2423031386_1', '2423031386_2']","['https://inaturalist-open-data.s3.amazonaws.com/photos/51104355/original.jpeg', 'https://inaturalist-open-data.s3.amazonaws.com/photos/51104360/original.jpeg']"
2423101758,46.12163,10.806902,2019-09-16T11:21,['2423101758_1'],['https://inaturalist-open-data.s3.amazonaws.com/photos/51534931/original.jpeg']
2423102384,48.439145,2.62636,2019-09-16T15:06,['2423102384_1'],['https://inaturalist-open-data.s3.amazonaws.com/photos/51545128/original.jpg']
2423129859,45.712352,10.785378,2019-09-16T15:41,['2423129859_1'],['https://inaturalist-open-data.s3.amazonaws.com/photos/51709453/original.jpg']
2429301928,42.926451,-0.142133,2019-09-29T15:25:49,['2429301928_1'],['https://inaturalist-open-data.s3.amazonaws.com/photos/52774713/original.jpg']
2429316568,45.858792,10.877599,2019-09-27T18:08,['2429316568_1'],['https://inaturalist-open-data.s3.amazonaws.com/photos/52878487/original.jpg']
2429317523,46.282464,11.48493,2019-09-29T18:00,['2429317523_1'],['https://inaturalist-open-data.s3.amazonaws.com/photos/52877926/original.jpg']
2465154593,45.776427,6.861105,2019-09-12,['2465154593_1'],['https://inaturalist-open-data.s3.amazonaws.com/photos/56950225/original.jpg']
2620061917,46.070064,11.632328,2019-09-29T10:49,['2620061917_1'],['https://inaturalist-open-data.s3.amazonaws.com/photos/70485597/original.jpg']
2626303544,44.442257,11.312968,2019-09-10T18:39,['2626303544_1'],['https://inaturalist-open-data.s3.amazonaws.com/photos/72278515/original.jpg']
2842077689,46.35,11.31,2019-09-11,['2842077689_1'],['https://observation.org/photos/23218194.jpg']
2842297650,45.93,8.23,2019-09-04,['2842297650_1'],['https://observation.org/photos/23218212.jpg']
2845446053,45.9612,2.160478,2019-09-16,['2845446053_1'],['https://observation.org/photos/23286945.jpg']
3070262707,46.224387,9.676167,2019-09-16T10:23:22,"['3070262707_1', '3070262707_2']","['https://inaturalist-open-data.s3.amazonaws.com/photos/51604926/original.jpeg', 'https://inaturalist-open-data.s3.amazonaws.com/photos/51604935/original.jpeg']"
3705393898,41.697273,12.583629,2019-09-23T10:37,['3705393898_1'],['https://inaturalist-open-data.s3.amazonaws.com/photos/181291827/original.jpeg']
3858563993,40.252436,15.485939,2019-09-08T21:55,['3858563993_1'],['https://inaturalist-open-data.s3.amazonaws.com/photos/202492103/original.jpg']
3860467164,40.043578,15.678522,2019-09-23T11:30,['3860467164_1'],['https://inaturalist-open-data.s3.amazonaws.com/photos/202759046/original.png']
3892403605,42.031464,12.746267,2019-09-09,['3892403605_1'],['https://inaturalist-open-data.s3.amazonaws.com/photos/221652361/original.jpg']
3892561567,42.026905,12.727406,2019-09-06,['3892561567_1'],['https://inaturalist-open-data.s3.amazonaws.com/photos/221652300/original.jpg']
4130195825,42.373857,2.304176,2019-09-26T13:58,['4130195825_1'],['https://inaturalist-open-data.s3.amazonaws.com/photos/287221421/original.jpg']
4535619356,47.831749,2.750613,2019-09-30T15:25:34,"['4535619356_1', '4535619356_2']","['https://inaturalist-open-data.s3.amazonaws.com/photos/52906612/original.jpeg', 'https://inaturalist-open-data.s3.amazonaws.com/photos/52906635/original.jpeg']"
5153975331,46.246412,5.914458,2019-09-07T15:21:31,"['5153975331_1', '5153975331_2']","['https://inaturalist-open-data.s3.amazonaws.com/photos/50808630/original.jpg', 'https://inaturalist-open-data.s3.amazonaws.com/photos/50808646/original.jpg']"
6133125366,37.823339,14.958442,2019-09-13T14:06,['6133125366_1'],['https://inaturalist-open-data.s3.amazonaws.com/photos/612124994/original.jpg']
6133475633,37.831062,14.966922,2019-09-13T15:31,['6133475633_1'],['https://inaturalist-open-data.s3.amazonaws.com/photos/612124993/original.jpg']
2429386915,43.879487,12.083303,2019-10-05T15:10:50,"['2429386915_1', '2429386915_2', '2429386915_3']","['https://inaturalist-open-data.s3.amazonaws.com/photos/53291262/original.jpg', 'https://inaturalist-open-data.s3.amazonaws.com/photos/53291323/original.jpg', 'https://inaturalist-open-data.s3.amazonaws.com/photos/53291383/original.jpg']"
2429388125,44.757229,7.089495,2019-10-05T16:04:49,['2429388125_1'],['https://inaturalist-open-data.s3.amazonaws.com/photos/53288204/original.jpeg']
2429556511,46.261923,10.980827,2019-10-08T11:30,['2429556511_1'],['https://inaturalist-open-data.s3.amazonaws.com/photos/53860591/original.jpg']
2429590960,42.507636,2.397381,2019-10-12T13:35,"['2429590960_1', '2429590960_2']","['https://inaturalist-open-data.s3.amazonaws.com/photos/54094089/original.jpeg', 'https://inaturalist-open-data.s3.amazonaws.com/photos/54094090/original.jpeg']"
2429601739,45.693908,10.951989,2019-10-14T16:47,['2429601739_1'],['https://inaturalist-open-data.s3.amazonaws.com/photos/54151251/original.jpg']
2447979716,44.425322,4.927986,2019-10-29T10:45,"['2447979716_1', '2447979716_2']","['https://inaturalist-open-data.s3.amazonaws.com/photos/55231797/original.jpeg', 'https://inaturalist-open-data.s3.amazonaws.com/photos/55231908/original.jpeg']"
2448000072,47.280959,-1.523863,2019-10-31T14:28:56,['2448000072_1'],['https://inaturalist-open-data.s3.amazonaws.com/photos/55363168/original.jpg']
2448003331,45.343265,5.932156,2019-10-31T14:05:23,"['2448003331_1', '2448003331_2']","['https://inaturalist-open-data.s3.amazonaws.com/photos/55375585/original.jpg', 'https://inaturalist-open-data.s3.amazonaws.com/photos/55375570/original.jpg']"
2634290051,46.296564,11.163629,2019-10-27T11:23,['2634290051_1'],['https://inaturalist-open-data.s3.amazonaws.com/photos/76485919/original.jpeg']
2802832608,45.925673,11.004474,2019-10-20,['2802832608_1'],['https://inaturalist-open-data.s3.amazonaws.com/photos/78776471/original.png']
3112702319,41.543767,14.18972,2019-10-10T15:44:41,"['3112702319_1', '3112702319_2']","['https://inaturalist-open-data.s3.amazonaws.com/photos/53792944/original.jpg', 'https://inaturalist-open-data.s3.amazonaws.com/photos/53791177/original.jpg']"
3705460202,41.856473,12.751492,2019-10-23T10:58,['3705460202_1'],['https://inaturalist-open-data.s3.amazonaws.com/photos/181292699/original.jpeg']
3923615967,43.685207,3.730456,2019-10-09T12:23,['3923615967_1'],['https://inaturalist-open-data.s3.amazonaws.com/photos/233734518/original.jpg']
3985969331,43.86006,3.36109,2019-10-27T14:00,['3985969331_1'],['https://inaturalist-open-data.s3.amazonaws.com/photos/245422154/original.jpeg']
3986027318,43.86006,3.36109,2019-10-10T14:51,['3986027318_1'],['https://inaturalist-open-data.s3.amazonaws.com/photos/245422631/original.jpeg']
3986293267,43.86006,3.36109,2019-10-27T13:31,['3986293267_1'],['https://inaturalist-open-data.s3.amazonaws.com/photos/245421592/original.jpeg']
4911063245,45.003847,-0.724066,2019-10-26T15:33:41,"['4911063245_1', '4911063245_2', '4911063245_3']","['https://inaturalist-open-data.s3.amazonaws.com/photos/410180565/original.jpeg', 'https://inaturalist-open-data.s3.amazonaws.com/photos/410180592/original.jpeg', 'https://inaturalist-open-data.s3.amazonaws.com/photos/410180622/original.jpeg']"
5053772102,43.22607,11.097805,2019-10-16,"['5053772102_1', '5053772102_2']","['https://www.ethoikos.it/EthoikosBioDivDB/dscn5895.jpg', 'https://www.ethoikos.it/EthoikosBioDivDB/dscn5897.jpg']"
5133362974,45.969753,7.938959,2019-10-05T11:49:15,['5133362974_1'],['https://inaturalist-open-data.s3.amazonaws.com/photos/485424525/original.jpeg']
5830935144,41.775913,2.434808,2019-10-25T10:45:30,['5830935144_1'],['https://inaturalist-open-data.s3.amazonaws.com/photos/568697105/original.jpg']
6431937998,44.227705,4.812265,2019-10-30,['6431937998_1'],['https://inaturalist-open-data.s3.amazonaws.com/photos/688936362/original.jpg']
2456568602,42.493715,12.759176,2019-11-12T17:51:17,['2456568602_1'],['https://inaturalist-open-data.s3.amazonaws.com/photos/56172561/original.jpg']
3858967420,45.62754,12.977582,2019-11-30T14:38,['3858967420_1'],['https://inaturalist-open-data.s3.amazonaws.com/photos/207497233/original.jpg']
6178465948,44.474125,11.322558,2019-11-24T12:50,['6178465948_1'],['https://inaturalist-open-data.s3.amazonaws.com/photos/622063919/original.jpg']
1847621674,45.929472,10.912311,2018-01-18,['1847621674_1'],['https://inaturalist-open-data.s3.amazonaws.com/photos/18736448/original.jpeg']
2840543661,42.75,-1.7,2018-01-31,"['2840543661_1', '2840543661_2', '2840543661_3']","['https://observation.org/photos/15835448.jpg', 'https://observation.org/photos/15835449.jpg', 'https://observation.org/photos/15835450.jpg']"
1837743816,41.765898,2.373562,2018-03-28,"['1837743816_1', '1837743816_2', '1837743816_3']","['https://inaturalist-open-data.s3.amazonaws.com/photos/14646758/original.jpeg', 'https://inaturalist-open-data.s3.amazonaws.com/photos/14646763/original.jpeg', 'https://inaturalist-open-data.s3.amazonaws.com/photos/14646765/original.jpeg']"
1837759948,42.722596,11.499939,2018-04-02T09:03,['1837759948_1'],['https://inaturalist-open-data.s3.amazonaws.com/photos/14736285/original.jpg']
1838324658,45.84527,10.866397,2018-04-14T12:21:26,['1838324658_1'],['https://inaturalist-open-data.s3.amazonaws.com/photos/15316126/original.jpg']
1838360250,44.781548,7.908073,2018-04-16T19:20,['1838360250_1'],['https://inaturalist-open-data.s3.amazonaws.com/photos/15532295/original.jpg']
1838378240,45.885535,10.836269,2018-04-17T16:46,['1838378240_1'],['https://inaturalist-open-data.s3.amazonaws.com/photos/15634283/original.png']
1838388974,42.640916,-2.460287,2018-04-18T14:26:04,['1838388974_1'],['https://inaturalist-open-data.s3.amazonaws.com/photos/15707321/original.jpeg']
1839216106,42.827218,-2.657055,2018-04-15T12:48,['1839216106_1'],['https://inaturalist-open-data.s3.amazonaws.com/photos/15935580/original.jpg']
1839228721,46.265267,11.351752,2018-04-16T13:23,['1839228721_1'],['https://inaturalist-open-data.s3.amazonaws.com/photos/16033488/original.jpg']
1839230297,45.141349,10.441995,2018-04-21T12:18:56,['1839230297_1'],['https://inaturalist-open-data.s3.amazonaws.com/photos/16049287/original.jpeg']
1839248174,45.946077,10.880177,2018-04-22T08:36,['1839248174_1'],['https://inaturalist-open-data.s3.amazonaws.com/photos/16179029/original.jpg']
1839268366,45.914326,10.953143,2018-04-25T16:00,['1839268366_1'],['https://inaturalist-open-data.s3.amazonaws.com/photos/16326437/original.jpg']
1841246403,46.313165,11.662231,2018-04-27,['1841246403_1'],['https://inaturalist-open-data.s3.amazonaws.com/photos/16782146/original.png']
1841283932,44.579761,8.78729,2018-04-29T16:34:02,"['1841283932_1', '1841283932_2']","['https://inaturalist-open-data.s3.amazonaws.com/photos/17087502/original.jpg', 'https://inaturalist-open-data.s3.amazonaws.com/photos/17087627/original.jpg']"
1841317513,46.228644,11.095859,2018-04-08T11:13,['1841317513_1'],['https://inaturalist-open-data.s3.amazonaws.com/photos/17297101/original.jpeg']
1847420708,47.073799,6.887345,2018-04-27T12:04,['1847420708_1'],['https://inaturalist-open-data.s3.amazonaws.com/photos/16415843/original.jpg']
2012982704,42.103333,12.295521,2018-04-19T15:21,['2012982704_1'],['https://inaturalist-open-data.s3.amazonaws.com/photos/32271348/original.jpeg']
2576325855,41.461507,13.606805,2018-04-28T10:57,"['2576325855_1', '2576325855_2', '2576325855_3']","['https://inaturalist-open-data.s3.amazonaws.com/photos/62818880/original.jpeg', 'https://inaturalist-open-data.s3.amazonaws.com/photos/62818896/original.jpeg', 'https://inaturalist-open-data.s3.amazonaws.com/photos/62818898/original.jpeg']"
3715767542,46.803327,-1.775846,2018-04-13,['3715767542_1'],['https://observation.org/photos/16395066.jpg']
3881733024,41.839194,13.090777,2018-04-07T14:49,['3881733024_1'],['https://inaturalist-open-data.s3.amazonaws.com/photos/219111549/original.jpg']
3892679880,42.237332,13.131876,2018-04-29,['3892679880_1'],['https://inaturalist-open-data.s3.amazonaws.com/photos/222137759/original.jpg']
4172332961,42.574066,11.750596,2018-04-06,"['4172332961_1', '4172332961_2']","['https://inaturalist-open-data.s3.amazonaws.com/photos/308371185/original.jpeg', 'https://inaturalist-open-data.s3.amazonaws.com/photos/308371302/original.jpeg']"
4436158091,42.385284,12.514402,2018-04-03T21:28,"['4436158091_1', '4436158091_2', '4436158091_3']","['https://inaturalist-open-data.s3.amazonaws.com/photos/331993471/original.jpg', 'https://inaturalist-open-data.s3.amazonaws.com/photos/331997544/original.jpg', 'https://inaturalist-open-data.s3.amazonaws.com/photos/331997632/original.jpg']"
4461146690,42.1,-2.7,2018-04-22,['4461146690_1'],['https://observation.org/photos/79784133.jpg']
4993725975,47.24146,1.246815,2018-04-13T14:28,['4993725975_1'],['https://inaturalist-open-data.s3.amazonaws.com/photos/454018712/original.jpg']
4994177853,47.323268,1.331997,2018-04-13T14:32,"['4994177853_1', '4994177853_2']","['https://inaturalist-open-data.s3.amazonaws.com/photos/454018813/original.jpg', 'https://inaturalist-open-data.s3.amazonaws.com/photos/454019355/original.jpg']"
5020539692,48.640438,9.169681,2018-04-09T00:00,"['5020539692_1', '5020539692_2', '5020539692_3']","['https://live.staticflickr.com/65535/51785859238_f0d30e7af4_b.jpg', 'https://live.staticflickr.com/65535/51784791737_364a44ded9_b.jpg', 'https://live.staticflickr.com/65535/51785859448_04985ef4a7_b.jpg']"
5087719124,42.34114,-3.643538,2018-04-21T11:53,['5087719124_1'],['https://inaturalist-open-data.s3.amazonaws.com/photos/476125625/original.jpg']
5134741094,46.817876,8.293579,2018-04-22T10:14,"['5134741094_1', '5134741094_2', '5134741094_3']","['https://inaturalist-open-data.s3.amazonaws.com/photos/489744699/original.jpeg', 'https://inaturalist-open-data.s3.amazonaws.com/photos/489744735/original.jpeg', 'https://inaturalist-open-data.s3.amazonaws.com/photos/489744769/original.jpeg']"
1841298817,45.973764,10.895544,2018-05-01,['1841298817_1'],['https://inaturalist-open-data.s3.amazonaws.com/photos/17180481/original.jpg']
1841312935,46.257865,11.34141,2018-05-01T17:46,['1841312935_1'],['https://inaturalist-open-data.s3.amazonaws.com/photos/17266937/original.jpg']
1841316067,46.13716,11.224324,2018-05-01T11:12,['1841316067_1'],['https://inaturalist-open-data.s3.amazonaws.com/photos/17287980/original.jpeg']
1847469834,44.542041,8.105069,2018-05-07,['1847469834_1'],['https://inaturalist-open-data.s3.amazonaws.com/photos/17630112/original.jpg']
1847492276,45.944549,10.848127,2018-05-11T11:32:39,['1847492276_1'],['https://inaturalist-open-data.s3.amazonaws.com/photos/17788347/original.jpeg']
1847501153,44.600779,8.808585,2018-05-11T12:12:03,['1847501153_1'],['https://inaturalist-open-data.s3.amazonaws.com/photos/17853700/original.jpeg']
1847516622,45.76992,9.518993,2018-05-10T15:51,['1847516622_1'],['https://inaturalist-open-data.s3.amazonaws.com/photos/17949948/original.jpg']
1847562441,44.56606,8.777642,2018-05-06T09:27:03,"['1847562441_1', '1847562441_2', '1847562441_3']","['https://inaturalist-open-data.s3.amazonaws.com/photos/18279676/original.jpg', 'https://inaturalist-open-data.s3.amazonaws.com/photos/18279725/original.jpg', 'https://inaturalist-open-data.s3.amazonaws.com/photos/18279727/original.jpg']"
1847587536,45.848029,10.821157,2018-05-23,"['1847587536_1', '1847587536_2']","['https://inaturalist-open-data.s3.amazonaws.com/photos/18457649/original.jpg', 'https://inaturalist-open-data.s3.amazonaws.com/photos/18457660/original.jpg']"
1847612553,46.28545,11.485546,2018-05-26,['1847612553_1'],['https://inaturalist-open-data.s3.amazonaws.com/photos/18655995/original.jpeg']
1848763126,44.939343,6.953442,2018-05-29T13:04:41,"['1848763126_1', '1848763126_2']","['https://inaturalist-open-data.s3.amazonaws.com/photos/18776168/original.jpeg', 'https://inaturalist-open-data.s3.amazonaws.com/photos/18776179/original.jpeg']"
1848763253,44.956925,6.952107,2018-05-29T10:48:24,"['1848763253_1', '1848763253_2']","['https://inaturalist-open-data.s3.amazonaws.com/photos/18775972/original.jpeg', 'https://inaturalist-open-data.s3.amazonaws.com/photos/18776016/original.jpeg']"
1848770129,43.135987,11.086881,2018-05-28T21:13,['1848770129_1'],['https://inaturalist-open-data.s3.amazonaws.com/photos/18818170/original.jpg']
1848776926,46.364508,11.035505,2018-05-31T04:57:41,['1848776926_1'],['https://inaturalist-open-data.s3.amazonaws.com/photos/18868384/original.jpg']
1848778186,45.108776,7.927464,2018-05-30T12:32:57,['1848778186_1'],['https://inaturalist-open-data.s3.amazonaws.com/photos/18871756/original.jpg']
1890709289,47.655829,8.351861,2018-05-12T17:08,['1890709289_1'],['https://inaturalist-open-data.s3.amazonaws.com/photos/22738427/original.jpg']
2840414614,46.226925,5.740938,2018-05-22,['2840414614_1'],['https://observation.org/photos/16918460.jpg']
2843382771,46.227021,5.740973,2018-05-22,"['2843382771_1', '2843382771_2', '2843382771_3']","['https://observation.org/photos/16890140.jpg', 'https://observation.org/photos/16890141.jpg', 'https://observation.org/photos/16890142.jpg']"
3061667796,37.900775,14.394802,2018-05-24,['3061667796_1'],['https://inaturalist-open-data.s3.amazonaws.com/photos/116207674/original.jpeg']
4162583103,42.988099,10.874963,2018-05-20,['4162583103_1'],['https://inaturalist-open-data.s3.amazonaws.com/photos/301554205/original.jpg']
4420839309,42.145962,13.581018,2018-05-29T20:10:22,"['4420839309_1', '4420839309_2', '4420839309_3']","['https://inaturalist-open-data.s3.amazonaws.com/photos/18818365/original.jpg', 'https://inaturalist-open-data.s3.amazonaws.com/photos/18793541/original.jpg', 'https://inaturalist-open-data.s3.amazonaws.com/photos/18793473/original.jpg']"
4459599771,42.35,2.1,2018-05-20,['4459599771_1'],['https://observation.org/photos/79784592.jpg']
4461206874,42.45,0.3,2018-05-26,['4461206874_1'],['https://observation.org/photos/79766264.jpg']
4461709726,42.35,2.1,2018-05-20,['4461709726_1'],['https://observation.org/photos/79786654.jpg']
4462066885,42.35,2.1,2018-05-20,['4462066885_1'],['https://observation.org/photos/79792883.jpg']
4462444535,42.45,0.3,2018-05-26,['4462444535_1'],['https://observation.org/photos/79766263.jpg']
4904311873,45.849407,9.30172,2018-05-23T13:35,"['4904311873_1', '4904311873_2', '4904311873_3']","['https://inaturalist-open-data.s3.amazonaws.com/photos/399977780/original.jpg', 'https://inaturalist-open-data.s3.amazonaws.com/photos/399978935/original.jpg', 'https://inaturalist-open-data.s3.amazonaws.com/photos/399979387/original.jpg']"
5134719742,46.876459,8.279723,2018-05-05T09:57,"['5134719742_1', '5134719742_2']","['https://inaturalist-open-data.s3.amazonaws.com/photos/489751698/original.jpeg', 'https://inaturalist-open-data.s3.amazonaws.com/photos/489754274/original.jpeg']"
5867874865,46.611597,8.298496,2018-05-13T13:28,['5867874865_1'],['https://inaturalist-open-data.s3.amazonaws.com/photos/582454535/original.jpg']
5868090256,46.733948,8.308855,2018-05-13T12:46,"['5868090256_1', '5868090256_2']","['https://inaturalist-open-data.s3.amazonaws.com/photos/582454429/original.jpg', 'https://inaturalist-open-data.s3.amazonaws.com/photos/582454431/original.jpg']"
5868090930,46.700585,8.309404,2018-05-13T10:18,"['5868090930_1', '5868090930_2', '5868090930_3', '5868090930_4']","['https://inaturalist-open-data.s3.amazonaws.com/photos/582297172/original.jpg', 'https://inaturalist-open-data.s3.amazonaws.com/photos/582297167/original.jpg', 'https://inaturalist-open-data.s3.amazonaws.com/photos/582297158/original.jpg', 'https://inaturalist-open-data.s3.amazonaws.com/photos/582297241/original.jpg']"
6352792869,45.589828,7.381659,2018-05-28T17:44,['6352792869_1'],['https://inaturalist-open-data.s3.amazonaws.com/photos/668966635/original.jpg']
1848792365,45.871421,10.654401,2018-06-02T12:55:50,['1848792365_1'],['https://inaturalist-open-data.s3.amazonaws.com/photos/18975325/original.jpeg']
1850916874,46.058473,10.963025,2018-06-05T08:06:23,"['1850916874_1', '1850916874_2']","['https://inaturalist-open-data.s3.amazonaws.com/photos/19193311/original.jpg', 'https://inaturalist-open-data.s3.amazonaws.com/photos/19193282/original.jpg']"
1850955920,45.842086,10.819973,2018-06-10T22:58,['1850955920_1'],['https://inaturalist-open-data.s3.amazonaws.com/photos/19495441/original.jpg']
1880502919,46.053726,11.044848,2018-06-16T11:45,['1880502919_1'],['https://inaturalist-open-data.s3.amazonaws.com/photos/19881268/original.jpeg']
1880529075,44.24898,10.889847,2018-06-20T12:57:09,"['1880529075_1', '1880529075_2']","['https://inaturalist-open-data.s3.amazonaws.com/photos/20048011/original.jpg', 'https://inaturalist-open-data.s3.amazonaws.com/photos/20047992/original.jpg']"
1880559714,46.239668,11.433345,2018-06-24,['1880559714_1'],['https://inaturalist-open-data.s3.amazonaws.com/photos/20256459/original.jpeg']
1880591827,44.888445,7.109237,2018-06-28T11:34:35,['1880591827_1'],['https://inaturalist-open-data.s3.amazonaws.com/photos/20466492/original.jpeg']
1880591923,44.88982,7.109323,2018-06-28T12:07:24,"['1880591923_1', '1880591923_2']","['https://inaturalist-open-data.s3.amazonaws.com/photos/20466530/original.jpeg', 'https://inaturalist-open-data.s3.amazonaws.com/photos/20466560/original.jpeg']"
1880596184,46.407092,11.136868,2018-06-28T10:10,['1880596184_1'],['https://inaturalist-open-data.s3.amazonaws.com/photos/20495090/original.jpeg']
1880602876,42.260932,12.078691,2018-06-30T08:28:05,"['1880602876_1', '1880602876_2']","['https://inaturalist-open-data.s3.amazonaws.com/photos/20542570/original.jpeg', 'https://inaturalist-open-data.s3.amazonaws.com/photos/20542577/original.jpeg']"
1891290902,40.796288,17.041478,2018-06-22T08:09:50,['1891290902_1'],['https://inaturalist-open-data.s3.amazonaws.com/photos/20115238/original.jpeg']
2603410310,43.996892,7.832088,2018-06-09T07:35:13,['2603410310_1'],['https://inaturalist-open-data.s3.amazonaws.com/photos/67153201/original.jpg']
2609339294,44.178455,7.386383,2018-06-27T07:48,"['2609339294_1', '2609339294_2', '2609339294_3']","['https://inaturalist-open-data.s3.amazonaws.com/photos/67436612/original.jpg', 'https://inaturalist-open-data.s3.amazonaws.com/photos/67436633/original.jpg', 'https://inaturalist-open-data.s3.amazonaws.com/photos/67436654/original.jpg']"
2833284031,45.356288,6.604855,2018-06-20,['2833284031_1'],['https://observation.org/photos/17372420.jpg']
2836391117,42.697076,1.688211,2018-06-14,['2836391117_1'],['https://observation.org/photos/17305196.jpg']
2840996469,42.64594,2.128133,2018-06-22,"['2840996469_1', '2840996469_2']","['https://observation.org/photos/18113162.jpg', 'https://observation.org/photos/18113163.jpg']"
2841078724,42.697399,1.6873,2018-06-14,['2841078724_1'],['https://observation.org/photos/17413291.jpg']
3014040889,42.109779,1.516605,2018-06-16T12:42,['3014040889_1'],['https://inaturalist-open-data.s3.amazonaws.com/photos/108408815/original.jpeg']
3124537583,42.972973,0.101237,2018-06-30T11:18,['3124537583_1'],['https://inaturalist-open-data.s3.amazonaws.com/photos/130502467/original.jpeg']
3337674002,40.232909,15.698794,2018-06-13T12:19,['3337674002_1'],['https://inaturalist-open-data.s3.amazonaws.com/photos/149857651/original.jpeg']
3881452676,46.330523,8.469894,2018-06-07T15:25,"['3881452676_1', '3881452676_2']","['https://inaturalist-open-data.s3.amazonaws.com/photos/217626085/original.jpg', 'https://inaturalist-open-data.s3.amazonaws.com/photos/217627438/original.jpg']"
3963404852,43.935378,6.876336,2018-06-16T11:00,['3963404852_1'],['https://inaturalist-open-data.s3.amazonaws.com/photos/241538852/original.jpg']
4413657482,44.982652,6.928288,2018-06-13T11:19,['4413657482_1'],['https://inaturalist-open-data.s3.amazonaws.com/photos/319290572/original.jpeg']
4954721213,48.095022,5.43763,2018-06-24,['4954721213_1'],['https://inaturalist-open-data.s3.amazonaws.com/photos/440641060/original.jpeg']
5897407534,42.785889,-0.71124,2018-06-17T11:47,['5897407534_1'],['https://inaturalist-open-data.s3.amazonaws.com/photos/591078683/original.jpg']
6188206306,42.84631,-0.423602,2018-06-24T10:48,"['6188206306_1', '6188206306_2']","['https://inaturalist-open-data.s3.amazonaws.com/photos/632338005/original.jpg', 'https://inaturalist-open-data.s3.amazonaws.com/photos/632338072/original.jpg']"
1880612460,44.970362,7.020543,2018-07-01T10:47:26,['1880612460_1'],['https://inaturalist-open-data.s3.amazonaws.com/photos/20615864/original.jpeg']
1880612472,44.97899,6.999383,2018-07-01T14:01:07,['1880612472_1'],['https://inaturalist-open-data.s3.amazonaws.com/photos/20616216/original.jpeg']
1880618943,46.139296,11.113695,2018-07-01T09:56,['1880618943_1'],['https://inaturalist-open-data.s3.amazonaws.com/photos/20662344/original.jpeg']
1880619756,46.181591,11.326115,2018-07-02T15:21,['1880619756_1'],['https://inaturalist-open-data.s3.amazonaws.com/photos/20669204/original.jpeg']
1880642821,44.88859,7.108955,2018-07-05T10:56:15,['1880642821_1'],['https://inaturalist-open-data.s3.amazonaws.com/photos/20832981/original.jpeg']
1880642836,44.898922,7.094013,2018-07-05T12:39:46,"['1880642836_1', '1880642836_2', '1880642836_3']","['https://inaturalist-open-data.s3.amazonaws.com/photos/20833071/original.jpeg', 'https://inaturalist-open-data.s3.amazonaws.com/photos/20833113/original.jpeg', 'https://inaturalist-open-data.s3.amazonaws.com/photos/20833182/original.jpeg']"
1883484792,44.878593,7.123098,2018-07-09T12:05:30,['1883484792_1'],['https://inaturalist-open-data.s3.amazonaws.com/photos/21057631/original.jpeg']
1883502909,46.239821,11.432884,2018-07-07,['1883502909_1'],['https://inaturalist-open-data.s3.amazonaws.com/photos/21180721/original.jpeg']
1883503323,45.44087,7.211457,2018-07-09T11:47:59,['1883503323_1'],['https://inaturalist-open-data.s3.amazonaws.com/photos/21184627/original.jpeg']
1883516789,44.921785,6.96563,2018-07-13T13:27:59,['1883516789_1'],['https://inaturalist-open-data.s3.amazonaws.com/photos/21278551/original.jpeg']
1883548875,45.070322,7.160942,2018-07-17T15:08,['1883548875_1'],['https://inaturalist-open-data.s3.amazonaws.com/photos/21512857/original.jpeg']
1883964370,43.045867,12.002681,2018-07-25T09:29,['1883964370_1'],['https://inaturalist-open-data.s3.amazonaws.com/photos/21994494/original.jpeg']
1890074172,44.952197,7.014958,2018-07-30T16:37:09,"['1890074172_1', '1890074172_2']","['https://inaturalist-open-data.s3.amazonaws.com/photos/22347745/original.jpeg', 'https://inaturalist-open-data.s3.amazonaws.com/photos/22347749/original.jpeg']"
1890075882,42.827692,10.787275,2018-07-24T16:43,"['1890075882_1', '1890075882_2']","['https://inaturalist-open-data.s3.amazonaws.com/photos/22360315/original.jpeg', 'https://inaturalist-open-data.s3.amazonaws.com/photos/22360379/original.jpeg']"
1890688453,44.61724,9.196678,2018-07-30T13:51:52,"['1890688453_1', '1890688453_2']","['https://inaturalist-open-data.s3.amazonaws.com/photos/22588412/original.jpg', 'https://inaturalist-open-data.s3.amazonaws.com/photos/22588497/original.jpg']"
2350422641,42.747037,11.502861,2018-07-26T10:33,['2350422641_1'],['https://inaturalist-open-data.s3.amazonaws.com/photos/48153643/original.jpeg']
2833354335,42.826871,0.970633,2018-07-26,"['2833354335_1', '2833354335_2']","['https://observation.org/photos/18083042.jpg', 'https://observation.org/photos/18083043.jpg']"
2837082394,45.593725,7.399932,2018-07-24,['2837082394_1'],['https://observation.org/photos/17859997.jpg']
2840897260,45.650061,6.535472,2018-07-31,"['2840897260_1', '2840897260_2']","['https://observation.org/photos/17948046.jpg', 'https://observation.org/photos/17948049.jpg']"
3096994316,43.55408,11.40693,2018-07-05T09:09,"['3096994316_1', '3096994316_2']","['https://inaturalist-open-data.s3.amazonaws.com/photos/20888731/original.jpeg', 'https://inaturalist-open-data.s3.amazonaws.com/photos/20888755/original.jpeg']"
3456458262,47.791722,8.137442,2018-07-08T19:15,['3456458262_1'],['https://inaturalist-open-data.s3.amazonaws.com/photos/176557667/original.jpg']
4171233305,41.81139,13.768888,2018-07-01T13:00:52,['4171233305_1'],['https://inaturalist-open-data.s3.amazonaws.com/photos/20617823/original.jpeg']
4461842318,41.6,0.6,2018-07-04,['4461842318_1'],['https://observation.org/photos/79784746.jpg']
4462100881,41.75,2.45,2018-07-25,['4462100881_1'],['https://observation.org/photos/79766569.jpg']
4956106899,44.676238,6.60656,2018-07-27,"['4956106899_1', '4956106899_2']","['https://observation.org/photos/106276872.jpg', 'https://observation.org/photos/106276873.jpg']"
5838280677,42.887559,0.258206,2018-07-15T09:31:51,['5838280677_1'],['https://inaturalist-open-data.s3.amazonaws.com/photos/572035169/original.jpg']
5897453977,46.029924,8.033625,2018-07-27,['5897453977_1'],['https://inaturalist-open-data.s3.amazonaws.com/photos/592287799/original.jpg']
1890083072,44.967052,7.026797,2018-08-01T09:11:57,['1890083072_1'],['https://inaturalist-open-data.s3.amazonaws.com/photos/22411822/original.jpeg']
1890716234,44.932325,6.957645,2018-08-08T15:22:17,"['1890716234_1', '1890716234_2']","['https://inaturalist-open-data.s3.amazonaws.com/photos/22787376/original.jpeg', 'https://inaturalist-open-data.s3.amazonaws.com/photos/22787387/original.jpeg']"
1890721706,46.211336,7.176685,2018-08-01T15:18,['1890721706_1'],['https://inaturalist-open-data.s3.amazonaws.com/photos/22832941/original.png']
1891352358,46.112881,11.311722,2018-08-17T08:24:11,"['1891352358_1', '1891352358_2', '1891352358_3']","['https://inaturalist-open-data.s3.amazonaws.com/photos/23280473/original.jpg', 'https://inaturalist-open-data.s3.amazonaws.com/photos/23280482/original.jpg', 'https://inaturalist-open-data.s3.amazonaws.com/photos/23280496/original.jpg']"
1898800457,44.898883,7.094137,2018-08-18T11:31:45,['1898800457_1'],['https://inaturalist-open-data.s3.amazonaws.com/photos/23349366/original.jpeg']
1899801559,45.852062,11.097715,2018-08-28,['1899801559_1'],['https://inaturalist-open-data.s3.amazonaws.com/photos/23973516/original.jpg']
1913663871,44.563095,8.817886,2018-08-28T17:59:49,['1913663871_1'],['https://inaturalist-open-data.s3.amazonaws.com/photos/24543487/original.jpeg']
2833439712,44.419958,6.89972,2018-08-15,['2833439712_1'],['https://observation.org/photos/18277979.jpg']
2840616854,44.421466,6.898598,2018-08-15,['2840616854_1'],['https://observation.org/photos/18277867.jpg']
2841118884,42.295454,-0.203429,2018-08-07,"['2841118884_1', '2841118884_2']","['https://observation.org/photos/18817340.jpg', 'https://observation.org/photos/18817341.jpg']"
3124583575,44.022824,5.336896,2018-08-17T19:47,['3124583575_1'],['https://inaturalist-open-data.s3.amazonaws.com/photos/130502903/original.jpeg']
3743245850,41.783218,2.405212,2018-08-19T12:37:53,['3743245850_1'],['https://inaturalist-open-data.s3.amazonaws.com/photos/182751993/original.jpeg']
3923737518,42.316064,2.349784,2018-08-02T11:37,['3923737518_1'],['https://inaturalist-open-data.s3.amazonaws.com/photos/234650996/original.jpg']
3961310449,46.486036,5.904351,2018-08-23T09:14,['3961310449_1'],['https://inaturalist-open-data.s3.amazonaws.com/photos/240838209/original.jpeg']
4014847842,45.309244,6.540219,2018-08-23T11:14,['4014847842_1'],['https://inaturalist-open-data.s3.amazonaws.com/photos/250541317/original.jpeg']
4014936230,48.42714,2.636082,2018-08-21T03:29,['4014936230_1'],['https://inaturalist-open-data.s3.amazonaws.com/photos/251112367/original.jpg']
4015251843,45.300373,6.532749,2018-08-20T10:50,['4015251843_1'],['https://inaturalist-open-data.s3.amazonaws.com/photos/250541296/original.jpeg']
4461207067,41.75,2.4,2018-08-19,['4461207067_1'],['https://observation.org/photos/79785222.jpg']
1913164548,46.085569,8.478775,2018-09-06T14:50,['1913164548_1'],['https://inaturalist-open-data.s3.amazonaws.com/photos/24539927/original.jpg']
1913185517,46.388998,7.047052,2018-09-11T15:44:32,"['1913185517_1', '1913185517_2', '1913185517_3']","['https://inaturalist-open-data.s3.amazonaws.com/photos/24705596/original.jpg', 'https://inaturalist-open-data.s3.amazonaws.com/photos/24705576/original.jpg', 'https://inaturalist-open-data.s3.amazonaws.com/photos/24705588/original.jpg']"
1913196381,45.859164,10.690558,2018-09-13T06:14:42,['1913196381_1'],['https://inaturalist-open-data.s3.amazonaws.com/photos/24802150/original.jpg']
1913196972,44.888508,7.108852,2018-09-09T14:17:47,"['1913196972_1', '1913196972_2']","['https://inaturalist-open-data.s3.amazonaws.com/photos/24805389/original.jpeg', 'https://inaturalist-open-data.s3.amazonaws.com/photos/24805392/original.jpeg']"
1913203149,44.978955,7.014225,2018-09-14T10:50:24,['1913203149_1'],['https://inaturalist-open-data.s3.amazonaws.com/photos/24868004/original.jpeg']
1913203194,44.979002,7.013302,2018-09-14T10:42:31,"['1913203194_1', '1913203194_2']","['https://inaturalist-open-data.s3.amazonaws.com/photos/24867989/original.jpeg', 'https://inaturalist-open-data.s3.amazonaws.com/photos/24867991/original.jpeg']"
1913668893,45.949124,10.932048,2018-09-14T20:19,['1913668893_1'],['https://inaturalist-open-data.s3.amazonaws.com/photos/24882823/original.jpg']
1913675589,44.146596,5.758222,2018-09-15T11:42,"['1913675589_1', '1913675589_2']","['https://inaturalist-open-data.s3.amazonaws.com/photos/24931585/original.jpg', 'https://inaturalist-open-data.s3.amazonaws.com/photos/24937567/original.jpg']"
1913680585,44.606356,8.803501,2018-09-16T07:22:04,['1913680585_1'],['https://inaturalist-open-data.s3.amazonaws.com/photos/24976238/original.jpg']
1913681476,46.325152,9.427187,2018-09-13T15:28,['1913681476_1'],['https://inaturalist-open-data.s3.amazonaws.com/photos/24981800/original.jpg']
1913689521,44.609313,8.707794,2018-09-05T10:15,['1913689521_1'],['https://inaturalist-open-data.s3.amazonaws.com/photos/25049250/original.jpg']
1913697351,43.087346,10.982282,2018-09-17T02:20,['1913697351_1'],['https://inaturalist-open-data.s3.amazonaws.com/photos/25111546/original.jpeg']
1913703583,44.973047,7.000708,2018-09-19T11:13:53,['1913703583_1'],['https://inaturalist-open-data.s3.amazonaws.com/photos/25164424/original.jpeg']
1914204544,45.958227,10.899913,2018-09-21T16:40,['1914204544_1'],['https://inaturalist-open-data.s3.amazonaws.com/photos/25301975/original.jpg']
1914216735,45.074848,7.78522,2018-09-23T11:23:31,['1914216735_1'],['https://inaturalist-open-data.s3.amazonaws.com/photos/25407472/original.jpeg']
1914342920,45.1388,10.440406,2018-09-30T08:27,['1914342920_1'],['https://inaturalist-open-data.s3.amazonaws.com/photos/25878180/original.jpg']
1914352128,43.652849,11.832885,2018-09-27T21:44,['1914352128_1'],['https://inaturalist-open-data.s3.amazonaws.com/photos/25957664/original.jpg']
3008559100,42.259824,2.086713,2018-09-08T13:35,['3008559100_1'],['https://inaturalist-open-data.s3.amazonaws.com/photos/108154685/original.jpeg']
1920810830,44.611444,8.799967,2018-10-05T18:35,['1920810830_1'],['https://inaturalist-open-data.s3.amazonaws.com/photos/26208680/original.jpg']
1931490728,45.048373,7.030043,2018-10-13T11:32:24,['1931490728_1'],['https://inaturalist-open-data.s3.amazonaws.com/photos/26547297/original.jpeg']
1932352340,46.172606,11.710085,2018-10-25T15:43:52,"['1932352340_1', '1932352340_2']","['https://inaturalist-open-data.s3.amazonaws.com/photos/27206654/original.jpg', 'https://inaturalist-open-data.s3.amazonaws.com/photos/27206662/original.jpg']"
1944413323,40.616351,16.654953,2018-10-13T11:10,['1944413323_1'],['https://inaturalist-open-data.s3.amazonaws.com/photos/28120328/original.jpg']
3031716583,46.124195,10.807777,2018-10-17T01:03,['3031716583_1'],['https://inaturalist-open-data.s3.amazonaws.com/photos/109881486/original.jpg']
1945435051,46.419154,10.980847,2018-11-17,['1945435051_1'],['https://inaturalist-open-data.s3.amazonaws.com/photos/28200311/original.jpg']
1948769025,45.455172,7.175337,2018-12-03T15:00,"['1948769025_1', '1948769025_2', '1948769025_3']","['https://inaturalist-open-data.s3.amazonaws.com/photos/28809280/original.jpeg', 'https://inaturalist-open-data.s3.amazonaws.com/photos/28809428/original.jpeg', 'https://inaturalist-open-data.s3.amazonaws.com/photos/28809437/original.jpeg']"
1562956814,37.836903,15.126114,2017-01-16T17:01,['1562956814_1'],['https://inaturalist-open-data.s3.amazonaws.com/photos/7889868/original.png']
3985871244,43.674143,3.672342,2017-02-18T16:31,['3985871244_1'],['https://inaturalist-open-data.s3.amazonaws.com/photos/245405258/original.jpg']
1453525819,43.476974,10.634596,2017-03-19T18:30,['1453525819_1'],['https://inaturalist-open-data.s3.amazonaws.com/photos/6634505/original.jpg']
1455583466,46.172966,10.386071,2017-03-24T15:16,['1455583466_1'],['https://inaturalist-open-data.s3.amazonaws.com/photos/6744800/original.png']
1455591228,43.456906,12.628698,2017-03-26T15:10,['1455591228_1'],['https://inaturalist-open-data.s3.amazonaws.com/photos/6776190/original.png']
1455594788,45.950217,8.890912,2017-03-26T20:44,['1455594788_1'],['https://inaturalist-open-data.s3.amazonaws.com/photos/6793172/original.png']
1457590068,44.140103,10.29437,2017-03-30T19:49,['1457590068_1'],['https://inaturalist-open-data.s3.amazonaws.com/photos/6807335/original.png']
1457590090,44.140808,8.220344,2017-03-30T19:51,['1457590090_1'],['https://inaturalist-open-data.s3.amazonaws.com/photos/6807346/original.png']
1457602821,46.019317,8.584807,2017-03-29T14:14,['1457602821_1'],['https://inaturalist-open-data.s3.amazonaws.com/photos/6855505/original.png']
1457641675,45.187058,7.257521,2017-03-29T16:05,['1457641675_1'],['https://inaturalist-open-data.s3.amazonaws.com/photos/7030659/original.jpg']
1621798377,48.417436,2.621978,2017-03-25T12:57,['1621798377_1'],['https://inaturalist-open-data.s3.amazonaws.com/photos/9955381/original.jpeg']
1621798450,48.410145,2.620596,2017-03-25T16:02,['1621798450_1'],['https://inaturalist-open-data.s3.amazonaws.com/photos/9955577/original.jpeg']
1986599947,41.424702,14.142732,2017-03-21T15:51,['1986599947_1'],['https://inaturalist-open-data.s3.amazonaws.com/photos/29958415/original.jpg']
3985878268,43.692903,3.026338,2017-03-11T17:43,['3985878268_1'],['https://inaturalist-open-data.s3.amazonaws.com/photos/245412358/original.jpg']
3986273282,43.687829,2.939616,2017-03-16T11:33,['3986273282_1'],['https://inaturalist-open-data.s3.amazonaws.com/photos/245413698/original.jpg']
1457608539,43.63342,12.305803,2017-04-04T22:20,['1457608539_1'],['https://inaturalist-open-data.s3.amazonaws.com/photos/6877955/original.png']
1457611320,43.793279,12.616625,2017-04-04T16:02,['1457611320_1'],['https://inaturalist-open-data.s3.amazonaws.com/photos/6889289/original.png']
1457611331,42.15487,13.667268,2017-04-05T17:26,['1457611331_1'],['https://inaturalist-open-data.s3.amazonaws.com/photos/6889987/original.png']
1457611359,42.233792,12.113714,2017-04-05T17:29,['1457611359_1'],['https://inaturalist-open-data.s3.amazonaws.com/photos/6890045/original.png']
1457614643,41.606972,14.93926,2017-04-04T18:36,['1457614643_1'],['https://inaturalist-open-data.s3.amazonaws.com/photos/6905619/original.png']
1457617149,44.682713,9.055799,2017-04-05T09:38,['1457617149_1'],['https://inaturalist-open-data.s3.amazonaws.com/photos/6916621/original.png']
1457618204,45.919154,10.696757,2017-04-06T09:30,['1457618204_1'],['https://inaturalist-open-data.s3.amazonaws.com/photos/6922003/original.jpg']
1457625084,45.887074,10.835902,2017-04-09T12:16,['1457625084_1'],['https://inaturalist-open-data.s3.amazonaws.com/photos/6951189/original.jpg']
1457625489,45.95467,10.928071,2017-04-09T15:44,['1457625489_1'],['https://inaturalist-open-data.s3.amazonaws.com/photos/6952732/original.jpg']
1457626254,46.002089,8.450375,2017-04-09T19:17,['1457626254_1'],['https://inaturalist-open-data.s3.amazonaws.com/photos/6956034/original.png']
1457626977,45.30174,7.219368,2017-04-09T22:33,['1457626977_1'],['https://inaturalist-open-data.s3.amazonaws.com/photos/6959589/original.png']
1457630687,41.728088,13.612876,2017-04-10T17:54,['1457630687_1'],['https://inaturalist-open-data.s3.amazonaws.com/photos/6975333/original.png']
1457634571,43.366388,10.600971,2017-04-09T19:42,['1457634571_1'],['https://inaturalist-open-data.s3.amazonaws.com/photos/6993447/original.png']
1457637371,42.773692,11.363159,2017-04-05,['1457637371_1'],['https://inaturalist-open-data.s3.amazonaws.com/photos/7006096/original.jpeg']
1457640855,45.000809,6.926934,2017-04-13T11:10,['1457640855_1'],['https://inaturalist-open-data.s3.amazonaws.com/photos/7025367/original.jpg']
1457643663,42.491081,12.940674,2017-04-12T11:09,['1457643663_1'],['https://inaturalist-open-data.s3.amazonaws.com/photos/7041307/original.png']
1500247430,45.30174,7.219368,2017-04-08T14:17,['1500247430_1'],['https://inaturalist-open-data.s3.amazonaws.com/photos/7140955/original.png']
1500262768,42.52843,2.562205,2017-04-13T09:30,['1500262768_1'],['https://inaturalist-open-data.s3.amazonaws.com/photos/7216836/original.jpeg']
1500270409,44.700734,9.816738,2017-04-16T22:09,['1500270409_1'],['https://inaturalist-open-data.s3.amazonaws.com/photos/7251771/original.png']
1500313153,40.4183,16.691654,2017-04-24T20:35,['1500313153_1'],['https://inaturalist-open-data.s3.amazonaws.com/photos/7437712/original.png']
1500313858,45.115268,6.89508,2017-04-25T23:26,['1500313858_1'],['https://inaturalist-open-data.s3.amazonaws.com/photos/7441030/original.png']
1500322685,37.901324,13.413878,2017-04-25T20:21,['1500322685_1'],['https://inaturalist-open-data.s3.amazonaws.com/photos/7480786/original.png']
1562910524,40.62164,16.779642,2017-04-24T12:30,['1562910524_1'],['https://inaturalist-open-data.s3.amazonaws.com/photos/7689890/original.png']
1562925831,45.885497,10.836425,2017-04-13T10:09,['1562925831_1'],['https://inaturalist-open-data.s3.amazonaws.com/photos/7753873/original.jpg']
1562929429,46.032978,11.507855,2017-04-30T13:07:48,['1562929429_1'],['https://inaturalist-open-data.s3.amazonaws.com/photos/7771311/original.jpg']
1563446489,42.242991,12.347616,2017-04-12T15:31,['1563446489_1'],['https://inaturalist-open-data.s3.amazonaws.com/photos/8158676/original.png']
1571139416,45.113,6.846,2017-04-25T18:45,['1571139416_1'],['https://inaturalist-open-data.s3.amazonaws.com/photos/8449921/original.png']
1807272547,44.700668,6.917578,2017-04-17T10:41,"['1807272547_1', '1807272547_2', '1807272547_3']","['https://inaturalist-open-data.s3.amazonaws.com/photos/7199083/original.jpeg', 'https://inaturalist-open-data.s3.amazonaws.com/photos/7199204/original.jpeg', 'https://inaturalist-open-data.s3.amazonaws.com/photos/7199205/original.jpeg']"
1831146244,45.969897,10.939174,2017-04-09T12:10,['1831146244_1'],['https://inaturalist-open-data.s3.amazonaws.com/photos/10070784/original.jpg']
1946317358,45.107066,10.338837,2017-04-25T15:44,['1946317358_1'],['https://inaturalist-open-data.s3.amazonaws.com/photos/28420376/original.jpg']
2265839912,45.930116,8.278725,2017-04-11T14:19,['2265839912_1'],['https://inaturalist-open-data.s3.amazonaws.com/photos/41418574/original.jpeg']
2597706369,42.12556,14.18233,2017-04-09T08:48,"['2597706369_1', '2597706369_2']","['https://inaturalist-open-data.s3.amazonaws.com/photos/65764700/original.jpeg', 'https://inaturalist-open-data.s3.amazonaws.com/photos/65764826/original.jpeg']"
3031955620,43.408532,12.78825,2017-04-15T13:39:35,['3031955620_1'],['https://inaturalist-open-data.s3.amazonaws.com/photos/62161912/original.jpg']
3456440639,44.536529,5.667932,2017-04-12T15:31,"['3456440639_1', '3456440639_2']","['https://inaturalist-open-data.s3.amazonaws.com/photos/173186116/original.jpg', 'https://inaturalist-open-data.s3.amazonaws.com/photos/173186161/original.jpg']"
3712739767,41.314176,13.854762,2017-04-17T16:31,['3712739767_1'],['https://inaturalist-open-data.s3.amazonaws.com/photos/181962592/original.jpg']
3859188646,43.792049,3.82059,2017-04-02,['3859188646_1'],['https://inaturalist-open-data.s3.amazonaws.com/photos/210161409/original.jpg']
3904273048,45.78,13.11,2017-04-16,"['3904273048_1', '3904273048_2', '3904273048_3', '3904273048_4']","['https://observation.org/photos/51527424.jpg', 'https://observation.org/photos/51527425.jpg', 'https://observation.org/photos/51527439.jpg', 'https://observation.org/photos/51527440.jpg']"
4431162772,47.555115,7.352729,2017-04-01T10:55,['4431162772_1'],['https://inaturalist-open-data.s3.amazonaws.com/photos/329201770/original.jpeg']
4853040469,46.849455,8.246505,2017-04-30T11:27,['4853040469_1'],['https://inaturalist-open-data.s3.amazonaws.com/photos/368654584/original.jpeg']
5061601487,45.78,13.11,2017-04-16,['5061601487_1'],['https://observation.org/photos/110856107.jpg']
5282086741,48.285351,2.663581,2017-04-07T10:35,['5282086741_1'],['https://inaturalist-open-data.s3.amazonaws.com/photos/548032819/original.jpg']
6236420769,41.675264,12.400346,2017-04-25,['6236420769_1'],['https://inaturalist-open-data.s3.amazonaws.com/photos/645257211/original.jpg']
1500345911,43.918669,11.458054,2017-05-01T23:06,['1500345911_1'],['https://inaturalist-open-data.s3.amazonaws.com/photos/7587244/original.png']
1500348335,41.385052,13.904915,2017-05-01T13:06,['1500348335_1'],['https://inaturalist-open-data.s3.amazonaws.com/photos/7597408/original.png']
1562907126,42.15575,11.900502,2017-05-02T22:08,['1562907126_1'],['https://inaturalist-open-data.s3.amazonaws.com/photos/7676237/original.png']
1562914819,44.411721,8.264312,2017-05-08T12:02,['1562914819_1'],['https://inaturalist-open-data.s3.amazonaws.com/photos/7707000/original.png']
1562915990,42.461711,12.751257,2017-05-09T21:36,['1562915990_1'],['https://inaturalist-open-data.s3.amazonaws.com/photos/7712763/original.png']
1562930472,43.424643,12.586284,2017-05-13T20:22,['1562930472_1'],['https://inaturalist-open-data.s3.amazonaws.com/photos/7776516/original.png']
1562930581,45.235281,9.007668,2017-05-12T20:20,['1562930581_1'],['https://inaturalist-open-data.s3.amazonaws.com/photos/7776475/original.png']
1562931060,45.83975,11.023268,2017-05-12T21:57,['1562931060_1'],['https://inaturalist-open-data.s3.amazonaws.com/photos/7778520/original.png']
1562936401,45.83418,9.374671,2017-05-13T00:03,['1562936401_1'],['https://inaturalist-open-data.s3.amazonaws.com/photos/7801715/original.png']
1562939786,41.99299,13.806467,2017-05-14T16:32,['1562939786_1'],['https://inaturalist-open-data.s3.amazonaws.com/photos/7814918/original.png']
1562949140,45.88894,9.948031,2017-05-14T18:47,['1562949140_1'],['https://inaturalist-open-data.s3.amazonaws.com/photos/7855758/original.png']
1562949228,42.157805,14.349346,2017-05-14T19:00,['1562949228_1'],['https://inaturalist-open-data.s3.amazonaws.com/photos/7855953/original.png']
1562952762,43.056696,13.423213,2017-05-16T15:01:19,['1562952762_1'],['https://inaturalist-open-data.s3.amazonaws.com/photos/7870497/original.png']
1562952827,43.949278,10.866667,2017-05-16T15:04,['1562952827_1'],['https://inaturalist-open-data.s3.amazonaws.com/photos/7870509/original.png']
1562954161,45.130041,7.062537,2017-05-18T14:04:43,"['1562954161_1', '1562954161_2']","['https://inaturalist-open-data.s3.amazonaws.com/photos/7877240/original.jpeg', 'https://inaturalist-open-data.s3.amazonaws.com/photos/7877280/original.jpeg']"
1562956341,45.034715,6.685524,2017-05-15T09:19,['1562956341_1'],['https://inaturalist-open-data.s3.amazonaws.com/photos/7887271/original.png']
1562967086,46.385134,12.13474,2017-05-21T17:31,['1562967086_1'],['https://inaturalist-open-data.s3.amazonaws.com/photos/7939627/original.jpeg']
1562974520,46.219486,11.29086,2017-05-22T10:20,['1562974520_1'],['https://inaturalist-open-data.s3.amazonaws.com/photos/7976284/original.png']
1562974642,44.581293,8.822312,2017-05-23T09:43:18,['1562974642_1'],['https://inaturalist-open-data.s3.amazonaws.com/photos/7980136/original.jpeg']
1562978676,45.845808,11.032057,2017-05-12T18:59:42,['1562978676_1'],['https://inaturalist-open-data.s3.amazonaws.com/photos/7999349/original.jpeg']
1563435748,45.139086,6.985714,2017-05-27T22:50,['1563435748_1'],['https://inaturalist-open-data.s3.amazonaws.com/photos/8105033/original.png']
1563435785,42.122937,12.153827,2017-05-26T22:59,['1563435785_1'],['https://inaturalist-open-data.s3.amazonaws.com/photos/8105307/original.png']
1563438696,45.796254,12.2719,2017-05-28T14:23,['1563438696_1'],['https://inaturalist-open-data.s3.amazonaws.com/photos/8119176/original.png']
1563438720,41.592203,14.323959,2017-05-30T12:49,['1563438720_1'],['https://inaturalist-open-data.s3.amazonaws.com/photos/8118636/original.jpg']
1563438764,45.914053,11.966663,2017-05-29T14:28,['1563438764_1'],['https://inaturalist-open-data.s3.amazonaws.com/photos/8119189/original.png']
1563446525,44.304787,10.725287,2017-05-31T15:23,['1563446525_1'],['https://inaturalist-open-data.s3.amazonaws.com/photos/8158594/original.png']
1572361258,37.316048,13.662348,2017-05-18T13:15,['1572361258_1'],['https://inaturalist-open-data.s3.amazonaws.com/photos/8827957/original.png']
1831136565,46.014443,11.057882,2017-05-25T08:43:10,['1831136565_1'],['https://inaturalist-open-data.s3.amazonaws.com/photos/8019531/original.jpg']
1831146363,42.149706,11.938065,2017-05-23T09:33,['1831146363_1'],['https://inaturalist-open-data.s3.amazonaws.com/photos/10090601/original.jpg']
2596403324,45.693714,8.63778,2017-05-25,['2596403324_1'],['https://inaturalist-open-data.s3.amazonaws.com/photos/64687499/original.jpeg']
2832972134,46.677317,1.229823,2017-05-20,['2832972134_1'],['https://observation.org/photos/13683341.jpg']
3466221779,45.919773,9.347189,2017-05-14T15:27,['3466221779_1'],['https://inaturalist-open-data.s3.amazonaws.com/photos/176893726/original.jpeg']
3698104949,46.506419,4.342971,2017-05-05T11:14:59,['3698104949_1'],['https://inaturalist-open-data.s3.amazonaws.com/photos/180458152/original.jpg']
3743078653,46.480191,4.371545,2017-05-05T11:14,['3743078653_1'],['https://inaturalist-open-data.s3.amazonaws.com/photos/182958293/original.jpeg']
3743244096,46.477194,4.07632,2017-05-05T12:50,['3743244096_1'],['https://inaturalist-open-data.s3.amazonaws.com/photos/182958467/original.jpeg']
3743347877,46.43392,4.376093,2017-05-05T11:28,['3743347877_1'],['https://inaturalist-open-data.s3.amazonaws.com/photos/182958339/original.jpeg']
4459562515,42.25,1.95,2017-05-25,['4459562515_1'],['https://observation.org/photos/79764832.jpg']
5140924109,44.314909,7.009897,2017-05-14T09:51,['5140924109_1'],['https://inaturalist-open-data.s3.amazonaws.com/photos/495367207/original.jpeg']
1571108835,42.501206,12.887802,2017-06-04T23:32,['1571108835_1'],['https://inaturalist-open-data.s3.amazonaws.com/photos/8308086/original.png']
1571111388,45.554179,7.794731,2017-06-07T09:16,['1571111388_1'],['https://inaturalist-open-data.s3.amazonaws.com/photos/8319174/original.jpeg']
1571116547,42.552049,11.726714,2017-06-08T18:33,['1571116547_1'],['https://inaturalist-open-data.s3.amazonaws.com/photos/8342132/original.png']
1571116567,46.28103,12.295142,2017-06-09T18:37,['1571116567_1'],['https://inaturalist-open-data.s3.amazonaws.com/photos/8342203/original.png']
1571120767,42.990376,12.729183,2017-06-09T10:54,['1571120767_1'],['https://inaturalist-open-data.s3.amazonaws.com/photos/8362401/original.png']
1571132348,45.947259,10.743563,2017-06-06,['1571132348_1'],['https://inaturalist-open-data.s3.amazonaws.com/photos/8416782/original.jpeg']
1571132751,45.657231,10.789411,2017-06-13T15:55,"['1571132751_1', '1571132751_2']","['https://inaturalist-open-data.s3.amazonaws.com/photos/8418998/original.jpg', 'https://inaturalist-open-data.s3.amazonaws.com/photos/8419009/original.jpg']"
1571151402,45.935178,10.735573,2017-06-17T10:09,['1571151402_1'],['https://inaturalist-open-data.s3.amazonaws.com/photos/8501044/original.jpg']
1571153547,45.543179,7.218102,2017-06-15T22:46,['1571153547_1'],['https://inaturalist-open-data.s3.amazonaws.com/photos/8510777/original.png']
1571153862,44.432835,8.240031,2017-06-17T23:56,['1571153862_1'],['https://inaturalist-open-data.s3.amazonaws.com/photos/8512306/original.png']
1571186136,42.502351,12.90767,2017-06-17,['1571186136_1'],['https://inaturalist-open-data.s3.amazonaws.com/photos/8660138/original.png']
1571186245,45.782526,11.118754,2017-06-01T10:50,['1571186245_1'],['https://inaturalist-open-data.s3.amazonaws.com/photos/8660354/original.png']
1571187038,46.296749,11.983445,2017-06-21T10:46,['1571187038_1'],['https://inaturalist-open-data.s3.amazonaws.com/photos/8663592/original.jpeg']
1571187869,44.436978,8.67106,2017-06-24T21:49,['1571187869_1'],['https://inaturalist-open-data.s3.amazonaws.com/photos/8668138/original.png']
1571187872,46.088147,8.107728,2017-06-11T21:39,['1571187872_1'],['https://inaturalist-open-data.s3.amazonaws.com/photos/8668024/original.png']
1571187879,46.110086,10.30213,2017-06-24T21:34,['1571187879_1'],['https://inaturalist-open-data.s3.amazonaws.com/photos/8667976/original.png']
1571194584,46.346821,11.973324,2017-06-27T16:15,['1571194584_1'],['https://inaturalist-open-data.s3.amazonaws.com/photos/8700598/original.jpeg']
1571201349,46.362508,11.942204,2017-06-30T09:43,['1571201349_1'],['https://inaturalist-open-data.s3.amazonaws.com/photos/8741175/original.jpeg']
1831146163,46.169141,10.718473,2017-06-20T11:53,['1831146163_1'],['https://inaturalist-open-data.s3.amazonaws.com/photos/10070675/original.jpg']
2836378111,45.573118,7.206009,2017-06-22,['2836378111_1'],['https://observation.org/photos/14093564.jpg']
3097197705,46.615088,10.419151,2017-06-24T15:36Z,"['3097197705_1', '3097197705_2']","['https://inaturalist-open-data.s3.amazonaws.com/photos/122521412/original.jpg', 'https://inaturalist-open-data.s3.amazonaws.com/photos/122521446/original.jpg']"
3338080620,46.799878,10.4005,2017-06-24T15:32Z,['3338080620_1'],['https://inaturalist-open-data.s3.amazonaws.com/photos/149491736/original.jpg']
3902832916,45.964467,6.887337,2017-06-04T15:06:12,['3902832916_1'],['https://inaturalist-open-data.s3.amazonaws.com/photos/224271202/original.jpeg']
3985817218,44.105158,7.33567,2017-06-29T11:29,['3985817218_1'],['https://inaturalist-open-data.s3.amazonaws.com/photos/245414885/original.jpeg']
3985926267,44.157712,7.263345,2017-06-29T12:11,['3985926267_1'],['https://inaturalist-open-data.s3.amazonaws.com/photos/245415896/original.jpeg']
3986149323,44.131135,7.31907,2017-06-29T13:22,['3986149323_1'],['https://inaturalist-open-data.s3.amazonaws.com/photos/245416746/original.jpeg']
4459544908,42.65,0.2,2017-06-18,['4459544908_1'],['https://observation.org/photos/79783237.jpg']
4461357980,42.65,0.6,2017-06-25,['4461357980_1'],['https://observation.org/photos/79783581.jpg']
6150685302,42.7,-0.1,2017-06-16,['6150685302_1'],['https://observation.org/photos/143110370.jpg']
6152049947,42.65,-0.15,2017-06-16,"['6152049947_1', '6152049947_2']","['https://observation.org/photos/143110067.jpg', 'https://observation.org/photos/143110068.jpg']"
1572361196,45.873756,10.832691,2017-07-04T11:37,['1572361196_1'],['https://inaturalist-open-data.s3.amazonaws.com/photos/8827484/original.jpg']
1572389469,44.489974,9.76824,2017-07-08T22:50,['1572389469_1'],['https://inaturalist-open-data.s3.amazonaws.com/photos/8968158/original.png']
1572399158,45.7625,7.28444,2017-07-08T14:37,['1572399158_1'],['https://inaturalist-open-data.s3.amazonaws.com/photos/9026073/original.png']
1572401923,45.889425,10.834874,2017-07-14T11:01:31,['1572401923_1'],['https://inaturalist-open-data.s3.amazonaws.com/photos/9043153/original.jpeg']
1580511339,44.596867,8.796053,2017-07-19T11:02:12,['1580511339_1'],['https://inaturalist-open-data.s3.amazonaws.com/photos/9152727/original.jpeg']
1831141280,46.00625,11.136673,2017-07-04T10:00,['1831141280_1'],['https://inaturalist-open-data.s3.amazonaws.com/photos/8848541/original.jpeg']
2576283193,42.72356,0.731587,2017-07-14T20:59,['2576283193_1'],['https://inaturalist-open-data.s3.amazonaws.com/photos/62133376/original.jpeg']
2833047428,44.994166,6.07338,2017-07-22,['2833047428_1'],['https://observation.org/photos/14377929.jpg']
3391291664,45.243604,6.953236,2017-07-16T11:22,['3391291664_1'],['https://inaturalist-open-data.s3.amazonaws.com/photos/162311181/original.jpg']
3728980871,45.907298,6.810247,2017-07-09,['3728980871_1'],['https://observation.org/photos/32807956.jpg']
3892562914,41.897009,13.052276,2017-07-18T10:17,['3892562914_1'],['https://inaturalist-open-data.s3.amazonaws.com/photos/222240622/original.jpg']
3892597896,42.259513,13.109356,2017-07-19,['3892597896_1'],['https://inaturalist-open-data.s3.amazonaws.com/photos/222240398/original.jpg']
3985764171,42.745165,0.566961,2017-07-26T10:15,['3985764171_1'],['https://inaturalist-open-data.s3.amazonaws.com/photos/243780556/original.jpeg']
4407486837,42.609872,0.576329,2017-07-27T12:29:04,"['4407486837_1', '4407486837_2']","['https://inaturalist-open-data.s3.amazonaws.com/photos/316669158/original.jpeg', 'https://inaturalist-open-data.s3.amazonaws.com/photos/316669168/original.jpeg']"
5086254798,42.55,0.7,2017-07-02,['5086254798_1'],['https://observation.org/photos/79765054.jpg']
5292692340,42.650042,-0.060221,2017-07-19T13:28,"['5292692340_1', '5292692340_2']","['https://inaturalist-open-data.s3.amazonaws.com/photos/551923083/original.jpg', 'https://inaturalist-open-data.s3.amazonaws.com/photos/551923139/original.jpg']"
5292733686,42.609058,0.11404,2017-07-26T11:47,"['5292733686_1', '5292733686_2', '5292733686_3', '5292733686_4']","['https://inaturalist-open-data.s3.amazonaws.com/photos/551955251/original.jpg', 'https://inaturalist-open-data.s3.amazonaws.com/photos/551955269/original.jpg', 'https://inaturalist-open-data.s3.amazonaws.com/photos/551955287/original.jpg', 'https://inaturalist-open-data.s3.amazonaws.com/photos/551955313/original.jpg']"
6171365353,45.729206,6.602423,2017-07-21,['6171365353_1'],['https://inaturalist-open-data.s3.amazonaws.com/photos/618655993/original.jpg']
1586955494,44.553417,8.772045,2017-08-18T15:46:33,['1586955494_1'],['https://inaturalist-open-data.s3.amazonaws.com/photos/9840192/original.jpg']
1621794202,44.790982,11.796748,2017-08-16T12:11:43,['1621794202_1'],['https://inaturalist-open-data.s3.amazonaws.com/photos/9932059/original.jpeg']
1621798260,46.002294,10.351625,2017-08-08T12:07,['1621798260_1'],['https://inaturalist-open-data.s3.amazonaws.com/photos/9954146/original.png']
1990598717,45.742963,7.458254,2017-08-10T10:30,['1990598717_1'],['https://inaturalist-open-data.s3.amazonaws.com/photos/30694365/original.jpg']
2237436702,45.899261,10.826718,2017-08-31T14:45,['2237436702_1'],['https://inaturalist-open-data.s3.amazonaws.com/photos/35178884/original.jpg']
2850884644,46.827541,6.346293,2017-08-21T10:56,['2850884644_1'],['https://inaturalist-open-data.s3.amazonaws.com/photos/90905718/original.jpg']
3455793522,42.884973,-0.792437,2017-08-15T04:59,['3455793522_1'],['https://inaturalist-open-data.s3.amazonaws.com/photos/173093148/original.jpg']
4103283651,43.283922,12.23685,2017-08-02,['4103283651_1'],['https://inaturalist-open-data.s3.amazonaws.com/photos/272794538/original.jpeg']
4459467479,42.75,-2.6,2017-08-13,['4459467479_1'],['https://observation.org/photos/79765210.jpg']
4855386531,44.358004,6.730993,2017-08-15,['4855386531_1'],['https://inaturalist-open-data.s3.amazonaws.com/photos/9881703/original.jpg']
5012824940,48.184708,7.82279,2017-08-05T00:00,"['5012824940_1', '5012824940_2']","['http://live.staticflickr.com/4407/36383233445_de7caabbc6_b.jpg', 'http://live.staticflickr.com/4365/36338579686_2b6eba294c_b.jpg']"
5153593182,42.558761,1.838749,2017-08-02T16:48,['5153593182_1'],['https://inaturalist-open-data.s3.amazonaws.com/photos/502161275/original.jpeg']
5761071426,45.332087,0.140012,2017-08-11T12:35,['5761071426_1'],['https://inaturalist-open-data.s3.amazonaws.com/photos/555120553/original.jpg']
1831161718,46.175769,11.828381,2017-09-30T12:08,['1831161718_1'],['https://inaturalist-open-data.s3.amazonaws.com/photos/13112044/original.jpg']
4172289854,42.57996,11.717474,2017-09-22,['4172289854_1'],['https://inaturalist-open-data.s3.amazonaws.com/photos/308371678/original.jpeg']
1671725432,44.587303,8.792057,2017-10-07T19:07:10,['1671725432_1'],['https://inaturalist-open-data.s3.amazonaws.com/photos/11011044/original.jpg']
3985827271,43.674143,3.672342,2017-10-21T14:55,['3985827271_1'],['https://inaturalist-open-data.s3.amazonaws.com/photos/245418014/original.jpeg']
3985878270,43.674143,3.672342,2017-10-21T14:19,['3985878270_1'],['https://inaturalist-open-data.s3.amazonaws.com/photos/245417187/original.jpeg']
3985854292,43.648422,3.615645,2017-11-25T16:47,['3985854292_1'],['https://inaturalist-open-data.s3.amazonaws.com/photos/245419961/original.jpeg']
3985958295,43.674143,3.672342,2017-11-16T14:41,['3985958295_1'],['https://inaturalist-open-data.s3.amazonaws.com/photos/245418497/original.jpeg']
3986319278,43.648422,3.615645,2017-11-19T12:43,['3986319278_1'],['https://inaturalist-open-data.s3.amazonaws.com/photos/245419199/original.jpeg']
1453405956,41.958702,13.019223,2016-01-17T13:45,"['1453405956_1', '1453405956_2']","['https://inaturalist-open-data.s3.amazonaws.com/photos/6214200/original.jpg', 'https://inaturalist-open-data.s3.amazonaws.com/photos/6214201/original.jpg']"
3985781282,43.648422,3.615645,2016-01-29T14:37,['3985781282_1'],['https://inaturalist-open-data.s3.amazonaws.com/photos/243940908/original.jpg']
3985853306,44.249824,4.348998,2016-03-22T13:33,['3985853306_1'],['https://inaturalist-open-data.s3.amazonaws.com/photos/243941420/original.jpg']
3985874313,44.249824,4.348998,2016-03-22T14:09,['3985874313_1'],['https://inaturalist-open-data.s3.amazonaws.com/photos/243942156/original.jpg']
3985938322,44.249824,4.348998,2016-03-22T14:29,['3985938322_1'],['https://inaturalist-open-data.s3.amazonaws.com/photos/243943120/original.jpg']
3986159262,43.674143,3.672342,2016-03-30T17:18,['3986159262_1'],['https://inaturalist-open-data.s3.amazonaws.com/photos/243943511/original.jpg']
1265570533,43.082898,10.985399,2016-04-12,['1265570533_1'],['https://inaturalist-open-data.s3.amazonaws.com/photos/3349140/original.jpg']
1265577522,44.617842,8.792781,2016-04-14T15:20,['1265577522_1'],['https://inaturalist-open-data.s3.amazonaws.com/photos/3383244/original.jpg']
1265581194,44.63522,8.785148,2016-04-18T10:44:35,['1265581194_1'],['https://inaturalist-open-data.s3.amazonaws.com/photos/3402787/original.jpeg']
1455594731,46.040303,10.01524,2016-04-06T20:41,['1455594731_1'],['https://inaturalist-open-data.s3.amazonaws.com/photos/6793137/original.png']
1457593264,43.206959,13.000619,2016-04-11T14:17,['1457593264_1'],['https://inaturalist-open-data.s3.amazonaws.com/photos/6818207/original.png']
1457618338,45.942317,10.718708,2016-04-16T11:50,['1457618338_1'],['https://inaturalist-open-data.s3.amazonaws.com/photos/6922405/original.jpg']
1838046165,45.887173,10.835167,2016-04-14T17:40,['1838046165_1'],['https://inaturalist-open-data.s3.amazonaws.com/photos/15073915/original.jpg']
1838046229,45.889037,10.836551,2016-04-20T17:39,['1838046229_1'],['https://inaturalist-open-data.s3.amazonaws.com/photos/15073861/original.jpg']
2832899498,46.140192,6.097798,2016-04-25,"['2832899498_1', '2832899498_2', '2832899498_3', '2832899498_4']","['https://observation.org/photos/10639761.jpg', 'https://observation.org/photos/10639763.jpg', 'https://observation.org/photos/10639764.jpg', 'https://observation.org/photos/10639779.jpg']"
3090785703,46.07809,6.197652,2016-04-10T13:24,"['3090785703_1', '3090785703_2', '3090785703_3']","['https://inaturalist-open-data.s3.amazonaws.com/photos/68772640/original.jpeg', 'https://inaturalist-open-data.s3.amazonaws.com/photos/68772574/original.jpeg', 'https://inaturalist-open-data.s3.amazonaws.com/photos/68772607/original.jpeg']"
3726838584,42.8,-3.85,2016-04-22,['3726838584_1'],['https://observation.org/photos/26650179.jpg']
3985797312,43.86006,3.36109,2016-04-14T14:18,['3985797312_1'],['https://inaturalist-open-data.s3.amazonaws.com/photos/243981122/original.jpg']
3985841290,43.86006,3.36109,2016-04-15T18:36,['3985841290_1'],['https://inaturalist-open-data.s3.amazonaws.com/photos/245403588/original.jpg']
3985917340,43.86006,3.36109,2016-04-19T16:40,['3985917340_1'],['https://inaturalist-open-data.s3.amazonaws.com/photos/243983043/original.jpg']
3986085271,43.86006,3.36109,2016-04-19T16:45,['3986085271_1'],['https://inaturalist-open-data.s3.amazonaws.com/photos/243983375/original.jpg']
3986276317,43.86006,3.36109,2016-04-14T16:33,['3986276317_1'],['https://inaturalist-open-data.s3.amazonaws.com/photos/243981511/original.jpg']
3986284359,43.86006,3.36109,2016-04-14T17:37,['3986284359_1'],['https://inaturalist-open-data.s3.amazonaws.com/photos/243982038/original.jpg']
3986287255,43.86006,3.36109,2016-04-19T19:04,['3986287255_1'],['https://inaturalist-open-data.s3.amazonaws.com/photos/245404169/original.jpg']
4121486829,46.274861,13.398421,2016-04-01T12:58,['4121486829_1'],['https://inaturalist-open-data.s3.amazonaws.com/photos/282408063/original.jpg']
4459354367,42.6,-2.9,2016-04-10,['4459354367_1'],['https://observation.org/photos/79781520.jpg']
4459467454,42.75,-1.05,2016-04-30,['4459467454_1'],['https://observation.org/photos/79763138.jpg']
4459467674,42.6,-2.9,2016-04-10,['4459467674_1'],['https://observation.org/photos/79781521.jpg']
4459501248,42.75,-1.05,2016-04-30,['4459501248_1'],['https://observation.org/photos/79763139.jpg']
5920174409,44.56623,8.502097,2016-04-07T14:28:47,['5920174409_1'],['https://inaturalist-open-data.s3.amazonaws.com/photos/598219395/original.jpg']
1269566047,45.889366,10.837055,2016-05-18T12:00,['1269566047_1'],['https://inaturalist-open-data.s3.amazonaws.com/photos/3709209/original.jpg']
1269572635,43.083031,10.98364,2016-05-21,['1269572635_1'],['https://inaturalist-open-data.s3.amazonaws.com/photos/3753177/original.jpg']
1269581703,44.673444,9.167086,2016-05-22,['1269581703_1'],['https://inaturalist-open-data.s3.amazonaws.com/photos/3801599/original.JPG']
1272087529,44.20975,11.733112,2016-05-10T18:19:13,['1272087529_1'],['https://inaturalist-open-data.s3.amazonaws.com/photos/3900701/original.jpg']
1831113682,46.088238,11.065579,2016-05-21T21:15:14,['1831113682_1'],['https://inaturalist-open-data.s3.amazonaws.com/photos/3778278/original.jpg']
2429360166,42.238617,1.672442,2016-05-14,['2429360166_1'],['https://inaturalist-open-data.s3.amazonaws.com/photos/53118981/original.jpg']
2429587386,46.721625,1.173596,2016-05-05T09:37,['2429587386_1'],['https://inaturalist-open-data.s3.amazonaws.com/photos/54067839/original.jpeg']
3079884112,44.04796,5.608683,2016-05-27T09:21,['3079884112_1'],['https://inaturalist-open-data.s3.amazonaws.com/photos/119643169/original.jpeg']
3124663917,42.834573,1.344039,2016-05-08T10:32,['3124663917_1'],['https://inaturalist-open-data.s3.amazonaws.com/photos/130654908/original.jpg']
3985611212,43.648422,3.615645,2016-05-12T09:45,['3985611212_1'],['https://inaturalist-open-data.s3.amazonaws.com/photos/243944097/original.jpg']
3985675197,43.648422,3.615645,2016-05-15T09:21,['3985675197_1'],['https://inaturalist-open-data.s3.amazonaws.com/photos/243944734/original.jpg']
3985691292,43.86006,3.36109,2016-05-08T18:35,['3985691292_1'],['https://inaturalist-open-data.s3.amazonaws.com/photos/243982716/original.jpg']
3985740265,43.648422,3.615645,2016-05-12T10:06,['3985740265_1'],['https://inaturalist-open-data.s3.amazonaws.com/photos/243944484/original.jpg']
3985874348,43.86006,3.36109,2016-05-12T17:19,['3985874348_1'],['https://inaturalist-open-data.s3.amazonaws.com/photos/243980757/original.jpg']
3985884278,43.86006,3.36109,2016-05-05T09:09,['3985884278_1'],['https://inaturalist-open-data.s3.amazonaws.com/photos/245414303/original.jpg']
4018145171,46.356032,7.437046,2016-05-13T19:04,['4018145171_1'],['https://inaturalist-open-data.s3.amazonaws.com/photos/251933272/original.jpeg']
4116406650,46.216318,7.748624,2016-05-15T19:53,['4116406650_1'],['https://inaturalist-open-data.s3.amazonaws.com/photos/279011383/original.jpeg']
4460185147,42.9,-3.45,2016-05-14,['4460185147_1'],['https://observation.org/photos/79763173.jpg']
4888155891,38.208538,15.784929,2016-05-28,['4888155891_1'],['https://observation.org/photos/86756927.jpg']
4891243552,38.198246,15.784907,2016-05-11,['4891243552_1'],['https://observation.org/photos/85139376.jpg']
5292544365,43.151988,0.020601,2016-05-05T00:00,['5292544365_1'],['https://inaturalist-open-data.s3.amazonaws.com/photos/549099274/original.jpg']
1291134097,45.889935,7.484005,2016-06-24T11:50,['1291134097_1'],['https://inaturalist-open-data.s3.amazonaws.com/photos/4299234/original.jpeg']
1455587241,46.156129,11.731504,2016-06-26T14:10,['1455587241_1'],['https://inaturalist-open-data.s3.amazonaws.com/photos/6759864/original.png']
1831121823,46.064067,11.634295,2016-06-23,['1831121823_1'],['https://inaturalist-open-data.s3.amazonaws.com/photos/4882130/original.jpg']
1831146367,46.064067,11.634295,2016-06-23T15:19,['1831146367_1'],['https://inaturalist-open-data.s3.amazonaws.com/photos/10092365/original.jpg']
2840175604,43.88327,3.145625,2016-06-25,['2840175604_1'],['https://observation.org/photos/13101379.jpg']
2844278964,42.647884,2.128595,2016-06-17,"['2844278964_1', '2844278964_2']","['https://observation.org/photos/11263183.jpg', 'https://observation.org/photos/11263184.jpg']"
2999064922,47.734204,8.266986,2016-06-26T11:09,['2999064922_1'],['https://inaturalist-open-data.s3.amazonaws.com/photos/106751830/original.jpg']
3097373737,46.304062,9.777713,2016-06-05T14:41Z,"['3097373737_1', '3097373737_2']","['https://inaturalist-open-data.s3.amazonaws.com/photos/122519205/original.jpg', 'https://inaturalist-open-data.s3.amazonaws.com/photos/122519193/original.jpg']"
3986267346,43.86006,3.36109,2016-06-02T12:15,['3986267346_1'],['https://inaturalist-open-data.s3.amazonaws.com/photos/243979687/original.jpg']
4091384485,45.698844,3.030458,2016-06-12T10:34,['4091384485_1'],['https://inaturalist-open-data.s3.amazonaws.com/photos/268531592/original.jpg']
4091826573,45.607566,3.025334,2016-06-12T10:26,['4091826573_1'],['https://inaturalist-open-data.s3.amazonaws.com/photos/268531573/original.jpg']
4413709541,45.110457,7.480332,2016-06-26T19:11,['4413709541_1'],['https://inaturalist-open-data.s3.amazonaws.com/photos/318808019/original.jpeg']
4600053430,47.181107,6.989855,2016-06-26,['4600053430_1'],['https://inaturalist-open-data.s3.amazonaws.com/photos/95600228/original.jpeg']
1291135651,43.088498,10.99177,2016-07-07,['1291135651_1'],['https://inaturalist-open-data.s3.amazonaws.com/photos/4307268/original.jpg']
1291146174,45.781172,11.029541,2016-07-24T09:24,['1291146174_1'],['https://inaturalist-open-data.s3.amazonaws.com/photos/4351978/original.jpg']
1291146716,45.942985,10.743266,2016-07-24T17:00,['1291146716_1'],['https://inaturalist-open-data.s3.amazonaws.com/photos/4354641/original.jpg']
1291153746,45.553253,7.642376,2016-07-27T16:56:58,['1291153746_1'],['https://inaturalist-open-data.s3.amazonaws.com/photos/4385730/original.jpeg']
2609338361,43.07983,10.986384,2016-07-06T18:04:33,['2609338361_1'],['https://inaturalist-open-data.s3.amazonaws.com/photos/67414297/original.jpeg']
3061777815,45.491547,5.343637,2016-07-06T11:08,['3061777815_1'],['https://inaturalist-open-data.s3.amazonaws.com/photos/116399667/original.jpeg']
3823186499,45.265339,6.720017,2016-07-05,['3823186499_1'],['https://observation.org/photos/47182369.jpg']
3925279649,44.539787,3.83493,2016-07-27T11:50,['3925279649_1'],['https://inaturalist-open-data.s3.amazonaws.com/photos/236507371/original.jpeg']
3925405615,44.547902,3.815101,2016-07-27T16:21,"['3925405615_1', '3925405615_2', '3925405615_3', '3925405615_4']","['https://inaturalist-open-data.s3.amazonaws.com/photos/236514722/original.jpeg', 'https://inaturalist-open-data.s3.amazonaws.com/photos/236514740/original.jpeg', 'https://inaturalist-open-data.s3.amazonaws.com/photos/236514758/original.jpeg', 'https://inaturalist-open-data.s3.amazonaws.com/photos/236514776/original.jpeg']"
3985828137,44.547994,3.814839,2016-07-27T16:25,['3985828137_1'],['https://inaturalist-open-data.s3.amazonaws.com/photos/245402652/original.jpg']
3985899262,43.674143,3.672342,2016-07-15T12:08,['3985899262_1'],['https://inaturalist-open-data.s3.amazonaws.com/photos/245391486/original.jpg']
3995602546,42.748778,1.294556,2016-07-28,['3995602546_1'],['https://observation.org/photos/61050585.jpg']
4062762926,43.674143,3.672342,2016-07-15T11:59,"['4062762926_1', '4062762926_2']","['https://inaturalist-open-data.s3.amazonaws.com/photos/260108864/original.jpg', 'https://inaturalist-open-data.s3.amazonaws.com/photos/260108939/original.jpg']"
4062805958,43.674143,3.672342,2016-07-15T11:52,"['4062805958_1', '4062805958_2']","['https://inaturalist-open-data.s3.amazonaws.com/photos/260108517/original.jpg', 'https://inaturalist-open-data.s3.amazonaws.com/photos/260108621/original.jpg']"
4062999018,43.674143,3.672342,2016-07-15T11:55,"['4062999018_1', '4062999018_2']","['https://inaturalist-open-data.s3.amazonaws.com/photos/260108690/original.jpg', 'https://inaturalist-open-data.s3.amazonaws.com/photos/260108792/original.jpg']"
4063041000,43.674143,3.672342,2016-07-15T12:02,"['4063041000_1', '4063041000_2']","['https://inaturalist-open-data.s3.amazonaws.com/photos/260109047/original.jpg', 'https://inaturalist-open-data.s3.amazonaws.com/photos/260109155/original.jpg']"
4063088960,43.674143,3.672342,2016-07-15T12:11,"['4063088960_1', '4063088960_2']","['https://inaturalist-open-data.s3.amazonaws.com/photos/260109217/original.jpg', 'https://inaturalist-open-data.s3.amazonaws.com/photos/260109314/original.jpg']"
4852113806,42.470719,1.792471,2016-07-20T12:05,['4852113806_1'],['https://inaturalist-open-data.s3.amazonaws.com/photos/369997846/original.jpg']
4923682636,45.88481,8.274686,2016-07-03T08:34,['4923682636_1'],['https://inaturalist-open-data.s3.amazonaws.com/photos/418544111/original.jpg']
4923844292,45.835899,8.296824,2016-07-03T11:52,['4923844292_1'],['https://inaturalist-open-data.s3.amazonaws.com/photos/418544137/original.jpg']
4923934548,46.771789,7.369028,2016-07-04T13:43,['4923934548_1'],['https://inaturalist-open-data.s3.amazonaws.com/photos/418544184/original.jpg']
4924049472,46.791183,7.395094,2016-07-04T13:59,"['4924049472_1', '4924049472_2']","['https://inaturalist-open-data.s3.amazonaws.com/photos/418544193/original.jpg', 'https://inaturalist-open-data.s3.amazonaws.com/photos/418544200/original.jpg']"
6151409384,44.811128,6.10901,2016-07-29,"['6151409384_1', '6151409384_2']","['https://observation.org/photos/142456188.jpg', 'https://observation.org/photos/142456189.jpg']"
1291674327,45.885863,10.837024,2016-08-05T15:22:14,['1291674327_1'],['https://inaturalist-open-data.s3.amazonaws.com/photos/4484212/original.jpg']
1305129161,46.328501,10.705443,2016-08-11,['1305129161_1'],['https://inaturalist-open-data.s3.amazonaws.com/photos/4532059/original.jpeg']
1305129171,46.328502,10.705443,2016-08-11T11:58,['1305129171_1'],['https://inaturalist-open-data.s3.amazonaws.com/photos/4532072/original.jpeg']
1305131563,45.839358,10.692867,2016-08-12T10:00,['1305131563_1'],['https://inaturalist-open-data.s3.amazonaws.com/photos/4542532/original.jpeg']
1305155031,45.05195,7.11644,2016-08-22T12:32:18,"['1305155031_1', '1305155031_2']","['https://inaturalist-open-data.s3.amazonaws.com/photos/4640465/original.jpeg', 'https://inaturalist-open-data.s3.amazonaws.com/photos/4640466/original.jpeg']"
1572356547,38.167602,15.835552,2016-08-17T16:13,['1572356547_1'],['https://inaturalist-open-data.s3.amazonaws.com/photos/8807674/original.png']
1831145408,45.879851,10.156689,2016-08-02T10:39,['1831145408_1'],['https://inaturalist-open-data.s3.amazonaws.com/photos/9975326/original.jpg']
1831161724,46.056495,11.615108,2016-08-15T12:34,['1831161724_1'],['https://inaturalist-open-data.s3.amazonaws.com/photos/13112149/original.jpg']
2283089911,45.1059,6.167053,2016-08-04T14:41,['2283089911_1'],['https://inaturalist-open-data.s3.amazonaws.com/photos/43526179/original.jpg']
2518017405,45.732779,10.939799,2016-08-07,"['2518017405_1', '2518017405_2']","['https://inaturalist-open-data.s3.amazonaws.com/photos/4778412/original.jpg', 'https://inaturalist-open-data.s3.amazonaws.com/photos/4778413/original.jpg']"
2529318619,46.323103,10.715727,2016-08-09T15:53,['2529318619_1'],['https://inaturalist-open-data.s3.amazonaws.com/photos/58146049/original.jpeg']
2550122631,45.293502,4.48121,2016-08-15T15:26,"['2550122631_1', '2550122631_2']","['https://inaturalist-open-data.s3.amazonaws.com/photos/57364250/original.jpeg', 'https://inaturalist-open-data.s3.amazonaws.com/photos/57364252/original.jpeg']"
2839965377,42.7,-0.55,2016-08-29,"['2839965377_1', '2839965377_2']","['https://observation.org/photos/13051040.jpg', 'https://observation.org/photos/13051041.jpg']"
3061549282,37.941134,14.671683,2016-08-06T10:45:58,['3061549282_1'],['https://inaturalist-open-data.s3.amazonaws.com/photos/116210013/original.jpeg']
4062863983,43.674143,3.672342,2016-08-26T11:56,['4062863983_1'],['https://inaturalist-open-data.s3.amazonaws.com/photos/260109400/original.jpg']
1315071951,41.915897,13.114453,2016-09-05,['1315071951_1'],['https://inaturalist-open-data.s3.amazonaws.com/photos/4902584/original.jpeg']
1453371744,45.167838,10.28038,2016-09-26T09:49,['1453371744_1'],['https://inaturalist-open-data.s3.amazonaws.com/photos/6096126/original.jpg']
1455577045,41.883389,13.465968,2016-09-27T11:45,['1455577045_1'],['https://inaturalist-open-data.s3.amazonaws.com/photos/6727387/original.jpg']
2619879589,41.931274,2.0235,2016-09-11T08:13,"['2619879589_1', '2619879589_2']","['https://inaturalist-open-data.s3.amazonaws.com/photos/70525842/original.jpg', 'https://inaturalist-open-data.s3.amazonaws.com/photos/70526409/original.jpg']"
2833039030,48.38811,2.515587,2016-09-18,['2833039030_1'],['https://observation.org/photos/14994938.jpg']
2843735023,42.9,-1.55,2016-09-04,"['2843735023_1', '2843735023_2', '2843735023_3', '2843735023_4', '2843735023_5']","['https://observation.org/photos/19046678.jpg', 'https://observation.org/photos/19046679.jpg', 'https://observation.org/photos/19046680.jpg', 'https://observation.org/photos/19046681.jpg', 'https://observation.org/photos/19046682.jpg']"
2860180015,41.808807,13.790082,2016-09-26T14:35,['2860180015_1'],['https://inaturalist-open-data.s3.amazonaws.com/photos/92796261/original.jpg']
4461206858,42.25,1.7,2016-09-11,['4461206858_1'],['https://observation.org/photos/79763806.jpg']
4462076798,42.3,2.0,2016-09-25,['4462076798_1'],['https://observation.org/photos/79763863.jpg']
4462444513,42.3,2.0,2016-09-25,['4462444513_1'],['https://observation.org/photos/79763862.jpg']
4462517642,42.45,0.3,2016-09-18,['4462517642_1'],['https://observation.org/photos/79765927.jpg']
1455580666,46.249959,8.217689,2016-10-26T14:07:56,['1455580666_1'],['https://inaturalist-open-data.s3.amazonaws.com/photos/6727530/original.jpg']
1563435771,45.151158,7.017068,2016-10-20T22:52:41,['1563435771_1'],['https://inaturalist-open-data.s3.amazonaws.com/photos/8105133/original.png']
1831123673,45.982731,11.269226,2016-10-19,['1831123673_1'],['https://inaturalist-open-data.s3.amazonaws.com/photos/5280744/original.jpeg']
2609194022,37.72966,15.091666,2016-10-24,['2609194022_1'],['https://inaturalist-open-data.s3.amazonaws.com/photos/67511197/original.jpeg']
3859723381,46.28255,11.54776,2016-10-26T13:47,['3859723381_1'],['https://inaturalist-open-data.s3.amazonaws.com/photos/205416185/original.jpeg']
3985648296,43.648422,3.615645,2016-10-21T12:06,['3985648296_1'],['https://inaturalist-open-data.s3.amazonaws.com/photos/243940396/original.jpg']
3985657168,43.674143,3.672342,2016-10-29T13:31,['3985657168_1'],['https://inaturalist-open-data.s3.amazonaws.com/photos/243823503/original.jpg']
3985703183,43.674143,3.672342,2016-10-31T14:14,['3985703183_1'],['https://inaturalist-open-data.s3.amazonaws.com/photos/243822423/original.jpg']
3985747202,43.648422,3.615645,2016-10-27T12:16,['3985747202_1'],['https://inaturalist-open-data.s3.amazonaws.com/photos/243947939/original.jpg']
3985798306,43.86006,3.36109,2016-10-27T17:06,['3985798306_1'],['https://inaturalist-open-data.s3.amazonaws.com/photos/243982403/original.jpg']
3985834350,43.674143,3.672342,2016-10-31T14:03,['3985834350_1'],['https://inaturalist-open-data.s3.amazonaws.com/photos/243976213/original.jpg']
3985867321,43.674143,3.672342,2016-10-14T15:02,['3985867321_1'],['https://inaturalist-open-data.s3.amazonaws.com/photos/243946416/original.jpg']
3985893331,43.674143,3.672342,2016-10-21T13:03,['3985893331_1'],['https://inaturalist-open-data.s3.amazonaws.com/photos/243947648/original.jpg']
3985946338,43.674143,3.672342,2016-10-29T12:47,['3985946338_1'],['https://inaturalist-open-data.s3.amazonaws.com/photos/243967700/original.jpg']
3986020268,43.674143,3.672342,2016-10-18T16:31,['3986020268_1'],['https://inaturalist-open-data.s3.amazonaws.com/photos/243947197/original.jpg']
3986197295,43.674143,3.672342,2016-10-14T14:37,['3986197295_1'],['https://inaturalist-open-data.s3.amazonaws.com/photos/243945832/original.jpg']
3986209284,43.674143,3.672342,2016-10-29T11:50,['3986209284_1'],['https://inaturalist-open-data.s3.amazonaws.com/photos/243967274/original.jpg']
3986257304,44.249824,4.348998,2016-10-07T16:03,['3986257304_1'],['https://inaturalist-open-data.s3.amazonaws.com/photos/243945435/original.jpg']
4067228578,44.746269,9.447904,2016-10-12T14:14:13,['4067228578_1'],['https://inaturalist-open-data.s3.amazonaws.com/photos/208992105/original.jpg']
4461357780,41.75,2.4,2016-10-15,['4461357780_1'],['https://observation.org/photos/79763997.jpg']
4461641966,41.75,2.4,2016-10-15,['4461641966_1'],['https://observation.org/photos/79763996.jpg']
4462084530,41.75,2.4,2016-10-15,['4462084530_1'],['https://observation.org/photos/79763993.jpg']
4607625364,44.695253,5.485029,2016-10-29T13:30:41,"['4607625364_1', '4607625364_2', '4607625364_3', '4607625364_4', '4607625364_5', '4607625364_6', '4607625364_7', '4607625364_8', '4607625364_9', '4607625364_10']","['https://inaturalist-open-data.s3.amazonaws.com/photos/363780804/original.jpeg', 'https://inaturalist-open-data.s3.amazonaws.com/photos/363780865/original.jpeg', 'https://inaturalist-open-data.s3.amazonaws.com/photos/363780911/original.jpeg', 'https://inaturalist-open-data.s3.amazonaws.com/photos/363780948/original.jpeg', 'https://inaturalist-open-data.s3.amazonaws.com/photos/363780998/original.jpeg', 'https://inaturalist-open-data.s3.amazonaws.com/photos/363781051/original.jpeg', 'https://inaturalist-open-data.s3.amazonaws.com/photos/363781100/original.jpeg', 'https://inaturalist-open-data.s3.amazonaws.com/photos/363781147/original.jpeg', 'https://inaturalist-open-data.s3.amazonaws.com/photos/363781193/original.jpeg', 'https://inaturalist-open-data.s3.amazonaws.com/photos/363781231/original.jpeg']"
3985762186,43.674143,3.672342,2016-11-17T12:27,['3985762186_1'],['https://inaturalist-open-data.s3.amazonaws.com/photos/243821858/original.jpg']
3985917333,43.674143,3.672342,2016-11-12T16:08,['3985917333_1'],['https://inaturalist-open-data.s3.amazonaws.com/photos/243976733/original.jpg']
3985933481,43.674143,3.672342,2016-11-19T15:54,['3985933481_1'],['https://inaturalist-open-data.s3.amazonaws.com/photos/244255872/original.jpg']
3986217259,43.674143,3.672342,2016-11-17T14:10,['3986217259_1'],['https://inaturalist-open-data.s3.amazonaws.com/photos/243946791/original.jpg']
3986265335,43.674143,3.672342,2016-11-16T14:53,['3986265335_1'],['https://inaturalist-open-data.s3.amazonaws.com/photos/243977088/original.jpg']
3986290307,43.674143,3.672342,2016-11-17T12:15,['3986290307_1'],['https://inaturalist-open-data.s3.amazonaws.com/photos/243977545/original.jpg']
3986326308,43.674143,3.672342,2016-11-12T16:04,['3986326308_1'],['https://inaturalist-open-data.s3.amazonaws.com/photos/243976480/original.jpg']
4459562510,41.95,-2.45,2016-12-10,['4459562510_1'],['https://observation.org/photos/79764268.jpg']
4460406316,41.95,-2.45,2016-12-10,['4460406316_1'],['https://observation.org/photos/79764266.jpg']
4461344782,41.95,-2.45,2016-12-10,['4461344782_1'],['https://observation.org/photos/79764267.jpg']
3986103210,43.674143,3.672342,2015-01-24T10:25,['3986103210_1'],['https://inaturalist-open-data.s3.amazonaws.com/photos/243821453/original.jpg']
3985695196,43.674143,3.672342,2015-02-19T14:19,['3985695196_1'],['https://inaturalist-open-data.s3.amazonaws.com/photos/243824849/original.jpg']
3985626227,43.833403,3.252253,2015-03-07T19:32,['3985626227_1'],['https://inaturalist-open-data.s3.amazonaws.com/photos/243814347/original.jpg']
1088935324,42.068729,12.645521,2015-04-01,['1088935324_1'],['https://inaturalist-open-data.s3.amazonaws.com/photos/1680080/original.JPG']
1831095703,46.618629,7.215334,2015-04-16T18:18,['1831095703_1'],['https://inaturalist-open-data.s3.amazonaws.com/photos/13800978/original.jpg']
2596042429,48.829242,5.553103,2015-04-18T17:29,['2596042429_1'],['https://inaturalist-open-data.s3.amazonaws.com/photos/64200921/original.jpeg']
2596079571,48.829242,5.553103,2015-04-18T17:44,['2596079571_1'],['https://inaturalist-open-data.s3.amazonaws.com/photos/64307157/original.jpeg']
2596223683,48.829242,5.553103,2015-04-18T16:52,['2596223683_1'],['https://inaturalist-open-data.s3.amazonaws.com/photos/64307173/original.jpeg']
4597123960,37.134437,15.020376,2015-04-22T13:53,['4597123960_1'],['https://inaturalist-open-data.s3.amazonaws.com/photos/358291696/original.jpeg']
4863485485,41.895901,12.973003,2015-04-15T10:10,['4863485485_1'],['https://inaturalist-open-data.s3.amazonaws.com/photos/380758817/original.jpeg']
1143561862,44.60367,8.724069,2015-05-23,['1143561862_1'],['https://inaturalist-open-data.s3.amazonaws.com/photos/2473552/original.jpg']
1838325172,45.88502,10.835706,2015-05-07T15:26,['1838325172_1'],['https://inaturalist-open-data.s3.amazonaws.com/photos/15318790/original.jpg']
2832569105,48.53,5.74,2015-05-24,['2832569105_1'],['https://observation.org/photos/8622084.jpg']
2839082086,48.7,5.72,2015-05-23,['2839082086_1'],['https://observation.org/photos/8643951.jpg']
4056205580,44.098019,7.505986,2015-05-09,['4056205580_1'],['https://observation.org/photos/49661897.jpg']
4155841267,44.213168,3.527696,2015-05-30,"['4155841267_1', '4155841267_2']","['https://observation.org/photos/63195876.jpg', 'https://observation.org/photos/63195933.jpg']"
4510367300,42.653282,-1.627471,2015-05-23T11:07:18,"['4510367300_1', '4510367300_2']","['https://inaturalist-open-data.s3.amazonaws.com/photos/344663930/original.jpeg', 'https://inaturalist-open-data.s3.amazonaws.com/photos/344663940/original.jpeg']"
4528039908,43.059384,11.291469,2015-05-01T17:33,['4528039908_1'],['https://inaturalist-open-data.s3.amazonaws.com/photos/353001912/original.jpeg']
1098918548,44.774116,7.041934,2015-06-22,"['1098918548_1', '1098918548_2']","['https://inaturalist-open-data.s3.amazonaws.com/photos/2033483/original.JPG', 'https://inaturalist-open-data.s3.amazonaws.com/photos/2033485/original.JPG']"
1211996486,42.681126,12.907047,2015-06-12,['1211996486_1'],['https://inaturalist-open-data.s3.amazonaws.com/photos/2643585/original.jpg']
1880492148,42.733578,12.515475,2015-06-05T09:00:59,['1880492148_1'],['https://inaturalist-open-data.s3.amazonaws.com/photos/19815817/original.jpg']
1898814765,45.813626,6.988193,2015-06-28T19:04,['1898814765_1'],['https://inaturalist-open-data.s3.amazonaws.com/photos/23461153/original.jpg']
2397518581,44.887045,0.399083,2015-06-23T12:26,"['2397518581_1', '2397518581_2', '2397518581_3']","['https://inaturalist-open-data.s3.amazonaws.com/photos/49041688/original.jpeg', 'https://inaturalist-open-data.s3.amazonaws.com/photos/49041681/original.jpeg', 'https://inaturalist-open-data.s3.amazonaws.com/photos/49041677/original.jpeg']"
2834570693,44.794445,0.32474,2015-06-23,"['2834570693_1', '2834570693_2']","['https://observation.org/photos/22347074.jpg', 'https://observation.org/photos/22347075.jpg']"
3070464578,42.402478,13.707534,2015-06-28T14:03,['3070464578_1'],['https://inaturalist-open-data.s3.amazonaws.com/photos/32017209/original.jpg']
3456541839,47.937429,7.264018,2015-06-27T19:11,['3456541839_1'],['https://inaturalist-open-data.s3.amazonaws.com/photos/174967704/original.jpeg']
4994048670,47.086066,7.12391,2015-06-05T11:41,['4994048670_1'],['https://inaturalist-open-data.s3.amazonaws.com/photos/454380301/original.jpeg']
1132407895,44.7705,7.0364,2015-07-17T10:17:52,"['1132407895_1', '1132407895_2']","['https://inaturalist-open-data.s3.amazonaws.com/photos/2153788/original.JPG', 'https://inaturalist-open-data.s3.amazonaws.com/photos/2153789/original.JPG']"
1134966182,44.67382,7.02917,2015-07-31T09:05:56,"['1134966182_1', '1134966182_2']","['https://inaturalist-open-data.s3.amazonaws.com/photos/2206904/original.JPG', 'https://inaturalist-open-data.s3.amazonaws.com/photos/2206905/original.JPG']"
1838320955,45.888351,10.835516,2015-07-28T07:42,['1838320955_1'],['https://inaturalist-open-data.s3.amazonaws.com/photos/15296336/original.jpg']
2596285334,45.380487,4.603935,2015-07-04T10:08,['2596285334_1'],['https://inaturalist-open-data.s3.amazonaws.com/photos/64722227/original.jpeg']
2839419500,45.663306,6.86494,2015-07-28,"['2839419500_1', '2839419500_2', '2839419500_3', '2839419500_4']","['https://observation.org/photos/9375099.jpg', 'https://observation.org/photos/9375105.jpg', 'https://observation.org/photos/9375109.jpg', 'https://observation.org/photos/9375113.jpg']"
2840117104,44.090763,7.34362,2015-07-30,"['2840117104_1', '2840117104_2', '2840117104_3']","['https://observation.org/photos/15458351.jpg', 'https://observation.org/photos/15458352.jpg', 'https://observation.org/photos/15458353.jpg']"
3070718063,45.772777,9.63207,2015-07-16T17:09,['3070718063_1'],['https://inaturalist-open-data.s3.amazonaws.com/photos/117968004/original.jpeg']
4462374551,42.75,-2.95,2015-07-18,['4462374551_1'],['https://observation.org/photos/79762362.jpg']
1135356260,45.896719,11.84505,2015-08-20T12:14:26,"['1135356260_1', '1135356260_2', '1135356260_3', '1135356260_4', '1135356260_5']","['https://inaturalist-open-data.s3.amazonaws.com/photos/2286570/original.jpg', 'https://inaturalist-open-data.s3.amazonaws.com/photos/2286612/original.jpg', 'https://inaturalist-open-data.s3.amazonaws.com/photos/2286645/original.jpg', 'https://inaturalist-open-data.s3.amazonaws.com/photos/2316350/original.jpg', 'https://inaturalist-open-data.s3.amazonaws.com/photos/2316351/original.jpg']"
1135526218,46.099521,11.272439,2015-08-21T15:49:38,['1135526218_1'],['https://inaturalist-open-data.s3.amazonaws.com/photos/2293890/original.jpg']
1135530375,44.91321,7.01582,2015-08-26T16:01:15,"['1135530375_1', '1135530375_2', '1135530375_3']","['https://inaturalist-open-data.s3.amazonaws.com/photos/2312778/original.JPG', 'https://inaturalist-open-data.s3.amazonaws.com/photos/2312786/original.JPG', 'https://inaturalist-open-data.s3.amazonaws.com/photos/2312787/original.JPG']"
1143525091,45.896596,11.845064,2015-08-27T11:36:21,"['1143525091_1', '1143525091_2', '1143525091_3', '1143525091_4']","['https://inaturalist-open-data.s3.amazonaws.com/photos/2316363/original.jpg', 'https://inaturalist-open-data.s3.amazonaws.com/photos/2316364/original.jpg', 'https://inaturalist-open-data.s3.amazonaws.com/photos/2316367/original.jpg', 'https://inaturalist-open-data.s3.amazonaws.com/photos/2316369/original.jpg']"
1143528305,44.097965,10.22762,2015-08-29T11:59:02,['1143528305_1'],['https://inaturalist-open-data.s3.amazonaws.com/photos/2328121/original.jpg']
1143535745,46.054914,10.935438,2015-08-08,['1143535745_1'],['https://inaturalist-open-data.s3.amazonaws.com/photos/2356822/original.jpg']
1269573956,43.09346,10.983039,2015-08-17,['1269573956_1'],['https://inaturalist-open-data.s3.amazonaws.com/photos/3762993/original.JPG']
1269573960,43.085562,10.983726,2015-08-17,['1269573960_1'],['https://inaturalist-open-data.s3.amazonaws.com/photos/3762967/original.jpg']
1562939820,41.934504,13.68631,2015-08-14T16:34,['1562939820_1'],['https://inaturalist-open-data.s3.amazonaws.com/photos/7814983/original.png']
2273232773,47.638271,1.412192,2015-08-14T16:02,"['2273232773_1', '2273232773_2', '2273232773_3']","['https://inaturalist-open-data.s3.amazonaws.com/photos/42631666/original.jpeg', 'https://inaturalist-open-data.s3.amazonaws.com/photos/42631675/original.jpeg', 'https://inaturalist-open-data.s3.amazonaws.com/photos/42631733/original.jpeg']"
2839391985,44.623159,6.515165,2015-08-29,['2839391985_1'],['https://observation.org/photos/9955032.jpg']
3079761309,44.097931,10.227932,2015-08-29T11:58:35,['3079761309_1'],['https://inaturalist-open-data.s3.amazonaws.com/photos/2328047/original.jpg']
3124572539,43.649423,1.376682,2015-08-18T11:42,['3124572539_1'],['https://inaturalist-open-data.s3.amazonaws.com/photos/130499033/original.jpeg']
3337627424,42.792474,1.756922,2015-08-03T21:31Z,"['3337627424_1', '3337627424_2', '3337627424_3']","['https://inaturalist-open-data.s3.amazonaws.com/photos/150213059/original.jpeg', 'https://inaturalist-open-data.s3.amazonaws.com/photos/150213185/original.jpeg', 'https://inaturalist-open-data.s3.amazonaws.com/photos/150213178/original.jpeg']"
4460196217,42.8,-2.75,2015-08-29,['4460196217_1'],['https://observation.org/photos/79762544.jpg']
4460202046,42.8,-2.75,2015-08-29,['4460202046_1'],['https://observation.org/photos/79762543.jpg']
1143550049,44.76807,7.06601,2015-09-20T10:00:33,"['1143550049_1', '1143550049_2', '1143550049_3']","['https://inaturalist-open-data.s3.amazonaws.com/photos/2416320/original.JPG', 'https://inaturalist-open-data.s3.amazonaws.com/photos/2416324/original.JPG', 'https://inaturalist-open-data.s3.amazonaws.com/photos/2416325/original.JPG']"
1144279446,44.600454,8.807212,2015-09-02,['1144279446_1'],['https://inaturalist-open-data.s3.amazonaws.com/photos/2499636/original.JPG']
3985607106,43.86006,3.36109,2015-09-26T17:39,['3985607106_1'],['https://inaturalist-open-data.s3.amazonaws.com/photos/243697624/original.jpg']
3985608110,43.86006,3.36109,2015-09-26T16:30,['3985608110_1'],['https://inaturalist-open-data.s3.amazonaws.com/photos/243697257/original.jpg']
3985619103,43.86006,3.36109,2015-09-25T13:57,['3985619103_1'],['https://inaturalist-open-data.s3.amazonaws.com/photos/243700497/original.jpg']
3985628081,43.86006,3.36109,2015-09-25T17:29,['3985628081_1'],['https://inaturalist-open-data.s3.amazonaws.com/photos/243699939/original.jpg']
3985669078,43.86006,3.36109,2015-09-10T13:10,['3985669078_1'],['https://inaturalist-open-data.s3.amazonaws.com/photos/243694691/original.jpg']
3985672020,43.86006,3.36109,2015-09-10T13:27,['3985672020_1'],['https://inaturalist-open-data.s3.amazonaws.com/photos/243695164/original.jpg']
3985673107,43.86006,3.36109,2015-09-23T16:53,['3985673107_1'],['https://inaturalist-open-data.s3.amazonaws.com/photos/243699256/original.jpg']
3985739215,43.674143,3.672342,2015-09-13T10:19,['3985739215_1'],['https://inaturalist-open-data.s3.amazonaws.com/photos/243821034/original.jpg']
3986004102,43.86006,3.36109,2015-09-25T17:27,['3986004102_1'],['https://inaturalist-open-data.s3.amazonaws.com/photos/243699598/original.jpg']
3986013140,43.86006,3.36109,2015-09-10T16:09,['3986013140_1'],['https://inaturalist-open-data.s3.amazonaws.com/photos/243694315/original.jpg']
3986023083,43.86006,3.36109,2015-09-25T15:22,['3986023083_1'],['https://inaturalist-open-data.s3.amazonaws.com/photos/243696542/original.jpg']
3986083119,43.86006,3.36109,2015-09-10T14:04,['3986083119_1'],['https://inaturalist-open-data.s3.amazonaws.com/photos/243695589/original.jpg']
3986137097,43.86006,3.36109,2015-09-25T16:33,['3986137097_1'],['https://inaturalist-open-data.s3.amazonaws.com/photos/243701491/original.jpg']
3986155164,43.86006,3.36109,2015-09-25T13:52,['3986155164_1'],['https://inaturalist-open-data.s3.amazonaws.com/photos/243700803/original.jpg']
3986163075,43.86006,3.36109,2015-09-23T16:58,['3986163075_1'],['https://inaturalist-open-data.s3.amazonaws.com/photos/243701091/original.jpg']
3986209100,43.86006,3.36109,2015-09-25T17:21,['3986209100_1'],['https://inaturalist-open-data.s3.amazonaws.com/photos/243696973/original.jpg']
3986221105,43.86006,3.36109,2015-09-23T16:51,['3986221105_1'],['https://inaturalist-open-data.s3.amazonaws.com/photos/243698869/original.jpg']
4459567948,42.65,-1.4,2015-09-13,['4459567948_1'],['https://observation.org/photos/79780815.jpg']
4461000729,42.65,-1.4,2015-09-13,['4461000729_1'],['https://observation.org/photos/79780817.jpg']
4461719856,42.65,-1.4,2015-09-13,['4461719856_1'],['https://observation.org/photos/79780812.jpg']
4465464182,38.101357,12.795977,2015-09-30T15:53,"['4465464182_1', '4465464182_2']","['https://inaturalist-open-data.s3.amazonaws.com/photos/252958636/original.jpeg', 'https://inaturalist-open-data.s3.amazonaws.com/photos/252958712/original.jpeg']"
4863659070,45.983008,6.457573,2015-09-30,['4863659070_1'],['https://inaturalist-open-data.s3.amazonaws.com/photos/378934302/original.jpg']
1262385060,44.564006,8.775281,2015-10-22,['1262385060_1'],['https://inaturalist-open-data.s3.amazonaws.com/photos/3196078/original.jpg']
3985612135,43.86006,3.36109,2015-10-07T13:47,['3985612135_1'],['https://inaturalist-open-data.s3.amazonaws.com/photos/243702251/original.jpg']
3985630086,43.966851,3.405005,2015-10-07T16:41,['3985630086_1'],['https://inaturalist-open-data.s3.amazonaws.com/photos/243698505/original.jpg']
3985638171,43.674143,3.672342,2015-10-29T17:13,['3985638171_1'],['https://inaturalist-open-data.s3.amazonaws.com/photos/243828817/original.jpg']
3985639202,43.674143,3.672342,2015-10-29T13:12,['3985639202_1'],['https://inaturalist-open-data.s3.amazonaws.com/photos/243828448/original.jpg']
3985645081,43.86006,3.36109,2015-10-01T15:20,['3985645081_1'],['https://inaturalist-open-data.s3.amazonaws.com/photos/243701906/original.jpg']
3985658233,43.674143,3.672342,2015-10-25T16:06,['3985658233_1'],['https://inaturalist-open-data.s3.amazonaws.com/photos/243826361/original.jpg']
3985666159,43.674143,3.672342,2015-10-25T14:55,['3985666159_1'],['https://inaturalist-open-data.s3.amazonaws.com/photos/243825846/original.jpg']
3985687160,43.674143,3.672342,2015-10-28T16:25,['3985687160_1'],['https://inaturalist-open-data.s3.amazonaws.com/photos/243827338/original.jpg']
3985742208,43.674143,3.672342,2015-10-29T16:23,['3985742208_1'],['https://inaturalist-open-data.s3.amazonaws.com/photos/243827886/original.jpg']
3985750135,43.86006,3.36109,2015-10-01T15:08,['3985750135_1'],['https://inaturalist-open-data.s3.amazonaws.com/photos/243698026/original.jpg']
3985750232,43.648422,3.615645,2015-10-30T15:05,['3985750232_1'],['https://inaturalist-open-data.s3.amazonaws.com/photos/243830490/original.jpg']
3985753183,43.648422,3.615645,2015-10-30T16:14,['3985753183_1'],['https://inaturalist-open-data.s3.amazonaws.com/photos/243830847/original.jpg']
3986065201,43.674143,3.672342,2015-10-29T17:01,['3986065201_1'],['https://inaturalist-open-data.s3.amazonaws.com/photos/243829930/original.jpg']
3986089225,43.674143,3.672342,2015-10-24T14:35,['3986089225_1'],['https://inaturalist-open-data.s3.amazonaws.com/photos/243825436/original.jpg']
3986134189,43.674143,3.672342,2015-10-29T16:47,['3986134189_1'],['https://inaturalist-open-data.s3.amazonaws.com/photos/243829385/original.jpg']
3986151141,43.86006,3.36109,2015-10-07T14:02,['3986151141_1'],['https://inaturalist-open-data.s3.amazonaws.com/photos/243702769/original.jpg']
3986215205,43.674143,3.672342,2015-10-28T16:50,['3986215205_1'],['https://inaturalist-open-data.s3.amazonaws.com/photos/243826840/original.jpg']
1227729356,42.070704,12.645323,2015-11-21,"['1227729356_1', '1227729356_2', '1227729356_3']","['https://inaturalist-open-data.s3.amazonaws.com/photos/2691188/original.JPG', 'https://inaturalist-open-data.s3.amazonaws.com/photos/2691189/original.JPG', 'https://inaturalist-open-data.s3.amazonaws.com/photos/2691191/original.JPG']"
3985812324,43.648422,3.615645,2015-11-05T11:50,['3985812324_1'],['https://inaturalist-open-data.s3.amazonaws.com/photos/243939356/original.jpg']
3985893325,43.648422,3.615645,2015-11-05T11:32,['3985893325_1'],['https://inaturalist-open-data.s3.amazonaws.com/photos/243938942/original.jpg']
3985905343,43.674143,3.672342,2015-11-16T14:31,['3985905343_1'],['https://inaturalist-open-data.s3.amazonaws.com/photos/243939994/original.jpg']
3986136286,43.86006,3.36109,2015-11-29T10:28,"['3986136286_1', '3986136286_2']","['https://inaturalist-open-data.s3.amazonaws.com/photos/243984206/original.jpg', 'https://inaturalist-open-data.s3.amazonaws.com/photos/243984270/original.jpg']"
5908906633,46.30236,7.885959,2015-11-05T16:29,"['5908906633_1', '5908906633_2', '5908906633_3']","['https://inaturalist-open-data.s3.amazonaws.com/photos/596534075/original.jpg', 'https://inaturalist-open-data.s3.amazonaws.com/photos/596534084/original.jpg', 'https://inaturalist-open-data.s3.amazonaws.com/photos/596534224/original.jpg']"
3986300319,43.808517,3.335886,2015-12-23T16:29,['3986300319_1'],['https://inaturalist-open-data.s3.amazonaws.com/photos/243980075/original.jpg']
1831144868,46.022237,10.96899,2014-03-16T14:11,['1831144868_1'],['https://inaturalist-open-data.s3.amazonaws.com/photos/9839258/original.jpg']
4506303972,46.771747,5.895928,2014-03-20T11:04,['4506303972_1'],['https://inaturalist-open-data.s3.amazonaws.com/photos/342048897/original.jpg']
1065603861,45.527902,8.703668,2014-04-23,['1065603861_1'],['https://inaturalist-open-data.s3.amazonaws.com/photos/1527883/original.JPG']
3337847399,43.950254,3.21512,2014-04-09T16:32Z,['3337847399_1'],['https://inaturalist-open-data.s3.amazonaws.com/photos/150213297/original.jpeg']
4405501935,42.69416,0.224195,2014-04-18T09:35,"['4405501935_1', '4405501935_2']","['https://inaturalist-open-data.s3.amazonaws.com/photos/313929263/original.jpeg', 'https://inaturalist-open-data.s3.amazonaws.com/photos/313929317/original.jpeg']"
4885136489,42.520901,0.465275,2014-04-11,['4885136489_1'],['https://observation.org/photos/79759422.jpg']
5237683352,44.579092,7.188225,2014-04-06T14:05,['5237683352_1'],['https://inaturalist-open-data.s3.amazonaws.com/photos/542957015/original.jpg']
1500299628,43.21515,11.238928,2014-05-16T09:30,"['1500299628_1', '1500299628_2']","['https://inaturalist-open-data.s3.amazonaws.com/photos/7375576/original.jpg', 'https://inaturalist-open-data.s3.amazonaws.com/photos/7375577/original.jpg']"
2574110864,44.872302,7.034753,2014-05-10T11:56,['2574110864_1'],['https://inaturalist-open-data.s3.amazonaws.com/photos/61339822/original.jpg']
2802606228,44.054026,6.929924,2014-05-11T16:19,['2802606228_1'],['https://inaturalist-open-data.s3.amazonaws.com/photos/78519119/original.jpg']
3079792301,42.332438,10.302364,2014-05-18,"['3079792301_1', '3079792301_2']","['https://inaturalist-open-data.s3.amazonaws.com/photos/869334/original.JPG', 'https://inaturalist-open-data.s3.amazonaws.com/photos/869336/original.JPG']"
3124749543,45.386064,6.371069,2014-05-17T14:19,['3124749543_1'],['https://inaturalist-open-data.s3.amazonaws.com/photos/130492627/original.jpeg']
3872899991,42.333523,10.299386,2014-05-27T18:58,['3872899991_1'],['https://inaturalist-open-data.s3.amazonaws.com/photos/212476889/original.jpeg']
3985794453,42.41026,2.502584,2014-05-23T13:34,['3985794453_1'],['https://inaturalist-open-data.s3.amazonaws.com/photos/244131455/original.jpeg']
4006655082,42.985182,10.749594,2014-05-22T14:55,['4006655082_1'],['https://inaturalist-open-data.s3.amazonaws.com/photos/248217551/original.jpg']
4453784761,42.416164,2.499902,2014-05-23T13:30,"['4453784761_1', '4453784761_2', '4453784761_3', '4453784761_4', '4453784761_5', '4453784761_6', '4453784761_7', '4453784761_8']","['https://inaturalist-open-data.s3.amazonaws.com/photos/336516851/original.jpeg', 'https://inaturalist-open-data.s3.amazonaws.com/photos/336516847/original.jpeg', 'https://inaturalist-open-data.s3.amazonaws.com/photos/336516853/original.jpeg', 'https://inaturalist-open-data.s3.amazonaws.com/photos/336516879/original.jpeg', 'https://inaturalist-open-data.s3.amazonaws.com/photos/336516874/original.jpeg', 'https://inaturalist-open-data.s3.amazonaws.com/photos/336516877/original.jpeg', 'https://inaturalist-open-data.s3.amazonaws.com/photos/336516895/original.jpeg', 'https://inaturalist-open-data.s3.amazonaws.com/photos/336516894/original.jpeg']"
1065610920,44.774116,7.041934,2014-06-06,['1065610920_1'],['https://inaturalist-open-data.s3.amazonaws.com/photos/1553326/original.JPG']
1831144942,45.863919,10.82515,2014-06-06T12:27,['1831144942_1'],['https://inaturalist-open-data.s3.amazonaws.com/photos/9838638/original.jpg']
1901048346,42.697139,-0.061958,2014-06-14T21:54,['1901048346_1'],['https://inaturalist-open-data.s3.amazonaws.com/photos/24145414/original.jpg']
2609120106,44.616343,8.828288,2014-06-13,['2609120106_1'],['https://inaturalist-open-data.s3.amazonaws.com/photos/67640286/original.jpeg']
3124561693,42.706825,0.191948,2014-06-05T14:08,['3124561693_1'],['https://inaturalist-open-data.s3.amazonaws.com/photos/130493569/original.jpeg']
3720374727,42.6,-0.05,2014-06-04,"['3720374727_1', '3720374727_2']","['https://observation.org/photos/35083817.jpg', 'https://observation.org/photos/35083818.jpg']"
3720818474,42.65,0.05,2014-06-01,['3720818474_1'],['https://observation.org/photos/35084040.jpg']
4091526859,44.257329,3.114976,2014-06-12T10:39,['4091526859_1'],['https://inaturalist-open-data.s3.amazonaws.com/photos/267277526/original.jpg']
4091614823,44.270845,3.020475,2014-06-12T10:38,['4091614823_1'],['https://inaturalist-open-data.s3.amazonaws.com/photos/267277508/original.jpg']
4460751601,42.6,1.4,2014-06-08,['4460751601_1'],['https://observation.org/photos/79761552.jpg']
5844383367,45.863698,9.529555,2014-06-08T09:09,['5844383367_1'],['https://inaturalist-open-data.s3.amazonaws.com/photos/579221112/original.jpg']
1024196527,41.781029,13.409094,2014-07-20,['1024196527_1'],['https://inaturalist-open-data.s3.amazonaws.com/photos/1006869/original.jpg']
1831144864,45.799133,10.893243,2014-07-07T12:07,['1831144864_1'],['https://inaturalist-open-data.s3.amazonaws.com/photos/9838583/original.jpg']
2835515099,44.819564,5.571055,2014-07-15,['2835515099_1'],['https://observation.org/photos/7052888.jpg']
2840276396,45.015399,4.724057,2014-07-28,['2840276396_1'],['https://observation.org/photos/15493577.jpg']
3355413070,45.37344,6.710418,2014-07-06T08:53,['3355413070_1'],['https://inaturalist-open-data.s3.amazonaws.com/photos/153738488/original.jpeg']
3822378371,42.521315,1.962561,2014-07-12,['3822378371_1'],['https://observation.org/photos/7001130.jpg']
4921507695,42.811438,-0.504789,2014-07-16T09:23,"['4921507695_1', '4921507695_2']","['https://inaturalist-open-data.s3.amazonaws.com/photos/415450589/original.jpg', 'https://inaturalist-open-data.s3.amazonaws.com/photos/415450612/original.jpg']"
5154064594,44.700783,7.091328,2014-07-30T10:20,['5154064594_1'],['https://inaturalist-open-data.s3.amazonaws.com/photos/500948067/original.jpeg']
1065611010,44.996064,7.203531,2014-08-28,"['1065611010_1', '1065611010_2']","['https://inaturalist-open-data.s3.amazonaws.com/photos/1551428/original.JPG', 'https://inaturalist-open-data.s3.amazonaws.com/photos/1551429/original.JPG']"
1831144925,46.016635,11.308193,2014-08-09T16:40,['1831144925_1'],['https://inaturalist-open-data.s3.amazonaws.com/photos/9822301/original.jpg']
2423169335,42.799793,-0.42463,2014-08-14T11:35,"['2423169335_1', '2423169335_2']","['https://inaturalist-open-data.s3.amazonaws.com/photos/51991218/original.jpeg', 'https://inaturalist-open-data.s3.amazonaws.com/photos/51991220/original.jpeg']"
2573855394,45.859266,2.350837,2014-08-10T15:08,"['2573855394_1', '2573855394_2']","['https://inaturalist-open-data.s3.amazonaws.com/photos/61055807/original.jpg', 'https://inaturalist-open-data.s3.amazonaws.com/photos/61056035/original.jpg']"
2610947765,44.01937,6.524138,2014-08-07T17:54,['2610947765_1'],['https://inaturalist-open-data.s3.amazonaws.com/photos/68736881/original.jpeg']
2832474092,44.689507,5.494351,2014-08-06,['2832474092_1'],['https://observation.org/photos/7313520.jpg']
2963959568,47.431762,6.864413,2014-08-02T18:15,['2963959568_1'],['https://inaturalist-open-data.s3.amazonaws.com/photos/101578949/original.jpeg']
3698202572,42.329706,2.024279,2014-08-11T09:30:37,['3698202572_1'],['https://inaturalist-open-data.s3.amazonaws.com/photos/179811429/original.jpeg']
4459467436,42.85,-2.8,2014-08-17,['4459467436_1'],['https://observation.org/photos/79761434.jpg']
4460089442,42.6,0.1,2014-08-20,['4460089442_1'],['https://observation.org/photos/79760890.jpg']
4460184156,42.3,2.0,2014-08-11,['4460184156_1'],['https://observation.org/photos/79760488.jpg']
4460751600,42.85,-2.8,2014-08-17,['4460751600_1'],['https://observation.org/photos/79761432.jpg']
5134819290,42.307083,2.168025,2014-08-30T12:23,['5134819290_1'],['https://inaturalist-open-data.s3.amazonaws.com/photos/484416342/original.jpg']
6171147244,42.799729,-0.5179,2014-08-16T16:13,"['6171147244_1', '6171147244_2', '6171147244_3']","['https://inaturalist-open-data.s3.amazonaws.com/photos/618720085/original.jpg', 'https://inaturalist-open-data.s3.amazonaws.com/photos/618720080/original.jpg', 'https://inaturalist-open-data.s3.amazonaws.com/photos/618720082/original.jpg']"
6399712965,47.352397,1.75828,2014-08-04T10:15,['6399712965_1'],['https://inaturalist-open-data.s3.amazonaws.com/photos/679855994/original.jpg']
6480355487,47.352397,1.75828,2014-08-04T10:15,['6480355487_1'],['https://inaturalist-open-data.s3.amazonaws.com/photos/708042063/original.jpg']
1838361705,45.93002,10.87728,2014-09-21T20:51,['1838361705_1'],['https://inaturalist-open-data.s3.amazonaws.com/photos/15538994/original.jpg']
2235555794,42.609017,12.585553,2014-09-07T19:48:28,['2235555794_1'],['https://inaturalist-open-data.s3.amazonaws.com/photos/34081024/original.jpeg']
3031884884,44.946332,5.31711,2014-09-07T10:10,['3031884884_1'],['https://inaturalist-open-data.s3.amazonaws.com/photos/110130650/original.jpeg']
3079871788,44.161354,7.747064,2014-09-21T11:16,['3079871788_1'],['https://inaturalist-open-data.s3.amazonaws.com/photos/119217228/original.jpg']
3698102497,42.366453,1.588275,2014-09-26T11:08:52,['3698102497_1'],['https://inaturalist-open-data.s3.amazonaws.com/photos/179970842/original.jpeg']
3985827313,43.789336,3.453566,2014-09-30T16:42,['3985827313_1'],['https://inaturalist-open-data.s3.amazonaws.com/photos/244124784/original.jpg']
3985929426,43.79233,3.454002,2014-09-30T16:36,['3985929426_1'],['https://inaturalist-open-data.s3.amazonaws.com/photos/244124148/original.jpg']
3986322384,43.789336,3.453566,2014-09-06T10:09,['3986322384_1'],['https://inaturalist-open-data.s3.amazonaws.com/photos/244125405/original.jpg']
4459589850,42.65,0.55,2014-09-05,['4459589850_1'],['https://observation.org/photos/79760661.jpg']
4460342278,43.05,-3.6,2014-09-19,['4460342278_1'],['https://observation.org/photos/79760802.jpg']
4461000575,42.35,1.65,2014-09-26,['4461000575_1'],['https://observation.org/photos/79761056.jpg']
4461111681,43.05,-3.6,2014-09-19,['4461111681_1'],['https://observation.org/photos/79760803.jpg']
3985627278,43.839758,3.37036,2014-10-23T09:41,['3985627278_1'],['https://inaturalist-open-data.s3.amazonaws.com/photos/243815555/original.jpg']
3985831465,44.706047,-0.62966,2014-10-22T15:26,['3985831465_1'],['https://inaturalist-open-data.s3.amazonaws.com/photos/244252314/original.jpg']
3985842407,43.821053,3.536653,2014-10-08T13:52,['3985842407_1'],['https://inaturalist-open-data.s3.amazonaws.com/photos/244125896/original.jpg']
3986143200,43.674143,3.672342,2014-10-10T15:47,['3986143200_1'],['https://inaturalist-open-data.s3.amazonaws.com/photos/243820410/original.jpg']
4460126197,42.1,1.75,2014-10-11,['4460126197_1'],['https://observation.org/photos/79760904.jpg']
4461206824,42.25,2.6,2014-10-11,['4461206824_1'],['https://observation.org/photos/79760914.jpg']
4462444475,42.25,2.6,2014-10-11,['4462444475_1'],['https://observation.org/photos/79760913.jpg']
3985712187,43.674143,3.672342,2014-11-18T13:06,['3985712187_1'],['https://inaturalist-open-data.s3.amazonaws.com/photos/243822802/original.jpg']
891151614,45.777401,5.091133,2013-03-10,"['891151614_1', '891151614_2', '891151614_3', '891151614_4', '891151614_5', '891151614_6']","['https://inaturalist-open-data.s3.amazonaws.com/photos/327710/original.jpg', 'https://inaturalist-open-data.s3.amazonaws.com/photos/327711/original.jpg', 'https://inaturalist-open-data.s3.amazonaws.com/photos/327712/original.jpg', 'https://inaturalist-open-data.s3.amazonaws.com/photos/327713/original.jpg', 'https://inaturalist-open-data.s3.amazonaws.com/photos/327714/original.jpg', 'https://inaturalist-open-data.s3.amazonaws.com/photos/327715/original.jpg']"
3747066519,47.835381,2.754853,2013-03-31T12:46,"['3747066519_1', '3747066519_2', '3747066519_3']","['https://inaturalist-open-data.s3.amazonaws.com/photos/183333951/original.jpg', 'https://inaturalist-open-data.s3.amazonaws.com/photos/183334004/original.jpeg', 'https://inaturalist-open-data.s3.amazonaws.com/photos/183334014/original.jpg']"
6252288414,43.886414,3.025825,2013-03-31T13:54,['6252288414_1'],['https://inaturalist-open-data.s3.amazonaws.com/photos/652174497/original.jpg']
2451726527,45.420368,4.51096,2013-04-24T10:57,"['2451726527_1', '2451726527_2']","['https://inaturalist-open-data.s3.amazonaws.com/photos/55681809/original.jpg', 'https://inaturalist-open-data.s3.amazonaws.com/photos/55681902/original.jpg']"
2835747568,37.699502,15.053307,2013-04-26,"['2835747568_1', '2835747568_2', '2835747568_3', '2835747568_4']","['https://observation.org/photos/4703459.jpg', 'https://observation.org/photos/4703460.jpg', 'https://observation.org/photos/4703463.jpg', 'https://observation.org/photos/4703469.jpg']"
3355406928,47.260615,0.985361,2013-04-25T17:10Z,['3355406928_1'],['https://inaturalist-open-data.s3.amazonaws.com/photos/155343266/original.jpeg']
3985662193,43.885215,3.278548,2013-04-13T17:26,['3985662193_1'],['https://inaturalist-open-data.s3.amazonaws.com/photos/243810237/original.jpeg']
3985784185,43.83493,3.253707,2013-04-13T16:50,['3985784185_1'],['https://inaturalist-open-data.s3.amazonaws.com/photos/243813997/original.jpeg']
5022947666,42.76059,11.596964,2013-04-19T00:00,['5022947666_1'],['http://live.staticflickr.com/8124/8687116138_7dffb00d3c_b.jpg']
3759992972,41.453508,12.820307,2013-05-12T16:17,['3759992972_1'],['https://inaturalist-open-data.s3.amazonaws.com/photos/186372486/original.jpeg']
3903284500,43.671853,3.750348,2013-05-13T14:43:56,"['3903284500_1', '3903284500_2']","['https://inaturalist-open-data.s3.amazonaws.com/photos/227054831/original.jpeg', 'https://inaturalist-open-data.s3.amazonaws.com/photos/227054846/original.jpeg']"
3985773144,43.839758,3.37036,2013-05-09T16:18,['3985773144_1'],['https://inaturalist-open-data.s3.amazonaws.com/photos/243817608/original.jpeg']
3985885535,44.704054,-0.628748,2013-05-15,"['3985885535_1', '3985885535_2']","['https://inaturalist-open-data.s3.amazonaws.com/photos/244250864/original.jpeg', 'https://inaturalist-open-data.s3.amazonaws.com/photos/244251589/original.jpeg']"
3456380686,42.334964,2.598136,2013-06-27T12:04Z,['3456380686_1'],['https://inaturalist-open-data.s3.amazonaws.com/photos/172326094/original.jpeg']
4096752251,45.446933,1.13408,2013-06-12T12:39,['4096752251_1'],['https://inaturalist-open-data.s3.amazonaws.com/photos/269821719/original.jpg']
4461146402,42.3,2.55,2013-06-27,['4461146402_1'],['https://observation.org/photos/79758110.jpg']
4462582457,42.1,1.8,2013-06-02,['4462582457_1'],['https://observation.org/photos/79757928.jpg']
1802768149,44.471641,7.944978,2013-07-11,['1802768149_1'],['https://inaturalist-open-data.s3.amazonaws.com/photos/12695505/original.jpg']
2832345961,42.593533,1.5271,2013-07-25,"['2832345961_1', '2832345961_2']","['https://observation.org/photos/5309814.jpg', 'https://observation.org/photos/5309817.jpg']"
2832419032,46.500758,5.803961,2013-07-11,"['2832419032_1', '2832419032_2', '2832419032_3']","['https://observation.org/photos/5434881.jpg', 'https://observation.org/photos/5434889.jpg', 'https://observation.org/photos/5434896.jpg']"
2836254276,44.471581,7.945061,2013-07-11,['2836254276_1'],['https://observation.org/photos/10200686.jpg']
2838699102,46.456607,7.68908,2013-07-25,"['2838699102_1', '2838699102_2']","['https://observation.org/photos/5823975.jpg', 'https://observation.org/photos/5823976.jpg']"
2839240860,45.388286,6.759836,2013-07-27,['2839240860_1'],['https://observation.org/photos/5588421.jpg']
2840393100,45.458783,6.740137,2013-07-26,"['2840393100_1', '2840393100_2', '2840393100_3']","['https://observation.org/photos/5588754.jpg', 'https://observation.org/photos/5588757.jpg', 'https://observation.org/photos/5588759.jpg']"
3327734048,46.232954,8.193837,2013-07-09T11:59:40,"['3327734048_1', '3327734048_2']","['https://inaturalist-open-data.s3.amazonaws.com/photos/142716515/original.jpeg', 'https://inaturalist-open-data.s3.amazonaws.com/photos/142717053/original.jpeg']"
3986218207,43.834807,3.252505,2013-07-20T09:36,['3986218207_1'],['https://inaturalist-open-data.s3.amazonaws.com/photos/243815240/original.jpg']
4028675781,43.833585,3.251471,2013-07-20T09:29,['4028675781_1'],['https://inaturalist-open-data.s3.amazonaws.com/photos/253784941/original.jpeg']
4028679249,43.833565,3.25126,2013-07-20T09:25,['4028679249_1'],['https://inaturalist-open-data.s3.amazonaws.com/photos/253784491/original.jpeg']
4028707715,43.833551,3.251207,2013-07-20T09:22,['4028707715_1'],['https://inaturalist-open-data.s3.amazonaws.com/photos/253784362/original.jpeg']
4028738780,43.83367,3.251035,2013-07-20T09:33,['4028738780_1'],['https://inaturalist-open-data.s3.amazonaws.com/photos/253785401/original.jpeg']
4028795710,43.833539,3.251749,2013-07-20T09:27,['4028795710_1'],['https://inaturalist-open-data.s3.amazonaws.com/photos/253784769/original.jpeg']
4028866723,43.833618,3.250893,2013-07-20T09:20,['4028866723_1'],['https://inaturalist-open-data.s3.amazonaws.com/photos/253784202/original.jpeg']
4028946548,43.83357,3.251725,2013-07-20T09:31,['4028946548_1'],['https://inaturalist-open-data.s3.amazonaws.com/photos/253785098/original.jpeg']
4028994358,43.833492,3.251422,2013-07-20T09:32,['4028994358_1'],['https://inaturalist-open-data.s3.amazonaws.com/photos/253785246/original.jpeg']
4029128697,43.833601,3.251404,2013-07-20T09:26,['4029128697_1'],['https://inaturalist-open-data.s3.amazonaws.com/photos/253784617/original.jpeg']
4461649638,42.3,2.15,2013-07-13,['4461649638_1'],['https://observation.org/photos/79760927.jpg']
5837683360,42.448889,2.067447,2013-07-15T10:42,['5837683360_1'],['https://inaturalist-open-data.s3.amazonaws.com/photos/572014809/original.jpg']
6183423204,42.6,0.85,2013-07-22,['6183423204_1'],['https://observation.org/photos/145232146.jpg']
2842814263,44.608716,4.07597,2013-08-19,['2842814263_1'],['https://observation.org/photos/15513496.jpg']
3079650111,45.25335,4.548683,2013-08-31T18:22,['3079650111_1'],['https://inaturalist-open-data.s3.amazonaws.com/photos/119633625/original.jpeg']
3090677544,45.11439,5.444584,2013-08-15T16:02,['3090677544_1'],['https://inaturalist-open-data.s3.amazonaws.com/photos/120425758/original.jpeg']
6151095229,44.397267,6.493902,2013-08-18,"['6151095229_1', '6151095229_2', '6151095229_3', '6151095229_4']","['https://observation.org/photos/116683099.jpg', 'https://observation.org/photos/116683102.jpg', 'https://observation.org/photos/116683104.jpg', 'https://observation.org/photos/116683105.jpg']"
6163244651,42.813393,-0.50422,2013-08-07T17:12,['6163244651_1'],['https://inaturalist-open-data.s3.amazonaws.com/photos/617240888/original.jpg']
4029159837,43.833651,3.25122,2013-09-04T19:12,['4029159837_1'],['https://inaturalist-open-data.s3.amazonaws.com/photos/253785726/original.jpeg']
5134298127,44.415465,6.936369,2013-09-21T09:03,['5134298127_1'],['https://inaturalist-open-data.s3.amazonaws.com/photos/483864199/original.jpeg']
5154049116,44.369097,7.219759,2013-09-26T10:14,['5154049116_1'],['https://inaturalist-open-data.s3.amazonaws.com/photos/502292355/original.jpeg']
2835883176,42.4,-0.4,2013-10-14,"['2835883176_1', '2835883176_2']","['https://observation.org/photos/5701622.jpg', 'https://observation.org/photos/5701624.jpg']"
3985623157,43.884317,3.278598,2013-10-05T15:57,['3985623157_1'],['https://inaturalist-open-data.s3.amazonaws.com/photos/243810974/original.jpeg']
3985633152,43.884317,3.278598,2013-10-13T15:27,['3985633152_1'],['https://inaturalist-open-data.s3.amazonaws.com/photos/243812835/original.jpeg']
3985673184,43.884317,3.278598,2013-10-07T12:59,['3985673184_1'],['https://inaturalist-open-data.s3.amazonaws.com/photos/243812449/original.jpeg']
3985744195,43.884317,3.278598,2013-10-17T08:54,['3985744195_1'],['https://inaturalist-open-data.s3.amazonaws.com/photos/243813186/original.jpeg']
3986098104,43.884317,3.278598,2013-10-17T10:07,['3986098104_1'],['https://inaturalist-open-data.s3.amazonaws.com/photos/243813458/original.jpeg']
3986215194,43.884317,3.278598,2013-10-05T15:30,['3986215194_1'],['https://inaturalist-open-data.s3.amazonaws.com/photos/243811267/original.jpeg']
4096760273,45.443436,1.13656,2013-10-29T12:57,['4096760273_1'],['https://inaturalist-open-data.s3.amazonaws.com/photos/269814195/original.jpg']
4171391302,41.959711,12.43618,2013-10-01T12:34:26,['4171391302_1'],['https://inaturalist-open-data.s3.amazonaws.com/photos/2931513/original.jpg']
5008420461,45.920558,8.464917,2013-10-06T11:10,['5008420461_1'],['https://inaturalist-open-data.s3.amazonaws.com/photos/459265295/original.jpeg']
3985667192,43.884317,3.278598,2013-11-14T18:52,['3985667192_1'],['https://inaturalist-open-data.s3.amazonaws.com/photos/243812093/original.jpeg']
3985922238,43.696176,3.038537,2013-11-16T19:00,['3985922238_1'],['https://inaturalist-open-data.s3.amazonaws.com/photos/245395578/original.jpg']
3986029149,43.865339,3.274618,2013-11-07T12:30,['3986029149_1'],['https://inaturalist-open-data.s3.amazonaws.com/photos/243813659/original.jpeg']
3985792252,44.012029,3.023252,2012-02-16T18:19,['3985792252_1'],['https://inaturalist-open-data.s3.amazonaws.com/photos/245397894/original.jpeg']
4462066759,42.45,0.45,2012-03-31,['4462066759_1'],['https://observation.org/photos/79755612.jpg']
4921741015,48.938701,5.599096,2012-03-26T00:37,['4921741015_1'],['https://inaturalist-open-data.s3.amazonaws.com/photos/415375699/original.jpeg']
4921859075,49.118475,6.118018,2012-03-26T23:15,"['4921859075_1', '4921859075_2']","['https://inaturalist-open-data.s3.amazonaws.com/photos/415375817/original.jpeg', 'https://inaturalist-open-data.s3.amazonaws.com/photos/415375821/original.jpeg']"
6131585179,44.503659,5.543963,2012-03-14T15:46,"['6131585179_1', '6131585179_2', '6131585179_3', '6131585179_4']","['https://inaturalist-open-data.s3.amazonaws.com/photos/610950501/original.jpg', 'https://inaturalist-open-data.s3.amazonaws.com/photos/610950504/original.jpg', 'https://inaturalist-open-data.s3.amazonaws.com/photos/610950499/original.jpg', 'https://inaturalist-open-data.s3.amazonaws.com/photos/610950516/original.jpg']"
3874031526,47.979227,3.710932,2012-04-24T07:27,['3874031526_1'],['https://inaturalist-open-data.s3.amazonaws.com/photos/215585251/original.jpeg']
4462066775,41.7,2.25,2012-04-27,['4462066775_1'],['https://observation.org/photos/79757240.jpg']
4462482301,41.7,2.25,2012-04-27,['4462482301_1'],['https://observation.org/photos/79755923.jpg']
4921560887,42.771905,-3.779725,2012-04-29T03:28,['4921560887_1'],['https://inaturalist-open-data.s3.amazonaws.com/photos/415372223/original.jpeg']
3712598001,46.03645,5.587538,2012-05-08T14:53,['3712598001_1'],['https://inaturalist-open-data.s3.amazonaws.com/photos/182363986/original.jpeg']
3903555903,44.104912,1.628106,2012-05-30T13:12,['3903555903_1'],['https://inaturalist-open-data.s3.amazonaws.com/photos/226364633/original.jpeg']
4974173565,48.371772,2.373058,2012-05-13T14:53,['4974173565_1'],['https://inaturalist-open-data.s3.amazonaws.com/photos/444184091/original.jpeg']
2350429868,42.750465,11.459191,2012-06-23T17:10,"['2350429868_1', '2350429868_2']","['https://inaturalist-open-data.s3.amazonaws.com/photos/48153709/original.jpeg', 'https://inaturalist-open-data.s3.amazonaws.com/photos/48153966/original.jpeg']"
3456069236,42.631309,0.774736,2012-06-17T19:13,['3456069236_1'],['https://inaturalist-open-data.s3.amazonaws.com/photos/170982200/original.jpg']
3858968366,45.915173,6.847668,2012-06-02T15:20,['3858968366_1'],['https://inaturalist-open-data.s3.amazonaws.com/photos/211724003/original.jpg']
3881826596,46.395322,7.859244,2012-06-18T17:11,['3881826596_1'],['https://inaturalist-open-data.s3.amazonaws.com/photos/217508231/original.jpeg']
4606941571,46.043234,6.783059,2012-06-29T12:06,['4606941571_1'],['https://inaturalist-open-data.s3.amazonaws.com/photos/363111872/original.jpg']
5844548352,43.960629,6.270843,2012-06-22T20:13,['5844548352_1'],['https://inaturalist-open-data.s3.amazonaws.com/photos/580253137/original.jpg']
2841106088,42.5,0.95,2012-07-30,"['2841106088_1', '2841106088_2', '2841106088_3']","['https://observation.org/photos/3772355.jpg', 'https://observation.org/photos/3772356.jpg', 'https://observation.org/photos/3772358.jpg']"
1883525335,42.415091,1.287712,2012-08-30,"['1883525335_1', '1883525335_2', '1883525335_3', '1883525335_4', '1883525335_5', '1883525335_6', '1883525335_7', '1883525335_8', '1883525335_9', '1883525335_10', '1883525335_11']","['https://inaturalist-open-data.s3.amazonaws.com/photos/21340351/original.jpeg', 'https://inaturalist-open-data.s3.amazonaws.com/photos/21340388/original.jpeg', 'https://inaturalist-open-data.s3.amazonaws.com/photos/21340430/original.jpeg', 'https://inaturalist-open-data.s3.amazonaws.com/photos/21340465/original.jpeg', 'https://inaturalist-open-data.s3.amazonaws.com/photos/21340597/original.jpeg', 'https://inaturalist-open-data.s3.amazonaws.com/photos/21340660/original.jpeg', 'https://inaturalist-open-data.s3.amazonaws.com/photos/21340705/original.jpeg', 'https://inaturalist-open-data.s3.amazonaws.com/photos/21340741/original.jpeg', 'https://inaturalist-open-data.s3.amazonaws.com/photos/21340787/original.jpeg', 'https://inaturalist-open-data.s3.amazonaws.com/photos/21340815/original.jpeg', 'https://inaturalist-open-data.s3.amazonaws.com/photos/21340839/original.jpeg']"
3302008048,42.924105,1.134713,2012-08-14T12:56,['3302008048_1'],['https://inaturalist-open-data.s3.amazonaws.com/photos/133788755/original.jpeg']
3903031053,42.98822,0.977877,2012-08-14T12:58,['3903031053_1'],['https://inaturalist-open-data.s3.amazonaws.com/photos/228164952/original.jpeg']
4461869236,42.65,-2.35,2012-08-05,['4461869236_1'],['https://observation.org/photos/79756610.jpg']
5237983342,43.16962,10.542437,2012-08-24T18:06,['5237983342_1'],['https://inaturalist-open-data.s3.amazonaws.com/photos/542957019/original.jpg']
2529267522,45.304407,0.873831,2012-09-13T11:51,['2529267522_1'],['https://inaturalist-open-data.s3.amazonaws.com/photos/57993742/original.jpg']
3912482403,42.778711,-3.792164,2012-09-11T11:35,"['3912482403_1', '3912482403_2', '3912482403_3', '3912482403_4', '3912482403_5']","['https://inaturalist-open-data.s3.amazonaws.com/photos/231604142/original.jpeg', 'https://inaturalist-open-data.s3.amazonaws.com/photos/231604064/original.jpeg', 'https://inaturalist-open-data.s3.amazonaws.com/photos/231604122/original.jpeg', 'https://inaturalist-open-data.s3.amazonaws.com/photos/231604106/original.jpeg', 'https://inaturalist-open-data.s3.amazonaws.com/photos/231604086/original.jpeg']"
4921816209,49.1191,6.117755,2012-09-02T10:41,"['4921816209_1', '4921816209_2']","['https://inaturalist-open-data.s3.amazonaws.com/photos/415380448/original.jpeg', 'https://inaturalist-open-data.s3.amazonaws.com/photos/415380455/original.jpeg']"
1847550307,41.61242,14.280296,2012-10-12,['1847550307_1'],['https://inaturalist-open-data.s3.amazonaws.com/photos/18190517/original.jpg']
4459594754,43.05,-3.6,2012-10-11,['4459594754_1'],['https://observation.org/photos/79757306.jpg']
4461831119,43.05,-3.6,2012-10-10,['4461831119_1'],['https://observation.org/photos/79757267.jpg']
4462444433,43.05,-3.6,2012-10-11,['4462444433_1'],['https://observation.org/photos/79757268.jpg']
5134590154,44.324169,7.212057,2012-11-03T15:07,['5134590154_1'],['https://inaturalist-open-data.s3.amazonaws.com/photos/483861099/original.jpeg']
2835188981,46.798884,1.154079,2011-03-09,['2835188981_1'],['https://observation.org/photos/1896801.jpg']
4436276246,42.633663,2.06064,2011-03-01T14:31,"['4436276246_1', '4436276246_2', '4436276246_3', '4436276246_4']","['https://inaturalist-open-data.s3.amazonaws.com/photos/332176770/original.jpeg', 'https://inaturalist-open-data.s3.amazonaws.com/photos/332176759/original.jpeg', 'https://inaturalist-open-data.s3.amazonaws.com/photos/332176757/original.jpeg', 'https://inaturalist-open-data.s3.amazonaws.com/photos/332176765/original.jpeg']"
3988608247,45.418124,4.639363,2011-04-21T15:49,"['3988608247_1', '3988608247_2', '3988608247_3']","['https://inaturalist-open-data.s3.amazonaws.com/photos/246666171/original.jpeg', 'https://inaturalist-open-data.s3.amazonaws.com/photos/246666180/original.jpeg', 'https://inaturalist-open-data.s3.amazonaws.com/photos/246666186/original.jpeg']"
4461344651,42.6,-3.0,2011-04-17,['4461344651_1'],['https://observation.org/photos/79753460.jpg']
4462076745,42.25,2.6,2011-04-17,['4462076745_1'],['https://observation.org/photos/79753428.jpg']
5293222148,45.623518,12.958665,2011-04-09T09:44:42,['5293222148_1'],['https://inaturalist-open-data.s3.amazonaws.com/photos/551396239/original.jpg']
2835247059,45.97,2.42,2011-05-06,['2835247059_1'],['https://observation.org/photos/2147798.jpg']
3466162142,46.79603,7.205789,2011-05-22T11:53Z,['3466162142_1'],['https://inaturalist-open-data.s3.amazonaws.com/photos/177817806/original.jpg']
3466172504,46.701261,7.370154,2011-05-22T14:06Z,['3466172504_1'],['https://inaturalist-open-data.s3.amazonaws.com/photos/177817804/original.jpg']
3466208540,46.619381,7.201386,2011-05-22T14:04Z,['3466208540_1'],['https://inaturalist-open-data.s3.amazonaws.com/photos/177817800/original.jpg']
3466276547,46.641889,7.397776,2011-05-22T11:45Z,['3466276547_1'],['https://inaturalist-open-data.s3.amazonaws.com/photos/177817781/original.jpg']
4459599441,42.95,-3.25,2011-05-20,['4459599441_1'],['https://observation.org/photos/79757127.jpg']
2465355641,44.575878,8.269176,2011-06-25,['2465355641_1'],['https://inaturalist-open-data.s3.amazonaws.com/photos/57348702/original.jpg']
4460001873,42.55,1.0,2011-06-21,['4460001873_1'],['https://observation.org/photos/79754022.jpg']
4460347220,41.5,2.1,2011-06-20,['4460347220_1'],['https://observation.org/photos/79773293.jpg']
4921543817,46.721238,1.173353,2011-06-10T06:23,['4921543817_1'],['https://inaturalist-open-data.s3.amazonaws.com/photos/415348051/original.jpeg']
4921682434,46.87589,1.432787,2011-06-11T01:12,"['4921682434_1', '4921682434_2', '4921682434_3']","['https://inaturalist-open-data.s3.amazonaws.com/photos/415348161/original.jpeg', 'https://inaturalist-open-data.s3.amazonaws.com/photos/415348167/original.jpeg', 'https://inaturalist-open-data.s3.amazonaws.com/photos/415348166/original.jpeg']"
4921689455,46.721238,1.173353,2011-06-10T04:18,['4921689455_1'],['https://inaturalist-open-data.s3.amazonaws.com/photos/415348032/original.jpeg']
5007172378,45.692791,10.822472,2011-06-23T11:42,"['5007172378_1', '5007172378_2']","['https://inaturalist-open-data.s3.amazonaws.com/photos/457854214/original.jpeg', 'https://inaturalist-open-data.s3.amazonaws.com/photos/457854218/original.jpeg']"
1839216451,45.38791,5.734248,2011-07-29T15:26,['1839216451_1'],['https://inaturalist-open-data.s3.amazonaws.com/photos/15937481/original.jpeg']
1839216462,45.402079,5.735296,2011-07-29T15:25,['1839216462_1'],['https://inaturalist-open-data.s3.amazonaws.com/photos/15937577/original.jpeg']
1950011466,42.293903,1.892182,2011-07-31T14:53,"['1950011466_1', '1950011466_2', '1950011466_3', '1950011466_4']","['https://inaturalist-open-data.s3.amazonaws.com/photos/29033496/original.jpeg', 'https://inaturalist-open-data.s3.amazonaws.com/photos/29033499/original.jpeg', 'https://inaturalist-open-data.s3.amazonaws.com/photos/29033504/original.jpeg', 'https://inaturalist-open-data.s3.amazonaws.com/photos/29033506/original.jpeg']"
2610948983,42.66474,0.421838,2011-07-02T10:22,['2610948983_1'],['https://inaturalist-open-data.s3.amazonaws.com/photos/68736691/original.jpeg']
2851208340,46.456778,7.677066,2011-07-27,['2851208340_1'],['https://inaturalist-open-data.s3.amazonaws.com/photos/89464636/original.jpg']
3097013030,46.770782,7.397346,2011-07-12T12:04Z,"['3097013030_1', '3097013030_2', '3097013030_3', '3097013030_4']","['https://inaturalist-open-data.s3.amazonaws.com/photos/121591556/original.jpg', 'https://inaturalist-open-data.s3.amazonaws.com/photos/121591754/original.jpg', 'https://inaturalist-open-data.s3.amazonaws.com/photos/121591898/original.jpg', 'https://inaturalist-open-data.s3.amazonaws.com/photos/121592129/original.jpg']"
3355134414,45.581009,7.142822,2011-07-01T11:45Z,['3355134414_1'],['https://inaturalist-open-data.s3.amazonaws.com/photos/154333075/original.jpg']
3466127953,46.615507,7.295906,2011-07-12T12:04Z,['3466127953_1'],['https://inaturalist-open-data.s3.amazonaws.com/photos/177819152/original.jpg']
3466541031,46.729264,7.308729,2011-07-12T12:22Z,['3466541031_1'],['https://inaturalist-open-data.s3.amazonaws.com/photos/177820127/original.jpg']
4459951611,45.67584,7.311174,2011-07-15,['4459951611_1'],['https://observation.org/photos/79754370.jpg']
4461564999,45.67584,7.311174,2011-07-15,['4461564999_1'],['https://observation.org/photos/79754369.jpg']
2840472312,46.422165,7.822545,2011-08-14,['2840472312_1'],['https://observation.org/photos/2544498.jpg']
3728993730,42.65,0.05,2011-08-30,['3728993730_1'],['https://observation.org/photos/35786151.jpg']
6169872887,42.05,-2.7,2011-08-07,['6169872887_1'],['https://observation.org/photos/145007480.jpg']
3070347549,41.760164,12.796075,2011-09-01T17:59,['3070347549_1'],['https://inaturalist-open-data.s3.amazonaws.com/photos/30826912/original.jpg']
4516770084,42.983312,0.072609,2011-09-28T15:04,"['4516770084_1', '4516770084_2']","['https://inaturalist-open-data.s3.amazonaws.com/photos/347783404/original.jpg', 'https://inaturalist-open-data.s3.amazonaws.com/photos/347783408/original.jpg']"
3090955338,46.192257,1.226073,2011-10-17T17:33:40,"['3090955338_1', '3090955338_2', '3090955338_3']","['https://inaturalist-open-data.s3.amazonaws.com/photos/120181995/original.jpg', 'https://inaturalist-open-data.s3.amazonaws.com/photos/120182004/original.jpg', 'https://inaturalist-open-data.s3.amazonaws.com/photos/120182017/original.jpg']"
4461000509,42.9,-3.45,2011-10-12,['4461000509_1'],['https://observation.org/photos/79754802.jpg']
4875438838,45.790578,11.519573,2011-10-31T13:40,['4875438838_1'],['https://inaturalist-open-data.s3.amazonaws.com/photos/388683817/original.jpg']
5108285658,44.295299,7.429003,2011-12-08T13:48,['5108285658_1'],['https://inaturalist-open-data.s3.amazonaws.com/photos/480699115/original.jpeg']
2294522920,45.844268,6.196313,2010-03-29T05:01:34,['2294522920_1'],['https://inaturalist-open-data.s3.amazonaws.com/photos/45103957/original.jpeg']
2574244235,44.867671,7.039918,2010-04-05T12:35,['2574244235_1'],['https://inaturalist-open-data.s3.amazonaws.com/photos/60921364/original.jpg']
3912273431,43.143805,0.038529,2010-04-05T16:46,['3912273431_1'],['https://inaturalist-open-data.s3.amazonaws.com/photos/230597168/original.jpeg']
4405186916,45.183783,7.107012,2010-04-30T13:03,['4405186916_1'],['https://inaturalist-open-data.s3.amazonaws.com/photos/314268701/original.jpg']
4994447873,48.359552,2.805729,2010-04-18T14:39,['4994447873_1'],['https://inaturalist-open-data.s3.amazonaws.com/photos/455887208/original.jpeg']
5868094335,42.20739,1.947207,2010-04-24T08:57,"['5868094335_1', '5868094335_2']","['https://inaturalist-open-data.s3.amazonaws.com/photos/582192634/original.jpg', 'https://inaturalist-open-data.s3.amazonaws.com/photos/582193710/original.jpg']"
2838378597,43.269417,10.830596,2010-05-20,"['2838378597_1', '2838378597_2']","['https://observation.org/photos/1230229.jpg', 'https://observation.org/photos/1230232.jpg']"
4460136357,42.6,-3.0,2010-05-09,['4460136357_1'],['https://observation.org/photos/79751489.jpg']
1227736264,45.052825,7.084567,2010-06-22,"['1227736264_1', '1227736264_2']","['https://inaturalist-open-data.s3.amazonaws.com/photos/2715989/original.jpg', 'https://inaturalist-open-data.s3.amazonaws.com/photos/2715988/original.jpg']"
4459567654,42.7,-1.75,2010-06-30,['4459567654_1'],['https://observation.org/photos/79751968.jpg']
4459589753,42.7,-1.75,2010-06-30,['4459589753_1'],['https://observation.org/photos/79751966.jpg']
5108258782,44.154203,7.383253,2010-06-09T12:01,['5108258782_1'],['https://inaturalist-open-data.s3.amazonaws.com/photos/480765801/original.jpeg']
5920349071,45.995967,7.121564,2010-06-28T11:14,['5920349071_1'],['https://inaturalist-open-data.s3.amazonaws.com/photos/597558957/original.jpg']
6133473525,44.190607,7.703591,2010-06-14T14:25,"['6133473525_1', '6133473525_2']","['https://inaturalist-open-data.s3.amazonaws.com/photos/611440770/original.jpg', 'https://inaturalist-open-data.s3.amazonaws.com/photos/611440938/original.jpg']"
3455724072,44.746425,5.913796,2010-08-21T21:32,"['3455724072_1', '3455724072_2']","['https://inaturalist-open-data.s3.amazonaws.com/photos/172043002/original.jpeg', 'https://inaturalist-open-data.s3.amazonaws.com/photos/172043006/original.jpeg']"
4172168053,46.504459,8.633408,2010-08-25T15:21:28,"['4172168053_1', '4172168053_2']","['https://inaturalist-open-data.s3.amazonaws.com/photos/307683289/original.jpg', 'https://inaturalist-open-data.s3.amazonaws.com/photos/307683347/original.jpg']"
4921698677,46.089716,6.840446,2010-08-02T00:24,"['4921698677_1', '4921698677_2']","['https://inaturalist-open-data.s3.amazonaws.com/photos/415332655/original.jpeg', 'https://inaturalist-open-data.s3.amazonaws.com/photos/415332660/original.jpeg']"
5889650853,42.231734,13.39084,2010-08-23T09:08,['5889650853_1'],['https://inaturalist-open-data.s3.amazonaws.com/photos/586920765/original.jpg']
3985727234,43.839758,3.37036,2010-09-22T13:38,['3985727234_1'],['https://inaturalist-open-data.s3.amazonaws.com/photos/243817167/original.jpg']
4946593631,42.695156,0.127165,2010-10-03T13:26:32,['4946593631_1'],['https://inaturalist-open-data.s3.amazonaws.com/photos/427074638/original.jpeg']
4421084258,44.117074,7.307028,2009-01-01T04:00,['4421084258_1'],['https://inaturalist-open-data.s3.amazonaws.com/photos/324543092/original.jpeg']
3014093206,42.083797,11.962421,2009-03-08T12:55,['3014093206_1'],['https://inaturalist-open-data.s3.amazonaws.com/photos/108753827/original.jpeg']
3355719066,45.190849,5.61423,2009-03-14,"['3355719066_1', '3355719066_2']","['https://inaturalist-open-data.s3.amazonaws.com/photos/155560531/original.jpeg', 'https://inaturalist-open-data.s3.amazonaws.com/photos/155562011/original.jpeg']"
4459594685,42.8,-2.7,2009-03-12,['4459594685_1'],['https://observation.org/photos/79749901.jpg']
4461206677,42.8,-2.7,2009-03-12,['4461206677_1'],['https://observation.org/photos/79749896.jpg']
4461344607,42.8,-2.7,2009-03-12,['4461344607_1'],['https://observation.org/photos/79749898.jpg']
4461661124,42.8,-2.7,2009-03-12,['4461661124_1'],['https://observation.org/photos/79749893.jpg']
4461831024,42.8,-2.7,2009-03-12,['4461831024_1'],['https://observation.org/photos/79749894.jpg']
1265893246,45.448021,1.022721,2009-04-21T11:59:38,['1265893246_1'],['https://inaturalist-open-data.s3.amazonaws.com/photos/2757630/original.JPG']
1703230686,46.080035,10.955375,2009-05-17T15:03,['1703230686_1'],['https://inaturalist-open-data.s3.amazonaws.com/photos/12146836/original.jpg']
1831120499,46.079423,10.954914,2009-05-17,['1831120499_1'],['https://inaturalist-open-data.s3.amazonaws.com/photos/4778354/original.jpg']
3415794296,48.416673,2.518423,2009-05-24T16:22,"['3415794296_1', '3415794296_2', '3415794296_3', '3415794296_4']","['https://inaturalist-open-data.s3.amazonaws.com/photos/168266659/original.jpeg', 'https://inaturalist-open-data.s3.amazonaws.com/photos/168266628/original.jpeg', 'https://inaturalist-open-data.s3.amazonaws.com/photos/168266716/original.jpeg', 'https://inaturalist-open-data.s3.amazonaws.com/photos/168266892/original.jpeg']"
5108407689,44.273542,7.344386,2009-05-10T10:47,['5108407689_1'],['https://inaturalist-open-data.s3.amazonaws.com/photos/480704038/original.jpeg']
3097222719,46.531306,9.231008,2009-06-20T15:44Z,['3097222719_1'],['https://inaturalist-open-data.s3.amazonaws.com/photos/122522040/original.jpg']
3985835400,45.330229,6.690021,2009-06-23T14:50,"['3985835400_1', '3985835400_2']","['https://inaturalist-open-data.s3.amazonaws.com/photos/244043351/original.jpeg', 'https://inaturalist-open-data.s3.amazonaws.com/photos/244043427/original.jpeg']"
1211996533,43.178663,12.280183,2009-07-12,['1211996533_1'],['https://inaturalist-open-data.s3.amazonaws.com/photos/2643581/original.jpg']
1836656403,46.267255,12.355767,2009-07-12T12:28,['1836656403_1'],['https://inaturalist-open-data.s3.amazonaws.com/photos/14283107/original.jpeg']
2832084277,45.972002,2.785174,2009-07-06,['2832084277_1'],['https://observation.org/photos/812936.jpg']
2832142329,42.83,0.15,2009-07-26,['2832142329_1'],['https://observation.org/photos/838029.jpg']
2835886233,46.214523,5.862164,2009-07-22,['2835886233_1'],['https://observation.org/photos/15556531.jpg']
2836814194,46.21616,5.862583,2009-07-21,['2836814194_1'],['https://observation.org/photos/15556556.jpg']
4063009325,42.72147,1.297873,2009-07-13T09:22,['4063009325_1'],['https://inaturalist-open-data.s3.amazonaws.com/photos/260704210/original.jpeg']
4460196107,42.45,1.55,2009-07-15,['4460196107_1'],['https://observation.org/photos/79750289.jpg']
4460618278,42.45,1.55,2009-07-15,['4460618278_1'],['https://observation.org/photos/79750280.jpg']
5019672933,44.814724,6.195946,2009-07-20T00:00,['5019672933_1'],['http://live.staticflickr.com/2676/3769851046_1ba0efd4c1_b.jpg']
3902993201,41.767904,13.961466,2009-08-04T23:43,['3902993201_1'],['https://inaturalist-open-data.s3.amazonaws.com/photos/227821311/original.jpg']
4459295005,42.6,-0.3,2009-08-21,['4459295005_1'],['https://observation.org/photos/79751055.jpg']
4460458221,42.7,-0.5,2009-08-24,['4460458221_1'],['https://observation.org/photos/79758794.jpg']
5012940653,45.094124,3.521805,2009-08-17T00:00,['5012940653_1'],['http://live.staticflickr.com/7420/14073275553_04924b8cf6_b.jpg']
5104564817,44.191662,7.732009,2009-08-07T11:36,['5104564817_1'],['https://inaturalist-open-data.s3.amazonaws.com/photos/478613708/original.jpeg']
4460618285,41.7,2.45,2009-09-02,['4460618285_1'],['https://observation.org/photos/79750674.jpg']
4461864052,41.7,2.45,2009-09-02,['4461864052_1'],['https://observation.org/photos/79750673.jpg']
2423171759,42.692391,0.095958,2009-10-18T16:12,"['2423171759_1', '2423171759_2', '2423171759_3', '2423171759_4']","['https://inaturalist-open-data.s3.amazonaws.com/photos/51990957/original.jpg', 'https://inaturalist-open-data.s3.amazonaws.com/photos/51990963/original.jpg', 'https://inaturalist-open-data.s3.amazonaws.com/photos/51990964/original.jpg', 'https://inaturalist-open-data.s3.amazonaws.com/photos/51990965/original.jpg']"
3824828783,45.975529,2.42874,2008-05-07,['3824828783_1'],['https://observation.org/photos/1880900.jpg']
4459562365,42.9,-3.45,2008-05-04,['4459562365_1'],['https://observation.org/photos/79751266.jpg']
4921494498,48.942154,5.518839,2008-05-24T20:19,"['4921494498_1', '4921494498_2']","['https://inaturalist-open-data.s3.amazonaws.com/photos/415302266/original.jpeg', 'https://inaturalist-open-data.s3.amazonaws.com/photos/415302269/original.jpeg']"
4921769309,48.827655,5.480417,2008-05-24T20:02,"['4921769309_1', '4921769309_2']","['https://inaturalist-open-data.s3.amazonaws.com/photos/415302240/original.jpeg', 'https://inaturalist-open-data.s3.amazonaws.com/photos/415302255/original.jpeg']"
3985630298,43.784931,3.483776,2008-06-26T11:17,['3985630298_1'],['https://inaturalist-open-data.s3.amazonaws.com/photos/243984476/original.jpeg']
5063671699,47.919313,0.158315,2008-06-01T13:51,['5063671699_1'],['https://inaturalist-open-data.s3.amazonaws.com/photos/467177948/original.jpeg']
3985830442,42.631043,1.868748,2008-07-03T12:00,['3985830442_1'],['https://inaturalist-open-data.s3.amazonaws.com/photos/244135735/original.jpg']
3985860397,42.661099,1.863002,2008-07-03T12:10,['3985860397_1'],['https://inaturalist-open-data.s3.amazonaws.com/photos/244134702/original.jpg']
3985930542,42.723828,1.866987,2008-07-03T11:57,['3985930542_1'],['https://inaturalist-open-data.s3.amazonaws.com/photos/244248294/original.jpg']
3985933392,42.72928,1.807463,2008-07-03T12:22,['3985933392_1'],['https://inaturalist-open-data.s3.amazonaws.com/photos/244133822/original.jpg']
3985950440,42.659014,1.952928,2008-07-03T12:15,['3985950440_1'],['https://inaturalist-open-data.s3.amazonaws.com/photos/244135130/original.jpg']
3986269445,42.670787,1.936372,2008-07-03T12:12,['3986269445_1'],['https://inaturalist-open-data.s3.amazonaws.com/photos/244133523/original.jpg']
4056243235,46.799601,1.307749,2008-07-19,"['4056243235_1', '4056243235_2']","['https://observation.org/photos/56305512.jpg', 'https://observation.org/photos/56305513.jpg']"
4512399140,46.634016,7.808933,2008-07-20T11:06,"['4512399140_1', '4512399140_2']","['https://inaturalist-open-data.s3.amazonaws.com/photos/346554585/original.jpeg', 'https://inaturalist-open-data.s3.amazonaws.com/photos/346554857/original.jpeg']"
4919611553,46.775418,5.713034,2008-07-27T14:22,['4919611553_1'],['https://inaturalist-open-data.s3.amazonaws.com/photos/411804907/original.jpeg']
3337639495,44.45603,5.454475,2008-08-01T11:08,"['3337639495_1', '3337639495_2', '3337639495_3']","['https://inaturalist-open-data.s3.amazonaws.com/photos/124481462/original.jpeg', 'https://inaturalist-open-data.s3.amazonaws.com/photos/124481476/original.jpeg', 'https://inaturalist-open-data.s3.amazonaws.com/photos/124481487/original.jpeg']"
3986247548,42.761068,1.939729,2008-08-19T12:32,['3986247548_1'],['https://inaturalist-open-data.s3.amazonaws.com/photos/244249524/original.jpg']
4516903880,45.632032,11.4057,2008-08-16T12:07,"['4516903880_1', '4516903880_2']","['https://inaturalist-open-data.s3.amazonaws.com/photos/347832619/original.jpg', 'https://inaturalist-open-data.s3.amazonaws.com/photos/347832624/original.jpg']"
4946690982,43.89043,3.87879,2008-10-04T17:30,"['4946690982_1', '4946690982_2', '4946690982_3']","['https://inaturalist-open-data.s3.amazonaws.com/photos/430306271/original.jpg', 'https://inaturalist-open-data.s3.amazonaws.com/photos/430306274/original.jpg', 'https://inaturalist-open-data.s3.amazonaws.com/photos/430306279/original.jpg']"
4460922802,42.1,2.5,2008-11-08,['4460922802_1'],['https://observation.org/photos/79750374.jpg']
2465135757,44.765812,7.880794,2007-03-26,['2465135757_1'],['https://inaturalist-open-data.s3.amazonaws.com/photos/57348788/original.jpg']
3994095171,42.902632,-0.066195,2007-04-18T14:42,['3994095171_1'],['https://inaturalist-open-data.s3.amazonaws.com/photos/247483273/original.jpeg']
2844786436,48.829638,5.560334,2007-05-16,['2844786436_1'],['https://observation.org/photos/24378424.jpg']
4461709732,42.05,2.7,2007-05-16,['4461709732_1'],['https://observation.org/photos/79787242.jpg']
5238343009,47.699258,-0.069521,2007-05-01T13:23,['5238343009_1'],['https://inaturalist-open-data.s3.amazonaws.com/photos/541812700/original.jpg']
4910731639,42.472628,1.791013,2007-06-23T14:36,['4910731639_1'],['https://inaturalist-open-data.s3.amazonaws.com/photos/408856614/original.jpeg']
4919315600,46.213151,12.193861,2007-06-13T20:55,['4919315600_1'],['https://inaturalist-open-data.s3.amazonaws.com/photos/410915144/original.jpeg']
1935629879,45.945161,8.701661,2007-07-04T11:23,['1935629879_1'],['https://inaturalist-open-data.s3.amazonaws.com/photos/27929885/original.jpeg']
5063646538,48.991372,5.703633,2007-07-05T12:36,['5063646538_1'],['https://inaturalist-open-data.s3.amazonaws.com/photos/467180069/original.jpeg']
2836059945,45.233194,6.799537,2007-08-11,['2836059945_1'],['https://observation.org/photos/9919373.jpg']
4460369117,42.7,0.85,2007-08-13,['4460369117_1'],['https://observation.org/photos/79752293.jpg']
4535681789,46.913833,1.929714,2007-08-09T17:34,"['4535681789_1', '4535681789_2', '4535681789_3']","['https://inaturalist-open-data.s3.amazonaws.com/photos/354413107/original.jpeg', 'https://inaturalist-open-data.s3.amazonaws.com/photos/354413100/original.jpeg', 'https://inaturalist-open-data.s3.amazonaws.com/photos/354413096/original.jpeg']"
1847519874,41.701346,14.733169,2007-09-15T14:36,['1847519874_1'],['https://inaturalist-open-data.s3.amazonaws.com/photos/17973887/original.jpg']
3985696231,43.839758,3.37036,2007-10-22,['3985696231_1'],['https://inaturalist-open-data.s3.amazonaws.com/photos/243816585/original.jpeg']
3985788489,42.657804,2.129026,2007-10-08T16:38,['3985788489_1'],['https://inaturalist-open-data.s3.amazonaws.com/photos/244249045/original.jpg']
3985863522,43.611552,2.975597,2007-10-06T15:22,['3985863522_1'],['https://inaturalist-open-data.s3.amazonaws.com/photos/244255250/original.jpg']
3985928381,42.641056,1.84153,2007-10-01T10:06,"['3985928381_1', '3985928381_2']","['https://inaturalist-open-data.s3.amazonaws.com/photos/244132120/original.jpg', 'https://inaturalist-open-data.s3.amazonaws.com/photos/244133283/original.jpg']"
3986312519,42.680121,1.933969,2007-10-01T10:14,['3986312519_1'],['https://inaturalist-open-data.s3.amazonaws.com/photos/244248707/original.jpg']
1453051998,45.741605,5.345278,2006-05-31,['1453051998_1'],['https://inaturalist-open-data.s3.amazonaws.com/photos/488543364/original.jpeg']
3947634260,46.720839,1.173618,2006-05-14T10:41,['3947634260_1'],['https://inaturalist-open-data.s3.amazonaws.com/photos/238458571/original.jpg']
2832445409,42.6,-0.05,2006-06-12,['2832445409_1'],['https://observation.org/photos/4466975.jpg']
3455780725,46.382117,8.152141,2006-06-04T18:21:03,['3455780725_1'],['https://inaturalist-open-data.s3.amazonaws.com/photos/170306057/original.jpg']
4506369872,42.903616,1.534138,2006-06-18T13:54,['4506369872_1'],['https://inaturalist-open-data.s3.amazonaws.com/photos/342678128/original.jpeg']
4855026026,44.10191,5.368757,2006-06-16,"['4855026026_1', '4855026026_2']","['https://inaturalist-open-data.s3.amazonaws.com/photos/377109755/original.jpg', 'https://inaturalist-open-data.s3.amazonaws.com/photos/377109760/original.jpg']"
4855435555,43.007042,2.29478,2006-06-10T18:52,"['4855435555_1', '4855435555_2']","['https://inaturalist-open-data.s3.amazonaws.com/photos/377108507/original.jpg', 'https://inaturalist-open-data.s3.amazonaws.com/photos/377108505/original.jpeg']"
6151822816,42.8,-0.35,2006-07-12,['6151822816_1'],['https://observation.org/photos/143952959.jpg']
6159430543,42.80231,-0.33508,2006-07-12,['6159430543_1'],['https://inaturalist-open-data.s3.amazonaws.com/photos/614785448/original.jpg']
1883958466,45.857004,10.701187,2006-08-10,['1883958466_1'],['https://inaturalist-open-data.s3.amazonaws.com/photos/21942450/original.jpg']
2802891173,43.705593,6.854425,2006-08-13T15:24,['2802891173_1'],['https://inaturalist-open-data.s3.amazonaws.com/photos/78520306/original.jpeg']
2988476957,43.792073,3.825575,2006-08-14T12:29,['2988476957_1'],['https://inaturalist-open-data.s3.amazonaws.com/photos/104347213/original.jpeg']
3112601696,46.009236,10.928597,2006-08-26T01:46,['3112601696_1'],['https://inaturalist-open-data.s3.amazonaws.com/photos/126799960/original.png']
3985888545,43.611552,2.975597,2006-08-16T10:34,['3985888545_1'],['https://inaturalist-open-data.s3.amazonaws.com/photos/244254704/original.jpg']
3986134179,43.839758,3.37036,2006-08-04T10:38,['3986134179_1'],['https://inaturalist-open-data.s3.amazonaws.com/photos/243818263/original.jpg']
3407944893,45.625307,12.929233,2006-09-19T14:09,['3407944893_1'],['https://inaturalist-open-data.s3.amazonaws.com/photos/166603431/original.jpg']
3985699172,43.814494,3.395766,2005-03-17T20:44,['3985699172_1'],['https://inaturalist-open-data.s3.amazonaws.com/photos/243816079/original.jpg']
3985669170,43.839758,3.37036,2005-04-13T14:51,['3985669170_1'],['https://inaturalist-open-data.s3.amazonaws.com/photos/243819606/original.jpg']
3985688168,43.839758,3.37036,2005-04-13T14:54,['3985688168_1'],['https://inaturalist-open-data.s3.amazonaws.com/photos/243818606/original.jpg']
3986216160,43.839758,3.37036,2005-04-13T14:40,['3986216160_1'],['https://inaturalist-open-data.s3.amazonaws.com/photos/243818970/original.jpg']
4413701438,45.034135,6.823585,2005-04-30T11:19,['4413701438_1'],['https://inaturalist-open-data.s3.amazonaws.com/photos/319019060/original.jpeg']
6399319635,42.776711,0.742533,2005-04-30T15:52,"['6399319635_1', '6399319635_2', '6399319635_3', '6399319635_4']","['https://inaturalist-open-data.s3.amazonaws.com/photos/674515565/original.jpg', 'https://inaturalist-open-data.s3.amazonaws.com/photos/674515566/original.jpg', 'https://inaturalist-open-data.s3.amazonaws.com/photos/674515585/original.jpg', 'https://inaturalist-open-data.s3.amazonaws.com/photos/674515584/original.jpg']"
3859968485,43.967152,3.130251,2005-05-21T15:37,['3859968485_1'],['https://inaturalist-open-data.s3.amazonaws.com/photos/210162056/original.jpg']
3903210292,43.03206,1.921236,2005-05-19T22:32,['3903210292_1'],['https://inaturalist-open-data.s3.amazonaws.com/photos/226368531/original.jpeg']
3985687154,43.839758,3.37036,2005-05-20T10:16,['3985687154_1'],['https://inaturalist-open-data.s3.amazonaws.com/photos/243819246/original.jpg']
3985902210,45.946962,1.382248,2005-05-15,['3985902210_1'],['https://inaturalist-open-data.s3.amazonaws.com/photos/245401379/original.jpg']
3986303226,43.848695,3.363808,2005-05-20T08:54,['3986303226_1'],['https://inaturalist-open-data.s3.amazonaws.com/photos/245398743/original.jpg']
4597261233,44.274828,3.417091,2005-05-08T13:06,['4597261233_1'],['https://inaturalist-open-data.s3.amazonaws.com/photos/355723954/original.jpeg']
4945827166,44.99667,6.53172,2005-05-11T13:46,"['4945827166_1', '4945827166_2']","['https://inaturalist-open-data.s3.amazonaws.com/photos/428918732/original.jpg', 'https://inaturalist-open-data.s3.amazonaws.com/photos/428918730/original.jpg']"
3044840695,42.622825,0.898526,2005-06-27T17:35,"['3044840695_1', '3044840695_2']","['https://inaturalist-open-data.s3.amazonaws.com/photos/113514134/original.jpeg', 'https://inaturalist-open-data.s3.amazonaws.com/photos/113514143/original.jpeg']"
3044850768,42.622825,0.898526,2005-06-27T14:57,"['3044850768_1', '3044850768_2', '3044850768_3']","['https://inaturalist-open-data.s3.amazonaws.com/photos/113514116/original.jpeg', 'https://inaturalist-open-data.s3.amazonaws.com/photos/113514105/original.jpeg', 'https://inaturalist-open-data.s3.amazonaws.com/photos/113514129/original.jpeg']"
3455402758,46.011739,1.418426,2005-06-03,['3455402758_1'],['https://inaturalist-open-data.s3.amazonaws.com/photos/172430270/original.jpeg']
4021946669,43.045544,2.742185,2005-06-08T09:39,['4021946669_1'],['https://inaturalist-open-data.s3.amazonaws.com/photos/252502277/original.jpg']
1457590242,46.068101,10.856892,2005-07-01T20:47,['1457590242_1'],['https://inaturalist-open-data.s3.amazonaws.com/photos/6807921/original.jpg']
1978441281,46.57134,8.794797,2005-07-28T12:57,"['1978441281_1', '1978441281_2', '1978441281_3']","['https://inaturalist-open-data.s3.amazonaws.com/photos/29213873/original.jpeg', 'https://inaturalist-open-data.s3.amazonaws.com/photos/29213870/original.jpeg', 'https://inaturalist-open-data.s3.amazonaws.com/photos/29213876/original.jpeg']"
2832210629,42.90159,-0.22419,2005-08-08,['2832210629_1'],['https://observation.org/photos/1372538.jpg']
4424703729,45.632186,11.406454,2005-08-16T15:27,['4424703729_1'],['https://inaturalist-open-data.s3.amazonaws.com/photos/327003731/original.jpg']
3985643261,43.839758,3.37036,2005-09-20,['3985643261_1'],['https://inaturalist-open-data.s3.amazonaws.com/photos/243819886/original.jpg']
1805396422,48.182818,-0.127533,2004-04-24T15:46,['1805396422_1'],['https://inaturalist-open-data.s3.amazonaws.com/photos/12885036/original.jpg']
3903425225,43.024202,1.088961,2004-04-21T17:14,['3903425225_1'],['https://inaturalist-open-data.s3.amazonaws.com/photos/226371964/original.jpeg']
3903463575,43.001689,1.11927,2004-04-21T11:03,['3903463575_1'],['https://inaturalist-open-data.s3.amazonaws.com/photos/226371805/original.jpeg']
3985801351,43.691171,3.048244,2004-04-27,['3985801351_1'],['https://inaturalist-open-data.s3.amazonaws.com/photos/244130614/original.jpg']
3903476766,44.757816,2.926784,2004-05-03T12:51,['3903476766_1'],['https://inaturalist-open-data.s3.amazonaws.com/photos/228371565/original.jpeg']
3903057049,42.781964,0.095665,2004-06-25T17:32,['3903057049_1'],['https://inaturalist-open-data.s3.amazonaws.com/photos/226370317/original.jpeg']
4506501842,41.894292,15.365912,2004-06-17T23:45,['4506501842_1'],['https://inaturalist-open-data.s3.amazonaws.com/photos/342582943/original.jpeg']
4461782001,42.15,1.85,2004-07-10,['4461782001_1'],['https://observation.org/photos/79757740.jpg']
3124656787,43.791013,0.400161,2004-08-31T15:44,['3124656787_1'],['https://inaturalist-open-data.s3.amazonaws.com/photos/130653942/original.jpeg']
5134276697,46.312938,6.786108,2004-08-07,['5134276697_1'],['https://inaturalist-open-data.s3.amazonaws.com/photos/488469673/original.jpeg']
3986248418,43.789336,3.453566,2004-09-26T09:47,['3986248418_1'],['https://inaturalist-open-data.s3.amazonaws.com/photos/244123459/original.jpg']
3986308526,42.767906,1.880877,2004-09-05T07:17,['3986308526_1'],['https://inaturalist-open-data.s3.amazonaws.com/photos/244250026/original.jpg']
4414128358,45.23408,8.286437,2004-10-16T08:56,['4414128358_1'],['https://inaturalist-open-data.s3.amazonaws.com/photos/319018780/original.jpg']
3986324270,43.814643,3.380387,2004-11-03,['3986324270_1'],['https://inaturalist-open-data.s3.amazonaws.com/photos/245399495/original.jpg']
3903337006,45.944268,6.857884,2003-01-12T12:45:37,"['3903337006_1', '3903337006_2', '3903337006_3']","['https://inaturalist-open-data.s3.amazonaws.com/photos/228006298/original.jpeg', 'https://inaturalist-open-data.s3.amazonaws.com/photos/228006333/original.jpeg', 'https://inaturalist-open-data.s3.amazonaws.com/photos/228006362/original.jpeg']"
5063582145,45.604821,4.916468,2003-03-20T15:01,['5063582145_1'],['https://inaturalist-open-data.s3.amazonaws.com/photos/466637403/original.jpeg']
4465660704,44.163759,7.744625,2003-04-29T14:40,['4465660704_1'],['https://inaturalist-open-data.s3.amazonaws.com/photos/339402102/original.jpg']
4171515819,41.695535,13.69485,2003-05-27T11:00,['4171515819_1'],['https://inaturalist-open-data.s3.amazonaws.com/photos/304533465/original.jpg']
4599953745,45.490101,10.99281,2003-06-28,['4599953745_1'],['https://inaturalist-open-data.s3.amazonaws.com/photos/222405963/original.jpg']
5063282020,45.227332,6.734104,2003-06-01T12:26,['5063282020_1'],['https://inaturalist-open-data.s3.amazonaws.com/photos/465197794/original.jpeg']
5007415196,41.805358,13.788185,2003-07-24T15:11,['5007415196_1'],['https://inaturalist-open-data.s3.amazonaws.com/photos/458848455/original.jpeg']
2837759131,43.770195,6.331601,2003-08-07,['2837759131_1'],['https://observation.org/photos/531469.jpg']
5897401513,45.300219,7.080916,2003-08-26T15:54,['5897401513_1'],['https://inaturalist-open-data.s3.amazonaws.com/photos/592774976/original.jpg']
5007459243,45.997647,5.679073,2003-10-12T15:06,['5007459243_1'],['https://inaturalist-open-data.s3.amazonaws.com/photos/458237537/original.jpeg']
6413577559,45.299973,11.699143,2003-10-10T10:09,['6413577559_1'],['https://inaturalist-open-data.s3.amazonaws.com/photos/681972551/original.jpg']
2833348047,42.8,-1.0,2002-07-21,['2833348047_1'],['https://observation.org/photos/19047650.jpg']
6431493793,45.774143,6.866958,2002-12-24T01:30,"['6431493793_1', '6431493793_2', '6431493793_3']","['https://inaturalist-open-data.s3.amazonaws.com/photos/690902801/original.jpg', 'https://inaturalist-open-data.s3.amazonaws.com/photos/690903567/original.jpg', 'https://inaturalist-open-data.s3.amazonaws.com/photos/690903568/original.jpg']"
2988509018,42.849785,2.385208,2001-04-25,['2988509018_1'],['https://inaturalist-open-data.s3.amazonaws.com/photos/104347469/original.jpg']
3912229941,44.191109,4.503962,2001-07-23T14:20,"['3912229941_1', '3912229941_2', '3912229941_3', '3912229941_4']","['https://inaturalist-open-data.s3.amazonaws.com/photos/231189389/original.jpeg', 'https://inaturalist-open-data.s3.amazonaws.com/photos/231189403/original.jpeg', 'https://inaturalist-open-data.s3.amazonaws.com/photos/231189433/original.jpeg', 'https://inaturalist-open-data.s3.amazonaws.com/photos/231189454/original.jpeg']"
4436140995,42.6342,2.2551,2001-07-08,"['4436140995_1', '4436140995_2', '4436140995_3']","['https://inaturalist-open-data.s3.amazonaws.com/photos/332179888/original.jpeg', 'https://inaturalist-open-data.s3.amazonaws.com/photos/332179892/original.jpeg', 'https://inaturalist-open-data.s3.amazonaws.com/photos/332179891/original.jpeg']"
5827784631,44.366192,6.962034,2001-07-03T17:45,['5827784631_1'],['https://inaturalist-open-data.s3.amazonaws.com/photos/565428785/original.jpg']
5827784632,44.357895,6.95603,2001-09-06T17:48,"['5827784632_1', '5827784632_2']","['https://inaturalist-open-data.s3.amazonaws.com/photos/565429341/original.jpg', 'https://inaturalist-open-data.s3.amazonaws.com/photos/565432166/original.jpg']"
1702465264,46.13259,11.34094,2000-03-12T13:15,['1702465264_1'],['https://inaturalist-open-data.s3.amazonaws.com/photos/11623458/original.jpg']
4936091706,45.743685,10.710192,2000-05-01T13:35,['4936091706_1'],['https://inaturalist-open-data.s3.amazonaws.com/photos/425885059/original.jpeg']
2988477978,43.624034,3.660185,2000-08-22,['2988477978_1'],['https://inaturalist-open-data.s3.amazonaws.com/photos/104347312/original.jpg']
4855307641,43.794167,3.835556,2000-08-21,"['4855307641_1', '4855307641_2', '4855307641_3']","['https://inaturalist-open-data.s3.amazonaws.com/photos/377106537/original.jpg', 'https://inaturalist-open-data.s3.amazonaws.com/photos/377106539/original.jpg', 'https://inaturalist-open-data.s3.amazonaws.com/photos/377108293/original.jpg']"
3903290702,43.633766,2.846436,1999-08-14T10:13,"['3903290702_1', '3903290702_2', '3903290702_3', '3903290702_4']","['https://inaturalist-open-data.s3.amazonaws.com/photos/226816267/original.jpeg', 'https://inaturalist-open-data.s3.amazonaws.com/photos/226816271/original.jpeg', 'https://inaturalist-open-data.s3.amazonaws.com/photos/226816277/original.jpeg', 'https://inaturalist-open-data.s3.amazonaws.com/photos/226816282/original.jpeg']"
5063988809,45.796585,11.440978,1997-05-23,['5063988809_1'],['https://inaturalist-open-data.s3.amazonaws.com/photos/468652391/original.jpg']
5938543660,45.928026,6.851292,1997-05-01T12:00,['5938543660_1'],['https://inaturalist-open-data.s3.amazonaws.com/photos/604585708/original.jpg']
2832595241,46.342246,8.16659,1997-07-24,['2832595241_1'],['https://observation.org/photos/10115590.jpg']
2835748079,46.288694,7.780784,1996-05-03,['2835748079_1'],['https://observation.org/photos/5543534.jpg']
3698401716,44.237839,3.065785,1996-06-29T19:02,"['3698401716_1', '3698401716_2', '3698401716_3']","['https://inaturalist-open-data.s3.amazonaws.com/photos/180104169/original.jpeg', 'https://inaturalist-open-data.s3.amazonaws.com/photos/180104186/original.jpeg', 'https://inaturalist-open-data.s3.amazonaws.com/photos/180104202/original.jpeg']"
2843040810,46.10885,7.036285,1995-05-04,"['2843040810_1', '2843040810_2']","['https://observation.org/photos/12059740.jpg', 'https://observation.org/photos/12059741.jpg']"
3994176624,43.758568,3.141353,1995-05-15,['3994176624_1'],['https://inaturalist-open-data.s3.amazonaws.com/photos/245396199/original.jpg']
5104445133,43.123629,10.976397,1995-05-14,"['5104445133_1', '5104445133_2']","['https://inaturalist-open-data.s3.amazonaws.com/photos/478357805/original.jpg', 'https://inaturalist-open-data.s3.amazonaws.com/photos/478357943/original.jpg']"
3902414841,43.889986,3.744878,1995-06-21,"['3902414841_1', '3902414841_2', '3902414841_3']","['https://inaturalist-open-data.s3.amazonaws.com/photos/226648838/original.jpeg', 'https://inaturalist-open-data.s3.amazonaws.com/photos/226648858/original.jpeg', 'https://inaturalist-open-data.s3.amazonaws.com/photos/226648874/original.jpeg']"
3994253632,43.720793,3.606353,1995-08-20,['3994253632_1'],['https://inaturalist-open-data.s3.amazonaws.com/photos/245400571/original.jpg']
3902273876,43.597547,2.81165,1995-09-24T16:14,['3902273876_1'],['https://inaturalist-open-data.s3.amazonaws.com/photos/226648641/original.jpeg']
3985838421,43.730544,3.803885,1995-09-20,['3985838421_1'],['https://inaturalist-open-data.s3.amazonaws.com/photos/244126553/original.jpg']
3986242401,43.626567,3.133318,1994-04-20,['3986242401_1'],['https://inaturalist-open-data.s3.amazonaws.com/photos/244129478/original.jpg']
3985880271,43.688151,3.094197,1994-05-20,['3985880271_1'],['https://inaturalist-open-data.s3.amazonaws.com/photos/245394311/original.jpg']
3985907364,43.692764,3.027626,1994-05-20,['3985907364_1'],['https://inaturalist-open-data.s3.amazonaws.com/photos/244128176/original.jpg']
3986261421,43.611987,2.977883,1994-05-20,['3986261421_1'],['https://inaturalist-open-data.s3.amazonaws.com/photos/244252967/original.jpg']
3079557827,43.720416,12.032103,1994-11-03T00:56,['3079557827_1'],['https://inaturalist-open-data.s3.amazonaws.com/photos/75149669/original.png']
3985878519,43.614263,2.979159,1993-05-08,['3985878519_1'],['https://inaturalist-open-data.s3.amazonaws.com/photos/244253540/original.jpg']
3985784413,43.758995,3.137983,1993-07-20,['3985784413_1'],['https://inaturalist-open-data.s3.amazonaws.com/photos/244127247/original.jpg']
3986274191,43.730551,3.065241,1993-09-06,['3986274191_1'],['https://inaturalist-open-data.s3.amazonaws.com/photos/245397006/original.jpg']
3986251171,43.705059,3.012882,1992-03-07,['3986251171_1'],['https://inaturalist-open-data.s3.amazonaws.com/photos/245392435/original.jpg']
3985793425,43.635184,3.111079,1992-04-27,['3985793425_1'],['https://inaturalist-open-data.s3.amazonaws.com/photos/244128845/original.jpg']
3985816490,43.611552,2.975597,1992-08-15,['3985816490_1'],['https://inaturalist-open-data.s3.amazonaws.com/photos/244254036/original.jpg']
3923738560,44.263635,3.403649,1990-05-10,"['3923738560_1', '3923738560_2', '3923738560_3', '3923738560_4']","['https://inaturalist-open-data.s3.amazonaws.com/photos/234750119/original.jpeg', 'https://inaturalist-open-data.s3.amazonaws.com/photos/234750127/original.jpeg', 'https://inaturalist-open-data.s3.amazonaws.com/photos/234750144/original.jpeg', 'https://inaturalist-open-data.s3.amazonaws.com/photos/234750156/original.jpeg']"
3903113190,43.673533,3.713699,1989-06-13T16:45,"['3903113190_1', '3903113190_2', '3903113190_3', '3903113190_4', '3903113190_5']","['https://inaturalist-open-data.s3.amazonaws.com/photos/226641166/original.jpeg', 'https://inaturalist-open-data.s3.amazonaws.com/photos/226641177/original.jpeg', 'https://inaturalist-open-data.s3.amazonaws.com/photos/226641190/original.jpeg', 'https://inaturalist-open-data.s3.amazonaws.com/photos/226641200/original.jpeg', 'https://inaturalist-open-data.s3.amazonaws.com/photos/226641210/original.jpeg']"
3903482434,43.792689,3.831465,1989-08-01T12:57,"['3903482434_1', '3903482434_2', '3903482434_3', '3903482434_4', '3903482434_5', '3903482434_6', '3903482434_7']","['https://inaturalist-open-data.s3.amazonaws.com/photos/226639768/original.jpg', 'https://inaturalist-open-data.s3.amazonaws.com/photos/226639781/original.jpeg', 'https://inaturalist-open-data.s3.amazonaws.com/photos/226639795/original.jpeg', 'https://inaturalist-open-data.s3.amazonaws.com/photos/226639806/original.jpeg', 'https://inaturalist-open-data.s3.amazonaws.com/photos/226639816/original.jpeg', 'https://inaturalist-open-data.s3.amazonaws.com/photos/226639837/original.jpeg', 'https://inaturalist-open-data.s3.amazonaws.com/photos/226639849/original.jpeg']"
1052581155,42.69691,-0.112406,1988-06-28,['1052581155_1'],['https://static.inaturalist.org/photos/1382956/original.jpg']
3903459128,43.792691,3.831456,1988-07-16T17:03,"['3903459128_1', '3903459128_2', '3903459128_3', '3903459128_4', '3903459128_5']","['https://inaturalist-open-data.s3.amazonaws.com/photos/226634649/original.jpeg', 'https://inaturalist-open-data.s3.amazonaws.com/photos/226634668/original.jpeg', 'https://inaturalist-open-data.s3.amazonaws.com/photos/226634686/original.jpeg', 'https://inaturalist-open-data.s3.amazonaws.com/photos/226634704/original.jpeg', 'https://inaturalist-open-data.s3.amazonaws.com/photos/226634723/original.jpeg']"
4159095850,42.65,-0.15,1988-07-29,['4159095850_1'],['https://observation.org/photos/63100492.jpg']
3903224372,43.793371,3.833533,1988-08-04T17:03,"['3903224372_1', '3903224372_2', '3903224372_3', '3903224372_4', '3903224372_5', '3903224372_6', '3903224372_7']","['https://inaturalist-open-data.s3.amazonaws.com/photos/226634534/original.jpeg', 'https://inaturalist-open-data.s3.amazonaws.com/photos/226634546/original.jpeg', 'https://inaturalist-open-data.s3.amazonaws.com/photos/226634560/original.jpeg', 'https://inaturalist-open-data.s3.amazonaws.com/photos/226634576/original.jpeg', 'https://inaturalist-open-data.s3.amazonaws.com/photos/226634590/original.jpeg', 'https://inaturalist-open-data.s3.amazonaws.com/photos/226634611/original.jpeg', 'https://inaturalist-open-data.s3.amazonaws.com/photos/226634625/original.jpeg']"
4436435964,45.4685,3.4439,1988-08-23,"['4436435964_1', '4436435964_2', '4436435964_3', '4436435964_4', '4436435964_5', '4436435964_6', '4436435964_7', '4436435964_8']","['https://inaturalist-open-data.s3.amazonaws.com/photos/331750731/original.jpeg', 'https://inaturalist-open-data.s3.amazonaws.com/photos/331750734/original.jpeg', 'https://inaturalist-open-data.s3.amazonaws.com/photos/331750732/original.jpeg', 'https://inaturalist-open-data.s3.amazonaws.com/photos/331750743/original.jpeg', 'https://inaturalist-open-data.s3.amazonaws.com/photos/331750745/original.jpeg', 'https://inaturalist-open-data.s3.amazonaws.com/photos/331750747/original.jpeg', 'https://inaturalist-open-data.s3.amazonaws.com/photos/331750757/original.jpeg', 'https://inaturalist-open-data.s3.amazonaws.com/photos/331750758/original.jpeg']"
4162619335,42.831719,11.585771,1986-06-08,['4162619335_1'],['https://inaturalist-open-data.s3.amazonaws.com/photos/301552793/original.jpg']
3698244648,43.934639,3.039019,1985-05-26T15:09,"['3698244648_1', '3698244648_2', '3698244648_3']","['https://inaturalist-open-data.s3.amazonaws.com/photos/180101615/original.jpeg', 'https://inaturalist-open-data.s3.amazonaws.com/photos/180101622/original.jpeg', 'https://inaturalist-open-data.s3.amazonaws.com/photos/180101634/original.jpeg']"
2465315239,46.050739,11.047777,1985-09-08T16:37,['2465315239_1'],['https://inaturalist-open-data.s3.amazonaws.com/photos/57282331/original.jpg']
4926231894,42.613926,0.607567,1983-08-13,['4926231894_1'],['https://inaturalist-open-data.s3.amazonaws.com/photos/419641459/original.jpg']
6479831456,47.437923,2.049309,1970-01-01T01:00,['6479831456_1'],['https://inaturalist-open-data.s3.amazonaws.com/photos/710276478/original.jpg']
543686684,44.427869,8.618089,1964-04-13,['543686684_1'],['http://www.archive.org/stream/catalogueofdepar16unse#page/n337/mode/2up']
543642454,46.671528,-1.422633,1919,['543642454_1'],['http://www.archive.org/stream/catalogueofdepar10unse#page/n83/mode/2up']
543642456,46.671528,-1.422633,1919,['543642456_1'],['http://www.archive.org/stream/catalogueofdepar10unse#page/n83/mode/2up']
543642457,46.671528,-1.422633,1919,['543642457_1'],['http://www.archive.org/stream/catalogueofdepar10unse#page/n83/mode/2up']
543685895,45.833506,7.955564,,['543685895_1'],['http://www.archive.org/stream/catalogueofdepar16unse#page/n289/mode/2up']
