"photo_id","file","cluster","proportion","L","a","b","hex"
"1273855712_1","1273855712_1.png",1,0.5448,71.1677875896747,-1.43842154145245,8.30442141626388,"#B2AE9F"
"1273855712_1","1273855712_1.png",2,0.4552,56.9571211158432,-0.769548272405818,12.9143552365231,"#908872"
"1273855712_2","1273855712_2.png",1,0.7556,66.9313479870974,-1.31244401140287,4.7768295461039,"#A4A39A"
"1273855712_2","1273855712_2.png",2,0.2444,54.2177060482967,-0.724377804877077,9.89817675244274,"#878171"
"1291094995_1","1291094995_1.png",1,0.5102,53.8001584170548,-0.195944313018718,0.800876738818345,"#81817F"
"1291094995_1","1291094995_1.png",2,0.4898,78.0941128654453,-0.233169712238772,0.574163604813731,"#C1C1C0"
"1291105271_1","1291105271_1.png",1,0.626,70.5797731346565,0.803309356932477,2.54068869834309,"#B0ACA8"
"1291105271_1","1291105271_1.png",2,0.374,53.6931257276177,0.559118821443318,3.00315971307972,"#84807B"
"1305145619_1","1305145619_1.png",1,0.5842,55.0981017565785,-0.699538616493507,4.03683815218293,"#86847D"
"1305145619_1","1305145619_1.png",2,0.4158,86.4577164590523,-0.464426734447713,5.45593070290157,"#DCD8CE"
"1305145619_3","1305145619_3.png",1,0.501,49.3497410393764,3.44716216886919,6.67665759923106,"#80736A"
"1305145619_3","1305145619_3.png",2,0.499,81.622640867046,2.34248421055163,7.71351309620568,"#D5C9BD"
"1305145619_5","1305145619_5.png",1,0.5004,51.0057198664572,1.57982100037839,10.1617241246372,"#837868"
"1305145619_5","1305145619_5.png",2,0.4996,78.9801352437475,0.442167046082411,8.45067880780791,"#CBC3B4"
"1305145712_1","1305145712_1.png",1,0.6418,59.050387630664,5.91736504824925,-3.30056432179954,"#968B94"
"1305145712_1","1305145712_1.png",2,0.3582,83.626574130232,4.03392251026823,-0.578803027437713,"#D8CED2"
"1305145712_2","1305145712_2.png",1,0.7692,63.3540992196338,4.87731590440336,-4.10949940832302,"#9F97A1"
"1305145712_2","1305145712_2.png",2,0.2308,82.9135971853589,2.86928254058695,-3.24589976856461,"#D1CDD5"
"1305145750_1","1305145750_1.png",1,0.637,59.8260988051031,3.95172409037834,-2.018509381372,"#968E94"
"1305145750_1","1305145750_1.png",2,0.363,80.8109072484843,2.02626787883106,-0.753630301182413,"#CCC7CA"
"1305145750_2","1305145750_2.png",1,0.5548,72.2654664442037,2.18716450132202,1.30576477648001,"#B6B0AF"
"1305145750_2","1305145750_2.png",2,0.4452,53.8458233639275,4.36084466630374,0.506221035003024,"#897E80"
"1305145750_3","1305145750_3.png",1,0.5516,57.1876541968635,3.7555570300348,-3.10340698899483,"#8E878F"
"1305145750_3","1305145750_3.png",2,0.4484,77.4341918753881,1.58912617328567,-0.443571812916487,"#C2BEC0"
"1305145750_4","1305145750_4.png",1,0.6078,59.2917358233338,4.19424636585445,-2.54687929303638,"#948C93"
"1305145750_4","1305145750_4.png",2,0.3922,78.3972619716463,1.61995591024523,-0.146509753866975,"#C5C1C2"
"1305145750_5","1305145750_5.png",1,0.6596,59.7295362799555,4.13794227455245,-0.914819789646957,"#978E92"
"1305145750_5","1305145750_5.png",2,0.3404,83.168585850137,2.10894531326768,0.0386016860154664,"#D3CECF"
"1453525831_1","1453525831_1.png",1,0.5032,75.9022175951247,-0.989085075727316,3.31252422193387,"#BCBBB5"
"1453525831_1","1453525831_1.png",2,0.4968,54.139498540476,-1.75353552883458,5.75204293336672,"#838278"
"1562948422_1","1562948422_1.png",1,0.5386,76.4608234119651,0.231967414929959,5.94417118192698,"#C2BCB2"
"1562948422_1","1562948422_1.png",2,0.4614,49.9138007691316,-0.249072164572582,6.15510773783317,"#7B766C"
"1841222086_2","1841222086_2.png",1,0.6192,73.6586081341195,0.267549499771971,2.19109601341238,"#B7B5B1"
"1841222086_2","1841222086_2.png",2,0.3808,41.2530970122169,-0.00489309739068152,3.70948360329738,"#64615B"
"1841222284_1","1841222284_1.png",1,0.646,69.9941235203982,0.984721180471905,3.61477578724504,"#B0AAA5"
"1841222284_1","1841222284_1.png",2,0.354,46.371811733751,1.17245991774034,6.36784102783306,"#746D63"
"1841222284_2","1841222284_2.png",1,0.6194,70.8955056365601,0.797598992031854,3.7398118224973,"#B2ADA7"
"1841222284_2","1841222284_2.png",2,0.3806,48.8749324206816,0.97734276825679,4.79900625638088,"#79736C"
"1847509866_1","1847509866_1.png",1,0.678,71.2320943716554,2.06346676661527,2.77935871547863,"#B4ADA9"
"1847509866_1","1847509866_1.png",2,0.322,42.7606148119068,2.63902756683882,2.92606738056335,"#6B6360"
"1914344688_1","1914344688_1.png",1,0.5206,80.1394184817861,1.18590750631682,6.70699001863925,"#CEC6BA"
"1914344688_1","1914344688_1.png",2,0.4794,46.8680506585695,3.86955857693088,8.66561456023343,"#7B6C61"
"1914350345_1","1914350345_1.png",1,0.5034,81.7888329331916,1.47183744490475,-3.20305618175288,"#CBCBD1"
"1914350345_1","1914350345_1.png",2,0.4966,47.8684359829743,1.52517849066905,-2.3537575100943,"#727176"
"1920828637_1","1920828637_1.png",1,0.5658,55.8213043282767,2.15314593609302,-0.885608882337139,"#898587"
"1920828637_1","1920828637_1.png",2,0.4342,79.3246922056467,0.443298790775265,-0.889302283486406,"#C5C4C6"
"2242876293_1","2242876293_1.png",1,0.5666,76.6620472950134,0.548918994176103,-7.12608488896195,"#B8BDCA"
"2242876293_1","2242876293_1.png",2,0.4334,45.7357158341921,2.32167095486517,-7.17250912942975,"#6A6C78"
"2242876293_2","2242876293_2.png",1,0.519,79.9191887456076,0.625720376490455,-3.0244167990277,"#C5C6CC"
"2242876293_2","2242876293_2.png",2,0.481,46.3373552222112,6.32120599271248,-6.64532538852312,"#746B79"
"2242876293_3","2242876293_3.png",1,0.5366,79.8784952071151,-0.211213528517403,-1.83724369516795,"#C4C6C9"
"2242876293_3","2242876293_3.png",2,0.4634,42.4814856983801,0.465159900213932,0.0212044866338339,"#656464"
"2265841504_1","2265841504_1.png",1,0.578,74.0238899518859,2.88218788526487,4.34402016666991,"#BFB4AE"
"2265841504_1","2265841504_1.png",2,0.422,49.3926591267734,3.01973660919037,2.77207528361533,"#7D7471"
"2294556564_1","2294556564_1.png",1,0.5738,53.2067782241719,1.36673960650959,0.331776296135114,"#827E7F"
"2294556564_1","2294556564_1.png",2,0.4262,85.2993441606306,1.26580491882304,2.0095838928685,"#D9D4D1"
"2294623070_1","2294623070_1.png",1,0.5852,74.229690471766,0.625908863438865,3.97278406933474,"#BBB6AF"
"2294623070_1","2294623070_1.png",2,0.4148,45.5033040494341,2.65104534072371,8.49927397741539,"#766A5E"
"2294623070_2","2294623070_2.png",1,0.6106,72.9262154094707,0.496586191242517,2.85157044576408,"#B6B2AE"
"2294623070_2","2294623070_2.png",2,0.3894,38.4135899266996,2.60348589990588,6.08923552892986,"#635951"
"2311351179_3","2311351179_3.png",1,0.5296,76.2266117059019,-1.19617112764264,0.770172828837835,"#BABDBA"
"2311351179_3","2311351179_3.png",2,0.4704,49.7886834889636,1.17865048537493,3.15645332344771,"#7B7671"
"2331856825_1","2331856825_1.png",1,0.5234,56.5755207371557,4.0983664963763,8.39444551844779,"#958579"
"2331856825_1","2331856825_1.png",2,0.4766,74.3815138576771,2.79381027353196,7.22036257365312,"#C2B5AA"
"2423170381_1","2423170381_1.png",1,0.7228,69.5064314312281,-1.25776413723153,-3.06146599501971,"#A5ABAF"
"2423170381_1","2423170381_1.png",2,0.2772,47.0137385796395,-1.17996621757009,-4.50827872412249,"#6A7077"
"2429533552_1","2429533552_1.png",1,0.5792,77.6600109522092,0.35609276256574,-2.36244587612875,"#BFC0C4"
"2429533552_1","2429533552_1.png",2,0.4208,43.2410523325199,1.76442019134263,-1.25170277641301,"#686568"
"2540877950_1","2540877950_1.png",1,0.5486,77.1526504408387,0.210834968788428,6.06296048607563,"#C4BEB3"
"2540877950_1","2540877950_1.png",2,0.4514,46.0381880812001,0.791005352962311,7.92102699344394,"#746C60"
"2596186097_1","2596186097_1.png",1,0.7594,67.7175957693824,1.17176964168535,-0.111824758656995,"#A7A4A5"
"2596186097_1","2596186097_1.png",2,0.2406,33.5832604470203,4.76221362397533,2.83434906481577,"#584C4B"
"2596345329_1","2596345329_1.png",1,0.6904,71.3219041963162,0.32652045427901,5.08600707466592,"#B3AEA5"
"2596345329_1","2596345329_1.png",2,0.3096,32.7137254392624,1.78975808494582,8.68068873910068,"#554C3F"
"2596414004_1","2596414004_1.png",1,0.6424,72.1100247780855,1.80847738585674,4.35417000593302,"#B8AFA9"
"2596414004_1","2596414004_1.png",2,0.3576,39.1296203548355,4.44867361784856,0.0680646213991759,"#645A5C"
"2626232098_1","2626232098_1.png",1,0.6792,68.0593858018478,1.41583665311227,3.14442084869442,"#ABA5A0"
"2626232098_1","2626232098_1.png",2,0.3208,49.8971694625043,1.51140126883331,4.08191581268434,"#7C7670"
"2626232098_2","2626232098_2.png",1,0.771,67.0889531714927,1.40055122148453,1.24401525138549,"#A7A2A1"
"2626232098_2","2626232098_2.png",2,0.229,47.5393472298136,2.47463156512546,3.58215990151365,"#786F6B"
"2626232098_3","2626232098_3.png",1,0.6586,69.8215032886087,1.26356360760005,4.34533379859975,"#B0AAA3"
"2626232098_3","2626232098_3.png",2,0.3414,39.7366718360572,0.214382486873513,8.09102547159089,"#635D51"
"2634225844_1","2634225844_1.png",1,0.5984,77.2165870802075,0.689606070416465,0.503290169274445,"#C0BEBE"
"2634225844_1","2634225844_1.png",2,0.4016,40.5762241647549,3.50014719107061,-1.91184895316426,"#645E63"
"2802651884_1","2802651884_1.png",1,0.5618,73.9468875853675,1.06184749706993,3.79197518145006,"#BBB5AF"
"2802651884_1","2802651884_1.png",2,0.4382,51.6216592281376,2.87990907258101,7.1059956199817,"#85796F"
"2803141586_1","2803141586_1.png",1,0.5076,45.6745644043911,-4.3420972217554,0.395632680176388,"#656E6B"
"2803141586_1","2803141586_1.png",2,0.4924,85.6344445481497,-0.882841947556955,-1.13677032028244,"#D3D7D8"
"2813931993_1","2813931993_1.png",1,0.6668,71.2949037242233,3.68888539892859,11.6664666009937,"#BEAC9A"
"2813931993_1","2813931993_1.png",2,0.3332,30.7674782994837,7.6892358654688,9.17297853172061,"#59443A"
"2814207285_1","2814207285_1.png",1,0.5414,52.5007177843136,8.03349590816496,-4.04684822224521,"#887984"
"2814207285_1","2814207285_1.png",2,0.4586,86.1993325958329,1.71536975645039,2.20785670219778,"#DDD6D4"
"2814451974_1","2814451974_1.png",1,0.523,84.0846094419194,0.219705930318288,-0.390089589319687,"#D2D2D2"
"2814451974_1","2814451974_1.png",2,0.477,40.8954523181823,1.56570550927157,6.10610338922009,"#675F57"
"2814451974_2","2814451974_2.png",1,0.6118,74.9416405437622,1.18127853707584,-1.96570141511346,"#B9B8BC"
"2814451974_2","2814451974_2.png",2,0.3882,40.8051858012939,5.11449807965776,-0.656059341870789,"#685D61"
"2832244388_2","2832244388_2.png",1,0.5596,53.6942324544762,2.46658855377623,8.4639827215609,"#8B7E72"
"2832244388_2","2832244388_2.png",2,0.4404,83.7116674638484,2.00498454372875,8.27839402647167,"#DBCFC1"
"2832297733_1","2832297733_1.png",1,0.7752,69.7883493053706,4.27564723846592,13.6971002575249,"#BCA792"
"2832297733_1","2832297733_1.png",2,0.2248,33.8759925164472,5.18742332196709,6.95860033824715,"#5C4C45"
"2832297733_2","2832297733_2.png",1,0.6388,72.9635702372698,5.69648058115056,18.1903726047775,"#CAAE92"
"2832297733_2","2832297733_2.png",2,0.3612,44.2868782669485,6.11452355048081,16.8537452476785,"#7C644D"
"2832771397_1","2832771397_1.png",1,0.5818,70.6841168828162,4.91678481782251,6.04485145204645,"#BBAAA2"
"2832771397_1","2832771397_1.png",2,0.4182,53.4580146779787,5.98925357988295,5.80080356819698,"#8E7C76"
"2833006422_1","2833006422_1.png",1,0.767,67.7595152879448,3.7800221248796,1.97786157013048,"#AEA3A2"
"2833006422_1","2833006422_1.png",2,0.233,33.4651404655259,4.62267300984815,2.10061744752849,"#574C4C"
"2833408887_1","2833408887_1.png",1,0.6674,70.4954599756209,-1.65839896751395,-1.80809306079661,"#A8ADB0"
"2833408887_1","2833408887_1.png",2,0.3326,41.4210230405091,-0.137189490827696,-0.57665642951844,"#616263"
"2833408887_2","2833408887_2.png",1,0.677,69.6988778976393,0.663057691455743,-0.600309134862765,"#ABAAAB"
"2833408887_2","2833408887_2.png",2,0.323,40.8041693927499,4.15426574219652,4.57239668740546,"#6A5E59"
"2833524631_1","2833524631_1.png",1,0.8242,65.2304267916012,1.69261855412136,5.94995862311083,"#A69D94"
"2833524631_1","2833524631_1.png",2,0.1758,17.2516673232831,5.43012823906554,9.04018835675036,"#36271E"
"2833524631_2","2833524631_2.png",1,0.7152,67.9433206893619,0.853892717378971,5.48013241378414,"#ABA59C"
"2833524631_2","2833524631_2.png",2,0.2848,45.1604289809353,2.20973944483015,6.41548638332416,"#736960"
"2833524631_3","2833524631_3.png",1,0.6334,72.007146315952,2.11063253849309,4.27320557730007,"#B8AFA9"
"2833524631_3","2833524631_3.png",2,0.3666,36.5881908214862,4.88122430205556,6.71329609400957,"#62534C"
"2833524631_4","2833524631_4.png",1,0.7836,67.0910710577782,1.79791713342758,6.72379468069541,"#ACA297"
"2833524631_4","2833524631_4.png",2,0.2164,28.7167605449329,2.02958972353844,6.96556411202387,"#4B4239"
"2833524631_5","2833524631_5.png",1,0.6968,70.0554457212045,2.03060816988082,5.86171936082704,"#B4AAA1"
"2833524631_5","2833524631_5.png",2,0.3032,34.3585476374283,4.89661664919161,9.60646730586351,"#5E4E42"
"2833678504_1","2833678504_1.png",1,0.5372,80.9584296564246,0.14713088938813,5.79231767508153,"#CEC8BE"
"2833678504_1","2833678504_1.png",2,0.4628,45.8864077844564,-0.189311725596479,1.63387507243893,"#6E6D6A"
"2833678504_2","2833678504_2.png",1,0.5566,54.9757789027273,-0.709863230937075,-1.11692469817047,"#818485"
"2833678504_2","2833678504_2.png",2,0.4434,79.254006922346,1.12107867136438,3.58070777093895,"#C9C3BE"
"2833678504_3","2833678504_3.png",1,0.6328,71.356809966513,0.147137981118596,1.09715360210001,"#B0AFAD"
"2833678504_3","2833678504_3.png",2,0.3672,52.9709862827206,0.356316689277386,-1.98054901401681,"#7D7E82"
"2834004674_1","2834004674_1.png",1,0.6556,70.5879627158878,2.34030958813473,5.55322550851186,"#B5ABA3"
"2834004674_1","2834004674_1.png",2,0.3444,43.5746684822232,1.92164387348904,7.77395632018964,"#6F655A"
"2834024011_1","2834024011_1.png",1,0.5204,50.8810905785166,4.1166822762813,0.275844106815703,"#817779"
"2834024011_1","2834024011_1.png",2,0.4796,80.1276816890502,1.60614383149264,0.0988689757223635,"#CAC6C7"
"2834287499_1","2834287499_1.png",1,0.5606,58.3849204410432,0.171650340548388,1.03557326966647,"#8D8C8B"
"2834287499_1","2834287499_1.png",2,0.4394,75.6332531815547,0.279275206364632,0.834474746037689,"#BCBAB9"
"2834287499_2","2834287499_2.png",1,0.5444,54.0953316603386,0.227151868653585,2.67652708378749,"#84817D"
"2834287499_2","2834287499_2.png",2,0.4556,82.5424278949763,-0.295268684259736,2.14548654879032,"#CFCDC9"
"2834287499_3","2834287499_3.png",1,0.705,70.5228370719697,-0.24623160103164,3.34654669630083,"#AFACA6"
"2834287499_3","2834287499_3.png",2,0.295,37.2220167727852,-0.816350822316678,4.69408944992927,"#595850"
"2834396240_1","2834396240_1.png",1,0.5634,73.6622877452171,2.89322245875515,4.65506878802254,"#BEB3AD"
"2834396240_1","2834396240_1.png",2,0.4366,51.751899297665,3.45322936130742,4.84771851848905,"#857973"
"2834396240_2","2834396240_2.png",1,0.506,80.3444146222165,4.94539515668863,-0.527440355399802,"#D0C4C8"
"2834396240_2","2834396240_2.png",2,0.494,48.0797637046477,9.39177661763955,-1.17322019347516,"#816D74"
"2834396240_3","2834396240_3.png",1,0.5134,78.0836472746336,5.93091071483501,-2.004498656705,"#CBBEC5"
"2834396240_3","2834396240_3.png",2,0.4866,50.1274019808666,8.24284874191765,-2.95686353408914,"#83737C"
"2835481418_1","2835481418_1.png",1,0.594,71.4801844469473,-0.327955573805504,2.38694372410327,"#B0AFAB"
"2835481418_1","2835481418_1.png",2,0.406,49.8453079450567,2.45439169582874,11.6301925662117,"#827463"
"2835575781_1","2835575781_1.png",1,0.7802,67.9648999239913,3.59814706617405,10.3613883379605,"#B4A393"
"2835575781_1","2835575781_1.png",2,0.2198,38.4505700334428,5.61958233598503,11.4597913788219,"#6A5748"
"2835954585_1","2835954585_1.png",1,0.5238,52.7216622975293,2.55093408736691,6.6133042891821,"#877C73"
"2835954585_1","2835954585_1.png",2,0.4762,78.7502330813389,1.19162742580312,6.89809999399791,"#CBC2B6"
"2836142680_1","2836142680_1.png",1,0.5852,71.7244858247571,3.02331986920111,6.64041478202444,"#BAADA4"
"2836142680_1","2836142680_1.png",2,0.4148,51.2401373451729,3.4313197893559,6.4630180965704,"#85786F"
"2836488013_1","2836488013_1.png",1,0.7576,69.3138426185632,1.85085054310018,-0.324894748412532,"#ACA8AA"
"2836488013_1","2836488013_1.png",2,0.2424,42.2041205182453,7.17584087107176,12.9752480510795,"#775F4F"
"2836698957_1","2836698957_1.png",1,0.5198,77.3578916595128,-0.636454995365078,4.80518130661137,"#C2BFB6"
"2836698957_1","2836698957_1.png",2,0.4802,50.6087964295474,0.0653305496233461,5.81521298149282,"#7D786F"
"2837530780_1","2837530780_1.png",1,0.5798,58.0633705404581,13.399473784257,12.407244612379,"#AA8377"
"2837530780_1","2837530780_1.png",2,0.4202,80.2597602444688,8.05468270589527,1.0584936002361,"#D7C2C5"
"2838003582_1","2838003582_1.png",1,0.6548,70.8113129614691,-0.0448851485460901,8.27755705056918,"#B4AD9E"
"2838003582_1","2838003582_1.png",2,0.3452,44.59640115748,0.884545005241487,12.5749657278288,"#736855"
"2838003582_2","2838003582_2.png",1,0.5412,59.1806791348834,1.12439178744451,5.40240307653419,"#958D85"
"2838003582_2","2838003582_2.png",2,0.4588,72.4534920006496,1.04197269810382,7.28395681525419,"#B9B1A5"
"2838003582_3","2838003582_3.png",1,0.5732,60.884671077743,1.62401612625747,7.63887750908197,"#9B9186"
"2838003582_3","2838003582_3.png",2,0.4268,73.1923907290048,1.56993254266129,8.41272978971293,"#BDB2A4"
"2838360225_1","2838360225_1.png",1,0.561,59.2221986829815,3.00339067340531,-4.98078791486792,"#908D97"
"2838360225_1","2838360225_1.png",2,0.439,73.8439681657397,1.12796402122417,-4.12066854547057,"#B4B5BD"
"2838360225_2","2838360225_2.png",1,0.5068,56.9580850263303,2.5174649610257,-6.38377587890224,"#888894"
"2838360225_2","2838360225_2.png",2,0.4932,73.8109332094923,1.25035357249022,-4.32523772730625,"#B4B5BD"
"2838410839_1","2838410839_1.png",1,0.5704,57.0490644283441,0.66258575513642,3.77698135770371,"#8D8882"
"2838410839_1","2838410839_1.png",2,0.4296,81.0266530468784,0.175260874736495,2.4457558488089,"#CCC9C5"
"2838590780_1","2838590780_1.png",1,0.6238,57.5654580775291,2.32613104381057,-3.99745877441801,"#8B8991"
"2838590780_1","2838590780_1.png",2,0.3762,82.0312362251108,0.664057289293948,-1.73990622908744,"#CCCCCF"
"2838590780_2","2838590780_2.png",1,0.5258,81.0493388719461,0.0644109815037797,-0.241322683361877,"#C9C9CA"
"2838590780_2","2838590780_2.png",2,0.4742,45.9506082543711,0.996814732957906,-0.924054525959953,"#6E6C6E"
"2838708573_1","2838708573_1.png",1,0.5804,74.3049456317204,1.155497875832,10.9525899535604,"#C1B5A3"
"2838708573_1","2838708573_1.png",2,0.4196,47.3071446580076,-0.352551702426163,25.6776104791743,"#7E6F45"
"2838708573_2","2838708573_2.png",1,0.5568,76.3576593557502,1.00538439055489,11.1986956405445,"#C7BBA8"
"2838708573_2","2838708573_2.png",2,0.4432,49.2987493037682,-1.26229682830268,25.1371045022157,"#82754A"
"2838708573_3","2838708573_3.png",1,0.613,72.7409172784717,-0.611319851611609,-0.197071324914718,"#B1B3B3"
"2838708573_3","2838708573_3.png",2,0.387,53.8618425492643,-1.86230510127878,16.3382027379275,"#888165"
"2838720486_1","2838720486_1.png",1,0.5898,71.7810049621499,3.71480299241835,-12.1718299908286,"#ACAFC6"
"2838720486_1","2838720486_1.png",2,0.4102,47.3243853615456,10.5862389592842,-18.3475270099385,"#736C8F"
"2838990528_1","2838990528_1.png",1,0.5752,58.0308087788547,1.59387844771473,10.3086837889218,"#968A7A"
"2838990528_1","2838990528_1.png",2,0.4248,76.0039047165137,0.2988131229459,6.29543351234853,"#C1BBB0"
"2838990528_2","2838990528_2.png",1,0.5134,77.9406938307283,-0.208132223707627,6.53902233104219,"#C6C0B5"
"2838990528_2","2838990528_2.png",2,0.4866,51.1561988854658,1.90900270475847,9.92636888562638,"#847869"
"2839018597_1","2839018597_1.png",1,0.5934,74.0341257574975,-2.88427756766818,0.00232583405100569,"#B0B8B6"
"2839018597_1","2839018597_1.png",2,0.4066,46.8709388904999,-1.32100922897306,3.41028561190529,"#6F7069"
"2839444181_1","2839444181_1.png",1,0.651,73.0286961674563,2.95858807973132,3.22615819630084,"#BBB1AD"
"2839444181_1","2839444181_1.png",2,0.349,40.2029099670579,4.72871956653477,2.25266828427319,"#685C5B"
"2839578149_1","2839578149_1.png",1,0.5414,77.5386803969142,4.41558677704264,16.3385231643098,"#D3BCA2"
"2839578149_1","2839578149_1.png",2,0.4586,48.2147565528934,7.14591187731256,18.9333314621966,"#896D53"
"2839977756_1","2839977756_1.png",1,0.6492,70.4118940157263,1.99042571936106,5.41825361726143,"#B4ABA2"
"2839977756_1","2839977756_1.png",2,0.3508,46.3876181196553,4.66354825676559,6.05605848431336,"#7A6B64"
"2840030899_1","2840030899_1.png",1,0.6022,56.5456334819317,4.34921052415671,6.13167016481372,"#94857D"
"2840030899_1","2840030899_1.png",2,0.3978,85.1791885713046,2.03637386522195,6.98869832706549,"#DED3C8"
"2840030899_2","2840030899_2.png",1,0.5926,76.8991815816489,3.51865584844586,9.53313800343831,"#CCBBAC"
"2840030899_2","2840030899_2.png",2,0.4074,42.9548924196489,5.78850677425816,7.81114614080108,"#746259"
"2840076011_1","2840076011_1.png",1,0.6112,71.9219868607785,0.794120683803416,0.221709177211554,"#B2B0B0"
"2840076011_1","2840076011_1.png",2,0.3888,47.2402681350092,2.88617339779056,0.961882328079694,"#766E6E"
"2840273568_1","2840273568_1.png",1,0.6378,74.6201592691029,3.23971500667649,10.5640988383583,"#C6B5A4"
"2840273568_1","2840273568_1.png",2,0.3622,38.3200612372191,7.41775297615391,11.7332106130708,"#6D5548"
"2840273568_2","2840273568_2.png",1,0.5026,79.3932560705258,1.72051218463824,16.5811990496213,"#D4C3A6"
"2840273568_2","2840273568_2.png",2,0.4974,49.9500734757381,7.34390164182642,20.5152015561621,"#8F7154"
"2840273568_3","2840273568_3.png",1,0.5064,85.0929041001199,3.11489296781221,8.48599559890556,"#E1D2C5"
"2840273568_3","2840273568_3.png",2,0.4936,42.9239731805058,7.02099007142306,14.5056432942336,"#79614E"
"2840293658_1","2840293658_1.png",1,0.5576,55.1077878571471,1.37444389685807,8.38182311306013,"#8C8376"
"2840293658_1","2840293658_1.png",2,0.4424,80.2655785517659,2.46246529509964,10.6785417265367,"#D4C5B3"
"2841444526_1","2841444526_1.png",1,0.6098,58.8901535322684,1.83071622981564,4.36809430590727,"#948C86"
"2841444526_1","2841444526_1.png",2,0.3902,77.4983855501959,1.25924633843582,3.78106765418346,"#C5BEB9"
"2841934220_1","2841934220_1.png",1,0.6252,70.2693794084284,0.849543084641725,1.12014822476164,"#AEABAA"
"2841934220_1","2841934220_1.png",2,0.3748,37.9482814417795,2.27155911706182,2.28102003471199,"#5F5856"
"2841934220_2","2841934220_2.png",1,0.6566,69.6914958851449,2.53666183241762,7.18904511141264,"#B4A89D"
"2841934220_2","2841934220_2.png",2,0.3434,49.6703591690848,4.04232588703161,8.18316075928682,"#837368"
"2841934220_3","2841934220_3.png",1,0.5564,78.6405525589194,1.57235074482873,1.00457136041478,"#C6C2C1"
"2841934220_3","2841934220_3.png",2,0.4436,42.8918232864747,1.4973810955486,4.92309353192723,"#6B645D"
"2842202957_1","2842202957_1.png",1,0.548,48.8190384170788,1.7199115150216,10.5848346137476,"#7E7262"
"2842202957_1","2842202957_1.png",2,0.452,86.6546287389582,1.52652021229249,6.87188582543869,"#E1D7CC"
"2843102479_1","2843102479_1.png",1,0.5388,57.730112186633,1.00294152862155,12.7205224709021,"#958975"
"2843102479_1","2843102479_1.png",2,0.4612,73.5682792040187,-0.542095230207675,11.3327940541016,"#BCB4A0"
"2843416624_1","2843416624_1.png",1,0.5496,82.1143768575295,1.93588462726384,6.85155502768883,"#D5CBC0"
"2843416624_1","2843416624_1.png",2,0.4504,39.6750567932755,8.55664205195903,10.7820512953394,"#71584C"
"2843416624_2","2843416624_2.png",1,0.5628,52.166485532747,8.82294044635069,11.3079533768961,"#92776A"
"2843416624_2","2843416624_2.png",2,0.4372,88.7024354096075,2.35455739112234,6.30975267736891,"#E8DDD3"
"2843416624_3","2843416624_3.png",1,0.5414,76.8631399232184,1.9674880699112,4.87590212295484,"#C5BCB5"
"2843416624_3","2843416624_3.png",2,0.4586,45.7663022885156,6.84124305875265,9.84096869225194,"#7E685C"
"2843416624_4","2843416624_4.png",1,0.5026,52.1509813860705,5.85032347652018,2.67696060701255,"#887978"
"2843416624_4","2843416624_4.png",2,0.4974,78.4966562520395,4.98626601151027,2.83539585841502,"#CEBFBD"
"2843416624_5","2843416624_5.png",1,0.5464,81.8622758383401,1.98454191581601,6.79858568637686,"#D5CABF"
"2843416624_5","2843416624_5.png",2,0.4536,43.0905439336161,7.00069385985768,8.99021847567849,"#776157"
"2843755663_1","2843755663_1.png",1,0.506517016654598,75.1910747890725,0.619863183601962,2.61623068366882,"#BCB9B4"
"2843755663_1","2843755663_1.png",2,0.493482983345402,54.1074571624822,2.26925369138494,1.75185868006022,"#87807E"
"2843773558_1","2843773558_1.png",1,0.5092,60.6408904404138,2.00495096962309,7.15461639449257,"#9B9186"
"2843773558_1","2843773558_1.png",2,0.4908,69.4532290747575,1.74820594713512,7.50782463513788,"#B3A89C"
"2843773558_2","2843773558_2.png",1,0.7104,68.3366478322024,2.23709858576314,6.42721410522694,"#B0A59B"
"2843773558_2","2843773558_2.png",2,0.2896,48.7993464713664,2.50187728460821,6.92182846848142,"#7D7268"
"2844668949_1","2844668949_1.png",1,0.573667711598746,57.8291778554841,0.570842326311949,12.1282804327299,"#948A76"
"2844668949_1","2844668949_1.png",2,0.426332288401254,79.1476149105435,-0.712088077323427,6.75408713873367,"#C8C4B7"
"2845040397_1","2845040397_1.png",1,0.629,68.8644287737524,0.742147299845211,2.95425180936749,"#ACA7A3"
"2845040397_1","2845040397_1.png",2,0.371,50.7767744504271,3.59044596078752,6.64015436733973,"#84766E"
"2845040397_2","2845040397_2.png",1,0.751,66.5486869181784,-2.92603247352618,7.02741221106517,"#A2A395"
"2845040397_2","2845040397_2.png",2,0.249,45.1885049815173,0.630787979827713,7.30031318009281,"#716A5F"
"2850803450_1","2850803450_1.png",1,0.5002,76.5465062909427,-0.495572046616853,-0.548363716254832,"#BBBDBE"
"2850803450_1","2850803450_1.png",2,0.4998,54.3743958043672,-0.7023173862081,0.193357967471944,"#818282"
"2851107170_1","2851107170_1.png",1,0.749370277078086,63.1437832257639,0.461726765604044,0.51674482398584,"#9A9898"
"2851107170_1","2851107170_1.png",2,0.250629722921914,95.1530461889525,4.78806817243734,16.4732583634243,"#FFEDD2"
"2851107170_2","2851107170_2.png",1,0.566349384098544,56.9348062888615,0.654735030682833,-1.96012266972987,"#88888C"
"2851107170_2","2851107170_2.png",2,0.433650615901456,76.5063764302173,0.734858506298705,1.17695675865165,"#BFBCBB"
"2851107170_3","2851107170_3.png",1,0.669821240799159,62.0704022281291,-0.172468479200582,-1.30394814267303,"#959698"
"2851107170_3","2851107170_3.png",2,0.330178759200841,74.4929563089717,-0.123278163868329,-0.888843504881232,"#B6B7B9"
"2856844481_1","2856844481_1.png",1,0.5872,72.6508283940001,2.36761230851568,1.67249349738381,"#B8B1AF"
"2856844481_1","2856844481_1.png",2,0.4128,53.0023478034185,4.25143741105817,2.63183934648404,"#887C7A"
"2856861475_1","2856861475_1.png",1,0.7334,69.9809354936994,-0.365551883607442,-3.44293904571832,"#A7ABB1"
"2856861475_1","2856861475_1.png",2,0.2666,34.8551707199014,1.27761156141719,0.776948998422876,"#555151"
"2860061539_1","2860061539_1.png",1,0.5616,76.3609878555951,0.625627766035458,-1.77875535964901,"#BCBCC0"
"2860061539_1","2860061539_1.png",2,0.4384,46.7930451710132,2.24627129063758,-3.02376831463866,"#706E74"
"2862371844_1","2862371844_1.png",1,0.6204,73.1431188119769,0.402444844540368,5.70807203858005,"#B9B3A9"
"2862371844_1","2862371844_1.png",2,0.3796,46.1136425385462,2.55610589899633,9.34647094396061,"#786B5E"
"2862374888_1","2862374888_1.png",1,0.5438,55.8086399534299,1.75641688785589,4.52518737890054,"#8C847E"
"2862374888_1","2862374888_1.png",2,0.4562,77.8610874580136,0.977728704202488,2.40958301601162,"#C4C0BC"
"2862374888_2","2862374888_2.png",1,0.55,74.7345303644405,1.78772603113517,4.17233026315456,"#BFB7B0"
"2862374888_2","2862374888_2.png",2,0.45,51.8152856341975,2.12566077450314,4.75689614622149,"#837A74"
"2862489856_1","2862489856_1.png",1,0.5462,75.8410548586384,-0.167887112110421,5.12917447275163,"#BFBBB2"
"2862489856_1","2862489856_1.png",2,0.4538,49.8325416415605,0.264251820033691,7.191053785794,"#7C766A"
"2862644347_1","2862644347_1.png",1,0.6942,68.3962088710699,0.814990596875367,4.54748902604518,"#ACA69F"
"2862644347_1","2862644347_1.png",2,0.3058,37.0615430021776,1.34743684661763,11.4852692108235,"#605645"
"2883042165_1","2883042165_1.png",1,0.577,57.1762102392064,-2.19662286350237,6.1927968658115,"#8A8A7E"
"2883042165_1","2883042165_1.png",2,0.423,78.1687468825751,-1.79244169514006,5.63657797638252,"#C2C2B7"
"2883042165_2","2883042165_2.png",1,0.6312,58.8036293263113,-2.14033334762068,7.77032441922322,"#8F8E80"
"2883042165_2","2883042165_2.png",2,0.3688,80.9977815971254,-1.79570209938884,6.02643007021213,"#CBCABE"
"2883042165_3","2883042165_3.png",1,0.5094,55.2002251255593,0.214005777002972,6.16509642869415,"#89847A"
"2883042165_3","2883042165_3.png",2,0.4906,75.5030332122926,-0.0390899079688148,6.97254408531078,"#BFBAAD"
"2883146572_1","2883146572_1.png",1,0.5846,73.9451273430096,5.13082511125031,-4.33116863887291,"#BCB3BE"
"2883146572_1","2883146572_1.png",2,0.4154,50.0463887869447,9.30959009111791,-6.38981949871822,"#827282"
"2988602000_1","2988602000_1.png",1,0.6124,72.0786274991937,5.12253918146744,6.50151466324141,"#BFADA5"
"2988602000_1","2988602000_1.png",2,0.3876,48.6598087050448,11.3845323783967,9.6058803686791,"#8C6C64"
"2988602000_2","2988602000_2.png",1,0.7084,69.1661251041371,5.91201414538651,15.9967471107972,"#BEA48C"
"2988602000_2","2988602000_2.png",2,0.2916,50.7904145897513,12.8378866237239,28.7298548069573,"#9C7048"
"2988641597_1","2988641597_1.png",1,0.6286,69.8647190361619,3.13212973908067,12.9591103867673,"#BAA893"
"2988641597_1","2988641597_1.png",2,0.3714,53.899690992631,6.06331240194263,13.0870916058,"#947D6B"
"2988641597_2","2988641597_2.png",1,0.5572,73.4926895190916,1.43030849826448,8.64941136456542,"#BEB3A5"
"2988641597_2","2988641597_2.png",2,0.4428,52.8308748707774,5.04288296680708,15.8606069835661,"#917A63"
"2999069096_1","2999069096_1.png",1,0.6284,57.3547621183036,3.73838364779325,2.7121438353009,"#928785"
"2999069096_1","2999069096_1.png",2,0.3716,81.8401934169951,2.20539406569523,0.729694147744496,"#D0CACA"
"2999077922_1","2999077922_1.png",1,0.565,58.1278804397994,2.04767983745608,0.958322440972366,"#908A8A"
"2999077922_1","2999077922_1.png",2,0.435,79.347535167593,1.734456779174,0.930620862242579,"#C9C3C3"
"3005105101_1","3005105101_1.png",1,0.5848,73.769751608061,3.55617077304141,7.4580826231158,"#C2B3A8"
"3005105101_1","3005105101_1.png",2,0.4152,40.9352226551495,5.20509485063103,7.5693619872356,"#6E5D54"
"3005147582_1","3005147582_1.png",1,0.7856,67.9386730356356,10.307005693559,7.49768555750369,"#BD9F99"
"3005147582_1","3005147582_1.png",2,0.2144,37.7414330275461,12.8146585272058,5.91718029050532,"#705150"
"3005157102_1","3005157102_1.png",1,0.5002,76.3287810027826,4.62528921972069,4.89755065579925,"#C9B9B3"
"3005157102_1","3005157102_1.png",2,0.4998,53.5620777448958,1.87260357012136,3.60540079705639,"#867F7A"
"3005157102_2","3005157102_2.png",1,0.6476,70.7937711906254,7.46125783561706,7.44417947869351,"#C0A8A0"
"3005157102_2","3005157102_2.png",2,0.3524,48.6590497328251,2.75511717747749,3.45184081595678,"#7B726E"
"3005184041_1","3005184041_1.png",1,0.6022,59.1941448578314,-0.293954430786973,-4.62399348334654,"#8A8F96"
"3005184041_1","3005184041_1.png",2,0.3978,79.9589099076337,-0.390539114550212,1.31188263182477,"#C7C6C4"
"3005220057_1","3005220057_1.png",1,0.7168,68.2257941533188,0.904795094992249,7.6721354474655,"#AEA599"
"3005220057_1","3005220057_1.png",2,0.2832,46.5031009921974,4.29305036343614,9.05591394880889,"#7B6B5F"
"3008384698_1","3008384698_1.png",1,0.582,75.3004826739068,1.27450078909663,3.89931929151522,"#BFB8B2"
"3008384698_1","3008384698_1.png",2,0.418,45.0851981964992,3.41399551081304,4.00838218885901,"#736964"
"3032010935_1","3032010935_1.png",1,0.6098,72.9245437252084,0.291448881708376,12.910203032695,"#BDB29C"
"3032010935_1","3032010935_1.png",2,0.3902,45.7993752789004,2.23102825358059,22.7772084413846,"#7D6A46"
"3032010935_2","3032010935_2.png",1,0.6522,71.8776048451661,0.802044010000072,12.5932236089373,"#BBAF99"
"3032010935_2","3032010935_2.png",2,0.3478,44.3858134983723,2.54142967278029,24.1989807873633,"#7A6641"
"3044851285_1","3044851285_1.png",1,0.5692,55.2428359682351,4.92124965322034,11.3303882331773,"#948171"
"3044851285_1","3044851285_1.png",2,0.4308,80.0378842364989,3.91078107167426,7.8537171548697,"#D4C4B8"
"3068100612_1","3068100612_1.png",1,0.578,73.5033694008555,1.05655657928782,7.58763616251339,"#BCB3A7"
"3068100612_1","3068100612_1.png",2,0.422,49.1922541742445,2.14554962415143,9.64031412152306,"#7F7365"
"3070536884_1","3070536884_1.png",1,0.6268,56.1889849255005,0.720898796184197,-1.59392012297676,"#878689"
"3070536884_1","3070536884_1.png",2,0.3732,86.2143398598107,0.817591756340086,0.188946052939671,"#D9D7D7"
"3070536884_2","3070536884_2.png",1,0.5506,54.3061582662222,0.274403523410929,-0.870662652924699,"#828283"
"3070536884_2","3070536884_2.png",2,0.4494,78.5115800772681,0.22939507833025,-0.579492029136419,"#C2C2C3"
"3079623517_1","3079623517_1.png",1,0.5422,75.2710945297607,2.61185303897255,9.11665904331555,"#C5B7A9"
"3079623517_1","3079623517_1.png",2,0.4578,46.4100999054823,11.8650762881354,28.400571757035,"#8E663F"
"3079623517_2","3079623517_2.png",1,0.6916,72.5102834450806,0.775551651690746,7.74229017182314,"#B9B1A4"
"3079623517_2","3079623517_2.png",2,0.3084,26.6185559713406,1.41073575225967,13.6705308029054,"#483E2A"
"3079623517_3","3079623517_3.png",1,0.7082,70.9866273627823,-0.844463666198695,6.22560736820956,"#B1AEA2"
"3079623517_3","3079623517_3.png",2,0.2918,18.3863013456707,-1.8212823853469,8.69325912983765,"#2F2D20"
"3079623517_4","3079623517_4.png",1,0.6982,70.5511869137097,0.0420392362910234,5.37147655435956,"#B1ACA3"
"3079623517_4","3079623517_4.png",2,0.3018,42.7584454654426,0.831995382624585,12.4122310660507,"#6E6451"
"3079623517_5","3079623517_5.png",1,0.6364,68.7400518396315,1.35930930295248,3.19407119890041,"#ADA7A2"
"3079623517_5","3079623517_5.png",2,0.3636,54.5873542178389,2.83413379021588,6.5511926847626,"#8C8177"
"3079623517_6","3079623517_6.png",1,0.7826,68.8210715329122,1.24685695324875,4.62880916914338,"#AEA7A0"
"3079623517_6","3079623517_6.png",2,0.2174,32.3791069440239,6.44621422180193,11.8428259290716,"#5C483A"
"3090706643_1","3090706643_1.png",1,0.515,74.1885112915318,0.240613100691817,2.15122891237961,"#B9B6B2"
"3090706643_1","3090706643_1.png",2,0.485,55.1887001654747,1.51196440849605,3.74321850732709,"#8A837E"
"3090706643_2","3090706643_2.png",1,0.5494,71.6037380281251,2.74902825115021,5.91288778679169,"#B9ADA5"
"3090706643_2","3090706643_2.png",2,0.4506,56.1544504207284,2.26872816869765,1.32478029204141,"#8C8584"
"3090977905_1","3090977905_1.png",1,0.5102,47.6500183302944,-4.4781719322606,-1.87053566817052,"#677374"
"3090977905_1","3090977905_1.png",2,0.4898,84.4853656132956,-2.99152899419893,-2.41571517791463,"#CBD5D7"
"3097169034_1","3097169034_1.png",1,0.51,51.5609538563342,1.67703897482264,-0.891519820606495,"#7D7A7C"
"3097169034_1","3097169034_1.png",2,0.49,79.5501162397906,1.17327891744759,-0.492683842454406,"#C7C4C6"
"3112453337_1","3112453337_1.png",1,0.5998,59.5041183790798,-1.30423930524221,6.51759691430744,"#929084"
"3112453337_1","3112453337_1.png",2,0.4002,74.7879741515291,-1.11039497649473,7.44538878360933,"#BCB8AA"
"3112649315_1","3112649315_1.png",1,0.6754,71.7544706931049,-0.0139310840499898,3.23766084719776,"#B2B0AA"
"3112649315_1","3112649315_1.png",2,0.3246,36.5759084903505,3.46263567702689,7.37396485967387,"#60544A"
"3112874793_1","3112874793_1.png",1,0.524402907580478,57.6294628940462,-0.231654720864647,7.86997613527959,"#908A7D"
"3112874793_1","3112874793_1.png",2,0.475597092419522,74.5989937932979,-0.152666820029611,3.93234936971822,"#BAB7B0"
"3112874793_2","3112874793_2.png",1,0.543875685557587,75.2130281493774,1.66305648276808,3.90849738674354,"#BFB8B2"
"3112874793_2","3112874793_2.png",2,0.456124314442413,50.5825219601804,3.04919730359727,5.49933878899062,"#82766F"
"3113375708_1","3113375708_1.png",1,0.66,57.2517794273086,1.27400414149794,8.52936708955301,"#92887B"
"3113375708_1","3113375708_1.png",2,0.34,87.4234340267971,0.757472253806571,6.22680922136348,"#E2DACF"
"3113375708_2","3113375708_2.png",1,0.623,70.9496033559081,0.13002774376527,3.17707897713145,"#B0ADA8"
"3113375708_2","3113375708_2.png",2,0.377,51.3558292279046,2.66928174482286,6.27738008325643,"#837870"
"3113375708_3","3113375708_3.png",1,0.711,69.8639075195909,1.68225568320958,7.00921121761639,"#B3A99E"
"3113375708_3","3113375708_3.png",2,0.289,37.430291422448,3.60190789920684,14.9768487710963,"#665540"
"3124507660_1","3124507660_1.png",1,0.543,72.8237027951518,-0.822987659814497,0.195434850191623,"#B1B3B2"
"3124507660_1","3124507660_1.png",2,0.457,54.0561213260263,-0.0012951441748089,1.23983940585578,"#82817F"
"3124703533_1","3124703533_1.png",1,0.5818,72.9238864640983,-0.207148322838729,-1.71942604606086,"#B1B3B6"
"3124703533_1","3124703533_1.png",2,0.4182,40.4234509624578,2.0101816437302,-3.38063260553995,"#605E65"
"3124751433_1","3124751433_1.png",1,0.5212,60.6825156139206,2.72192901127995,-3.01420282183651,"#959198"
"3124751433_1","3124751433_1.png",2,0.4788,70.029214656905,2.08870103474587,-0.809345306093376,"#AEAAAD"
"3302438199_1","3302438199_1.png",1,0.538861689106487,54.9443323777341,-1.1372663064662,6.92629271045895,"#878478"
"3302438199_1","3302438199_1.png",2,0.461138310893513,78.8970338493178,-0.1661814366546,3.72665272400723,"#C6C3BC"
"3302438199_2","3302438199_2.png",1,0.5748,71.0740382345892,0.0585817929362622,1.98636158394857,"#B0AEAA"
"3302438199_2","3302438199_2.png",2,0.4252,51.930747142869,-0.16593270678007,4.23481192230413,"#7F7C75"
"3307218149_1","3307218149_1.png",1,0.5508,53.9741870696949,-3.93438178927114,9.38360050271238,"#818371"
"3307218149_1","3307218149_1.png",2,0.4492,83.8188042967384,-4.01420087205227,16.9349193813539,"#D6D2B1"
"3307218149_2","3307218149_2.png",1,0.5652,54.471869874283,5.92400359026761,-3.24354787591588,"#8A7F88"
"3307218149_2","3307218149_2.png",2,0.4348,84.4906373943306,-2.11861225567449,13.333653322797,"#D9D3BA"
"3307218149_3","3307218149_3.png",1,0.541,52.0783301631181,-4.83653252431867,9.74702643498572,"#7B7E6B"
"3307218149_3","3307218149_3.png",2,0.459,83.135434354123,-4.69110701156932,13.1139635030485,"#D0D1B6"
"3325557966_1","3325557966_1.png",1,0.5066,52.0324265498178,2.95656823483053,8.64347009530897,"#877A6D"
"3325557966_1","3325557966_1.png",2,0.4934,78.9606246040619,1.64550587749385,8.77940918182468,"#CDC2B3"
"3327981655_1","3327981655_1.png",1,0.555,76.1218227768228,4.13948673273079,-3.4074943096122,"#C1B9C2"
"3327981655_1","3327981655_1.png",2,0.445,45.9476984357626,10.5674907954561,-7.27886151963745,"#796779"
"3333438570_1","3333438570_1.png",1,0.632,59.9698052262665,3.54408076937236,8.66616584849468,"#9D8E81"
"3333438570_1","3333438570_1.png",2,0.368,78.9808557968108,1.26209534899111,12.1330182063366,"#CFC2AD"
"3337924498_1","3337924498_1.png",1,0.5922,76.6853637835729,0.392047000215711,0.918657044443974,"#BFBDBC"
"3337924498_1","3337924498_1.png",2,0.4078,45.421306238951,1.04508606005602,1.24610547606461,"#6E6B69"
"3355132670_1","3355132670_1.png",1,0.5268,50.1345050088556,2.02127172018383,7.94741387268014,"#80766A"
"3355132670_1","3355132670_1.png",2,0.4732,84.3934048292614,0.479540435007143,6.06087512209002,"#D8D2C7"
"3355784665_1","3355784665_1.png",1,0.645,71.6625273612681,3.06385781660042,14.4560540766765,"#C0AD95"
"3355784665_1","3355784665_1.png",2,0.355,47.6495147414834,8.68318083965765,20.4510043108952,"#8A6B4F"
"3384535795_1","3384535795_1.png",1,0.6666,70.2261098799261,2.60170609690681,1.34453366770416,"#B2AAA9"
"3384535795_1","3384535795_1.png",2,0.3334,46.669629369057,4.18416634521496,-0.737938653899523,"#756C70"
"3399430425_1","3399430425_1.png",1,0.7128,60.407547770091,8.90399213103148,0.270594465099702,"#A28C91"
"3399430425_1","3399430425_1.png",2,0.2872,96.4997841281892,14.609077470473,17.8468669734644,"#FFEAD3"
"3399483528_1","3399483528_1.png",1,0.6262,72.5596123973098,0.949971442617026,-3.41810034848869,"#B1B2B8"
"3399483528_1","3399483528_1.png",2,0.3738,40.0154261206085,3.15808411319564,-0.527525395482607,"#635D5F"
"3408014420_1","3408014420_1.png",1,0.6578,69.6384192136989,0.928515871058269,1.98701695158778,"#ADA9A7"
"3408014420_1","3408014420_1.png",2,0.3422,47.6895933469885,1.91819836309833,4.46136724015732,"#78706A"
"3415388117_1","3415388117_1.png",1,0.5116,76.8741441529328,1.38256824996222,5.3316894499558,"#C5BDB4"
"3415388117_1","3415388117_1.png",2,0.4884,52.2552280059653,1.5803678163911,10.5192701232241,"#877B6B"
"3415504583_1","3415504583_1.png",1,0.505,53.5312095511878,2.48485344714508,4.71782645024919,"#887E78"
"3415504583_1","3415504583_1.png",2,0.495,75.9269657573292,0.958094471694574,0.579671501209447,"#BDBBBA"
"3415735295_1","3415735295_1.png",1,0.5572,75.9927337908205,0.692218161097685,3.03769710237946,"#BFBBB6"
"3415735295_1","3415735295_1.png",2,0.4428,48.1527184742722,5.47130209773099,4.01485146016888,"#7E6F6C"
"3415735295_2","3415735295_2.png",1,0.6532,71.8666732637599,2.2273226585141,-0.2869764498726,"#B4AFB1"
"3415735295_2","3415735295_2.png",2,0.3468,45.5936291313872,4.95301164410609,1.71769013509844,"#766969"
"3415735295_3","3415735295_3.png",1,0.5228,79.0574774878634,0.6380365779401,3.95341693896882,"#C8C3BC"
"3415735295_3","3415735295_3.png",2,0.4772,48.7939518217079,3.98524728865629,7.52896671807294,"#807167"
"3418862249_1","3418862249_1.png",1,0.6034,74.7849365839838,-0.0729820459723876,1.86980496921053,"#B9B8B5"
"3418862249_1","3418862249_1.png",2,0.3966,44.4190020520958,0.131345462981897,4.3082523616142,"#6C6962"
"3455608008_1","3455608008_1.png",1,0.5766,57.5508085429218,3.64729798484954,19.8713050653434,"#9D8768"
"3455608008_1","3455608008_1.png",2,0.4234,77.1313385003944,3.09027238486129,15.5730190690501,"#D0BCA2"
"3455608008_2","3455608008_2.png",1,0.5696,72.6804255833109,3.76810250113745,6.80330527726054,"#BFB0A6"
"3455608008_2","3455608008_2.png",2,0.4304,51.5664580710518,6.26697957124378,13.7762326909472,"#8E7664"
"3455786439_1","3455786439_1.png",1,0.5248,88.1334735399563,1.06367479796819,5.53035319465846,"#E4DCD3"
"3455786439_1","3455786439_1.png",2,0.4752,37.7589818463698,8.05278280069499,6.69710239698398,"#6A544E"
"3456008879_1","3456008879_1.png",1,0.6158,60.497162648609,0.794758654517473,-0.978352540769134,"#939194"
"3456008879_1","3456008879_1.png",2,0.3842,85.3892272246852,0.0345544174023995,0.0720736283614764,"#D5D5D5"
"3705681526_1","3705681526_1.png",1,0.7126,69.0884096626675,-1.00441107424304,1.66249094557182,"#A8A9A6"
"3705681526_1","3705681526_1.png",2,0.2874,45.8250916070018,0.888507902344741,1.55755766848109,"#6F6C6A"
"3705715498_1","3705715498_1.png",1,0.7156,68.6963140032826,0.151176271019098,3.16533521817567,"#AAA7A2"
"3705715498_1","3705715498_1.png",2,0.2844,49.0116591495934,1.78315297642247,6.4947240404222,"#7C736A"
"3705740505_1","3705740505_1.png",1,0.5988,71.6591123161099,1.14207705790945,5.66767641757014,"#B6AEA5"
"3705740505_1","3705740505_1.png",2,0.4012,50.1576569307236,2.78986880336853,8.36534058168071,"#827569"
"3705740505_2","3705740505_2.png",1,0.5758,59.4266801543786,2.74073849031217,9.91792200502383,"#9B8D7E"
"3705740505_2","3705740505_2.png",2,0.4242,74.5342116414761,1.36235820503765,5.2840759739978,"#BEB6AE"
"3718504225_1","3718504225_1.png",1,0.6114,55.6533112870256,2.0074500216425,-4.69565825181282,"#85858D"
"3718504225_1","3718504225_1.png",2,0.3886,96.6835585391557,0.404128035014084,-1.84045270255317,"#F5F5F9"
"3718752198_1","3718752198_1.png",1,0.6642,71.5282132277583,8.10062154918638,21.2650970220838,"#CBA989"
"3718752198_1","3718752198_1.png",2,0.3358,43.5306940404668,9.38948554213509,19.4812987208214,"#806047"
"3723184074_1","3723184074_1.png",1,0.6634,69.8918055567665,1.50958615432487,0.00490191567215922,"#AEAAAB"
"3723184074_1","3723184074_1.png",2,0.3366,51.0199559033565,1.80333081583666,4.76116798853862,"#807872"
"3723184074_2","3723184074_2.png",1,0.555,70.7925570418056,0.890441473575333,0.814142631575544,"#B0ADAC"
"3723184074_2","3723184074_2.png",2,0.445,56.1507464521497,2.91091366874132,4.52431499116322,"#8F857F"
"3728755145_1","3728755145_1.png",1,0.576,73.9019827317965,-3.13072039630739,1.19844273496974,"#B1B7B3"
"3728755145_1","3728755145_1.png",2,0.424,44.5674230859259,4.9193482839022,4.71734074843222,"#756662"
"3728755145_2","3728755145_2.png",1,0.6206,76.6297247984587,1.42707409763689,9.98094907729152,"#C7BCAB"
"3728755145_2","3728755145_2.png",2,0.3794,46.2124308395099,18.6060462367361,-0.123015370422256,"#8B626E"
"3728755145_3","3728755145_3.png",1,0.7138,72.1301965041452,-0.642419055847495,4.42561701579403,"#B3B1A9"
"3728755145_3","3728755145_3.png",2,0.2862,28.8279652245042,7.86308306019712,21.6774781938444,"#593F23"
"3759707557_1","3759707557_1.png",1,0.6432,75.4568754546091,2.75401042905107,13.8113955845766,"#C9B7A1"
"3759707557_1","3759707557_1.png",2,0.3568,36.2519887633691,6.65654429044502,27.6819290589732,"#6C5028"
"3759707557_2","3759707557_2.png",1,0.6964,70.2596113137192,3.02181934200114,13.4731718975489,"#BBA994"
"3759707557_2","3759707557_2.png",2,0.3036,38.2532459138063,5.73049062328196,25.717798113317,"#6F5630"
"3759707557_3","3759707557_3.png",1,0.67,70.6929860601318,2.6829642334151,16.6838409568886,"#BEAA8F"
"3759707557_3","3759707557_3.png",2,0.33,36.8593989382251,5.46627879160963,27.2713641205187,"#6C522A"
"3773110530_1","3773110530_1.png",1,0.5554,55.4384642579349,1.29443859422569,0.607991399518229,"#888484"
"3773110530_1","3773110530_1.png",2,0.4446,79.1707026628137,0.149279360921474,0.709868552121385,"#C5C4C3"
"3773110530_2","3773110530_2.png",1,0.5022,74.9647229065618,0.236899748895256,1.7367726327878,"#BAB8B5"
"3773110530_2","3773110530_2.png",2,0.4978,54.0239470089286,2.37896619128191,0.0425821209337057,"#858081"
"3773110530_3","3773110530_3.png",1,0.5654,55.6547208426592,1.213011652594,0.985276616115656,"#888584"
"3773110530_3","3773110530_3.png",2,0.4346,81.2792907527922,0.133862581234715,1.20737723102541,"#CBCAC8"
"3773110530_4","3773110530_4.png",1,0.5468,55.7642438233619,9.59756611612061,-1.86581766622755,"#958089"
"3773110530_4","3773110530_4.png",2,0.4532,78.3236705949907,2.79658386818833,-5.74716839447888,"#C2C0CC"
"3773110530_5","3773110530_5.png",1,0.6204,58.8090319828355,10.4144513432956,2.13515144512961,"#A1878A"
"3773110530_5","3773110530_5.png",2,0.3796,80.7748913572063,3.27960544713871,0.871757432285382,"#D0C6C7"
"3773413073_1","3773413073_1.png",1,0.6074,57.4004653524894,1.33109900305238,-3.37553731828007,"#898990"
"3773413073_1","3773413073_1.png",2,0.3926,80.9384259554306,0.428424208812002,1.38070276151213,"#CBC9C6"
"3773413073_2","3773413073_2.png",1,0.5248,74.003272031625,-0.0136429375089115,2.3288524000597,"#B8B6B2"
"3773413073_2","3773413073_2.png",2,0.4752,54.2268376262031,2.10492830328869,1.09649425706222,"#868080"
"3773413073_3","3773413073_3.png",1,0.5172,56.0066980082103,0.936955336686411,1.65359335260229,"#898683"
"3773413073_3","3773413073_3.png",2,0.4828,75.6099924534449,-0.0735506283970404,0.901282707523524,"#BBBAB9"
"3773413073_4","3773413073_4.png",1,0.5068,75.431679076309,0.161704974926868,1.02097727602599,"#BBBAB8"
"3773413073_4","3773413073_4.png",2,0.4932,54.0750836981622,1.67866380304931,-0.325693974971154,"#848082"
"3773413073_5","3773413073_5.png",1,0.5074,77.3611848121441,0.195077206321789,1.08520820229208,"#C0BFBD"
"3773413073_5","3773413073_5.png",2,0.4926,53.2539846387829,2.68455951258173,-0.911713419028414,"#837E81"
"3773413073_6","3773413073_6.png",1,0.514,55.9889530949115,1.97254235281024,0.212284133082398,"#8A8586"
"3773413073_6","3773413073_6.png",2,0.486,74.7385642662994,0.206093368895891,0.935783637284773,"#B9B8B6"
"3773697646_1","3773697646_1.png",1,0.6616,69.3125200175168,-0.263077230910657,1.56169383030742,"#AAA9A6"
"3773697646_1","3773697646_1.png",2,0.3384,38.249962327928,1.98696734401027,1.78818543146484,"#5F5957"
"3802738748_1","3802738748_1.png",1,0.6984,61.2911811281661,-1.41944519392572,2.76134069250747,"#93958F"
"3802738748_1","3802738748_1.png",2,0.3016,86.4668864628015,-0.250990365592279,3.83330453741686,"#DBD8D1"
"3822191791_1","3822191791_1.png",1,0.535864978902954,68.4598932707011,-0.0381299721224355,1.33433719888255,"#A8A7A5"
"3822191791_1","3822191791_1.png",2,0.464135021097046,60.2887297983093,0.0726078679343979,0.982323638258818,"#929190"
"3822459736_1","3822459736_1.png",1,0.5186,79.5984033107814,2.35488932815442,3.71091442880093,"#CDC4BE"
"3822459736_1","3822459736_1.png",2,0.4814,48.023385714167,5.59782997696635,4.22154949661321,"#7E6F6B"
"3822459736_2","3822459736_2.png",1,0.6126,74.4836734046267,0.731927215509774,2.44202775226407,"#BBB7B3"
"3822459736_2","3822459736_2.png",2,0.3874,35.3456689858882,3.2347029231877,3.37052626863895,"#5B514E"
"3822459736_3","3822459736_3.png",1,0.555,77.4136608280546,0.805396855480678,0.824726225915378,"#C1BFBE"
"3822459736_3","3822459736_3.png",2,0.445,44.9916417561566,3.5143134763223,1.88411298019521,"#726867"
"3822489617_1","3822489617_1.png",1,0.5286,78.3449823166765,2.13399199309518,6.69351044275785,"#CBC0B6"
"3822489617_1","3822489617_1.png",2,0.4714,49.7392885512895,5.36662942796216,6.18504126193447,"#84736C"
"3823023012_1","3823023012_1.png",1,0.5518,51.1315423490922,0.985010491209552,1.80093467343159,"#7D7977"
"3823023012_1","3823023012_1.png",2,0.4482,83.8869967702576,0.792644970027063,1.43048805108229,"#D4D1CE"
"3823023012_2","3823023012_2.png",1,0.5916,55.1525590777357,1.11157549757461,2.7573168970202,"#88837F"
"3823023012_2","3823023012_2.png",2,0.4084,84.2112213886189,1.45560813271219,3.53477849110078,"#D8D1CB"
"3825245697_1","3825245697_1.png",1,0.5298,52.1612290246641,6.08358582963019,8.91752269269186,"#8D786D"
"3825245697_1","3825245697_1.png",2,0.4702,80.294494272974,3.09180875824571,6.91875138448476,"#D3C5BA"
"3825352913_1","3825352913_1.png",1,0.5048,47.6902115098317,3.82181915083352,3.38466784085392,"#7A6F6C"
"3825352913_1","3825352913_1.png",2,0.4952,82.6274026175583,1.82023090261739,6.59065143582407,"#D6CCC1"
"3825372705_1","3825372705_1.png",1,0.5708,71.5632125504721,2.65152651267602,9.02602989297246,"#BBAD9F"
"3825372705_1","3825372705_1.png",2,0.4292,53.1697474346689,4.71124641195946,9.56618266186865,"#8D7C6F"
"3825430437_1","3825430437_1.png",1,0.6956,69.43186347436,2.39021616201726,4.39333599479716,"#B1A8A2"
"3825430437_1","3825430437_1.png",2,0.3044,44.1428993954684,6.34453805977626,6.2021488361612,"#77645E"
"3825430437_2","3825430437_2.png",1,0.7358,68.5761038493469,2.6836370202614,3.29293262615844,"#AFA5A1"
"3825430437_2","3825430437_2.png",2,0.2642,49.6755104161955,4.2400758205571,5.36928160826441,"#81736D"
"3826818537_1","3826818537_1.png",1,0.6418,69.6743161040493,0.631570825759164,0.10119241196298,"#ABAAAA"
"3826818537_1","3826818537_1.png",2,0.3582,44.3957846387891,1.45370775603116,1.37564677353118,"#6C6867"
"3826818537_2","3826818537_2.png",1,0.6016,74.3778734875013,0.153173579647004,-0.120079299427555,"#B7B7B7"
"3826818537_2","3826818537_2.png",2,0.3984,46.5758655187451,0.236552871908912,0.932566504276112,"#6F6E6D"
"3826818537_3","3826818537_3.png",1,0.6994,67.2928234640756,0.0531825695637451,0.243632449403744,"#A4A4A3"
"3826818537_3","3826818537_3.png",2,0.3006,46.2774818624976,-0.319757752546623,2.24017645355721,"#6F6E6A"
"3826992990_1","3826992990_1.png",1,0.623,58.6945989290911,0.876137491652409,3.95216053123289,"#928C86"
"3826992990_1","3826992990_1.png",2,0.377,82.4119054529464,1.84141813712182,3.10944685640279,"#D3CCC7"
"3826992990_2","3826992990_2.png",1,0.6834,71.7208986354383,1.27412765117239,-1.02006840350136,"#B1AFB2"
"3826992990_2","3826992990_2.png",2,0.3166,37.4504130530033,1.95736223320082,0.186497951187212,"#5C5758"
"3826992990_3","3826992990_3.png",1,0.5052,84.2848926225464,1.61558316540418,-1.23540589122048,"#D4D1D5"
"3826992990_3","3826992990_3.png",2,0.4948,46.4653963220549,2.78537029480719,1.55352700758774,"#746C6C"
"3827257634_1","3827257634_1.png",1,0.7034,68.6485086902011,1.35234039511192,5.06964997800766,"#AEA69E"
"3827257634_1","3827257634_1.png",2,0.2966,51.3486301238533,1.81630575430095,4.80528864348101,"#817972"
"3827281337_1","3827281337_1.png",1,0.6312,72.4845140985242,-0.192302899505468,0.695301400838986,"#B2B2B0"
"3827281337_1","3827281337_1.png",2,0.3688,37.3091735897392,-1.02816217805273,3.72007819416599,"#595852"
"3858477973_1","3858477973_1.png",1,0.5984,73.5439645050809,-2.92999944569186,18.3460416392249,"#BDB593"
"3858477973_1","3858477973_1.png",2,0.4016,33.0015087234899,-4.42507117706925,21.0299431105753,"#524F2C"
"3858756714_1","3858756714_1.png",1,0.5836,72.3523394131947,1.41579424808508,3.94405501598381,"#B7B0AA"
"3858756714_1","3858756714_1.png",2,0.4164,52.3811884912234,2.18242573679485,4.5001469809836,"#847B75"
"3860606956_1","3860606956_1.png",1,0.6196,72.1355312285732,-2.12024680238694,9.58426849638268,"#B4B19F"
"3860606956_1","3860606956_1.png",2,0.3804,45.8533317697326,3.30543517328659,22.3790334781671,"#7E6A47"
"3860608983_1","3860608983_1.png",1,0.632,68.7176155001979,-3.39850689821663,20.6519770397916,"#B0A882"
"3860608983_1","3860608983_1.png",2,0.368,49.4748508853444,-3.38254925112815,34.7805342033631,"#827639"
"3873331215_1","3873331215_1.png",1,0.5666,53.3735412852184,4.89771597066927,26.4772462597492,"#967B52"
"3873331215_1","3873331215_1.png",2,0.4334,83.2139156992177,0.909694011705325,11.8725884609276,"#DACEB9"
"3873331215_2","3873331215_2.png",1,0.5078,48.1459059437392,3.33270387390312,18.4193109576645,"#836F53"
"3873331215_2","3873331215_2.png",2,0.4922,83.1012687002369,-0.249009425157231,7.16200115784962,"#D4CFC2"
"3873331215_3","3873331215_3.png",1,0.6434,71.5245953257392,0.222504467028285,0.00366657021671252,"#B0AFAF"
"3873331215_3","3873331215_3.png",2,0.3566,42.3685154502398,2.50714155893639,5.73215868225415,"#6C625B"
"3873331215_4","3873331215_4.png",1,0.5284,50.3361120548979,4.4503875011777,5.08466100606328,"#83756F"
"3873331215_4","3873331215_4.png",2,0.4716,82.0566109293182,1.9579549677388,-1.65640743561299,"#CECBCF"
"3873331215_5","3873331215_5.png",1,0.5568,74.4117524493899,-0.870592896881474,2.54422666213387,"#B7B7B2"
"3873331215_5","3873331215_5.png",2,0.4432,51.2330742323259,1.87163138136376,10.2761065336669,"#847869"
"3873557967_1","3873557967_1.png",1,0.5168,79.2907941888347,-0.627936053903612,6.13266749528698,"#C8C4B9"
"3873557967_1","3873557967_1.png",2,0.4832,49.5152721480104,1.62079247802997,7.45668834703765,"#7E7469"
"3873784731_1","3873784731_1.png",1,0.5032,72.7344673510947,3.33126108086538,3.21874430756321,"#BBB0AD"
"3873784731_1","3873784731_1.png",2,0.4968,56.6032962056856,2.15124254347269,0.0855590852235266,"#8C8788"
"3873784731_2","3873784731_2.png",1,0.6164,73.0312242311402,2.03867843668146,1.45541731089546,"#B8B2B1"
"3873784731_2","3873784731_2.png",2,0.3836,44.3153832744016,2.55460028745767,3.33067188470073,"#6F6763"
"3873821377_1","3873821377_1.png",1,0.5966,70.5122392252298,-1.13403630296701,2.10045392439975,"#ACADA9"
"3873821377_1","3873821377_1.png",2,0.4034,53.48893927649,-1.50780033571132,4.56424952858078,"#818078"
"3873914516_1","3873914516_1.png",1,0.6624,67.3364450359047,-0.16701713484114,-0.187132326496127,"#A3A4A4"
"3873914516_1","3873914516_1.png",2,0.3376,58.7668034514408,0.74553330453558,1.65418226735012,"#908D8A"
"3881605006_1","3881605006_1.png",1,0.5662,70.9347901707712,1.23207276934024,1.21392905069926,"#B1ADAB"
"3881605006_1","3881605006_1.png",2,0.4338,54.8198977844658,3.21424174315164,2.57392035010055,"#8B817F"
"3902358263_1","3902358263_1.png",1,0.869,62.2300046631565,-2.02672546475771,-3.45806049953221,"#90989C"
"3902358263_1","3902358263_1.png",2,0.131,80.7561056794535,2.18415433328047,9.88600477774614,"#D4C6B6"
"3902358263_2","3902358263_2.png",1,0.797,65.49001747403,-1.17205547684731,-3.97602954559162,"#99A0A6"
"3902358263_2","3902358263_2.png",2,0.203,30.5127855846102,0.271532949244051,4.27008878009064,"#4B4741"
"3902358263_3","3902358263_3.png",1,0.7716,67.9652413695778,1.74297982620084,14.9471912566668,"#B3A48B"
"3902358263_3","3902358263_3.png",2,0.2284,43.8356640802578,3.91652916761808,18.0340917982886,"#78644A"
"3902358263_4","3902358263_4.png",1,0.6056,74.8709918038316,-0.0736351998447469,-0.74712638398882,"#B7B8BA"
"3902358263_4","3902358263_4.png",2,0.3944,42.0640077033642,-0.217945426439632,5.88712186726648,"#67635A"
"3903036270_1","3903036270_1.png",1,0.5908,70.6942357295619,0.506103812999896,0.391659294186801,"#AEADAC"
"3903036270_1","3903036270_1.png",2,0.4092,55.3874943556524,1.16227845601922,0.465609572174215,"#878484"
"3903058908_1","3903058908_1.png",1,0.6098,59.8067386786064,1.1920090117131,10.1309999173584,"#998F7E"
"3903058908_1","3903058908_1.png",2,0.3902,77.6986991190118,1.14976558923497,7.35259717144055,"#C8BFB3"
"3903386042_1","3903386042_1.png",1,0.5392,71.9177147700191,4.4858722512492,11.1994505833315,"#C1AD9C"
"3903386042_1","3903386042_1.png",2,0.4608,56.3281121260256,5.15809158344885,16.0135456403776,"#9A836C"
"3903461568_1","3903461568_1.png",1,0.5888,73.4636190071867,4.46206273264011,11.5662786284897,"#C5B1A0"
"3903461568_1","3903461568_1.png",2,0.4112,51.3161643455786,7.55844179701607,18.0488140990992,"#91755C"
"3903619386_1","3903619386_1.png",1,0.5432,52.3779770242026,1.38747001639107,-0.30642309002666,"#7F7C7D"
"3903619386_1","3903619386_1.png",2,0.4568,88.0395982561139,0.321194981568748,-0.166388354396548,"#DDDDDD"
"3903619386_2","3903619386_2.png",1,0.5642,75.4144762977623,0.513961620262951,0.417885111337402,"#BBB9B9"
"3903619386_2","3903619386_2.png",2,0.4358,39.8855024397146,0.866971565039392,-0.390510798570838,"#5F5E5F"
"3903908802_1","3903908802_1.png",1,0.5152,73.488076521751,1.25300874430206,-0.511788696257555,"#B6B4B5"
"3903908802_1","3903908802_1.png",2,0.4848,56.2179033337792,1.21224454078329,0.613552283588862,"#898686"
"3903909605_1","3903909605_1.png",1,0.6948,69.0807893114092,-0.0560732928476524,3.17765501014528,"#ABA8A3"
"3903909605_1","3903909605_1.png",2,0.3052,48.3313866363736,2.02709242408929,7.36070807548622,"#7B7166"
"3903980712_1","3903980712_1.png",1,0.5006,51.5409007567397,2.81143844146528,-5.75494353413932,"#7B7A85"
"3903980712_1","3903980712_1.png",2,0.4994,78.8022670731643,2.00534793693764,-6.53086309470039,"#C1C2CF"
"3903980712_2","3903980712_2.png",1,0.537,76.179670610149,0.819324826375379,-6.90759823332609,"#B7BCC8"
"3903980712_2","3903980712_2.png",2,0.463,51.9092905523516,1.6678421958219,-2.58354134096144,"#7D7B80"
"3903980712_3","3903980712_3.png",1,0.5694,56.4978176494855,2.96021816568732,-1.40279114506404,"#8C868A"
"3903980712_3","3903980712_3.png",2,0.4306,81.7807694758838,1.39071879706531,-3.21236144602777,"#CBCBD1"
"3903980712_4","3903980712_4.png",1,0.5214,75.7963209755389,0.983970878405429,-3.64485618296288,"#BABAC1"
"3903980712_4","3903980712_4.png",2,0.4786,51.5277106788703,1.14854436356674,0.245511037659131,"#7D7A7A"
"3904022758_1","3904022758_1.png",1,0.632,70.9887984608465,1.98194491568808,7.8269385389674,"#B7ACA0"
"3904022758_1","3904022758_1.png",2,0.368,50.2458633857897,3.37391695793174,8.72852139987177,"#837569"
"3904180667_1","3904180667_1.png",1,0.5816,73.5194172991731,-2.47052649266933,13.8223410546807,"#BAB59B"
"3904180667_1","3904180667_1.png",2,0.4184,50.4238474145241,-4.64205431758854,16.9748032961821,"#7B795B"
"3904180667_2","3904180667_2.png",1,0.6078,72.9022121316915,-3.05661745213895,15.390183638722,"#B9B497"
"3904180667_2","3904180667_2.png",2,0.3922,48.7929904551818,-5.29216985170296,16.5853232634313,"#767658"
"3904180667_3","3904180667_3.png",1,0.599,58.5891697586957,-4.95357373453333,15.1248807279565,"#8F8F72"
"3904180667_3","3904180667_3.png",2,0.401,77.8181312585976,-5.58365909495089,15.4230829528548,"#C2C3A4"
"3904343170_1","3904343170_1.png",1,0.7326,68.8189749873579,6.55114523375741,2.34460253843885,"#B6A4A4"
"3904343170_1","3904343170_1.png",2,0.2674,37.0604990324996,8.64730153480908,9.0553082491156,"#6A5249"
"3904579342_1","3904579342_1.png",1,0.6146,71.7298024186435,1.65684639527721,-1.85626559978335,"#B1AFB3"
"3904579342_1","3904579342_1.png",2,0.3854,46.5303826026842,2.11017288318816,-4.3789538078701,"#6E6D76"
"3904579342_2","3904579342_2.png",1,0.6224,72.0760650485071,0.994817090835013,-1.72473807941294,"#B1B0B4"
"3904579342_2","3904579342_2.png",2,0.3776,44.8124687031016,1.29767241651118,-3.03731375405409,"#6A696F"
"3904961483_1","3904961483_1.png",1,0.6302,74.7484574736585,2.81750202917328,3.31677126819327,"#C0B6B2"
"3904961483_1","3904961483_1.png",2,0.3698,41.4551646690863,4.09526527244862,3.30720225865907,"#6B5F5D"
"3904961483_2","3904961483_2.png",1,0.5878,73.8025618945905,2.29659978917651,6.49794391696301,"#BFB4AA"
"3904961483_2","3904961483_2.png",2,0.4122,49.2528294301812,1.87371002929628,10.8269033857288,"#7F7363"
"3905048588_1","3905048588_1.png",1,0.5064,74.8108631903424,-1.06939190182317,6.89683442092001,"#BCB8AB"
"3905048588_1","3905048588_1.png",2,0.4936,55.0580523063512,-0.406172038999265,8.15965026198859,"#898376"
"3905048588_2","3905048588_2.png",1,0.5476,75.7707176310544,-0.0210247031955606,6.04442599700314,"#C0BAB0"
"3905048588_2","3905048588_2.png",2,0.4524,51.4867456888073,7.18263157878697,6.93845062628799,"#8C766F"
"3905146885_1","3905146885_1.png",1,0.5982,76.991167033463,0.192640518750602,-2.7866116846907,"#BCBEC3"
"3905146885_1","3905146885_1.png",2,0.4018,39.5586405589966,-0.361075994511845,-1.19576552163905,"#5C5D5F"
"3905146885_2","3905146885_2.png",1,0.5734,76.2011123423152,0.29402850581824,-2.55342364455052,"#BABCC1"
"3905146885_2","3905146885_2.png",2,0.4266,44.3839438553505,0.0395786704639946,-1.08645382987849,"#68696B"
"3905540102_1","3905540102_1.png",1,0.5334,81.6082699190682,1.15715625961071,1.01049855001969,"#CECAC9"
"3905540102_1","3905540102_1.png",2,0.4666,41.3577166372954,1.87166062597574,-0.738045901672142,"#646163"
"3905540102_2","3905540102_2.png",1,0.5004,85.6666307201922,1.85415755952003,-0.697014013484488,"#D9D5D7"
"3905540102_2","3905540102_2.png",2,0.4996,44.9395307490244,2.30867638744061,-5.11504837582302,"#6A6973"
"3905680740_1","3905680740_1.png",1,0.5318,54.7687616579049,5.8579938289781,6.39217797443097,"#927F78"
"3905680740_1","3905680740_1.png",2,0.4682,77.1969480162272,2.84761614120609,5.58827738607623,"#C8BDB4"
"3905753760_1","3905753760_1.png",1,0.6758,70.7862881010142,1.84836785099704,5.08636973482768,"#B5ACA4"
"3905753760_1","3905753760_1.png",2,0.3242,42.6770925210641,3.81607336099113,6.38875914324468,"#6F625A"
"3905781232_1","3905781232_1.png",1,0.5604,74.9349332775539,1.00563233101254,5.45270913138544,"#BFB7AF"
"3905781232_1","3905781232_1.png",2,0.4396,50.0404974992278,-0.149800093959809,-2.72821598599002,"#75777C"
"3906011798_1","3906011798_1.png",1,0.5916,76.3082782498406,3.43232851639912,11.6768052023584,"#CBB9A7"
"3906011798_1","3906011798_1.png",2,0.4084,45.5614885051307,9.7267392683695,20.5146251173345,"#86654A"
"3906011798_2","3906011798_2.png",1,0.5406,80.7009433334833,-0.213597587927283,6.19923414991366,"#CDC8BD"
"3906011798_2","3906011798_2.png",2,0.4594,45.7856277494658,-0.937446749297007,0.0473162301083055,"#6B6D6C"
"3906011798_3","3906011798_3.png",1,0.5192,78.664983202156,2.28944426830384,4.70374242181476,"#CBC1BA"
"3906011798_3","3906011798_3.png",2,0.4808,48.5306643988312,1.06920501600701,1.70901505707327,"#767370"
"3906169902_1","3906169902_1.png",1,0.547,51.8019612280333,0.571805262693597,3.08614699872468,"#7F7B76"
"3906169902_1","3906169902_1.png",2,0.453,84.9374808666427,2.10884631671681,6.82489826987118,"#DED2C7"
"3906620001_1","3906620001_1.png",1,0.6094,74.4203764458496,0.615953860993622,0.850040895899809,"#B9B7B5"
"3906620001_1","3906620001_1.png",2,0.3906,44.1217150835068,0.870919370067105,1.09582940797375,"#6B6867"
"3906620001_2","3906620001_2.png",1,0.6376,72.6342543016106,1.72034277965026,2.9267996242728,"#B8B1AD"
"3906620001_2","3906620001_2.png",2,0.3624,43.9956663181118,1.60478504709151,2.96430351623704,"#6D6763"
"3906620001_3","3906620001_3.png",1,0.5928,72.8757383689347,0.931597312253847,1.12185221019358,"#B6B2B1"
"3906620001_3","3906620001_3.png",2,0.4072,49.4262792701817,1.06960793594709,1.79210119607211,"#797572"
"3906802723_1","3906802723_1.png",1,0.6118,77.3736668813952,-1.56670256139225,4.32055841073455,"#C0C0B7"
"3906802723_1","3906802723_1.png",2,0.3882,31.864972882974,-0.590487528295245,1.27561559037659,"#4B4B49"
"3906802723_2","3906802723_2.png",1,0.552,54.9819295699507,1.28631185627406,4.24537204877313,"#89837C"
"3906802723_2","3906802723_2.png",2,0.448,79.5548339091259,0.200898335472853,4.99694639030106,"#CAC5BC"
"3906802723_3","3906802723_3.png",1,0.5388,55.1007191697893,0.943054764242861,2.37922670295185,"#878380"
"3906802723_3","3906802723_3.png",2,0.4612,77.7102944410264,0.727140294476413,5.33868592625759,"#C6BFB6"
"3915493024_1","3915493024_1.png",1,0.5208,74.7579776807235,2.18660135911152,7.11911940092837,"#C2B6AB"
"3915493024_1","3915493024_1.png",2,0.4792,53.7201615003784,5.18027350402119,9.84337137196682,"#907D70"
"3915611154_1","3915611154_1.png",1,0.5506,74.476746640684,0.0206724318948075,1.24858810889529,"#B8B7B5"
"3915611154_1","3915611154_1.png",2,0.4494,52.3038684933845,0.652800773318243,6.32408846913362,"#827C72"
"3915611154_2","3915611154_2.png",1,0.615,72.5759242514099,0.0231908862233731,0.202572842610713,"#B2B2B2"
"3915611154_2","3915611154_2.png",2,0.385,50.6442028276321,-0.0255733161886274,8.62945292328323,"#7F786A"
"3923264222_1","3923264222_1.png",1,0.558,83.117583192164,4.05399191873865,18.3694062914559,"#E4CBAD"
"3923264222_1","3923264222_1.png",2,0.442,35.958422102547,7.23704173312557,12.9438454296271,"#675040"
"3923264222_2","3923264222_2.png",1,0.545,81.840572598684,2.17215431930681,11.4137502996539,"#D8C9B6"
"3923264222_2","3923264222_2.png",2,0.455,36.5660282679607,7.96331630257535,18.6272691498051,"#6C5138"
"3923592079_1","3923592079_1.png",1,0.5208,80.5023703452068,1.17377329248956,7.74720471502849,"#D0C6B9"
"3923592079_1","3923592079_1.png",2,0.4792,45.7461793440251,3.19491368234533,8.52435713768177,"#776A5E"
"3923592079_2","3923592079_2.png",1,0.5632,76.1250734269881,0.963080357156971,6.22383159410005,"#C2BBB0"
"3923592079_2","3923592079_2.png",2,0.4368,37.309830471092,5.42825673538045,12.7580625352377,"#685444"
"3923592079_3","3923592079_3.png",1,0.7148,68.4348565384867,2.21554177344208,11.6266904526227,"#B3A592"
"3923592079_3","3923592079_3.png",2,0.2852,24.5677114678341,9.3155597417317,20.8745473600899,"#50341B"
"3923592079_4","3923592079_4.png",1,0.584,55.1992163513566,2.50920585620226,7.65329824547416,"#8E8277"
"3923592079_4","3923592079_4.png",2,0.416,94.5196908027495,1.8363385257982,9.9257453268472,"#FBEDDC"
"3923652276_1","3923652276_1.png",1,0.5692,76.5461227127729,1.29040450535821,2.38637478029004,"#C1BCB9"
"3923652276_1","3923652276_1.png",2,0.4308,47.2642682209403,1.59025695022602,2.89627884664709,"#756F6B"
"3925068492_1","3925068492_1.png",1,0.5338,76.980228861505,1.56260096330753,6.25619096831609,"#C6BDB3"
"3925068492_1","3925068492_1.png",2,0.4662,44.8274297147817,5.621432962462,10.8252794216323,"#7A6658"
"3925261578_1","3925261578_1.png",1,0.5472,74.0724163450005,0.462466011416933,4.52851877843937,"#BBB5AE"
"3925261578_1","3925261578_1.png",2,0.4528,51.9526529541131,0.780332703939875,4.6646211667667,"#817B74"
"3925261578_2","3925261578_2.png",1,0.7304,67.7524063391088,0.583616718734507,5.18201437037657,"#AAA49C"
"3925261578_2","3925261578_2.png",2,0.2696,46.3759871810424,1.48820643471682,6.78791976404164,"#756D63"
"3925474690_1","3925474690_1.png",1,0.5664,56.3170100352124,-3.07626919783226,7.77597513067486,"#878879"
"3925474690_1","3925474690_1.png",2,0.4336,81.4226350471651,-1.37012721527334,3.93909173242517,"#CBCBC3"
"3925474690_2","3925474690_2.png",1,0.5118,50.8687972477966,-3.31690694744395,6.9541605266623,"#787A6D"
"3925474690_2","3925474690_2.png",2,0.4882,81.0680231372477,-1.15887604764417,4.23317816349013,"#CBCAC1"
"3925474690_3","3925474690_3.png",1,0.5696,54.4671820399079,-3.16248215407309,7.36830928895048,"#828476"
"3925474690_3","3925474690_3.png",2,0.4304,84.9958178047181,-1.16307901799723,3.76155770204361,"#D5D5CD"
"3925474690_4","3925474690_4.png",1,0.594,55.3675689367584,-4.49422110648245,7.52875353649617,"#828777"
"3925474690_4","3925474690_4.png",2,0.406,85.0417905804973,-1.51895210859769,4.2264058192736,"#D5D5CC"
"3947138318_1","3947138318_1.png",1,0.5868,71.8249860640682,-0.184790819835254,13.9617683461923,"#BAAF97"
"3947138318_1","3947138318_1.png",2,0.4132,50.0296014529273,2.75965801684554,19.6277254704806,"#877456"
"3947138318_2","3947138318_2.png",1,0.6042,71.5115098324416,-0.213577587923068,14.0334457505239,"#B9AE96"
"3947138318_2","3947138318_2.png",2,0.3958,49.2523032184942,2.90243136190764,20.1576664736355,"#867253"
"3947138318_3","3947138318_3.png",1,0.5832,71.8687882656358,-0.184239734902223,14.382787436893,"#BAAF96"
"3947138318_3","3947138318_3.png",2,0.4168,51.1976184092712,2.45494168394214,18.6648559704582,"#8A785A"
"3947601703_1","3947601703_1.png",1,0.7104,68.3139582001691,4.31088588280025,-0.190566725594256,"#AEA4A7"
"3947601703_1","3947601703_1.png",2,0.2896,52.2482169524458,4.09892156311723,-0.880592575813407,"#837A7E"
"3947601703_2","3947601703_2.png",1,0.521,73.8506452148047,2.69421315466243,0.175922830849387,"#BBB4B5"
"3947601703_2","3947601703_2.png",2,0.479,54.7121413919279,4.35426749021726,-1.31706369765753,"#8A8185"
"3961211912_1","3961211912_1.png",1,0.8998,65.2476056845252,-0.124189781585134,7.9857133458876,"#A49E90"
"3961211912_1","3961211912_1.png",2,0.1002,28.2365997463117,1.13035751352006,20.2909940759685,"#4E4123"
"3961211912_2","3961211912_2.png",1,0.8788,65.5952327182348,0.0804607544363963,7.62637823494901,"#A59F92"
"3961211912_2","3961211912_2.png",2,0.1212,30.7230061819002,1.46571282853167,13.0207015227577,"#524734"
"3961211912_3","3961211912_3.png",1,0.9194,64.9122779345563,0.00214284996220546,7.43882314613508,"#A39D90"
"3961211912_3","3961211912_3.png",2,0.0806,27.9492967438255,0.97038264716219,18.6039617174273,"#4D4125"
"3961455914_1","3961455914_1.png",1,0.591,75.9005086316906,2.23701812352569,-6.4062767269042,"#BABAC7"
"3961455914_1","3961455914_1.png",2,0.409,43.3261291717969,2.29218617055605,-4.04893658634302,"#67656D"
"3963399901_1","3963399901_1.png",1,0.58,72.6069458644309,0.293957493387781,2.94180644095373,"#B5B2AD"
"3963399901_1","3963399901_1.png",2,0.42,50.8682699040971,1.08062946902891,5.32479932455622,"#7F7870"
"3963460776_1","3963460776_1.png",1,0.5226,56.7711465337168,1.28364790788635,5.0671828319346,"#8E877F"
"3963460776_1","3963460776_1.png",2,0.4774,74.8114778755766,0.825629660858334,1.96043050030733,"#BBB7B5"
"3963460776_2","3963460776_2.png",1,0.532,56.9722644054472,0.437952146857903,6.68534223032221,"#8E887D"
"3963460776_2","3963460776_2.png",2,0.468,74.6991215448801,-0.117244399993813,2.15462141531605,"#B9B8B4"
"3986382390_1","3986382390_1.png",1,0.5936,70.793275903392,-0.373665422020527,-0.650284439489602,"#ACADAE"
"3986382390_1","3986382390_1.png",2,0.4064,53.0146422310237,0.521293604827152,1.02765136291185,"#807E7D"
"3994140653_1","3994140653_1.png",1,0.5968,77.0585543778255,0.795207947063942,2.90300802504026,"#C2BEB9"
"3994140653_1","3994140653_1.png",2,0.4032,41.5787057674263,3.0341258607989,6.87177322645792,"#6C6057"
"3995412756_1","3995412756_1.png",1,0.5852,74.9809511474364,1.22796987094451,4.70895868250501,"#BFB7B0"
"3995412756_1","3995412756_1.png",2,0.4148,46.5706129884984,5.77359713465667,13.2214559838107,"#806A59"
"3995518777_1","3995518777_1.png",1,0.541,75.0893078550974,2.42895006959054,9.04151711043856,"#C4B7A8"
"3995518777_1","3995518777_1.png",2,0.459,52.9725375554699,4.24392425357667,8.75747647879722,"#8C7B70"
"3995518777_2","3995518777_2.png",1,0.5228,74.8870936806516,2.43293510109093,9.59471135681853,"#C4B6A7"
"3995518777_2","3995518777_2.png",2,0.4772,52.8369222370643,3.99448109704576,8.51968814312091,"#8B7B70"
"3995518927_1","3995518927_1.png",1,0.5912,70.5272205961537,-0.419637515871969,6.69427959023495,"#B1ACA0"
"3995518927_1","3995518927_1.png",2,0.4088,54.8722008154008,-0.54244787351465,10.2545257993083,"#8A8372"
"3995518927_2","3995518927_2.png",1,0.6858,68.8425027409291,-0.828118391171401,8.07819708193108,"#ADA899"
"3995518927_2","3995518927_2.png",2,0.3142,48.3878454243867,-1.78435977410392,15.057509548089,"#7A735A"
"3995653261_1","3995653261_1.png",1,0.5016,73.0642769611768,2.98433505165994,7.94278777389924,"#BFB1A5"
"3995653261_1","3995653261_1.png",2,0.4984,56.4175396363276,5.19341187799574,6.43639342091743,"#95847C"
"3995653261_2","3995653261_2.png",1,0.5682,72.385226168645,2.68949724424069,5.68175480400095,"#BBB0A7"
"3995653261_2","3995653261_2.png",2,0.4318,53.5800503541128,4.12846598110147,5.64037206354578,"#8B7D77"
"3995653261_3","3995653261_3.png",1,0.6544,69.5844242386385,2.130552267933,3.73342926167393,"#B1A8A3"
"3995653261_3","3995653261_3.png",2,0.3456,52.283465663664,3.50596489253599,3.39316032205949,"#857B77"
"3995653261_4","3995653261_4.png",1,0.5958,71.2848784952925,2.18169343137961,4.68779000780371,"#B6ADA6"
"3995653261_4","3995653261_4.png",2,0.4042,52.682646316264,3.73395089590978,4.40872417728684,"#877B76"
"3995938661_1","3995938661_1.png",1,0.5152,77.8144134146828,0.64237941646112,5.02475167642226,"#C6C0B7"
"3995938661_1","3995938661_1.png",2,0.4848,51.1406395398175,3.03231985964404,10.8425024403448,"#867768"
"3995960817_1","3995960817_1.png",1,0.579157700584076,71.4714227136583,1.36850163516475,2.19055866315458,"#B3AEAB"
"3995960817_1","3995960817_1.png",2,0.420842299415924,53.0452195977375,4.31400431622733,5.42874537773955,"#8A7C76"
"3995960817_2","3995960817_2.png",1,0.6,74.5224978601488,0.106828743602468,1.23741875300772,"#B9B7B5"
"3995960817_2","3995960817_2.png",2,0.4,42.5669530462011,0.589448431954568,1.8730076276482,"#676461"
"3995960817_3","3995960817_3.png",1,0.508,74.4546766719293,1.83470432740967,0.636413554578654,"#BBB6B6"
"3995960817_3","3995960817_3.png",2,0.492,55.641159805973,1.81453091023763,-3.13722605960082,"#86848B"
"3995960817_4","3995960817_4.png",1,0.5926,70.713590528467,1.39243814351587,1.62080977709744,"#B1ACAA"
"3995960817_4","3995960817_4.png",2,0.4074,53.9795137831062,1.51722022183404,0.392433465646015,"#848080"
"3995960817_5","3995960817_5.png",1,0.58945325137496,54.6875475892415,8.21245484168146,16.4372300109036,"#9B7D67"
"3995960817_5","3995960817_5.png",2,0.41054674862504,80.9742020391459,4.94302375164213,11.3331743742624,"#DBC5B4"
"3996000357_1","3996000357_1.png",1,0.688192465970244,73.900914062994,1.79265777286485,-0.0679486656485584,"#B9B5B6"
"3996000357_1","3996000357_1.png",2,0.311807534029756,28.6551431465892,2.53658056953881,-12.622498737075,"#3D4357"
"3996198984_1","3996198984_1.png",1,0.5486,56.1571036181172,-1.31732422515314,1.64285061327038,"#858784"
"3996198984_1","3996198984_1.png",2,0.4514,78.1126046163445,-2.83884421593386,0.3355396153542,"#BCC3C0"
"3996662996_1","3996662996_1.png",1,0.6014,56.6992273119515,6.86117578088554,20.0605865371634,"#A08366"
"3996662996_1","3996662996_1.png",2,0.3986,80.050432170929,4.23925965815255,12.596803720302,"#D8C3AF"
"3996701858_1","3996701858_1.png",1,0.6082,68.5782759299788,1.48781641007905,3.38773055210563,"#ADA6A1"
"3996701858_1","3996701858_1.png",2,0.3918,56.6646613092351,1.70769960003757,3.03616889855877,"#8D8783"
"3996939330_1","3996939330_1.png",1,0.5568,76.1881467117857,1.86273850655303,6.83805867663865,"#C5BAAF"
"3996939330_1","3996939330_1.png",2,0.4432,48.4139017696245,4.95775719187841,11.5629986052728,"#836F60"
"3996939330_2","3996939330_2.png",1,0.5242,75.3399575124124,1.7453878228006,7.82083277206117,"#C3B8AB"
"3996939330_2","3996939330_2.png",2,0.4758,52.3482186208732,3.43182512900395,12.5275597928868,"#8B7A68"
"3996958968_1","3996958968_1.png",1,0.58,55.2605090428755,4.32827547240902,4.16843813257108,"#8F827D"
"3996958968_1","3996958968_1.png",2,0.42,81.6930990312386,1.65421404100926,3.91321371377584,"#D1CAC4"
"3996958968_2","3996958968_2.png",1,0.559,55.0782898407303,4.41393104945324,2.83710238160323,"#8E817F"
"3996958968_2","3996958968_2.png",2,0.441,79.9834334067161,1.68013289911169,2.87189965290912,"#CCC5C1"
"3996958968_3","3996958968_3.png",1,0.5532,53.9302039267268,3.35487948026499,4.1203781760976,"#8A7F7A"
"3996958968_3","3996958968_3.png",2,0.4468,80.9972196784979,0.653790421087751,3.2774840438178,"#CDC8C3"
"3996958968_4","3996958968_4.png",1,0.5784,56.0499732595181,3.15448468689911,1.36453117926714,"#8D8484"
"3996958968_4","3996958968_4.png",2,0.4216,81.3564478540152,0.484146699178213,1.58703882544843,"#CCCAC7"
"3997170389_1","3997170389_1.png",1,0.5636,58.1585601483085,2.77199021766928,1.3501004479131,"#928A8A"
"3997170389_1","3997170389_1.png",2,0.4364,75.9052789498217,1.73415750849835,3.97970841754424,"#C2BAB4"
"3997170389_2","3997170389_2.png",1,0.5416,57.7234983794133,2.86455336463158,2.33542576800393,"#928987"
"3997170389_2","3997170389_2.png",2,0.4584,75.2544655946117,1.8480915076046,4.67727204784,"#C1B8B1"
"3997170389_3","3997170389_3.png",1,0.56,57.5754955035742,2.84808525296665,2.72809674362217,"#918886"
"3997170389_3","3997170389_3.png",2,0.44,75.891289776453,1.75898254314592,4.38979652047368,"#C2BAB3"
"3997170389_4","3997170389_4.png",1,0.6168,58.7634885514373,2.72583460295859,2.27036295624004,"#948C89"
"3997170389_4","3997170389_4.png",2,0.3832,76.9444161957806,1.75945792065297,5.06841320072022,"#C5BDB5"
"3997342840_1","3997342840_1.png",1,0.7,69.4357619223076,-0.254893909704436,0.871499762576595,"#AAAAA8"
"3997342840_1","3997342840_1.png",2,0.3,46.0978339595331,-0.42495763673266,1.53915919120802,"#6E6D6B"
"3997378664_1","3997378664_1.png",1,0.6832,61.941499448963,2.61481437820505,-2.88599383066293,"#98949B"
"3997378664_1","3997378664_1.png",2,0.3168,94.4274064410974,1.56682008702711,5.31994275206809,"#F7EEE5"
"3997378664_2","3997378664_2.png",1,0.5542,51.2401205563041,7.42563936716699,15.0718959125021,"#907561"
"3997378664_2","3997378664_2.png",2,0.4458,94.7778126835992,4.28801644845768,17.4435943585929,"#FFECCF"
"3997378664_3","3997378664_3.png",1,0.773,62.7255025367663,3.9332224293293,-2.83244845377325,"#9D969D"
"3997378664_3","3997378664_3.png",2,0.227,87.1570364720288,3.22730983363341,3.39818570337592,"#E3D8D4"
"3997378664_4","3997378664_4.png",1,0.665645424836601,73.5768914777173,1.68663572662984,5.03706149991428,"#BCB3AC"
"3997378664_4","3997378664_4.png",2,0.334354575163399,37.7482029900079,3.93727695673771,6.91944836112109,"#64564E"
"4006554006_1","4006554006_1.png",1,0.7602,68.6667609594363,2.45859015069131,7.26733086069832,"#B2A69B"
"4006554006_1","4006554006_1.png",2,0.2398,36.4773736886292,8.34405880588325,-1.18360850629183,"#625158"
"4006628308_1","4006628308_1.png",1,0.5488,73.4607257488531,0.831259024665458,3.29823673027501,"#B9B4AE"
"4006628308_1","4006628308_1.png",2,0.4512,53.1293487107856,1.3430397065673,3.22508702060502,"#847E79"
"4018343432_1","4018343432_1.png",1,0.596,71.6170420902565,3.10292718754043,11.6234449787543,"#BEAD9B"
"4018343432_1","4018343432_1.png",2,0.404,52.4023524147988,7.40207676109732,14.1436110921941,"#927865"
"4018414466_1","4018414466_1.png",1,0.6144,70.4171751261732,1.14413565784025,1.49010167704369,"#B0ABAA"
"4018414466_1","4018414466_1.png",2,0.3856,54.5097159109508,1.87949449383755,2.45228568684741,"#88817E"
"4018506424_1","4018506424_1.png",1,0.6014,72.762324540405,1.62334821516613,11.7522056643223,"#BEB19D"
"4018506424_1","4018506424_1.png",2,0.3986,45.5919580572939,4.39164110820647,13.0635121188689,"#7B6956"
"4018645448_1","4018645448_1.png",1,0.5876,71.8577912162518,0.724726663066261,5.12829691653597,"#B6AFA7"
"4018645448_1","4018645448_1.png",2,0.4124,52.7228390685519,1.638329215355,6.77879820276417,"#867C72"
"4018647469_1","4018647469_1.png",1,0.5188,77.9161615535611,0.560787275246054,1.63022755942854,"#C3C0BE"
"4018647469_1","4018647469_1.png",2,0.4812,49.1734918257864,0.909814629160295,0.299682390345301,"#777474"
"4029170772_1","4029170772_1.png",1,0.5578,74.9013248530108,0.885362512701645,1.93114276299628,"#BCB8B5"
"4029170772_1","4029170772_1.png",2,0.4422,49.4285787854627,1.88069098346606,3.27021614186427,"#7B7470"
"4034630571_1","4034630571_1.png",1,0.5554,73.4404090409579,2.64774435625733,1.83681731691015,"#BBB3B1"
"4034630571_1","4034630571_1.png",2,0.4446,51.6059611840168,4.72453566393762,4.40250370574676,"#867874"
"4056054414_1","4056054414_1.png",1,0.7234,69.5802786253785,0.123223126976582,10.2278983280072,"#B2A998"
"4056054414_1","4056054414_1.png",2,0.2766,46.3979978493522,1.02577518745711,16.3869082130484,"#7A6C53"
"4056054414_2","4056054414_2.png",1,0.5752,73.6233297700282,-0.0150474709814674,10.3545073813872,"#BDB4A2"
"4056054414_2","4056054414_2.png",2,0.4248,51.2237506630782,0.860840071423722,17.6372166957678,"#87795C"
"4056266261_1","4056266261_1.png",1,0.5956,76.3653417996321,0.186341167279743,-0.905085443803274,"#BCBCBE"
"4056266261_1","4056266261_1.png",2,0.4044,34.0827049406615,4.38058425348364,-5.50620760862961,"#534E59"
"4056396637_1","4056396637_1.png",1,0.5762,75.575664180405,-0.357708634894783,1.79965325373463,"#BBBAB7"
"4056396637_1","4056396637_1.png",2,0.4238,44.5727631501478,0.282492378750044,7.79057337386403,"#6F695D"
"4056438662_1","4056438662_1.png",1,0.5384,71.6406538771021,0.704364740697437,-0.963208177190507,"#B0AFB1"
"4056438662_1","4056438662_1.png",2,0.4616,55.6442913326197,1.63001085236396,-2.42492363692803,"#868589"
"4056675737_1","4056675737_1.png",1,0.5582,54.2553150044706,0.135700869390224,2.0599590961071,"#84827E"
"4056675737_1","4056675737_1.png",2,0.4418,83.4023271943463,0.349310800984458,-1.35148061114925,"#CFD0D2"
"4056675737_2","4056675737_2.png",1,0.6172,73.3008993045388,1.47209823359772,5.4298053217231,"#BBB3AA"
"4056675737_2","4056675737_2.png",2,0.3828,46.4635645558548,2.38568909914066,7.01558723883055,"#776C63"
"4056675737_3","4056675737_3.png",1,0.5184,51.514826047907,0.611832854290473,1.70628663331865,"#7D7A78"
"4056675737_3","4056675737_3.png",2,0.4816,80.4662687362096,0.426644697791329,-1.14326701372549,"#C7C7CA"
"4058098494_1","4058098494_1.png",1,0.5228,54.4766182137308,5.49203497043974,15.3278893243382,"#957E68"
"4058098494_1","4058098494_1.png",2,0.4772,77.1937823328412,5.56478717203682,13.5434765082494,"#D3BAA6"
"4058098494_2","4058098494_2.png",1,0.5122,79.5172421702133,5.69312957928481,12.6626590344151,"#D9C1AE"
"4058098494_2","4058098494_2.png",2,0.4878,49.6589291792408,1.81969637806131,10.5526217861506,"#807464"
"4058174390_1","4058174390_1.png",1,0.7758,67.2051800385537,-0.158101730862629,2.83221410302416,"#A6A39F"
"4058174390_1","4058174390_1.png",2,0.2242,38.847725925949,-0.765272120758007,8.57518561128943,"#605B4E"
"4067519408_1","4067519408_1.png",1,0.5882,70.1220319326188,0.124894907199809,6.71477858481568,"#B1AB9F"
"4067519408_1","4067519408_1.png",2,0.4118,52.5433655566244,1.29019337777854,7.56901513985774,"#857C71"
"4067724425_1","4067724425_1.png",1,0.5994,73.5808237007823,-3.53325569068758,14.3409179052247,"#B9B69A"
"4067724425_1","4067724425_1.png",2,0.4006,46.4456524851685,-0.620716208615031,8.99478581228044,"#736E5F"
"4080659089_1","4080659089_1.png",1,0.6116,73.8093767149216,-0.607012568162572,-0.187504720802701,"#B4B6B6"
"4080659089_1","4080659089_1.png",2,0.3884,42.8155324211832,0.765190374398901,-0.915154825679117,"#666567"
"4080659089_2","4080659089_2.png",1,0.5996,74.44646615453,-0.581276899295135,-0.268597569871551,"#B6B7B8"
"4080659089_2","4080659089_2.png",2,0.4004,41.3528237459023,1.22164004448819,-1.2288431126634,"#636164"
"4080659089_3","4080659089_3.png",1,0.6122,74.7807435121517,-0.594806451570206,-0.389946236848948,"#B7B8B9"
"4080659089_3","4080659089_3.png",2,0.3878,42.2218560948396,0.890737186611048,-0.953090045170698,"#646365"
"4096659434_1","4096659434_1.png",1,0.6262,70.6846031804886,0.224032126207311,0.712213073548325,"#AEADAC"
"4096659434_1","4096659434_1.png",2,0.3738,45.4870095762795,2.74682585988111,2.10481708225739,"#726A68"
"4096791861_1","4096791861_1.png",1,0.5404,78.0842101834855,-0.104566232342356,0.498067912346192,"#C1C1C0"
"4096791861_1","4096791861_1.png",2,0.4596,46.0047843648956,0.528437272407619,7.26191659897174,"#736C61"
"4102773285_1","4102773285_1.png",1,0.7194,67.7607716166102,-0.515732849404618,2.60741681434985,"#A6A5A0"
"4102773285_1","4102773285_1.png",2,0.2806,47.4625744981662,1.2559299158532,5.77968101244029,"#777067"
"4102807855_1","4102807855_1.png",1,0.5438,76.5110154997473,0.962418282777538,2.83495309480889,"#C1BCB8"
"4102807855_1","4102807855_1.png",2,0.4562,48.437384150501,2.04452654868779,3.43682412119527,"#79726D"
"4102807855_2","4102807855_2.png",1,0.6556,76.1675735286402,0.432402053612099,3.35400892791679,"#BFBBB6"
"4102807855_2","4102807855_2.png",2,0.3444,29.8480422131619,2.66993957906216,-2.70213815911231,"#49454B"
"4102807855_3","4102807855_3.png",1,0.6014,75.8906829549441,3.07389466237507,3.32156135593952,"#C4B9B5"
"4102807855_3","4102807855_3.png",2,0.3986,42.6934084406417,2.92553167566894,1.17251271796882,"#6B6363"
"4102807855_4","4102807855_4.png",1,0.5638,54.7734129862774,3.02030057306631,2.98504681178689,"#8B817E"
"4102807855_4","4102807855_4.png",2,0.4362,80.0694213015854,1.85201318309228,3.1735235327542,"#CDC5C1"
"4102807855_5","4102807855_5.png",1,0.6616,70.4196441376503,4.57261899822207,3.96150743421613,"#B8A9A5"
"4102807855_5","4102807855_5.png",2,0.3384,39.9260541702318,2.95812506585706,1.54505590293246,"#645C5C"
"4102807855_6","4102807855_6.png",1,0.63,72.3033646377692,4.86447963474521,4.35246017336137,"#BEAEAA"
"4102807855_6","4102807855_6.png",2,0.37,42.6363897264425,2.45284879450798,2.40181315605665,"#6B6361"
"4103304983_1","4103304983_1.png",1,0.5788,72.7016394222819,-0.834827829618674,-1.43352298902113,"#AFB3B5"
"4103304983_1","4103304983_1.png",2,0.4212,52.1190124154813,-2.05985977300956,-3.26715159646557,"#767E82"
"4103304983_2","4103304983_2.png",1,0.6408,70.9317303795994,1.55172039882855,2.1597701951849,"#B2ACAA"
"4103304983_2","4103304983_2.png",2,0.3592,34.4344455309123,3.38592435408212,3.12731378438427,"#584F4C"
"4103314201_1","4103314201_1.png",1,0.6858,74.4983097207625,-1.6359930025025,1.95847740006863,"#B6B8B4"
"4103314201_1","4103314201_1.png",2,0.3142,32.5668740030876,-3.89194847720436,5.61690429883571,"#4A4E44"
"4111899997_1","4111899997_1.png",1,0.6784,67.8870317681002,2.4308335778694,18.5769486448995,"#B6A384"
"4111899997_1","4111899997_1.png",2,0.3216,56.2958474479531,4.4112665363901,23.1099459074767,"#9C835F"
"4116247787_1","4116247787_1.png",1,0.6186,76.022827803574,0.110718893015547,1.76598433244647,"#BDBBB8"
"4116247787_1","4116247787_1.png",2,0.3814,37.7946540501521,0.243510821511548,3.75080713189469,"#5C5953"
"4116307953_1","4116307953_1.png",1,0.5018,79.7583026020173,-2.98576634687047,8.88182375817492,"#C7C7B5"
"4116307953_1","4116307953_1.png",2,0.4982,49.1962041325402,0.6360696523178,6.15817211093171,"#7A746B"
"4116508679_1","4116508679_1.png",1,0.5444,52.1294297386558,6.28793442736816,4.81693779107397,"#8A7874"
"4116508679_1","4116508679_1.png",2,0.4556,84.2532055097739,2.91190715990723,0.4175197741444,"#D8D0D1"
"4121032182_1","4121032182_1.png",1,0.505,53.9838485027502,5.97854514148854,9.71650544669089,"#927D71"
"4121032182_1","4121032182_1.png",2,0.495,76.9077608636973,3.47968095321489,8.33960295173578,"#CBBBAF"
"4121032182_2","4121032182_2.png",1,0.5084,53.8502395813179,5.90686583642779,9.69995218071231,"#917D70"
"4121032182_2","4121032182_2.png",2,0.4916,77.0625188977387,3.43867893806365,7.87498681705085,"#CBBCB0"
"4121032182_3","4121032182_3.png",1,0.5006,51.9561707727095,5.74740398859637,9.75202114864115,"#8C786C"
"4121032182_3","4121032182_3.png",2,0.4994,78.4099584173055,2.79039715249923,5.20243248929868,"#CBC0B8"
"4121032182_4","4121032182_4.png",1,0.5188,76.9909734731872,3.35745143625335,5.73401801673742,"#C9BCB4"
"4121032182_4","4121032182_4.png",2,0.4812,52.1859986742705,6.39787704079883,10.1515838893458,"#8E786B"
"4121032182_5","4121032182_5.png",1,0.5382,55.4706636160854,5.97455449441875,8.8666953691084,"#958176"
"4121032182_5","4121032182_5.png",2,0.4618,77.6686622959162,3.39382635669491,8.06722256362259,"#CDBDB1"
"4121131826_1","4121131826_1.png",1,0.6194,59.1656211798654,1.53055522817472,6.52688712496198,"#968D83"
"4121131826_1","4121131826_1.png",2,0.3806,77.9797309801556,-0.0925702944686412,3.86089781120829,"#C4C1BA"
"4121131826_2","4121131826_2.png",1,0.6004,59.0835416065863,1.66484195274293,6.54582232409386,"#968D83"
"4121131826_2","4121131826_2.png",2,0.3996,77.6060646896275,-0.068857694464696,3.94040464590714,"#C3BFB8"
"4121131826_3","4121131826_3.png",1,0.5838,58.4757242419368,0.985385791061476,6.00170199879614,"#938C82"
"4121131826_3","4121131826_3.png",2,0.4162,82.5096954728308,-0.452933675980877,4.22717533967023,"#D0CDC5"
"4121131826_4","4121131826_4.png",1,0.6634,59.1187486362147,13.285163522979,12.2888449571929,"#AD8579"
"4121131826_4","4121131826_4.png",2,0.3366,85.3287549938138,0.844966415991704,5.19215400168618,"#DBD4CB"
"4121131826_5","4121131826_5.png",1,0.626,59.4878412176393,1.04212240534436,5.85329466217806,"#958E85"
"4121131826_5","4121131826_5.png",2,0.374,82.8533736283636,-0.386666152138466,3.45429383714849,"#D0CEC8"
"4121481795_1","4121481795_1.png",1,0.5644,71.6524051364456,3.15478829997951,7.17001436018649,"#BBADA3"
"4121481795_1","4121481795_1.png",2,0.4356,54.6327642401179,4.53527012312494,8.74981641374572,"#918074"
"4126997634_1","4126997634_1.png",1,0.6832,69.8243666107524,3.0449053001324,9.43748059796502,"#B7A89A"
"4126997634_1","4126997634_1.png",2,0.3168,46.2258346440965,6.08793503433933,15.6445600663022,"#816954"
"4127070176_1","4127070176_1.png",1,0.563,77.8155352494647,3.19804903846777,6.93298048669717,"#CCBEB4"
"4127070176_1","4127070176_1.png",2,0.437,45.5710666357363,3.51749493245453,11.6734507522399,"#796959"
"4127305536_1","4127305536_1.png",1,0.6232,73.5349314942401,0.624790925500318,3.97343375832111,"#B9B4AD"
"4127305536_1","4127305536_1.png",2,0.3768,44.2827393627982,2.53535789038987,4.61426359541112,"#706761"
"4127402527_1","4127402527_1.png",1,0.6028,73.2779375244614,1.62133594759237,8.52232155598292,"#BEB2A4"
"4127402527_1","4127402527_1.png",2,0.3972,42.8406356323324,2.16796755335451,10.1644378859698,"#6F6355"
"4129720725_1","4129720725_1.png",1,0.7144,70.3427568716671,1.18563416820361,0.836515533925764,"#AFABAB"
"4129720725_1","4129720725_1.png",2,0.2856,31.9783211161239,5.20209483760361,-0.152740295188234,"#53484C"
"4129962816_1","4129962816_1.png",1,0.5486,54.832456497602,1.00074184648557,6.14670217931223,"#898279"
"4129962816_1","4129962816_1.png",2,0.4514,78.9966909565221,0.376741606377703,3.07223969697076,"#C7C3BE"
"4130043636_1","4130043636_1.png",1,0.657,67.3908193656939,-0.471155606337489,-0.813319428793332,"#A2A4A5"
"4130043636_1","4130043636_1.png",2,0.343,56.7866075572473,-0.421018088274602,0.0727208870292923,"#888888"
"4130043636_2","4130043636_2.png",1,0.8322,65.4444874147374,0.224923816253968,0.847728135800109,"#A09F9D"
"4130043636_2","4130043636_2.png",2,0.1678,28.3544275001999,7.09280056789571,9.24125648229064,"#523F35"
"4130043636_3","4130043636_3.png",1,0.6238,70.1216765888225,8.19621073114687,14.3649461358323,"#C4A592"
"4130043636_3","4130043636_3.png",2,0.3762,52.9525718554738,14.4649639240937,25.3904896642767,"#A37453"
"4130105462_1","4130105462_1.png",1,0.5166,59.1083218934839,5.5625886341209,8.23551542725368,"#9E8A80"
"4130105462_1","4130105462_1.png",2,0.4834,71.9516739206396,2.74511918048197,8.46852738522705,"#BCAEA1"
"4130139600_1","4130139600_1.png",1,0.5658,71.0578989000476,1.32688706637403,3.88105741883193,"#B3ADA7"
"4130139600_1","4130139600_1.png",2,0.4342,54.7729042378001,1.82974561366578,3.52719492772667,"#89827D"
"4130139600_2","4130139600_2.png",1,0.5558,73.8897601330707,0.245821739009566,5.55080610465901,"#BAB5AB"
"4130139600_2","4130139600_2.png",2,0.4442,51.7236923756231,0.831876340831814,7.67704826889087,"#827A6E"
"4130139600_3","4130139600_3.png",1,0.5372,74.3408190551961,0.233281617660428,5.56417619943628,"#BCB6AD"
"4130139600_3","4130139600_3.png",2,0.4628,52.3441562037329,1.00456539207009,7.19045685932175,"#847C71"
"4134056124_1","4134056124_1.png",1,0.6526,73.0586950870948,1.63172694684263,3.39843723737732,"#B9B2AD"
"4134056124_1","4134056124_1.png",2,0.3474,42.8091933077754,4.1073982121505,6.16535832826009,"#70625B"
"4134181591_1","4134181591_1.png",1,0.5002,53.1547126457915,1.61199888897869,5.69489660588444,"#867E75"
"4134181591_1","4134181591_1.png",2,0.4998,77.1110926904666,0.587212225474092,2.69037772334908,"#C2BEB9"
"4138195070_1","4138195070_1.png",1,0.5986,54.0840894198582,0.688659448660397,7.16003932898206,"#888075"
"4138195070_1","4138195070_1.png",2,0.4014,87.3577480700681,0.910354195113927,3.79218810152607,"#E0DAD4"
"4138510114_1","4138510114_1.png",1,0.506,77.6440836661413,5.01390100810348,11.6832029016028,"#D2BCAB"
"4138510114_1","4138510114_1.png",2,0.494,51.5823031890736,7.03383330077703,13.5068022510514,"#8F7664"
"4138598437_1","4138598437_1.png",1,0.5436,55.2740080625572,7.15995826555062,7.05049992241918,"#968078"
"4138598437_1","4138598437_1.png",2,0.4564,79.3175778947488,4.36413982208341,2.40321129469381,"#CFC2C0"
"4138738448_1","4138738448_1.png",1,0.6922,61.8112186306038,-3.49537933118272,3.80372583536212,"#92978F"
"4138738448_1","4138738448_1.png",2,0.3078,78.131489724775,0.850443273634363,1.28557818374717,"#C4C1BF"
"4138738448_2","4138738448_2.png",1,0.5918,55.1723694295097,6.79255046319228,3.60960141694334,"#92807E"
"4138738448_2","4138738448_2.png",2,0.4082,83.298393540215,6.38642679133726,4.68081782451784,"#DFCBC7"
"4145181962_1","4145181962_1.png",1,0.6312,71.8588223894984,6.52834708442086,15.861688223395,"#C7AB94"
"4145181962_1","4145181962_1.png",2,0.3688,50.430598501097,14.0525570219059,30.5074272114931,"#9D6E44"
"4145181962_2","4145181962_2.png",1,0.5074,74.3033649189336,5.26579163807679,11.5080484137205,"#C9B3A2"
"4145181962_2","4145181962_2.png",2,0.4926,55.7300888787594,7.55693173066209,16.4431939890378,"#9D8069"
"4145207731_1","4145207731_1.png",1,0.5504,70.5009958738074,3.87391933805368,10.1134855541603,"#BBA99A"
"4145207731_1","4145207731_1.png",2,0.4496,57.8105226609678,4.21785619354123,6.59668035984589,"#978880"
"4145237834_1","4145237834_1.png",1,0.881895332390382,65.9564482792085,2.05961663453519,-5.3955163057203,"#A09FAA"
"4145237834_1","4145237834_1.png",2,0.118104667609618,46.7313864400395,8.30745555397046,-7.44356380129877,"#776B7B"
"4145237834_2","4145237834_2.png",1,0.6796,61.4906459046409,2.7533746271515,0.285437638043565,"#9A9394"
"4145237834_2","4145237834_2.png",2,0.3204,78.7210581008617,1.40847962439638,-1.46258304334754,"#C4C2C6"
"4145237834_3","4145237834_3.png",1,0.5218,70.8640564474763,0.396325508093027,1.27085371061408,"#AFADAB"
"4145237834_3","4145237834_3.png",2,0.4782,57.9605818882422,2.96998724738988,-1.33758256146775,"#908A8E"
"4145582236_1","4145582236_1.png",1,0.5052,82.5762898498719,-0.664151995836379,-1.30086706682629,"#CBCED0"
"4145582236_1","4145582236_1.png",2,0.4948,46.8297040485763,-0.441323586951021,-4.19054797874699,"#6B6F76"
"4153530777_1","4153530777_1.png",1,0.6068,71.1150939890331,1.15207933509903,10.1999393502515,"#B8AD9C"
"4153530777_1","4153530777_1.png",2,0.3932,54.3135379461456,1.23381564986233,12.2385888624038,"#8C806D"
"4156181632_1","4156181632_1.png",1,0.5704,83.8734872031121,-1.74301073531706,1.08345543594596,"#CFD2CF"
"4156181632_1","4156181632_1.png",2,0.4296,31.4635877574022,-2.33054278797234,3.47851793226311,"#494B45"
"4156181632_2","4156181632_2.png",1,0.71,68.5971520876486,7.48877430841334,-25.4014722744561,"#9CA5D5"
"4156181632_2","4156181632_2.png",2,0.29,47.053620626824,9.50019031146603,-20.1507778080527,"#6E6C91"
"4156237237_1","4156237237_1.png",1,0.6364,70.5088922874981,1.85494144796175,2.394392293846,"#B2ABA8"
"4156237237_1","4156237237_1.png",2,0.3636,51.4284007755794,4.35101242900315,6.36859514348575,"#867870"
"4156237237_2","4156237237_2.png",1,0.54,76.937987155293,-0.630204406290042,1.39484568831015,"#BEBEBB"
"4156237237_2","4156237237_2.png",2,0.46,49.4655933016225,0.363868022851625,1.03475712433475,"#777574"
"4156495100_1","4156495100_1.png",1,0.5772,54.2136152224059,0.159072339702373,-1.55677406551339,"#818284"
"4156495100_1","4156495100_1.png",2,0.4228,84.6777026699659,-1.51897584349057,1.63446114238367,"#D2D4D0"
"4156552682_1","4156552682_1.png",1,0.5878,70.2576981359383,2.23171379893597,4.42254940302842,"#B3AAA4"
"4156552682_1","4156552682_1.png",2,0.4122,55.3306095704229,2.50547905392609,5.80534369810638,"#8D837B"
"4157152050_1","4157152050_1.png",1,0.7386,68.9214194450276,4.08191898151342,4.74908864742941,"#B3A5A0"
"4157152050_1","4157152050_1.png",2,0.2614,43.5452146331617,11.1225696807315,40.3131722101957,"#885F21"
"4157413454_1","4157413454_1.png",1,0.678,71.0528527017433,0.886467918513434,3.21993247845161,"#B2ADA8"
"4157413454_1","4157413454_1.png",2,0.322,31.1743586797441,3.03549502085369,6.89444447251645,"#52473F"
"4157413454_2","4157413454_2.png",1,0.7078,68.6386153166492,0.522959078293417,1.62435808679562,"#AAA7A5"
"4157413454_2","4157413454_2.png",2,0.2922,31.2910417608752,2.57616151596149,1.79814695870275,"#4F4847"
"4157420758_1","4157420758_1.png",1,0.7052,69.4614791813699,-0.377043053497496,0.014613060502134,"#A9AAAA"
"4157420758_1","4157420758_1.png",2,0.2948,46.1285290325266,0.400212146785389,-0.317908945090681,"#6E6D6E"
"4157420758_2","4157420758_2.png",1,0.8168,66.2585347675756,1.14789886050424,-1.3915380538606,"#A2A0A4"
"4157420758_2","4157420758_2.png",2,0.1832,21.639997736539,2.39878662156991,-0.0426824035533982,"#373334"
"4157464536_1","4157464536_1.png",1,0.55234375,53.1494605232197,2.59653116385703,3.16793943114239,"#867D7A"
"4157464536_1","4157464536_1.png",2,0.44765625,80.783447224247,1.35634365521436,1.04992190374876,"#CCC8C7"
"4158038600_1","4158038600_1.png",1,0.5498,74.6219837471149,4.79750632772466,6.09868257682417,"#C5B4AD"
"4158038600_1","4158038600_1.png",2,0.4502,50.786073422365,6.54493908644789,10.1425812852043,"#8B7568"
"4159383492_1","4159383492_1.png",1,0.659,68.8875235971573,1.54938095325668,-3.98185354763556,"#A8A7AF"
"4159383492_1","4159383492_1.png",2,0.341,45.2091383256156,1.87560174892125,-4.34099350081317,"#6B6A72"
"4159759896_1","4159759896_1.png",1,0.5028,79.952004133575,0.852536766163813,-0.79415608064978,"#C7C6C8"
"4159759896_1","4159759896_1.png",2,0.4972,49.7778778096022,1.6789593487468,2.93761592503219,"#7B7571"
"4160068799_1","4160068799_1.png",1,0.5252,76.3875054137528,0.326652676223536,1.85211822943715,"#BFBCB9"
"4160068799_1","4160068799_1.png",2,0.4748,52.1991900369495,0.115501295771248,0.0677826971843505,"#7D7C7C"
"4162136156_1","4162136156_1.png",1,0.6572,68.9558308944995,3.20645774740541,-5.09620448360752,"#AAA7B1"
"4162136156_1","4162136156_1.png",2,0.3428,50.6191797336601,5.84668478734731,-11.8703862044903,"#79768D"
"4162136156_2","4162136156_2.png",1,0.5986,72.2634083757386,2.41755219595462,-3.55737104848491,"#B3B0B8"
"4162136156_2","4162136156_2.png",2,0.4014,50.665410571511,2.54045501925608,-8.29438731212228,"#767887"
"4162136156_3","4162136156_3.png",1,0.5936,71.7513176444356,4.61660125356431,-6.39001522711609,"#B3AEBB"
"4162136156_3","4162136156_3.png",2,0.4064,49.5925084865801,4.73467205103619,-7.56987858513346,"#787483"
"4162136156_4","4162136156_4.png",1,0.5884,73.7254946966173,4.10406657222312,-6.0035059983494,"#B8B3C0"
"4162136156_4","4162136156_4.png",2,0.4116,49.2510933185623,4.79842856845215,-7.76191184164952,"#777382"
"4162136156_5","4162136156_5.png",1,0.6022,72.4639084535244,5.13011051241581,-5.07531580966125,"#B7AFBB"
"4162136156_5","4162136156_5.png",2,0.3978,49.7262059690986,7.10535084779941,-9.37403045281769,"#7B7386"
"4165722700_1","4165722700_1.png",1,0.5814,57.9186441720817,2.5437244122229,4.73537610566021,"#938983"
"4165722700_1","4165722700_1.png",2,0.4186,77.2128148544915,1.7162647789968,2.71618682025217,"#C4BDBA"
"4165722700_2","4165722700_2.png",1,0.5002,56.0774917448169,1.70618630365329,4.52307422435727,"#8D857F"
"4165722700_2","4165722700_2.png",2,0.4998,74.0084579036124,1.6291852679461,3.93607510671875,"#BCB5AF"
"4165888938_1","4165888938_1.png",1,0.647,68.8613834501784,3.52794216917711,-5.39512411484192,"#AAA6B2"
"4165888938_1","4165888938_1.png",2,0.353,50.3970919536913,6.04508857334812,-12.2070265360507,"#78758D"
"4165958683_1","4165958683_1.png",1,0.7504,68.8667678530295,0.625464186982476,2.87873291685273,"#ABA7A3"
"4165958683_1","4165958683_1.png",2,0.2496,34.0386258119437,1.24601010803746,6.56094875619267,"#564F46"
"4165971560_1","4165971560_1.png",1,0.6416,73.2817567665924,2.02352874988805,3.66890223809429,"#BBB2AD"
"4165971560_1","4165971560_1.png",2,0.3584,42.3482130234319,3.09915953437652,7.65293332623256,"#6E6258"
"4172108920_1","4172108920_1.png",1,0.6678,58.6658060042411,-7.54141900622194,2.13069387979858,"#809189"
"4172108920_1","4172108920_1.png",2,0.3322,83.5265294129537,-4.93120480404484,0.236008413562753,"#C6D3D0"
"4172108920_2","4172108920_2.png",1,0.5952,56.4234208377106,-5.34305133093953,-1.66515587540186,"#7C8A8A"
"4172108920_2","4172108920_2.png",2,0.4048,85.046917203103,-1.53214057393072,-2.24982266694664,"#CFD5D9"
"4172108920_3","4172108920_3.png",1,0.6556,59.108273696541,-5.37708392515158,2.37312266721105,"#86918A"
"4172108920_3","4172108920_3.png",2,0.3444,79.5681510145294,-4.04602400805588,-0.423861311385964,"#BDC8C6"
"4177268133_1","4177268133_1.png",1,0.619791666666667,56.4134189457089,-1.78428416239816,3.22021885742146,"#878882"
"4177268133_1","4177268133_1.png",2,0.380208333333333,83.0436783522561,0.438201936076697,5.63974270072578,"#D4CEC4"
"4177394159_1","4177394159_1.png",1,0.561,70.1782244498928,3.12510523049129,5.4003322957303,"#B6A9A2"
"4177394159_1","4177394159_1.png",2,0.439,57.0974890033099,2.1174904734747,4.21927281783245,"#908882"
"4399908433_1","4399908433_1.png",1,0.5066,68.1463624244946,0.205677031284727,-2.18104171308784,"#A5A6AA"
"4399908433_1","4399908433_1.png",2,0.4934,62.3717640481701,-0.4831227794965,-0.172372653392267,"#969797"
"4399908433_2","4399908433_2.png",1,0.5042,84.4809277376083,0.62892991393104,3.09256209699071,"#D7D2CD"
"4399908433_2","4399908433_2.png",2,0.4958,46.256881208901,0.545434668461581,2.28600956219257,"#706D6A"
"4399908433_3","4399908433_3.png",1,0.5034,80.5944585729272,0.45966933035886,2.99753752957502,"#CBC7C2"
"4399908433_3","4399908433_3.png",2,0.4966,48.4611606507908,0.558856588639107,3.8854208664866,"#77736D"
"4400156035_1","4400156035_1.png",1,0.6058,73.7430063536306,0.139889762502478,-1.29816616874259,"#B4B5B8"
"4400156035_1","4400156035_1.png",2,0.3942,44.3430240411,2.30902197536157,-0.34033620014175,"#6D6869"
"4400156035_2","4400156035_2.png",1,0.5616,76.6272821184859,0.198679936948628,-1.00987409828561,"#BDBDBF"
"4400156035_2","4400156035_2.png",2,0.4384,45.9036643254671,2.11930031809103,-0.119460147678866,"#706C6D"
"4405409978_1","4405409978_1.png",1,0.5992,72.4504590658669,3.686230659842,14.2540593471397,"#C3AF98"
"4405409978_1","4405409978_1.png",2,0.4008,50.1728364649229,6.14582397396569,21.328581623488,"#8E7353"
"4407080623_1","4407080623_1.png",1,0.6442,68.0874461132139,0.364311301209159,1.70634540478331,"#A8A6A3"
"4407080623_1","4407080623_1.png",2,0.3558,53.8770639341206,1.52500700554374,3.4795310201657,"#86807B"
"4407080623_2","4407080623_2.png",1,0.647,67.9403966995816,0.454269102711193,1.63252389615652,"#A8A5A3"
"4407080623_2","4407080623_2.png",2,0.353,53.6744097900714,1.70136587884469,3.22063427834947,"#867F7B"
"4407080623_3","4407080623_3.png",1,0.6842,68.1430227582693,0.630694703517368,1.51922905862733,"#A8A6A3"
"4407080623_3","4407080623_3.png",2,0.3158,50.4695979917622,1.67780016397594,2.84871262962496,"#7D7773"
"4407397545_1","4407397545_1.png",1,0.5444,76.5934186226254,-1.03650277145069,3.56191935101925,"#BEBDB6"
"4407397545_1","4407397545_1.png",2,0.4556,48.364331464535,-0.384381438400238,7.64200577067471,"#787366"
"4407397545_2","4407397545_2.png",1,0.5814,74.3881944678875,-0.915909881168232,3.70611449601782,"#B8B7B0"
"4407397545_2","4407397545_2.png",2,0.4186,46.582083057219,0.691929691342481,8.44190758009394,"#756D60"
"4407397545_3","4407397545_3.png",1,0.6416,71.100405831311,-0.600113667722691,2.83441742329175,"#AFAEA9"
"4407397545_3","4407397545_3.png",2,0.3584,41.3225388425182,0.18498946351747,5.91727257703506,"#666158"
"4407404892_1","4407404892_1.png",1,0.6004,72.3389268592122,1.53154950371986,6.83618888634506,"#BAB0A5"
"4407404892_1","4407404892_1.png",2,0.3996,51.2581691786501,1.78375807177836,8.35078278146114,"#83796C"
"4407539784_1","4407539784_1.png",1,0.551,75.1893025512794,0.55977375585676,2.12142850857951,"#BCB9B5"
"4407539784_1","4407539784_1.png",2,0.449,50.1386394514481,2.07871932962513,3.67036744280071,"#7E7671"
"4407539784_2","4407539784_2.png",1,0.5242,76.0095191140459,-0.0620946602944005,3.26358949983136,"#BEBBB5"
"4407539784_2","4407539784_2.png",2,0.4758,51.8819662080805,0.768624895557598,6.03762568025605,"#817B71"
"4408587033_1","4408587033_1.png",1,0.5048,55.0135521374667,-0.360500737733131,7.97406651728133,"#898376"
"4408587033_1","4408587033_1.png",2,0.4952,74.9681611375351,-0.416798290592552,6.19455203215934,"#BDB8AD"
"4409181011_1","4409181011_1.png",1,0.5206,74.7810619907797,0.599141855852463,0.824494907162698,"#BAB8B7"
"4409181011_1","4409181011_1.png",2,0.4794,52.4484579963532,4.98028921163896,7.70094460525421,"#8B7A70"
"4409586037_1","4409586037_1.png",1,0.7334,70.4563865472802,0.568501731677923,8.7322387010358,"#B4AB9D"
"4409586037_1","4409586037_1.png",2,0.2666,42.586993929282,2.14321016718651,16.0446143291676,"#72624A"
"4413517702_1","4413517702_1.png",1,0.6366,73.3436835216272,2.4924423196325,15.8248177588855,"#C4B297"
"4413517702_1","4413517702_1.png",2,0.3634,40.1575479947854,9.66517320524763,27.868507881267,"#7A5831"
"4413578082_1","4413578082_1.png",1,0.6358,71.2673453643661,0.0216931057908327,-3.60908498676567,"#ABAFB5"
"4413578082_1","4413578082_1.png",2,0.3642,42.3629251024476,1.06262691714828,-2.49332443463322,"#646468"
"4413578082_2","4413578082_2.png",1,0.6346,72.3150236419201,-0.313521660968053,-3.72505587270718,"#ADB2B8"
"4413578082_2","4413578082_2.png",2,0.3654,45.0144522532343,1.24636864361702,-4.21031025429993,"#696A71"
"4413958567_1","4413958567_1.png",1,0.6532,72.8441680430747,1.24784372173644,-0.0374301395550217,"#B5B2B3"
"4413958567_1","4413958567_1.png",2,0.3468,32.2513766039801,5.31043923837084,5.35006404496585,"#574944"
"4416723093_1","4416723093_1.png",1,0.5142,80.345447571115,0.468206418443633,3.56493613267953,"#CBC7C1"
"4416723093_1","4416723093_1.png",2,0.4858,47.8492211309753,2.70574644391281,10.0089559904005,"#7D6F61"
"4416942725_1","4416942725_1.png",1,0.5896,70.805935990303,0.634612792140254,7.48356750049676,"#B4ACA0"
"4416942725_1","4416942725_1.png",2,0.4104,53.7143219560889,2.21112134146583,4.38889158381492,"#877F79"
"4416942725_2","4416942725_2.png",1,0.5974,70.398180907999,0.768116540949116,7.97682049227817,"#B4AB9E"
"4416942725_2","4416942725_2.png",2,0.4026,54.3204617046748,2.23425510222189,4.45204027370443,"#89807A"
"4416942725_3","4416942725_3.png",1,0.6084,70.1230583520734,0.906161354836569,7.93043532793811,"#B3AA9D"
"4416942725_3","4416942725_3.png",2,0.3916,54.8089061226424,2.03876877163035,5.21323464892563,"#8B827A"
"4416956324_1","4416956324_1.png",1,0.694,70.1738354413895,0.294035615360615,4.75668447752154,"#B0ABA3"
"4416956324_1","4416956324_1.png",2,0.306,45.3885626833761,1.35574116117741,8.80326524689852,"#746A5D"
"4420898286_1","4420898286_1.png",1,0.6028,71.7564049616483,-0.0837697037294635,-0.364460913023897,"#AFB0B0"
"4420898286_1","4420898286_1.png",2,0.3972,48.1772200749707,-0.759700318545086,3.11196535523447,"#73736D"
"4420898286_2","4420898286_2.png",1,0.5698,72.5329544864414,-0.135769434458727,0.0162151347360853,"#B2B2B2"
"4420898286_2","4420898286_2.png",2,0.4302,51.3521338280913,-0.858682927257441,3.00821778571801,"#7B7B75"
"4420898286_3","4420898286_3.png",1,0.537,58.6728600532818,-6.93400530851594,26.6647316463268,"#928F5E"
"4420898286_3","4420898286_3.png",2,0.463,73.5693743849207,-7.22138041419852,18.1748717231615,"#B5B893"
"4420931908_1","4420931908_1.png",1,0.7722,67.3204112968691,0.911520843691726,-0.749023255991707,"#A5A3A5"
"4420931908_1","4420931908_1.png",2,0.2278,35.7842194694498,9.30172348311897,-0.497176767366946,"#634F55"
"4421029190_1","4421029190_1.png",1,0.6268,71.9316247128026,-0.299951364435337,4.39793951919095,"#B3B0A8"
"4421029190_1","4421029190_1.png",2,0.3732,43.6661821011791,1.59627584213433,8.83073767706169,"#706659"
"4421029190_2","4421029190_2.png",1,0.6218,71.7028980194305,-0.569701900600262,3.13110343902607,"#B1B0AA"
"4421029190_2","4421029190_2.png",2,0.3782,41.6528893108053,-0.525839785744305,4.98922905150917,"#65625A"
"4421029190_3","4421029190_3.png",1,0.757,63.4014253804637,-1.49542546113985,8.9138852423363,"#9D9A8A"
"4421029190_3","4421029190_3.png",2,0.243,78.7099073674284,-0.854119761207155,3.54652671314323,"#C4C3BC"
"4421029190_4","4421029190_4.png",1,0.579,72.252717328847,-1.15519100253155,0.480453549523217,"#AFB2B0"
"4421029190_4","4421029190_4.png",2,0.421,39.1493966395594,-1.96913171026912,4.7717118723924,"#5C5D54"
"4421029190_5","4421029190_5.png",1,0.563,73.8385065116542,-0.41711868838819,0.308241316205034,"#B5B6B5"
"4421029190_5","4421029190_5.png",2,0.437,49.0774586763048,-0.946606904659665,4.24287995595834,"#76756D"
"4421029190_6","4421029190_6.png",1,0.6404,70.0635929668126,0.162840456434294,-1.87069159202927,"#AAABAF"
"4421029190_6","4421029190_6.png",2,0.3596,52.1921201352329,0.323145338114886,-0.455655084805917,"#7D7C7D"
"4424379536_1","4424379536_1.png",1,0.6266,59.2789110419408,1.56166179917474,2.12492810582794,"#938E8B"
"4424379536_1","4424379536_1.png",2,0.3734,76.2145845189042,0.390719497379142,1.2275016344724,"#BEBCBA"
"4424379536_2","4424379536_2.png",1,0.6226,59.8765056758591,0.85627705571884,0.961846506205341,"#93908F"
"4424379536_2","4424379536_2.png",2,0.3774,74.1956222745095,0.212561923458489,1.11675856521772,"#B8B6B4"
"4424412293_1","4424412293_1.png",1,0.6264,70.9478830615642,1.61989860430476,0.866007782619403,"#B1ADAC"
"4424412293_1","4424412293_1.png",2,0.3736,46.3285819436625,4.88117656014812,6.04685986259414,"#7A6B64"
"4424412293_2","4424412293_2.png",1,0.7076,69.3498068634215,1.25469377689401,4.57513170771409,"#AFA8A1"
"4424412293_2","4424412293_2.png",2,0.2924,41.961581394946,6.00365000561965,10.5333596167267,"#735F52"
"4424445126_1","4424445126_1.png",1,0.6708,69.8581623773992,-0.663524092800435,4.28202097576369,"#ADABA3"
"4424445126_1","4424445126_1.png",2,0.3292,43.7037159991386,0.223781553307994,6.43243226177252,"#6C675D"
"4424445126_2","4424445126_2.png",1,0.6638,70.1351693497459,-0.310120281589205,3.23693364702367,"#ADABA6"
"4424445126_2","4424445126_2.png",2,0.3362,42.0045072095113,0.259372703134507,5.39181462778403,"#67635A"
"4424445126_3","4424445126_3.png",1,0.6598,70.2758138441469,-0.817236312474528,4.68797470465979,"#AEACA3"
"4424445126_3","4424445126_3.png",2,0.3402,41.8891363867024,0.340472029423017,7.59081231781096,"#696256"
"4424445126_4","4424445126_4.png",1,0.6652,70.048620065931,-0.707578924699758,3.74213614742923,"#ADABA4"
"4424445126_4","4424445126_4.png",2,0.3348,41.928262290549,0.322881558944652,5.58672727480349,"#67625A"
"4424492598_1","4424492598_1.png",1,0.844036697247706,65.6953475304601,1.57130890341383,3.80711723521045,"#A59E99"
"4424492598_1","4424492598_1.png",2,0.155963302752294,51.0387202620862,3.06620233420144,7.63362907677764,"#84776D"
"4424492598_3","4424492598_3.png",1,0.770916334661355,69.394728376013,3.8784673755795,7.08873227701617,"#B6A79D"
"4424492598_3","4424492598_3.png",2,0.229083665338645,52.1539382801271,8.79846718209225,17.0054568499148,"#957660"
"4424492598_4","4424492598_4.png",1,0.698812696874243,60.5581889020474,1.83767391569375,6.32477916526337,"#9A9187"
"4424492598_4","4424492598_4.png",2,0.301187303125757,80.0469977783164,-4.20974048993473,3.91798733504841,"#C1C9BF"
"4424568237_1","4424568237_1.png",1,0.6132,57.8289909307456,7.89264005512964,19.8986282842148,"#A48569"
"4424568237_1","4424568237_1.png",2,0.3868,84.4434989075955,0.933148075353041,6.87774548711731,"#DAD2C6"
"4430673084_1","4430673084_1.png",1,0.675,71.7546518234171,0.285290416957252,6.84591228116008,"#B6AFA3"
"4430673084_1","4430673084_1.png",2,0.325,41.1396453673433,3.72086587472742,6.53991835074068,"#6B5F57"
"4430676776_1","4430676776_1.png",1,0.5228,76.3728905415174,-0.82720601952407,5.00329251513174,"#BFBCB3"
"4430676776_1","4430676776_1.png",2,0.4772,51.4723972896216,0.512023449548451,11.5221921352647,"#837A67"
"4430676776_2","4430676776_2.png",1,0.5826,75.187986882067,-1.29428340242889,2.86707653454195,"#B9BAB4"
"4430676776_2","4430676776_2.png",2,0.4174,44.7911010484163,-0.596861931503454,8.64232505010982,"#6F6A5C"
"4430702136_1","4430702136_1.png",1,0.921,65.4768523596424,-2.83216475673845,-6.23823099184002,"#94A1AA"
"4430702136_1","4430702136_1.png",2,0.079,27.6212830932734,-2.13154431040703,-2.09802890632535,"#3C4244"
"4430702136_2","4430702136_2.png",1,0.5478,70.8455531767554,0.142738369182302,-8.2933463347143,"#A6AEBC"
"4430702136_2","4430702136_2.png",2,0.4522,55.8288150398463,1.63289430638856,-8.55893238675063,"#818594"
"4430774302_1","4430774302_1.png",1,0.5452,64.764749994465,-3.10489436678945,-3.72546341164071,"#949FA4"
"4430774302_1","4430774302_1.png",2,0.4548,62.2520355330898,-12.0450464547503,15.3944132339038,"#8B9C7B"
"4431003690_1","4431003690_1.png",1,0.6174,71.5436713617432,1.54493505634183,4.00943811181938,"#B5AEA8"
"4431003690_1","4431003690_1.png",2,0.3826,42.2717614723859,6.9927555050809,11.4381869594804,"#765F51"
"4431169974_1","4431169974_1.png",1,0.5514,57.4040691025034,5.41793694976028,8.23951408290355,"#99867C"
"4431169974_1","4431169974_1.png",2,0.4486,75.9563629839623,6.35341154687648,7.34375284249786,"#CDB7AE"
"4440911350_1","4440911350_1.png",1,0.5108,54.4326098373461,1.84074588883233,10.3860548311452,"#8D8070"
"4440911350_1","4440911350_1.png",2,0.4892,76.3261708557345,2.42221007725594,7.31319274029081,"#C7BAAF"
"4458406227_1","4458406227_1.png",1,0.7136,69.0792976489284,3.01872164866158,9.5720203177929,"#B5A698"
"4458406227_1","4458406227_1.png",2,0.2864,43.6870247669822,4.673702354576,17.9461825333098,"#79644A"
"4458421651_1","4458421651_1.png",1,0.559,60.6533480009501,3.65909573474956,2.97786776564774,"#9B908D"
"4458421651_1","4458421651_1.png",2,0.441,71.0753277087631,3.25880946800456,1.77862555374042,"#B5ACAB"
"4458454559_1","4458454559_1.png",1,0.5274,56.8697223634085,1.84200661058924,5.47667623440845,"#90877F"
"4458454559_1","4458454559_1.png",2,0.4726,75.054934956014,0.806619684783351,5.43460950429309,"#BFB8AF"
"4458471604_1","4458471604_1.png",1,0.55,74.2382469692128,2.3190040096966,11.0423386752178,"#C3B4A3"
"4458471604_1","4458471604_1.png",2,0.45,48.3715352739992,6.94609193766258,13.2006348659007,"#866E5D"
"4458473607_1","4458473607_1.png",1,0.6024,74.0286740112478,0.778460779532605,6.99890310481644,"#BDB5A9"
"4458473607_1","4458473607_1.png",2,0.3976,44.9806296623087,3.23194510939411,7.58384157161522,"#75685E"
"4459331251_1","4459331251_1.png",1,0.7244,67.9793633478105,-0.329051516372876,2.38693754547358,"#A7A6A1"
"4459331251_1","4459331251_1.png",2,0.2756,48.000956743665,0.825105940238159,5.66632386047209,"#777168"
"4459420154_1","4459420154_1.png",1,0.5696,74.9014321109649,1.01849944657664,8.29396967677086,"#C1B7A9"
"4459420154_1","4459420154_1.png",2,0.4304,49.0171743229525,1.9239879280219,17.1043848369288,"#827258"
"4459584477_1","4459584477_1.png",1,0.7112,67.6849324181554,1.01771522735191,5.49810301233261,"#ABA49B"
"4459584477_1","4459584477_1.png",2,0.2888,54.3819226582286,2.16027383897868,8.58246673752111,"#8C8073"
"4459584477_2","4459584477_2.png",1,0.6588,69.0718672825336,0.530854710244728,4.74984648234726,"#ADA8A0"
"4459584477_2","4459584477_2.png",2,0.3412,53.2889870482275,1.57114102051257,6.45627031949858,"#877E74"
"4460125390_1","4460125390_1.png",1,0.5964,71.9907914948439,0.460921107917273,2.09868097261088,"#B3B0AD"
"4460125390_1","4460125390_1.png",2,0.4036,51.3372446854222,0.418667306078252,3.29534532430931,"#7E7A75"
"4460125390_2","4460125390_2.png",1,0.5612,72.9390292119487,0.77858800839021,2.31194369969589,"#B6B2AF"
"4460125390_2","4460125390_2.png",2,0.4388,51.0744661071937,0.613541551821537,3.67126612648635,"#7D7973"
"4460270976_1","4460270976_1.png",1,0.921,65.4182631298075,2.65991035676811,3.39198223908334,"#A69D99"
"4460270976_1","4460270976_1.png",2,0.079,17.7687063843943,0.785787612794701,11.1508705588989,"#322B1C"
"4460270976_2","4460270976_2.png",1,0.5904,72.2870865385459,-2.78370929693905,2.22646216729025,"#AEB3AD"
"4460270976_2","4460270976_2.png",2,0.4096,49.0577120017105,-2.88180488140814,4.00200770315237,"#72766E"
"4460311989_1","4460311989_1.png",1,0.5026,78.7268996870165,1.34278520469728,0.986715385447804,"#C6C2C1"
"4460311989_1","4460311989_1.png",2,0.4974,51.7344701884104,2.79994666528622,-0.222765718974737,"#807A7C"
"4460311989_2","4460311989_2.png",1,0.5554,75.1432857130145,2.33800938444733,0.59851382720685,"#BEB8B8"
"4460311989_2","4460311989_2.png",2,0.4446,51.320549930629,2.91647120372982,-0.848026548041548,"#7F797C"
"4460311989_3","4460311989_3.png",1,0.6172,76.2971105423806,2.44444245771366,1.73809085750109,"#C2BBB9"
"4460311989_3","4460311989_3.png",2,0.3828,37.442736795093,4.86466119436967,4.09322299591386,"#635552"
"4460311989_4","4460311989_4.png",1,0.5006,78.8474933449532,2.12657041094928,2.13344416434237,"#C9C2BF"
"4460311989_4","4460311989_4.png",2,0.4994,49.9693211039758,3.76996594755422,2.17486202420509,"#7F7573"
"4460397197_1","4460397197_1.png",1,0.744,67.820707598836,0.824474767273179,0.927154046509717,"#A8A5A4"
"4460397197_1","4460397197_1.png",2,0.256,43.8657693987194,3.0881135100165,4.57545642196108,"#706660"
"4460519179_1","4460519179_1.png",1,0.5854,69.6233532104636,0.242751557109155,18.9624772231416,"#B8A988"
"4460519179_1","4460519179_1.png",2,0.4146,51.276326969407,8.41188812104081,36.4322036175097,"#99733B"
"4460519179_2","4460519179_2.png",1,0.7092,68.0459736318926,2.3366463685261,6.41143427318384,"#AFA49A"
"4460519179_2","4460519179_2.png",2,0.2908,58.4658206666943,1.40604266059375,13.8180997912965,"#988B75"
"4460560556_1","4460560556_1.png",1,0.514,49.3093343132599,2.03482214971119,3.46498969756117,"#7B746F"
"4460560556_1","4460560556_1.png",2,0.486,83.3202461417658,0.597281652968967,1.50644882171335,"#D2CFCD"
"4460560556_2","4460560556_2.png",1,0.5374,77.1782577901733,0.447078126475522,0.778650239746797,"#C0BEBD"
"4460560556_2","4460560556_2.png",2,0.4626,45.2340290129451,1.52171716010242,2.09028235170565,"#6F6A68"
"4460560556_3","4460560556_3.png",1,0.5336,77.5925687485056,0.194457555904076,0.113306566806808,"#C0C0BF"
"4460560556_3","4460560556_3.png",2,0.4664,48.1280937758993,0.279366183636127,-0.220642244718933,"#737273"
"4460579117_1","4460579117_1.png",1,0.527,60.7911026158526,-0.984371691477686,21.670835265827,"#9F926C"
"4460579117_1","4460579117_1.png",2,0.473,70.7812722100469,-1.30166059004103,16.0524867744443,"#B6AD90"
"4460589351_1","4460589351_1.png",1,0.7826,66.2114026704384,-0.135577613444542,4.2274799242283,"#A4A199"
"4460589351_1","4460589351_1.png",2,0.2174,37.1826041221261,1.67979181511114,10.1026631761559,"#605647"
"4460589929_1","4460589929_1.png",1,0.526,60.1646645225398,1.81682418852823,7.13278205236549,"#9A8F85"
"4460589929_1","4460589929_1.png",2,0.474,71.1482151125539,2.96654063860919,9.84327276221692,"#BBAC9C"
"4460589929_2","4460589929_2.png",1,0.526,57.7302139715447,3.16606860797574,9.06237176056771,"#97887B"
"4460589929_2","4460589929_2.png",2,0.474,74.1615318405646,4.27186603890176,9.72150099305723,"#C6B3A5"
"4460589929_3","4460589929_3.png",1,0.6086,59.6168562190266,3.20208721029776,10.3899328064398,"#9D8D7E"
"4460589929_3","4460589929_3.png",2,0.3914,75.6383198662866,3.18399499344198,8.98790807829504,"#C7B8AA"
"4460589929_4","4460589929_4.png",1,0.6496,60.8709973981959,1.79478620596903,6.50898743442534,"#9B9188"
"4460589929_4","4460589929_4.png",2,0.3504,76.8002881537799,3.69171440285641,9.03190482620352,"#CBBBAD"
"4460589929_5","4460589929_5.png",1,0.5914,59.7687676600323,3.14008122230705,8.10748306079399,"#9B8E82"
"4460589929_5","4460589929_5.png",2,0.4086,76.5643684727776,4.26702646344803,9.70297920773029,"#CCBAAB"
"4460603128_1","4460603128_1.png",1,0.5674,59.746642220822,3.4296691093504,2.17912048162106,"#988E8C"
"4460603128_1","4460603128_1.png",2,0.4326,73.8203732456637,1.37902511120696,2.26419178056258,"#BAB4B1"
"4460712614_1","4460712614_1.png",1,0.6058,71.7762400748802,2.36615079318006,6.74220445447684,"#B9AEA4"
"4460712614_1","4460712614_1.png",2,0.3942,51.2382545075613,3.46289216506425,5.87578587333459,"#847870"
"4460712614_2","4460712614_2.png",1,0.7202,68.7288900752123,-1.73885906184309,6.51848457925653,"#AAA89C"
"4460712614_2","4460712614_2.png",2,0.2798,42.6656785514732,0.30789661827672,4.39191558594793,"#68645E"
"4460771467_1","4460771467_1.png",1,0.5944,74.4712156400818,-1.60527003894535,-0.112982209620707,"#B4B8B7"
"4460771467_1","4460771467_1.png",2,0.4056,48.2715224135053,0.967633440004543,1.66755843915081,"#767270"
"4460919199_1","4460919199_1.png",1,0.559,73.053874709042,1.37277957108716,3.54452257241399,"#B9B2AD"
"4460919199_1","4460919199_1.png",2,0.441,52.6958464909036,2.91908466004248,7.18367796831775,"#887C72"
"4461107627_1","4461107627_1.png",1,0.5266,55.7366487785636,-0.0808047457351548,-0.737625643392728,"#858687"
"4461107627_1","4461107627_1.png",2,0.4734,76.8540212077095,-0.925921924911092,-0.428441126903694,"#BBBEBE"
"4461373308_1","4461373308_1.png",1,0.5154,57.0648768213507,2.11162467403741,16.0836568943194,"#97876D"
"4461373308_1","4461373308_1.png",2,0.4846,73.9561259234796,-0.392093378808528,9.94600388931604,"#BDB5A4"
"4461373308_2","4461373308_2.png",1,0.5146,56.9958020558374,2.13245869250352,16.1921045310002,"#97876D"
"4461373308_2","4461373308_2.png",2,0.4854,74.1376116198023,-0.44611472186293,9.93559560974508,"#BDB6A4"
"4461468018_1","4461468018_1.png",1,0.5594,56.587922708542,4.86934805567153,-0.0353235903516018,"#908588"
"4461468018_1","4461468018_1.png",2,0.4406,76.9368250215233,2.89313583400108,5.81359943154237,"#C8BCB3"
"4461478642_1","4461478642_1.png",1,0.6474,72.1772195950411,-8.47670617735436,12.8761391744433,"#ABB599"
"4461478642_1","4461478642_1.png",2,0.3526,40.0418163671439,-10.3663371612986,23.7637297605511,"#5B6237"
"4461478642_2","4461478642_2.png",1,0.6326,72.947833101894,-9.1113572062521,14.6267284652784,"#ADB798"
"4461478642_2","4461478642_2.png",2,0.3674,39.9934025482941,-10.7429387025913,26.364196586882,"#5B6232"
"4461589234_1","4461589234_1.png",1,0.6098,74.8498307599145,-0.299420357826005,0.0445055718711088,"#B8B8B8"
"4461589234_1","4461589234_1.png",2,0.3902,45.8521187709682,3.24968147247243,-2.05125476161443,"#716B70"
"4461589234_2","4461589234_2.png",1,0.5172,76.8879216752033,-0.00886736813800382,-1.25453244046589,"#BDBEC0"
"4461589234_2","4461589234_2.png",2,0.4828,51.0331821572965,1.85827929820678,-2.39422963064907,"#7B797E"
"4462491649_1","4462491649_1.png",1,0.6202,54.5860871336083,-2.30619145948891,-0.375459036695036,"#7E8483"
"4462491649_1","4462491649_1.png",2,0.3798,96.3304241895739,0.632315818538431,5.37446384116255,"#FAF4EA"
"4506264687_1","4506264687_1.png",1,0.6416,72.5894999097223,-0.597349527762916,1.79475317766887,"#B2B2AF"
"4506264687_1","4506264687_1.png",2,0.3584,31.6502171245034,-2.57442444831689,6.24433160831369,"#4A4B41"
"4506264743_1","4506264743_1.png",1,0.6238,70.2136225858239,1.03788475697182,16.9035133251355,"#B9AA8D"
"4506264743_1","4506264743_1.png",2,0.3762,42.7988392763605,1.08096476630164,16.1320564617474,"#71644B"
"4506273024_1","4506273024_1.png",1,0.5098,73.9090946885733,1.38404590839833,-0.0189768426682788,"#B8B5B6"
"4506273024_1","4506273024_1.png",2,0.4902,55.0373365960413,2.25326777828166,3.5595491535146,"#8A827E"
"4506297656_1","4506297656_1.png",1,0.5238,76.016982168983,1.31886962531665,17.2622938073627,"#CAB99C"
"4506297656_1","4506297656_1.png",2,0.4762,52.0519389099635,2.84864438979494,20.3941477949704,"#8D7959"
"4516253120_1","4516253120_1.png",1,0.6868,68.8847903648608,0.842319895809991,6.40304168360674,"#AFA79D"
"4516253120_1","4516253120_1.png",2,0.3132,42.5046637858716,2.98381598847602,19.8023197614154,"#746244"
"4516680906_1","4516680906_1.png",1,0.6472,71.5725131907232,0.753020149177975,0.965322069870908,"#B2AFAE"
"4516680906_1","4516680906_1.png",2,0.3528,40.3383543040922,2.53541126985854,5.08879142722325,"#675D57"
"4516733615_1","4516733615_1.png",1,0.6954,68.6862244756319,0.117443229042593,2.36974499221391,"#AAA7A3"
"4516733615_1","4516733615_1.png",2,0.3046,47.436878078084,-3.25617619910121,12.8514042074322,"#74715B"
"4516845722_1","4516845722_1.png",1,0.5602,75.0393222088071,2.52385320000921,10.3663623715305,"#C5B7A6"
"4516845722_1","4516845722_1.png",2,0.4398,49.4691732725054,2.82607584346854,11.7969127210684,"#827362"
"4516890123_1","4516890123_1.png",1,0.6666,67.9345062279506,-0.258177459041149,1.46286023137169,"#A6A6A3"
"4516890123_1","4516890123_1.png",2,0.3334,54.9743106054303,0.15204480156622,4.1820150397172,"#87837C"
"4524900872_1","4524900872_1.png",1,0.5406,55.6497174696768,4.47329107172902,4.50051445203412,"#90827E"
"4524900872_1","4524900872_1.png",2,0.4594,77.8067081303069,1.80165999560446,1.26199707276124,"#C5BFBE"
"4524900872_2","4524900872_2.png",1,0.547715053763441,63.2540447271244,2.10074299481853,-11.1368673163004,"#9399AD"
"4524900872_2","4524900872_2.png",2,0.452284946236559,67.3596276006967,1.87070649485943,-9.85467256216845,"#9FA4B6"
"4524929073_1","4524929073_1.png",1,0.5874,72.5264824083255,0.270213319882476,1.93449917759889,"#B4B2AE"
"4524929073_1","4524929073_1.png",2,0.4126,50.7181061858474,1.30271848438917,3.22585139712343,"#7D7873"
"4524929073_2","4524929073_2.png",1,0.5852,59.5126457261723,1.56057695384878,10.6210627107954,"#9A8E7D"
"4524929073_2","4524929073_2.png",2,0.4148,76.4203314251626,1.77179656660279,8.52694301678359,"#C6BBAD"
"4524929073_3","4524929073_3.png",1,0.601,71.4593377182733,0.558620989146959,3.08366470264761,"#B3AEA9"
"4524929073_3","4524929073_3.png",2,0.399,51.9849486747864,1.20684939619827,3.92255605949116,"#817B75"
"4524932053_2","4524932053_2.png",1,0.5858,72.880521250959,6.17795855682517,11.904139924651,"#C7AE9D"
"4524932053_2","4524932053_2.png",2,0.4142,48.2762771421834,6.36815696941534,14.3804383512305,"#866E5B"
"4524948939_1","4524948939_1.png",1,0.632,72.6205531914274,6.92763018805711,9.53187175891077,"#C6ADA1"
"4524948939_1","4524948939_1.png",2,0.368,41.7269519589643,13.3832334718642,18.780799749575,"#815A44"
"4524948939_2","4524948939_2.png",1,0.5056,75.0596202728843,7.94071865004365,4.54005712593563,"#CBB4B1"
"4524948939_2","4524948939_2.png",2,0.4944,54.5692886007519,12.236969437136,13.1650999369037,"#9F7A6C"
"4524948939_3","4524948939_3.png",1,0.7554,66.8582057817323,6.75348533500517,8.35581040078822,"#B59E94"
"4524948939_3","4524948939_3.png",2,0.2446,41.6275566963675,14.2635846925023,19.5439455087967,"#825943"
"4524948939_4","4524948939_4.png",1,0.5794,54.2192305663213,0.569661078376339,0.531231458606048,"#838181"
"4524948939_4","4524948939_4.png",2,0.4206,88.3010309463982,7.70251211950341,7.41687990925911,"#F2D8D0"
"4524948939_5","4524948939_5.png",1,0.5988,55.3724370152525,9.26370805921968,15.294873550794,"#9E7E6B"
"4524948939_5","4524948939_5.png",2,0.4012,84.7524172028364,6.70523817845474,9.03377283999667,"#E7CFC3"
"4524948939_6","4524948939_6.png",1,0.5086,48.8119173861267,13.3963860044086,17.3116511596849,"#936B57"
"4524948939_6","4524948939_6.png",2,0.4914,81.5858020906984,9.18103007419293,9.23062505940466,"#E3C4BA"
"4524948939_7","4524948939_7.png",1,0.6302,72.6345959856445,8.4500299209815,8.88003975953372,"#C8ACA2"
"4524948939_7","4524948939_7.png",2,0.3698,41.09688317735,12.3005071043208,16.5629154042405,"#7D5946"
"4524997906_1","4524997906_1.png",1,0.7468,66.6594885591172,0.181703514699246,2.18184492154951,"#A4A29E"
"4524997906_1","4524997906_1.png",2,0.2532,38.9961527010591,2.81420332052332,7.57438754427198,"#655A50"
"4524997906_2","4524997906_2.png",1,0.6804,70.358982149853,0.882007419095244,4.01589458508155,"#B1ABA5"
"4524997906_2","4524997906_2.png",2,0.3196,36.9600324980729,3.53791869042494,8.53248168506851,"#625549"
"4524997906_3","4524997906_3.png",1,0.6378,72.8369414202001,0.23205259530545,5.34964280657643,"#B7B2A9"
"4524997906_3","4524997906_3.png",2,0.3622,44.1646298241358,2.48581950056109,10.2114566531145,"#736658"
"4524997906_4","4524997906_4.png",1,0.7186,69.3118144921922,0.831483257739926,0.121339239224317,"#ABA9A9"
"4524997906_4","4524997906_4.png",2,0.2814,43.3863263226737,1.13331300728322,2.98327328765673,"#6B6662"
"4524997906_5","4524997906_5.png",1,0.6424,70.8302201522955,2.00215635437714,-3.52988264896087,"#AEACB4"
"4524997906_5","4524997906_5.png",2,0.3576,43.9006305076547,3.23677864758552,1.93330069066499,"#6F6665"
"4525011910_1","4525011910_1.png",1,0.75,66.9296086523233,2.28989751855769,9.21645463801113,"#AEA192"
"4525011910_1","4525011910_1.png",2,0.25,39.3373939443657,1.10368824092302,11.7050393191339,"#665B4A"
"4525123281_1","4525123281_1.png",1,0.7214,71.1888438084243,0.0950021792002922,-2.0024996864093,"#ADAEB2"
"4525123281_1","4525123281_1.png",2,0.2786,32.1001304543981,3.35208102818649,2.80515887355744,"#534A47"
"4525123743_1","4525123743_1.png",1,0.5306,50.9787709818372,0.816194361706953,4.80173093005255,"#7E7971"
"4525123743_1","4525123743_1.png",2,0.4694,83.513132887529,-0.0937532132598273,5.59581874079561,"#D5D0C6"
"4525178356_1","4525178356_1.png",1,0.6936,71.1162631142889,4.37188254221262,5.96245373821806,"#BBABA3"
"4525178356_1","4525178356_1.png",2,0.3064,33.3316148108486,7.91039491676394,8.73139151902409,"#5F4A41"
"4535909415_1","4535909415_1.png",1,0.5376,52.5102702152257,0.777712079794401,-2.12824176792779,"#7D7D81"
"4535909415_1","4535909415_1.png",2,0.4624,80.5289894518992,-1.29903796884221,0.337510355316711,"#C6C9C7"
"4596868998_1","4596868998_1.png",1,0.576923076923077,58.2450943480844,2.16393875301247,8.07622290566551,"#968A7E"
"4596868998_1","4596868998_1.png",2,0.423076923076923,75.4323717601298,-0.967204661394615,7.03827307516294,"#BEBAAD"
"4597373149_1","4597373149_1.png",1,0.6644,69.927416724507,1.20346018193348,13.7006597290658,"#B7A992"
"4597373149_1","4597373149_1.png",2,0.3356,44.1651443017767,1.63293528507152,19.9215490636712,"#776647"
"4597373149_2","4597373149_2.png",1,0.5032,50.3201214460009,7.85906829182274,10.248111287124,"#8B7367"
"4597373149_2","4597373149_2.png",2,0.4968,78.0181749368871,1.01206546585756,2.87873394497443,"#C5C0BC"
"4597373149_3","4597373149_3.png",1,0.5008,46.0489059074042,9.29156545652254,17.1389731440092,"#866751"
"4597373149_3","4597373149_3.png",2,0.4992,83.3969648195194,6.29502172596905,10.9549327956948,"#E4CBBC"
"4597373149_4","4597373149_4.png",1,0.5334,53.2555384828707,5.63380595122484,12.7952906043505,"#917B6A"
"4597373149_4","4597373149_4.png",2,0.4666,78.6095787703203,3.23057916120953,11.6742656379932,"#D1C0AD"
"4597573215_1","4597573215_1.png",1,0.6474,69.8732964980753,-0.101212273209612,3.89881795210192,"#AEAAA4"
"4597573215_1","4597573215_1.png",2,0.3526,51.6500744640769,-0.286471501851546,9.06733969510128,"#817B6C"
"4599770647_1","4599770647_1.png",1,0.721,69.3533845414391,2.5113631625667,4.4761237260315,"#B1A8A1"
"4599770647_1","4599770647_1.png",2,0.279,40.7129896927429,5.1493180822257,8.23031885575115,"#6D5D53"
"4599978624_1","4599978624_1.png",1,0.5464,60.2922216103559,0.315455772017177,1.22018091492783,"#93918F"
"4599978624_1","4599978624_1.png",2,0.4536,70.5416165958633,0.317425550205289,1.40324181327806,"#AEACAA"
"4600077836_1","4600077836_1.png",1,0.5626,58.2417820840557,2.19059017178268,13.3082521362066,"#998A75"
"4600077836_1","4600077836_1.png",2,0.4374,76.6291986651578,1.23245389176022,7.92302295593818,"#C6BCAF"
"4600165830_1","4600165830_1.png",1,0.5646,58.3241479024878,2.16442505877494,13.2699468193087,"#998A75"
"4600165830_1","4600165830_1.png",2,0.4354,76.6436412184354,1.21410169143449,7.91450205690495,"#C6BCAF"
"4606708469_1","4606708469_1.png",1,0.5704,51.6747731701474,3.51398100283165,6.2817898410833,"#867971"
"4606708469_1","4606708469_1.png",2,0.4296,86.4626746418283,1.5109469556836,1.47759671243438,"#DDD7D6"
"4606891389_1","4606891389_1.png",1,0.5768,78.1138912101935,0.940282363834628,4.14345126517238,"#C6C0BA"
"4606891389_1","4606891389_1.png",2,0.4232,43.2086685133734,1.34971494571747,-0.326922765722339,"#686567"
"4606891389_2","4606891389_2.png",1,0.577,52.5083212249552,1.62844022830738,-0.728842434378329,"#807C7F"
"4606891389_2","4606891389_2.png",2,0.423,84.7697122088749,1.04489286445494,1.67549760511168,"#D7D3D1"
"4606891389_3","4606891389_3.png",1,0.5318,51.5215702012571,1.6990047660252,-1.1892683919404,"#7D7A7D"
"4606891389_3","4606891389_3.png",2,0.4682,82.2449976160094,1.31983050197328,2.33523724205829,"#D1CCC8"
"4847186578_1","4847186578_1.png",1,0.5936,72.7105878290385,-1.38224543907551,6.35187635981778,"#B5B3A7"
"4847186578_1","4847186578_1.png",2,0.4064,50.6611263951237,-0.694645005388996,19.1479204305872,"#837858"
"4847206523_1","4847206523_1.png",1,0.552,75.3715030563366,-0.00509043413391226,7.66169934922442,"#C0B9AC"
"4847206523_1","4847206523_1.png",2,0.448,51.2988440043723,0.0368745292379109,11.6592024163489,"#827966"
"4852108450_1","4852108450_1.png",1,0.558,75.8074343399672,0.665685617385533,1.58868550160244,"#BDBAB8"
"4852108450_1","4852108450_1.png",2,0.442,45.8338204997151,2.99914255823041,2.9699465277637,"#746B68"
"4852108450_2","4852108450_2.png",1,0.563492063492063,71.2776854748923,0.754723630502501,5.31190189916062,"#B4AEA5"
"4852108450_2","4852108450_2.png",2,0.436507936507937,53.9451442728173,2.43669252018939,9.00440156709252,"#8B7F72"
"4852176170_1","4852176170_1.png",1,0.626,61.402865069197,0.191207460826982,-0.386252079893087,"#949495"
"4852176170_1","4852176170_1.png",2,0.374,76.7596347269325,-0.352839948543053,1.27377737687385,"#BEBEBB"
"4852176170_2","4852176170_2.png",1,0.7102,59.9178484190727,0.0451313998212437,-3.70254092362701,"#8D9197"
"4852176170_2","4852176170_2.png",2,0.2898,82.0765298145392,-0.530280290224502,-0.166792210412803,"#CBCCCC"
"4852250214_1","4852250214_1.png",1,0.5936,55.5165203775607,7.85780733877417,10.7814180524908,"#998073"
"4852250214_1","4852250214_1.png",2,0.4064,93.999707069502,2.71647007012585,9.79483215460315,"#FBEBDB"
"4852496476_1","4852496476_1.png",1,0.672,69.297533693285,1.3713140362929,6.08494347555728,"#B0A89E"
"4852496476_1","4852496476_1.png",2,0.328,37.7058253176032,1.84087975955147,6.16724078691583,"#60574F"
"4852554083_1","4852554083_1.png",1,0.5492,59.0724069213622,0.783468969470347,-2.41443437609069,"#8E8E92"
"4852554083_1","4852554083_1.png",2,0.4508,72.8223332921284,0.0919480859456995,-1.58587949814333,"#B1B3B6"
"4852554083_2","4852554083_2.png",1,0.7208,66.8267642484762,0.397051908345356,-2.02692510196297,"#A2A2A6"
"4852554083_2","4852554083_2.png",2,0.2792,48.6317489137146,2.36109158565801,-0.198933171674091,"#777274"
"4852554083_3","4852554083_3.png",1,0.7312,70.6597500907256,0.289076092046873,-0.478878778823176,"#ADADAE"
"4852554083_3","4852554083_3.png",2,0.2688,38.5536763473453,1.66426052800635,-1.32395699882362,"#5D5A5D"
"4852566881_1","4852566881_1.png",1,0.6996,68.9021784296009,0.307603271969511,7.42681746433662,"#AEA79B"
"4852566881_1","4852566881_1.png",2,0.3004,50.0150112479285,1.74704422416207,7.63563414213038,"#7F766A"
"4852683441_1","4852683441_1.png",1,0.702,69.6168054295658,2.68997995813889,6.80143429176757,"#B4A89E"
"4852683441_1","4852683441_1.png",2,0.298,47.2572818529507,4.56267206003795,10.5052020501465,"#7E6D5F"
"4852683443_1","4852683443_1.png",1,0.6724,73.5821317022719,2.6238018807161,6.50215602264081,"#BFB3A9"
"4852683443_1","4852683443_1.png",2,0.3276,36.1242212975273,11.0040698710921,10.4891804070872,"#6C4E45"
"4852748446_1","4852748446_1.png",1,0.6448,78.1021297121618,-1.08844880300211,-0.794532636135735,"#BEC2C3"
"4852748446_1","4852748446_1.png",2,0.3552,31.475871067484,0.161229606125268,-8.07949808826172,"#444B57"
"4852748446_2","4852748446_2.png",1,0.7188,70.7737586115809,-1.22818385805592,1.16056525824848,"#ACAEAB"
"4852748446_2","4852748446_2.png",2,0.2812,34.2829240250544,-0.464873847261356,1.32517449281682,"#51514F"
"4854949921_1","4854949921_1.png",1,0.5702,78.1480493150086,0.959197401741677,1.7101791226374,"#C5C1BE"
"4854949921_1","4854949921_1.png",2,0.4298,44.945094472753,3.13275320423094,3.03431898115806,"#726865"
"4855069078_1","4855069078_1.png",1,0.5908,78.3563047844568,0.0735736496121356,-0.0317892643039207,"#C2C2C2"
"4855069078_1","4855069078_1.png",2,0.4092,40.7697862444368,0.0131086774527159,-0.733738221062558,"#606061"
"4855119501_1","4855119501_1.png",1,0.5612,78.0677105467558,1.18736363538756,0.693683014148513,"#C4C0C0"
"4855119501_1","4855119501_1.png",2,0.4388,46.1088231638496,2.87405019491663,-2.81775155842927,"#706C72"
"4855211739_1","4855211739_1.png",1,0.6192,76.7986291397152,0.342991718703777,6.82246620922585,"#C4BDB1"
"4855211739_1","4855211739_1.png",2,0.3808,23.6920131892503,11.3260851530588,19.4977308525383,"#50311B"
"4855211739_2","4855211739_2.png",1,0.6122,79.6666991040942,0.497406506218856,5.47235805844579,"#CBC5BB"
"4855211739_2","4855211739_2.png",2,0.3878,27.630777931833,10.7653377901979,12.3652643429997,"#573B2F"
"4855211739_3","4855211739_3.png",1,0.5854,79.3135159812402,0.291222420051412,7.16407440253754,"#CBC4B7"
"4855211739_3","4855211739_3.png",2,0.4146,27.3950051465742,9.6016494321901,14.8877203320593,"#553B2A"
"4855211739_4","4855211739_4.png",1,0.633,75.1321819214994,0.585403735406617,6.22462705538007,"#BFB8AE"
"4855211739_4","4855211739_4.png",2,0.367,25.133870313782,10.0723168875661,14.5575754614128,"#503526"
"4855266821_1","4855266821_1.png",1,0.5868,54.6647854694405,5.26090628109735,4.94943041031158,"#8F7F7A"
"4855266821_1","4855266821_1.png",2,0.4132,88.0689782227468,0.315047058901201,1.34451147738551,"#DFDDDA"
"4855513471_1","4855513471_1.png",1,0.6334,74.1201821642132,0.804440039037458,9.19372640101106,"#BFB5A5"
"4855513471_1","4855513471_1.png",2,0.3666,39.1430927241376,2.34868262529363,7.81633521637017,"#655A50"
"4863450976_1","4863450976_1.png",1,0.6684,68.5849765001458,0.854915251248004,0.200837185311929,"#A9A7A7"
"4863450976_1","4863450976_1.png",2,0.3316,52.137916193119,1.83315164112271,2.71408660740104,"#827B78"
"4863515867_1","4863515867_1.png",1,0.5416,69.3871360672709,1.07741628533555,1.4005987099496,"#ADA9A7"
"4863515867_1","4863515867_1.png",2,0.4584,59.1854238767947,1.74641873891168,2.69251244337516,"#948D8A"
"4863515867_2","4863515867_2.png",1,0.5896,73.3858672616544,0.278654269546911,3.8739607140339,"#B8B4AD"
"4863515867_2","4863515867_2.png",2,0.4104,49.9939845347553,1.564671708958,7.3066171741713,"#7F766B"
"4863596184_1","4863596184_1.png",1,0.6398,56.4169093510718,4.95457356031351,1.25768974984859,"#918485"
"4863596184_1","4863596184_1.png",2,0.3602,84.5457101257598,2.01600297033549,1.74718890683668,"#D8D2D0"
"4863689059_1","4863689059_1.png",1,0.7742,66.4682831460218,1.748634971516,4.44079508586383,"#A8A09A"
"4863689059_1","4863689059_1.png",2,0.2258,27.639662409807,2.81019060740395,10.768239748097,"#4B3F31"
"4867717019_1","4867717019_1.png",1,0.6598,70.8040784979373,1.3227217904628,-1.17759496049375,"#AFADAF"
"4867717019_1","4867717019_1.png",2,0.3402,37.4838535531021,3.98216225833584,-5.43168015219203,"#5B5661"
"4867717019_2","4867717019_2.png",1,0.7116,69.952527299546,0.904700303633187,-4.50432306102584,"#A9ABB3"
"4867717019_2","4867717019_2.png",2,0.2884,30.4620564905658,4.00760925957481,-8.45889283971226,"#484655"
"4867717019_3","4867717019_3.png",1,0.6146,72.7755433069492,0.294411192938372,0.554096337815816,"#B4B2B2"
"4867717019_3","4867717019_3.png",2,0.3854,46.6599319321773,0.783052660701851,1.10557691709668,"#716E6D"
"4867717019_4","4867717019_4.png",1,0.584503950834065,72.4633417151052,0.284904108308818,0.235640375699478,"#B2B2B1"
"4867717019_4","4867717019_4.png",2,0.415496049165935,50.7973390737026,0.911642481641267,0.483723643213445,"#7B7878"
"4867948128_1","4867948128_1.png",1,0.513,83.4023866494978,1.43476149179076,4.35001543257454,"#D6CFC8"
"4867948128_1","4867948128_1.png",2,0.487,46.0468498519403,2.94348981954376,0.316283770320362,"#726B6D"
"4868043545_1","4868043545_1.png",1,0.5456,72.1786509455622,-0.739446757239201,-1.13436374929671,"#AFB1B3"
"4868043545_1","4868043545_1.png",2,0.4544,53.9889139303393,-0.70936331011101,0.824417213795042,"#808180"
"4868050877_1","4868050877_1.png",1,0.796,66.6149781506896,2.97717047860972,11.3526288218736,"#B0A08E"
"4868050877_1","4868050877_1.png",2,0.204,42.0303742826837,3.98823146785991,13.2764934503528,"#72604E"
"4868050877_2","4868050877_2.png",1,0.720219435736677,68.1051794227105,2.67782943209882,13.4519126645839,"#B4A48E"
"4868050877_2","4868050877_2.png",2,0.279780564263323,50.033090672375,1.43221198021539,13.7410485273387,"#827560"
"4872075855_1","4872075855_1.png",1,0.5662,57.6474167988861,0.54833276203013,0.78811351877951,"#8C8A89"
"4872075855_1","4872075855_1.png",2,0.4338,77.0694455268422,1.05823794134363,1.09964840269191,"#C1BEBC"
"4872075855_2","4872075855_2.png",1,0.5302,54.2267024140627,1.313356959386,10.1939107060097,"#8B8070"
"4872075855_2","4872075855_2.png",2,0.4698,78.3370063570764,1.09613214699546,8.54610054454056,"#CBC0B2"
"4872075855_3","4872075855_3.png",1,0.588,59.1160010668771,-0.217179495467952,1.08769819742665,"#8F8E8C"
"4872075855_3","4872075855_3.png",2,0.412,75.7952987453898,0.406758718725049,0.767488240737068,"#BCBAB9"
"4872103201_1","4872103201_1.png",1,0.537,75.5323469924329,-0.141905201954631,0.964973967165066,"#BBBAB8"
"4872103201_1","4872103201_1.png",2,0.463,50.351673125137,-0.374662431686893,1.67660476845139,"#787875"
"4872103201_2","4872103201_2.png",1,0.5508,55.9913942546539,-1.40527745429634,1.28784067725615,"#858784"
"4872103201_2","4872103201_2.png",2,0.4492,77.7125556200353,-0.749750778780741,1.52831997877951,"#C0C0BD"
"4872103201_3","4872103201_3.png",1,0.6806,71.611260264042,-0.114872718657855,-0.417070909538567,"#AFAFB0"
"4872103201_3","4872103201_3.png",2,0.3194,43.0719641213906,-1.12652198547452,4.44511035043454,"#67665E"
"4872120646_1","4872120646_1.png",1,0.5026,81.3844395590943,0.57550836829577,1.15702113114005,"#CCCAC8"
"4872120646_1","4872120646_1.png",2,0.4974,47.3616792738762,1.24070657204422,2.17190357210631,"#746F6D"
"4872120646_10","4872120646_10.png",1,0.626,72.5499276262354,0.375140804817481,-0.0100149363857283,"#B3B2B2"
"4872120646_10","4872120646_10.png",2,0.374,45.568391732905,0.696275713412132,0.698030047759799,"#6E6B6B"
"4872120646_11","4872120646_11.png",1,0.6406,72.237625047091,0.391768625419057,0.0884396511174113,"#B2B1B1"
"4872120646_11","4872120646_11.png",2,0.3594,43.0893452248264,0.706871093362891,1.22766312546478,"#686564"
"4872120646_12","4872120646_12.png",1,0.6718,71.7201897821949,0.570586657509591,-2.54227720746298,"#AFB0B4"
"4872120646_12","4872120646_12.png",2,0.3282,43.8046961517213,0.566731301519658,0.776318243065362,"#696766"
"4872120646_13","4872120646_13.png",1,0.5866,73.4694558131136,0.436737505067174,1.4717920662794,"#B6B4B2"
"4872120646_13","4872120646_13.png",2,0.4134,48.3692487600912,1.18581382097293,5.34502538154787,"#79726A"
"4872120646_14","4872120646_14.png",1,0.5118,54.0810620677306,0.505104290040933,2.75681326914364,"#84817D"
"4872120646_14","4872120646_14.png",2,0.4882,76.7067006504699,0.362636239182994,-0.988666491511217,"#BDBDBF"
"4872120646_15","4872120646_15.png",1,0.5038,73.7355915270789,-1.15676158634201,-0.366350686968853,"#B3B6B6"
"4872120646_15","4872120646_15.png",2,0.4962,54.9875054825605,-1.81470002399593,3.0803810174537,"#83847E"
"4872120646_16","4872120646_16.png",1,0.5634,75.7992594732652,0.189280446906583,-3.28792139307787,"#B8BBC1"
"4872120646_16","4872120646_16.png",2,0.4366,46.9314374969217,1.28664250882217,2.8656465225983,"#746E6B"
"4872120646_17","4872120646_17.png",1,0.5982,74.2420669770886,-0.219360573988493,-1.88586508295672,"#B4B7BA"
"4872120646_17","4872120646_17.png",2,0.4018,47.2067018203387,0.719960551924898,0.156373800577975,"#717070"
"4872120646_18","4872120646_18.png",1,0.5738,75.3281531803231,0.222294046783971,-0.10913100348118,"#BAB9BA"
"4872120646_18","4872120646_18.png",2,0.4262,43.1462307510418,0.874316440246034,1.54219377104708,"#696563"
"4872120646_19","4872120646_19.png",1,0.5046,75.9264826400676,0.306119991434605,-0.303459336111957,"#BBBBBC"
"4872120646_19","4872120646_19.png",2,0.4954,52.9804083963361,0.416103335259097,3.5591020799553,"#827E78"
"4872120646_2","4872120646_2.png",1,0.6842,59.7363443635244,0.858588100006189,-0.209712525611283,"#918F90"
"4872120646_2","4872120646_2.png",2,0.3158,88.8322762201209,0.183814081867203,0.65205325086169,"#E0DFDE"
"4872120646_20","4872120646_20.png",1,0.5344,53.522457492584,0.596170517761772,0.427193940265398,"#817F7F"
"4872120646_20","4872120646_20.png",2,0.4656,81.0394840176985,0.0697170074375273,0.188022599127885,"#CAC9C9"
"4872120646_3","4872120646_3.png",1,0.6578,72.0354973301879,0.333867562106969,0.158704947172342,"#B1B0B0"
"4872120646_3","4872120646_3.png",2,0.3422,43.0710237081993,0.621109586998052,1.62995989488508,"#686563"
"4872120646_4","4872120646_4.png",1,0.698,70.7832340329434,0.714876479947868,-3.07856057994653,"#ACADB3"
"4872120646_4","4872120646_4.png",2,0.302,41.8259693814623,0.72789891536823,-0.168370903397412,"#646263"
"4872120646_5","4872120646_5.png",1,0.505,52.3209342872947,0.94342050915525,4.6090136739852,"#827C75"
"4872120646_5","4872120646_5.png",2,0.495,77.1467655224656,0.0725032580550239,1.40834540412189,"#C0BEBC"
"4872120646_6","4872120646_6.png",1,0.7344,68.9230872159192,0.57291662923221,-2.52417065664703,"#A7A8AD"
"4872120646_6","4872120646_6.png",2,0.2656,33.2564022167278,0.219411007251891,3.41673132521509,"#514E49"
"4872120646_7","4872120646_7.png",1,0.5918,56.5009105586584,1.44027585306054,-0.710972721876634,"#8A8789"
"4872120646_7","4872120646_7.png",2,0.4082,86.8304068016646,1.07541014343801,-0.291241319606854,"#DBD9DA"
"4872120646_8","4872120646_8.png",1,0.5364,79.4021497923192,0.638611653296822,1.11742707192263,"#C7C4C3"
"4872120646_8","4872120646_8.png",2,0.4636,45.1707168152302,1.16289031421725,2.28484799638102,"#6F6A67"
"4872120646_9","4872120646_9.png",1,0.5522,77.3379045215154,0.480474481428638,1.12790043515681,"#C1BFBD"
"4872120646_9","4872120646_9.png",2,0.4478,45.2083342458148,1.10847888147027,1.93556748554919,"#6E6A68"
"4872138516_1","4872138516_1.png",1,0.6662,69.9581708925327,-1.32282037131379,0.881197594242602,"#A9ACA9"
"4872138516_1","4872138516_1.png",2,0.3338,40.4894104123228,0.081154114539535,6.20140924404066,"#645F55"
"4872138516_2","4872138516_2.png",1,0.6888,68.9717132450947,-0.551724169381361,1.22299341308717,"#A8A9A6"
"4872138516_2","4872138516_2.png",2,0.3112,47.1723967834225,0.826268447107718,5.78932600753491,"#756F66"
"4872138516_3","4872138516_3.png",1,0.7048,68.4057400908142,-0.905735940552476,0.566238502562068,"#A6A7A6"
"4872138516_3","4872138516_3.png",2,0.2952,49.4737745920508,0.220813378935071,2.78616988103798,"#787571"
"4872138516_4","4872138516_4.png",1,0.601,73.1246278225325,-1.40461124647118,-1.0970377009765,"#B0B4B5"
"4872138516_4","4872138516_4.png",2,0.399,49.4546171427368,-0.706989051014202,0.0257310915135068,"#747675"
"4872138516_5","4872138516_5.png",1,0.6294,71.9655449958084,-0.972642609539019,-0.0269514398842418,"#AEB1B0"
"4872138516_5","4872138516_5.png",2,0.3706,47.1053823653897,0.96338011532632,2.96850416934253,"#746F6B"
"4872198892_1","4872198892_1.png",1,0.6568,74.0393099808688,-0.0398057915209789,-1.60605944508985,"#B5B6B9"
"4872198892_1","4872198892_1.png",2,0.3432,35.5583319906206,2.30585551495674,2.35277770361368,"#595250"
"4872247586_1","4872247586_1.png",1,0.7736,67.437716473702,2.73317542081387,5.85552522696162,"#AEA29A"
"4872247586_1","4872247586_1.png",2,0.2264,43.9798358748891,3.51564591163525,11.239254774224,"#756556"
"4872247586_2","4872247586_2.png",1,0.7456,67.6406300906688,2.70806549894599,6.18391985853676,"#AEA39A"
"4872247586_2","4872247586_2.png",2,0.2544,43.4875912791535,3.24068656375901,9.0986526733401,"#726458"
"4872332141_1","4872332141_1.png",1,0.5362,79.3645210102449,0.654889061739664,5.91501657646929,"#CBC4BA"
"4872332141_1","4872332141_1.png",2,0.4638,45.5054479328489,2.64788533809713,9.77106471600697,"#776A5C"
"4872332240_1","4872332240_1.png",1,0.6942,68.5803638738276,0.945091481659695,4.60122329302043,"#ADA69F"
"4872332240_1","4872332240_1.png",2,0.3058,47.8394119273947,2.43578100295637,8.49902631752719,"#7B7063"
"4872332240_10","4872332240_10.png",1,0.745,67.7636017847868,1.05536633239587,4.84120144553402,"#ABA49C"
"4872332240_10","4872332240_10.png",2,0.255,46.6840494425616,2.73386707073495,8.72168960760503,"#796D60"
"4872332240_11","4872332240_11.png",1,0.655,68.6904217817461,1.02111698351123,4.06135907411689,"#ADA7A0"
"4872332240_11","4872332240_11.png",2,0.345,52.3856895233114,2.3298428225228,5.9502863860035,"#857B73"
"4872332240_12","4872332240_12.png",1,0.6944,68.9972502521361,0.983402039454236,5.0222143424469,"#AEA79F"
"4872332240_12","4872332240_12.png",2,0.3056,48.1620800554863,2.62663768460269,9.34889296052427,"#7D7063"
"4872332240_13","4872332240_13.png",1,0.6394,69.741824021849,0.912207888961067,3.53759138797654,"#AFAAA4"
"4872332240_13","4872332240_13.png",2,0.3606,51.2130375317712,2.26969501488515,7.46812506101891,"#83786D"
"4872332240_14","4872332240_14.png",1,0.7748,68.1976801024034,1.19386826271643,5.03972188090638,"#ACA59D"
"4872332240_14","4872332240_14.png",2,0.2252,45.3532435822731,2.95292869353117,8.45393153739435,"#76695D"
"4872332240_15","4872332240_15.png",1,0.6592,71.6468740673205,0.901540485324859,5.02590911267072,"#B5AFA6"
"4872332240_15","4872332240_15.png",2,0.3408,43.0771696482652,2.70454237679376,12.3054622044775,"#726452"
"4872332240_2","4872332240_2.png",1,0.7724,67.6690128964166,1.01023190779091,4.21532317083411,"#AAA49D"
"4872332240_2","4872332240_2.png",2,0.2276,46.7661533276608,2.7495983979954,9.94032477645571,"#7A6D5E"
"4872332240_3","4872332240_3.png",1,0.768,67.2017759225647,1.09885045036893,5.49330286537925,"#AAA39A"
"4872332240_3","4872332240_3.png",2,0.232,46.5505270734721,2.74411379567978,9.76046623234623,"#796C5E"
"4872332240_4","4872332240_4.png",1,0.703,68.4769460930771,0.850983400498805,5.02927910543163,"#ACA69E"
"4872332240_4","4872332240_4.png",2,0.297,47.8416450851518,2.44641543949428,9.98387043051965,"#7C7061"
"4872332240_5","4872332240_5.png",1,0.6938,68.4492433935307,0.928841515257277,4.52464986989525,"#ACA69F"
"4872332240_5","4872332240_5.png",2,0.3062,51.3582863380189,2.48310053673337,8.00445851555989,"#84786D"
"4872332240_6","4872332240_6.png",1,0.6636,69.1328208017374,1.02582964993992,5.06167182433333,"#AFA8A0"
"4872332240_6","4872332240_6.png",2,0.3364,50.910958078287,2.45519355433984,9.01172383966106,"#84776A"
"4872332240_7","4872332240_7.png",1,0.6906,68.0892225259623,0.89023270923277,3.69403975399556,"#ABA59F"
"4872332240_7","4872332240_7.png",2,0.3094,54.1755943664964,1.85556213514676,5.28615642378244,"#898079"
"4872332240_8","4872332240_8.png",1,0.6414,69.4068708446566,0.886015431770472,4.76371524027754,"#AFA9A1"
"4872332240_8","4872332240_8.png",2,0.3586,53.1611677551745,2.28395142198135,7.87759883286813,"#887D72"
"4872332240_9","4872332240_9.png",1,0.767,67.123685056267,0.875162714985419,4.96960398344854,"#A9A39B"
"4872332240_9","4872332240_9.png",2,0.233,46.1620985018128,2.2316322834451,8.23146601357616,"#776C60"
"4872367371_1","4872367371_1.png",1,0.5368,58.0766474620162,1.45244491974835,8.18841513878929,"#948A7D"
"4872367371_1","4872367371_1.png",2,0.4632,74.488418281903,0.194720788465421,5.65398793569876,"#BCB7AD"
"4872367371_2","4872367371_2.png",1,0.5636,58.0339787051073,1.77419569299194,8.47794409876456,"#958A7D"
"4872367371_2","4872367371_2.png",2,0.4364,76.7447538864463,0.604758525078389,6.29914692863351,"#C4BDB2"
"4872423941_1","4872423941_1.png",1,0.7002,67.5129413135162,-0.111782552925326,3.69678446333645,"#A7A49E"
"4872423941_1","4872423941_1.png",2,0.2998,53.1216030739138,-0.949689168668599,7.46768709963432,"#837F72"
"4872423941_2","4872423941_2.png",1,0.6332,69.0491367136748,0.498398066834781,7.56476247136296,"#AFA89B"
"4872423941_2","4872423941_2.png",2,0.3668,53.6482962424191,-0.564667323151187,15.5250707587393,"#898066"
"4872423941_3","4872423941_3.png",1,0.5662,68.3432857210865,-3.055388764935,7.76346939422623,"#A7A899"
"4872423941_3","4872423941_3.png",2,0.4338,60.5848585906614,-6.11109222221479,14.5038354270778,"#919578"
"4872423941_4","4872423941_4.png",1,0.5052,60.2611425933725,-4.99967630174936,10.7474009824105,"#90937E"
"4872423941_4","4872423941_4.png",2,0.4948,69.693287134727,-3.01286200551624,7.41663676671878,"#AAAB9D"
"4872423941_6","4872423941_6.png",1,0.5408,69.213874637035,-3.89504675963695,9.86347561851749,"#A9AB97"
"4872423941_6","4872423941_6.png",2,0.4592,59.6734522177228,-5.67677369203163,12.8069378617389,"#8F9279"
"4872423941_7","4872423941_7.png",1,0.561,58.8784581464993,-4.61279000423907,8.63697532719418,"#8C907E"
"4872423941_7","4872423941_7.png",2,0.439,74.4445234068564,-3.65047310118888,9.84884884619884,"#B8B9A5"
"4872423941_8","4872423941_8.png",1,0.5544,59.395343868016,-5.69205037941631,10.2909703908684,"#8C917D"
"4872423941_8","4872423941_8.png",2,0.4456,74.331682018875,-4.52784464339154,10.6529641463263,"#B7B9A3"
"4872564052_1","4872564052_1.png",1,0.5208,76.0570474402142,0.778613078251997,5.61870616517406,"#C1BBB1"
"4872564052_1","4872564052_1.png",2,0.4792,51.1792831115982,4.2750307327622,5.45168923094962,"#857771"
"4875021848_1","4875021848_1.png",1,0.7048,69.1025106805429,2.07939398788877,5.10598130761395,"#B0A7A0"
"4875021848_1","4875021848_1.png",2,0.2952,47.711186608495,3.12763519659703,6.56785907490958,"#7B6F66"
"4875094755_1","4875094755_1.png",1,0.8008,67.6699142756689,0.540732687945472,9.43728572288285,"#ADA494"
"4875094755_1","4875094755_1.png",2,0.1992,21.9084991636183,4.22317438163717,9.69745483540717,"#403226"
"4875126677_1","4875126677_1.png",1,0.5876,75.1017216360558,0.970395760929289,4.17441849670772,"#BEB8B1"
"4875126677_1","4875126677_1.png",2,0.4124,46.5394176659322,2.95099758545302,4.7048939923056,"#776C67"
"4875126677_2","4875126677_2.png",1,0.5222,79.3313400064139,0.982320533043325,5.78548289766162,"#CBC3BA"
"4875126677_2","4875126677_2.png",2,0.4778,47.4401214707401,3.86248571187454,6.23481697423021,"#7B6E66"
"4875126677_3","4875126677_3.png",1,0.5252,77.8031520573111,0.84703256374075,4.07527082355594,"#C5BFB9"
"4875126677_3","4875126677_3.png",2,0.4748,50.2361647311962,2.55087004344308,3.84239316891871,"#7F7671"
"4875241004_1","4875241004_1.png",1,0.795,67.3919357806178,0.67998697978089,-0.327336858781212,"#A5A4A5"
"4875241004_1","4875241004_1.png",2,0.205,39.7312205095152,0.574055904891109,1.52430495943861,"#605D5B"
"4875319417_1","4875319417_1.png",1,0.6294,73.6793090482648,0.255346582195603,-5.99705217816637,"#B0B5C0"
"4875319417_1","4875319417_1.png",2,0.3706,45.8170215270442,0.168539493452073,-2.89060064460346,"#6A6D71"
"4875416014_1","4875416014_1.png",1,0.6244,69.9078984611992,-2.48836836610059,8.66916747584523,"#ADAC9B"
"4875416014_1","4875416014_1.png",2,0.3756,53.8066112728281,-3.77746035709825,10.9370723057448,"#82826E"
"4880856637_1","4880856637_1.png",1,0.8022,66.6578592260441,-2.36651103333144,-8.060301155971,"#96A4B0"
"4880856637_1","4880856637_1.png",2,0.1978,43.3397969239803,-0.139503330006747,-24.8049080101089,"#49688F"
"4880857075_1","4880857075_1.png",1,0.5696,77.3344690651207,0.865362668570363,6.4438353197117,"#C6BEB3"
"4880857075_1","4880857075_1.png",2,0.4304,43.6636869990363,2.823021281673,7.94363269242892,"#71655A"
"4880857075_2","4880857075_2.png",1,0.668721109399075,72.8099183234413,1.90224402174885,5.04052289522942,"#BAB1AA"
"4880857075_2","4880857075_2.png",2,0.331278890600925,43.9742097163389,4.26848160034213,5.39822281565655,"#73655F"
"4881092148_1","4881092148_1.png",1,0.607,74.0723375498962,2.0739783981698,1.87692529056206,"#BCB5B3"
"4881092148_1","4881092148_1.png",2,0.393,45.1020913338647,3.75824408221723,6.05949398516188,"#756861"
"4881223356_1","4881223356_1.png",1,0.6362,72.5542625030053,0.335234087601221,4.69455923970095,"#B6B1A9"
"4881223356_1","4881223356_1.png",2,0.3638,43.214847210984,3.30307862619343,5.5285898553182,"#6F645D"
"4881388731_1","4881388731_1.png",1,0.5134,74.388182543505,1.24326517243087,1.85219565864509,"#BBB6B4"
"4881388731_1","4881388731_1.png",2,0.4866,55.5566524924873,1.53948980999919,1.00823212403257,"#898483"
"4881388731_2","4881388731_2.png",1,0.5974,71.1928732259221,1.06914426425705,1.48089731086125,"#B2AEAC"
"4881388731_2","4881388731_2.png",2,0.4026,51.2156727165088,1.98818732958052,-1.56309476066807,"#7C797D"
"4881512097_1","4881512097_1.png",1,0.6164,71.0096644548255,1.60204478412546,0.318805874688438,"#B1ADAD"
"4881512097_1","4881512097_1.png",2,0.3836,50.6511447913113,2.0920991105963,8.0996784665862,"#82776B"
"4881512097_2","4881512097_2.png",1,0.6024,69.1584473724251,1.09645390847953,1.98865582294158,"#ACA8A5"
"4881512097_2","4881512097_2.png",2,0.3976,56.7063145907001,1.84297754827428,2.37913093287337,"#8D8784"
"4881628500_1","4881628500_1.png",1,0.5256,77.1662758187827,2.41368901931548,14.025884007548,"#CDBCA5"
"4881628500_1","4881628500_1.png",2,0.4744,50.5325627074293,3.49355820550807,11.9513760677391,"#867664"
"4881628500_2","4881628500_2.png",1,0.6248,70.495160547782,1.58908427937045,6.33523880660617,"#B4ABA1"
"4881628500_2","4881628500_2.png",2,0.3752,50.4597813949978,2.13706953497845,3.20562236812782,"#7E7773"
"4881661855_1","4881661855_1.png",1,0.6086,71.5314296639627,-3.58128309358541,-0.0608435379207524,"#A8B1AF"
"4881661855_1","4881661855_1.png",2,0.3914,50.0196048176599,-5.96222349745081,5.18877534248256,"#707A6E"
"4881833866_1","4881833866_1.png",1,0.6784,70.4700363879529,2.25502796215949,4.29337568798865,"#B4ABA5"
"4881833866_1","4881833866_1.png",2,0.3216,42.4572592360599,3.97546396493767,7.11136409377133,"#6F6259"
"4881916945_1","4881916945_1.png",1,0.51,82.3682948497309,-0.729603873993437,2.93652967596655,"#CECDC7"
"4881916945_1","4881916945_1.png",2,0.49,46.0931752370535,0.388151109686349,5.62801054423894,"#726D64"
"4882220112_1","4882220112_1.png",1,0.5532,74.1127574943424,1.38997363164317,1.3242586857955,"#BAB5B4"
"4882220112_1","4882220112_1.png",2,0.4468,50.8431121027106,2.8698416382155,1.64154575039348,"#7F7776"
"4882315279_1","4882315279_1.png",1,0.6186,69.6116892739574,0.232915728083765,5.65200456664749,"#AFA9A0"
"4882315279_1","4882315279_1.png",2,0.3814,52.5841806178953,0.777054113219975,9.12934146467623,"#857C6E"
"4883662978_1","4883662978_1.png",1,0.5324,51.9719153436605,2.96225367144593,3.52970837319444,"#847A76"
"4883662978_1","4883662978_1.png",2,0.4676,81.1185742749474,0.78494309773113,1.442938804247,"#CCC9C7"
"4884245229_1","4884245229_1.png",1,0.6442,69.5109561624408,1.96951456664592,0.256811918781532,"#AEA9A9"
"4884245229_1","4884245229_1.png",2,0.3558,53.6253948984645,3.36669633018015,0.284500036742618,"#867E80"
"4884643869_1","4884643869_1.png",1,0.6922,68.0005483090478,-0.0863392477955014,-0.552294339454376,"#A5A6A7"
"4884643869_1","4884643869_1.png",2,0.3078,50.8791505768104,0.339288634367687,0.498174340203668,"#7A7978"
"4885201318_1","4885201318_1.png",1,0.5812,73.4989224538543,1.11103684840547,2.735265881034,"#B9B4B0"
"4885201318_1","4885201318_1.png",2,0.4188,50.2128991897405,1.7290035530126,3.48598457891029,"#7D7672"
"4885302879_1","4885302879_1.png",1,0.6248,71.3310196795908,4.28164983253512,9.0112031629463,"#BDAB9F"
"4885302879_1","4885302879_1.png",2,0.3752,53.1550264478112,4.65779574215629,16.1846969316426,"#917B63"
"4886594565_1","4886594565_1.png",1,0.5378,49.0057689334382,5.0881543927602,-0.789092617038403,"#7D7276"
"4886594565_1","4886594565_1.png",2,0.4622,89.0102924834139,0.107881374015757,2.03595531960603,"#E2DFDC"
"4886732633_1","4886732633_1.png",1,0.5396,79.5271924986535,0.091870979810321,-1.9031981777256,"#C4C5C9"
"4886732633_1","4886732633_1.png",2,0.4604,46.367416991733,1.42234770834196,-1.12883735473667,"#6F6D70"
"4886919586_1","4886919586_1.png",1,0.7416,66.5898230147784,1.06702073963267,0.724178486586153,"#A5A1A1"
"4886919586_1","4886919586_1.png",2,0.2584,54.653112598674,1.94806643643982,1.23654502747705,"#878281"
"4886919586_2","4886919586_2.png",1,0.7756,66.9623499573578,-0.583116603117348,1.19193854301556,"#A3A3A1"
"4886919586_2","4886919586_2.png",2,0.2244,49.0466167801602,-0.0724520922342411,3.4171058348685,"#77746F"
"4886919586_3","4886919586_3.png",1,0.799,66.5144372356878,0.389084149054124,1.43401716302371,"#A4A19F"
"4886919586_3","4886919586_3.png",2,0.201,45.2868700083851,1.32457851377089,3.05413865462269,"#706A66"
"4886919586_4","4886919586_4.png",1,0.7984,66.6800951133869,-0.656229191181467,1.24918473119812,"#A2A2A0"
"4886919586_4","4886919586_4.png",2,0.2016,46.0741225266608,-0.265472024415532,3.09958888765205,"#6F6D68"
"4886919586_5","4886919586_5.png",1,0.9012,65.0855389703333,0.0356164692772784,1.03955269661534,"#9F9E9C"
"4886919586_5","4886919586_5.png",2,0.0988,40.4528494960951,1.81456716947485,5.94937055217949,"#665E56"
"4886951069_1","4886951069_1.png",1,0.538,54.5249738404437,5.29083399968948,5.51620818378796,"#907F79"
"4886951069_1","4886951069_1.png",2,0.462,78.4866245468201,1.56490289242774,4.70402773810811,"#C9C1BA"
"4887429596_1","4887429596_1.png",1,0.770353872803761,67.3306435693118,-1.33202080938873,-2.95907638615866,"#9FA5A9"
"4887429596_1","4887429596_1.png",2,0.229646127196239,39.0798843271047,-2.2576890387829,-4.63428431297868,"#545D63"
"4887822305_1","4887822305_1.png",1,0.5524,57.6190501320649,3.88241115549725,0.316029747648219,"#92888A"
"4887822305_1","4887822305_1.png",2,0.4476,75.7846542503919,1.98580709473024,0.917530322140906,"#BFB9B9"
"4887902287_1","4887902287_1.png",1,0.5614,80.2626568583956,0.172139022309547,2.93882530690605,"#CAC7C2"
"4887902287_1","4887902287_1.png",2,0.4386,39.6135936853465,2.38039513855839,2.34746615447596,"#635C5A"
"4888141363_1","4888141363_1.png",1,0.658,71.859482649692,0.499621694365923,1.36149755602299,"#B2B0AE"
"4888141363_1","4888141363_1.png",2,0.342,45.4467150063898,-0.0746162304647839,5.75706767477709,"#706B62"
"4888142623_1","4888142623_1.png",1,0.63,58.308347601016,4.70599463218528,-0.197314586506109,"#94898D"
"4888142623_1","4888142623_1.png",2,0.37,80.2040478809785,2.36795411104565,0.494944394390663,"#CCC5C6"
"4888684856_1","4888684856_1.png",1,0.6174,71.9225511552683,1.15306198877294,3.78309241472001,"#B5AFA9"
"4888684856_1","4888684856_1.png",2,0.3826,44.641832984007,2.17982633015758,2.82036269630199,"#6F6865"
"4888962037_1","4888962037_1.png",1,0.593,57.5761648190604,5.40766929983374,-2.84492014577464,"#92878F"
"4888962037_1","4888962037_1.png",2,0.407,79.9041035092572,2.42620331956643,-2.172117599887,"#C9C5CA"
"4888962037_2","4888962037_2.png",1,0.6658,60.0667130601783,3.7513682378386,0.202402528256539,"#988F90"
"4888962037_2","4888962037_2.png",2,0.3342,85.4338542562267,2.47968142962458,0.355487609651826,"#DBD4D5"
"4888962037_3","4888962037_3.png",1,0.5332,55.1420873384768,3.31392970575259,0.20051915257944,"#8A8284"
"4888962037_3","4888962037_3.png",2,0.4668,76.5781698367201,-6.30976462619897,-6.89553268139844,"#A9C1C9"
"4888962037_4","4888962037_4.png",1,0.589,57.776040690048,4.27597021872474,-5.38503171533505,"#8E8994"
"4888962037_4","4888962037_4.png",2,0.411,78.6731584792484,2.30194529608547,-6.91101519878838,"#C1C2CF"
"4889194827_1","4889194827_1.png",1,0.5766,78.6698371058852,-0.060805406199087,-0.226954351700679,"#C2C3C3"
"4889194827_1","4889194827_1.png",2,0.4234,37.7325516242327,1.73730229285383,0.103058957633781,"#5C5859"
"4889194827_2","4889194827_2.png",1,0.614019253910951,72.1183595199521,2.62696914512386,3.95170678985009,"#B9AFAA"
"4889194827_2","4889194827_2.png",2,0.385980746089049,48.9308668973081,4.93048148341961,6.31899975616364,"#81716A"
"4889219099_1","4889219099_1.png",1,0.5194,80.6099549398478,3.83588779894782,-2.10427029099152,"#CEC6CC"
"4889219099_1","4889219099_1.png",2,0.4806,48.4125674101076,8.30502109408719,-3.56744748412408,"#7F6E79"
"4889219099_2","4889219099_2.png",1,0.5892,55.5101100491295,6.70064669621387,-8.81667298988744,"#8A8294"
"4889219099_2","4889219099_2.png",2,0.4108,89.7947057364739,2.29476457617491,-3.05954857355126,"#E4E1E8"
"4889230092_1","4889230092_1.png",1,0.5948,76.1690949134209,1.22428421902686,2.62614172605275,"#C0BBB7"
"4889230092_1","4889230092_1.png",2,0.4052,37.830197010258,4.45790572787715,5.38023754979191,"#645651"
"4889230092_2","4889230092_2.png",1,0.5676,78.0508062592393,0.496836214868274,1.02948317846237,"#C3C1BF"
"4889230092_2","4889230092_2.png",2,0.4324,40.3971079327835,2.32807691363554,0.11471395648761,"#635E5F"
"4889230092_3","4889230092_3.png",1,0.5608,77.4523995893922,0.545689806705882,1.45054099045808,"#C2BFBD"
"4889230092_3","4889230092_3.png",2,0.4392,42.3452608787589,2.83520136942591,1.77118738300597,"#6A6261"
"4889489021_1","4889489021_1.png",1,0.5246,56.761039255516,2.15130074153365,0.465769046987066,"#8C8787"
"4889489021_1","4889489021_1.png",2,0.4754,74.4768212519455,1.50996225981972,2.74103073254015,"#BCB6B2"
"4889489021_2","4889489021_2.png",1,0.612,59.9273026827382,1.33378592878169,-2.4703643857693,"#919095"
"4889489021_2","4889489021_2.png",2,0.388,75.9217712543038,0.514675453340458,-1.48857365649841,"#BBBBBE"
"4889930075_1","4889930075_1.png",1,0.5024,84.9129146856549,-0.972483728713189,2.69570915996319,"#D4D4CF"
"4889930075_1","4889930075_1.png",2,0.4976,44.6873965802794,-0.256504667239845,8.36928680784478,"#6F695C"
"4891781100_1","4891781100_1.png",1,0.5892,59.8814995418158,2.69013271442693,6.3528913065426,"#9A8E85"
"4891781100_1","4891781100_1.png",2,0.4108,74.1670714841786,1.20016280372851,2.96364275557169,"#BBB5B1"
"4891781100_2","4891781100_2.png",1,0.516,57.5764816292559,3.35994753277629,5.79869885001285,"#948880"
"4891781100_2","4891781100_2.png",2,0.484,73.2267323376628,1.65173548009711,2.46526709129712,"#B9B3AF"
"4891953350_1","4891953350_1.png",1,0.577,75.9488482648908,0.12845133798111,2.06234209382755,"#BDBBB7"
"4891953350_1","4891953350_1.png",2,0.423,45.8380892437163,0.574414704858977,6.7663467134995,"#726C61"
"4891953350_2","4891953350_2.png",1,0.5416,77.3035456633591,-0.480567932946094,-0.963791933629971,"#BDBFC1"
"4891953350_2","4891953350_2.png",2,0.4584,48.6082440244053,-0.390006208671702,3.13725006058805,"#75736E"
"4891983605_1","4891983605_1.png",1,0.542,73.4055532138425,4.33384660349989,-0.0328431937333117,"#BCB2B4"
"4891983605_1","4891983605_1.png",2,0.458,53.7425129715985,5.52258790429649,-1.0631196859537,"#897D82"
"4892130531_1","4892130531_1.png",1,0.6662,72.4098935360295,-1.26956746191894,6.74764068769562,"#B5B2A5"
"4892130531_1","4892130531_1.png",2,0.3338,43.1231623691956,-2.47287123516567,12.353500245294,"#6A6651"
"4892130531_2","4892130531_2.png",1,0.6602,71.8231124852127,-1.57930387281921,7.50874690886602,"#B3B0A2"
"4892130531_2","4892130531_2.png",2,0.3398,40.0629863968749,-3.19778129340653,13.944951591078,"#625F48"
"4892236775_1","4892236775_1.png",1,0.6076,74.4692783132453,0.785565362317048,-0.0797557577004974,"#B9B7B7"
"4892236775_1","4892236775_1.png",2,0.3924,43.0531599190824,3.10927030031504,-1.43173576466349,"#6A6468"
"4900951928_1","4900951928_1.png",1,0.8534,64.1973001222509,0.063529639889922,1.28196267916361,"#9D9B99"
"4900951928_1","4900951928_1.png",2,0.1466,22.0165590166495,-1.00075708088989,2.44479199322981,"#353531"
"4900951928_2","4900951928_2.png",1,0.5516,75.8854386816705,-0.0246632371034871,3.2301112094032,"#BEBBB5"
"4900951928_2","4900951928_2.png",2,0.4484,49.5441480106118,-0.508452609124818,6.75673383041783,"#7A766A"
"4901088109_1","4901088109_1.png",1,0.7984,67.4840687316484,-0.924579309843458,0.309825105033271,"#A3A5A4"
"4901088109_1","4901088109_1.png",2,0.2016,43.2160374223674,-0.693088818108314,2.53791879288904,"#676662"
"4901287728_1","4901287728_1.png",1,0.553,78.731161245273,2.51048161690717,9.76025316549655,"#CFC1B1"
"4901287728_1","4901287728_1.png",2,0.447,43.2357456323232,9.39076009270285,20.1921107010231,"#806045"
"4901365571_1","4901365571_1.png",1,0.545721271393643,73.9635989276212,2.01475486715405,1.01500440442543,"#BAB5B4"
"4901365571_1","4901365571_1.png",2,0.454278728606357,52.9295108014868,5.36137898730399,-5.39274262469388,"#847C88"
"4901374931_1","4901374931_1.png",1,0.576649264356906,69.6613095441038,3.43235980797371,4.74392676082755,"#B4A8A2"
"4901374931_1","4901374931_1.png",2,0.423350735643094,56.2600083774739,4.95665166791063,7.01860457211436,"#94847B"
"4901507859_1","4901507859_1.png",1,0.714,70.4906181818105,-0.62315997241708,2.6521201085916,"#ADADA8"
"4901507859_1","4901507859_1.png",2,0.286,44.2686522006619,-0.841771641841302,5.51044201886417,"#6B6960"
"4901569538_1","4901569538_1.png",1,0.6378,70.3823247669007,1.21657120033735,9.0815475879933,"#B5AB9C"
"4901569538_1","4901569538_1.png",2,0.3622,52.2975855310338,3.11529625286369,18.0043840763723,"#8D7A5E"
"4901569538_2","4901569538_2.png",1,0.6678,69.4938404436643,0.760349848511455,11.1413282476937,"#B3A996"
"4901569538_2","4901569538_2.png",2,0.3322,50.6254690426606,2.12776649024361,23.6804031004939,"#8A7650"
"4901569538_3","4901569538_3.png",1,0.6854,70.4253274514967,1.74730813682577,12.4113506709995,"#B9AA96"
"4901569538_3","4901569538_3.png",2,0.3146,52.396205321565,3.1911296879014,21.5059760395185,"#8F7A58"
"4901569538_4","4901569538_4.png",1,0.6024,71.4674491023854,1.14041805562656,12.3246128672281,"#BAAE99"
"4901569538_4","4901569538_4.png",2,0.3976,52.6506272337454,3.27243886458457,20.4562407960866,"#8F7B5B"
"4901569538_5","4901569538_5.png",1,0.6028,71.9454402821859,1.74005939744924,11.3571519701767,"#BCAF9C"
"4901569538_5","4901569538_5.png",2,0.3972,51.3851511783154,4.48955121955612,20.0546540677218,"#8E7758"
"4901574901_1","4901574901_1.png",1,0.6118,58.6362332191495,0.565555592614357,5.16341261152786,"#928C84"
"4901574901_1","4901574901_1.png",2,0.3882,78.7425835918131,-0.380394328060419,3.01815196597985,"#C5C3BD"
"4901574901_2","4901574901_2.png",1,0.5114,74.9252173687724,0.554670959552997,3.31013508829731,"#BCB8B2"
"4901574901_2","4901574901_2.png",2,0.4886,54.2889803995831,1.4518299639571,5.49950454105913,"#888178"
"4901598964_1","4901598964_1.png",1,0.6142,74.6371137451856,2.26892558295574,4.72717141224335,"#C0B6AF"
"4901598964_1","4901598964_1.png",2,0.3858,44.2719430509918,3.8872767143656,5.92304568334175,"#73665F"
"4901749055_1","4901749055_1.png",1,0.633,69.1311377807984,3.34754558714192,6.55581036682212,"#B4A69D"
"4901749055_1","4901749055_1.png",2,0.367,53.8865468025979,7.06970233520934,11.056533679463,"#947C6E"
"4902062814_1","4902062814_1.png",1,0.71,68.78602006708,0.555164193828104,2.45697356454429,"#ABA7A3"
"4902062814_1","4902062814_1.png",2,0.29,44.5917595270097,1.5313400012344,5.64438341057685,"#706860"
"4904010060_1","4904010060_1.png",1,0.6684,69.3687611645434,0.808432270717821,8.28009853879756,"#B1A89B"
"4904010060_1","4904010060_1.png",2,0.3316,44.0770195499292,2.86521939196052,11.8913336371079,"#746655"
"4904216159_1","4904216159_1.png",1,0.514,59.0697447514988,2.57802238793541,5.90772040008387,"#978C84"
"4904216159_1","4904216159_1.png",2,0.486,71.6558789991291,1.30067468287791,5.650683988168,"#B6AEA5"
"4907982596_1","4907982596_1.png",1,0.7608,68.0965132750323,0.767123226075443,4.91183273388687,"#ABA59D"
"4907982596_1","4907982596_1.png",2,0.2392,30.6854757055269,4.20276588788752,10.9602395976593,"#554537"
"4908581559_1","4908581559_1.png",1,0.5942,73.6348676852737,0.753430065907345,-0.503773261950945,"#B6B4B6"
"4908581559_1","4908581559_1.png",2,0.4058,45.9412805552291,1.66574217065142,0.0300172401963923,"#706C6D"
"4908736618_1","4908736618_1.png",1,0.689,70.5454729018672,0.476407892828307,3.29394906252274,"#B0ACA7"
"4908736618_1","4908736618_1.png",2,0.311,45.3581938200579,0.718302846904724,9.62583854906575,"#736A5B"
"4908775518_1","4908775518_1.png",1,0.5938,56.0968089242829,4.27961463070141,2.29757908026321,"#908483"
"4908775518_1","4908775518_1.png",2,0.4062,83.3693335562564,1.69563146877412,1.49171131779856,"#D4CFCD"
"4908775518_2","4908775518_2.png",1,0.567,54.851672147931,5.60151472749874,3.82595647257946,"#90807D"
"4908775518_2","4908775518_2.png",2,0.433,79.8504317456949,2.39588107993908,2.1346466924678,"#CCC4C2"
"4908829922_1","4908829922_1.png",1,0.5662,48.5919158832736,-0.631032634887696,-2.16900998490704,"#707477"
"4908829922_1","4908829922_1.png",2,0.4338,90.4728609481831,-0.0189963637103309,2.23116405736449,"#E6E4DF"
"4908829922_2","4908829922_2.png",1,0.5152,81.2490535517827,0.847621166832862,3.86927807832004,"#CFC9C3"
"4908829922_2","4908829922_2.png",2,0.4848,46.4923974072021,2.11626374111555,4.05021485052948,"#756D67"
"4909342596_1","4909342596_1.png",1,0.5608,59.3173232632556,1.08855192479177,6.91215556852979,"#968E83"
"4909342596_1","4909342596_1.png",2,0.4392,76.099392715883,-0.512479959917583,4.03116024251019,"#BEBCB4"
"4909342596_2","4909342596_2.png",1,0.53,57.8919925732914,0.706144598986885,4.51348340658143,"#908A83"
"4909342596_2","4909342596_2.png",2,0.47,73.6632406440981,-0.193098000280378,3.32762030441198,"#B7B5AF"
"4910725007_1","4910725007_1.png",1,0.7216,70.4703425559032,1.11503500673494,3.73599131142006,"#B1ABA6"
"4910725007_1","4910725007_1.png",2,0.2784,40.4672144962672,2.40556353908994,8.03209983375532,"#695E52"
"4910727666_1","4910727666_1.png",1,0.5604,72.0088556620617,2.2588935884016,12.8678721401784,"#BEAE99"
"4910727666_1","4910727666_1.png",2,0.4396,53.9925562666449,2.25730499709928,15.6918488423963,"#8F7F66"
"4910798320_1","4910798320_1.png",1,0.5022,49.8498346552053,-0.369579922135398,-0.0540240309015224,"#767777"
"4910798320_1","4910798320_1.png",2,0.4978,79.9964063759009,0.309151377195299,3.08277663413072,"#C9C6C1"
"4910852089_1","4910852089_1.png",1,0.5162,82.4023761326544,0.132643588319593,0.814904761204818,"#CECDCB"
"4910852089_1","4910852089_1.png",2,0.4838,44.8746311394902,0.690056133280197,3.51524927931805,"#6E6A64"
"4910890311_1","4910890311_1.png",1,0.6216,71.8749061812319,2.80543696544909,-0.989014912679258,"#B5AFB2"
"4910890311_1","4910890311_1.png",2,0.3784,49.0876919717432,4.4439966861935,3.20214970782192,"#7F726F"
"4910910936_1","4910910936_1.png",1,0.7056,66.7088259896427,0.0488911507208183,2.18939636643095,"#A4A29E"
"4910910936_1","4910910936_1.png",2,0.2944,28.7098241948103,1.79823923208348,0.939405597612043,"#474342"
"4910939480_1","4910939480_1.png",1,0.527,55.8996509936594,4.39514734064782,2.84214418037585,"#908381"
"4910939480_1","4910939480_1.png",2,0.473,77.1173320774843,3.34346122975393,0.786746923218076,"#C5BCBD"
"4910939480_2","4910939480_2.png",1,0.5228,74.0153325965731,5.75539727909816,6.88949097314932,"#C6B2AA"
"4910939480_2","4910939480_2.png",2,0.4772,55.4130928255996,6.35991551188038,9.44290732288433,"#968075"
"4910939480_3","4910939480_3.png",1,0.552,58.4866505625006,3.0872148720051,-0.264128372245283,"#928B8D"
"4910939480_3","4910939480_3.png",2,0.448,74.1485916426582,3.59213744002129,0.650646201760502,"#BEB4B5"
"4911004706_1","4911004706_1.png",1,0.5652,77.1373216864359,0.513778658506807,-2.06315792341352,"#BEBEC2"
"4911004706_1","4911004706_1.png",2,0.4348,42.9844117938131,2.71969971544109,-0.681814303046076,"#6A6467"
"4911073442_1","4911073442_1.png",1,0.7734,62.7081841690805,-0.0167957384469851,1.40325093829892,"#999895"
"4911073442_1","4911073442_1.png",2,0.2266,83.3248155526212,0.95309956219209,3.08119416814115,"#D4CFCA"
"4911129716_1","4911129716_1.png",1,0.6022,81.1085660952059,-0.285699632860211,-4.75547912549605,"#C5CAD2"
"4911129716_1","4911129716_1.png",2,0.3978,37.6307667914543,9.1046347128645,2.65874333956017,"#695355"
"4911143927_1","4911143927_1.png",1,0.5752,72.7552774525866,2.69304832679238,-0.528488619072368,"#B7B1B4"
"4911143927_1","4911143927_1.png",2,0.4248,53.1865845504604,5.18773440422166,-3.49205385391523,"#857C85"
"4919130720_1","4919130720_1.png",1,0.7484,67.0207893074367,2.4566209001797,8.2437580279633,"#AEA194"
"4919130720_1","4919130720_1.png",2,0.2516,40.1981098117999,1.41647186976502,4.12865981746679,"#645E58"
"4919212339_1","4919212339_1.png",1,0.6424,69.6315780161756,-1.40505844677694,2.93453076363939,"#AAABA5"
"4919212339_1","4919212339_1.png",2,0.3576,54.651646977446,-0.921462231441835,6.06569321986502,"#868378"
"4919212339_2","4919212339_2.png",1,0.675,68.197914921905,-0.996129024994951,3.99779745968176,"#A8A79F"
"4919212339_2","4919212339_2.png",2,0.325,54.5356999924026,-0.640509279536748,6.65764762953132,"#868277"
"4919383096_1","4919383096_1.png",1,0.539,79.202489755151,0.519592488266399,1.25424505277686,"#C6C4C2"
"4919383096_1","4919383096_1.png",2,0.461,46.7571844968827,3.96586506728604,1.76404818489888,"#776D6C"
"4919383096_2","4919383096_2.png",1,0.5408,52.302053468156,3.48229125978131,1.50905117487888,"#847B7A"
"4919383096_2","4919383096_2.png",2,0.4592,80.96995809795,0.451675636361892,0.633544667981984,"#CAC9C8"
"4919383096_3","4919383096_3.png",1,0.5608,53.1360644411715,2.27543126574587,1.94325921156768,"#847D7C"
"4919383096_3","4919383096_3.png",2,0.4392,81.7565771209042,-0.229410844720151,1.01607665677925,"#CCCBC9"
"4919383096_4","4919383096_4.png",1,0.5762,54.7899088455117,5.12998402705636,-0.359931794265998,"#8C8084"
"4919383096_4","4919383096_4.png",2,0.4238,83.7444185733471,2.31053772477011,-0.0987257567067606,"#D5CFD1"
"4919726494_1","4919726494_1.png",1,0.5848,57.4417048828284,-0.101900452506747,-3.10094511341171,"#878A8F"
"4919726494_1","4919726494_1.png",2,0.4152,83.6106633801114,0.144516123880467,1.4556258939675,"#D2D0CE"
"4921533795_1","4921533795_1.png",1,0.666,69.3452183011313,-0.24050274165101,-0.981737572525223,"#A8A9AB"
"4921533795_1","4921533795_1.png",2,0.334,44.388940863879,-0.133851615851265,4.50450751697617,"#6C6962"
"4921533795_2","4921533795_2.png",1,0.6744,69.2173508421126,0.143428905386843,-0.827070312193771,"#A9A9AA"
"4921533795_2","4921533795_2.png",2,0.3256,43.9077491785547,0.926696388109959,5.02935298647108,"#6D6760"
"4921533795_3","4921533795_3.png",1,0.5156,74.8191105655188,0.409629290779616,3.44979281828302,"#BCB8B2"
"4921533795_3","4921533795_3.png",2,0.4844,52.8688895026734,1.43081771497183,6.15014431664186,"#857D74"
"4921535533_1","4921535533_1.png",1,0.7028,70.086692725016,0.159739121206206,3.42086201783462,"#AEABA5"
"4921535533_1","4921535533_1.png",2,0.2972,41.3442401039351,0.823284521708217,7.98499758562267,"#686155"
"4921535533_2","4921535533_2.png",1,0.5344,80.1065264528092,0.68208807401877,3.48404033242754,"#CBC6C0"
"4921535533_2","4921535533_2.png",2,0.4656,42.6265165725868,0.694674447144521,4.94017089118183,"#69645D"
"4921535533_3","4921535533_3.png",1,0.6292,73.8705815757032,1.64285568210167,4.15977180469718,"#BCB4AE"
"4921535533_3","4921535533_3.png",2,0.3708,37.7900495185761,3.25671816901184,7.93864764452557,"#63574C"
"4921570398_1","4921570398_1.png",1,0.5662,71.1146757882369,0.897501359227015,0.841574184174741,"#B0ADAD"
"4921570398_1","4921570398_1.png",2,0.4338,55.03636477542,2.50793657998248,2.54243212927055,"#8A827F"
"4921740504_1","4921740504_1.png",1,0.5192,57.3351593546213,3.37597177821147,12.3031769386448,"#988774"
"4921740504_1","4921740504_1.png",2,0.4808,73.8179765232499,2.0673134959552,9.39188282257078,"#C0B4A4"
"4921740504_2","4921740504_2.png",1,0.533,56.0567935610208,4.04304057346092,11.8119929254033,"#958372"
"4921740504_2","4921740504_2.png",2,0.467,75.9923314510856,2.4016914733419,9.11538469133907,"#C7B9AB"
"4921742071_1","4921742071_1.png",1,0.6976,71.797235741676,-1.54679362453464,6.37230143844312,"#B2B0A4"
"4921742071_1","4921742071_1.png",2,0.3024,33.8644145882569,-3.74285575715102,9.56103907459015,"#505140"
"4921819518_1","4921819518_1.png",1,0.6858,72.3247211553523,2.6317859519622,5.91420748510212,"#BBAFA7"
"4921819518_1","4921819518_1.png",2,0.3142,37.7619345603338,2.77826919874884,-6.11782553822041,"#595863"
"4923659518_1","4923659518_1.png",1,0.6334,59.4201107563858,-0.276010952754118,5.36624278889727,"#938F86"
"4923659518_1","4923659518_1.png",2,0.3666,80.9315801400183,0.464917667576856,2.13680938642093,"#CCC8C5"
"4923659518_2","4923659518_2.png",1,0.6706,63.7239010433836,-11.4330860779794,12.1091653216407,"#8EA084"
"4923659518_2","4923659518_2.png",2,0.3294,71.6291644944341,-8.66372233570663,10.3110630634068,"#A7B49C"
"4923717476_1","4923717476_1.png",1,0.5748,76.778138782806,0.104576699181004,-4.67892256794756,"#BABEC6"
"4923717476_1","4923717476_1.png",2,0.4252,42.5022476882454,0.574513615633746,-0.289242818058253,"#656465"
"4923717476_2","4923717476_2.png",1,0.5392,79.2187754770615,0.284082959471602,-4.84618976832854,"#C0C4CD"
"4923717476_2","4923717476_2.png",2,0.4608,45.3872359197631,0.951743909679453,-0.880930960091273,"#6C6B6D"
"4923744585_1","4923744585_1.png",1,0.622,71.9633780110202,1.07801596024848,3.96522271189054,"#B6AFA9"
"4923744585_1","4923744585_1.png",2,0.378,49.6452633651322,2.33787135457397,5.9029445208215,"#7E746C"
"4923744585_2","4923744585_2.png",1,0.6246,71.86450635069,1.06607021426046,3.93708097930856,"#B5AFA9"
"4923744585_2","4923744585_2.png",2,0.3754,49.1483155817005,1.86983306222778,7.3124112230522,"#7D7369"
"4923822712_1","4923822712_1.png",1,0.5072,70.0322561004993,0.746967671646006,7.44589185102779,"#B2AA9E"
"4923822712_1","4923822712_1.png",2,0.4928,60.0195273816293,0.22923491299862,10.6057374967571,"#99907E"
"4924018948_1","4924018948_1.png",1,0.6468,70.6674313136677,0.106625948433306,3.15383122018642,"#B0ADA7"
"4924018948_1","4924018948_1.png",2,0.3532,47.9259406030001,1.45217724284081,7.57150772652621,"#797065"
"4924018948_2","4924018948_2.png",1,0.6486,69.2823534263894,-0.0213273399151562,2.29863806050081,"#ABA9A5"
"4924018948_2","4924018948_2.png",2,0.3514,51.9194789060466,1.36262947657345,5.65514584950161,"#827B72"
"4924034936_1","4924034936_1.png",1,0.5052,72.5801239202709,1.2668595180109,9.29440182865621,"#BBB1A1"
"4924034936_1","4924034936_1.png",2,0.4948,57.0865038631523,0.108517499608541,9.97598045895497,"#908878"
"4924047070_1","4924047070_1.png",1,0.6452,72.3322509029669,-1.56458944057547,5.67700294566385,"#B3B2A7"
"4924047070_1","4924047070_1.png",2,0.3548,40.0964299297752,-0.393120325106828,15.3010419329807,"#675E46"
"4924047070_2","4924047070_2.png",1,0.5446,75.3454964816117,0.779793000818352,-3.50860003971903,"#B8B9C0"
"4924047070_2","4924047070_2.png",2,0.4554,51.3630683921784,0.739946022165834,-0.623306983251158,"#7B7A7B"
"4924075953_1","4924075953_1.png",1,0.5346,73.2153967080232,6.18666204794461,11.109483349643,"#C7AFA0"
"4924075953_1","4924075953_1.png",2,0.4654,54.9529469535169,10.1085942192048,15.9891787321123,"#9E7D68"
"4924075953_2","4924075953_2.png",1,0.503,73.5324230648127,3.87349087622934,12.2082884294307,"#C5B19F"
"4924075953_2","4924075953_2.png",2,0.497,56.5897060390362,7.68945711737206,14.5542714760151,"#9E826F"
"4924075953_3","4924075953_3.png",1,0.5728,57.4446508013878,8.26255228954808,16.8381044842839,"#A2846D"
"4924075953_3","4924075953_3.png",2,0.4272,76.5814970707929,3.61243533724369,12.7661185624189,"#CDBAA6"
"4924075953_4","4924075953_4.png",1,0.5104,73.7695563802598,3.59105410961834,12.0361863559086,"#C5B29F"
"4924075953_4","4924075953_4.png",2,0.4896,56.1525204286502,7.33116093946222,14.7161639437312,"#9C816D"
"4926051708_1","4926051708_1.png",1,0.6474,69.3065729306752,0.586306737263492,1.36693003377258,"#ABA9A7"
"4926051708_1","4926051708_1.png",2,0.3526,38.1859012011704,0.536481768350688,2.62284639595799,"#5D5956"
"4926103654_1","4926103654_1.png",1,0.5326,55.8450370044421,4.40113261964242,12.8341358227588,"#968270"
"4926103654_1","4926103654_1.png",2,0.4674,75.6940022908906,1.57681589599991,8.90055333016831,"#C4B9AA"
"4926117008_1","4926117008_1.png",1,0.551,56.4952772594954,1.16152372569952,9.7989259883429,"#908677"
"4926117008_1","4926117008_1.png",2,0.449,76.7608139849091,-0.345197185065366,6.0718282541443,"#C2BDB2"
"4926135872_1","4926135872_1.png",1,0.7236,67.5508486080026,0.274910868947548,0.5107699746308,"#A5A4A4"
"4926135872_1","4926135872_1.png",2,0.2764,52.4971913946334,0.589603294608318,4.9121217205035,"#827D75"
"4926202831_1","4926202831_1.png",1,0.5386,55.128224715654,-1.66538113032744,6.87442389125081,"#868478"
"4926202831_1","4926202831_1.png",2,0.4614,78.2222166705188,-0.475058637804069,6.78137045329372,"#C6C1B5"
"4930654982_1","4930654982_1.png",1,0.5416,78.6656511651368,-1.12511428809629,5.50167577682145,"#C5C3B8"
"4930654982_1","4930654982_1.png",2,0.4584,42.9465849704997,-1.11938128410292,11.5214057234394,"#6B6552"
"4930654982_2","4930654982_2.png",1,0.5876,75.0729364662736,-0.580256946670425,6.41799331423944,"#BDB9AD"
"4930654982_2","4930654982_2.png",2,0.4124,42.3984000232021,-0.000897801328577292,13.3737949971312,"#6C634E"
"4930713069_1","4930713069_1.png",1,0.5202,77.6255400134979,0.856227678067158,6.34699994637336,"#C7BFB4"
"4930713069_1","4930713069_1.png",2,0.4798,51.5125922729885,3.24836082704822,8.95234433122666,"#86786C"
"4930713069_2","4930713069_2.png",1,0.6074,73.0176671271519,1.6653210718409,4.59358698224488,"#BAB2AB"
"4930713069_2","4930713069_2.png",2,0.3926,48.1593776586888,3.34726108770272,7.93186206483113,"#7D7065"
"4930713069_3","4930713069_3.png",1,0.5942,73.0670309167145,2.21852641687423,3.8591037244884,"#BBB2AC"
"4930713069_3","4930713069_3.png",2,0.4058,50.774806435786,1.92094461381756,7.72663364962557,"#82776C"
"4930807026_1","4930807026_1.png",1,0.5298,48.1122598097661,0.388414498320495,5.29013867461062,"#777269"
"4930807026_1","4930807026_1.png",2,0.4702,86.3692516403067,0.648532228230897,3.35609302423539,"#DCD7D2"
"4930858134_1","4930858134_1.png",1,0.5532,58.3304550110718,1.47392766264508,3.09612547905858,"#918B87"
"4930858134_1","4930858134_1.png",2,0.4468,74.9838147749868,0.32575076079504,1.55481282651674,"#BAB8B6"
"4931005309_1","4931005309_1.png",1,0.5764,71.650196539107,2.52076451913706,0.110699561098255,"#B4AEAF"
"4931005309_1","4931005309_1.png",2,0.4236,52.7005970966474,3.68242947055775,2.06058715221882,"#867C7A"
"4931902769_1","4931902769_1.png",1,0.5472,52.4070371655986,3.47575276849013,10.9265422435495,"#8A7A6B"
"4931902769_1","4931902769_1.png",2,0.4528,82.3548636816659,0.780080580734019,5.96157833592289,"#D3CCC2"
"4932137899_1","4932137899_1.png",1,0.557825484764543,57.0796130930515,7.42661354203882,-3.82442269312699,"#938590"
"4932137899_1","4932137899_1.png",2,0.442174515235457,94.2467288861731,6.75163237962614,5.13263077726318,"#FFEAE5"
"4932312900_1","4932312900_1.png",1,0.5366,57.2998503059107,0.794949007599679,8.0262507344192,"#91897C"
"4932312900_1","4932312900_1.png",2,0.4634,75.3978654577334,0.519377554491328,5.05087327071899,"#BFB9B0"
"4932482575_1","4932482575_1.png",1,0.5862,77.1448787411354,-0.192362750439974,5.68168957689397,"#C3BEB4"
"4932482575_1","4932482575_1.png",2,0.4138,46.1999052676531,-0.243335182145728,10.2930482975147,"#746D5C"
"4932482575_2","4932482575_2.png",1,0.5996,75.6355383263813,0.282675096889185,7.46537991205587,"#C1BAAD"
"4932482575_2","4932482575_2.png",2,0.4004,45.8871523926266,1.23734263623322,14.2713543466471,"#786B55"
"4933717849_1","4933717849_1.png",1,0.594601746493781,74.900485313503,0.24387998623526,0.892986594570208,"#BAB8B7"
"4933717849_1","4933717849_1.png",2,0.405398253506219,46.5366738256144,0.521415239863265,2.64361903565435,"#716E6A"
"4933886815_1","4933886815_1.png",1,0.5868,73.171290742381,0.433731698077116,3.84259042770904,"#B8B3AD"
"4933886815_1","4933886815_1.png",2,0.4132,48.1008691839915,1.64354955457005,1.43794253770802,"#767170"
"4933886815_2","4933886815_2.png",1,0.6882,69.8917734353861,0.200727886487152,1.92448123978085,"#ADABA7"
"4933886815_2","4933886815_2.png",2,0.3118,38.0948490153863,1.6528726568275,0.239945397212188,"#5D5959"
"4933924436_1","4933924436_1.png",1,0.5452,48.9483635852255,2.53986322441658,-11.5092852178643,"#6F7488"
"4933924436_1","4933924436_1.png",2,0.4548,87.5136365575687,0.0215906219416153,-4.24676771127685,"#D7DCE3"
"4933996725_1","4933996725_1.png",1,0.5474,78.1243747064047,1.876731371094,1.07369724198359,"#C6C0BF"
"4933996725_1","4933996725_1.png",2,0.4526,44.901784669585,2.77278879691878,3.45356664139995,"#716865"
"4934115016_1","4934115016_1.png",1,0.5552,76.7903789447698,1.29259754499612,1.02655412843445,"#C1BDBC"
"4934115016_1","4934115016_1.png",2,0.4448,47.7570077123378,2.37773006251189,-1.60743224581284,"#747074"
"4934115016_2","4934115016_2.png",1,0.5208,56.9323618822603,2.07260265389666,-0.487381019524171,"#8C8789"
"4934115016_2","4934115016_2.png",2,0.4792,74.06522742034,2.07655656873377,2.39703921480378,"#BCB5B2"
"4934390572_1","4934390572_1.png",1,0.6822,59.552849783476,-1.55559500583364,14.6476110867569,"#978F76"
"4934390572_1","4934390572_1.png",2,0.3178,85.7978407982,-0.636740657679251,9.41373969574833,"#DDD6C5"
"4934402644_1","4934402644_1.png",1,0.6748,72.6367448380171,-0.852022943220816,-0.232554280038628,"#B0B3B3"
"4934402644_1","4934402644_1.png",2,0.3252,39.6702940036912,-0.797823077177601,0.539904133270397,"#5C5E5D"
"4934612244_1","4934612244_1.png",1,0.54,72.2970840054662,0.400239552081944,2.71043502558416,"#B4B1AC"
"4934612244_1","4934612244_1.png",2,0.46,55.7483184795061,0.921909271007141,2.12319710072848,"#898582"
"4934612244_2","4934612244_2.png",1,0.5624,71.8562309881388,0.850615506027992,1.32176190079049,"#B3AFAE"
"4934612244_2","4934612244_2.png",2,0.4376,55.3254945822582,1.63586852040815,1.55814221381713,"#898382"
"4934612244_3","4934612244_3.png",1,0.542,72.2747972500043,0.399563343647286,2.72434635955289,"#B4B1AC"
"4934612244_3","4934612244_3.png",2,0.458,55.6869694753565,0.894546460484203,1.95371809698711,"#898582"
"4934887656_1","4934887656_1.png",1,0.7042,61.8728642107102,-2.54784373823224,5.86622718577632,"#95968B"
"4934887656_1","4934887656_1.png",2,0.2958,82.1886137531204,-4.83768576565755,8.07445790719099,"#CACFBD"
"4935148541_1","4935148541_1.png",1,0.575,57.4668183571063,0.322844021690733,5.35391855029159,"#8F8981"
"4935148541_1","4935148541_1.png",2,0.425,76.2640455528301,1.81044341600909,6.9763147365618,"#C5BAAF"
"4935148541_2","4935148541_2.png",1,0.8196,66.1675036827817,0.0785039281287967,0.952113499684491,"#A2A19F"
"4935148541_2","4935148541_2.png",2,0.1804,51.4480376694536,-0.618747570281615,2.57695138401089,"#7B7B76"
"4935148541_3","4935148541_3.png",1,0.662,72.7946044204717,1.39110917975166,6.63641397514909,"#BAB1A7"
"4935148541_3","4935148541_3.png",2,0.338,48.2310730259617,0.770090591791411,10.810036363921,"#7B7160"
"4935148541_4","4935148541_4.png",1,0.663,69.526752247422,1.37669900526111,4.74730093642599,"#B0A9A1"
"4935148541_4","4935148541_4.png",2,0.337,42.9338459316767,0.983609892039068,2.12590438197105,"#696562"
"4935148541_5","4935148541_5.png",1,0.7552,67.0296031713935,1.30571411926121,4.68647577554043,"#A9A29B"
"4935148541_5","4935148541_5.png",2,0.2448,45.2110599294601,1.80119265304807,5.68416914581855,"#726A62"
"4935394469_1","4935394469_1.png",1,0.6162,72.9367144999308,0.963457142913413,3.79141625952465,"#B8B2AC"
"4935394469_1","4935394469_1.png",2,0.3838,35.9482551700906,1.88272268381914,1.39386326182038,"#595352"
"4935503566_1","4935503566_1.png",1,0.599,55.0341743737353,-2.30675673410846,-1.71199093179047,"#7E8587"
"4935503566_1","4935503566_1.png",2,0.401,83.2606641100895,-2.45110409650032,-0.987277891590433,"#CAD1D1"
"4935961066_1","4935961066_1.png",1,0.6004,74.4450125067405,-1.15299270480328,-5.79679075042865,"#B0B8C2"
"4935961066_1","4935961066_1.png",2,0.3996,40.799046232678,-0.518979209567883,-6.20035759063948,"#5A616A"
"4936654252_1","4936654252_1.png",1,0.662,70.4975279398157,7.55853569161432,-1.84543534826999,"#B9A8B0"
"4936654252_1","4936654252_1.png",2,0.338,42.2173954209863,12.2417376150997,1.47647258362324,"#785C62"
"4936732991_1","4936732991_1.png",1,0.568,76.6093905392389,0.190061279904321,8.43215211886939,"#C4BCAE"
"4936732991_1","4936732991_1.png",2,0.432,45.8998386852902,4.54192773275275,15.6994657092053,"#7E6953"
"4936768458_1","4936768458_1.png",1,0.6914,68.5166143952617,3.33795555772399,3.3717583508785,"#B0A5A1"
"4936768458_1","4936768458_1.png",2,0.3086,50.6092391242031,5.0283430829788,3.83228798416504,"#847572"
"4936857657_1","4936857657_1.png",1,0.6254,74.3461426146933,-1.16995336883936,-2.38612689707054,"#B2B8BB"
"4936857657_1","4936857657_1.png",2,0.3746,40.4378292984384,-1.70145421906952,-0.74697122495283,"#5C6060"
"4937146836_1","4937146836_1.png",1,0.566,82.125294977306,0.0802853810618318,0.615887494188739,"#CDCCCB"
"4937146836_1","4937146836_1.png",2,0.434,36.7218959066672,1.44795781880746,0.232917550136823,"#595656"
"4937206229_1","4937206229_1.png",1,0.7122,59.2866691658908,-0.83476595043507,4.09792641900873,"#908F88"
"4937206229_1","4937206229_1.png",2,0.2878,86.5938944786135,-0.376581710675599,2.30985789327746,"#DAD9D4"
"4937250321_1","4937250321_1.png",1,0.5532,72.4710722643384,0.920272533610102,2.60177877180752,"#B6B1AD"
"4937250321_1","4937250321_1.png",2,0.4468,53.7008061126668,1.74938699786602,2.46235282619038,"#857F7C"
"4945736563_1","4945736563_1.png",1,0.6014,76.6913188899667,-0.951435577611474,-1.39991484104396,"#BABEC0"
"4945736563_1","4945736563_1.png",2,0.3986,39.4688629928874,0.161133607965301,3.72679244603513,"#605D57"
"4945966158_1","4945966158_1.png",1,0.530931871574002,73.8040912048711,1.13847583326726,3.11871703484752,"#BAB4B0"
"4945966158_1","4945966158_1.png",2,0.469068128425998,54.3370647243244,2.02624512831082,5.08792182187602,"#898079"
"4946202526_1","4946202526_1.png",1,0.6358,70.6959038031355,1.53396232033874,2.1565423371453,"#B2ACA9"
"4946202526_1","4946202526_1.png",2,0.3642,44.4767725364367,2.28962709325761,2.55488907559222,"#6F6865"
"4946253129_1","4946253129_1.png",1,0.5652,74.843369776323,1.12296551104604,-2.51085324761777,"#B8B8BD"
"4946253129_1","4946253129_1.png",2,0.4348,48.9501041137645,1.73881334915831,-0.722444347960275,"#777376"
"4946583884_1","4946583884_1.png",1,0.6132,75.9735961229467,3.80868443718028,17.2254624148927,"#CFB89C"
"4946583884_1","4946583884_1.png",2,0.3868,41.197964977948,3.96772736615291,21.8067559225827,"#735E3D"
"4946714667_1","4946714667_1.png",1,0.728,68.9286137243376,-0.199481660042232,1.05832728482634,"#A9A8A6"
"4946714667_1","4946714667_1.png",2,0.272,34.1914207502729,1.75016190892633,2.18373578322294,"#554F4D"
"4946714667_2","4946714667_2.png",1,0.659,70.1344868717953,0.66357098375807,1.13365543065991,"#AEABA9"
"4946714667_2","4946714667_2.png",2,0.341,49.2359130740318,1.79265015718481,2.07691714423782,"#7A7472"
"4949956454_1","4949956454_1.png",1,0.658,68.4413870817556,0.186837726738887,-0.949425922445535,"#A6A7A9"
"4949956454_1","4949956454_1.png",2,0.342,52.4442379035422,0.681517727788238,1.7289102273858,"#807D7A"
"4950005241_1","4950005241_1.png",1,0.5114,47.2337305763745,-2.14480359289326,2.75866803166142,"#6E716B"
"4950005241_1","4950005241_1.png",2,0.4886,82.4019816343966,-2.09084747733012,2.89075385285759,"#CBCEC8"
"4950042938_1","4950042938_1.png",1,0.6114,75.0174682287498,0.372171647900377,10.7151143969104,"#C2B8A5"
"4950042938_1","4950042938_1.png",2,0.3886,32.2495996960141,5.99939792251342,6.31338750571583,"#594842"
"4950105597_1","4950105597_1.png",1,0.7128,68.4804862385692,0.122725972132391,1.1848780262402,"#A8A7A5"
"4950105597_1","4950105597_1.png",2,0.2872,45.3257750573621,0.962867664929394,3.63216639535464,"#706B65"
"4950228631_1","4950228631_1.png",1,0.646,72.6330815580601,0.408684518662622,11.5808195118149,"#BCB19D"
"4950228631_1","4950228631_1.png",2,0.354,44.202193599702,0.837968775035736,15.3396271313982,"#73674F"
"4950228631_2","4950228631_2.png",1,0.5262,58.6844646126585,0.525184162032291,7.94271408588155,"#948C7F"
"4950228631_2","4950228631_2.png",2,0.4738,72.9547489146252,0.743944423779348,7.77022704450761,"#BAB2A5"
"4950356205_1","4950356205_1.png",1,0.5712,53.0809690167879,2.914791687869,6.74723196994164,"#897D73"
"4950356205_1","4950356205_1.png",2,0.4288,83.0975769474605,1.10199053136769,8.55024060559311,"#D8CEBF"
"4950356205_2","4950356205_2.png",1,0.635,60.8610435279919,2.4096564224919,5.09124348140015,"#9B918A"
"4950356205_2","4950356205_2.png",2,0.365,75.2713558719415,1.52724496087986,3.95169421471867,"#BFB8B2"
"4950356205_3","4950356205_3.png",1,0.526,73.1020969396071,-0.0920646725546418,6.12530138866796,"#B8B3A8"
"4950356205_3","4950356205_3.png",2,0.474,56.4796010895053,-0.250413634819926,0.661114027829717,"#878886"
"4952195710_1","4952195710_1.png",1,0.5206,50.2618529596994,4.18470773825817,21.9813546113991,"#8B7452"
"4952195710_1","4952195710_1.png",2,0.4794,83.5276203087238,0.643236323531404,9.7118386345956,"#D9CFBE"
"4952195710_2","4952195710_2.png",1,0.5812,79.7934712463062,-0.232603511761071,2.65360405915598,"#C8C6C1"
"4952195710_2","4952195710_2.png",2,0.4188,41.6584878927102,0.832281614229709,5.2357116491439,"#67615A"
"4952195710_3","4952195710_3.png",1,0.5524,79.0684881644202,0.529976146311386,10.1904568140725,"#CDC3B1"
"4952195710_3","4952195710_3.png",2,0.4476,43.8686911997431,2.60470458120159,14.0810307893754,"#756551"
"4952712408_1","4952712408_1.png",1,0.585549645390071,73.3165454892637,2.16084338368829,14.0431347560808,"#C2B29B"
"4952712408_1","4952712408_1.png",2,0.414450354609929,48.4942525743911,4.04850835182714,21.4617642373691,"#86704F"
"4953061212_1","4953061212_1.png",1,0.559618441971383,77.0984698134778,2.59515427926594,8.97808052588218,"#CABCAE"
"4953061212_1","4953061212_1.png",2,0.440381558028617,48.8683659298922,9.03165541664634,19.1340629107344,"#8E6E54"
"4953061212_2","4953061212_2.png",1,0.531943212067436,80.8849842966174,3.57883460553293,10.1241031078418,"#D7C6B6"
"4953061212_2","4953061212_2.png",2,0.468056787932564,48.4949823836369,11.2295751295418,27.4409007186537,"#936B45"
"4953061212_4","4953061212_4.png",1,0.508757961783439,79.7018926460622,3.11886945243788,11.620526882911,"#D4C3B0"
"4953061212_4","4953061212_4.png",2,0.49124203821656,52.7784202013774,7.9601415994284,28.5063473842618,"#9A784D"
"4954258094_1","4954258094_1.png",1,0.6342,73.617081924395,3.97077184239129,-3.58628607851281,"#B9B3BB"
"4954258094_1","4954258094_1.png",2,0.3658,46.8567593920959,7.38869481241042,-6.68205358707066,"#776B7A"
"4954258094_2","4954258094_2.png",1,0.6154,73.5643868768533,3.72681712911781,-4.16949823146539,"#B8B3BC"
"4954258094_2","4954258094_2.png",2,0.3846,48.1178043244365,5.8216662665909,-7.74028652996892,"#76707F"
"4954258094_3","4954258094_3.png",1,0.6652,71.622900579104,4.43404069641111,-3.65136669330987,"#B5ADB6"
"4954258094_3","4954258094_3.png",2,0.3348,44.03555393741,8.93380742107104,-7.38597213622888,"#726474"
"4954258094_4","4954258094_4.png",1,0.5812,74.2646249095313,3.42576932384908,-3.64707237921472,"#BAB5BD"
"4954258094_4","4954258094_4.png",2,0.4188,48.7584230528952,6.88292325307326,-6.77314730966593,"#7A707F"
"4954258094_5","4954258094_5.png",1,0.5426,75.1011343296055,3.31996099564652,-3.40040391132987,"#BCB7BF"
"4954258094_5","4954258094_5.png",2,0.4574,51.1073052622043,6.75816075576022,-6.5794425683904,"#807685"
"4954258094_6","4954258094_6.png",1,0.608,72.1479132657172,3.51137859562777,-1.99718369021722,"#B6AFB5"
"4954258094_6","4954258094_6.png",2,0.392,46.6747776645412,6.14830099160908,-6.06214241244799,"#756C79"
"4954265234_1","4954265234_1.png",1,0.5172,71.2230760842059,3.50058183649934,11.7162954378581,"#BDAB99"
"4954265234_1","4954265234_1.png",2,0.4828,57.8419934276144,5.84522941610527,11.5008403944419,"#9D8777"
"4954265234_2","4954265234_2.png",1,0.5116,58.0470049602152,5.60481172395639,9.27945298061406,"#9C887C"
"4954265234_2","4954265234_2.png",2,0.4884,72.041385526273,2.93488847918741,8.02141224192218,"#BCAEA2"
"4954332485_1","4954332485_1.png",1,0.5492,57.7191583484402,0.336077464070314,16.701162305632,"#96896E"
"4954332485_1","4954332485_1.png",2,0.4508,74.7256609824855,0.132410586004135,13.8243824078903,"#C2B79F"
"4954368218_1","4954368218_1.png",1,0.5162,76.3901109736486,4.29353522163241,10.0144949372062,"#CCB9AA"
"4954368218_1","4954368218_1.png",2,0.4838,52.4182360708143,5.47388370769478,11.5632367970206,"#8E796A"
"4954368218_2","4954368218_2.png",1,0.5968,72.6966323952633,4.69228062186454,12.4254219001364,"#C4AF9C"
"4954368218_2","4954368218_2.png",2,0.4032,51.3882152525133,5.23824726311512,12.6857952863356,"#8B7765"
"4954368218_3","4954368218_3.png",1,0.5306,75.1246334964142,4.32261401751815,11.1470537886878,"#C9B6A5"
"4954368218_3","4954368218_3.png",2,0.4694,52.3316003835582,4.8927297709842,10.4441275630318,"#8C796B"
"4954368218_4","4954368218_4.png",1,0.5184,78.3437802557685,5.7526199267212,10.3403706543581,"#D4BEAF"
"4954368218_4","4954368218_4.png",2,0.4816,51.0307445750287,7.72130773071036,13.65455194744,"#8F7463"
"4956053959_1","4956053959_1.png",1,0.599,82.5435843963628,3.64133306288346,-0.916762058669434,"#D4CBCF"
"4956053959_1","4956053959_1.png",2,0.401,36.6129871136601,15.4677983105404,-3.85414346932446,"#6C4D5D"
"4956083618_1","4956083618_1.png",1,0.6464,69.7901758119131,6.30756113538271,4.69240232475714,"#BAA6A2"
"4956083618_1","4956083618_1.png",2,0.3536,51.5696385241578,8.6715699261391,7.65550525805457,"#8F756E"
"4956455967_1","4956455967_1.png",1,0.5534,53.582964989284,-10.0396276151854,15.8023985884081,"#798465"
"4956455967_1","4956455967_1.png",2,0.4466,83.9945611397285,-8.15603231450873,11.6984479407992,"#CBD5BB"
"4956492340_1","4956492340_1.png",1,0.5378,52.488562654222,-10.9154388888627,17.152198217563,"#76825F"
"4956492340_1","4956492340_1.png",2,0.4622,82.0222938484866,-8.37265041500683,12.4628656090293,"#C6D0B4"
"4956492340_2","4956492340_2.png",1,0.5806,56.1415228785575,-5.7896547878241,-1.92556184805772,"#7A8A8A"
"4956492340_2","4956492340_2.png",2,0.4194,90.802779587504,-3.95512193416038,-0.705222283803703,"#DCE7E6"
"4956580011_1","4956580011_1.png",1,0.5906,73.3615151800184,-0.00336672115855959,4.28569240403238,"#B8B4AC"
"4956580011_1","4956580011_1.png",2,0.4094,49.9273023135657,1.06344321720167,7.88271652723789,"#7E7669"
"4956676252_1","4956676252_1.png",1,0.6416,70.8839636445523,6.30275755897975,3.31277155794783,"#BCA9A8"
"4956676252_1","4956676252_1.png",2,0.3584,49.6000075294083,11.8589903106603,8.49796624216431,"#8F6E68"
"4956676252_2","4956676252_2.png",1,0.639,73.2912041895,2.95484895453758,10.7475942310092,"#C1B1A1"
"4956676252_2","4956676252_2.png",2,0.361,47.0703953054525,7.04945698432391,18.9616325216891,"#866B50"
"4956874845_1","4956874845_1.png",1,0.6046,55.6305956187881,2.2488871298471,-4.93322734252198,"#85848E"
"4956874845_1","4956874845_1.png",2,0.3954,89.8389185019732,-0.315563323140229,-1.51289754233051,"#E0E2E5"
"4956889504_1","4956889504_1.png",1,0.5006,44.5214650313153,1.84818434361127,-2.17864829400223,"#6B686D"
"4956889504_1","4956889504_1.png",2,0.4994,84.1169528585338,0.337071946609376,0.18735595732701,"#D3D2D1"
"4956898469_1","4956898469_1.png",1,0.755,67.511065206675,-4.87231477682986,12.2858671274462,"#A5A68E"
"4956898469_1","4956898469_1.png",2,0.245,44.6771148872395,-5.97606586654144,31.4432766339911,"#716B34"
"4957189543_1","4957189543_1.png",1,0.733,67.8079690372876,4.53691618089171,-0.729893408406455,"#ADA3A7"
"4957189543_1","4957189543_1.png",2,0.267,39.5597654673381,8.75018295325641,5.80360209292154,"#6F5854"
"4957318822_1","4957318822_1.png",1,0.5412,76.7441612140104,0.113894981111098,-2.36308671507417,"#BCBDC2"
"4957318822_1","4957318822_1.png",2,0.4588,46.6469148691814,1.98588323624735,-5.8091103733523,"#6D6E78"
"4957362176_1","4957362176_1.png",1,0.553,55.9406479608809,0.0744569847440255,3.52998287355107,"#898680"
"4957362176_1","4957362176_1.png",2,0.447,78.6707616207119,-0.0456443222285045,2.26574811010292,"#C4C3BE"
"4957466563_1","4957466563_1.png",1,0.689,58.6560745983482,6.85869207649072,4.88311394237879,"#9D8985"
"4957466563_1","4957466563_1.png",2,0.311,85.4711859217748,2.29001641166551,3.73076337166353,"#DDD4CF"
"4957511060_1","4957511060_1.png",1,0.7708,67.2757604087866,-3.57399822007084,9.67926921754976,"#A5A592"
"4957511060_1","4957511060_1.png",2,0.2292,37.8676217331306,-3.71440027466836,15.8738053718381,"#5D5A3F"
"4957696194_1","4957696194_1.png",1,0.543,77.1512685236449,-1.52785638719261,5.89127834794986,"#C0BFB4"
"4957696194_1","4957696194_1.png",2,0.457,48.0773608261342,-1.99196060090862,14.2391195684913,"#78725A"
"4957699809_1","4957699809_1.png",1,0.6202,76.2678724964567,5.58635294274078,10.1276896226318,"#CEB8AA"
"4957699809_1","4957699809_1.png",2,0.3798,22.8291906271522,15.3295524586781,12.0945154052146,"#502D25"
"4957762936_1","4957762936_1.png",1,0.6414,68.3496566034452,1.99201354330945,-4.15954177019551,"#A7A6AE"
"4957762936_1","4957762936_1.png",2,0.3586,57.5116745074479,2.58385287565791,-3.80670515935407,"#8C8991"
"4973813804_1","4973813804_1.png",1,0.5884,61.4044668029584,-0.171811116352598,1.7594448615385,"#959491"
"4973813804_1","4973813804_1.png",2,0.4116,70.9990810225175,0.145263472749401,3.34649248648054,"#B1ADA8"
"4973859492_1","4973859492_1.png",1,0.6532,61.7593596929047,-6.87851710240781,13.359825175435,"#92987D"
"4973859492_1","4973859492_1.png",2,0.3468,73.6729011480069,-3.70004855306706,11.5822239040459,"#B7B6A0"
"4974031663_1","4974031663_1.png",1,0.6048,74.6713569077205,0.347247701992433,1.08806004872375,"#B9B7B6"
"4974031663_1","4974031663_1.png",2,0.3952,46.8170036127369,0.410574026515506,3.18181385695026,"#726F6A"
"4974110145_1","4974110145_1.png",1,0.5264,72.1503862234369,-0.373523754898956,0.849164250054442,"#B1B1AF"
"4974110145_1","4974110145_1.png",2,0.4736,55.9512320410774,0.357045269819624,2.24154703007067,"#888682"
"4974173021_1","4974173021_1.png",1,0.6192,71.2580571426631,1.9325288720969,7.06785792182789,"#B8ADA2"
"4974173021_1","4974173021_1.png",2,0.3808,46.7431864200337,2.50824512205774,6.05921755982769,"#776D65"
"4976411509_1","4976411509_1.png",1,0.61,70.4505531179256,-1.02277773789764,7.18205963154492,"#B0AC9F"
"4976411509_1","4976411509_1.png",2,0.39,52.5748590387703,-1.22484862757848,12.8415010401712,"#847D68"
"4978215162_1","4978215162_1.png",1,0.7366,69.0020484175251,1.75711468048247,5.59919632726782,"#B0A79E"
"4978215162_1","4978215162_1.png",2,0.2634,34.9606136450642,2.33160809209011,7.20782857870145,"#5A5147"
"4978335791_1","4978335791_1.png",1,0.6488,70.8460862744219,2.0019976926035,3.39073087492979,"#B4ACA7"
"4978335791_1","4978335791_1.png",2,0.3512,47.7315047087991,3.33024621870849,5.11827548718392,"#7A6F69"
"4978335791_2","4978335791_2.png",1,0.627,71.3096211692397,1.62575171891205,2.56373530273992,"#B4ADAA"
"4978335791_2","4978335791_2.png",2,0.373,50.4806019482021,2.59159348672987,4.6264428231416,"#807670"
"4978601493_1","4978601493_1.png",1,0.575,58.1791145227688,3.07612099353853,2.16359309160389,"#938A88"
"4978601493_1","4978601493_1.png",2,0.425,79.4884291481331,1.09562607862442,1.23580361788258,"#C8C4C3"
"4982087764_1","4982087764_1.png",1,0.6294,74.6269531495119,1.50802585215087,4.94017045709821,"#BEB6AF"
"4982087764_1","4982087764_1.png",2,0.3706,43.8770298846476,3.11287450293639,6.60707678140787,"#71665D"
"4985439634_1","4985439634_1.png",1,0.5548,72.530374390447,0.435982531997957,1.26254400394693,"#B4B2B0"
"4985439634_1","4985439634_1.png",2,0.4452,53.3136488721552,1.08857802954673,0.531123384234996,"#827F7E"
"4985973568_1","4985973568_1.png",1,0.6828,60.099479026871,-0.050019452703909,0.733411567697377,"#919190"
"4985973568_1","4985973568_1.png",2,0.3172,81.450577845659,-0.0429219706116845,2.31081057622675,"#CCCAC6"
"4985979095_1","4985979095_1.png",1,0.5734,55.9551837292852,5.37127488760235,15.5028529240008,"#99826C"
"4985979095_1","4985979095_1.png",2,0.4266,80.4741986922982,3.29931826870724,8.96029644626477,"#D5C5B7"
"4986118225_1","4986118225_1.png",1,0.6068,74.9810045903884,8.91578820984303,13.7759890434299,"#D2B2A0"
"4986118225_1","4986118225_1.png",2,0.3932,43.539796078348,8.23240787092463,6.63994254622762,"#78625C"
"4986120591_1","4986120591_1.png",1,0.562,73.4247018772912,1.18855578533603,0.289634265991909,"#B7B4B4"
"4986120591_1","4986120591_1.png",2,0.438,51.2430877389893,1.36992810130536,-2.66877215941987,"#7A797F"
"4986191741_1","4986191741_1.png",1,0.756,63.9132140370089,9.58495527697032,9.3833247445661,"#B2948B"
"4986191741_1","4986191741_1.png",2,0.244,67.5087625492473,41.6714164959715,14.1125493094727,"#F0858D"
"4986497087_1","4986497087_1.png",1,0.5916,69.6205332676202,-0.743226924828795,1.28887591688568,"#AAAAA8"
"4986497087_1","4986497087_1.png",2,0.4084,55.9235767486614,-0.759464259394676,2.3847482452516,"#868682"
"4986537048_1","4986537048_1.png",1,0.5478,53.7087509798486,0.903151695763718,1.97019473165174,"#83807D"
"4986537048_1","4986537048_1.png",2,0.4522,81.2933823658455,-0.258938711323736,0.636901746022739,"#CACAC9"
"4986544971_1","4986544971_1.png",1,0.5586,75.7564730475393,5.48195632006436,13.4075603194109,"#CEB6A2"
"4986544971_1","4986544971_1.png",2,0.4414,44.7757145841687,18.8706158299444,15.2809809297987,"#8F5D51"
"4986684575_1","4986684575_1.png",1,0.5908,55.5710630923229,1.43798605738553,-4.15941133988126,"#84858C"
"4986684575_1","4986684575_1.png",2,0.4092,81.3386895896062,0.0673820443312856,-0.716982092020257,"#CACACB"
"4995576946_1","4995576946_1.png",1,0.5176,80.8307722191181,-0.86560352531764,-1.32586748917397,"#C6C9CB"
"4995576946_1","4995576946_1.png",2,0.4824,46.6310122352582,0.574507183074077,-1.27857445648844,"#6F6E71"
"4995593871_1","4995593871_1.png",1,0.6982,68.960157244246,0.103487885979166,-0.0880154174420705,"#A8A8A8"
"4995593871_1","4995593871_1.png",2,0.3018,39.5218290441195,-1.0166110072612,2.74097142654085,"#5D5D59"
"4995593871_2","4995593871_2.png",1,0.6714,69.6329107219539,-0.227747255726013,3.04860663513635,"#ACAAA5"
"4995593871_2","4995593871_2.png",2,0.3286,38.5517669849757,-1.07506936617323,3.46547440999668,"#5B5B55"
"4995593871_3","4995593871_3.png",1,0.8094,67.0788539685753,0.57691831134264,0.711505187546846,"#A5A3A2"
"4995593871_3","4995593871_3.png",2,0.1906,47.2012255846738,2.99900161927221,1.83065546682739,"#766E6D"
"4995618738_1","4995618738_1.png",1,0.5056,74.9676073238653,0.779816861251054,2.58994765748762,"#BCB8B4"
"4995618738_1","4995618738_1.png",2,0.4944,54.021778707863,1.09934785629411,1.2267632999268,"#84807F"
"4995676696_1","4995676696_1.png",1,0.5558,52.0218621990963,2.62700180613798,12.1396594245811,"#897A68"
"4995676696_1","4995676696_1.png",2,0.4442,85.4807761225852,1.47903581996781,9.49134945349934,"#E0D4C4"
"5005183157_1","5005183157_1.png",1,0.722,69.1338271420808,4.68882982028778,-2.92775044101782,"#AFA6AE"
"5005183157_1","5005183157_1.png",2,0.278,43.0035249539418,9.43679369039323,-0.84663049413257,"#756067"
"5006824207_1","5006824207_1.png",1,0.8202,66.1585214619865,-0.418974242507518,2.57034546158688,"#A2A19C"
"5006824207_1","5006824207_1.png",2,0.1798,33.5030412313526,1.70296628884265,7.56979352606884,"#564D43"
"5006824207_2","5006824207_2.png",1,0.7422,69.6638377760623,-0.213352305278767,2.45927209553104,"#ACAAA6"
"5006824207_2","5006824207_2.png",2,0.2578,36.7080419244789,0.796222995894082,4.0637455471092,"#5A5650"
"5007751877_1","5007751877_1.png",1,0.5358,47.3673407112028,2.00712899442579,-5.622844827523,"#6F707A"
"5007751877_1","5007751877_1.png",2,0.4642,87.8093862655746,-0.398281312744388,-2.07193551220456,"#D9DDE0"
"5007751877_2","5007751877_2.png",1,0.5072,44.936329509261,1.61124374282442,-4.78919403778443,"#696A72"
"5007751877_2","5007751877_2.png",2,0.4928,85.3101976185954,-0.934849205507498,-1.13373042146286,"#D2D6D7"
"5007751877_3","5007751877_3.png",1,0.7194,68.9056872001182,0.455370314458143,-3.82591237987381,"#A6A8AF"
"5007751877_3","5007751877_3.png",2,0.2806,31.6010090545799,0.949897606454074,-3.37105032662423,"#494A50"
"5007751877_4","5007751877_4.png",1,0.5172,87.0445038342241,-0.269067804768018,-1.84306371999632,"#D8DADD"
"5007751877_4","5007751877_4.png",2,0.4828,42.1100134635833,1.83608461905645,-3.75335489470053,"#64636A"
"5007751877_5","5007751877_5.png",1,0.5522,79.6716921615507,-0.153857818525949,-3.1287699934002,"#C2C6CB"
"5007751877_5","5007751877_5.png",2,0.4478,40.4004046584028,1.77873663020339,-5.3362967387907,"#5E5F68"
"5007751877_6","5007751877_6.png",1,0.5648,79.996489060546,0.259290268727179,-4.29633041874514,"#C3C6CE"
"5007751877_6","5007751877_6.png",2,0.4352,40.7788208703973,2.58956927970373,-8.00083482480129,"#5E5F6D"
"5007751877_7","5007751877_7.png",1,0.5356,48.0757329041693,2.16122102513359,-6.59247265666371,"#71717D"
"5007751877_7","5007751877_7.png",2,0.4644,88.7807229826798,-0.337402907362891,-2.92032262074283,"#DCDFE4"
"5007996731_1","5007996731_1.png",1,0.5696,73.7085832803511,-0.713189045331329,2.86752524476898,"#B6B5B0"
"5007996731_1","5007996731_1.png",2,0.4304,52.1111167646874,0.398721302147147,8.7059571980019,"#837B6D"
"5007996731_2","5007996731_2.png",1,0.5132,55.9098069246534,-2.60846384843788,9.33073493939842,"#888776"
"5007996731_2","5007996731_2.png",2,0.4868,74.723448108941,-1.98680434276618,3.4972640791348,"#B7B9B1"
"5007996731_3","5007996731_3.png",1,0.5108,51.2602450121443,-0.306571018755725,9.54901667857923,"#807A6A"
"5007996731_3","5007996731_3.png",2,0.4892,79.6152883374152,-1.67911157167236,2.49312830845937,"#C4C6C1"
"5008258085_1","5008258085_1.png",1,0.5084,73.966159339111,3.87245939784759,7.39564914441454,"#C3B3A8"
"5008258085_1","5008258085_1.png",2,0.4916,55.5170458100241,3.69604663700225,5.39071527141,"#8F837C"
"5016495283_1","5016495283_1.png",1,0.559,74.9284789753587,0.967598573334381,-4.33632182676356,"#B6B8C0"
"5016495283_1","5016495283_1.png",2,0.441,48.2418165606117,2.07432400306093,-3.37512768401861,"#737278"
"5016495283_2","5016495283_2.png",1,0.51,55.5506184290978,2.18367442480983,-3.75457520018474,"#86848C"
"5016495283_2","5016495283_2.png",2,0.49,75.5001066810874,0.942247610385196,-2.94350936665015,"#B9BABF"
"5016556400_1","5016556400_1.png",1,0.5404,71.4976700296202,0.762774480872787,-1.01609416207907,"#B0AFB1"
"5016556400_1","5016556400_1.png",2,0.4596,56.7929476811419,1.37988676955813,-2.11085234663801,"#89888C"
"5016929681_1","5016929681_1.png",1,0.7368,68.6576031227662,0.688346692600009,1.20805527433302,"#AAA7A5"
"5016929681_1","5016929681_1.png",2,0.2632,47.0775567096518,2.14401875789913,-0.291127412230885,"#736E70"
"5018281699_1","5018281699_1.png",1,0.5776,73.2773366173045,1.43288089276701,-2.04631316748336,"#B5B3B8"
"5018281699_1","5018281699_1.png",2,0.4224,49.4300403600312,3.35736648078926,0.334786456246317,"#7C7475"
"5018281699_2","5018281699_2.png",1,0.6944,69.5689556583769,3.51468275043234,-0.636543732518298,"#B0A8AB"
"5018281699_2","5018281699_2.png",2,0.3056,46.4360267503795,4.60013882916331,4.03007971109159,"#796B67"
"5020081131_1","5020081131_1.png",1,0.5776,80.0198033568418,5.48722603961916,3.23767589094943,"#D3C3C1"
"5020081131_1","5020081131_1.png",2,0.4224,40.6810486182036,14.2797222550201,7.28095817127977,"#7A5755"
"5021171679_1","5021171679_1.png",1,0.8892,68.4505468594535,6.23862488540939,12.5040930560324,"#BBA291"
"5021171679_1","5021171679_1.png",2,0.1108,38.2855403133192,4.92428621375618,15.4339086353837,"#6B5741"
"5026258552_1","5026258552_1.png",1,0.516,74.7423734863172,4.04256805043943,7.10807085028006,"#C5B5AB"
"5026258552_1","5026258552_1.png",2,0.484,54.05037734271,8.46106250924453,11.3673202132879,"#977C6E"
"5028539267_1","5028539267_1.png",1,0.697,68.8381669729032,-3.22327732982741,10.0807378300848,"#AAA996"
"5028539267_1","5028539267_1.png",2,0.303,51.7722451938384,-3.81268703149677,17.3981999405679,"#807C5E"
"5061605535_1","5061605535_1.png",1,0.5672,72.8919031936765,-0.128091102321246,-0.361513335170969,"#B2B3B4"
"5061605535_1","5061605535_1.png",2,0.4328,49.9207877691798,0.404584138545022,-2.76102516972726,"#75777B"
"5061605535_2","5061605535_2.png",1,0.5366,74.7194110062122,0.0904959555872426,-0.962072391019942,"#B7B8BA"
"5061605535_2","5061605535_2.png",2,0.4634,49.9401739434475,1.11531623740904,-3.4534643441425,"#76767D"
"5062523032_1","5062523032_1.png",1,0.5146,54.6114962215323,4.5206381454065,13.4068436302295,"#937F6C"
"5062523032_1","5062523032_1.png",2,0.4854,77.1107021640969,2.00374515970743,4.90399546857799,"#C6BDB5"
"5062560123_1","5062560123_1.png",1,0.6534,73.5603604896889,3.51576659696157,6.88393061121264,"#C1B2A8"
"5062560123_1","5062560123_1.png",2,0.3466,40.8488604175206,8.42015137272498,11.5994674038549,"#745B4E"
"5063948675_1","5063948675_1.png",1,0.6718,70.1365292834463,1.28836319206004,-2.44474105218577,"#ACABB0"
"5063948675_1","5063948675_1.png",2,0.3282,44.2611644251603,2.04870774524655,-2.32617867893717,"#6A686D"
"5063954572_1","5063954572_1.png",1,0.6552,72.7235107607236,-0.957253344339064,5.47522410524668,"#B5B3A8"
"5063954572_1","5063954572_1.png",2,0.3448,44.6229707698174,-1.65060446765127,8.23133107872762,"#6C6A5C"
"5064005850_1","5064005850_1.png",1,0.6202,59.7373360828387,0.202918938768773,-0.0347246076617529,"#909090"
"5064005850_1","5064005850_1.png",2,0.3798,77.1935505636792,-0.0535986339717652,0.425970732018511,"#BFBFBE"
"5069833284_1","5069833284_1.png",1,0.5842,71.8645996575522,-4.59186648441255,-6.16620349228892,"#A1B3BB"
"5069833284_1","5069833284_1.png",2,0.4158,53.2232616561866,-4.05564528985927,-5.11804513513962,"#738288"
"5069911288_1","5069911288_1.png",1,0.5278,75.7672081796812,-2.79981757640145,-2.53914736015564,"#B3BCBF"
"5069911288_1","5069911288_1.png",2,0.4722,52.044091054726,-2.85480901348598,-1.94827910264232,"#757E7F"
"5087176113_1","5087176113_1.png",1,0.6456,72.7183014364646,-0.0189479328072689,2.86105727048741,"#B5B2AD"
"5087176113_1","5087176113_1.png",2,0.3544,40.4809869846776,-0.441944491318859,4.13858259256127,"#625F59"
"5087382775_1","5087382775_1.png",1,0.5332,55.6510934569087,3.06848540164479,5.55397826732156,"#8F837C"
"5087382775_1","5087382775_1.png",2,0.4668,77.1442010412159,2.62959684479932,3.19145572425874,"#C6BDB9"
"5087402357_1","5087402357_1.png",1,0.5208,52.060603662372,0.841251158519734,2.45757074903552,"#7F7B78"
"5087402357_1","5087402357_1.png",2,0.4792,79.7873585748831,-0.161568119213175,6.21459008631549,"#CAC5BA"
"5087482017_1","5087482017_1.png",1,0.6448,71.4809981954514,-0.0520364135788633,0.999291265150503,"#B0AFAD"
"5087482017_1","5087482017_1.png",2,0.3552,40.4009572134217,-0.0983514817046444,4.53100172974107,"#625F58"
"5087526257_1","5087526257_1.png",1,0.5558,86.5254600730301,-0.480768441112868,0.263899610342979,"#D8D9D8"
"5087526257_1","5087526257_1.png",2,0.4442,32.1542759033097,1.62165524187929,2.27233856366885,"#504B48"
"5087733816_1","5087733816_1.png",1,0.6338,69.6251081106912,3.50020174284644,4.5504651191356,"#B4A8A2"
"5087733816_1","5087733816_1.png",2,0.3662,50.1327837820098,8.19127996332538,12.2163884740296,"#8C7263"
"5087919917_1","5087919917_1.png",1,0.8012,67.1402099592694,1.31086193384512,6.14378030879746,"#ABA298"
"5087919917_1","5087919917_1.png",2,0.1988,37.7051991082146,4.68368442545392,12.2007389466573,"#675645"
"5087977940_1","5087977940_1.png",1,0.502,52.4970459454231,-1.21404590431303,11.7744405684032,"#837D69"
"5087977940_1","5087977940_1.png",2,0.498,77.2025957397641,-0.954625868891236,9.35230425182433,"#C4BFAD"
"5087977940_2","5087977940_2.png",1,0.6616,59.9926694346388,-2.91477212873072,9.7678782740149,"#93927F"
"5087977940_2","5087977940_2.png",2,0.3384,87.488066289712,0.67625559533607,13.3011019903181,"#E7DAC2"
"5104567049_1","5104567049_1.png",1,0.5436,75.3551114396022,-0.359213833607083,0.962600533805623,"#BABAB8"
"5104567049_1","5104567049_1.png",2,0.4564,50.586198755267,0.970681338065471,1.11660287573247,"#7B7877"
"5104567049_2","5104567049_2.png",1,0.639,71.4278906317578,-0.450959520705797,1.48275934321866,"#AFAFAC"
"5104567049_2","5104567049_2.png",2,0.361,47.5843292187,0.673546019517328,1.46689335813038,"#73706E"
"5104567049_3","5104567049_3.png",1,0.5566,74.1557678144474,-0.281215026307181,1.72415298517881,"#B7B6B3"
"5104567049_3","5104567049_3.png",2,0.4434,50.2408750237219,1.26897172654108,2.35351196417436,"#7C7774"
"5108046115_1","5108046115_1.png",1,0.607628865979381,72.3636973533519,1.42895849669068,9.67408967133403,"#BBB0A0"
"5108046115_1","5108046115_1.png",2,0.392371134020619,47.5042786088991,5.1484187102466,17.1663346970978,"#836D54"
"5108069107_1","5108069107_1.png",1,0.5636,59.4315134153503,2.74268209290994,5.27689139821616,"#988D86"
"5108069107_1","5108069107_1.png",2,0.4364,73.6310685841576,3.16878531574608,8.22366804322249,"#C1B2A6"
"5108079157_1","5108079157_1.png",1,0.5894,71.7429189663347,4.7098880293241,13.3137554294776,"#C2AC98"
"5108079157_1","5108079157_1.png",2,0.4106,50.4862147342347,6.16745842281018,16.3927122275777,"#8C745D"
"5133353011_1","5133353011_1.png",1,0.6602,74.2053649638863,0.105781377572534,4.02688314017302,"#BAB6AF"
"5133353011_1","5133353011_1.png",2,0.3398,34.8206487279307,3.69711201186473,6.15263563102329,"#5C5048"
"5133420425_1","5133420425_1.png",1,0.629,72.3683540830032,0.344716957985329,2.95448824373525,"#B5B1AC"
"5133420425_1","5133420425_1.png",2,0.371,46.6235316239402,1.67832088634062,4.39511874202716,"#746D67"
"5133463005_1","5133463005_1.png",1,0.6792,72.485843938993,2.08817435016533,4.87617043658715,"#BAB0A9"
"5133463005_1","5133463005_1.png",2,0.3208,39.7116214007624,4.76443526862873,10.7973637605315,"#6C5A4C"
"5133668516_1","5133668516_1.png",1,0.7716,67.4995434789423,-0.329531284406904,-0.990813530233819,"#A3A5A6"
"5133668516_1","5133668516_1.png",2,0.2284,40.1362125500376,1.37407477885409,0.596398456331716,"#615E5E"
"5133865056_1","5133865056_1.png",1,0.6416,73.3268465826601,1.04037023919918,-1.36602914739749,"#B5B4B7"
"5133865056_1","5133865056_1.png",2,0.3584,40.8947550932351,2.05293649063223,5.08538846427819,"#675F58"
"5133865056_2","5133865056_2.png",1,0.693,70.5831401062598,1.54390862990238,-1.11389979978899,"#AFACAF"
"5133865056_2","5133865056_2.png",2,0.307,41.0486375248123,2.90059388195468,6.27176427301849,"#6A5F57"
"5134013769_1","5134013769_1.png",1,0.5486,77.7054169963784,-0.556172762647871,3.58961786691292,"#C2C0B9"
"5134013769_1","5134013769_1.png",2,0.4514,45.1302534473019,1.3489425335245,7.33071723768817,"#726A5F"
"5134013769_2","5134013769_2.png",1,0.5582,78.7013528400977,-0.440839405456223,3.03532669559444,"#C4C3BD"
"5134013769_2","5134013769_2.png",2,0.4418,45.0059507692666,1.74666525835575,6.58973216174706,"#726960"
"5134027681_1","5134027681_1.png",1,0.5046,79.6602799015616,0.62068944346627,0.740480103262279,"#C7C5C4"
"5134027681_1","5134027681_1.png",2,0.4954,48.6676528212808,2.29416015324749,3.24967450509847,"#7A726E"
"5134146908_1","5134146908_1.png",1,0.5262,74.8211797795153,0.905562273785004,4.77434392916534,"#BEB7AF"
"5134146908_1","5134146908_1.png",2,0.4738,53.4906190727422,0.535149116124779,11.4766839175778,"#897F6C"
"5134146908_2","5134146908_2.png",1,0.6278,70.7535910604871,0.395772128605308,4.13625321032581,"#B1ADA6"
"5134146908_2","5134146908_2.png",2,0.3722,50.7314477882093,-0.224834750477505,7.68313788738586,"#7E786C"
"5134317478_1","5134317478_1.png",1,0.5306,78.7857020072814,-0.892824606176246,3.80938355601464,"#C4C3BC"
"5134317478_1","5134317478_1.png",2,0.4694,45.2892575902085,2.83561336261291,-0.947062068383109,"#6F6A6D"
"5134327075_1","5134327075_1.png",1,0.6406,72.7526438803224,2.62374177172041,14.271045517012,"#C2B099"
"5134327075_1","5134327075_1.png",2,0.3594,46.1829742287362,6.02323687749846,20.1213329055762,"#82694C"
"5134327075_2","5134327075_2.png",1,0.637,73.1527672824523,3.17149073981637,14.8055568072285,"#C4B199"
"5134327075_2","5134327075_2.png",2,0.363,45.8067709366335,7.37005194569827,23.8764420985092,"#856745"
"5134435921_1","5134435921_1.png",1,0.5432,72.4804100347515,0.572726431440839,1.47944568596094,"#B4B1AF"
"5134435921_1","5134435921_1.png",2,0.4568,54.455572780275,1.40121497678652,2.80288834210518,"#87817D"
"5134513450_1","5134513450_1.png",1,0.5986,76.2827892536889,0.495078224736341,1.61980311213488,"#BEBCB9"
"5134513450_1","5134513450_1.png",2,0.4014,36.6190104183295,0.648807848744236,3.0851728327491,"#595651"
"5134519241_1","5134519241_1.png",1,0.5858,55.241026111169,3.00684248273571,3.70723966590022,"#8C827E"
"5134519241_1","5134519241_1.png",2,0.4142,89.1828188584179,3.0220655197693,3.53615923919439,"#E9DED9"
"5134519241_2","5134519241_2.png",1,0.5576,56.7856454235089,2.22427571938787,-5.1627288787726,"#888791"
"5134519241_2","5134519241_2.png",2,0.4424,76.0799456817276,2.9409424436554,-5.81789068987911,"#BCBAC6"
"5134519241_3","5134519241_3.png",1,0.501,55.0172362815419,2.18582396328339,-6.81584188227883,"#82838F"
"5134519241_3","5134519241_3.png",2,0.499,75.4317080519529,2.43933507871871,-6.88460018794283,"#B8B9C6"
"5134519241_4","5134519241_4.png",1,0.5366,53.3114849505296,3.26513748469923,2.03983738670052,"#877D7C"
"5134519241_4","5134519241_4.png",2,0.4634,80.7105245622438,2.54497053269389,2.68801448299671,"#CFC7C3"
"5134519241_5","5134519241_5.png",1,0.5616,57.3423051286747,2.82724314817007,-0.712626876177203,"#8E888B"
"5134519241_5","5134519241_5.png",2,0.4384,76.1448500583436,3.57041074562238,-0.931867133534441,"#C2BABE"
"5134629967_1","5134629967_1.png",1,0.7136,67.0006605512945,3.02837941179878,0.586596998570937,"#A9A1A2"
"5134629967_1","5134629967_1.png",2,0.2864,41.3043595755895,3.03188142617919,-0.304889125912316,"#666062"
"5134629968_1","5134629968_1.png",1,0.6296,72.5326715104976,1.07493147082144,2.58615905693225,"#B6B1AD"
"5134629968_1","5134629968_1.png",2,0.3704,43.7035819498894,1.5923762164931,1.08794746390226,"#6B6666"
"5134664123_1","5134664123_1.png",1,0.7942,67.654736037407,1.58025255735909,4.18539489014046,"#ABA49D"
"5134664123_1","5134664123_1.png",2,0.2058,43.1367954873597,4.15351659884941,7.99433912158383,"#726359"
"5134664123_2","5134664123_2.png",1,0.7996,67.7516824535711,1.53645636879329,3.78332970964082,"#ABA49E"
"5134664123_2","5134664123_2.png",2,0.2004,41.6820445796946,4.21705711433104,7.74915193232006,"#6E6056"
"5134664123_3","5134664123_3.png",1,0.8496,67.077039823252,1.61608466556012,3.72866410538093,"#A9A29D"
"5134664123_3","5134664123_3.png",2,0.1504,38.8658205971377,4.97530582689638,7.9860292820646,"#68584F"
"5134697908_1","5134697908_1.png",1,0.5706,58.2565435455935,2.39571281573856,-1.45254946333807,"#8F8B8F"
"5134697908_1","5134697908_1.png",2,0.4294,75.1572854726808,0.963653884034914,-1.50305565403517,"#BAB9BC"
"5134785590_1","5134785590_1.png",1,0.5382,77.635816429834,0.562692198120703,1.34972597885231,"#C2BFBD"
"5134785590_1","5134785590_1.png",2,0.4618,48.5763315630778,0.184608731010595,0.56380974789814,"#747372"
"5134856882_1","5134856882_1.png",1,0.9042,65.5533653055581,1.40744049599474,-0.268627763093032,"#A29EA0"
"5134856882_1","5134856882_1.png",2,0.0958,43.2375706533771,2.80128703410434,2.26255255302873,"#6C6462"
"5138886098_1","5138886098_1.png",1,0.6632,71.834203669045,1.33314165327897,-0.0412041166719375,"#B3AFB0"
"5138886098_1","5138886098_1.png",2,0.3368,47.6452527772936,1.88125804592814,1.62930485605069,"#75706E"
"5138886098_2","5138886098_2.png",1,0.6668,71.9029183553862,0.737170261652009,0.428598880094717,"#B2B0AF"
"5138886098_2","5138886098_2.png",2,0.3332,40.801521654551,0.96018922195901,2.864769993834,"#645F5C"
"5138886098_3","5138886098_3.png",1,0.544,55.5009046951404,2.85515941285181,-0.289888953693305,"#8A8385"
"5138886098_3","5138886098_3.png",2,0.456,77.521903885463,1.5280618354241,-0.0833403821022166,"#C2BFC0"
"5140039734_1","5140039734_1.png",1,0.5674,54.1530951623438,1.54807729245345,3.21612209721115,"#87807C"
"5140039734_1","5140039734_1.png",2,0.4326,87.5032685827919,0.0745462390309755,5.6376038403862,"#E0DBD1"
"5140072876_1","5140072876_1.png",1,0.6536,71.9465609262411,1.03911873563186,2.50433296685712,"#B4B0AC"
"5140072876_1","5140072876_1.png",2,0.3464,42.6675121240648,1.96424124744401,3.35245132456869,"#6A635F"
"5140096129_1","5140096129_1.png",1,0.728,67.7804124340073,1.30457158583255,12.7115351527926,"#B1A48E"
"5140096129_1","5140096129_1.png",2,0.272,46.7988898767649,4.52632671742281,22.5495433447687,"#836B49"
"5140117341_1","5140117341_1.png",1,0.6978,68.2755344198459,0.611083851229839,-2.04626938389835,"#A6A6AA"
"5140117341_1","5140117341_1.png",2,0.3022,47.0102433336332,-0.1684015741693,0.393079833431783,"#6F6F6F"
"5140118216_1","5140118216_1.png",1,0.643,71.5731252333517,0.525974055568907,-0.107187084558386,"#B0AFB0"
"5140118216_1","5140118216_1.png",2,0.357,46.3823650840806,1.55328832752107,-1.1107162597578,"#706D70"
"5140123397_1","5140123397_1.png",1,0.6102,73.427867363984,1.55361332097848,10.9211811889855,"#BFB3A1"
"5140123397_1","5140123397_1.png",2,0.3898,48.8268720064385,3.12001944062049,9.27206635738422,"#7F7265"
"5140141631_1","5140141631_1.png",1,0.7614,67.1581635944019,-0.680837244579965,3.49878445426504,"#A5A49D"
"5140141631_1","5140141631_1.png",2,0.2386,46.863232852595,0.796983749569246,5.96409361353028,"#756E65"
"5140150255_1","5140150255_1.png",1,0.6238,71.4987515118371,-1.14400728601121,5.29178473756985,"#B1AFA5"
"5140150255_1","5140150255_1.png",2,0.3762,50.9237623785838,-0.421471174051289,8.24437310246181,"#7E796B"
"5140150255_2","5140150255_2.png",1,0.5228,74.0614867724639,-0.091654886316043,3.92373589145236,"#B9B6AF"
"5140150255_2","5140150255_2.png",2,0.4772,54.6801194726733,-0.983488939312443,12.1462592015762,"#8A836E"
"5140187662_1","5140187662_1.png",1,0.5854,73.2328417098631,0.422544706309592,4.17632940389377,"#B8B3AC"
"5140187662_1","5140187662_1.png",2,0.4146,47.0051097107294,2.50786077028819,6.21632616566689,"#786E65"
"5140206286_1","5140206286_1.png",1,0.6148,72.7780233374637,0.0430411816439383,8.19974616587235,"#B9B2A4"
"5140206286_1","5140206286_1.png",2,0.3852,50.2976578997872,-0.477034292176143,12.962017159,"#807762"
"5140206286_2","5140206286_2.png",1,0.7274,70.7455621158841,1.3542159094331,4.29691212902322,"#B3ACA5"
"5140206286_2","5140206286_2.png",2,0.2726,38.0084706737263,2.73858667680778,10.5100884035807,"#645749"
"5140206286_3","5140206286_3.png",1,0.5662,76.0337819275295,0.663671073377869,4.37082106345658,"#C0BBB3"
"5140206286_3","5140206286_3.png",2,0.4338,47.8440741403135,1.39446069265604,6.5980587178158,"#797067"
"5140251383_1","5140251383_1.png",1,0.614,76.272472941271,2.1093934081854,4.03559135688576,"#C3BBB5"
"5140251383_1","5140251383_1.png",2,0.386,40.4018856440349,5.7884540589124,8.83873088581682,"#6E5C51"
"5140251383_2","5140251383_2.png",1,0.5254,79.543987301726,0.647979340008141,4.4628689626589,"#CAC4BD"
"5140251383_2","5140251383_2.png",2,0.4746,47.2517942807288,3.22874163919932,10.7074596667771,"#7C6E5E"
"5140251383_3","5140251383_3.png",1,0.545,52.8478415237618,1.3320664675255,9.47367188454906,"#877D6E"
"5140251383_3","5140251383_3.png",2,0.455,82.4634731690258,-0.0611097031461357,4.21662163986822,"#D1CDC5"
"5140251383_4","5140251383_4.png",1,0.59,73.8517074442536,1.90579072187872,8.69214586580277,"#C0B4A6"
"5140251383_4","5140251383_4.png",2,0.41,50.8909436419828,3.83840253176792,12.8246548475501,"#887664"
"5140331255_1","5140331255_1.png",1,0.5348,79.3993884080254,0.551515777188827,4.17679839854429,"#C9C4BD"
"5140331255_1","5140331255_1.png",2,0.4652,46.8645807962778,2.5110809794497,8.70141470990643,"#796D61"
"5140743561_1","5140743561_1.png",1,0.7378,70.4110445578558,1.35812841760685,4.37578590668237,"#B2ABA4"
"5140743561_1","5140743561_1.png",2,0.2622,37.3088754977777,2.76531366060655,10.972139737343,"#635646"
"5140841355_1","5140841355_1.png",1,0.524,55.236817640192,1.30224148746761,-2.301011891328,"#858488"
"5140841355_1","5140841355_1.png",2,0.476,76.3834879453174,0.681539092382384,0.649639521236229,"#BEBCBB"
"5140880337_1","5140880337_1.png",1,0.6808,76.9419773823874,1.86323629534121,6.22831958343491,"#C6BCB3"
"5140880337_1","5140880337_1.png",2,0.3192,18.7902802101293,10.0251074689822,-7.43749253855519,"#372939"
"5140880337_2","5140880337_2.png",1,0.7086,76.5902050017764,1.83576178798816,5.99956254016531,"#C5BBB2"
"5140880337_2","5140880337_2.png",2,0.2914,17.4490787969198,9.92219889271801,-7.72740132268866,"#342636"
"5140980228_1","5140980228_1.png",1,0.7316,67.0849197066308,-0.464545787429365,-0.913939061150271,"#A2A4A5"
"5140980228_1","5140980228_1.png",2,0.2684,51.8544646574485,-0.058497570679875,1.53457006010075,"#7D7C79"
"5141002117_1","5141002117_1.png",1,0.8788,65.5233051268653,1.99081730692252,5.63466082018046,"#A79E95"
"5141002117_1","5141002117_1.png",2,0.1212,37.9417661854696,2.74597694808211,7.38270738552088,"#62574E"
"5141446988_1","5141446988_1.png",1,0.514469453376206,60.8374797530439,-3.42312261553909,2.14200543404218,"#8E948F"
"5141446988_1","5141446988_1.png",2,0.485530546623794,69.23051728996,-2.86698735842096,0.711210506585945,"#A4ABA8"
"5141446988_2","5141446988_2.png",1,0.5356,57.5611940460306,-5.35156879594865,-0.516169568126981,"#808D8B"
"5141446988_2","5141446988_2.png",2,0.4644,73.947069305584,-3.24912104872786,-0.0687338897730517,"#AFB8B6"
"5141446988_3","5141446988_3.png",1,0.6422,58.6014431303124,-0.749249745448084,-6.92942848729064,"#858E99"
"5141446988_3","5141446988_3.png",2,0.3578,89.0535000349757,-0.818796274342451,-5.10383667485951,"#D9E1E9"
"5141495216_1","5141495216_1.png",1,0.7028,70.2462483802847,2.95118293095089,3.46458062947713,"#B4AAA6"
"5141495216_1","5141495216_1.png",2,0.2972,39.1239385020346,4.09828279329796,7.34325364052232,"#675950"
"5153318845_1","5153318845_1.png",1,0.592980161325485,74.2762958871977,0.264435398807425,1.42051082435842,"#B8B6B4"
"5153318845_1","5153318845_1.png",2,0.407019838674515,48.1380592766135,2.59108175882965,5.32063429952165,"#7A7069"
"5153318845_2","5153318845_2.png",1,0.6304,73.7291095548881,-0.641901027207834,0.919251223587233,"#B5B5B3"
"5153318845_2","5153318845_2.png",2,0.3696,41.8546929111774,0.347553669659048,5.00237581922446,"#67625B"
"5153318845_3","5153318845_3.png",1,0.6172,73.9697757892141,0.546099712138945,0.940975467527318,"#B8B5B4"
"5153318845_3","5153318845_3.png",2,0.3828,43.5708111951844,3.02416766041978,6.17262757833132,"#70655D"
"5153396830_1","5153396830_1.png",1,0.5256,47.998671087453,1.84753581554343,0.533817605377958,"#767171"
"5153396830_1","5153396830_1.png",2,0.4744,84.5679820249574,0.0964451780433695,3.50190008538647,"#D6D3CC"
"5153396830_2","5153396830_2.png",1,0.5396,80.052669402896,-0.0716108469703835,3.29232897015113,"#C9C6C0"
"5153396830_2","5153396830_2.png",2,0.4604,44.8156470530692,3.3071999925187,2.93331069707456,"#726865"
"5153462498_1","5153462498_1.png",1,0.7668,67.1499215127205,0.771959877142726,0.494843601445707,"#A5A3A3"
"5153462498_1","5153462498_1.png",2,0.2332,47.2137408350015,1.60276447495326,1.84301005543216,"#746F6D"
"5153462498_2","5153462498_2.png",1,0.6786,70.336476475123,0.650164751934462,3.42703228977682,"#B0ABA6"
"5153462498_2","5153462498_2.png",2,0.3214,49.6966319981296,1.61282945942004,5.46295670361932,"#7D756D"
"5153462498_3","5153462498_3.png",1,0.7096,70.0316464778719,0.66971860080673,4.31928607204645,"#B0AAA3"
"5153462498_3","5153462498_3.png",2,0.2904,45.7695738450904,2.05438885875826,7.37444028092933,"#756B60"
"5153975027_1","5153975027_1.png",1,0.5874,70.5280263496534,-1.87721699189927,2.52937630809401,"#ABADA8"
"5153975027_1","5153975027_1.png",2,0.4126,54.153079066048,-0.927482042356315,5.44879821092713,"#848278"
"5154000080_1","5154000080_1.png",1,0.603,75.2919901697667,1.58143227938184,-2.33063164195106,"#BAB9BE"
"5154000080_1","5154000080_1.png",2,0.397,38.6573840720072,4.01093346616416,-4.96163468520025,"#5E5963"
"5154000080_2","5154000080_2.png",1,0.5642,53.2240774795893,1.74046187311353,8.2451911564962,"#887E71"
"5154000080_2","5154000080_2.png",2,0.4358,86.7046726755564,0.529757735068701,2.62011593309021,"#DCD9D4"
"5154000080_3","5154000080_3.png",1,0.5026,52.5237088656359,-2.09711368225033,5.26515476291828,"#7E7E74"
"5154000080_3","5154000080_3.png",2,0.4974,77.1759493952825,-2.19545362599295,3.19406631937755,"#BDC0B9"
"5154004963_1","5154004963_1.png",1,0.7686,69.284571712287,0.810193913872297,5.31990911635696,"#AFA8A0"
"5154004963_1","5154004963_1.png",2,0.2314,37.6014149932959,2.9714425200663,9.50752105281433,"#635649"
"5154004963_2","5154004963_2.png",1,0.586,74.8745034490256,1.23036975726183,4.24762690541056,"#BEB7B1"
"5154004963_2","5154004963_2.png",2,0.414,47.630162896247,2.34574902445943,8.17647697060848,"#7B6F63"
"5154004963_3","5154004963_3.png",1,0.5594,75.3711444842753,0.966197504546661,5.629981838773,"#C0B9AF"
"5154004963_3","5154004963_3.png",2,0.4406,49.2796167954942,2.60519423118138,4.07444235759196,"#7D736E"
"5154311011_1","5154311011_1.png",1,0.6752,59.0588905624941,-2.12825903657095,-1.97824496169617,"#888F91"
"5154311011_1","5154311011_1.png",2,0.3248,89.5287259591576,-0.465334545864659,-0.679991335015327,"#DFE1E2"
"5154564024_1","5154564024_1.png",1,0.5142,45.0108703879578,2.82501499623423,10.1297563912743,"#76685A"
"5154564024_1","5154564024_1.png",2,0.4858,87.33511663557,1.54118545160828,2.68135037664589,"#E0DAD6"
"5154564024_2","5154564024_2.png",1,0.6728,74.357788109528,1.27112183057379,2.25341543893846,"#BBB6B3"
"5154564024_2","5154564024_2.png",2,0.3272,33.3582647601391,5.46442370982592,7.18314031874801,"#5B4B43"
"5154564024_3","5154564024_3.png",1,0.5334,84.1002902668882,1.85337422095407,2.63488949619211,"#D8D0CD"
"5154564024_3","5154564024_3.png",2,0.4666,39.8282985425022,3.36864924904736,8.32228558653594,"#695C50"
"5154564024_4","5154564024_4.png",1,0.6456,75.8553481996926,1.32155644910926,2.39241255570109,"#BFBAB7"
"5154564024_4","5154564024_4.png",2,0.3544,36.2334283753192,5.7185464298458,7.77945141009211,"#635249"
"5154576531_1","5154576531_1.png",1,0.5132,81.3477260917994,0.442938650508452,3.88291956943151,"#CECAC3"
"5154576531_1","5154576531_1.png",2,0.4868,45.0033790708061,1.68526276220524,8.80981928054325,"#73695C"
"5154636063_1","5154636063_1.png",1,0.6072,73.480815707502,-1.43960363071704,2.59696651157153,"#B4B5B0"
"5154636063_1","5154636063_1.png",2,0.3928,46.5519882921999,-1.94314024837881,6.43938273758911,"#706F64"
"5154657403_1","5154657403_1.png",1,0.6402,73.4825070609953,-0.34348917503199,1.4285593624938,"#B5B5B2"
"5154657403_1","5154657403_1.png",2,0.3598,43.7509145399005,0.067587279230723,1.18443669804103,"#686765"
"5154835930_1","5154835930_1.png",1,0.5592,55.7507045556478,2.63647883796996,2.76858286691844,"#8C8481"
"5154835930_1","5154835930_1.png",2,0.4408,80.7136414046669,0.420626953690373,0.739835818231146,"#CAC8C7"
"5154835930_2","5154835930_2.png",1,0.5496,55.1815042119784,2.649763030575,2.35493775799206,"#8B8280"
"5154835930_2","5154835930_2.png",2,0.4504,80.4708335321454,0.391495545042963,0.526333373996515,"#C9C7C7"
"5154936450_1","5154936450_1.png",1,0.7652,67.7066892208067,-0.518837549918195,0.34820284352357,"#A4A5A4"
"5154936450_1","5154936450_1.png",2,0.2348,44.8895232661435,1.07286614821998,4.31159672326023,"#6F6963"
"5154936450_2","5154936450_2.png",1,0.8422,66.3768883086817,-0.331657720568885,2.67575254529867,"#A3A19D"
"5154936450_2","5154936450_2.png",2,0.1578,50.1408759416539,0.831848287727995,4.5854317495875,"#7C7770"
"5154936450_3","5154936450_3.png",1,0.6616,70.4869384665445,0.102566036556692,1.56559725167347,"#AEACAA"
"5154936450_3","5154936450_3.png",2,0.3384,46.128013950885,1.53837646041641,7.46746946908985,"#756C61"
"5157849436_1","5157849436_1.png",1,0.510204081632653,72.87352294438,-3.00294753616392,6.46216678800236,"#B2B4A7"
"5157849436_1","5157849436_1.png",2,0.489795918367347,56.7036044161664,-3.4294152640823,6.97139570933591,"#87897C"
"5157895428_1","5157895428_1.png",1,0.5962,70.0551317174777,2.46517038650841,1.77448307423172,"#B1AAA8"
"5157895428_1","5157895428_1.png",2,0.4038,55.169033426424,4.38923132484048,0.457653496836677,"#8C8283"
"5157895428_2","5157895428_2.png",1,0.6288,71.8304648409162,3.46203364339696,3.93712185179936,"#BAAEA9"
"5157895428_2","5157895428_2.png",2,0.3712,48.4446109664094,6.49246222023777,4.45779911031674,"#816F6C"
"5157895428_3","5157895428_3.png",1,0.6014,73.8161878165263,3.4141700751841,5.36240230847324,"#C0B3AC"
"5157895428_3","5157895428_3.png",2,0.3986,46.4540574378559,7.40544873444132,5.19902985993824,"#7E6A66"
"5157895428_4","5157895428_4.png",1,0.7076,69.2632308000519,2.97492203198441,4.09639856813583,"#B2A7A2"
"5157895428_4","5157895428_4.png",2,0.2924,45.1083058465355,6.50566866036658,4.2457639358833,"#786764"
"5157945567_1","5157945567_1.png",1,0.5164,49.1192723232851,3.03284991995916,14.4612791588255,"#83725C"
"5157945567_1","5157945567_1.png",2,0.4836,83.3959213810801,0.31278094572334,6.39206514303899,"#D6CFC4"
"5158011451_1","5158011451_1.png",1,0.5276,78.0463056396795,-0.103335986634619,-1.62245943250841,"#BFC1C4"
"5158011451_1","5158011451_1.png",2,0.4724,48.8114231532876,1.92602798931222,-2.67787353402601,"#757378"
"5158011451_2","5158011451_2.png",1,0.503,75.878967285181,-0.250238031068423,-1.14436339035366,"#BABBBD"
"5158011451_2","5158011451_2.png",2,0.497,54.1755359561412,2.01206915180184,-3.18350969966788,"#838187"
"5158015184_1","5158015184_1.png",1,0.6338,72.0249479124241,-1.1461062075058,8.98026965029916,"#B5B1A0"
"5158015184_1","5158015184_1.png",2,0.3662,46.3096801207509,0.785192915604383,12.1234975968917,"#776D5A"
"5158047905_1","5158047905_1.png",1,0.7446,66.8713424646077,-2.53128534730247,10.413162357198,"#A6A390"
"5158047905_1","5158047905_1.png",2,0.2554,54.1547276101892,-5.67414360992681,21.7114484677103,"#86835C"
"5158059433_1","5158059433_1.png",1,0.5034,53.0438431756761,3.74899006200615,-3.14426978104043,"#837D84"
"5158059433_1","5158059433_1.png",2,0.4966,77.2695808233834,0.312223620606336,-1.77191558796453,"#BEBFC2"
"5158191376_1","5158191376_1.png",1,0.571,76.848772896289,1.23286289496205,1.60752323609155,"#C1BDBB"
"5158191376_1","5158191376_1.png",2,0.429,45.1397769936871,5.00264482169321,2.31607198091812,"#756867"
"5158214444_1","5158214444_1.png",1,0.5732,74.0328197910614,-1.01049306443249,-6.84612793495042,"#AEB7C2"
"5158214444_1","5158214444_1.png",2,0.4268,47.1293597608246,-0.983642648554494,-6.9348538143719,"#68717B"
"5158299080_1","5158299080_1.png",1,0.6488,69.3375218457273,0.161784340118998,6.4476799651916,"#AFA99E"
"5158299080_1","5158299080_1.png",2,0.3512,53.2310473791594,-2.5496924797099,9.67792848439465,"#82806F"
"5158378575_1","5158378575_1.png",1,0.6746,68.9241325967383,-0.051442751696469,-4.93116296963961,"#A4A9B1"
"5158378575_1","5158378575_1.png",2,0.3254,54.0699063647207,2.1595033558204,-2.15548966210992,"#838085"
"5158390450_1","5158390450_1.png",1,0.6336,74.137117582362,4.13883345815269,-1.25305525480347,"#BDB4B9"
"5158390450_1","5158390450_1.png",2,0.3664,34.3264744258858,12.2294216581952,-2.02255711090599,"#624A54"
"5158418397_1","5158418397_1.png",1,0.65,58.6558201720069,-1.53223881925324,4.05037705922546,"#8D8E86"
"5158418397_1","5158418397_1.png",2,0.35,87.1994363246968,-0.844811900440622,5.74190322636526,"#DEDBD0"
"5158456417_1","5158456417_1.png",1,0.528,78.6223089590022,0.780461573353033,5.20160486062044,"#C8C2B9"
"5158456417_1","5158456417_1.png",2,0.472,46.8671326954532,1.71815128935699,5.87610239409359,"#766E65"
"5158478448_1","5158478448_1.png",1,0.6488,74.5973137855271,0.379832455321511,-0.691977524879223,"#B8B7B9"
"5158478448_1","5158478448_1.png",2,0.3512,42.2924422309943,2.17444872898388,1.75088945331992,"#696361"
"5158478448_2","5158478448_2.png",1,0.741,72.3704239186944,0.634791968944497,-1.12202828376516,"#B2B1B3"
"5158478448_2","5158478448_2.png",2,0.259,32.769036385267,3.14141533307435,1.82958046625663,"#534B4A"
"5158478448_3","5158478448_3.png",1,0.7286,69.0810622782298,0.127861226919712,-1.74211489631668,"#A7A9AC"
"5158478448_3","5158478448_3.png",2,0.2714,39.7082216925358,0.696451605005615,-1.86529164843456,"#5D5D61"
"5158503080_1","5158503080_1.png",1,0.5706,80.5693779493477,1.56038833967672,2.35684387360406,"#CDC7C4"
"5158503080_1","5158503080_1.png",2,0.4294,37.4370509674274,5.41543482468109,-1.34508756020246,"#60555A"
"5158617463_1","5158617463_1.png",1,0.666,69.4864420652174,2.29066885466543,2.66280061144266,"#B0A8A5"
"5158617463_1","5158617463_1.png",2,0.334,51.420110970725,3.87219052233586,3.77922048448058,"#847874"
"5158625119_1","5158625119_1.png",1,0.8656,67.1844843602317,-6.87712975021689,28.9231850564693,"#AAA66F"
"5158625119_1","5158625119_1.png",2,0.1344,23.0289474383032,-1.36835163679484,20.1561887458429,"#3E3718"
"5158675445_1","5158675445_1.png",1,0.8794,64.519380956202,-0.52821571993754,-2.45116652120346,"#999DA1"
"5158675445_1","5158675445_1.png",2,0.1206,88.1159040481472,0.544117661437412,2.15468248301364,"#E0DDD9"
"5158700406_1","5158700406_1.png",1,0.549,72.1737944983975,0.582828296635962,8.36600825617347,"#B8B0A2"
"5158700406_1","5158700406_1.png",2,0.451,55.0104526740424,2.78709076745195,7.67474051047347,"#8E8277"
"5167055118_1","5167055118_1.png",1,0.5282,79.1020518424238,-1.37555237287119,-8.20126579203646,"#B9C5D3"
"5167055118_1","5167055118_1.png",2,0.4718,47.0029505253159,0.401827770515643,-15.7293401400017,"#61708A"
"5167635963_1","5167635963_1.png",1,0.7216,68.8950033434592,0.70050980571865,2.11742333133104,"#ABA8A4"
"5167635963_1","5167635963_1.png",2,0.2784,40.2738988812413,2.27625180421426,3.33574984743764,"#655D5A"
"5167635963_2","5167635963_2.png",1,0.5628,74.3883799475225,1.41208330290384,2.76570921251147,"#BCB6B2"
"5167635963_2","5167635963_2.png",2,0.4372,51.0690567466498,3.0878005912981,3.69655173522286,"#827873"
"5167635963_3","5167635963_3.png",1,0.7438,67.5962773721881,0.994465705574967,2.10330457713943,"#A8A4A1"
"5167635963_3","5167635963_3.png",2,0.2562,38.2772082569323,2.66493647940029,3.12622879803172,"#615855"
"5167664357_1","5167664357_1.png",1,0.5538,72.0452653032817,0.310949901912442,2.84648588029549,"#B3B0AB"
"5167664357_1","5167664357_1.png",2,0.4462,53.0694558702729,1.54710791198992,1.48805625641693,"#837E7C"
"5167904511_1","5167904511_1.png",1,0.7662,67.3790283161441,-1.67050212554407,1.28103372702863,"#A2A5A2"
"5167904511_1","5167904511_1.png",2,0.2338,42.2279097272798,-0.468289557527481,5.5230505945924,"#67645B"
"5168163164_1","5168163164_1.png",1,0.5694,73.5522077246164,2.13105177268736,-6.234003423896,"#B3B4C0"
"5168163164_1","5168163164_1.png",2,0.4306,48.6216943697382,3.05590393587188,-6.31093629876434,"#74727E"
"5168163164_2","5168163164_2.png",1,0.7214,68.7028120193164,3.03378087352451,0.915380536496633,"#AEA6A6"
"5168163164_2","5168163164_2.png",2,0.2786,51.6419259574675,3.75063696398066,-5.737463451256,"#7D7985"
"5168544492_1","5168544492_1.png",1,0.54,75.9364662718052,3.81021310601845,4.90560276125483,"#C6B9B2"
"5168544492_1","5168544492_1.png",2,0.46,51.0115521930457,4.09111902721859,4.52759468937905,"#847772"
"5171629757_1","5171629757_1.png",1,0.5078,70.1060961909024,3.53759139543632,6.00728594801309,"#B6A9A1"
"5171629757_1","5171629757_1.png",2,0.4922,59.1105905104269,4.30607832247487,7.97670186606173,"#9C8B81"
"5171629757_2","5171629757_2.png",1,0.8156,66.899298615977,2.78241260564319,5.49021465582106,"#ACA199"
"5171629757_2","5171629757_2.png",2,0.1844,46.9055812565053,4.02202539230914,7.69212802832317,"#7B6C63"
"5171629757_3","5171629757_3.png",1,0.568,70.5220127692143,2.56815433062201,5.05494936495946,"#B5ABA3"
"5171629757_3","5171629757_3.png",2,0.432,56.7971882123373,3.30585954683242,6.52809311590842,"#93867D"
"5171629757_4","5171629757_4.png",1,0.5448,55.4811979332976,4.45614412986722,8.04531261706057,"#928277"
"5171629757_4","5171629757_4.png",2,0.4552,78.7295646285806,2.97257559686203,6.1372178965566,"#CDC1B8"
"5176372116_1","5176372116_1.png",1,0.5602,49.8707374336092,9.06690437218008,13.5778711014071,"#8E7160"
"5176372116_1","5176372116_1.png",2,0.4398,90.1769142150949,4.12941593713775,8.55724040834189,"#F2E0D3"
"5176412920_1","5176412920_1.png",1,0.5866,76.113090332261,5.04059856163973,-11.3644445923097,"#BBB9D1"
"5176412920_1","5176412920_1.png",2,0.4134,41.860352474512,8.44638193537832,-14.6287690140569,"#655F7B"
"5176819847_1","5176819847_1.png",1,0.545,73.5639536195878,4.02705768460227,4.96297594270445,"#C0B2AC"
"5176819847_1","5176819847_1.png",2,0.455,53.331601201936,6.52118587628717,9.22809741927774,"#917B70"
"5176831869_1","5176831869_1.png",1,0.6294,71.6539297793476,2.70360465894434,5.5167865399188,"#B9AEA6"
"5176831869_1","5176831869_1.png",2,0.3706,49.5538666486117,6.02169796335338,7.35282284956254,"#85726A"
"5176831869_2","5176831869_2.png",1,0.7136,69.1701422251844,2.28445265010896,5.42287559099243,"#B1A79F"
"5176831869_2","5176831869_2.png",2,0.2864,45.1944657917564,5.96614740810428,8.34315967251997,"#7A675D"
"5176831869_3","5176831869_3.png",1,0.5886,72.3981418609755,2.00121467447164,4.48296121409272,"#B9B0A9"
"5176831869_3","5176831869_3.png",2,0.4114,51.8314814381617,5.10105339533194,5.26290610506494,"#887873"
"5176843353_1","5176843353_1.png",1,0.5988,73.1449233937002,-0.239254196354814,4.49280743760067,"#B7B3AB"
"5176843353_1","5176843353_1.png",2,0.4012,47.2659105808788,1.37987005698684,5.78465405259356,"#776F66"
"5176843353_2","5176843353_2.png",1,0.527,78.3876053126597,0.417699866727455,3.7048968226327,"#C6C1BB"
"5176843353_2","5176843353_2.png",2,0.473,48.1860728151732,2.49801188561984,2.53996719911922,"#79716E"
"5176843353_3","5176843353_3.png",1,0.5946,73.368094118955,-0.721032367997783,7.13778905705949,"#B8B4A7"
"5176843353_3","5176843353_3.png",2,0.4054,46.7153800360743,1.55835408929064,7.93009780685124,"#776D62"
"5176882319_1","5176882319_1.png",1,0.5922,71.459762251482,0.284447128171824,-3.88170523578954,"#ACAFB6"
"5176882319_1","5176882319_1.png",2,0.4078,53.353688803642,1.17505196685891,-2.73187187482371,"#7F7F84"
"5176882319_2","5176882319_2.png",1,0.6914,68.4892497122062,-0.109868130521612,-4.35014709425367,"#A3A7AF"
"5176882319_2","5176882319_2.png",2,0.3086,50.3158587037426,2.4147970428092,-3.52109764722602,"#79777E"
"5176882319_3","5176882319_3.png",1,0.6654,70.970272161535,0.835678946450564,-3.29843023026912,"#ACADB4"
"5176882319_3","5176882319_3.png",2,0.3346,47.4865380039536,1.17251276231084,-4.56692153934594,"#6F7078"
"5176882319_4","5176882319_4.png",1,0.6148,72.1911848214614,1.03477361015758,-3.62935535133562,"#B0B1B8"
"5176882319_4","5176882319_4.png",2,0.3852,50.4976446451418,1.75387059294955,-2.5437384487778,"#79777D"
"5176882319_5","5176882319_5.png",1,0.5156,72.2508606125008,0.310335391900822,-3.15985306517229,"#AFB1B7"
"5176882319_5","5176882319_5.png",2,0.4844,56.4314551712518,0.977054004903375,-4.50670953168869,"#85878F"
"5176882319_6","5176882319_6.png",1,0.574,71.5470509433005,-0.38116571890016,-3.74346338561295,"#ABB0B6"
"5176882319_6","5176882319_6.png",2,0.426,53.2611447108857,0.670346568747992,-3.6568289087523,"#7D7F85"
"5176972348_1","5176972348_1.png",1,0.6834,68.3630043239203,-0.266991155304989,-1.19210952692065,"#A5A7A9"
"5176972348_1","5176972348_1.png",2,0.3166,46.9010779132707,0.521099257164124,-0.48969243358982,"#706F70"
"5176972348_2","5176972348_2.png",1,0.68,69.4542351026016,1.36149609063037,-1.6221868985871,"#ABA9AD"
"5176972348_2","5176972348_2.png",2,0.32,45.4473370474581,1.9165924263928,-0.709129645885645,"#6E6B6D"
"5176973533_1","5176973533_1.png",1,0.5866,54.5217569987828,-3.02355909738881,5.52790215307794,"#818479"
"5176973533_1","5176973533_1.png",2,0.4134,82.0556214067402,-3.53879381873966,4.0757579612862,"#C9CEC4"
"5177007065_1","5177007065_1.png",1,0.6426,72.1496428426986,3.60274764156551,14.4813309902003,"#C2AE97"
"5177007065_1","5177007065_1.png",2,0.3574,36.0189027349218,7.20155809220898,20.6594957122048,"#6A5034"
"5177007065_2","5177007065_2.png",1,0.7224,68.1728860426416,3.41035443687433,7.03961084719193,"#B2A49A"
"5177007065_2","5177007065_2.png",2,0.2776,46.5615586439492,5.78825764169274,13.8980774760793,"#806A57"
"5177007065_3","5177007065_3.png",1,0.6752,68.9990607121618,3.47320827791881,7.04966509920489,"#B4A69C"
"5177007065_3","5177007065_3.png",2,0.3248,48.8018283938422,6.21363638636222,13.7904857360779,"#87705D"
"5177105797_1","5177105797_1.png",1,0.5532,72.8127297188404,1.59092836944292,5.3675383636105,"#BAB1A9"
"5177105797_1","5177105797_1.png",2,0.4468,53.8261586327733,5.89024873322344,5.6059232081369,"#8F7D77"
"5177180032_1","5177180032_1.png",1,0.561,76.7818762864806,1.41111609324578,8.73464724545428,"#C7BCAE"
"5177180032_1","5177180032_1.png",2,0.439,46.7465267420794,1.42878095273152,11.1847544535838,"#796D5C"
"5177180032_2","5177180032_2.png",1,0.5548,76.58485099701,1.50325708107497,9.0616754466038,"#C7BBAC"
"5177180032_2","5177180032_2.png",2,0.4452,47.4511189281043,1.51210535724333,10.4342691520674,"#7A6F5F"
"5177180032_3","5177180032_3.png",1,0.5592,77.6749673135506,1.60768571500769,7.64411657433853,"#C9BEB2"
"5177180032_3","5177180032_3.png",2,0.4408,46.9221503503248,2.20610299580534,11.8107719923008,"#7B6D5C"
"5177352969_1","5177352969_1.png",1,0.5638,73.4613790403031,0.114532589986485,-0.976525345149219,"#B4B4B6"
"5177352969_1","5177352969_1.png",2,0.4362,52.8810130919432,1.04870229361014,-3.36780007992373,"#7D7E84"
"5187909005_1","5187909005_1.png",1,0.6016,53.8841774465776,3.07158114572804,6.25816088999114,"#8B7F76"
"5187909005_1","5187909005_1.png",2,0.3984,89.7962532056337,0.295601831600083,3.33874419009315,"#E5E1DB"
"5187909005_2","5187909005_2.png",1,0.5548,51.8724315770153,1.7031735668599,6.26431865203949,"#837A71"
"5187909005_2","5187909005_2.png",2,0.4452,87.426708810332,-0.49812612382364,5.16500190392847,"#DEDBD1"
"5187909005_3","5187909005_3.png",1,0.6258,55.6797348907415,-1.06581288125407,9.5956416335121,"#8A8575"
"5187909005_3","5187909005_3.png",2,0.3742,88.669915882485,-1.66759202593262,5.50678722117139,"#E0DFD4"
"5187957202_1","5187957202_1.png",1,0.633,72.3624568529511,1.63300906252889,-1.89633521948083,"#B3B1B5"
"5187957202_1","5187957202_1.png",2,0.367,40.5684718398863,7.58459531299116,-7.2496954008322,"#675C6C"
"5188455481_1","5188455481_1.png",1,0.6452,58.4227521965126,-0.991204053550295,3.48703922921395,"#8D8D86"
"5188455481_1","5188455481_1.png",2,0.3548,83.8734173964016,-0.641485085274449,4.08831222301931,"#D3D1C9"
"5188455481_2","5188455481_2.png",1,0.7744,64.5818244531928,-2.59996511738738,-2.73290430582447,"#959EA1"
"5188455481_2","5188455481_2.png",2,0.2256,96.5813357965981,-0.825847911865247,-1.06040472462763,"#F2F6F7"
"5198299810_1","5198299810_1.png",1,0.579,57.7111327863419,-1.2383457784162,1.10346446231961,"#898B89"
"5198299810_1","5198299810_1.png",2,0.421,93.8930010240361,1.42424591023253,3.4963225193892,"#F3ECE7"
"5198843636_1","5198843636_1.png",1,0.755,68.274737578052,-0.865048650764484,-0.92480488162396,"#A4A7A8"
"5198843636_1","5198843636_1.png",2,0.245,39.3552684858637,0.204829610808347,3.33030176268331,"#5F5C57"
"5198843636_2","5198843636_2.png",1,0.7956,67.2362826882674,-1.05959107450604,-2.05925520153493,"#A0A4A7"
"5198843636_2","5198843636_2.png",2,0.2044,40.4987573956401,-1.35775371848236,0.158004970395733,"#5D605F"
"5198872392_1","5198872392_1.png",1,0.6236,69.8332101881552,2.54778513159854,1.86105055976851,"#B1A9A7"
"5198872392_1","5198872392_1.png",2,0.3764,52.879490901676,4.28260876885565,1.01598954783221,"#867C7D"
"5198872392_2","5198872392_2.png",1,0.6508,71.3470193538627,2.69582551765934,7.35242488651722,"#B9ADA2"
"5198872392_2","5198872392_2.png",2,0.3492,47.862395345644,2.53717958674301,2.99941565164436,"#78706D"
"5198918746_1","5198918746_1.png",1,0.502,80.8323461481269,0.835385518112818,7.91255666820285,"#D1C8BA"
"5198918746_1","5198918746_1.png",2,0.498,48.2144841293635,1.18999644802252,13.181877470575,"#7D715C"
"5198919766_1","5198919766_1.png",1,0.5806,76.5379511377899,1.89368042360836,4.92885240606895,"#C4BBB4"
"5198919766_1","5198919766_1.png",2,0.4194,42.3570406534355,1.27903371721718,0.205444950643567,"#666364"
"5198919766_2","5198919766_2.png",1,0.6112,71.7071059862977,2.16333574490778,4.56753289961098,"#B7AEA7"
"5198919766_2","5198919766_2.png",2,0.3888,39.7714035577073,0.571835035161943,-0.793841083209845,"#5E5D5F"
"5198919766_3","5198919766_3.png",1,0.525,52.8588411072843,2.71035898197608,-0.111988064249479,"#837D7E"
"5198919766_3","5198919766_3.png",2,0.475,78.1578004719868,1.86170695218685,0.416563462100274,"#C5C0C1"
"5198919766_4","5198919766_4.png",1,0.6858,68.3266224118191,1.16589795961212,2.67078142152217,"#ABA6A2"
"5198919766_4","5198919766_4.png",2,0.3142,53.1280002073262,2.4746755719906,2.72667685373356,"#857D7A"
"5198919766_5","5198919766_5.png",1,0.596,69.8773548316454,0.863439101350407,2.93381176930918,"#AFAAA5"
"5198919766_5","5198919766_5.png",2,0.404,55.0511278848679,3.06750170745804,0.885495551116372,"#8A8282"
"5199077392_1","5199077392_1.png",1,0.5386,73.9835834093771,0.359424114400527,1.78671031455233,"#B8B5B3"
"5199077392_1","5199077392_1.png",2,0.4614,52.2740729537056,1.4627199331679,2.77109202958419,"#817C78"
"5205934572_1","5205934572_1.png",1,0.5338,52.0527241652305,1.93090536604516,6.195030818094,"#847B72"
"5205934572_1","5205934572_1.png",2,0.4662,81.0257939251622,0.152154133264169,5.18819368065947,"#CEC9C0"
"5205934572_2","5205934572_2.png",1,0.6436,77.3683539901398,0.610425309024793,4.76929773741279,"#C4BEB6"
"5205934572_2","5205934572_2.png",2,0.3564,35.4045856360252,-0.12151018581861,1.33274639106352,"#545351"
"5205934572_3","5205934572_3.png",1,0.5248,50.9097195150478,2.82471759923797,7.30367645755952,"#83776D"
"5205934572_3","5205934572_3.png",2,0.4752,80.9580836543354,0.375429196133357,5.78974514879944,"#CEC8BE"
"5206010349_1","5206010349_1.png",1,0.694,71.5517903581822,6.18908151462047,8.02255175520679,"#C1ABA1"
"5206010349_1","5206010349_1.png",2,0.306,42.3030056462659,9.36770870322376,13.6729753554896,"#7A5E4E"
"5206010349_2","5206010349_2.png",1,0.6938,71.1598132413189,6.65889373039225,10.527693396716,"#C2A99B"
"5206010349_2","5206010349_2.png",2,0.3062,45.0438526470341,8.54427090890374,10.797106480892,"#7F6559"
"5206011449_1","5206011449_1.png",1,0.8484,68.1073359064488,2.54369781514565,7.02303644441259,"#B0A49A"
"5206011449_1","5206011449_1.png",2,0.1516,28.9952255203272,5.18745584815283,8.57314968059155,"#514137"
"5206590749_1","5206590749_1.png",1,0.5578,55.2632816785807,2.31949256219039,2.03957744569882,"#8A8381"
"5206590749_1","5206590749_1.png",2,0.4422,82.3689857964845,0.954240195269593,-0.526661083191782,"#CECCCE"
"5215695204_1","5215695204_1.png",1,0.8712,64.2253169455143,5.25242643538887,4.23677654223448,"#A89894"
"5215695204_1","5215695204_1.png",2,0.1288,86.6774071718182,4.18481479144166,4.10807865231329,"#E4D6D1"
"5215820290_1","5215820290_1.png",1,0.571,72.7416462257664,4.02285188511458,-1.76710859501682,"#B9B0B6"
"5215820290_1","5215820290_1.png",2,0.429,49.198907356134,5.66236317176662,-0.958371894065739,"#7E7277"
"5215820290_2","5215820290_2.png",1,0.6056,71.4670615006392,3.17673373886752,-2.09955447664509,"#B3ADB3"
"5215820290_2","5215820290_2.png",2,0.3944,49.0302929139015,5.57927550452522,-1.42791361791418,"#7D7177"
"5216025893_1","5216025893_1.png",1,0.727,68.1089213770099,2.80897506330187,7.43841860187099,"#B1A499"
"5216025893_1","5216025893_1.png",2,0.273,12.0202237656349,6.0365962053347,-2.86751562946838,"#261D24"
"5217207649_1","5217207649_1.png",1,0.5138,72.8882123308566,-0.317024107116915,0.80061363691062,"#B3B3B1"
"5217207649_1","5217207649_1.png",2,0.4862,55.2377544754061,2.67059864794854,5.92575628831312,"#8D827A"
"5217207649_2","5217207649_2.png",1,0.5764,71.1859110032179,-1.00255399909894,0.812286530934897,"#ADAFAD"
"5217207649_2","5217207649_2.png",2,0.4236,54.5997817268335,1.40332477727462,3.12322879429559,"#87827D"
"5217538464_1","5217538464_1.png",1,0.5138,54.1910295353506,-2.24124402448789,3.81271374940621,"#80837B"
"5217538464_1","5217538464_1.png",2,0.4862,77.9303450324297,-1.31973955803097,0.566697235573357,"#BFC1C0"
"5218800483_1","5218800483_1.png",1,0.5676,76.9113926793559,1.08150472017775,2.96101513783464,"#C2BDB8"
"5218800483_1","5218800483_1.png",2,0.4324,39.7081233070292,3.79270259370837,4.01409012896128,"#665B57"
"5218865352_1","5218865352_1.png",1,0.5248,56.2638225851591,4.14430283776576,4.91754373216272,"#92847F"
"5218865352_1","5218865352_1.png",2,0.4752,76.2709467143311,1.21573859172369,4.95060204296268,"#C2BBB3"
"5218865352_2","5218865352_2.png",1,0.6556,71.6857541823296,1.13317877455405,3.24295202698315,"#B4AFAA"
"5218865352_2","5218865352_2.png",2,0.3444,48.7730374198039,4.64692712035303,6.32961912122429,"#807169"
"5218868378_1","5218868378_1.png",1,0.757,69.5739339965688,2.01144007098805,5.89106114335808,"#B2A89F"
"5218868378_1","5218868378_1.png",2,0.243,39.3129264487501,6.51804309391967,12.245154434371,"#6E5849"
"5218868378_2","5218868378_2.png",1,0.8182,67.2863369374528,3.63909407697648,6.6008782873354,"#AFA198"
"5218868378_2","5218868378_2.png",2,0.1818,32.5206232935267,9.34045607081572,12.5187770470048,"#614739"
"5218868378_3","5218868378_3.png",1,0.5384,59.8264353896118,3.31260539540862,1.61943117048246,"#978E8D"
"5218868378_3","5218868378_3.png",2,0.4616,71.4916886663297,1.18186404946311,-0.377677370338219,"#B1AEB0"
"5218868378_4","5218868378_4.png",1,0.5428,70.6180749611794,1.61782299718705,-2.24945037354731,"#AEACB1"
"5218868378_4","5218868378_4.png",2,0.4572,58.0385700791947,3.02288386441236,-4.41911364337105,"#8D8A93"
"5218868378_5","5218868378_5.png",1,0.5702,70.5760219491351,1.55087062208144,1.60897274713316,"#B1ACAA"
"5218868378_5","5218868378_5.png",2,0.4298,53.2605623411906,5.2071474612785,4.40704685424137,"#8B7C78"
"5219205336_1","5219205336_1.png",1,0.6054,70.0270428148375,-2.12868395275446,-2.00100124424197,"#A5ACAF"
"5219205336_1","5219205336_1.png",2,0.3946,52.1087979260781,-1.32246502815964,-1.80702930816593,"#787D7F"
"5219205336_2","5219205336_2.png",1,0.63,70.4092450961734,-1.58788751183076,-4.6365621665413,"#A5ADB4"
"5219205336_2","5219205336_2.png",2,0.37,50.2262359805093,-1.25694179914599,-5.35875091737814,"#717980"
"5219224467_1","5219224467_1.png",1,0.6434,70.0562151337004,2.39184826535916,8.37604628514973,"#B6A99C"
"5219224467_1","5219224467_1.png",2,0.3566,50.7518918108966,5.76836418280147,13.603663334476,"#8B7562"
"5219224467_2","5219224467_2.png",1,0.538,71.3109691889152,0.360174713908427,0.644067908339277,"#B0AEAD"
"5219224467_2","5219224467_2.png",2,0.462,57.2703319779849,1.80534862388847,2.0473335597074,"#8E8886"
"5219234396_1","5219234396_1.png",1,0.5502,75.7280274066997,4.98461753215601,-3.66861571453719,"#C1B8C1"
"5219234396_1","5219234396_1.png",2,0.4498,51.2966072961617,9.70851581665372,-7.1164734929447,"#867586"
"5219234396_2","5219234396_2.png",1,0.5838,75.9795843110935,8.26523302818878,-6.86801302652112,"#C5B7C8"
"5219234396_2","5219234396_2.png",2,0.4162,46.2396074164941,14.3536070249905,-10.5472142073077,"#7E667F"
"5219234396_3","5219234396_3.png",1,0.5488,76.2278567826079,7.91869167507552,-5.47439018935843,"#C6B8C6"
"5219234396_3","5219234396_3.png",2,0.4512,50.0350535087927,12.5011320671002,-8.30796439270365,"#867085"
"5219263474_1","5219263474_1.png",1,0.735,69.2907445495455,-0.286588023985385,-0.248324102887066,"#A8A9AA"
"5219263474_1","5219263474_1.png",2,0.265,42.1394307845234,0.335718633097204,1.68136209690283,"#656361"
"5219263474_2","5219263474_2.png",1,0.7424,67.5078108665683,0.500712879464665,-1.1736438999975,"#A4A4A6"
"5219263474_2","5219263474_2.png",2,0.2576,32.9571857113026,0.949347630138919,3.73715705549829,"#524D48"
"5219316458_1","5219316458_1.png",1,0.7986,65.9422265745499,1.19900326821026,0.885707134228284,"#A39F9F"
"5219316458_1","5219316458_1.png",2,0.2014,46.4543286780851,1.37014696189758,0.683206527234997,"#716D6D"
"5219316458_2","5219316458_2.png",1,0.7184,68.5313164242104,-0.0235173169183545,-0.170183768791669,"#A7A7A7"
"5219316458_2","5219316458_2.png",2,0.2816,44.1384718196346,0.75302529160074,2.85873315959149,"#6C6864"
"5219319352_1","5219319352_1.png",1,0.6614,69.0785139746919,0.135613046657005,-1.81311101602778,"#A7A9AC"
"5219319352_1","5219319352_1.png",2,0.3386,45.7725109272176,2.20269833634991,-1.96357279005923,"#6F6B70"
"5219319352_2","5219319352_2.png",1,0.6256,70.6616905588839,-0.312957626470466,-1.4989503531013,"#ABADB0"
"5219319352_2","5219319352_2.png",2,0.3744,50.9244968008194,1.33166650456157,-0.747369074475856,"#7B797B"
"5219319352_3","5219319352_3.png",1,0.601,71.5272393864785,-0.0866290685754715,-0.779993582566571,"#AEAFB1"
"5219319352_3","5219319352_3.png",2,0.399,51.4292725686125,2.32094584713124,0.584015576403496,"#7F797A"
"5219319352_4","5219319352_4.png",1,0.6922,68.2700767832965,-0.069975580447407,-1.90199391217541,"#A5A7AA"
"5219319352_4","5219319352_4.png",2,0.3078,49.1611412494754,1.39635014390171,-3.67432797699266,"#74747B"
"5219327343_1","5219327343_1.png",1,0.5034,78.0982760126311,-1.13794020209771,-0.477874642000733,"#BEC2C2"
"5219327343_1","5219327343_1.png",2,0.4966,50.7233851900972,-0.522055995613842,-0.475918828731647,"#77797A"
"5219382372_1","5219382372_1.png",1,0.5222,52.2760893641682,3.59318181595627,20.1992086576931,"#8F7A5A"
"5219382372_1","5219382372_1.png",2,0.4778,80.7258204754081,2.19251785975444,13.0839800231183,"#D6C6B0"
"5219412384_1","5219412384_1.png",1,0.7388,68.1826092176491,1.65637759874923,1.95542672320721,"#ABA5A3"
"5219412384_1","5219412384_1.png",2,0.2612,47.8299786490337,2.19695939553252,4.52176612582595,"#78706A"
"5219414416_1","5219414416_1.png",1,0.59,51.7368092936617,1.42241774442282,0.282901118715856,"#7E7A7B"
"5219414416_1","5219414416_1.png",2,0.41,86.1442577913877,4.83835432834047,3.18039463085022,"#E3D4D2"
"5219414416_2","5219414416_2.png",1,0.648,61.2953535722046,1.87008281379251,-0.348671788104549,"#979395"
"5219414416_2","5219414416_2.png",2,0.352,73.6680855864936,2.34367631036338,-1.34213844911951,"#B8B4B7"
"5230083305_1","5230083305_1.png",1,0.7542,66.662129451945,0.893682922690662,1.02625023624535,"#A5A2A0"
"5230083305_1","5230083305_1.png",2,0.2458,49.909512049871,1.91096312606418,2.40919205409503,"#7C7573"
"5230476693_1","5230476693_1.png",1,0.5862,74.7512325329925,0.917251484610823,4.0236174524061,"#BDB7B1"
"5230476693_1","5230476693_1.png",2,0.4138,45.5244720415203,1.18672979032929,11.7267680578243,"#756A58"
"5230476693_2","5230476693_2.png",1,0.6058,57.634608399063,-0.110137454528529,9.48410350271007,"#918A7A"
"5230476693_2","5230476693_2.png",2,0.3942,86.2574175333394,1.55396803144414,3.69534151912209,"#DED7D1"
"5230476693_3","5230476693_3.png",1,0.56,57.4512689544275,-0.131140240802601,5.61074938485069,"#8E8A80"
"5230476693_3","5230476693_3.png",2,0.44,78.2498227676037,1.26369092795523,3.24600855488826,"#C7C1BC"
"5230486727_1","5230486727_1.png",1,0.5098,81.0105369324544,-2.11813357532514,-1.14129009943953,"#C4CACB"
"5230486727_1","5230486727_1.png",2,0.4902,47.8969184708741,-4.32119867572652,-1.12743715906971,"#697473"
"5230714712_1","5230714712_1.png",1,0.5948,74.0765200935219,0.225551786036466,5.44963456796599,"#BBB6AC"
"5230714712_1","5230714712_1.png",2,0.4052,45.8090815353245,2.42396387804774,2.36899278663882,"#726B69"
"5230902787_1","5230902787_1.png",1,0.5852,58.2734958793472,-1.27136917328843,0.531004562712148,"#8A8D8B"
"5230902787_1","5230902787_1.png",2,0.4148,78.7968716681513,-1.41644431770065,1.08177671950207,"#C1C4C1"
"5230958326_1","5230958326_1.png",1,0.5552,76.3096287273608,2.28791336525056,4.05375834086866,"#C4BBB5"
"5230958326_1","5230958326_1.png",2,0.4448,44.7226941152037,4.0041172173398,-0.784393018480806,"#70686B"
"5230958326_2","5230958326_2.png",1,0.607,73.0862946435207,2.06666086518285,7.0832237708404,"#BDB2A7"
"5230958326_2","5230958326_2.png",2,0.393,44.2797875106031,3.43638165182666,6.66054039114465,"#73665E"
"5231249032_1","5231249032_1.png",1,0.5228,76.1095636318097,-0.623727529460605,8.72935805571294,"#C1BBAC"
"5231249032_1","5231249032_1.png",2,0.4772,52.8348778532278,1.21801762344079,14.8892136212229,"#8A7D65"
"5231353998_1","5231353998_1.png",1,0.525,75.9243680365715,-0.59463075685853,8.73620599471038,"#C1BBAB"
"5231353998_1","5231353998_1.png",2,0.475,53.2541331808441,1.19132155049216,14.777282909412,"#8B7E66"
"5231433128_1","5231433128_1.png",1,0.5158,73.5469049614795,-4.59086547713303,3.94963509444525,"#AFB7AD"
"5231433128_1","5231433128_1.png",2,0.4842,56.527605226663,-5.88282213109156,6.81790660810371,"#828A7C"
"5231547921_1","5231547921_1.png",1,0.5618,49.8589394322545,-2.09554726959826,-1.01833592799654,"#727878"
"5231547921_1","5231547921_1.png",2,0.4382,86.5761288428485,-1.09885593445514,-1.45319581077825,"#D5D9DB"
"5231773059_1","5231773059_1.png",1,0.566,75.0597268828767,-0.573550334355128,0.352647101851346,"#B8B9B8"
"5231773059_1","5231773059_1.png",2,0.434,50.6719070919169,-0.22303183435488,0.352340558888406,"#787978"
"5231773059_2","5231773059_2.png",1,0.6538,72.5343811135289,0.431916038453048,0.0800498847665253,"#B3B2B2"
"5231773059_2","5231773059_2.png",2,0.3462,44.3400395349868,1.63160004512897,-1.61675613450812,"#6A686C"
"5231773059_3","5231773059_3.png",1,0.657,70.3337599932167,-0.515318108467652,0.317366666312559,"#ABACAB"
"5231773059_3","5231773059_3.png",2,0.343,47.9747949621045,-0.216641085455196,1.68095869058209,"#73726F"
"5231773059_4","5231773059_4.png",1,0.5562,74.271822026501,-0.513091395736828,0.145251316604085,"#B6B7B6"
"5231773059_4","5231773059_4.png",2,0.4438,52.4536597668419,-0.0790548702159526,-0.139001443977186,"#7D7D7D"
"5231773059_5","5231773059_5.png",1,0.538461538461538,69.0031744143124,-0.611508183361572,-0.0857853094605108,"#A7A9A9"
"5231773059_5","5231773059_5.png",2,0.461538461538462,60.3962886658196,-0.452633276254326,0.728014981852345,"#919290"
"5234179485_1","5234179485_1.png",1,0.7482,67.0414352613185,-0.525421338601399,0.640471789415074,"#A3A3A2"
"5234179485_1","5234179485_1.png",2,0.2518,32.4170109435057,1.00177149019402,1.90218892786101,"#4F4C49"
"5237765054_1","5237765054_1.png",1,0.5268,55.2614636751447,0.330375296686942,0.812455983142451,"#868483"
"5237765054_1","5237765054_1.png",2,0.4732,75.7611479300609,0.0355106140961227,0.792322201843955,"#BBBBB9"
"5237765054_2","5237765054_2.png",1,0.5088,75.3440565809626,-0.0867190860295826,0.641156478020789,"#BABAB8"
"5237765054_2","5237765054_2.png",2,0.4912,54.9122927857525,0.465731393428022,0.891907422318524,"#858382"
"5237765054_3","5237765054_3.png",1,0.5108,55.4496764282267,0.497388304517235,0.875069080603971,"#868483"
"5237765054_3","5237765054_3.png",2,0.4892,74.7729736890347,0.110948634339357,0.841442833290437,"#B9B8B6"
"5237887907_1","5237887907_1.png",1,0.6798,72.7093823523287,2.05956786073398,-2.37209580184217,"#B4B1B7"
"5237887907_1","5237887907_1.png",2,0.3202,40.0592723936472,4.34190884876096,-3.35398197050506,"#635C64"
"5237988830_1","5237988830_1.png",1,0.795825179386823,66.6111873064072,1.32350928114167,5.20139967388953,"#A8A199"
"5237988830_1","5237988830_1.png",2,0.204174820613177,32.353106838631,2.65099055302283,10.8621604615759,"#574A3B"
"5237988830_2","5237988830_2.png",1,0.7168,69.5028018772743,1.4780545114754,9.11306406721143,"#B3A899"
"5237988830_2","5237988830_2.png",2,0.2832,46.7597481657544,2.9903389748609,15.1000006960048,"#7D6C56"
"5238097172_1","5238097172_1.png",1,0.7162,72.2462507950453,-1.69808705284613,8.21188155112303,"#B4B2A2"
"5238097172_1","5238097172_1.png",2,0.2838,12.8400015956808,8.32586142452166,-1.93479005094254,"#2B1D24"
"5238451703_1","5238451703_1.png",1,0.7586,65.3518096568934,0.906647607981965,0.561513335885288,"#A19E9E"
"5238451703_1","5238451703_1.png",2,0.2414,51.9917912654936,2.13773195259829,4.56546958192842,"#837A74"
"5282143943_1","5282143943_1.png",1,0.5078,47.924060712529,0.247473378884328,9.90884027010651,"#797161"
"5282143943_1","5282143943_1.png",2,0.4922,84.220468688876,-1.23135382806687,2.77702838844295,"#D2D3CD"
"5282403850_1","5282403850_1.png",1,0.5946,58.2033609457862,-4.62952432492825,26.9268428535561,"#958D5C"
"5282403850_1","5282403850_1.png",2,0.4054,81.6669627880894,-2.09073784954392,5.95981314203652,"#CCCCC0"
"5282403850_2","5282403850_2.png",1,0.6962,65.5959368912706,-2.68781160453475,36.8194511065292,"#B09F5C"
"5282403850_2","5282403850_2.png",2,0.3038,67.6791280517656,-4.92214425938854,20.8649282341565,"#AAA67F"
"5282412860_1","5282412860_1.png",1,0.6824,58.3225513118123,6.93850078658829,2.5637741801604,"#9A8888"
"5282412860_1","5282412860_1.png",2,0.3176,92.2475740404001,2.30534338660192,0.559234689513953,"#EEE7E8"
"5282692994_1","5282692994_1.png",1,0.61685667752443,76.8803676744157,1.75206473583108,5.90315042544565,"#C6BCB3"
"5282692994_1","5282692994_1.png",2,0.38314332247557,39.1730172956096,5.06050695384397,14.0441584416392,"#6C5946"
"5282692994_2","5282692994_2.png",1,0.731132075471698,67.8822901217188,-0.359445136443916,-0.540691988564657,"#A4A6A6"
"5282692994_2","5282692994_2.png",2,0.268867924528302,37.5862177730321,0.241998358661814,-0.769289374945216,"#58585A"
"5283331151_1","5283331151_1.png",1,0.575,60.1361784539278,10.3628282881501,8.96648344290629,"#A98A82"
"5283331151_1","5283331151_1.png",2,0.425,73.1418613190846,8.48854358144229,9.51956076107158,"#CAAEA3"
"5283425387_1","5283425387_1.png",1,0.552,76.0942248273811,-0.715234886110229,0.639070124224142,"#BBBCBA"
"5283425387_1","5283425387_1.png",2,0.448,42.4016340952053,0.4013574708152,7.51854586019741,"#6A6358"
"5288724742_1","5288724742_1.png",1,0.6418,72.0333488406148,4.4701280602045,4.741607952628,"#BDAEA8"
"5288724742_1","5288724742_1.png",2,0.3582,46.8317413075282,5.8311654763904,3.53966151566689,"#7B6C69"
"5288727788_1","5288727788_1.png",1,0.6398,72.0276689363263,4.4580367815201,4.76156450030822,"#BDAEA8"
"5288727788_1","5288727788_1.png",2,0.3602,47.160476820183,5.7514571123774,3.57898534970303,"#7C6C6A"
"5288728243_1","5288728243_1.png",1,0.6718,71.3342356052967,4.51061527184711,4.73482609604598,"#BBACA6"
"5288728243_1","5288728243_1.png",2,0.3282,45.2761505353431,6.07651657210259,3.6313338503044,"#786865"
"5292011687_1","5292011687_1.png",1,0.515,52.8243913544756,2.77204961027313,3.28533143006632,"#857C79"
"5292011687_1","5292011687_1.png",2,0.485,80.1187112795108,0.563681578173423,-0.380913594961852,"#C7C6C7"
"5292045292_1","5292045292_1.png",1,0.7824,67.0682906148898,0.142434023242266,4.83658618748742,"#A7A39B"
"5292045292_1","5292045292_1.png",2,0.2176,43.1416411885739,1.76418478880553,11.3496032473418,"#706453"
"5292169546_1","5292169546_1.png",1,0.549,75.2948613176827,0.297054021229434,3.45917702599315,"#BDB9B3"
"5292169546_1","5292169546_1.png",2,0.451,50.5610526678985,1.34605630925605,7.41278214833676,"#80776C"
"5292169546_2","5292169546_2.png",1,0.5344,76.6579716694325,-0.376871764155622,3.40347988135115,"#BFBDB7"
"5292169546_2","5292169546_2.png",2,0.4656,50.6069461597661,0.31561346434611,8.66310016612193,"#7F786A"
"5292169546_3","5292169546_3.png",1,0.5106,53.8972204777362,0.916166979185305,4.63934064690527,"#868079"
"5292169546_3","5292169546_3.png",2,0.4894,77.3968588703282,0.279953471296617,4.11231241367914,"#C3BFB8"
"5292169546_4","5292169546_4.png",1,0.5926,73.2350458830219,0.316895100786407,3.54562327711856,"#B7B3AD"
"5292169546_4","5292169546_4.png",2,0.4074,49.5893178578607,1.5350928460906,4.85531307054477,"#7C756E"
"5292441114_1","5292441114_1.png",1,0.7164,58.0492669469145,0.328222287018629,3.93613246103927,"#8F8B85"
"5292441114_1","5292441114_1.png",2,0.2836,85.7292428959666,-2.9025380097442,-1.80994571011276,"#CFD8DA"
"5292519006_1","5292519006_1.png",1,0.53,78.037136328768,0.740367840639233,1.50057613828022,"#C4C0BE"
"5292519006_1","5292519006_1.png",2,0.47,48.7104849489539,1.72187774990261,1.75482488582437,"#787371"
"5292956216_1","5292956216_1.png",1,0.5766,70.1170478871577,3.80097601825911,12.106541240472,"#BBA896"
"5292956216_1","5292956216_1.png",2,0.4234,56.3804877402575,3.74570378869366,10.8296696076901,"#958475"
"5292956216_2","5292956216_2.png",1,0.534,71.2184653072438,3.29999773540405,12.283385072027,"#BDAC98"
"5292956216_2","5292956216_2.png",2,0.466,57.0589329108916,3.49031892889406,12.8852571703713,"#988673"
"5292956216_3","5292956216_3.png",1,0.6142,70.3088934735062,2.84225387652882,17.6609103048296,"#BDA98C"
"5292956216_3","5292956216_3.png",2,0.3858,56.0523539145916,3.10164229183405,26.848543597435,"#9B8358"
"5292956216_4","5292956216_4.png",1,0.5368,70.580286018323,2.57607190173111,9.91963901587505,"#B9AA9B"
"5292956216_4","5292956216_4.png",2,0.4632,57.8107924821634,2.72460913099702,9.50127545113061,"#96897B"
"5292956216_5","5292956216_5.png",1,0.5296,70.2840371310321,2.72308802308198,9.32983184138703,"#B8AA9B"
"5292956216_5","5292956216_5.png",2,0.4704,58.0202312094078,3.12753404049012,9.40520542590644,"#98897B"
"5292956216_6","5292956216_6.png",1,0.5124,58.2098459097819,3.42043350757741,13.2985992190268,"#9B8975"
"5292956216_6","5292956216_6.png",2,0.4876,71.9248392920563,3.81800713921545,13.0006566865065,"#C1AD99"
"5293136705_1","5293136705_1.png",1,0.5296,79.0593172909589,-0.987949454414149,-0.420571650487372,"#C1C4C4"
"5293136705_1","5293136705_1.png",2,0.4704,46.1312552441207,-0.778175871317994,0.31899754793705,"#6C6E6D"
"5293163515_1","5293163515_1.png",1,0.5212,79.0726332392857,3.80827199145748,0.251894335508857,"#CBC1C3"
"5293163515_1","5293163515_1.png",2,0.4788,47.748067658098,0.351287000117619,5.58858851663409,"#767168"
"5759582337_1","5759582337_1.png",1,0.5388,51.8470355110396,1.00440108185744,10.0719289059723,"#847A6B"
"5759582337_1","5759582337_1.png",2,0.4612,84.3151358230268,0.236151891442925,3.83807489985144,"#D6D2CB"
"5759606962_1","5759606962_1.png",1,0.5164,74.5713742526365,2.31238764542884,5.9950983997887,"#C1B6AD"
"5759606962_1","5759606962_1.png",2,0.4836,54.3418460165371,4.42316069341502,11.895581309187,"#917F6E"
"5759606962_2","5759606962_2.png",1,0.5534,71.239923933831,2.43151194653357,7.41740124063165,"#B9ACA1"
"5759606962_2","5759606962_2.png",2,0.4466,55.4563682396722,4.38988032063943,13.2853758442092,"#95816E"
"5759633295_1","5759633295_1.png",1,0.6126,73.0690524154318,-0.56951714859324,6.57269112243624,"#B7B3A7"
"5759633295_1","5759633295_1.png",2,0.3874,46.5372231386283,0.555813852088885,6.5359100850258,"#746E63"
"5759633295_2","5759633295_2.png",1,0.5406,73.6136346860692,0.646680535241083,-0.553484308166448,"#B6B4B6"
"5759633295_2","5759633295_2.png",2,0.4594,53.3971027992721,1.20072342684985,-2.72027020686664,"#7F7F84"
"5759704069_1","5759704069_1.png",1,0.5082,51.4521920393945,3.28577204314516,13.5778154175922,"#897864"
"5759704069_1","5759704069_1.png",2,0.4918,80.241955050959,0.817323806761053,6.96766063807434,"#CEC6BA"
"5759760838_1","5759760838_1.png",1,0.5116,78.1502073829351,5.95455556545212,11.4116686544299,"#D5BDAC"
"5759760838_1","5759760838_1.png",2,0.4884,48.5686215292739,9.9573787344538,17.0379649907443,"#8D6D57"
"5759760838_2","5759760838_2.png",1,0.503,56.9427384449955,0.215616422350025,29.0205843353337,"#9A8756"
"5759760838_2","5759760838_2.png",2,0.497,73.6840002192835,1.57113655329492,14.3289335551861,"#C2B39B"
"5759909003_1","5759909003_1.png",1,0.500444444444444,50.3423195798577,0.143686126605142,-10.0360112263976,"#6F7889"
"5759909003_1","5759909003_1.png",2,0.499555555555556,79.7856919841548,-0.103660309578516,-8.0715116981446,"#BEC6D5"
"5759909003_2","5759909003_2.png",1,0.5424,78.4122696112733,1.27062656696614,2.36244385423461,"#C6C1BE"
"5759909003_2","5759909003_2.png",2,0.4576,47.4770059041815,3.33915389678723,1.77680788240549,"#786F6E"
"5759909003_3","5759909003_3.png",1,0.5174,79.6412468275401,0.0637459262705324,-0.87341702357526,"#C5C5C7"
"5759909003_3","5759909003_3.png",2,0.4826,47.731801771237,1.43129930997611,-0.0456617958801839,"#747071"
"5759909003_4","5759909003_4.png",1,0.6538,58.3231132878156,-0.425676972782362,-2.54157826028433,"#898D91"
"5759909003_4","5759909003_4.png",2,0.3462,86.2466200248675,0.781285543795662,-1.58761377178564,"#D8D7DB"
"5760071696_1","5760071696_1.png",1,0.774774774774775,65.3219991884576,-8.0739365331212,13.3933195641054,"#9AA286"
"5760071696_1","5760071696_1.png",2,0.225225225225225,55.9260069562197,-11.5450267360568,20.6122931268523,"#7F8B62"
"5760071696_2","5760071696_2.png",1,0.545833333333333,65.8049467298272,-7.82487491345458,12.7823993387567,"#9BA389"
"5760071696_2","5760071696_2.png",2,0.454166666666667,63.9030244584401,-8.74100296491527,14.4354483548302,"#959F81"
"5760130498_1","5760130498_1.png",1,0.515,81.0130887273008,1.75719050957745,3.71359231481515,"#D0C8C2"
"5760130498_1","5760130498_1.png",2,0.485,48.1266061808146,2.22980509228497,4.28328498790387,"#79716B"
"5760193419_1","5760193419_1.png",1,0.7838,68.368825292231,3.63989156463884,-5.06096648300119,"#A9A5B0"
"5760193419_1","5760193419_1.png",2,0.2162,43.7188000228391,6.63936405095903,-8.18434644221571,"#6C6475"
"5760311548_1","5760311548_1.png",1,0.571,75.6481758596541,2.57664206091203,5.5665696041907,"#C4B8B0"
"5760311548_1","5760311548_1.png",2,0.429,46.0227098984753,3.38963653974501,6.04597351364916,"#776B63"
"5760311548_2","5760311548_2.png",1,0.6132,72.7300027947041,3.097761154383,6.09856710959994,"#BDB0A7"
"5760311548_2","5760311548_2.png",2,0.3868,48.8113862532988,4.63868283979039,8.76701498103158,"#827165"
"5760311548_3","5760311548_3.png",1,0.5256,76.1859795318731,2.05613815507092,5.8038175104925,"#C4BAB1"
"5760311548_3","5760311548_3.png",2,0.4744,51.8268426258328,2.68719090033343,5.11824464027448,"#847A73"
"5760352527_1","5760352527_1.png",1,0.5532,82.3307933246414,-0.567846074316808,-0.587114147483419,"#CBCDCE"
"5760352527_1","5760352527_1.png",2,0.4468,37.8529864960105,2.80327681446089,-0.900997151688284,"#5D585B"
"5760376449_1","5760376449_1.png",1,0.5418,81.162531205979,1.27677617621764,1.98447847405319,"#CEC9C6"
"5760376449_1","5760376449_1.png",2,0.4582,43.8283479881792,5.4314977322862,5.76533130861972,"#74645E"
"5760376449_2","5760376449_2.png",1,0.5382,78.2243282942759,-6.41319285076524,7.51016279838543,"#BBC5B3"
"5760376449_2","5760376449_2.png",2,0.4618,44.4806595420767,-7.29427904657739,11.9249429076035,"#656C55"
"5760542413_1","5760542413_1.png",1,0.7224,69.3436352890481,0.420043245922442,-1.13823693234208,"#A9A9AB"
"5760542413_1","5760542413_1.png",2,0.2776,40.4000572687305,1.8646873525044,-1.67222953956038,"#615E62"
"5760752381_1","5760752381_1.png",1,0.7486,67.8230158670906,0.625929488340667,2.73612166035827,"#A9A5A0"
"5760752381_1","5760752381_1.png",2,0.2514,37.335473988136,2.03996032297103,8.14231456318784,"#60564B"
"5760752381_2","5760752381_2.png",1,0.7508,67.9935606149384,-1.06702989420322,-3.45893345453465,"#A1A7AC"
"5760752381_2","5760752381_2.png",2,0.2492,36.4391857304275,1.2837177578359,-0.315698935322911,"#585556"
"5760752381_3","5760752381_3.png",1,0.6762,69.2972663033539,0.68226747702595,2.4549301576225,"#ACA9A5"
"5760752381_3","5760752381_3.png",2,0.3238,32.5285929784533,4.50828919847012,10.1735604464722,"#594A3D"
"5760752381_4","5760752381_4.png",1,0.829,65.7303586868115,1.31879306085798,2.76052922907957,"#A49F9B"
"5760752381_4","5760752381_4.png",2,0.171,45.9345777233281,2.48845787770962,4.75549225632023,"#746B65"
"5760924342_1","5760924342_1.png",1,0.6388,73.4089634158584,0.435725600857176,-3.75268036338268,"#B2B4BB"
"5760924342_1","5760924342_1.png",2,0.3612,45.1815270208702,1.79811974542915,-4.62756696407252,"#6A6A73"
"5760924342_2","5760924342_2.png",1,0.734,67.6189669756905,2.93757643594993,14.503312827192,"#B4A28B"
"5760924342_2","5760924342_2.png",2,0.266,46.4908982540287,5.5085057866881,9.91171476132489,"#7E6A5E"
"5760924342_3","5760924342_3.png",1,0.7426,66.7264744930089,2.08695431496676,8.77231089960853,"#ADA093"
"5760924342_3","5760924342_3.png",2,0.2574,50.6596091204233,5.94076963141894,13.4868041423123,"#8B7462"
"5761065861_1","5761065861_1.png",1,0.582,54.7315055365995,6.88299336970943,8.56342889357041,"#957E75"
"5761065861_1","5761065861_1.png",2,0.418,87.9444411001229,9.93477779707299,13.1984138016466,"#F9D5C4"
"5761065861_2","5761065861_2.png",1,0.5226,49.6775895110426,10.3669909361984,10.1287670261484,"#8E6F65"
"5761065861_2","5761065861_2.png",2,0.4774,84.1329860477285,9.19738368693923,9.00889426394567,"#EACBC1"
"5761065861_3","5761065861_3.png",1,0.5204,52.7980765633464,13.8044806451817,16.117850215367,"#9E7563"
"5761065861_3","5761065861_3.png",2,0.4796,78.4105030495525,8.96050255113681,10.3921480674859,"#DABCAF"
"5761065861_4","5761065861_4.png",1,0.5162,77.4188030577875,9.407119821442,11.242779702746,"#D9B9AB"
"5761065861_4","5761065861_4.png",2,0.4838,50.7627529946053,13.5583936528044,16.0057265202469,"#98705E"
"5761163917_1","5761163917_1.png",1,0.6264,72.4255466345923,-1.09799995252445,-3.72618579082441,"#ACB3B8"
"5761163917_1","5761163917_1.png",2,0.3736,40.9875929462239,0.983451928875404,1.1184994537873,"#63605F"
"5761163917_2","5761163917_2.png",1,0.6538,71.5224654632359,0.776937939226193,7.82690171861704,"#B7AEA1"
"5761163917_2","5761163917_2.png",2,0.3462,42.588592453861,1.79180078780852,9.35283468946186,"#6E6355"
"5761163917_3","5761163917_3.png",1,0.582,75.5290312599801,0.730038648877318,6.95033083164433,"#C1B9AD"
"5761163917_3","5761163917_3.png",2,0.418,45.000308873262,1.44350212503307,9.44193115753849,"#73695B"
"5762091731_1","5762091731_1.png",1,0.565,71.0015282134291,1.26630024619628,3.37408321343606,"#B3ADA8"
"5762091731_1","5762091731_1.png",2,0.435,55.7646516274906,1.13371165204834,-0.654000885456068,"#878587"
"5762191385_1","5762191385_1.png",1,0.5236,79.1875673780803,1.62513141111382,3.29008073876208,"#CAC3BE"
"5762191385_1","5762191385_1.png",2,0.4764,47.6511176191158,2.53499116334021,5.15239353346979,"#796F69"
"5827391035_1","5827391035_1.png",1,0.6834,70.0448377224398,1.89348097434847,-3.5325106079582,"#ACAAB2"
"5827391035_1","5827391035_1.png",2,0.3166,42.1041435299921,4.4610264883597,-4.15507785859414,"#68616A"
"5827406270_1","5827406270_1.png",1,0.5494,75.2961227794535,-1.24224071096124,0.718567464772952,"#B8BAB8"
"5827406270_1","5827406270_1.png",2,0.4506,49.4663032015909,-1.38691565208306,1.25173480453326,"#747673"
"5827501347_1","5827501347_1.png",1,0.691,71.1028829036671,1.92745666430161,0.753736120894248,"#B2ADAD"
"5827501347_1","5827501347_1.png",2,0.309,29.8636706855284,6.06695516900085,1.54077718264958,"#514344"
"5827566716_1","5827566716_1.png",1,0.5744,75.2746780338574,-0.723393949015434,3.4355294239905,"#BBBAB3"
"5827566716_1","5827566716_1.png",2,0.4256,44.6572155727839,-2.35299853478496,5.01460493281451,"#696B61"
"5827566716_2","5827566716_2.png",1,0.6044,74.3231635703302,-0.377337585221076,2.51245420011456,"#B8B7B2"
"5827566716_2","5827566716_2.png",2,0.3956,39.684588013152,-1.78980286308718,4.65241125350972,"#5E5E56"
"5827566716_3","5827566716_3.png",1,0.5462,77.967333021238,-0.558091323606343,2.70070400053671,"#C2C1BC"
"5827566716_3","5827566716_3.png",2,0.4538,46.0438524045113,-2.11933729119428,3.99132614925322,"#6C6E66"
"5827566716_4","5827566716_4.png",1,0.5532,77.4002054555003,-0.432687257756161,1.69197609696102,"#C0BFBC"
"5827566716_4","5827566716_4.png",2,0.4468,46.1803004710585,-1.86715892874691,2.38017036249195,"#6C6E69"
"5827567264_1","5827567264_1.png",1,0.8676,64.4134835079298,-3.23653932697634,-7.42669609543054,"#8F9EA9"
"5827567264_1","5827567264_1.png",2,0.1324,73.6576803593366,0.769355477098604,4.31401459583379,"#BAB4AD"
"5827624342_1","5827624342_1.png",1,0.504,75.8256188292639,-0.626827184595677,3.10158573160207,"#BCBBB5"
"5827624342_1","5827624342_1.png",2,0.496,53.8799780851972,-0.0014871813054421,5.54883402745172,"#858077"
"5827626716_1","5827626716_1.png",1,0.598173515981735,61.0575221403029,2.24550689886832,10.7871029357144,"#9F9181"
"5827626716_1","5827626716_1.png",2,0.401826484018265,74.0550956660003,0.867816965293862,6.66159798097057,"#BDB5AA"
"5827935994_1","5827935994_1.png",1,0.5194,85.0445354177156,2.6515378772075,7.51774324568743,"#E0D2C6"
"5827935994_1","5827935994_1.png",2,0.4806,43.7549084739606,2.47269203838714,2.44153976154435,"#6D6663"
"5827942807_1","5827942807_1.png",1,0.533,57.5418185747019,5.35177195199372,14.4297890956961,"#9D8671"
"5827942807_1","5827942807_1.png",2,0.467,73.6907968310858,3.211477533408,12.0605408064355,"#C4B29F"
"5828079267_1","5828079267_1.png",1,0.6082,59.4879625996628,3.16156454695216,12.5236746261627,"#9D8D7A"
"5828079267_1","5828079267_1.png",2,0.3918,76.6706158968458,0.879699298060269,8.22316470544985,"#C5BCAE"
"5828255665_1","5828255665_1.png",1,0.536,56.9275408042391,4.04885359256329,9.21277051176978,"#968679"
"5828255665_1","5828255665_1.png",2,0.464,76.7177821234653,2.49167178132024,7.94129937882738,"#C8BBAF"
"5828264888_1","5828264888_1.png",1,0.532,58.3092116245586,3.17435421071609,12.0780838755338,"#9A8A77"
"5828264888_1","5828264888_1.png",2,0.468,73.3966617556385,1.34044281049957,8.78963752302557,"#BEB3A4"
"5828719974_1","5828719974_1.png",1,0.5086,78.0869100667064,0.408745221085731,7.61643515599741,"#C8C0B3"
"5828719974_1","5828719974_1.png",2,0.4914,51.1141834309089,1.10598087797072,14.40140960126,"#857861"
"5828719974_2","5828719974_2.png",1,0.5804,55.4927777476527,1.63465258111801,12.4272659480252,"#908370"
"5828719974_2","5828719974_2.png",2,0.4196,80.6656279646213,0.473228986164058,7.4186006694612,"#CFC7BA"
"5828719974_3","5828719974_3.png",1,0.553,77.148801093128,0.546277556670186,7.74945456011841,"#C6BEB0"
"5828719974_3","5828719974_3.png",2,0.447,48.399112532039,1.84623902239223,14.1301182008663,"#7F715B"
"5830300429_1","5830300429_1.png",1,0.6066,73.9776031456101,0.725069004381538,5.70553091568872,"#BCB5AB"
"5830300429_1","5830300429_1.png",2,0.3934,46.5406788340489,3.38949761504716,10.524022439374,"#7B6C5D"
"5830391127_1","5830391127_1.png",1,0.6492,69.7873964331737,2.49727456839169,8.46241523513504,"#B5A89B"
"5830391127_1","5830391127_1.png",2,0.3508,49.2456243316268,3.66459028678606,12.716446835502,"#837260"
"5830391127_2","5830391127_2.png",1,0.6168,72.0590184904727,2.33971194104441,8.39857965102289,"#BBAFA1"
"5830391127_2","5830391127_2.png",2,0.3832,47.1873553273024,3.3691843474739,10.6103443684059,"#7C6D5E"
"5830391127_3","5830391127_3.png",1,0.6734,70.9181196306092,2.66476987000832,8.9716874965821,"#B9AB9D"
"5830391127_3","5830391127_3.png",2,0.3266,45.4941616148961,2.94728887711519,9.56802945260961,"#77695C"
"5830391127_4","5830391127_4.png",1,0.6278,71.8191165967684,2.57864496516207,8.83492649249691,"#BBAEA0"
"5830391127_4","5830391127_4.png",2,0.3722,47.2682754944762,2.94979759746216,9.50795122903402,"#7B6E60"
"5830391127_5","5830391127_5.png",1,0.6328,74.1200938821609,2.17349983518067,8.59123977903081,"#C1B4A7"
"5830391127_5","5830391127_5.png",2,0.3672,39.2096413075977,1.00934854431115,6.36833437632299,"#625B52"
"5830391127_6","5830391127_6.png",1,0.594,73.1356376517799,2.54517867156255,8.88096626868584,"#BFB1A4"
"5830391127_6","5830391127_6.png",2,0.406,49.3636696267102,2.16699643829334,8.64590301438692,"#7F7467"
"5830391127_7","5830391127_7.png",1,0.6398,73.6417412796526,1.95144172753902,7.843803726899,"#BFB3A7"
"5830391127_7","5830391127_7.png",2,0.3602,39.2336734930261,1.79001607302453,6.33268305459796,"#645B52"
"5830391127_8","5830391127_8.png",1,0.6428,73.8768856525452,2.26668417864741,8.00159436178587,"#C0B4A7"
"5830391127_8","5830391127_8.png",2,0.3572,32.3073955631977,3.08164495948393,9.44805210666054,"#564A3D"
"5830391127_9","5830391127_9.png",1,0.7032,70.3560445317816,2.49172719867259,8.74003404161183,"#B7AA9C"
"5830391127_9","5830391127_9.png",2,0.2968,36.2474942132567,3.91265436629448,10.9938646348941,"#625344"
"5830494027_1","5830494027_1.png",1,0.5366,81.4646005204631,2.51081791807706,7.44540643767999,"#D5C8BD"
"5830494027_1","5830494027_1.png",2,0.4634,43.9046081750457,4.92251261158715,11.2094732539436,"#776455"
"5830746910_1","5830746910_1.png",1,0.5458,57.279953309267,1.44170611513715,1.43860971297361,"#8D8987"
"5830746910_1","5830746910_1.png",2,0.4542,76.2377873694504,0.48107178308867,-0.0926196847801351,"#BDBCBC"
"5830746910_2","5830746910_2.png",1,0.551,57.4557399278566,2.80004915509651,2.8260574420588,"#918885"
"5830746910_2","5830746910_2.png",2,0.449,75.7967501960927,1.25156257882998,2.46493245156166,"#BFBAB6"
"5830746910_3","5830746910_3.png",1,0.5062,56.157666479615,2.12217921861338,0.0892273817303379,"#8A8587"
"5830746910_3","5830746910_3.png",2,0.4938,74.7535943025719,1.04755003502333,1.55417048670115,"#BBB7B5"
"5830746910_4","5830746910_4.png",1,0.5962,70.9255902961955,0.277203117479042,1.04139527232684,"#AFADAC"
"5830746910_4","5830746910_4.png",2,0.4038,54.1828664672079,1.02643286845901,1.37505715792613,"#84817F"
"5830817017_1","5830817017_1.png",1,0.5688,59.4365324882858,-0.473018218055179,9.9283148266178,"#958F7E"
"5830817017_1","5830817017_1.png",2,0.4312,72.8664909725433,-0.809175262571641,12.0975122677706,"#BAB29D"
"5830853596_1","5830853596_1.png",1,0.7102,70.7387741758462,-0.397206913671672,-0.693270253330486,"#ACADAE"
"5830853596_1","5830853596_1.png",2,0.2898,37.8065859923865,2.08326943204107,-6.05928798469366,"#585863"
"5830868574_1","5830868574_1.png",1,0.5058,77.318215153263,1.62086483582446,9.71701280704673,"#CABDAD"
"5830868574_1","5830868574_1.png",2,0.4942,49.3532193725195,7.02794574802197,16.2107514332018,"#8B705A"
"5830868574_2","5830868574_2.png",1,0.5372,77.692098890492,-0.778572758166849,5.4816839463592,"#C3C0B6"
"5830868574_2","5830868574_2.png",2,0.4628,46.0378937821526,3.60445260011819,12.1461910824987,"#7B6A59"
"5830907674_1","5830907674_1.png",1,0.5826,76.452900157606,4.03842942198549,15.0243561471685,"#CFB9A1"
"5830907674_1","5830907674_1.png",2,0.4174,39.9889283239003,4.26295998009227,8.38309010954293,"#6A5B51"
"5830907674_2","5830907674_2.png",1,0.6218,75.101393540146,4.08070819843301,15.672988939583,"#CCB59C"
"5830907674_2","5830907674_2.png",2,0.3782,37.966546433164,4.36669878236355,10.1320298668722,"#665649"
"5830907674_3","5830907674_3.png",1,0.6116,75.4907334373679,4.64207621645219,16.2004858172297,"#CEB69C"
"5830907674_3","5830907674_3.png",2,0.3884,37.8338539148206,4.93669910894861,8.74985375503373,"#66564B"
"5830907674_4","5830907674_4.png",1,0.5752,77.8474551809619,4.3999827871014,15.2814938413384,"#D4BDA4"
"5830907674_4","5830907674_4.png",2,0.4248,38.9047081458467,7.74099626428033,11.4001952166806,"#6E574A"
"5830907674_5","5830907674_5.png",1,0.515,81.8840452157119,4.13414101771194,16.8803894931771,"#E0C8AC"
"5830907674_5","5830907674_5.png",2,0.485,45.8162168728435,4.96728279203576,9.19103496838126,"#7B695D"
"5830907674_6","5830907674_6.png",1,0.5884,75.5421328704458,3.74925984235216,15.2172199716779,"#CCB79E"
"5830907674_6","5830907674_6.png",2,0.4116,44.213262126111,5.62995548040997,11.0939091820607,"#796556"
"5830907674_7","5830907674_7.png",1,0.572,77.4005904147474,3.70439854738212,14.2895759214927,"#D1BCA5"
"5830907674_7","5830907674_7.png",2,0.428,44.2508683697658,6.12888856592359,10.7862899494892,"#796557"
"5830907674_8","5830907674_8.png",1,0.6304,72.6458657752135,3.69904524271719,15.0833195206078,"#C4AF97"
"5830907674_8","5830907674_8.png",2,0.3696,40.1885253668325,5.9884571497033,11.0256252182227,"#6F5B4D"
"5830907674_9","5830907674_9.png",1,0.6598,73.6693343767768,3.75988716548442,14.4227948683841,"#C6B29B"
"5830907674_9","5830907674_9.png",2,0.3402,33.125840649146,4.08613382716197,9.63981500554807,"#5A4B3F"
"5830953813_1","5830953813_1.png",1,0.6922,72.1086670377049,0.701978976907798,-4.15391941178959,"#AEB1B8"
"5830953813_1","5830953813_1.png",2,0.3078,38.602882400234,2.48505006186733,-6.95689178776564,"#5A5A66"
"5837725160_1","5837725160_1.png",1,0.5318,81.1361952887777,1.47118838724556,11.5605340346915,"#D5C8B4"
"5837725160_1","5837725160_1.png",2,0.4682,43.4762494096122,6.28775363221579,24.1541632599578,"#7D623F"
"5837739671_1","5837739671_1.png",1,0.5138,47.2246471819404,6.72155686297066,14.4007086539755,"#846B58"
"5837739671_1","5837739671_1.png",2,0.4862,84.0692684256521,2.2018998397558,8.29928750050946,"#DDD0C2"
"5837739671_2","5837739671_2.png",1,0.5564,49.7472598939062,6.37294681878849,12.4996079137139,"#897261"
"5837739671_2","5837739671_2.png",2,0.4436,83.2096505970002,2.7394284524967,7.52522147654665,"#DBCDC1"
"5837739671_3","5837739671_3.png",1,0.5348,50.2083400428477,7.52862679486548,14.3827622031641,"#8D725F"
"5837739671_3","5837739671_3.png",2,0.4652,84.6203236216815,6.15752882476604,9.33337507587088,"#E6CFC2"
"5837863600_1","5837863600_1.png",1,0.5072,54.6588955448592,4.17820558602701,9.55846078049134,"#918073"
"5837863600_1","5837863600_1.png",2,0.4928,74.92118038871,2.12414345635255,5.97892352328069,"#C1B7AE"
"5837896803_1","5837896803_1.png",1,0.5956,72.2435314080959,-0.707692046440138,0.158145827277401,"#B0B2B1"
"5837896803_1","5837896803_1.png",2,0.4044,49.6755495447295,-0.854454644279366,3.7620224520586,"#777670"
"5837958843_1","5837958843_1.png",1,0.5134,51.6227148294769,1.48166050175713,-10.0230995910689,"#757B8C"
"5837958843_1","5837958843_1.png",2,0.4866,85.269688685158,1.6475515526366,2.6728763754214,"#DAD4D0"
"5837969866_1","5837969866_1.png",1,0.7024,59.5490189035067,4.00763052571186,8.8632344778898,"#9D8D80"
"5837969866_1","5837969866_1.png",2,0.2976,84.847154519334,5.2007417226495,11.9571431117242,"#E7D0BE"
"5837969866_2","5837969866_2.png",1,0.622,54.6313526692197,8.14688425265397,17.1012435592217,"#9B7D66"
"5837969866_2","5837969866_2.png",2,0.378,88.863415052702,5.04957697757995,11.6838394695151,"#F2DBC9"
"5838155379_1","5838155379_1.png",1,0.5676,79.7828690393542,1.38923026335367,5.73873999409975,"#CDC4BB"
"5838155379_1","5838155379_1.png",2,0.4324,42.3411281730946,9.31118468421921,13.1790715689024,"#7A5E4F"
"5838157443_1","5838157443_1.png",1,0.6298,71.8936116744349,0.602793792565715,0.927471391259227,"#B2B0AF"
"5838157443_1","5838157443_1.png",2,0.3702,43.3176322753789,1.04991288184723,3.81846808547355,"#6B6660"
"5838167452_1","5838167452_1.png",1,0.6862,61.7120865215594,0.207685747665108,4.48485891093468,"#99958D"
"5838167452_1","5838167452_1.png",2,0.3138,85.3639298426406,0.596909600197515,1.14310777851133,"#D7D5D3"
"5840284160_1","5840284160_1.png",1,0.5068,49.3142798551572,1.06843685619406,7.23457266663684,"#7C7469"
"5840284160_1","5840284160_1.png",2,0.4932,80.3519728364701,-0.111375466636888,7.50969254573713,"#CDC7B9"
"5840417724_1","5840417724_1.png",1,0.5206,51.2365601102294,3.75187262754095,10.6082690848065,"#877768"
"5840417724_1","5840417724_1.png",2,0.4794,80.4641938424079,2.54697399931319,13.9408410073039,"#D7C5AE"
"5840417724_2","5840417724_2.png",1,0.5214,52.6212346721042,3.12082727572858,9.9961350229517,"#8A7B6D"
"5840417724_2","5840417724_2.png",2,0.4786,79.8161958103162,1.67769899568243,9.11589585558102,"#D0C4B5"
"5840417724_3","5840417724_3.png",1,0.5096,74.7956794876663,1.67245834489467,7.44838703045617,"#C1B7AB"
"5840417724_3","5840417724_3.png",2,0.4904,52.4406936722042,3.0305467705105,8.05206873399598,"#887B70"
"5840417724_4","5840417724_4.png",1,0.5012,78.6198563785441,2.0543245214114,8.09878045759451,"#CDC1B4"
"5840417724_4","5840417724_4.png",2,0.4988,51.7434900578653,3.19839303555455,9.7158693591267,"#87796B"
"5840885042_1","5840885042_1.png",1,0.6044,74.1512984330916,-0.00494856313894329,1.77447720782245,"#B8B6B3"
"5840885042_1","5840885042_1.png",2,0.3956,45.2350077067048,1.51105086792519,5.90293967207643,"#726A61"
"5843961845_1","5843961845_1.png",1,0.6458,69.9712968083315,-0.876816675212179,-2.37411234856659,"#A7ACAF"
"5843961845_1","5843961845_1.png",2,0.3542,50.9660439594411,1.64485202008237,-4.56121872579538,"#797981"
"5844097974_1","5844097974_1.png",1,0.528,73.3856186749155,2.78270559288625,5.57481361561695,"#BEB2AA"
"5844097974_1","5844097974_1.png",2,0.472,55.1323944968293,4.3715673564326,12.1428669475064,"#94816F"
"5844158665_1","5844158665_1.png",1,0.789,67.1601965927411,0.502520058403769,7.12342586302477,"#AAA397"
"5844158665_1","5844158665_1.png",2,0.211,39.0396236264347,1.62729254161364,9.96411822730881,"#655A4C"
"5844158665_2","5844158665_2.png",1,0.6666,69.5417303099936,1.34372632909827,9.19270419100225,"#B3A899"
"5844158665_2","5844158665_2.png",2,0.3334,47.8377229869116,2.3835293119394,10.4767008936089,"#7C7060"
"5844257660_1","5844257660_1.png",1,0.5576,54.9334214400604,4.27582968173323,-1.06736681586048,"#8A8185"
"5844257660_1","5844257660_1.png",2,0.4424,81.6475348090924,0.712671570223579,1.05396574452121,"#CDCAC9"
"5844276345_1","5844276345_1.png",1,0.7394,67.8674735397682,1.52316618370942,6.60519438683606,"#ADA49A"
"5844276345_1","5844276345_1.png",2,0.2606,19.6804288683494,1.16221593178634,2.37409964229732,"#332F2C"
"5844314007_1","5844314007_1.png",1,0.7674,67.3182751603255,1.15768633050536,6.46337444164165,"#ABA398"
"5844314007_1","5844314007_1.png",2,0.2326,41.99592886776,2.92772311834229,8.21282875214561,"#6D6156"
"5844349928_1","5844349928_1.png",1,0.627,72.0989371054847,-0.741634931721686,-1.63045034413762,"#AEB1B4"
"5844349928_1","5844349928_1.png",2,0.373,46.5633598344815,0.226095882836875,1.47149374126005,"#706E6C"
"5844612873_1","5844612873_1.png",1,0.5618,54.8808348875439,1.78371556251064,2.00123096119717,"#888280"
"5844612873_1","5844612873_1.png",2,0.4382,80.4303783231503,0.704854954887969,1.90514574395746,"#CAC7C4"
"5844612873_2","5844612873_2.png",1,0.793034825870647,69.2757947343273,0.622811020900271,4.1078945092856,"#AEA8A2"
"5844612873_2","5844612873_2.png",2,0.206965174129353,33.7837888926732,4.37565982258506,10.4698080570649,"#5C4D3F"
"5867779150_1","5867779150_1.png",1,0.845,65.3363122843312,0.760210255711192,-1.67891172554317,"#9F9EA2"
"5867779150_1","5867779150_1.png",2,0.155,40.0743239837731,1.7820573640787,2.0752498962198,"#635D5B"
"5867779150_2","5867779150_2.png",1,0.844,65.8503931521797,-0.307974915090627,-0.349540166689374,"#9FA0A1"
"5867779150_2","5867779150_2.png",2,0.156,49.3242056080633,0.422543050480193,1.60854763318913,"#777573"
"5867779150_3","5867779150_3.png",1,0.8912,65.1245025701064,-0.0929619591045133,-0.518370016958802,"#9D9E9F"
"5867779150_3","5867779150_3.png",2,0.1088,46.381759218293,0.761836912029242,1.47707357671019,"#706D6B"
"5867906571_1","5867906571_1.png",1,0.7336,69.9897596623475,0.974592082436666,-7.57127885714421,"#A6ABB9"
"5867906571_1","5867906571_1.png",2,0.2664,38.4378212664012,0.653145563306535,-5.61088384446369,"#575B63"
"5867923553_1","5867923553_1.png",1,0.6584,70.3096800310046,1.81391096582947,-0.208732704019853,"#AFABAC"
"5867923553_1","5867923553_1.png",2,0.3416,45.8652785038641,8.62845451123397,-0.415311146273743,"#7B686E"
"5867923553_2","5867923553_2.png",1,0.748,70.3211038083846,2.40851880730298,-0.432623805675038,"#B0ABAD"
"5867923553_2","5867923553_2.png",2,0.252,37.7415722089741,10.7392191689527,-13.1618944637632,"#60546E"
"5867923553_3","5867923553_3.png",1,0.5152,77.226292815143,2.13329300122209,-7.01012653401938,"#BDBECC"
"5867923553_3","5867923553_3.png",2,0.4848,51.5896330920822,9.10093556941378,-11.7272206859796,"#81778F"
"5867923553_4","5867923553_4.png",1,0.5526,76.7930034395324,1.11205146104794,-7.55201171597116,"#B9BDCB"
"5867923553_4","5867923553_4.png",2,0.4474,48.2089208905923,12.5990258589568,-22.0259330916663,"#756D98"
"5867923553_5","5867923553_5.png",1,0.5174,53.5292197079441,8.4797860437607,-10.7614553598301,"#867C92"
"5867923553_5","5867923553_5.png",2,0.4826,77.6931072320947,3.51963341194015,-5.28916168737323,"#C2BECA"
"5889320980_1","5889320980_1.png",1,0.6428,73.3142115971802,1.53855071880712,7.39142435493515,"#BDB3A7"
"5889320980_1","5889320980_1.png",2,0.3572,46.3583622135601,3.58551470314837,10.2271211492202,"#7A6B5D"
"5889429658_1","5889429658_1.png",1,0.6098,70.9502870488327,-1.35469719864739,5.2987189693202,"#AFAEA4"
"5889429658_1","5889429658_1.png",2,0.3902,52.5514010441146,-0.307655857843712,13.2072303569906,"#867D67"
"5889429658_2","5889429658_2.png",1,0.7202,68.4950562321261,-0.634530068168432,0.168984531270759,"#A6A7A7"
"5889429658_2","5889429658_2.png",2,0.2798,46.6654172616692,-1.00034431572137,2.94959020685808,"#6F6F6A"
"5889556351_1","5889556351_1.png",1,0.6032,61.1446878357265,0.11035549449764,3.59338842313129,"#97938D"
"5889556351_1","5889556351_1.png",2,0.3968,73.7438135303162,0.154280230791719,5.73160530191244,"#BAB5AB"
"5889796279_1","5889796279_1.png",1,0.5018,50.9591939155236,1.60080299716259,2.65370841829693,"#7E7875"
"5889796279_1","5889796279_1.png",2,0.4982,80.16985362882,0.0110007595900118,3.35783159428459,"#CAC7C1"
"5890028920_1","5890028920_1.png",1,0.592,75.2019395629091,2.44001811071937,9.94247654983665,"#C5B7A7"
"5890028920_1","5890028920_1.png",2,0.408,41.8582767374382,0.68957653959951,9.98820532599318,"#6A6252"
"5890057759_1","5890057759_1.png",1,0.6228,72.4546720630332,-1.35973765612547,6.5757924054391,"#B4B2A6"
"5890057759_1","5890057759_1.png",2,0.3772,32.4862784354769,0.0138866130612083,17.43139104323,"#564C31"
"5890324474_1","5890324474_1.png",1,0.5496,59.7685035998597,0.979156614965028,5.03976295848574,"#968F87"
"5890324474_1","5890324474_1.png",2,0.4504,72.1529485485109,0.587214750601205,6.90966261416354,"#B7B0A4"
"5892467579_1","5892467579_1.png",1,0.5298,83.2075393665975,0.355348388828855,8.27751348362111,"#D7CEC0"
"5892467579_1","5892467579_1.png",2,0.4702,40.3919654819909,-1.2610544118367,4.54711454367244,"#606058"
"5892547376_1","5892547376_1.png",1,0.7302,70.8455523567537,-0.63653874429483,4.38843641172877,"#B0ADA5"
"5892547376_1","5892547376_1.png",2,0.2698,30.0872035483078,0.721982112326508,6.20908244087328,"#4C463D"
"5892818497_1","5892818497_1.png",1,0.5998,72.4527533702671,1.13953525705432,-2.69093273311265,"#B2B1B7"
"5892818497_1","5892818497_1.png",2,0.4002,44.5284901095202,1.77216608413662,-5.76305178605151,"#686973"
"5897310089_1","5897310089_1.png",1,0.6832,59.3327487480441,-1.11495656674937,0.3389533575416,"#8D8F8E"
"5897310089_1","5897310089_1.png",2,0.3168,87.2443301444142,-0.821607858152402,5.23649602733431,"#DDDBD1"
"5897367788_1","5897367788_1.png",1,0.7808,65.7951883781087,-0.68922906220367,-4.5937836400238,"#9AA1A8"
"5897367788_1","5897367788_1.png",2,0.2192,21.605781078674,-0.012762334376096,-8.39250134014031,"#2D3440"
"5897374902_1","5897374902_1.png",1,0.6326,73.2881600255458,5.56743414551336,8.36112005295067,"#C4B0A5"
"5897374902_1","5897374902_1.png",2,0.3674,42.2667118674254,10.9624066228037,13.8109889511216,"#7D5D4E"
"5897374902_2","5897374902_2.png",1,0.5582,78.7184645979066,5.50848906780268,7.52476384650571,"#D3BFB5"
"5897374902_2","5897374902_2.png",2,0.4418,45.153264770582,7.166945535368,9.01471007533564,"#7C665C"
"5901248438_1","5901248438_1.png",1,0.6628,71.1393482444637,2.47509220626894,17.0241954312093,"#BFAC8F"
"5901248438_1","5901248438_1.png",2,0.3372,40.7048090829341,9.65409546493503,25.5305824011779,"#7B5936"
"5901248438_2","5901248438_2.png",1,0.525,74.3463237774485,0.0885200299746159,5.30961255430251,"#BBB6AD"
"5901248438_2","5901248438_2.png",2,0.475,53.3006641739467,2.88040393223569,6.94985451765034,"#897D74"
"5902584179_1","5902584179_1.png",1,0.5414,76.0777872824329,1.19784739738363,8.35249287534962,"#C4BAAC"
"5902584179_1","5902584179_1.png",2,0.4586,49.7457727729087,2.98342725374195,15.5529823367887,"#85745C"
"5902584179_2","5902584179_2.png",1,0.5146,52.0596943920483,3.39852760926986,14.594460654471,"#8B7963"
"5902584179_2","5902584179_2.png",2,0.4854,80.0895613701658,0.861121026416531,6.57046332516341,"#CEC6BA"
"5902584179_3","5902584179_3.png",1,0.509,79.799007937733,0.881868242364592,5.87181897137199,"#CCC5BB"
"5902584179_3","5902584179_3.png",2,0.491,51.5936767685276,3.60215558968454,14.2520060987057,"#8A7863"
"5904083348_1","5904083348_1.png",1,0.5154,54.8822454441616,0.719432770570497,1.20092428997388,"#868381"
"5904083348_1","5904083348_1.png",2,0.4846,75.6842306642806,-1.47423970774779,-1.46584211973764,"#B6BBBD"
"5908642857_1","5908642857_1.png",1,0.5228,79.6509898380773,0.115029668999668,3.76886672197501,"#C9C5BE"
"5908642857_1","5908642857_1.png",2,0.4772,48.487519718846,1.2473463356802,4.69139150578956,"#79726B"
"5908939063_1","5908939063_1.png",1,0.7058,69.7482853426644,0.627910736061307,7.71853654806951,"#B1A99D"
"5908939063_1","5908939063_1.png",2,0.2942,40.3909991588827,2.98585162492212,6.92400586658734,"#695D54"
"5909251651_1","5909251651_1.png",1,0.6838,69.140476587649,-1.64747878769442,7.06588896000226,"#ABA99C"
"5909251651_1","5909251651_1.png",2,0.3162,48.4459977490551,1.39218864897392,4.50738445014099,"#79726C"
"5909263547_1","5909263547_1.png",1,0.618068535825545,59.3579404553245,-9.92873749926269,24.5901741345636,"#8D9363"
"5909263547_1","5909263547_1.png",2,0.381931464174455,81.4312083678786,-8.82400148439427,20.6807573712766,"#C9CEA3"
"5909391621_1","5909391621_1.png",1,0.8704,65.4566267873504,2.30655688411217,10.3866944696631,"#AB9D8D"
"5909391621_1","5909391621_1.png",2,0.1296,33.414782148055,5.62291457953644,14.9787735639099,"#5F4B37"
"5909391621_2","5909391621_2.png",1,0.8368,65.7930375926784,1.73730916334638,7.82957629322141,"#A99E92"
"5909391621_2","5909391621_2.png",2,0.1632,28.3050205997368,5.68664360551752,4.44866971062173,"#4E403C"
"5909391621_3","5909391621_3.png",1,0.7722,67.1459261170475,1.18486037710919,11.4737448506485,"#AEA28F"
"5909391621_3","5909391621_3.png",2,0.2278,32.0462140656125,3.06139033727153,14.7476281022272,"#584934"
"5909391621_4","5909391621_4.png",1,0.6694,70.5311023182433,2.16849052732094,10.0535713845386,"#B8AB9A"
"5909391621_4","5909391621_4.png",2,0.3306,33.2956856647849,3.7556706494925,11.4134195511348,"#5B4C3D"
"5909391621_5","5909391621_5.png",1,0.8522,65.1245952428011,1.66772071004686,7.08557890063924,"#A69D92"
"5909391621_5","5909391621_5.png",2,0.1478,28.7421680294971,2.94968169366565,13.49685275904,"#4F422F"
"5920116057_1","5920116057_1.png",1,0.6132,71.2591956463243,3.22306457844324,-0.84724232239043,"#B4ADB0"
"5920116057_1","5920116057_1.png",2,0.3868,48.8611230409237,2.70418750044625,1.63832127572751,"#7A7271"
"5920116057_2","5920116057_2.png",1,0.5222,54.7636886180099,0.742728683250743,0.576692339559805,"#858382"
"5920116057_2","5920116057_2.png",2,0.4778,77.3896354282459,1.68542484750819,-1.30475242368117,"#C1BEC2"
"5920136873_1","5920136873_1.png",1,0.5712,80.3306179224451,1.209567487245,6.31463915736251,"#CFC6BC"
"5920136873_1","5920136873_1.png",2,0.4288,37.6254477786411,3.11761336662436,8.94510729706408,"#63564A"
"5932218748_1","5932218748_1.png",1,0.9212,64.6700866777028,0.548592881601044,1.95085168934989,"#9F9C99"
"5932218748_1","5932218748_1.png",2,0.0788,33.0829544111939,6.12229258011601,2.27183138476072,"#594A4A"
"5935317103_1","5935317103_1.png",1,0.6014,56.4925334263088,-0.401685709302496,5.55512549453722,"#8B877E"
"5935317103_1","5935317103_1.png",2,0.3986,87.7045646461397,-0.252049819766641,1.10850369940042,"#DCDCDA"
"5935381996_1","5935381996_1.png",1,0.5402,74.583653838093,-0.597277832521337,-3.31808128077106,"#B3B8BD"
"5935381996_1","5935381996_1.png",2,0.4598,49.47814284321,0.575449688225819,-2.65865291783377,"#74757A"
"5935381996_2","5935381996_2.png",1,0.5002,77.9105762407341,-0.429909519183314,-7.60632648996195,"#B9C1CF"
"5935381996_2","5935381996_2.png",2,0.4998,52.3306032997158,0.541334032572127,-8.65343479110683,"#767D8C"
"5935395217_1","5935395217_1.png",1,0.5984,70.7660902141262,-4.09063404115528,4.59562178636069,"#A9AFA5"
"5935395217_1","5935395217_1.png",2,0.4016,54.7445336882856,-6.0263899013233,8.35038609489001,"#7E8674"
"5935400144_1","5935400144_1.png",1,0.6128,59.2853700244189,1.24110858556339,0.625859092775016,"#918E8E"
"5935400144_1","5935400144_1.png",2,0.3872,76.7299007209558,1.10690209243332,1.79384318265249,"#C1BDBA"
"5935535087_1","5935535087_1.png",1,0.5776,77.7716504836672,3.34712677702782,0.24203888433021,"#C7BEC0"
"5935535087_1","5935535087_1.png",2,0.4224,42.5575520332043,8.25231788766469,2.39206436778992,"#746061"
"5936002832_1","5936002832_1.png",1,0.5844,56.0851038999645,0.322600525489367,4.93166394522928,"#8B867E"
"5936002832_1","5936002832_1.png",2,0.4156,80.3654831317683,0.511170359656788,5.96801819624574,"#CDC7BC"
"5938311177_1","5938311177_1.png",1,0.573,74.0982369326195,2.33955298893314,0.768024247685267,"#BBB5B5"
"5938311177_1","5938311177_1.png",2,0.427,49.0699677641564,2.66200066091832,4.8802671484612,"#7D736C"
"5938398546_1","5938398546_1.png",1,0.5588,71.2451697357344,1.87039425812872,-0.782371345633269,"#B1ADB0"
"5938398546_1","5938398546_1.png",2,0.4412,54.597016536228,3.26031209182033,0.326709434464028,"#898182"
"5938500810_1","5938500810_1.png",1,0.5008,51.1801093025621,3.09345503033872,1.53900367145494,"#807877"
"5938500810_1","5938500810_1.png",2,0.4992,79.080390760168,1.35305080037636,0.0957335366023031,"#C7C3C4"
"6129963470_1","6129963470_1.png",1,0.6444,71.1283866304162,0.534628138601433,1.69409407076268,"#B0AEAB"
"6129963470_1","6129963470_1.png",2,0.3556,48.2503294004286,0.750912684285811,6.45399607896986,"#787268"
"6130018268_1","6130018268_1.png",1,0.748,69.2755303416237,0.425211558186344,1.09582322310846,"#ABA9A7"
"6130018268_1","6130018268_1.png",2,0.252,40.5570791804555,0.813118745117546,-0.405009419386033,"#615F60"
"6130158334_1","6130158334_1.png",1,0.7088,70.6041206808733,2.54317183434224,9.75361843968647,"#B9AB9B"
"6130158334_1","6130158334_1.png",2,0.2912,35.2064189616704,3.11438649120533,10.3886145374393,"#5E5142"
"6130182430_1","6130182430_1.png",1,0.666,71.2334142367774,0.700364914334894,7.95377647994437,"#B6ADA0"
"6130182430_1","6130182430_1.png",2,0.334,45.6278474744403,3.0958384789703,18.3598074655003,"#7C694E"
"6131109270_1","6131109270_1.png",1,0.622,74.1568567970676,0.266952550095553,3.47510196112982,"#BAB6B0"
"6131109270_1","6131109270_1.png",2,0.378,44.5778741429748,2.02248055255896,7.4445667883855,"#72685D"
"6131161103_1","6131161103_1.png",1,0.5578,75.4279352369947,2.08306640023335,12.919601434856,"#C7B8A2"
"6131161103_1","6131161103_1.png",2,0.4422,49.4784136690915,2.9568323476163,14.306968428845,"#84735E"
"6131161103_2","6131161103_2.png",1,0.522,79.4452884323269,2.58496280232582,13.7149584783979,"#D4C2AC"
"6131161103_2","6131161103_2.png",2,0.478,48.8015035121405,2.17823512322088,9.0140021603825,"#7E7265"
"6133223497_1","6133223497_1.png",1,0.7646,67.1122473261592,0.985857972965824,-2.56485874852858,"#A3A3A8"
"6133223497_1","6133223497_1.png",2,0.2354,34.5688274556608,0.512270233370068,-0.0491160690900426,"#525151"
"6147724004_1","6147724004_1.png",1,0.5572,56.2027205713453,1.62904657477266,11.9850764170531,"#928572"
"6147724004_1","6147724004_1.png",2,0.4428,79.4319927757527,0.357448751403614,10.8748976850075,"#CEC4B1"
"6147724004_2","6147724004_2.png",1,0.5204,54.5082071713403,2.06034481825772,11.3686274033605,"#8E816F"
"6147724004_2","6147724004_2.png",2,0.4796,77.6316653658054,-0.287684521107847,7.01110316274503,"#C5BFB3"
"6150412536_1","6150412536_1.png",1,0.5868,74.8250238472967,1.9559863462365,7.60365380142103,"#C2B6AA"
"6150412536_1","6150412536_1.png",2,0.4132,45.0762705722824,1.42510383973727,3.59706466916416,"#706A65"
"6150602557_1","6150602557_1.png",1,0.5846,52.6062256783893,8.53156827639473,5.42730228949109,"#907875"
"6150602557_1","6150602557_1.png",2,0.4154,92.7561145917676,1.56639755271167,1.33016931357978,"#EEE9E8"
"6150602751_1","6150602751_1.png",1,0.5096,51.630974499612,1.17783612828059,3.44641532686515,"#807A75"
"6150602751_1","6150602751_1.png",2,0.4904,79.5179030758732,0.0961912272904175,0.142613359221475,"#C5C5C5"
"6150602751_2","6150602751_2.png",1,0.5356,53.8508810240153,0.991074943589806,4.98318803585248,"#868078"
"6150602751_2","6150602751_2.png",2,0.4644,78.9012596689751,0.144038079095457,1.12812836693022,"#C5C3C1"
"6150602751_3","6150602751_3.png",1,0.573547589616811,68.7039219832377,3.29974653640703,4.63181123005555,"#B1A59F"
"6150602751_3","6150602751_3.png",2,0.426452410383189,59.2553168596397,3.73548313329503,9.62941957837694,"#9C8C7E"
"6150602751_4","6150602751_4.png",1,0.7776,68.0844814593833,2.94457202693098,17.8304986801749,"#B7A386"
"6150602751_4","6150602751_4.png",2,0.2224,26.8456837690898,3.8533838059921,11.8087056456693,"#4B3D2E"
"6150602751_5","6150602751_5.png",1,0.56,75.0918688192951,3.73213211760481,15.8284929548058,"#CBB69C"
"6150602751_5","6150602751_5.png",2,0.44,50.7532544554512,5.05588734798909,16.6338561796436,"#8B755D"
"6150602751_6","6150602751_6.png",1,0.5172,46.4087998123463,6.03499264830763,21.671150455056,"#84694A"
"6150602751_6","6150602751_6.png",2,0.4828,83.7333778902814,3.46152278455378,18.7041036638642,"#E5CDAE"
"6150602751_7","6150602751_7.png",1,0.5752,77.0288388352094,2.05647637005336,13.4228248782899,"#CCBCA6"
"6150602751_7","6150602751_7.png",2,0.4248,35.4652152725673,5.50652895199203,18.182969868359,"#654F37"
"6150602751_8","6150602751_8.png",1,0.5406,54.194091817855,1.1520985443574,5.0794316139723,"#878179"
"6150602751_8","6150602751_8.png",2,0.4594,78.6400221202519,0.12838328647499,1.02322148116212,"#C4C2C1"
"6150621276_1","6150621276_1.png",1,0.5528,55.865563265931,3.28131704081579,4.47472712399479,"#8F847E"
"6150621276_1","6150621276_1.png",2,0.4472,78.8017585322042,2.19963987464101,3.92073520050048,"#CAC1BC"
"6150670333_1","6150670333_1.png",1,0.5214,77.3474524799683,1.925057435194,-1.85651465207337,"#C1BEC2"
"6150670333_1","6150670333_1.png",2,0.4786,48.5203558150272,6.75255531472732,0.212781405056231,"#7F6F73"
"6150813528_1","6150813528_1.png",1,0.6288,58.9679237212256,5.47137226955895,30.7233581198462,"#A88958"
"6150813528_1","6150813528_1.png",2,0.3712,80.0585156159274,6.57372262006114,29.0648696976582,"#E5C191"
"6150813528_2","6150813528_2.png",1,0.5812,62.3618444154504,0.755747359637979,14.1821293979603,"#A2957E"
"6150813528_2","6150813528_2.png",2,0.4188,69.0214695700128,2.52675707155389,30.2466303461306,"#C0A572"
"6150913584_1","6150913584_1.png",1,0.6576,71.2177027890644,3.00139709307174,6.20182519230402,"#B9ACA3"
"6150913584_1","6150913584_1.png",2,0.3424,47.1956290639639,5.42606785986802,10.1606703331625,"#7F6C5F"
"6151403679_1","6151403679_1.png",1,0.578,61.3998120846769,1.38804944483926,1.93693823421568,"#989391"
"6151403679_1","6151403679_1.png",2,0.422,71.3262189178026,1.25937559577948,3.98297678956937,"#B4AEA7"
"6151480753_1","6151480753_1.png",1,0.7608,67.4536677176968,-1.0556716535609,0.610895159843468,"#A3A5A3"
"6151480753_1","6151480753_1.png",2,0.2392,42.6266374396312,-0.540889107592856,2.34251669654367,"#656561"
"6151519769_1","6151519769_1.png",1,0.6272,70.6444844484534,-0.840487591630607,2.57009338713507,"#ADADA8"
"6151519769_1","6151519769_1.png",2,0.3728,51.176000426211,-1.1451065644708,5.87330467429532,"#7C7A70"
"6151519769_2","6151519769_2.png",1,0.6024,71.9033577947226,-0.615006543694377,2.24734237262622,"#B1B0AC"
"6151519769_2","6151519769_2.png",2,0.3976,49.6032069152548,-1.44091094057084,5.8004919168235,"#78766C"
"6151558734_1","6151558734_1.png",1,0.579,53.8595486162509,-8.92561178922174,0.550405526809032,"#70857F"
"6151558734_1","6151558734_1.png",2,0.421,87.4235109498162,-4.64249846073364,0.510468882725492,"#D2DEDA"
"6151726643_1","6151726643_1.png",1,0.6394,70.0675710772969,0.81802505898328,3.76366499746383,"#B0AAA4"
"6151726643_1","6151726643_1.png",2,0.3606,51.3878303745982,2.37308254764442,6.06176624755533,"#837970"
"6151781517_1","6151781517_1.png",1,0.8056,65.4469602702711,1.26185514356018,6.57104214277274,"#A69E93"
"6151781517_1","6151781517_1.png",2,0.1944,40.2251501463793,4.97590903248955,12.8644447456574,"#6E5B4A"
"6151938103_1","6151938103_1.png",1,0.616,75.7869904401996,0.408510878820477,8.52411251650891,"#C2BAAB"
"6151938103_1","6151938103_1.png",2,0.384,41.4751288987466,1.95452151481043,18.4395091456312,"#706044"
"6151997183_1","6151997183_1.png",1,0.6132,72.0167864669371,5.74871955949164,11.2410775372859,"#C3AC9C"
"6151997183_1","6151997183_1.png",2,0.3868,50.4870438073847,8.50918090771765,14.5871202090226,"#8F7260"
"6151997183_2","6151997183_2.png",1,0.6288,72.0082512320123,5.23449489704044,15.0657185746256,"#C5AC95"
"6151997183_2","6151997183_2.png",2,0.3712,49.4410171794505,8.65306593031021,18.4147422848535,"#8E6F57"
"6152101012_1","6152101012_1.png",1,0.571,72.861859289176,-3.27457055467554,13.1866666350423,"#B7B49B"
"6152101012_1","6152101012_1.png",2,0.429,52.2423634250571,-0.0331634919798089,13.2371016192217,"#857C66"
"6152101012_2","6152101012_2.png",1,0.5046,56.0616534145416,-1.33853436485025,11.3645700423543,"#8C8673"
"6152101012_2","6152101012_2.png",2,0.4954,73.45702442757,-2.67288325712725,10.7320088260177,"#B8B5A1"
"6152101012_3","6152101012_3.png",1,0.5322,57.1352163525399,-0.859916620735495,16.4346613176937,"#93896D"
"6152101012_3","6152101012_3.png",2,0.4678,76.3009727255187,-3.39940980474442,17.8147291822528,"#C3BD9B"
"6152261957_1","6152261957_1.png",1,0.6102,69.80237419431,-0.490211700304935,4.83613124844053,"#ADAAA2"
"6152261957_1","6152261957_1.png",2,0.3898,53.7693859396756,1.57684096594983,6.25003404069945,"#887F76"
"6152304468_1","6152304468_1.png",1,0.6946,69.755918429641,0.224588352766425,0.0386624386842764,"#ABAAAA"
"6152304468_1","6152304468_1.png",2,0.3054,46.2207400753542,1.0883120559526,1.24332094386419,"#706D6B"
"6152304468_2","6152304468_2.png",1,0.669,69.6553034273236,0.230905002507223,0.0114678524160093,"#ABAAAA"
"6152304468_2","6152304468_2.png",2,0.331,46.5670519514838,1.42566739311092,1.67870627727547,"#726D6C"
"6152304468_3","6152304468_3.png",1,0.6582,70.9285391454417,0.447815057522263,-0.989538952299088,"#AEADAF"
"6152304468_3","6152304468_3.png",2,0.3418,44.6077528006892,1.02743037455565,-0.416886953011816,"#6B696A"
"6159260307_1","6159260307_1.png",1,0.6302,73.8564567751482,-0.155026579612513,2.32419755208631,"#B7B5B1"
"6159260307_1","6159260307_1.png",2,0.3698,45.4731906245299,3.68254918695491e-05,5.59806127051999,"#706B62"
"6171372651_1","6171372651_1.png",1,0.6674,70.8254228606514,1.15200101631394,7.62820152799251,"#B5ACA0"
"6171372651_1","6171372651_1.png",2,0.3326,46.9600316754909,4.91298221128839,6.08347629012368,"#7C6C65"
"6178721260_1","6178721260_1.png",1,0.513,58.5556564017329,-0.248661706861412,2.6130465832014,"#8E8D88"
"6178721260_1","6178721260_1.png",2,0.487,72.0003137508887,-0.291721641983874,1.89389318569724,"#B1B0AD"
"6179151293_1","6179151293_1.png",1,0.5714,59.8271460503842,3.37236132451826,4.76214985588275,"#9A8E88"
"6179151293_1","6179151293_1.png",2,0.4286,74.3492824604131,2.47625662802466,5.29082620762492,"#C0B5AD"
"6179358265_1","6179358265_1.png",1,0.6252,72.8215654467122,-0.411449499199537,1.82813119260343,"#B3B3AF"
"6179358265_1","6179358265_1.png",2,0.3748,40.6258500129686,0.0979054105411501,-0.593495653835143,"#5F6061"
"6182487623_1","6182487623_1.png",1,0.5198,78.8640485611048,1.87547261784784,0.884413193387436,"#C8C2C2"
"6182487623_1","6182487623_1.png",2,0.4802,48.9425073044353,2.02564040611116,-2.46656363891178,"#767378"
"6182678477_1","6182678477_1.png",1,0.5772,77.3739139894755,1.25487066563799,-0.913729149989883,"#C1BEC1"
"6182678477_1","6182678477_1.png",2,0.4228,44.0941419416264,1.68282631988474,-4.42113541647455,"#686870"
"6182924222_1","6182924222_1.png",1,0.5104,58.4570414372256,3.06486251885689,5.42365661958848,"#968A83"
"6182924222_1","6182924222_1.png",2,0.4896,72.4035807786914,1.80837957299524,3.58658401413389,"#B8B0AB"
"6184766865_1","6184766865_1.png",1,0.8384,66.470751781742,4.8867506605992,19.0954401745219,"#B79E80"
"6184766865_1","6184766865_1.png",2,0.1616,32.7402161891849,11.3603253644718,27.1499023669048,"#694522"
"6185011949_1","6185011949_1.png",1,0.6274,74.0351126828312,0.248471184432059,4.29965800711462,"#BAB6AE"
"6185011949_1","6185011949_1.png",2,0.3726,38.0342121955876,0.552286239682424,5.76879268552631,"#5E5950"
"6185605820_1","6185605820_1.png",1,0.5812,55.4661821147497,6.374192959183,13.2299326142538,"#98806E"
"6185605820_1","6185605820_1.png",2,0.4188,78.7327536205371,2.72334472602453,9.41638630347364,"#CFC1B2"
"6185605820_2","6185605820_2.png",1,0.525,53.7965322219232,7.10284746253259,14.1321185539631,"#957C69"
"6185605820_2","6185605820_2.png",2,0.475,76.7228626925811,2.8045555289161,9.98798291654668,"#CABBAB"
"6185605820_3","6185605820_3.png",1,0.5362,55.5405943348117,6.31470413197293,13.5127849509109,"#99816E"
"6185605820_3","6185605820_3.png",2,0.4638,76.1951890639998,2.73947942414851,9.23280705557747,"#C8BAAB"
"6186037016_1","6186037016_1.png",1,0.607,54.0054635098411,4.23054708079723,4.79095834279143,"#8C7E79"
"6186037016_1","6186037016_1.png",2,0.393,85.1954332713903,1.87124036458816,3.67558210370359,"#DCD3CE"
"6186037016_2","6186037016_2.png",1,0.585,52.8908454665805,4.4642534580071,5.99480766542888,"#8A7B74"
"6186037016_2","6186037016_2.png",2,0.415,85.3734277022034,2.09734777523044,3.63532899556926,"#DCD4CF"
"6186037016_3","6186037016_3.png",1,0.6452,75.3492900446534,1.51218245205739,3.99508945385498,"#C0B8B2"
"6186037016_3","6186037016_3.png",2,0.3548,28.0187428771837,3.54398045158908,3.86735280803483,"#4A403C"
"6186037016_4","6186037016_4.png",1,0.6798,73.4097626803567,1.23656363511785,3.97992946062975,"#BAB3AD"
"6186037016_4","6186037016_4.png",2,0.3202,29.9745839921712,2.42990290123536,4.56337773550695,"#4D4540"
"6187979153_1","6187979153_1.png",1,0.6222,70.5742576090248,-1.27814612195846,2.06292577707121,"#ACADA9"
"6187979153_1","6187979153_1.png",2,0.3778,50.9523042390116,-1.41759476077633,3.77127244030275,"#7A7A73"
"6188389987_1","6188389987_1.png",1,0.548507462686567,67.1381482063805,-0.321485454493456,-3.5158487315698,"#A0A4AA"
"6188389987_1","6188389987_1.png",2,0.451492537313433,62.5030170082512,0.0382356667446619,-4.26890975196719,"#94979F"
"6188507246_1","6188507246_1.png",1,0.7634,67.9466225421147,3.22761937653158,11.1209696372386,"#B3A392"
"6188507246_1","6188507246_1.png",2,0.2366,40.8858258133926,2.29342786679879,13.4019608880546,"#6C5E4B"
"6188507246_2","6188507246_2.png",1,0.7846,67.4548812988404,2.63486486621912,11.7390517861266,"#B2A28F"
"6188507246_2","6188507246_2.png",2,0.2154,47.376521156705,4.80278906619569,15.1164248804523,"#816D57"
"6188625864_1","6188625864_1.png",1,0.7884,68.2851716057854,1.79625258067421,6.84506423479468,"#AFA59A"
"6188625864_1","6188625864_1.png",2,0.2116,38.1710041932574,3.60365852860423,10.3761563338018,"#665749"
"6188625864_2","6188625864_2.png",1,0.77,68.4553428532261,1.86939396444494,6.96593312472755,"#B0A59B"
"6188625864_2","6188625864_2.png",2,0.23,38.6201162616387,3.56020692623021,10.4624280087999,"#67584A"
"6195224495_1","6195224495_1.png",1,0.5362,77.5451535339771,-0.610847767353768,4.45688114094083,"#C2C0B7"
"6195224495_1","6195224495_1.png",2,0.4638,48.2237966033482,-0.51963759160546,10.351287457196,"#797261"
"6195244291_1","6195244291_1.png",1,0.6266,74.5788517285672,-1.2944665055129,-0.0208446988885621,"#B5B8B7"
"6195244291_1","6195244291_1.png",2,0.3734,45.7351294613781,-0.55581897400945,-4.33681251361491,"#686D73"
"6195244291_2","6195244291_2.png",1,0.5352,51.3827152479388,-0.771051421372294,0.217107641196565,"#797B7A"
"6195244291_2","6195244291_2.png",2,0.4648,82.6008001729857,-1.54624946053203,-0.708577814060735,"#CACFCF"
"6195244291_3","6195244291_3.png",1,0.6076,75.5478849169411,-0.912338968185284,0.367123862533703,"#B9BBB9"
"6195244291_3","6195244291_3.png",2,0.3924,42.3884970122014,-1.27631063864706,-1.0116238505155,"#616566"
"6195360396_1","6195360396_1.png",1,0.5884,78.9679934249031,1.64393710263318,0.244752400846112,"#C7C2C3"
"6195360396_1","6195360396_1.png",2,0.4116,40.6889697385052,4.098269286056,-4.525906996853,"#635E67"
"6195555284_1","6195555284_1.png",1,0.6476,71.9372614602452,1.67576746840253,5.73420580544392,"#B8AFA6"
"6195555284_1","6195555284_1.png",2,0.3524,36.5194782761081,4.41402372388791,8.43906695764184,"#625349"
"6195827532_1","6195827532_1.png",1,0.8108,66.9257239520064,3.11130138616492,4.40346631226489,"#ACA19B"
"6195827532_1","6195827532_1.png",2,0.1892,50.4156562647061,6.01867494882543,7.65161648468674,"#87746B"
"6195827532_2","6195827532_2.png",1,0.809,66.3659065085568,2.94807069965404,6.5354831225129,"#AC9F96"
"6195827532_2","6195827532_2.png",2,0.191,46.1372601991937,6.85222638825106,10.9248790686452,"#7F695B"
"6195845107_1","6195845107_1.png",1,0.5904,74.9918959974081,1.32327444285793,3.87106796847026,"#BEB8B2"
"6195845107_1","6195845107_1.png",2,0.4096,44.0024369306628,2.19707518381221,5.15165425803461,"#6F6660"
"6195893840_1","6195893840_1.png",1,0.5238,80.5730404290191,1.77154305476366,2.56197490415642,"#CDC7C3"
"6195893840_1","6195893840_1.png",2,0.4762,49.0038689136815,5.81512038244688,8.97458136504029,"#847166"
"6195893840_2","6195893840_2.png",1,0.555,51.1941937038059,6.83840937880013,9.56704087878538,"#8C756A"
"6195893840_2","6195893840_2.png",2,0.445,85.214480963516,2.1884762067999,3.17039989731787,"#DCD3CF"
"6195893840_3","6195893840_3.png",1,0.5078,51.3664592570529,5.14537423860396,4.47572048109607,"#867773"
"6195893840_3","6195893840_3.png",2,0.4922,79.4494028399667,1.50124984620196,1.43582361739124,"#C9C4C2"
"6196022717_1","6196022717_1.png",1,0.733333333333333,71.7259632635862,0.28779444134845,4.95589365561781,"#B4AFA7"
"6196022717_1","6196022717_1.png",2,0.266666666666667,44.9708400429778,1.92127585398751,5.59898574298833,"#726961"
"6234203876_1","6234203876_1.png",1,0.9318,66.1717981983917,2.36252525175513,5.7125057276841,"#AA9F97"
"6234203876_1","6234203876_1.png",2,0.0682,26.3422592432271,3.66217972678161,7.67840260801077,"#483C33"
"6234204376_1","6234204376_1.png",1,0.5374,79.6206923911359,2.10654864560409,2.11517800602014,"#CBC4C1"
"6234204376_1","6234204376_1.png",2,0.4626,46.2436652690319,7.79814871245507,0.28833013150546,"#7B696D"
"6234204376_2","6234204376_2.png",1,0.7114,70.8048684555574,1.48462328277677,-0.0726897845049853,"#B0ACAD"
"6234204376_2","6234204376_2.png",2,0.2886,36.0097376850929,8.87724337003016,-9.77146682914461,"#5C5164"
"6234204376_3","6234204376_3.png",1,0.5092,49.1205860115457,5.84546564880568,0.0750768128697108,"#7F7175"
"6234204376_3","6234204376_3.png",2,0.4908,81.0271089793989,1.35081179468154,2.37485170640364,"#CEC8C5"
"6234204376_4","6234204376_4.png",1,0.5118,52.9693088835571,0.848441407249833,-1.82706670921291,"#7F7E82"
"6234204376_4","6234204376_4.png",2,0.4882,78.6740344067472,-0.0850563310649388,0.508836997423374,"#C3C3C2"
"6234204376_5","6234204376_5.png",1,0.7498,70.4039941359749,1.31715466623396,1.7990302313063,"#B0ABA9"
"6234204376_5","6234204376_5.png",2,0.2502,41.923840989159,5.71783171000557,-3.41075850789135,"#6A6069"
"6234204376_6","6234204376_6.png",1,0.6082,73.3697624060884,-0.0430283404302792,4.46667105594629,"#B8B4AC"
"6234204376_6","6234204376_6.png",2,0.3918,48.6066214306124,4.40146719481427,-0.649445881697008,"#7B7175"
"6234204376_7","6234204376_7.png",1,0.5362,83.7247139492698,1.36672863121816,0.863530317889655,"#D4D0CF"
"6234204376_7","6234204376_7.png",2,0.4638,38.9052111965465,4.84139552323043,-1.7670469300331,"#62595F"
"6234204376_8","6234204376_8.png",1,0.538,53.6577584947264,2.31723732235297,2.53722804562008,"#867F7C"
"6234204376_8","6234204376_8.png",2,0.462,80.0557556075257,0.520371899502058,0.849648868805584,"#C8C6C5"
"6234204376_9","6234204376_9.png",1,0.7824,69.6876131552868,0.938161126147685,1.2121317988389,"#ADAAA8"
"6234204376_9","6234204376_9.png",2,0.2176,37.4287553078031,8.00555124672994,-7.52773668649075,"#605464"
"6234359675_1","6234359675_1.png",1,0.64,73.0173590531638,1.98210468764027,8.1309419330856,"#BDB1A5"
"6234359675_1","6234359675_1.png",2,0.36,39.5135472325934,2.85450522759456,13.4291600722329,"#6A5B47"
"6234359675_2","6234359675_2.png",1,0.6166,74.4423405901204,2.02393396745134,7.44823490762797,"#C1B5AA"
"6234359675_2","6234359675_2.png",2,0.3834,40.6996593313653,2.24220576379509,12.1027741906672,"#6B5E4C"
"6234429324_1","6234429324_1.png",1,0.586,56.2531035829889,7.8615206327117,19.4321806241506,"#A08166"
"6234429324_1","6234429324_1.png",2,0.414,80.6728354884141,4.20263592186731,13.6591734715365,"#DAC5AF"
"6234429324_2","6234429324_2.png",1,0.5068,53.3730023326954,8.19147706787501,19.5019014684808,"#997A5E"
"6234429324_2","6234429324_2.png",2,0.4932,76.8709541940515,4.70594022352758,14.838870459021,"#D1BAA3"
"6234429324_3","6234429324_3.png",1,0.5334,53.7528423665324,8.95066274609627,20.4430348601087,"#9B7A5E"
"6234429324_3","6234429324_3.png",2,0.4666,78.3111381095523,4.87188083332361,14.8130868176291,"#D5BEA7"
"6234523724_1","6234523724_1.png",1,0.5262,78.132563821718,0.812683717882063,4.44879381538931,"#C6C0B9"
"6234523724_1","6234523724_1.png",2,0.4738,48.7962566269995,1.32997475936873,1.97986663113558,"#787371"
"6234549922_1","6234549922_1.png",1,0.5524,59.4635555767279,2.87711991627709,1.48680025987155,"#968D8D"
"6234549922_1","6234549922_1.png",2,0.4476,72.8504268068522,3.04765099060902,3.95498574755001,"#BCB1AC"
"6234689323_1","6234689323_1.png",1,0.528,73.2491669928359,-1.59668724575483,-5.19696121216882,"#ACB5BD"
"6234689323_1","6234689323_1.png",2,0.472,54.8992458710499,-0.89668191640982,-5.3862679172068,"#7D848D"
"6234805142_1","6234805142_1.png",1,0.5952,73.2060625363583,-0.493622351892729,-3.1819846143716,"#B0B4B9"
"6234805142_1","6234805142_1.png",2,0.4048,50.0125180329731,3.4568548551778,-7.48226086552102,"#777684"
"6234805142_2","6234805142_2.png",1,0.6158,72.4509331885666,-0.484451741264196,-3.39738591405061,"#AEB2B8"
"6234805142_2","6234805142_2.png",2,0.3842,48.9812126997286,2.64828902557845,-7.4126311593556,"#737381"
"6234805142_3","6234805142_3.png",1,0.6188,73.8891805054917,-0.152016195252066,-2.64216836025046,"#B3B6BA"
"6234805142_3","6234805142_3.png",2,0.3812,47.6775739661063,3.85155705930501,-7.45653586573242,"#72707E"
"6235047642_1","6235047642_1.png",1,0.7446,69.2772680604998,6.11342156917565,14.175284168692,"#BEA590"
"6235047642_1","6235047642_1.png",2,0.2554,41.6468740061639,5.40097843960258,6.76581705994452,"#6F5F57"
"6235047642_2","6235047642_2.png",1,0.7154,69.0492584347159,7.01979109294759,17.3134318990889,"#C1A38A"
"6235047642_2","6235047642_2.png",2,0.2846,45.1300032443552,6.02907457260971,11.5610158138809,"#7C6758"
"6235116701_1","6235116701_1.png",1,0.5006,74.0135412683118,2.64829280403714,3.07608331021609,"#BDB4B0"
"6235116701_1","6235116701_1.png",2,0.4994,55.8016722684919,3.26717092318362,0.677849484672886,"#8C8485"
"6235134506_1","6235134506_1.png",1,0.708,67.2393907179595,0.913644777451932,0.525105393232877,"#A6A3A3"
"6235134506_1","6235134506_1.png",2,0.292,49.852350270796,2.21335300546456,0.600910572614446,"#7B7576"
"6235225665_1","6235225665_1.png",1,0.502,53.1024765661316,0.438852652665346,-2.41219952648641,"#7E7F83"
"6235225665_1","6235225665_1.png",2,0.498,77.1950263806345,0.683851086725282,1.12905740198223,"#C1BEBD"
"6235333637_1","6235333637_1.png",1,0.8824,64.864608389434,-1.51125127054075,10.3162579646543,"#A29E8B"
"6235333637_1","6235333637_1.png",2,0.1176,12.7871501845622,5.16404323119518,9.54810313111224,"#2C1E14"
"6235582306_1","6235582306_1.png",1,0.5536,70.9700344646658,-3.22298700762051,12.4084232176303,"#B1AF97"
"6235582306_1","6235582306_1.png",2,0.4464,56.6349315994104,-5.70012358593653,20.6084633460195,"#8B8A64"
"6235588047_1","6235588047_1.png",1,0.5082,79.9113276669763,-1.77972333786179,-0.776426935266703,"#C2C7C7"
"6235588047_1","6235588047_1.png",2,0.4918,49.003903206997,-1.84215358135114,1.79310621672138,"#737571"
"6235731444_1","6235731444_1.png",1,0.5426,79.6081601841216,0.484195572967856,2.64984796078288,"#C8C5C0"
"6235731444_1","6235731444_1.png",2,0.4574,46.6822844802859,2.2018105406066,3.63278425371673,"#756D69"
"6235798149_1","6235798149_1.png",1,0.7206,69.6743545152207,1.60370385232277,6.35289488803909,"#B2A99F"
"6235798149_1","6235798149_1.png",2,0.2794,45.2827804460477,3.017903299172,9.5372762029102,"#76695B"
"6235973787_1","6235973787_1.png",1,0.7638,66.2947825163512,-0.934706160173214,2.98012131060816,"#A2A19C"
"6235973787_1","6235973787_1.png",2,0.2362,46.1578299199874,0.502410013087025,5.13191409860159,"#726D65"
"6236036967_1","6236036967_1.png",1,0.651,70.2549602075068,3.80693264453217,15.3309440677595,"#BDA890"
"6236036967_1","6236036967_1.png",2,0.349,35.7495070069638,9.88635887910055,19.1126482993221,"#6C4E36"
"6236206157_1","6236206157_1.png",1,0.5638,74.6131600268719,2.09000241151346,2.94310998480216,"#BEB6B2"
"6236206157_1","6236206157_1.png",2,0.4362,50.6945837049644,4.17474911467608,5.42127391195727,"#847670"
"6236316255_1","6236316255_1.png",1,0.6122,73.8364376882192,1.47955294767061,6.68330198632454,"#BDB4A9"
"6236316255_1","6236316255_1.png",2,0.3878,39.6717813594339,3.41411000605036,8.24561921754752,"#685B50"
"6236316255_2","6236316255_2.png",1,0.594,76.0584071179599,0.862992976729234,3.33101424004711,"#C0BBB5"
"6236316255_2","6236316255_2.png",2,0.406,43.8058022838625,1.72172832276725,8.05698742158126,"#70665A"
"6236316255_3","6236316255_3.png",1,0.589,75.767531855129,1.76505766008554,4.90251181068339,"#C2B9B2"
"6236316255_3","6236316255_3.png",2,0.411,46.2767788522692,3.82382552704148,6.98096319104709,"#796B62"
"6236404779_1","6236404779_1.png",1,0.5274,49.6566425994919,3.08719697154449,7.39069631174118,"#80746A"
"6236404779_1","6236404779_1.png",2,0.4726,84.9035015544475,0.0868668662519761,4.56704510142033,"#D8D4CB"
"6236445573_1","6236445573_1.png",1,0.6606,60.466610875836,1.21646532361108,2.99341627731898,"#96918D"
"6236445573_1","6236445573_1.png",2,0.3394,79.586128419313,0.961693423050171,2.2318562398433,"#C9C4C1"
"6236445573_2","6236445573_2.png",1,0.5976,59.0187234318385,-0.12834412950857,4.07864420804954,"#918E87"
"6236445573_2","6236445573_2.png",2,0.4024,76.9176328450338,0.933200129672528,3.52388935062656,"#C3BDB7"
"6251613650_1","6251613650_1.png",1,0.7818,67.9410517324464,2.08503423846235,8.11178762937472,"#AFA497"
"6251613650_1","6251613650_1.png",2,0.2182,32.5639651336826,2.0450089514008,7.81782906138634,"#554B40"
"6252049351_1","6252049351_1.png",1,0.644478063540091,72.087337262098,2.00063063761457,0.897493539960142,"#B5AFAF"
"6252049351_1","6252049351_1.png",2,0.355521936459909,49.992014716167,3.56144284379922,0.705133616945811,"#7E7576"
"6252049351_2","6252049351_2.png",1,0.5272,78.4637238692576,1.09508517809236,-0.382396771928177,"#C4C1C3"
"6252049351_2","6252049351_2.png",2,0.4728,47.2128125107366,2.11855379093146,-1.2293822763191,"#736F72"
"6252512850_1","6252512850_1.png",1,0.5374,53.0474356792817,-1.38591602709355,50.2415571812065,"#937D20"
"6252512850_1","6252512850_1.png",2,0.4626,77.0498580850035,-5.28395176741849,35.9520032480901,"#CCBF7B"
"6252512850_3","6252512850_3.png",1,0.5388,56.4581880786318,-0.874277018509784,22.4693386605083,"#948760"
"6252512850_3","6252512850_3.png",2,0.4612,76.0113969088316,-2.68856857954255,25.9660365195889,"#C8BB8B"
"6252512850_5","6252512850_5.png",1,0.558466051969824,60.3897946866239,-5.09177452039185,37.2741161204964,"#9E924F"
"6252512850_5","6252512850_5.png",2,0.441533948030176,75.2663460026508,-4.49296549179277,24.1949944143689,"#C2BA8D"
"6252512850_6","6252512850_6.png",1,0.662900188323917,64.321067935711,73.3710156385775,45.5610319135565,"#FF514F"
"6252512850_6","6252512850_6.png",2,0.337099811676083,79.6781987022938,14.8124941126625,27.4914910519624,"#F1BA93"
"6252512850_8","6252512850_8.png",1,0.613,54.8323843987928,3.18372258360776,59.1579060082082,"#A17F06"
"6252512850_8","6252512850_8.png",2,0.387,80.135453237822,-6.17504700942182,39.4898856164899,"#D5C87C"
"6253029940_1","6253029940_1.png",1,0.5144,79.377099435917,-0.39560684435294,13.0814279822558,"#CEC4AC"
"6253029940_1","6253029940_1.png",2,0.4856,48.5372906357885,3.51276802938972,30.1276206945072,"#897040"
"6253029940_3","6253029940_3.png",1,0.609638047138047,58.4655721291147,-2.76145595023334,13.996748443121,"#928D74"
"6253029940_3","6253029940_3.png",2,0.390361952861953,78.912459741253,-3.57680953565655,11.3269562257347,"#C5C5AE"
"6253029940_4","6253029940_4.png",1,0.5836,57.9550174561151,-0.894703092908915,2.36579930710368,"#8B8C87"
"6253029940_4","6253029940_4.png",2,0.4164,77.2703521108444,-2.42759513024392,3.57108490390259,"#BDC0B8"
"6253029940_5","6253029940_5.png",1,0.6202,55.7219573535045,-0.323850426899579,22.1286379116429,"#93845F"
"6253029940_5","6253029940_5.png",2,0.3798,83.0617554235366,0.0694770194080234,17.6519742098197,"#DCCEAE"
"6253029940_6","6253029940_6.png",1,0.5794,56.194526462557,2.60620992695301,14.720388147637,"#95846D"
"6253029940_6","6253029940_6.png",2,0.4206,82.4251392739995,0.233762814053255,10.7615027607539,"#D6CCB9"
"6253029940_7","6253029940_7.png",1,0.5356,77.372019862015,1.35488169657122,11.643023707462,"#CBBDAA"
"6253029940_7","6253029940_7.png",2,0.4644,50.0477950977408,4.09129073535905,20.0536875243171,"#8A7455"
"6253166839_1","6253166839_1.png",1,0.6806,69.1330967092403,1.56323457287614,-5.16055979417909,"#A7A8B2"
"6253166839_1","6253166839_1.png",2,0.3194,49.2232100722201,3.67756648354853,-5.24163463328572,"#77737E"
"6253237997_1","6253237997_1.png",1,0.5784,51.0607576443832,5.92522210706721,1.50498610870373,"#857677"
"6253237997_1","6253237997_1.png",2,0.4216,86.3638316627852,1.85733507708928,1.00053379493232,"#DDD7D6"
"6253318016_1","6253318016_1.png",1,0.6726,69.6261874698925,1.53424539956298,2.34068230991117,"#AFA9A6"
"6253318016_1","6253318016_1.png",2,0.3274,35.1969091655152,2.73694554601681,6.09169929351547,"#5B5149"
"6273437537_1","6273437537_1.png",1,0.7528,66.6620886805403,3.84380685002179,10.5557122274043,"#B19F8F"
"6273437537_1","6273437537_1.png",2,0.2472,20.7813966996109,10.0854546866192,3.50721090502037,"#422C2D"
"6273665794_1","6273665794_1.png",1,0.6244,55.9378025979971,0.33100332391762,1.58684061659163,"#888683"
"6273665794_1","6273665794_1.png",2,0.3756,83.4478890299866,-0.63263525129327,2.05194945973656,"#D0D0CC"
"6273757475_1","6273757475_1.png",1,0.5984,72.1842804579765,2.02809682105864,3.68629956496983,"#B8AFAA"
"6273757475_1","6273757475_1.png",2,0.4016,50.3479386236126,4.3837412254839,10.6982077138976,"#867566"
"6273766836_1","6273766836_1.png",1,0.546,50.8400939306961,1.58595109236926,-1.34499703382112,"#7B787B"
"6273766836_1","6273766836_1.png",2,0.454,83.504155853216,0.537551341145048,0.757258596642033,"#D2D0CF"
"6273785859_1","6273785859_1.png",1,0.6188,69.6116161063063,0.769242183186136,7.04520562719717,"#B1A99D"
"6273785859_1","6273785859_1.png",2,0.3812,54.9648814307114,1.71062790600584,8.71941789190092,"#8D8275"
"6273785859_2","6273785859_2.png",1,0.549,70.3508658826551,1.0469278493289,7.29178454241055,"#B4AB9F"
"6273785859_2","6273785859_2.png",2,0.451,56.7195993422475,2.39777713442796,8.92454529856911,"#938679"
"6273785859_3","6273785859_3.png",1,0.5574,72.4029607341627,2.32031892082157,2.0570567752307,"#B8B0AE"
"6273785859_3","6273785859_3.png",2,0.4426,54.311258374554,4.386088550103,8.5000899629218,"#8F7F73"
"6273795727_1","6273795727_1.png",1,0.6968,70.5554446413041,-0.51523765313306,2.75671761118358,"#AEADA8"
"6273795727_1","6273795727_1.png",2,0.3032,37.322905255244,-0.172403370249797,2.63072559988095,"#595854"
"6273919964_1","6273919964_1.png",1,0.5926,73.28497181291,-0.629296081871811,1.09625928749286,"#B4B4B2"
"6273919964_1","6273919964_1.png",2,0.4074,49.7218610560255,-0.723090150517968,1.74231112093697,"#767673"
"6273997988_1","6273997988_1.png",1,0.6614,69.2620882385747,0.769137266580555,9.02365582565295,"#B1A899"
"6273997988_1","6273997988_1.png",2,0.3386,49.1290435428807,2.21736001377976,11.7493769311244,"#807361"
"6273997988_2","6273997988_2.png",1,0.616,69.9365543797762,3.34156556822037,11.3255377590206,"#B9A897"
"6273997988_2","6273997988_2.png",2,0.384,54.9090394288477,4.43102315173637,13.2806071841939,"#94806D"
"6273997988_3","6273997988_3.png",1,0.6604,68.4104546278221,-0.0922838073210469,7.30429892342902,"#ACA69A"
"6273997988_3","6273997988_3.png",2,0.3396,53.7053804830824,1.14382357877252,8.55422514729888,"#887F72"
"6273997988_4","6273997988_4.png",1,0.7424,68.0562783265474,-0.317155828469677,10.0976979437969,"#ADA594"
"6273997988_4","6273997988_4.png",2,0.2576,44.7662498765049,0.208717600610925,12.2040185021561,"#726956"
"6274066790_1","6274066790_1.png",1,0.6216,58.0190626182452,2.15470450768453,0.0441443357627151,"#8F8A8B"
"6274066790_1","6274066790_1.png",2,0.3784,81.4876708295114,0.560626572640615,1.27481441116626,"#CDCAC8"
"6274066790_2","6274066790_2.png",1,0.6692,58.4338958397548,2.89018732723537,-4.04409151313799,"#8E8B94"
"6274066790_2","6274066790_2.png",2,0.3308,89.2695838532372,0.347291151035502,0.37489183993223,"#E1E0E0"
"6274066790_3","6274066790_3.png",1,0.6574,73.2470335356738,1.29922822786024,2.39330331516522,"#B8B3B0"
"6274066790_3","6274066790_3.png",2,0.3426,45.3935005878357,5.15046898674521,-2.18939071482311,"#73696F"
"6274066790_4","6274066790_4.png",1,0.5788,58.7646746919948,4.93937529725844,-1.86901587182772,"#958B91"
"6274066790_4","6274066790_4.png",2,0.4212,79.7043698238714,2.30572570709581,-0.380593003124227,"#CAC4C6"
"6274066790_5","6274066790_5.png",1,0.649,57.5160121029346,3.97666155465503,1.1604620512772,"#928888"
"6274066790_5","6274066790_5.png",2,0.351,86.2186998583595,1.15814701538251,2.57748766964719,"#DCD7D3"
"6274163574_1","6274163574_1.png",1,0.657,73.11180955106,1.80605132055653,14.2749134676416,"#C1B19A"
"6274163574_1","6274163574_1.png",2,0.343,39.7024239557712,5.17411289003838,21.3418128490294,"#715A3B"
"6320063847_1","6320063847_1.png",1,0.5918,72.762230309207,2.59307585517991,12.2714989646006,"#C0B09C"
"6320063847_1","6320063847_1.png",2,0.4082,49.7518398120042,3.61147652182307,17.2335591742931,"#877359"
"6320162773_1","6320162773_1.png",1,0.5288,72.571316620686,-0.89703514892159,6.59902060176544,"#B6B2A6"
"6320162773_1","6320162773_1.png",2,0.4712,54.9524612542093,0.20788626721317,15.5152464444793,"#8E8269"
"6320162773_2","6320162773_2.png",1,0.6318,71.8721570841429,-1.2808090658853,4.24925259665236,"#B1B1A8"
"6320162773_2","6320162773_2.png",2,0.3682,47.4166098662177,-1.4215691708272,10.9391754914932,"#75715E"
"6320273853_1","6320273853_1.png",1,0.647,72.952324354466,0.976435651489931,11.6248878274721,"#BEB29E"
"6320273853_1","6320273853_1.png",2,0.353,39.9273565039143,4.05918325923147,24.2629797179356,"#715B36"
"6320341847_1","6320341847_1.png",1,0.5142,47.2527545714787,3.55912116701267,13.0903986027926,"#7E6D5A"
"6320341847_1","6320341847_1.png",2,0.4858,85.4922822723591,2.41463562706162,10.0476379928605,"#E2D3C3"
"6320341847_2","6320341847_2.png",1,0.5408,79.757524683883,1.97553352059659,9.66350433091182,"#D1C4B4"
"6320341847_2","6320341847_2.png",2,0.4592,45.5038264665048,3.37754714050865,13.5033509687881,"#7A6955"
"6320373829_1","6320373829_1.png",1,0.5772,53.7982173640577,1.48321072932511,2.88026318237811,"#85807C"
"6320373829_1","6320373829_1.png",2,0.4228,84.1082430880019,-0.0595652898323181,1.40087051438347,"#D3D2CF"
"6320380487_1","6320380487_1.png",1,0.602,73.5941260145382,3.61801868073762,3.39157998576081,"#BEB2AF"
"6320380487_1","6320380487_1.png",2,0.398,48.0269088198739,7.32758154210987,2.35157496491131,"#806E6E"
"6320382055_1","6320382055_1.png",1,0.5298,75.3856307198044,1.76086322560732,7.20571213664339,"#C3B8AD"
"6320382055_1","6320382055_1.png",2,0.4702,51.8102865497623,0.963395808922701,8.03630347037359,"#837A6E"
"6320382055_2","6320382055_2.png",1,0.7324,71.9666459852401,2.25093593549668,6.16598702156488,"#B9AFA5"
"6320382055_2","6320382055_2.png",2,0.2676,41.7492040593206,-0.2602118733203,9.78281264032825,"#686253"
"6320382055_3","6320382055_3.png",1,0.708,70.5407532544829,1.16758766811985,6.99382287526114,"#B4ABA0"
"6320382055_3","6320382055_3.png",2,0.292,45.0695715765682,0.194441056571406,8.7959126927233,"#716A5C"
"6320382055_4","6320382055_4.png",1,0.6188,72.3120871156374,0.958187688186762,8.00754668487038,"#B9B0A3"
"6320382055_4","6320382055_4.png",2,0.3812,43.1902205785586,-0.42802051417544,12.7086909125403,"#6D6651"
"6320384399_1","6320384399_1.png",1,0.7924,68.3986134289294,-0.596028817476661,0.624343887465844,"#A6A7A6"
"6320384399_1","6320384399_1.png",2,0.2076,42.4718528085684,-1.81796634431766,4.0997579779038,"#64655D"
"6320406745_1","6320406745_1.png",1,0.6226,59.165750172628,4.93489632261693,18.2120971425021,"#A38A6F"
"6320406745_1","6320406745_1.png",2,0.3774,92.6037207736016,3.43152986881944,10.0306217304217,"#F9E7D7"
"6320418353_1","6320418353_1.png",1,0.6558,70.5444052874886,6.0708910852184,22.6484740208617,"#C6A784"
"6320418353_1","6320418353_1.png",2,0.3442,53.0417623330404,4.38386828455394,22.5506306703256,"#937B58"
"6320722496_1","6320722496_1.png",1,0.5778,55.8495302375648,-0.335158719530244,-0.972060725208235,"#848687"
"6320722496_1","6320722496_1.png",2,0.4222,78.5850025977145,-0.61881416784674,-0.126378443307012,"#C1C3C3"
"6320748578_1","6320748578_1.png",1,0.6082,71.9276451024535,6.68450916607562,10.3578515123511,"#C4AC9E"
"6320748578_1","6320748578_1.png",2,0.3918,50.2014072686339,7.29753700574578,13.0727677484195,"#8C7262"
"6320781356_1","6320781356_1.png",1,0.7596,67.605892396859,1.86255701558421,11.6045884732493,"#B0A390"
"6320781356_1","6320781356_1.png",2,0.2404,34.4700067669539,8.59277395733651,18.9944791828994,"#674B33"
"6320781356_2","6320781356_2.png",1,0.7218,67.5967514879786,1.91486917035244,9.90170727538792,"#AFA393"
"6320781356_2","6320781356_2.png",2,0.2782,45.1700857351848,4.28473315414732,13.7667513630208,"#7A6854"
"6320781356_3","6320781356_3.png",1,0.627,73.7781158097011,2.03653877283076,9.11686072766628,"#C0B3A5"
"6320781356_3","6320781356_3.png",2,0.373,39.8363364844636,1.00335776584971,10.7352893383299,"#665D4D"
"6320822987_1","6320822987_1.png",1,0.5798,71.7910150158853,4.00580978943399,15.1613632995759,"#C2AD95"
"6320822987_1","6320822987_1.png",2,0.4202,50.8451981910896,8.3617463628458,17.7400917089296,"#91735B"
"6320822987_2","6320822987_2.png",1,0.6404,72.0576380381682,1.3928299262434,9.68484835347916,"#BBAF9F"
"6320822987_2","6320822987_2.png",2,0.3596,44.2097367807785,2.87019484412927,7.98537240878661,"#73665B"
"6320822987_3","6320822987_3.png",1,0.643,71.2238579856715,1.33297248064737,8.2168136660181,"#B7ADA0"
"6320822987_3","6320822987_3.png",2,0.357,42.128407494861,4.26125500836321,7.46323756080801,"#6F6157"
"6320822987_4","6320822987_4.png",1,0.527,54.831142497626,2.91648236909951,6.02156358509727,"#8D8179"
"6320822987_4","6320822987_4.png",2,0.473,78.00033903587,1.52899206555637,8.45501974547791,"#CABFB1"
"6320965822_1","6320965822_1.png",1,0.811,65.8619721896881,0.0915660362243829,2.32106863303809,"#A2A09C"
"6320965822_1","6320965822_1.png",2,0.189,33.938243540208,1.73944928088926,6.6962982529508,"#574F45"
"6320965822_2","6320965822_2.png",1,0.55,54.0284732291878,1.29978374881574,7.77198946899392,"#898074"
"6320965822_2","6320965822_2.png",2,0.45,84.6885906003271,0.40152379435304,3.88299027277946,"#D7D3CC"
"6320965822_3","6320965822_3.png",1,0.726,69.7462381349061,-3.91475172822165,2.5775239289291,"#A5ACA6"
"6320965822_3","6320965822_3.png",2,0.274,46.0196572096185,-6.77829720687191,9.26567193875123,"#68705D"
"6320972044_1","6320972044_1.png",1,0.5594,72.4019095102086,-0.430942545139132,3.13373867053671,"#B3B2AC"
"6320972044_1","6320972044_1.png",2,0.4406,53.259042219174,0.931345001247054,7.00065525145451,"#867E73"
"6320972044_2","6320972044_2.png",1,0.502,73.3062076829852,-0.570892382384374,7.85531376818924,"#B9B4A6"
"6320972044_2","6320972044_2.png",2,0.498,55.2080294938191,1.12733860656689,12.2147776332653,"#8E836F"
"6320972044_3","6320972044_3.png",1,0.5722,71.9610403664128,-0.416853659905652,3.8072048429349,"#B3B0A9"
"6320972044_3","6320972044_3.png",2,0.4278,52.7331199629292,1.08982140569631,7.43375913886632,"#857D71"
"6320972044_4","6320972044_4.png",1,0.5374,72.8457841782598,-0.201771338504469,4.81432972550101,"#B6B3AA"
"6320972044_4","6320972044_4.png",2,0.4626,53.0404150286065,1.2989028884615,10.648977556231,"#887D6D"
"6320972044_5","6320972044_5.png",1,0.5494,73.1979359381866,-0.420169828806215,4.97252009857567,"#B7B4AB"
"6320972044_5","6320972044_5.png",2,0.4506,53.3817189827781,1.01639036738559,9.27516187174114,"#887E70"
"6321182935_1","6321182935_1.png",1,0.5704,74.5778141566934,0.562505347865773,4.09193195366737,"#BCB7B0"
"6321182935_1","6321182935_1.png",2,0.4296,38.6823793533106,0.709478861617973,5.49014802451522,"#605A52"
"6321210968_1","6321210968_1.png",1,0.6774,69.9904359208594,-0.556605035851212,5.7088803089625,"#AFABA1"
"6321210968_1","6321210968_1.png",2,0.3226,48.7576337741547,-0.154427846848269,7.854879026796,"#797367"
"6333856362_1","6333856362_1.png",1,0.6118,71.748511589143,-0.714365182293055,2.45231528896127,"#B0B0AB"
"6333856362_1","6333856362_1.png",2,0.3882,51.2117829357021,0.0716815478771395,3.76612589652853,"#7D7A74"
"6333856362_2","6333856362_2.png",1,0.533,74.3770993077596,-0.846896538357609,2.74133383171581,"#B8B7B2"
"6333856362_2","6333856362_2.png",2,0.467,52.948111823929,2.54370421017383,7.76854627772086,"#887C71"
"6333856362_3","6333856362_3.png",1,0.6018,71.6336491702823,-1.33157522802428,2.6807702515645,"#AFB0AB"
"6333856362_3","6333856362_3.png",2,0.3982,52.479191546519,-0.783652949994734,4.3414105860215,"#7F7D76"
"6333913466_1","6333913466_1.png",1,0.6992,70.4517446048655,-0.0588818848443534,0.709803329685413,"#ADACAB"
"6333913466_1","6333913466_1.png",2,0.3008,42.4635188925743,1.36002140945515,2.7221352184748,"#686360"
"6333940037_1","6333940037_1.png",1,0.6272,68.7049201281365,0.728165428538358,19.0568620426451,"#B6A685"
"6333940037_1","6333940037_1.png",2,0.3728,56.7423374869079,3.43917481460445,24.6503242527454,"#9D855D"
"6333981873_1","6333981873_1.png",1,0.5608,79.4038214557715,2.29409163935457,5.59601884501277,"#CEC3BA"
"6333981873_1","6333981873_1.png",2,0.4392,42.6900199898468,3.74515934163378,4.06409914373897,"#6E625E"
"6334095884_1","6334095884_1.png",1,0.6444,72.763088484881,3.84851940596428,13.4953810249684,"#C3AF9A"
"6334095884_1","6334095884_1.png",2,0.3556,42.579613821567,4.26141639833892,14.2185863824927,"#74614D"
"6334123901_1","6334123901_1.png",1,0.6652,72.9173962092595,6.7748518996558,14.4079142263272,"#C9AE99"
"6334123901_1","6334123901_1.png",2,0.3348,43.4492961675334,11.7278257098331,23.6279279899464,"#855F40"
"6334123901_2","6334123901_2.png",1,0.638,73.3801012413365,6.53656994797417,13.6317237923397,"#CAAF9C"
"6334123901_2","6334123901_2.png",2,0.362,44.3811389029934,8.87330737904926,17.2991937856098,"#81634D"
"6334248302_1","6334248302_1.png",1,0.9322,66.0494529993388,2.60749299513697,-3.77086108330297,"#A29FA7"
"6334248302_1","6334248302_1.png",2,0.0678,39.6705956293079,1.3353592591943,-1.3046277810506,"#5F5D60"
"6334291537_1","6334291537_1.png",1,0.5266,74.8959927839423,1.9644772361857,7.37086345413169,"#C2B7AB"
"6334291537_1","6334291537_1.png",2,0.4734,53.4217165585672,2.69323440040278,8.02666969383814,"#8A7E72"
"6334361330_1","6334361330_1.png",1,0.664,71.4099260557056,2.22420366908253,9.36584449303854,"#BAAD9E"
"6334361330_1","6334361330_1.png",2,0.336,42.8288874183826,1.30121559224154,5.34652868838356,"#6B645C"
"6334546589_1","6334546589_1.png",1,0.717,70.436418947884,0.549287359184078,-0.766656239708082,"#ADACAE"
"6334546589_1","6334546589_1.png",2,0.283,45.7217053226721,0.548855913831662,4.24378648398998,"#706C65"
"6334546589_2","6334546589_2.png",1,0.644,72.3864643561797,0.612957259811835,0.231167086037607,"#B3B1B1"
"6334546589_2","6334546589_2.png",2,0.356,42.587217995397,0.628487094668689,6.64474806457714,"#6A645A"
"6334596350_1","6334596350_1.png",1,0.6828,70.5614691845786,0.931954939489097,1.86600637290093,"#B0ACA9"
"6334596350_1","6334596350_1.png",2,0.3172,42.2817938555837,2.26940579944212,9.17857342293683,"#6D6255"
"6334596350_2","6334596350_2.png",1,0.6432,71.3865053600095,0.0908185520158132,4.02241846066911,"#B2AEA8"
"6334596350_2","6334596350_2.png",2,0.3568,50.2969367553111,1.18037725914802,10.0298739738854,"#817667"
"6334661500_1","6334661500_1.png",1,0.5302,52.4031803470388,2.13938549000737,1.97640814042022,"#827C7A"
"6334661500_1","6334661500_1.png",2,0.4698,79.1209778837632,1.24905174978261,4.88508588575832,"#CAC3BB"
"6334661500_2","6334661500_2.png",1,0.5674,76.3825938746109,0.855865669487272,4.85768524487043,"#C2BCB4"
"6334661500_2","6334661500_2.png",2,0.4326,47.764505185308,2.33616398892148,8.41945613346257,"#7B7063"
"6334671456_1","6334671456_1.png",1,0.514,76.2035810984186,-0.55247173082867,1.45664658663275,"#BCBCB9"
"6334671456_1","6334671456_1.png",2,0.486,52.1903422059873,-0.292733948845493,1.38127997207334,"#7D7D7A"
"6334733783_1","6334733783_1.png",1,0.5162,57.0178760639278,1.6959167788379,-2.72638949092845,"#8A888E"
"6334733783_1","6334733783_1.png",2,0.4838,73.7770841363387,0.0835094384646346,0.99284113804996,"#B6B5B3"
"6334820306_1","6334820306_1.png",1,0.6776,72.6873667095033,4.51255037484617,-2.95177831816628,"#B8B0B8"
"6334820306_1","6334820306_1.png",2,0.3224,38.8382843843867,8.74936288657907,-6.52311596457726,"#655766"
"6334981926_1","6334981926_1.png",1,0.516,77.1321449544511,2.65666524171088,10.0054269554133,"#CBBCAC"
"6334981926_1","6334981926_1.png",2,0.484,51.2238924640926,5.72094972724879,18.2949871759728,"#8E765B"
"6335033820_1","6335033820_1.png",1,0.5782,53.1826965852926,3.88347867553985,4.7879439858982,"#897C77"
"6335033820_1","6335033820_1.png",2,0.4218,85.2059781699431,1.96953691432563,3.98079290665148,"#DCD3CD"
"6341868524_1","6341868524_1.png",1,0.5872,76.3575446525788,0.40007719203437,4.12866361042045,"#C0BCB5"
"6341868524_1","6341868524_1.png",2,0.4128,41.4501384068628,2.74242293327456,7.6155593988849,"#6B6055"
"6342269568_1","6342269568_1.png",1,0.5382,56.1176736856447,9.4526811611019,17.53254023298,"#A18069"
"6342269568_1","6342269568_1.png",2,0.4618,80.2528438838372,2.34214083509362,11.2918369038805,"#D4C5B2"
"6342317321_1","6342317321_1.png",1,0.5018,76.9776348985086,0.449607962700101,4.64759001262379,"#C3BDB6"
"6342317321_1","6342317321_1.png",2,0.4982,51.6573849149364,2.15032048060696,7.16341865509399,"#84796F"
"6342398785_1","6342398785_1.png",1,0.5234,79.7249788208158,0.343723351090398,-0.547966728855085,"#C6C5C7"
"6342398785_1","6342398785_1.png",2,0.4766,48.2340862725302,0.291769535673599,0.41646780694692,"#737272"
"6342521482_1","6342521482_1.png",1,0.7208,68.0051536683574,0.574993682008333,4.49446915340419,"#AAA59E"
"6342521482_1","6342521482_1.png",2,0.2792,52.5795105412515,0.751466416527639,6.8233392194318,"#847D72"
"6342521482_2","6342521482_2.png",1,0.5506,58.9608543757368,0.700189981664184,6.24444859686875,"#948D83"
"6342521482_2","6342521482_2.png",2,0.4494,72.6727045601421,0.331557559267718,7.16493221855501,"#B9B2A5"
"6342521482_3","6342521482_3.png",1,0.7558,67.4790981090441,-0.165892732622912,4.76528160468068,"#A8A49C"
"6342521482_3","6342521482_3.png",2,0.2442,40.8664253582157,-0.751675301925031,4.75680192102971,"#626059"
"6342643774_1","6342643774_1.png",1,0.5358,56.8272840428842,1.60341318924952,10.3975078039709,"#928776"
"6342643774_1","6342643774_1.png",2,0.4642,75.121885007703,0.755383156650663,7.58258903161273,"#C0B8AB"
"6342697842_1","6342697842_1.png",1,0.5784,81.8789746078577,0.907039176101352,1.0956647809892,"#CECBCA"
"6342697842_1","6342697842_1.png",2,0.4216,37.3060879791159,2.49683646536394,-3.66549190013791,"#59575E"
"6342697842_2","6342697842_2.png",1,0.5256,82.9029722927721,0.496519907921725,0.701801609760009,"#D0CECD"
"6342697842_2","6342697842_2.png",2,0.4744,44.2078134775686,1.05810353261644,-1.77850809536148,"#69686B"
"6342697842_3","6342697842_3.png",1,0.5928,54.9190162517031,1.52950404528277,1.66497789232388,"#878281"
"6342697842_3","6342697842_3.png",2,0.4072,83.774137228402,0.931513708002312,2.8274721085504,"#D5D0CC"
"6342710474_1","6342710474_1.png",1,0.5082,78.0540095746207,1.55866537228539,0.508059488751615,"#C4C0C0"
"6342710474_1","6342710474_1.png",2,0.4918,50.9375172613285,2.38340262813325,1.86964446894491,"#7F7876"
"6342710474_2","6342710474_2.png",1,0.5008,52.0903995620668,1.41865362143008,2.09975959176587,"#807B79"
"6342710474_2","6342710474_2.png",2,0.4992,78.1306093891055,0.838593713700947,0.899062797333242,"#C4C1C0"
"6342710474_3","6342710474_3.png",1,0.5276,53.1664975664127,-0.190739492468139,5.63669207680737,"#837F75"
"6342710474_3","6342710474_3.png",2,0.4724,78.7983414269129,-0.0387532047085911,2.79692470688465,"#C5C3BE"
"6342710474_4","6342710474_4.png",1,0.5386,53.3513768218686,1.95276487112848,1.71116782520643,"#847E7D"
"6342710474_4","6342710474_4.png",2,0.4614,82.0804237310299,0.664556415464026,0.268938514892441,"#CECCCC"
"6342710474_5","6342710474_5.png",1,0.5246,53.1160976564918,0.0174688467431924,3.62035384821214,"#827F79"
"6342710474_5","6342710474_5.png",2,0.4754,79.1904158190966,-0.156298422752414,1.99856574650333,"#C5C4C0"
"6342714272_1","6342714272_1.png",1,0.5732,80.3507579045984,1.56480275611876,4.83451544833661,"#CEC6BE"
"6342714272_1","6342714272_1.png",2,0.4268,36.7083843788638,7.06775407258676,12.4176460843634,"#685243"
"6342731628_1","6342731628_1.png",1,0.5688,69.6220024822457,1.43533848754019,7.46840223057944,"#B2A99D"
"6342731628_1","6342731628_1.png",2,0.4312,56.5198291891776,2.98682465079689,11.024210475828,"#948575"
"6342731628_2","6342731628_2.png",1,0.6512,67.8561963831624,1.43017277508477,5.41511500638307,"#ACA49C"
"6342731628_2","6342731628_2.png",2,0.3488,55.5624395209643,2.46461837515613,7.2633556046872,"#8F8379"
"6342894225_1","6342894225_1.png",1,0.5006,51.5746368345072,-0.428342180018884,0.721436759253422,"#7B7B7A"
"6342894225_1","6342894225_1.png",2,0.4994,78.8004085232159,-0.271032356824731,0.914200188013109,"#C3C3C1"
"6344625496_1","6344625496_1.png",1,0.5398,57.6847698980591,2.50837893186516,0.819711517988368,"#908989"
"6344625496_1","6344625496_1.png",2,0.4602,74.0822643469249,2.21047154242281,-0.392373701391356,"#BAB5B7"
"6344625496_2","6344625496_2.png",1,0.52,59.7170018546154,4.14521040847117,-1.34042688566752,"#968E92"
"6344625496_2","6344625496_2.png",2,0.48,71.1837520072089,2.6652886293987,-1.76769375906937,"#B2ADB2"
"6344756845_1","6344756845_1.png",1,0.5956,76.6979683250014,1.76071834546551,-0.345248354063432,"#C0BCBE"
"6344756845_1","6344756845_1.png",2,0.4044,41.1329828232537,0.648505957685041,3.92885939343238,"#65605B"
"6344756845_2","6344756845_2.png",1,0.6348,73.6998250262112,4.13900720220537,-0.0853235117481795,"#BDB3B5"
"6344756845_2","6344756845_2.png",2,0.3652,42.1649238612731,7.93440002791486,3.14414307098346,"#735F5F"
"6344756845_3","6344756845_3.png",1,0.5932,76.3347646458215,4.17291291598681,-2.50022076546065,"#C2BAC1"
"6344756845_3","6344756845_3.png",2,0.4068,40.0368601208844,8.07387974415683,-0.672567314107051,"#6B5A60"
"6352241363_1","6352241363_1.png",1,0.5438,58.1815086769762,1.28204159221276,-1.43465759415385,"#8D8B8E"
"6352241363_1","6352241363_1.png",2,0.4562,74.3175353695559,0.903771637141764,0.533392080314919,"#B9B6B6"
"6352428682_1","6352428682_1.png",1,0.5672,57.4346277998462,-1.01763471325978,7.33434036510234,"#8E8A7D"
"6352428682_1","6352428682_1.png",2,0.4328,78.1644827075068,-0.104199061032832,4.44617664340188,"#C5C1B9"
"6352488848_1","6352488848_1.png",1,0.6842,70.7253691472418,2.92774048966322,6.51464188615926,"#B7ABA1"
"6352488848_1","6352488848_1.png",2,0.3158,35.8291805977304,4.79228693337523,11.5970850141005,"#625142"
"6352488848_2","6352488848_2.png",1,0.7484,62.2746925975912,4.8405879025764,9.93445539239467,"#A69385"
"6352488848_2","6352488848_2.png",2,0.2516,86.7602724457146,2.50108808356191,6.27450407136464,"#E3D7CD"
"6352505109_1","6352505109_1.png",1,0.5828,75.1984395372497,-1.65533428337992,-1.92378679311632,"#B4BABD"
"6352505109_1","6352505109_1.png",2,0.4172,44.7043844516136,-3.5827188972805,1.47766594641457,"#646B67"
"6352544485_1","6352544485_1.png",1,0.5772,75.6614770256738,-1.64308346276138,-2.05317589902002,"#B5BCBE"
"6352544485_1","6352544485_1.png",2,0.4228,44.8595532993679,-3.51275913052994,1.36965184001876,"#656C68"
"6352544485_2","6352544485_2.png",1,0.5686,76.9386364033285,-1.69560157566176,-2.31240135760433,"#B9BFC2"
"6352544485_2","6352544485_2.png",2,0.4314,44.4752615078528,-1.98587180843001,-0.0187331192006879,"#666A69"
"6352565401_1","6352565401_1.png",1,0.6516,72.5715995513749,2.86999751901331,7.2971289273302,"#BDB0A5"
"6352565401_1","6352565401_1.png",2,0.3484,42.4116853652434,5.91662886037948,13.4332190569694,"#76604E"
"6352696602_1","6352696602_1.png",1,0.6682,70.3221099466885,1.28884099529951,-0.956532324576495,"#AEABAE"
"6352696602_1","6352696602_1.png",2,0.3318,45.1392088636213,3.05834383792679,-0.209466217081569,"#70696B"
"6352696602_2","6352696602_2.png",1,0.6198,72.5790828681809,1.91020100926287,0.421329541521384,"#B6B1B1"
"6352696602_2","6352696602_2.png",2,0.3802,43.4524807040689,4.43068979289608,1.15101890764201,"#6F6465"
"6352696602_3","6352696602_3.png",1,0.5718,73.0770772691737,2.48527526947296,1.39551526411274,"#B9B2B1"
"6352696602_3","6352696602_3.png",2,0.4282,51.1942269836116,5.18302845960944,0.0991646917414815,"#83777A"
"6352702109_1","6352702109_1.png",1,0.6136,75.7125298849729,1.5114483631247,5.02746612925408,"#C1B9B1"
"6352702109_1","6352702109_1.png",2,0.3864,39.3415208689121,4.37434081923666,5.33207994887129,"#675A54"
"6352702109_2","6352702109_2.png",1,0.5946,74.8157825110469,1.87692776011543,5.49759157272128,"#C0B7AE"
"6352702109_2","6352702109_2.png",2,0.4054,42.1265321923505,3.28666411748365,10.3117874732916,"#6F6153"
"6352748437_1","6352748437_1.png",1,0.8144,66.7454230893393,1.93453780598463,6.63830150590733,"#ABA197"
"6352748437_1","6352748437_1.png",2,0.1856,38.8227103143801,2.90646968027204,12.7901462833174,"#685947"
"6352748437_2","6352748437_2.png",1,0.6156,72.1093067091462,2.05212111995306,3.44900412962637,"#B7AFAB"
"6352748437_2","6352748437_2.png",2,0.3844,47.5758268098717,2.80583462188673,12.0769447304082,"#7D6F5D"
"6352865004_1","6352865004_1.png",1,0.5936,72.704584641289,1.53336309676575,8.17755233039185,"#BCB1A4"
"6352865004_1","6352865004_1.png",2,0.4064,51.9567826508868,1.67570697186674,18.3326544925164,"#8A7A5D"
"6352865004_2","6352865004_2.png",1,0.5126,54.6112250136579,4.61410960517921,-0.8438363326809,"#8A8084"
"6352865004_2","6352865004_2.png",2,0.4874,76.1385737826523,1.64974711957605,1.12340007345359,"#C0BBBA"
"6352865004_3","6352865004_3.png",1,0.552,74.9185437827547,0.750649580575228,5.67405010351342,"#BEB8AE"
"6352865004_3","6352865004_3.png",2,0.448,51.8852368282449,1.88673015790808,11.6740985240598,"#877A68"
"6352865004_4","6352865004_4.png",1,0.629,72.9696910402172,-0.26721188486432,6.51261055234103,"#B8B3A7"
"6352865004_4","6352865004_4.png",2,0.371,47.7169008862226,0.0332448984065959,6.63296553651923,"#767166"
"6352980664_1","6352980664_1.png",1,0.673267326732673,62.3962590944187,-0.391889034860593,1.37854999559628,"#979794"
"6352980664_1","6352980664_1.png",2,0.326732673267327,72.2568025840073,-0.327884145864764,1.01072552919819,"#B1B1AF"
"6353078562_1","6353078562_1.png",1,0.7506,67.5114998150976,1.29144965682349,3.64749414396764,"#AAA39E"
"6353078562_1","6353078562_1.png",2,0.2494,39.2452795266847,1.61677072337904,7.71009258319715,"#645B50"
"6353078562_2","6353078562_2.png",1,0.7646,67.6137122133417,1.8687133989915,3.54003768782139,"#ABA39E"
"6353078562_2","6353078562_2.png",2,0.2354,37.3701574402032,3.10386978472131,6.20808884648393,"#61564E"
"6353078562_3","6353078562_3.png",1,0.5616,74.654765516938,2.38717280418725,5.98021989549746,"#C1B6AD"
"6353078562_3","6353078562_3.png",2,0.4384,45.105653905751,3.77854445495687,12.0320002122544,"#796857"
"6353167598_1","6353167598_1.png",1,0.6632,72.3628951213757,4.9346992417122,10.9751558885766,"#C3AE9E"
"6353167598_1","6353167598_1.png",2,0.3368,38.0178064804086,12.0306496606539,19.9061650915137,"#75523A"
"6353167598_2","6353167598_2.png",1,0.6364,74.242037886766,5.5874209319297,8.82401536836994,"#C7B3A7"
"6353167598_2","6353167598_2.png",2,0.3636,39.1113439910992,10.7946542751383,14.5306671714639,"#755545"
"6353167598_3","6353167598_3.png",1,0.6408,72.784696324142,6.13241130894917,11.51985671218,"#C6AE9E"
"6353167598_3","6353167598_3.png",2,0.3592,35.9187068897419,14.0385676791972,20.4308147134523,"#734B34"
"6353322963_1","6353322963_1.png",1,0.5584,53.5536831982392,1.26190568048776,9.64174892024984,"#897F70"
"6353322963_1","6353322963_1.png",2,0.4416,84.1558185236067,1.62545796553031,9.42059835305319,"#DCD0C0"
"6398666460_1","6398666460_1.png",1,0.5524,82.5647456574267,-1.94827773861967,2.1829173949093,"#CBCEC9"
"6398666460_1","6398666460_1.png",2,0.4476,38.6389988081635,-4.89651792938045,3.36428147082254,"#555D55"
"6398666460_2","6398666460_2.png",1,0.598,77.6246671024456,2.62687390892804,4.18547063853721,"#C8BEB8"
"6398666460_2","6398666460_2.png",2,0.402,36.9796739842849,7.06588633278474,4.58467834840782,"#655350"
"6398666460_3","6398666460_3.png",1,0.5886,78.7443812050378,4.92941975829441,-2.42750391929782,"#CAC0C7"
"6398666460_3","6398666460_3.png",2,0.4114,40.6681427255097,13.1657902148996,-5.17230498294217,"#725969"
"6398666460_4","6398666460_4.png",1,0.6922,71.7510235854238,2.73133277655469,-1.2973250029425,"#B4AEB2"
"6398666460_4","6398666460_4.png",2,0.3078,23.4192129806617,6.80625272815809,-1.44751651050524,"#41343A"
"6398666460_5","6398666460_5.png",1,0.5762,53.2290989880067,3.8864375397593,9.53015180799191,"#8C7C6F"
"6398666460_5","6398666460_5.png",2,0.4238,86.9854220560515,1.52294618150162,5.73070509503428,"#E2D8CF"
"6398688300_1","6398688300_1.png",1,0.7334,69.3394128220341,0.860658429165478,6.73497142078848,"#B0A89D"
"6398688300_1","6398688300_1.png",2,0.2666,42.2327872467682,1.38217692420964,11.0458917754254,"#6D6252"
"6398688300_2","6398688300_2.png",1,0.679,69.0424179959691,-0.265101363127105,10.7527622434746,"#B0A895"
"6398688300_2","6398688300_2.png",2,0.321,51.1365499693927,-0.434250977209009,16.2774133560399,"#84795E"
"6398688300_3","6398688300_3.png",1,0.534,59.8977289376062,-2.20079494043001,13.9456609359955,"#969178"
"6398688300_3","6398688300_3.png",2,0.466,72.2045475902931,-1.21831156657786,10.2963052739901,"#B7B19E"
"6398688300_4","6398688300_4.png",1,0.71,69.6407611071796,1.34943640058063,6.23106820065233,"#B1A99F"
"6398688300_4","6398688300_4.png",2,0.29,47.6342112932188,1.87829354772495,10.4396967180199,"#7B6F60"
"6398773432_1","6398773432_1.png",1,0.6332,72.1036726880267,-2.06813375665128,-7.08497509640822,"#A6B2BD"
"6398773432_1","6398773432_1.png",2,0.3668,43.8161381670016,-2.26585259906221,-9.35603483789864,"#5B6977"
"6398773432_2","6398773432_2.png",1,0.562,74.8345130529607,0.574493232296571,-4.73404968012727,"#B5B8C1"
"6398773432_2","6398773432_2.png",2,0.438,48.2266969676312,0.95186228919841,-5.4912506102514,"#70727C"
"6398773432_3","6398773432_3.png",1,0.6204,73.6737198031413,1.33149558547119,3.22628027408745,"#BAB4AF"
"6398773432_3","6398773432_3.png",2,0.3796,34.4489662857964,-0.106971272098449,2.76417613507051,"#53514D"
"6398885804_1","6398885804_1.png",1,0.9022,67.0950145835353,0.0110301110251632,7.503974216585,"#A9A396"
"6398885804_1","6398885804_1.png",2,0.0978,28.9712377534436,7.91505816056884,12.3580737066071,"#563F32"
"6399070439_1","6399070439_1.png",1,0.6386,72.9134150640639,1.10300884081599,4.88781393893409,"#B9B2AA"
"6399070439_1","6399070439_1.png",2,0.3614,44.3248252070448,3.57324576588057,8.23997138845023,"#74665B"
"6399070439_2","6399070439_2.png",1,0.549,76.6725324136137,1.28393391565612,6.62305409837808,"#C5BCB1"
"6399070439_2","6399070439_2.png",2,0.451,46.6212521350951,3.46206558260513,10.1397487104774,"#7B6C5E"
"6399070439_3","6399070439_3.png",1,0.8856,64.9874952715331,56.7907133344925,21.0789769791388,"#FF6D7B"
"6399070439_3","6399070439_3.png",2,0.1144,77.0950850128718,10.909751936945,8.96022931833347,"#D9B7AE"
"6399077874_1","6399077874_1.png",1,0.6382,72.4995562930379,3.94596751547929,11.3250966975638,"#C1AF9D"
"6399077874_1","6399077874_1.png",2,0.3618,39.5861387624571,9.11162208576301,16.0111014142611,"#745744"
"6399077874_2","6399077874_2.png",1,0.6812,70.8407746589784,4.40462976451046,13.7479103220649,"#BFAA95"
"6399077874_2","6399077874_2.png",2,0.3188,41.1185649151703,7.65836976916538,15.507078458761,"#765C48"
"6399077874_3","6399077874_3.png",1,0.597,74.4105422110847,2.49690192962341,7.0369156672018,"#C1B5AA"
"6399077874_3","6399077874_3.png",2,0.403,43.7922660613915,6.94311018777542,7.72438101870975,"#78635B"
"6399077874_4","6399077874_4.png",1,0.756,68.5839572295892,2.95511339801302,12.0455811866398,"#B5A592"
"6399077874_4","6399077874_4.png",2,0.244,47.6757027582951,6.03398531261157,18.6604804211707,"#866D52"
"6399111507_1","6399111507_1.png",1,0.615,72.9514713490959,-0.896700749840534,1.18608937904148,"#B2B3B1"
"6399111507_1","6399111507_1.png",2,0.385,43.355291841636,-1.09987373703391,4.28811891909611,"#68675F"
"6399111507_2","6399111507_2.png",1,0.6832,70.777746612129,-0.381888306901647,0.594842657122301,"#ADADAC"
"6399111507_2","6399111507_2.png",2,0.3168,40.0746790745268,-0.294865872448228,2.09355947388623,"#5F5E5B"
"6399815327_1","6399815327_1.png",1,0.5234,78.0162515225332,0.461777314867193,9.68732545235656,"#C9C0AF"
"6399815327_1","6399815327_1.png",2,0.4766,49.8800983081301,2.41312317226953,11.2311185627526,"#827564"
"6399815327_2","6399815327_2.png",1,0.5362,77.4052000835719,1.30558360357085,5.35663816912169,"#C6BEB5"
"6399815327_2","6399815327_2.png",2,0.4638,49.4253767812933,3.89703098973908,6.45094361871881,"#81736B"
"6399815327_3","6399815327_3.png",1,0.5116,78.6077160936356,1.83598749104017,6.77245820420832,"#CBC1B6"
"6399815327_3","6399815327_3.png",2,0.4884,48.9722662839749,4.74765883619268,9.6395365858075,"#837164"
"6399815327_4","6399815327_4.png",1,0.5152,51.5187040775741,1.84911985814199,7.35043006304593,"#83796E"
"6399815327_4","6399815327_4.png",2,0.4848,79.9365577423393,-0.188483540932465,6.24360514452609,"#CBC6BB"
"6399987473_1","6399987473_1.png",1,0.713930348258706,66.2148017852384,-2.66662816389344,-3.62227042528434,"#99A3A7"
"6399987473_1","6399987473_1.png",2,0.286069651741294,50.7168563791596,-6.22840395695695,1.22982564664893,"#6E7C76"
"6399987473_2","6399987473_2.png",1,0.6486,72.9566769333524,-1.74859028952249,-8.4590874263531,"#A8B5C2"
"6399987473_2","6399987473_2.png",2,0.3514,47.2872720873118,-0.854145738348412,0.493504714609411,"#6F716F"
"6400020600_1","6400020600_1.png",1,0.5484,72.0485166194535,-1.09317243494804,-0.644334632413597,"#AEB1B2"
"6400020600_1","6400020600_1.png",2,0.4516,52.764736975291,3.10730115312754,8.76292922142321,"#897C6F"
"6400358740_1","6400358740_1.png",1,0.6158,69.4912487000815,1.1625519978846,9.28774073524342,"#B3A899"
"6400358740_1","6400358740_1.png",2,0.3842,54.7210670908839,2.89466083397979,17.361347979207,"#938065"
"6400358740_2","6400358740_2.png",1,0.6964,67.756642803233,0.511848590462128,12.5819282302712,"#AFA48F"
"6400358740_2","6400358740_2.png",2,0.3036,51.1221678154508,1.96388320095019,21.970590088847,"#8A7754"
"6400358740_3","6400358740_3.png",1,0.7456,66.7281639092656,0.884134634010705,9.81583404091348,"#ABA191"
"6400358740_3","6400358740_3.png",2,0.2544,45.9041781189571,2.58319256684477,20.3246293267575,"#7D6A4B"
"6400680929_1","6400680929_1.png",1,0.7896,66.3247171839052,-2.59493612369818,-2.36265361896004,"#9AA3A5"
"6400680929_1","6400680929_1.png",2,0.2104,29.9444664757138,-2.84096389897827,-4.46172782965337,"#3E484D"
"6400680929_2","6400680929_2.png",1,0.8114,65.3038335338296,-2.17549379528919,-2.32859876141682,"#98A0A3"
"6400680929_2","6400680929_2.png",2,0.1886,40.639250166813,-1.67207144024572,-1.66924601120831,"#5C6162"
"6400680929_3","6400680929_3.png",1,0.8386,65.0374456975242,-2.51891116146218,-1.908637138362,"#979FA1"
"6400680929_3","6400680929_3.png",2,0.1614,31.4241192372702,-2.54152447323053,-1.3464042539305,"#454B4C"
"6400717755_1","6400717755_1.png",1,0.5116,51.8762691939271,-3.79779409732063,13.2345671854133,"#7E7D65"
"6400717755_1","6400717755_1.png",2,0.4884,79.3915960558528,-9.61397122410535,18.0802357410025,"#C0C9A3"
"6410619610_1","6410619610_1.png",1,0.5632,78.2809388750698,0.576607953673517,4.50289125716724,"#C6C1B9"
"6410619610_1","6410619610_1.png",2,0.4368,40.7520522413242,2.46554869272396,6.15576150248257,"#685E56"
"6410619610_2","6410619610_2.png",1,0.6038,76.4912342407449,0.503984081563216,3.94011372245616,"#C1BCB5"
"6410619610_2","6410619610_2.png",2,0.3962,32.4732139478825,2.55795263150127,6.98438826806693,"#554B42"
"6410619610_3","6410619610_3.png",1,0.5476,78.8379458971009,0.577085697479092,4.5384870064526,"#C8C2BB"
"6410619610_3","6410619610_3.png",2,0.4524,41.1055667373664,1.99922164033598,7.08230037252619,"#695F55"
"6410619610_4","6410619610_4.png",1,0.6544,71.8738440257213,0.35900914136915,3.18446285933845,"#B3B0AA"
"6410619610_4","6410619610_4.png",2,0.3456,25.8250725029157,2.94184914419993,7.48279891665726,"#463B32"
"6410619610_5","6410619610_5.png",1,0.6104,76.1843361757881,0.530541697475092,6.30052437371978,"#C2BBB0"
"6410619610_5","6410619610_5.png",2,0.3896,37.065975700489,1.92719660328433,8.64675261382895,"#605649"
"6410643296_1","6410643296_1.png",1,0.524,52.7075894924007,1.82835796091878,7.80035103449129,"#867C71"
"6410643296_1","6410643296_1.png",2,0.476,78.2580598922482,0.060390690765199,2.84874202574862,"#C4C1BC"
"6410685470_1","6410685470_1.png",1,0.5218,55.5321323504186,5.32523805652899,8.69869852760552,"#948176"
"6410685470_1","6410685470_1.png",2,0.4782,75.1977589704985,2.603566600677,6.30053497481784,"#C3B7AE"
"6410685470_2","6410685470_2.png",1,0.5688,71.8190508545316,2.51522744142898,7.30009478833466,"#BAAEA3"
"6410685470_2","6410685470_2.png",2,0.4312,52.179087646704,6.32561983966595,11.739749928614,"#8F7869"
"6410685470_3","6410685470_3.png",1,0.5742,56.701016132531,10.1399295988933,13.8200127536993,"#A28171"
"6410685470_3","6410685470_3.png",2,0.4258,79.0846396467354,4.73105864974016,9.59916530939955,"#D4C0B2"
"6410685470_4","6410685470_4.png",1,0.658,70.2638074197835,3.48433484317547,7.44770386835928,"#B8A99E"
"6410685470_4","6410685470_4.png",2,0.342,47.6392038766442,6.48750005059327,10.2863649644348,"#826D60"
"6410685470_5","6410685470_5.png",1,0.6058,70.8362399682071,4.01809535354167,8.51305567189033,"#BBAA9E"
"6410685470_5","6410685470_5.png",2,0.3942,50.8791081944695,9.31711400435003,13.5991136480491,"#917362"
"6410714943_1","6410714943_1.png",1,0.7492,67.9523690733772,1.86197045150844,11.1530419070181,"#B1A492"
"6410714943_1","6410714943_1.png",2,0.2508,39.2212184112579,2.03319125234913,12.4306345490381,"#675B48"
"6410714943_2","6410714943_2.png",1,0.7454,67.8151515293846,1.73249845866878,11.3521319341978,"#B1A391"
"6410714943_2","6410714943_2.png",2,0.2546,39.349545410565,1.83447198277535,12.0859516415015,"#675B49"
"6410714943_3","6410714943_3.png",1,0.7044,69.1851571631056,2.11877958289351,12.5156461535225,"#B6A792"
"6410714943_3","6410714943_3.png",2,0.2956,49.0505934726074,1.73946236858732,14.6500865696269,"#81735C"
"6410714943_4","6410714943_4.png",1,0.74,67.7489785317974,1.69669929008175,9.75792528167007,"#AFA394"
"6410714943_4","6410714943_4.png",2,0.26,42.5979308720924,2.16545304081661,12.5906340252783,"#706350"
"6410714943_5","6410714943_5.png",1,0.7406,68.1918540916981,1.63876341332384,9.93699716411993,"#B1A594"
"6410714943_5","6410714943_5.png",2,0.2594,41.2923027621115,2.08646688928935,12.4820198363709,"#6C604D"
"6410714943_6","6410714943_6.png",1,0.728,68.2782022530245,1.61618587023411,9.77831389201087,"#B1A595"
"6410714943_6","6410714943_6.png",2,0.272,41.25029905878,2.51874574753893,11.8076024390878,"#6D5F4E"
"6410714943_7","6410714943_7.png",1,0.7554,67.4485882643445,1.83359763108799,10.3594954647427,"#AFA292"
"6410714943_7","6410714943_7.png",2,0.2446,39.316675073515,2.48504923134296,12.4910807800867,"#685B48"
"6410714943_8","6410714943_8.png",1,0.7004,68.5517026409362,1.61740816226633,10.1932386124601,"#B2A695"
"6410714943_8","6410714943_8.png",2,0.2996,42.2474348721744,2.30457468303608,13.0006511071149,"#6F624F"
"6410714943_9","6410714943_9.png",1,0.7642,67.4852923382863,1.73066307634632,10.4656526697665,"#AFA392"
"6410714943_9","6410714943_9.png",2,0.2358,39.8819847340952,2.32438348821161,12.4450147528027,"#695C4A"
"6410818710_1","6410818710_1.png",1,0.754,66.9167399976768,0.290097347778753,-0.569647583090077,"#A3A3A4"
"6410818710_1","6410818710_1.png",2,0.246,52.3118105854404,1.29499573184651,1.3835432809091,"#807C7A"
"6410818710_2","6410818710_2.png",1,0.778,66.1339349312607,3.58822093926034,-7.16120103691319,"#A19FAE"
"6410818710_2","6410818710_2.png",2,0.222,52.1845050557211,5.04034437032711,-4.27389975263459,"#827A84"
"6411092713_1","6411092713_1.png",1,0.65190380761523,70.6952334698681,1.05489853055607,3.71536382078902,"#B2ACA6"
"6411092713_1","6411092713_1.png",2,0.34809619238477,51.4361082227147,1.34223836956942,5.20328324857546,"#817972"
"6411568019_1","6411568019_1.png",1,0.564,73.4486639127323,1.79287471288516,11.3662818421717,"#C0B3A0"
"6411568019_1","6411568019_1.png",2,0.436,51.1343409235829,4.84137308459483,16.0701696864096,"#8C765F"
"6411651304_1","6411651304_1.png",1,0.5542,54.3203859641313,1.05337942552404,1.71735096061793,"#85817F"
"6411651304_1","6411651304_1.png",2,0.4458,83.0761402695824,0.832817795358556,1.08189131916574,"#D1CECD"
"6411651304_2","6411651304_2.png",1,0.5084,87.1868029263408,3.4462761824769,2.04690555457787,"#E3D8D7"
"6411651304_2","6411651304_2.png",2,0.4916,41.8429779351829,14.1057426993338,2.71892465575798,"#7B5A5F"
"6411651304_3","6411651304_3.png",1,0.5682,52.1062771431628,9.50879125926869,2.79152524067711,"#8E7778"
"6411651304_3","6411651304_3.png",2,0.4318,87.2888568274088,3.31291588938142,2.00569411832356,"#E3D8D7"
"6411651304_4","6411651304_4.png",1,0.5768,75.7094268210323,1.87337114670362,-0.26917438776453,"#BEB9BB"
"6411651304_4","6411651304_4.png",2,0.4232,47.1708838088522,4.23372755867035,-0.587225040663535,"#776E71"
"6412869460_1","6412869460_1.png",1,0.531639722863741,50.0920835803484,1.65808694193561,10.1098867964412,"#817666"
"6412869460_1","6412869460_1.png",2,0.468360277136259,94.132689563147,0.163630586081034,6.15264388546592,"#F4EEE2"
"6412978642_1","6412978642_1.png",1,0.5428,71.5165585209855,2.60950284548335,6.32740780782086,"#B9ADA4"
"6412978642_1","6412978642_1.png",2,0.4572,56.0984665595905,3.54355888473267,8.44484684196894,"#938478"
"6413081523_1","6413081523_1.png",1,0.6152,72.3838372536449,0.418839238248434,2.57264663476568,"#B4B1AD"
"6413081523_1","6413081523_1.png",2,0.3848,25.3351847943895,4.00949446129635,5.72096988322643,"#453A34"
"6413272140_1","6413272140_1.png",1,0.5398,74.6587834339789,-0.414260677194957,2.30959138525481,"#B9B8B3"
"6413272140_1","6413272140_1.png",2,0.4602,52.5041768779505,-2.78089028689798,6.93552156061532,"#7D7E71"
"6413288554_1","6413288554_1.png",1,0.551,72.0632006951184,1.44284790659627,8.61946942282998,"#BAAFA1"
"6413288554_1","6413288554_1.png",2,0.449,54.7912082889133,3.28030323216466,14.4231067439882,"#92806A"
"6413311702_1","6413311702_1.png",1,0.5124,75.7676852628569,-4.5739561700768,6.86166754661257,"#B7BDAE"
"6413311702_1","6413311702_1.png",2,0.4876,53.4564548771951,-3.34179536326511,7.10507999045726,"#7F8173"
"6413401780_1","6413401780_1.png",1,0.5768,76.6334098939391,1.32163843205654,17.2658694817854,"#CCBB9D"
"6413401780_1","6413401780_1.png",2,0.4232,38.3451525593109,3.15837220436426,10.4817389840842,"#66584A"
"6413401780_2","6413401780_2.png",1,0.577,75.9372950686923,1.53611433911106,14.9070427370593,"#C9B9A0"
"6413401780_2","6413401780_2.png",2,0.423,43.47361898174,3.70173045687143,11.2888811909528,"#746454"
"6413401780_3","6413401780_3.png",1,0.5636,58.8859366093621,4.05420210761738,1.85881842039755,"#968B8B"
"6413401780_3","6413401780_3.png",2,0.4364,75.2564888791426,3.03605376131567,7.67807259156669,"#C5B7AB"
"6413491089_1","6413491089_1.png",1,0.522,72.6440707502743,2.28574911166411,4.02985607501655,"#BAB1AB"
"6413491089_1","6413491089_1.png",2,0.478,55.5421916972614,2.21011825638987,1.2646211094585,"#8A8483"
"6413652625_1","6413652625_1.png",1,0.5152,52.7875017112301,-2.47524992858673,1.9219176409175,"#7B7F7B"
"6413652625_1","6413652625_1.png",2,0.4848,77.6496088003584,-1.22693406683313,-0.00543954979818948,"#BDC1C0"
"6413670379_1","6413670379_1.png",1,0.7828,67.5277567361804,0.820444302937512,8.46473191508794,"#ACA395"
"6413670379_1","6413670379_1.png",2,0.2172,42.4180810436325,3.62677393957075,14.7176326363631,"#73614C"
"6413670379_2","6413670379_2.png",1,0.8038,67.0987443856895,-0.235096649728042,10.8963340246283,"#ABA390"
"6413670379_2","6413670379_2.png",2,0.1962,39.8262945101729,2.90249996440852,9.27910036484273,"#685C4F"
"6413823525_1","6413823525_1.png",1,0.5176,82.5036393003832,1.47284659335524,3.00530119794662,"#D3CCC8"
"6413823525_1","6413823525_1.png",2,0.4824,45.6865008019051,5.21895315206734,1.8120439125871,"#766969"
"6414098047_1","6414098047_1.png",1,0.741017964071856,68.5904011321972,0.477187927270573,-3.41143406913934,"#A5A7AD"
"6414098047_1","6414098047_1.png",2,0.258982035928144,37.5983172916525,1.99727625719639,-0.135514142999626,"#5C5759"
"6414102750_1","6414102750_1.png",1,0.5544,53.44758786565,0.412213590148009,2.37031272390059,"#827F7C"
"6414102750_1","6414102750_1.png",2,0.4456,85.5463645819865,1.32168074470791,10.845974960624,"#E1D4C1"
"6414102750_2","6414102750_2.png",1,0.5164,78.5447154634771,1.59894852910346,11.3414387143259,"#CEC1AD"
"6414102750_2","6414102750_2.png",2,0.4836,50.1917840091599,2.04192006544266,7.56869288171225,"#80766B"
"6422069814_1","6422069814_1.png",1,0.609,74.9808183706387,3.05415931524209,-3.85555752513179,"#BBB7C0"
"6422069814_1","6422069814_1.png",2,0.391,42.0422331454824,9.0081642541815,-9.32525614858326,"#6B5F73"
"6422491046_1","6422491046_1.png",1,0.5668,74.4071800608343,1.81032255573537,7.81579822837217,"#C0B5A9"
"6422491046_1","6422491046_1.png",2,0.4332,49.4404467803111,3.3002239443348,7.60454528087133,"#807369"
"6422729645_1","6422729645_1.png",1,0.6914,67.9602424342503,0.16661537944402,1.73141153396431,"#A7A5A2"
"6422729645_1","6422729645_1.png",2,0.3086,54.7218191822895,1.1852280983067,3.72184195995635,"#88827D"
"6422805694_1","6422805694_1.png",1,0.7388,72.4719519078828,0.680208521365179,2.12326041531523,"#B5B1AE"
"6422805694_1","6422805694_1.png",2,0.2612,35.8349582132592,2.30879848398352,1.96502957749394,"#595351"
"6422805694_2","6422805694_2.png",1,0.641114982578397,59.5597093982808,-1.01001820102219,1.42678938785149,"#8F908D"
"6422805694_2","6422805694_2.png",2,0.358885017421603,79.2894551218339,-0.963593248874011,1.23878410760496,"#C4C5C2"
"6422824845_1","6422824845_1.png",1,0.5458,76.9732978158901,0.678465468672703,-0.678268206468242,"#BFBEBF"
"6422824845_1","6422824845_1.png",2,0.4542,48.7423637915838,1.80286008366015,0.106073062420517,"#777374"
"6422927952_1","6422927952_1.png",1,0.5402,53.5509752477319,-1.72515841344685,2.24128110019664,"#7F817C"
"6422927952_1","6422927952_1.png",2,0.4598,80.0553140400792,-1.43525496453724,0.3609284740487,"#C4C7C6"
"6422931928_1","6422931928_1.png",1,0.5528,56.4306641572714,2.59201493077704,1.96207968044436,"#8D8684"
"6422931928_1","6422931928_1.png",2,0.4472,76.6763620026576,1.27648050025414,3.0096987036914,"#C2BCB8"
"6422931928_2","6422931928_2.png",1,0.558,57.4428217138532,-4.5893673333642,9.61855383122391,"#898C79"
"6422931928_2","6422931928_2.png",2,0.442,77.9592203603436,-2.15600922818957,11.7814811974331,"#C6C1AB"
"6422931928_3","6422931928_3.png",1,0.5048,49.5858099294994,1.48458339723698,1.64708616265636,"#7A7573"
"6422931928_3","6422931928_3.png",2,0.4952,81.563684647317,1.48271543046417,1.8599980858373,"#CFCAC7"
"6422931928_4","6422931928_4.png",1,0.5596,53.0097173602789,1.79423508951443,0.916696070351499,"#827D7D"
"6422931928_4","6422931928_4.png",2,0.4404,85.5901323028782,1.82359942878309,1.31253277794881,"#DBD5D4"
"6422978883_1","6422978883_1.png",1,0.6114,55.2695974418872,1.37567438546454,-0.492520832053658,"#868485"
"6422978883_1","6422978883_1.png",2,0.3886,86.6912942260135,0.785009813876507,2.72497163396282,"#DDD8D4"
"6422978883_2","6422978883_2.png",1,0.5492,79.9426376220321,0.648320988165943,1.26119478496599,"#C8C6C4"
"6422978883_2","6422978883_2.png",2,0.4508,45.4593702590138,1.97259966554598,-1.5559357104465,"#6E6B6E"
"6423165331_1","6423165331_1.png",1,0.6754,70.9704513258822,1.31339844442486,-1.98134966562442,"#AEADB1"
"6423165331_1","6423165331_1.png",2,0.3246,41.381387912566,2.36651519810127,-3.06950485870317,"#636167"
"6430908832_1","6430908832_1.png",1,0.5014,49.5969343766918,-1.03461040133383,6.97877798048403,"#79766A"
"6430908832_1","6430908832_1.png",2,0.4986,80.0837780484801,-0.221866929578842,3.39417040846041,"#C9C6C0"
"6431064094_1","6431064094_1.png",1,0.7098,68.3214986920987,1.54114477726379,6.41393071058248,"#AEA59B"
"6431064094_1","6431064094_1.png",2,0.2902,50.6269543538966,2.87853472866579,6.92520659734046,"#82766D"
"6431064094_2","6431064094_2.png",1,0.6112,73.8078784473782,0.77705628546587,4.51043566285737,"#BAB5AD"
"6431064094_2","6431064094_2.png",2,0.3888,45.5637138092979,0.764827400659481,3.85033875118483,"#706B65"
"6431064094_3","6431064094_3.png",1,0.5318,80.6131574866122,-0.391028348923458,5.62456275395682,"#CCC8BE"
"6431064094_3","6431064094_3.png",2,0.4682,47.3174776125184,0.120960399634792,1.88168862459154,"#72706D"
"6431064094_4","6431064094_4.png",1,0.6606,68.7436521116679,1.65892898133287,6.49100617850508,"#B0A69C"
"6431064094_4","6431064094_4.png",2,0.3394,51.6431368592628,2.7760902134712,6.35409782227097,"#847970"
"6431304318_1","6431304318_1.png",1,0.5246,78.0766222918383,-0.454627389082138,-4.10434023334938,"#BCC2C9"
"6431304318_1","6431304318_1.png",2,0.4754,48.6078898810026,2.69742303061594,-7.39250213673975,"#727280"
"6431358077_1","6431358077_1.png",1,0.503,74.5465081199137,1.1733777537919,6.14319826107097,"#BEB6AC"
"6431358077_1","6431358077_1.png",2,0.497,55.0660853114524,2.08936835920482,6.16564904188619,"#8C8279"
"6431361019_1","6431361019_1.png",1,0.5984,57.108548873889,0.826764531956526,1.6953819400866,"#8C8886"
"6431361019_1","6431361019_1.png",2,0.4016,79.2785009203294,-0.0604007233130341,1.197749637464,"#C5C4C2"
"6440956421_1","6440956421_1.png",1,0.5538,60.7182551087525,-3.19623820315858,35.9655696723981,"#A29252"
"6440956421_1","6440956421_1.png",2,0.4462,73.8051074444191,-2.64314203955825,22.8536564377839,"#C0B58B"
"6440959369_1","6440959369_1.png",1,0.5118,75.2816322071787,3.0697224852164,7.62866025606094,"#C5B7AC"
"6440959369_1","6440959369_1.png",2,0.4882,53.1331745546345,5.82951056761232,8.31446900539192,"#8E7B71"
"6441011127_1","6441011127_1.png",1,0.5676,72.7430094303285,-0.448615461569214,1.1675716518404,"#B3B3B0"
"6441011127_1","6441011127_1.png",2,0.4324,49.618753809589,-0.0883930779120851,1.88770453545155,"#777673"
"6441520321_1","6441520321_1.png",1,0.564,53.6289505428503,-5.0271072364198,9.16751149256149,"#7E8270"
"6441520321_1","6441520321_1.png",2,0.436,85.8095978541602,-4.43021071329678,5.71989736057063,"#D3D9CC"
"6441520321_2","6441520321_2.png",1,0.5866,54.403142153041,-4.54172039915946,8.35956614092239,"#808474"
"6441520321_2","6441520321_2.png",2,0.4134,86.1420390505732,-3.9524067975046,5.04108458462782,"#D4D9CE"
"6441520321_3","6441520321_3.png",1,0.5958,56.4895063383195,-4.10555598114953,15.475181658693,"#8B896D"
"6441520321_3","6441520321_3.png",2,0.4042,79.9675753359214,-3.50010548915193,8.62577679845399,"#C6C8B6"
"6441544834_1","6441544834_1.png",1,0.61,72.8357874164639,1.61383223383559,7.61512010023742,"#BCB1A5"
"6441544834_1","6441544834_1.png",2,0.39,47.6722331750488,4.6500174611472,8.41403805545094,"#7E6E63"
"6441600557_1","6441600557_1.png",1,0.5218,81.4691955525724,1.42927831330175,1.63610376058571,"#CFC9C7"
"6441600557_1","6441600557_1.png",2,0.4782,45.7594944760108,3.95926221049147,3.94083610721013,"#766A66"
"6441608806_1","6441608806_1.png",1,0.5616,57.8558792868958,2.80817107502754,10.64259063514,"#978979"
"6441608806_1","6441608806_1.png",2,0.4384,74.9523436526378,1.80879554074902,4.46947522023488,"#BFB7B0"
"6441754617_1","6441754617_1.png",1,0.5568,77.4320540126968,1.4238335859147,5.38136585954259,"#C6BEB5"
"6441754617_1","6441754617_1.png",2,0.4432,46.5382691973325,2.71748007123142,6.52481577595234,"#776C64"
"6441798465_1","6441798465_1.png",1,0.520803443328551,69.8991855452028,0.951881999191929,1.47118900095518,"#AEAAA8"
"6441798465_1","6441798465_1.png",2,0.479196556671449,59.5942189719888,0.761108571399222,1.37837058803317,"#928F8D"
"6441904438_1","6441904438_1.png",1,0.6056,81.135168766378,-6.21548851761807,16.676121954602,"#CACCAA"
"6441904438_1","6441904438_1.png",2,0.3944,26.2233397765887,-3.41923960929685,11.2417826518399,"#3F3F2D"
"6441904438_2","6441904438_2.png",1,0.5586,49.2513596651843,-11.1178542081685,16.6622610763741,"#6D7A58"
"6441904438_2","6441904438_2.png",2,0.4414,85.1690480692208,-7.54233529388131,10.8089393500722,"#CFD8C0"
"6442057940_1","6442057940_1.png",1,0.607594936708861,70.0421825987016,-1.46106243047987,-4.05152595746783,"#A5ACB2"
"6442057940_1","6442057940_1.png",2,0.392405063291139,55.7213078494554,-2.35615330774739,-5.52065102383236,"#7C878F"
"6442057940_2","6442057940_2.png",1,0.581,72.7677065841796,-0.0492168257463334,1.24108455930743,"#B3B2B0"
"6442057940_2","6442057940_2.png",2,0.419,51.467012431992,-0.850470862897234,5.03387708745543,"#7D7B72"
"6447779876_1","6447779876_1.png",1,0.5516,73.7589550182706,0.596920024758415,5.36615741171722,"#BBB4AB"
"6447779876_1","6447779876_1.png",2,0.4484,52.0970526896353,2.99766661682205,9.48962446012182,"#887A6C"
"6449710188_1","6449710188_1.png",1,0.6046,70.2472175597575,2.15164974664433,4.40247520246598,"#B3AAA4"
"6449710188_1","6449710188_1.png",2,0.3954,55.1313912528223,3.10749560172302,11.408872660452,"#918170"
"6452049957_1","6452049957_1.png",1,0.5708,69.5035986628313,-3.00937909945434,-4.88377029266045,"#9FACB2"
"6452049957_1","6452049957_1.png",2,0.4292,57.2807804173706,-2.94846524910593,-3.44689615768612,"#818B8F"
"6452049957_2","6452049957_2.png",1,0.6924,68.0116734932681,-2.65059112494086,-4.8511035526692,"#9CA8AE"
"6452049957_2","6452049957_2.png",2,0.3076,53.0585172753472,-2.74299714964731,-2.67944822027223,"#778083"
"6452054690_1","6452054690_1.png",1,0.5286,78.3517785321262,1.86478877780405,0.0238693724404758,"#C5C1C2"
"6452054690_1","6452054690_1.png",2,0.4714,49.8763831627448,0.224691282695075,2.24167181204704,"#797673"
"6452116915_1","6452116915_1.png",1,0.8484,65.3511926590671,0.380819954666795,-0.674462005657232,"#9F9EA0"
"6452116915_1","6452116915_1.png",2,0.1516,49.443259838814,0.964534081056152,-0.705819562079614,"#777577"
"6452116915_2","6452116915_2.png",1,0.7112,68.2399785426636,-0.274003718083391,-0.84743470734944,"#A5A7A8"
"6452116915_2","6452116915_2.png",2,0.2888,43.7347111966381,0.165104090463015,-0.598066903881234,"#676768"
"6452116915_3","6452116915_3.png",1,0.6354,72.0429064428329,0.402329878876917,-0.334011229599225,"#B1B0B1"
"6452116915_3","6452116915_3.png",2,0.3646,44.7122847747163,1.1902503511928,1.46510726726764,"#6D6967"
"6452216955_1","6452216955_1.png",1,0.616,72.1410263544102,0.365833017894433,6.07634413820821,"#B6B0A6"
"6452216955_1","6452216955_1.png",2,0.384,42.6425871955181,0.315028763852103,9.6797389370687,"#6C6455"
"6452216955_2","6452216955_2.png",1,0.6646,69.9152758215639,0.674794537796557,5.57663646202374,"#B0AAA1"
"6452216955_2","6452216955_2.png",2,0.3354,31.6403886678486,0.75425601118457,9.57069030881323,"#514A3C"
"6452216955_3","6452216955_3.png",1,0.7118,69.6124521146031,0.412208347847907,6.64780937953242,"#B0A99E"
"6452216955_3","6452216955_3.png",2,0.2882,37.6647821953529,0.852557654080413,10.4341367096224,"#615848"
"6452216955_4","6452216955_4.png",1,0.7552,68.6267614759001,0.256134016342693,6.30540391927314,"#ADA79C"
"6452216955_4","6452216955_4.png",2,0.2448,33.7150890231242,0.760829836705026,11.2701018090814,"#574E3E"
"6452505707_1","6452505707_1.png",1,0.9312,65.0459398972835,8.71268888151566,10.8365181416684,"#B5988B"
"6452505707_1","6452505707_1.png",2,0.0688,30.1782034757492,9.19439728071223,11.59267883166,"#5B4135"
"6452505707_2","6452505707_2.png",1,0.7904,67.4102630960669,5.93149421451549,10.9098503155275,"#B7A091"
"6452505707_2","6452505707_2.png",2,0.2096,45.6820742300166,7.21117311805035,17.5369419196918,"#82674F"
"6469793932_1","6469793932_1.png",1,0.6262,70.7419636804592,2.44582147457733,5.96153581671273,"#B6ABA2"
"6469793932_1","6469793932_1.png",2,0.3738,49.9281927849223,4.31115732335624,8.28324664898797,"#847469"
"6469793932_2","6469793932_2.png",1,0.5946,72.7711120467065,3.59243875226174,8.43510342560566,"#C0B0A3"
"6469793932_2","6469793932_2.png",2,0.4054,49.6254355788137,5.21356157500305,11.8019399701728,"#867262"
"6469793932_3","6469793932_3.png",1,0.6496,70.9420944548512,5.24800808890745,21.835681566134,"#C5A986"
"6469793932_3","6469793932_3.png",2,0.3504,45.8027223100526,9.05622279735829,24.8310425881262,"#886643"
"6469904308_1","6469904308_1.png",1,0.6434,71.9878774440277,1.94505509865779,1.05674210330896,"#B5AFAF"
"6469904308_1","6469904308_1.png",2,0.3566,46.2697326989616,4.33241173275277,3.41167365043495,"#776B68"
"6469951871_1","6469951871_1.png",1,0.5546,71.7877645534442,-0.950957751966632,12.1705140115642,"#B7B09A"
"6469951871_1","6469951871_1.png",2,0.4454,55.8003807952574,0.849888834206327,20.6559130485112,"#948462"
"6470153735_1","6470153735_1.png",1,0.5516,49.1658048001828,1.11798926033674,10.1017164715649,"#7E7464"
"6470153735_1","6470153735_1.png",2,0.4484,85.5031592078249,0.162483340228702,1.20504846381691,"#D7D5D3"
"6470153735_2","6470153735_2.png",1,0.59,52.3591696012573,1.30600041098432,11.2111740312453,"#877B6A"
"6470153735_2","6470153735_2.png",2,0.41,86.7234382880248,-0.0104712878680304,0.361672465220509,"#D9D9D8"
"6470549858_1","6470549858_1.png",1,0.6706,64.7637544292788,-18.2837286942671,-35.6281755668271,"#12A9DC"
"6470549858_1","6470549858_1.png",2,0.3294,65.9168993962668,-1.38829170011915,6.02262427791816,"#A2A195"
"6470573456_1","6470573456_1.png",1,0.5604,76.9637091655064,-2.07667393893562,5.58752563756283,"#BFBFB4"
"6470573456_1","6470573456_1.png",2,0.4396,41.1677839541023,-4.5891020228399,8.38795216303411,"#5F6353"
"6470593581_1","6470593581_1.png",1,0.5108,49.2368293637972,-2.07973040386969,6.01555232432175,"#76766B"
"6470593581_1","6470593581_1.png",2,0.4892,81.1715081374602,-1.91880667343947,0.829620904702465,"#C6CBC8"
"6479238873_1","6479238873_1.png",1,0.6732,71.076791880317,1.14688433016324,1.09798600364346,"#B1ADAC"
"6479238873_1","6479238873_1.png",2,0.3268,48.7616870134006,3.79720583414676,-2.94267618818823,"#787279"
"6479238873_2","6479238873_2.png",1,0.6498,71.7489670589934,1.06746954878044,1.36223968044269,"#B3AFAD"
"6479238873_2","6479238873_2.png",2,0.3502,48.0328398617639,4.09573912878838,-3.11997902068118,"#777077"
"6479238873_3","6479238873_3.png",1,0.65,73.6715310769246,1.47968187322543,1.47233274626805,"#B9B4B2"
"6479238873_3","6479238873_3.png",2,0.35,40.9218267043608,6.16515268525837,-10.5198512351873,"#635E72"
"6479238873_4","6479238873_4.png",1,0.6914,70.7265931050275,1.00578268888056,0.997730209589186,"#B0ACAB"
"6479238873_4","6479238873_4.png",2,0.3086,47.6563263969809,3.37202115796368,-3.6370303225855,"#746F77"
"6479298968_1","6479298968_1.png",1,0.5686,75.1480936680037,-1.09183837743819,3.30061892591091,"#BAB9B3"
"6479298968_1","6479298968_1.png",2,0.4314,50.1540700763546,-1.48917897185236,3.78697844096517,"#787871"
"6479486931_1","6479486931_1.png",1,0.5666,50.6303766597942,3.86146791643874,8.07453823852758,"#85766B"
"6479486931_1","6479486931_1.png",2,0.4334,89.0885114132933,0.827387215311781,2.8602614551273,"#E4DFDA"
"6479684350_1","6479684350_1.png",1,0.7334,68.4393998772081,0.328089857779183,1.0815019188084,"#A8A7A5"
"6479684350_1","6479684350_1.png",2,0.2666,32.9536204268223,1.96205199980233,5.35772562400017,"#544C45"
"6479696769_1","6479696769_1.png",1,0.5982,72.4635051930342,-0.35212883249146,4.4917124602907,"#B5B2AA"
"6479696769_1","6479696769_1.png",2,0.4018,50.0152489343325,0.930789809137502,7.96891028440172,"#7E766A"
"6479979797_1","6479979797_1.png",1,0.694,71.065416927574,-0.175596531639455,1.75696743434656,"#AFAEAB"
"6479979797_1","6479979797_1.png",2,0.306,32.5280449015782,1.82725468494055,2.27771942098216,"#514B49"
"6480245252_1","6480245252_1.png",1,0.592,72.6298215351836,-0.371295445599468,4.45950846477395,"#B5B2AA"
"6480245252_1","6480245252_1.png",2,0.408,49.849873037251,0.928902857410707,8.01172052011264,"#7E7669"
"6480334622_1","6480334622_1.png",1,0.688,61.5153738123932,-2.7802814658502,1.46174037818413,"#909692"
"6480334622_1","6480334622_1.png",2,0.312,76.6229048155178,-1.15375716054758,0.811560344057772,"#BBBEBC"
"6480350685_1","6480350685_1.png",1,0.6122,72.5070949141118,-1.38009860337222,2.25157244869841,"#B1B2AE"
"6480350685_1","6480350685_1.png",2,0.3878,41.9271923971785,-0.384390559209399,2.77157672943205,"#64635E"
"6480519571_1","6480519571_1.png",1,0.518581081081081,70.7644248909696,-0.150095703455,0.414492445616585,"#ADADAC"
"6480519571_1","6480519571_1.png",2,0.481418918918919,54.3765580193744,-2.84361889008019,-5.18508561877583,"#78848B"
"6480633423_1","6480633423_1.png",1,0.5054,76.6140297011599,9.92413092600441,8.02399924892515,"#D5B6AF"
"6480633423_1","6480633423_1.png",2,0.4946,53.8840799487448,6.96653468578205,2.6412480229348,"#8F7D7C"
"6480633423_2","6480633423_2.png",1,0.5464,75.8012641225379,5.90180461106841,8.41034888238159,"#CCB7AC"
"6480633423_2","6480633423_2.png",2,0.4536,49.265691017876,6.39861501193739,4.34610818797878,"#83716E"
"6480879937_1","6480879937_1.png",1,0.6308,60.104053506075,0.600540648138607,1.90736531046936,"#93908E"
"6480879937_1","6480879937_1.png",2,0.3692,77.3765981838217,0.745918962474799,3.52340746210954,"#C3BEB9"
"6480879937_2","6480879937_2.png",1,0.5206,54.023325486852,2.66145624887996,6.31436826943145,"#8A7F76"
"6480879937_2","6480879937_2.png",2,0.4794,79.0354825891924,1.81441132870993,8.32784319497961,"#CEC2B4"
"6485560195_1","6485560195_1.png",1,0.6388,77.7834254993662,1.44318399325146,0.871297755534008,"#C4BFBF"
"6485560195_1","6485560195_1.png",2,0.3612,33.0904485687841,6.52424562856767,0.297804235569177,"#584A4E"
"6485896403_1","6485896403_1.png",1,0.6836,71.5527112264714,-1.70767918579928,0.0595240372876781,"#ACB0AF"
"6485896403_1","6485896403_1.png",2,0.3164,16.1753662642107,0.896455140724117,-6.12542235345297,"#252831"
"6486418022_1","6486418022_1.png",1,0.8028,65.2393906024318,-1.25402095060075,3.81687687310364,"#9F9F98"
"6486418022_1","6486418022_1.png",2,0.1972,24.8005633850401,-0.652023987436821,4.11182190750748,"#3C3B35"
"6498307916_1","6498307916_1.png",1,0.6048,79.6450316657809,1.0267808764884,4.35660723522989,"#CBC4BD"
"6498307916_1","6498307916_1.png",2,0.3952,40.7133867323061,3.79806731905899,6.10956492170645,"#6A5E56"
"6498307916_2","6498307916_2.png",1,0.523,45.4816702985294,-0.226657116359868,2.70279741550738,"#6D6C67"
"6498307916_2","6498307916_2.png",2,0.477,90.1880139423787,2.45689718193816,3.52805821922142,"#EBE1DC"
"6498307916_3","6498307916_3.png",1,0.6066,53.6724695311504,1.15735156925253,5.40709389154106,"#867F77"
"6498307916_3","6498307916_3.png",2,0.3934,92.517555515655,1.47455823323092,5.17862763085381,"#F1E8E0"
"6498432814_1","6498432814_1.png",1,0.589,79.8191957581457,4.17648097898281,15.4113569792004,"#D9C2A9"
"6498432814_1","6498432814_1.png",2,0.411,37.3257288705661,3.64852220817257,6.2099308435698,"#62564E"
"6498553607_1","6498553607_1.png",1,0.855,68.4293790001463,-0.474508479484582,4.06811484937566,"#A9A7A0"
"6498553607_1","6498553607_1.png",2,0.145,28.0166429341061,5.04848561919564,3.96492346723554,"#4C3F3C"
"6498553607_2","6498553607_2.png",1,0.734,69.8592545190779,0.743976265450203,-2.99268533299417,"#AAAAB0"
"6498553607_2","6498553607_2.png",2,0.266,40.0879506879025,6.71033640890542,-0.445395803040728,"#695B5F"
"6498602420_1","6498602420_1.png",1,0.5566,51.6596275886677,0.98018395785863,4.16299559240632,"#807A74"
"6498602420_1","6498602420_1.png",2,0.4434,85.2422855464359,0.606853569099699,2.74726966537128,"#D8D4D0"
"6498602420_2","6498602420_2.png",1,0.6166,54.5869870223597,0.823280591903795,1.95575592762732,"#86827F"
"6498602420_2","6498602420_2.png",2,0.3834,89.1896304342236,1.12771846097828,1.49048753022751,"#E4DFDD"
"6498656042_1","6498656042_1.png",1,0.5386,80.4912662926648,3.24165669355712,9.17470490858075,"#D5C5B7"
"6498656042_1","6498656042_1.png",2,0.4614,41.9720102623053,8.75321937732106,22.1654653569969,"#7C5D3F"
"6498656042_2","6498656042_2.png",1,0.5248,46.6574627050754,8.66077974858287,21.3725057557748,"#88684B"
"6498656042_2","6498656042_2.png",2,0.4752,86.6062662590138,3.03378252443441,8.879933622381,"#E6D6C8"
"6498656042_3","6498656042_3.png",1,0.5546,56.0634281534873,4.04450439722604,16.9648499816595,"#988369"
"6498656042_3","6498656042_3.png",2,0.4454,80.6757800721953,0.927356513171298,8.28268718006264,"#D1C7B9"
"6498656042_4","6498656042_4.png",1,0.6104,72.2997487667688,0.509643447524323,8.42663545433876,"#B9B0A2"
"6498656042_4","6498656042_4.png",2,0.3896,47.1402172834119,3.52883746018094,17.4778125093348,"#806D53"
"6498708806_1","6498708806_1.png",1,0.6874,69.0229063643735,1.36937770671125,-3.39018890815789,"#A8A8AF"
"6498708806_1","6498708806_1.png",2,0.3126,39.5912165291979,2.91277462830951,-9.40632202795029,"#5A5C6C"
"6498793915_1","6498793915_1.png",1,0.6104,70.5958971227335,-0.594684888182925,0.428531273797302,"#ACADAC"
"6498793915_1","6498793915_1.png",2,0.3896,53.8692860630405,-1.71693065272738,1.78046688643736,"#7F827E"
"6499088891_1","6499088891_1.png",1,0.5386,79.4795134355284,0.934300752466002,2.60989330234781,"#C9C4C0"
"6499088891_1","6499088891_1.png",2,0.4614,47.2512322662684,2.83734915271358,3.77082150666178,"#786E6A"
"6499132111_1","6499132111_1.png",1,0.752,68.9058572519505,2.55032254402458,5.27100457537636,"#B1A69F"
"6499132111_1","6499132111_1.png",2,0.248,41.2638480989745,4.74066361538817,7.28382090320068,"#6E5E56"
"6499673891_1","6499673891_1.png",1,0.7354,70.158726123179,1.31525451089786,1.79991608134593,"#AFABA8"
"6499673891_1","6499673891_1.png",2,0.2646,40.2130720536608,5.04833163726592,-1.94822504485719,"#665C62"
"6499834630_1","6499834630_1.png",1,0.6498,70.6313218362417,0.0956139135465458,2.87298613405,"#AFACA8"
"6499834630_1","6499834630_1.png",2,0.3502,47.6351876739583,2.06849216869714,7.92422115794839,"#7A6F64"
"6499834630_2","6499834630_2.png",1,0.706,68.874275327451,-0.27853329791783,1.82362793625099,"#A9A8A5"
"6499834630_2","6499834630_2.png",2,0.294,44.9783606998479,0.467265524559729,4.43383475206565,"#6E6A63"
"6499834630_3","6499834630_3.png",1,0.7242,68.4504797144457,-0.308078458772666,1.76250731970866,"#A8A7A4"
"6499834630_3","6499834630_3.png",2,0.2758,41.9900062333107,0.771504153670985,4.34342172149019,"#67625C"
"6499834630_4","6499834630_4.png",1,0.7664,67.8851561847709,-0.02845187986126,2.29595403519989,"#A7A5A1"
"6499834630_4","6499834630_4.png",2,0.2336,40.675554987435,0.0166922064037737,4.80616304165525,"#636058"
"6500100225_1","6500100225_1.png",1,0.5886,78.3057259137957,4.19606764170533,13.4094461102988,"#D3BEA9"
"6500100225_1","6500100225_1.png",2,0.4114,39.0372057056216,11.1303637321393,23.6622221244921,"#785436"
"6500376737_1","6500376737_1.png",1,0.5712,52.5277277460013,1.09320959175493,12.148884034419,"#877C69"
"6500376737_1","6500376737_1.png",2,0.4288,82.7727365794945,-0.194582213418251,5.53611293689899,"#D2CEC4"
"6500415631_1","6500415631_1.png",1,0.8448,65.9042374495665,-0.582516749357985,-1.08760499219799,"#9EA1A2"
"6500415631_1","6500415631_1.png",2,0.1552,49.7664605959734,0.291399953448493,2.72262436951069,"#797672"
"6500415631_2","6500415631_2.png",1,0.7874,66.6485733405553,-0.238716564254765,-0.609369540175714,"#A1A2A3"
"6500415631_2","6500415631_2.png",2,0.2126,48.2022533947774,0.869863116485688,-0.238554334054829,"#747273"
"891151578_1","891151578_1.png",1,0.5434,78.0565687832806,0.417479380171484,8.1376338288528,"#C8C0B2"
"891151578_1","891151578_1.png",2,0.4566,42.9531799220308,1.58422262909862,10.6884029368393,"#6F6454"
"891151578_2","891151578_2.png",1,0.5856,76.1141700271361,-0.115178614018988,8.54560762902437,"#C2BBAC"
"891151578_2","891151578_2.png",2,0.4144,38.4731256454329,0.702292388328026,13.4547744995429,"#645945"
"891151578_3","891151578_3.png",1,0.6014,74.4116791164741,-0.898187772550472,10.7940595980381,"#BEB7A3"
"891151578_3","891151578_3.png",2,0.3986,39.2411472073365,2.63743055718752,24.4110122146936,"#6D5A35"
"891151578_4","891151578_4.png",1,0.5828,75.4173357982727,2.09244353279352,10.2321683385947,"#C5B8A7"
"891151578_4","891151578_4.png",2,0.4172,40.8451665460952,4.83949213668201,17.0709067588869,"#725D45"
"891151578_5","891151578_5.png",1,0.7222,68.2441363433337,2.11574640590537,10.1191628666937,"#B2A494"
"891151578_5","891151578_5.png",2,0.2778,41.6843715700343,5.70142594158081,18.9029768273087,"#765E44"
"891151578_6","891151578_6.png",1,0.5158,43.318821700353,0.104267951774971,9.89096942203095,"#6D6656"
"891151578_6","891151578_6.png",2,0.4842,88.5810509185755,-0.165195064082092,7.04414774360955,"#E4DED1"
