gbif_id,latitude,longitude,observation_date,photo_ids,photos
6151094097,37.0,-6.6,2026-01-31,['6151094097_1'],['https://observation.org/photos/143819180.jpg']
6163252981,38.112528,-7.064358,2026-02-21T14:48:09Z,['6163252981_1'],['https://inaturalist-open-data.s3.amazonaws.com/photos/617853491/original.jpg']
6178695149,38.060601,-4.127104,2026-02-19T14:40:39,['6178695149_1'],['https://inaturalist-open-data.s3.amazonaws.com/photos/620920989/original.jpg']
6320360109,38.05512,-4.122111,2026-02-21T11:19:04,['6320360109_1'],['https://inaturalist-open-data.s3.amazonaws.com/photos/659724529/original.jpg']
6178722907,38.722177,-9.432768,2026-03-08T13:30Z,"['6178722907_1', '6178722907_2', '6178722907_3', '6178722907_4', '6178722907_5', '6178722907_6', '6178722907_7', '6178722907_8']","['https://inaturalist-open-data.s3.amazonaws.com/photos/622464318/original.jpg', 'https://inaturalist-open-data.s3.amazonaws.com/photos/622464334/original.jpg', 'https://inaturalist-open-data.s3.amazonaws.com/photos/622464359/original.jpg', 'https://inaturalist-open-data.s3.amazonaws.com/photos/622464380/original.jpg', 'https://inaturalist-open-data.s3.amazonaws.com/photos/622464400/original.jpg', 'https://inaturalist-open-data.s3.amazonaws.com/photos/622464417/original.jpg', 'https://inaturalist-open-data.s3.amazonaws.com/photos/622464440/original.jpg', 'https://inaturalist-open-data.s3.amazonaws.com/photos/622464449/original.jpg']"
6183842415,41.813186,-6.873747,2026-03-18,['6183842415_1'],['https://observation.org/photos/145456942.jpg']
6188056152,38.019683,-3.957755,2026-03-31,['6188056152_1'],['https://inaturalist-open-data.s3.amazonaws.com/photos/631829413/original.jpg']
6188193741,41.699818,1.805312,2026-04-05T09:22,"['6188193741_1', '6188193741_2', '6188193741_3', '6188193741_4']","['https://inaturalist-open-data.s3.amazonaws.com/photos/634356435/original.jpg', 'https://inaturalist-open-data.s3.amazonaws.com/photos/634356471/original.jpg', 'https://inaturalist-open-data.s3.amazonaws.com/photos/634356497/original.jpg', 'https://inaturalist-open-data.s3.amazonaws.com/photos/634356534/original.jpg']"
6188292805,39.403708,-5.595476,2026-04-02T12:37:37,['6188292805_1'],['https://inaturalist-open-data.s3.amazonaws.com/photos/632736544/original.jpg']
6188493351,37.981667,-5.283351,2026-04-04T12:20:05,"['6188493351_1', '6188493351_2', '6188493351_3']","['https://inaturalist-open-data.s3.amazonaws.com/photos/633599143/original.jpg', 'https://inaturalist-open-data.s3.amazonaws.com/photos/633599186/original.jpg', 'https://inaturalist-open-data.s3.amazonaws.com/photos/633599266/original.jpg']"
6188505244,41.6635,1.906345,2026-04-01T11:45:32,"['6188505244_1', '6188505244_2', '6188505244_3']","['https://inaturalist-open-data.s3.amazonaws.com/photos/633698756/original.jpg', 'https://inaturalist-open-data.s3.amazonaws.com/photos/633698810/original.jpg', 'https://inaturalist-open-data.s3.amazonaws.com/photos/633698874/original.jpg']"
6188603455,40.411927,-4.805473,2026-04-01T14:32,['6188603455_1'],['https://inaturalist-open-data.s3.amazonaws.com/photos/631763901/original.jpg']
6195373306,42.666498,-3.415507,2026-04-08T17:14:29,['6195373306_1'],['https://inaturalist-open-data.s3.amazonaws.com/photos/635338589/original.jpg']
6195723707,42.33851,-3.717177,2026-04-10T17:20,"['6195723707_1', '6195723707_2', '6195723707_3', '6195723707_4']","['https://inaturalist-open-data.s3.amazonaws.com/photos/636477469/original.jpg', 'https://inaturalist-open-data.s3.amazonaws.com/photos/636477497/original.jpg', 'https://inaturalist-open-data.s3.amazonaws.com/photos/636477509/original.jpg', 'https://inaturalist-open-data.s3.amazonaws.com/photos/636477508/original.jpg']"
6195802499,42.133921,-3.484578,2026-04-05T13:16,"['6195802499_1', '6195802499_2', '6195802499_3']","['https://inaturalist-open-data.s3.amazonaws.com/photos/636383730/original.jpg', 'https://inaturalist-open-data.s3.amazonaws.com/photos/636383746/original.jpg', 'https://inaturalist-open-data.s3.amazonaws.com/photos/636383747/original.jpg']"
6227569398,40.7,0.15,2026-04-24,['6227569398_1'],['https://observation.org/photos/148722609.jpg']
6228339469,36.952193,-4.545372,2026-04-20,['6228339469_1'],['https://observation.org/photos/148533040.jpg']
6234644257,38.664909,-0.427159,2026-04-15T13:57,['6234644257_1'],['https://inaturalist-open-data.s3.amazonaws.com/photos/638977118/original.jpg']
6234690675,40.551508,-1.66805,2026-04-18T14:30:44,['6234690675_1'],['https://inaturalist-open-data.s3.amazonaws.com/photos/640447779/original.jpg']
6235455910,40.292649,-1.940856,2026-04-15T13:03:05,"['6235455910_1', '6235455910_2', '6235455910_3', '6235455910_4', '6235455910_5', '6235455910_6']","['https://inaturalist-open-data.s3.amazonaws.com/photos/639503112/original.jpg', 'https://inaturalist-open-data.s3.amazonaws.com/photos/639503144/original.jpg', 'https://inaturalist-open-data.s3.amazonaws.com/photos/640041685/original.jpg', 'https://inaturalist-open-data.s3.amazonaws.com/photos/640041687/original.jpg', 'https://inaturalist-open-data.s3.amazonaws.com/photos/640041688/original.jpg', 'https://inaturalist-open-data.s3.amazonaws.com/photos/640041693/original.jpg']"
6236079123,37.0945,-6.687617,2026-04-16T10:44:09,"['6236079123_1', '6236079123_2', '6236079123_3']","['https://inaturalist-open-data.s3.amazonaws.com/photos/639120737/original.jpg', 'https://inaturalist-open-data.s3.amazonaws.com/photos/639120795/original.jpg', 'https://inaturalist-open-data.s3.amazonaws.com/photos/639209302/original.jpg']"
6236095348,41.644501,-2.597277,2026-04-25T13:23:01,['6236095348_1'],['https://inaturalist-open-data.s3.amazonaws.com/photos/645533270/original.jpg']
6236511840,40.654495,-4.08808,2026-04-25T15:36:06,"['6236511840_1', '6236511840_2']","['https://inaturalist-open-data.s3.amazonaws.com/photos/645736677/original.jpg', 'https://inaturalist-open-data.s3.amazonaws.com/photos/645737071/original.jpg']"
6273254805,41.315606,1.014896,2026-04-07T13:24:03,['6273254805_1'],['https://inaturalist-open-data.s3.amazonaws.com/photos/655381748/original.jpg']
6344669432,40.35,-4.65,2026-04-26,['6344669432_1'],['https://observation.org/photos/149114664.jpg']
6345013372,40.35,-4.65,2026-04-26,['6345013372_1'],['https://observation.org/photos/149159554.jpg']
6520132503,40.73136,-4.121868,2026-04-26T13:45,['6520132503_1'],['https://inaturalist-open-data.s3.amazonaws.com/photos/646785839/original.jpg']
6520165142,42.376659,-3.515638,2026-04-04T15:33,['6520165142_1'],['https://inaturalist-open-data.s3.amazonaws.com/photos/730302875/original.jpg']
6251479494,41.949143,-7.336488,2026-05-02T19:22:40,['6251479494_1'],['https://inaturalist-open-data.s3.amazonaws.com/photos/653086193/original.jpg']
6253351069,41.208705,-8.750895,2026-05-01T13:10:16,['6253351069_1'],['https://inaturalist-open-data.s3.amazonaws.com/photos/651396945/original.jpg']
6274094773,41.338943,-8.773579,2026-05-01T13:02:53,['6274094773_1'],['https://inaturalist-open-data.s3.amazonaws.com/photos/652733706/original.jpg']
6320569535,42.603417,-3.620412,2026-05-11T11:54:52,"['6320569535_1', '6320569535_2']","['https://inaturalist-open-data.s3.amazonaws.com/photos/662039321/original.jpg', 'https://inaturalist-open-data.s3.amazonaws.com/photos/667756529/original.jpg']"
6320951853,38.43444,-8.086441,2026-05-15T18:47:15,['6320951853_1'],['https://inaturalist-open-data.s3.amazonaws.com/photos/660220927/original.jpg']
6333997425,42.369489,-3.712512,2026-05-11T18:06,['6333997425_1'],['https://inaturalist-open-data.s3.amazonaws.com/photos/664410203/original.jpg']
6334118970,42.711323,-3.791849,2026-05-11T11:44:15,"['6334118970_1', '6334118970_2']","['https://inaturalist-open-data.s3.amazonaws.com/photos/662651667/original.jpg', 'https://inaturalist-open-data.s3.amazonaws.com/photos/662651694/original.jpg']"
6334138335,39.396185,-7.388115,2026-05-19T21:53:19,['6334138335_1'],['https://inaturalist-open-data.s3.amazonaws.com/photos/663174010/original.jpg']
6334272968,40.055376,-8.31962,2026-05-22T09:34:25,['6334272968_1'],['https://inaturalist-open-data.s3.amazonaws.com/photos/664573094/original.jpg']
6334296439,42.374674,-3.472291,2026-05-19T08:54,['6334296439_1'],['https://inaturalist-open-data.s3.amazonaws.com/photos/662631741/original.jpg']
6334647435,42.206073,-3.743239,2026-05-11T20:29,"['6334647435_1', '6334647435_2']","['https://inaturalist-open-data.s3.amazonaws.com/photos/663772520/original.jpg', 'https://inaturalist-open-data.s3.amazonaws.com/photos/663773762/original.jpg']"
6335018579,36.903845,-3.926842,2026-05-23T17:47,['6335018579_1'],['https://inaturalist-open-data.s3.amazonaws.com/photos/665362925/original.jpg']
6343065697,42.05,-6.5,2026-05-23,['6343065697_1'],['https://observation.org/photos/153343308.jpg']
6343450499,41.715575,-8.152864,2026-05-07,['6343450499_1'],['https://observation.org/photos/150535659.jpg']
6344903021,42.05,-4.4,2026-05-05,"['6344903021_1', '6344903021_2', '6344903021_3']","['https://observation.org/photos/150355603.jpg', 'https://observation.org/photos/150356554.jpg', 'https://observation.org/photos/150428769.jpg']"
6352463558,39.575355,-8.814392,2026-05-01T00:00,['6352463558_1'],['https://inaturalist-open-data.s3.amazonaws.com/photos/671048659/original.jpg']
6352529990,38.597953,-1.131597,2026-05-23,"['6352529990_1', '6352529990_2', '6352529990_3']","['https://inaturalist-open-data.s3.amazonaws.com/photos/668063774/original.jpg', 'https://inaturalist-open-data.s3.amazonaws.com/photos/668507741/original.jpg', 'https://inaturalist-open-data.s3.amazonaws.com/photos/668507770/original.jpg']"
6352701751,38.652278,-0.529045,2026-05-29T10:38,['6352701751_1'],['https://inaturalist-open-data.s3.amazonaws.com/photos/668830004/original.jpg']
6352833353,41.821883,-1.82787,2026-05-26T10:55,"['6352833353_1', '6352833353_2']","['https://inaturalist-open-data.s3.amazonaws.com/photos/667670342/original.jpg', 'https://inaturalist-open-data.s3.amazonaws.com/photos/667670393/original.jpg']"
6398587523,41.337119,-8.762705,2026-05-23T11:47,['6398587523_1'],['https://inaturalist-open-data.s3.amazonaws.com/photos/675436018/original.jpg']
6398737456,42.316702,-3.462987,2026-05-29,"['6398737456_1', '6398737456_2', '6398737456_3']","['https://inaturalist-open-data.s3.amazonaws.com/photos/671566986/original.jpg', 'https://inaturalist-open-data.s3.amazonaws.com/photos/671567222/original.jpg', 'https://inaturalist-open-data.s3.amazonaws.com/photos/671567388/original.jpg']"
6399742745,36.730981,-3.92672,2026-05-31T16:24:54,"['6399742745_1', '6399742745_2']","['https://inaturalist-open-data.s3.amazonaws.com/photos/671824967/original.jpg', 'https://inaturalist-open-data.s3.amazonaws.com/photos/671825012/original.jpg']"
6400026660,42.792088,-4.310337,2026-05-31T16:15,['6400026660_1'],['https://inaturalist-open-data.s3.amazonaws.com/photos/679524323/original.jpg']
6400211325,40.42476,-5.27749,2026-05-31T17:09:58,['6400211325_1'],['https://inaturalist-open-data.s3.amazonaws.com/photos/672729309/original.jpg']
6400446934,36.796991,-3.830074,2026-05-31T16:19:54,"['6400446934_1', '6400446934_2', '6400446934_3', '6400446934_4']","['https://inaturalist-open-data.s3.amazonaws.com/photos/671826538/original.jpg', 'https://inaturalist-open-data.s3.amazonaws.com/photos/671826590/original.jpg', 'https://inaturalist-open-data.s3.amazonaws.com/photos/671826633/original.jpg', 'https://inaturalist-open-data.s3.amazonaws.com/photos/671826688/original.jpg']"
6469711389,41.923018,-7.332975,2026-05-02T20:16,"['6469711389_1', '6469711389_2', '6469711389_3']","['https://inaturalist-open-data.s3.amazonaws.com/photos/705605297/original.jpg', 'https://inaturalist-open-data.s3.amazonaws.com/photos/705605288/original.jpg', 'https://inaturalist-open-data.s3.amazonaws.com/photos/705605286/original.jpg']"
6399093894,41.101664,-3.52761,2026-06-02T17:42:48,"['6399093894_1', '6399093894_2']","['https://inaturalist-open-data.s3.amazonaws.com/photos/671838041/original.jpg', 'https://inaturalist-open-data.s3.amazonaws.com/photos/671838079/original.jpg']"
6400254059,39.240324,-7.204734,2026-06-13T21:34:13,['6400254059_1'],['https://inaturalist-open-data.s3.amazonaws.com/photos/678529313/original.jpg']
6400722756,40.301973,-0.325194,2026-06-03T18:50:03,['6400722756_1'],['https://inaturalist-open-data.s3.amazonaws.com/photos/673497708/original.jpg']
6413124669,40.444782,-6.18491,2026-06-11T10:39,['6413124669_1'],['https://inaturalist-open-data.s3.amazonaws.com/photos/682626635/original.jpg']
6422677624,42.470346,-3.46852,2026-06-20T08:56,"['6422677624_1', '6422677624_2', '6422677624_3', '6422677624_4', '6422677624_5', '6422677624_6']","['https://inaturalist-open-data.s3.amazonaws.com/photos/686418135/original.jpg', 'https://inaturalist-open-data.s3.amazonaws.com/photos/686418157/original.jpg', 'https://inaturalist-open-data.s3.amazonaws.com/photos/686418154/original.jpg', 'https://inaturalist-open-data.s3.amazonaws.com/photos/686418158/original.jpg', 'https://inaturalist-open-data.s3.amazonaws.com/photos/686418176/original.jpg', 'https://inaturalist-open-data.s3.amazonaws.com/photos/686418175/original.jpg']"
6423144963,42.264077,-3.5576,2026-06-27T15:01:55,"['6423144963_1', '6423144963_2']","['https://inaturalist-open-data.s3.amazonaws.com/photos/687081761/original.jpg', 'https://inaturalist-open-data.s3.amazonaws.com/photos/687081954/original.jpg']"
6451946720,40.892826,-3.889395,2026-06-11T11:18,"['6451946720_1', '6451946720_2']","['https://inaturalist-open-data.s3.amazonaws.com/photos/699494950/original.jpg', 'https://inaturalist-open-data.s3.amazonaws.com/photos/699495057/original.jpg']"
6480628165,41.656225,1.872399,2026-06-30,"['6480628165_1', '6480628165_2', '6480628165_3']","['https://inaturalist-open-data.s3.amazonaws.com/photos/708602993/original.jpg', 'https://inaturalist-open-data.s3.amazonaws.com/photos/708603277/original.jpg', 'https://inaturalist-open-data.s3.amazonaws.com/photos/708603341/original.jpg']"
6452095853,40.772102,-4.120168,2026-07-12T18:13,['6452095853_1'],['https://inaturalist-open-data.s3.amazonaws.com/photos/699496373/original.jpg']
6470436320,41.200362,-8.643652,2026-07-21T13:50:28,"['6470436320_1', '6470436320_2']","['https://inaturalist-open-data.s3.amazonaws.com/photos/702106132/original.jpg', 'https://inaturalist-open-data.s3.amazonaws.com/photos/702106171/original.jpg']"
6500468444,41.802087,-3.480042,2026-07-25T14:10,['6500468444_1'],['https://inaturalist-open-data.s3.amazonaws.com/photos/719628992/original.jpg']
6498577772,41.431438,1.821789,2026-08-14T20:08:04,"['6498577772_1', '6498577772_2', '6498577772_3']","['https://inaturalist-open-data.s3.amazonaws.com/photos/717135007/original.jpg', 'https://inaturalist-open-data.s3.amazonaws.com/photos/717135028/original.jpg', 'https://inaturalist-open-data.s3.amazonaws.com/photos/717135058/original.jpg']"
6498820025,42.042849,-3.524172,2026-08-15T10:27,"['6498820025_1', '6498820025_2', '6498820025_3', '6498820025_4', '6498820025_5']","['https://inaturalist-open-data.s3.amazonaws.com/photos/720337369/original.jpg', 'https://inaturalist-open-data.s3.amazonaws.com/photos/720337404/original.jpg', 'https://inaturalist-open-data.s3.amazonaws.com/photos/720337411/original.jpg', 'https://inaturalist-open-data.s3.amazonaws.com/photos/720337410/original.jpg', 'https://inaturalist-open-data.s3.amazonaws.com/photos/720337451/original.jpg']"
6498949812,41.242701,0.991656,2026-08-23T11:33:07,['6498949812_1'],['https://inaturalist-open-data.s3.amazonaws.com/photos/721739242/original.jpg']
6518416953,40.338936,-7.45353,2026-08-27T16:34,['6518416953_1'],['https://inaturalist-open-data.s3.amazonaws.com/photos/725079344/original.jpg']
6518915077,40.54236,-1.411738,2026-08-15T13:46,"['6518915077_1', '6518915077_2', '6518915077_3', '6518915077_4', '6518915077_5']","['https://inaturalist-open-data.s3.amazonaws.com/photos/723113170/original.jpg', 'https://inaturalist-open-data.s3.amazonaws.com/photos/723113220/original.jpg', 'https://inaturalist-open-data.s3.amazonaws.com/photos/723113248/original.jpg', 'https://inaturalist-open-data.s3.amazonaws.com/photos/723113277/original.jpg', 'https://inaturalist-open-data.s3.amazonaws.com/photos/723113310/original.jpg']"
6519171613,41.93001,-3.062131,2026-08-25T18:12:50,['6519171613_1'],['https://inaturalist-open-data.s3.amazonaws.com/photos/723133742/original.jpg']
6519460344,42.533915,-4.034014,2026-08-29T19:19:42,"['6519460344_1', '6519460344_2', '6519460344_3', '6519460344_4', '6519460344_5']","['https://inaturalist-open-data.s3.amazonaws.com/photos/726453797/original.jpg', 'https://inaturalist-open-data.s3.amazonaws.com/photos/726453848/original.jpg', 'https://inaturalist-open-data.s3.amazonaws.com/photos/726455297/original.jpg', 'https://inaturalist-open-data.s3.amazonaws.com/photos/726455369/original.jpg', 'https://inaturalist-open-data.s3.amazonaws.com/photos/726455406/original.jpg']"
6520505263,41.211517,-8.612928,2026-08-27T14:01:20,['6520505263_1'],['https://inaturalist-open-data.s3.amazonaws.com/photos/724110620/original.jpg']
6518350515,41.061554,-3.514244,2026-09-02T17:38:05,['6518350515_1'],['https://inaturalist-open-data.s3.amazonaws.com/photos/727461527/original.jpg']
6519193364,40.794009,-8.015648,2026-09-07T18:42:34,['6519193364_1'],['https://inaturalist-open-data.s3.amazonaws.com/photos/730390184/original.jpg']
6519712472,40.282616,-5.017941,2026-09-05T00:44,"['6519712472_1', '6519712472_2']","['https://inaturalist-open-data.s3.amazonaws.com/photos/728729498/original.jpg', 'https://inaturalist-open-data.s3.amazonaws.com/photos/728729543/original.jpg']"
5063058396,41.269892,-8.677112,2025-01-15T13:39:33Z,"['5063058396_1', '5063058396_2']","['https://inaturalist-open-data.s3.amazonaws.com/photos/463970891/original.jpeg', 'https://inaturalist-open-data.s3.amazonaws.com/photos/463970906/original.jpeg']"
5087265965,39.13277,-9.181571,2025-03-01T11:44:50Z,['5087265965_1'],['https://inaturalist-open-data.s3.amazonaws.com/photos/473349475/original.jpeg']
5087487189,41.915737,-7.009299,2025-03-01T13:06:46,"['5087487189_1', '5087487189_2', '5087487189_3', '5087487189_4']","['https://inaturalist-open-data.s3.amazonaws.com/photos/473841665/original.jpeg', 'https://inaturalist-open-data.s3.amazonaws.com/photos/473841684/original.jpeg', 'https://inaturalist-open-data.s3.amazonaws.com/photos/473841704/original.jpeg', 'https://inaturalist-open-data.s3.amazonaws.com/photos/473841721/original.jpeg']"
5101394522,38.55,-6.1,2025-03-28,['5101394522_1'],['https://observation.org/photos/112655846.jpg']
5107586231,38.75,-0.35,2025-03-31,['5107586231_1'],['https://observation.org/photos/112827384.jpg']
5134445746,41.133161,-3.567448,2025-03-31T15:14,"['5134445746_1', '5134445746_2', '5134445746_3']","['https://inaturalist-open-data.s3.amazonaws.com/photos/484255246/original.jpeg', 'https://inaturalist-open-data.s3.amazonaws.com/photos/484255587/original.jpeg', 'https://inaturalist-open-data.s3.amazonaws.com/photos/484255595/original.jpeg']"
5134631779,41.153766,-3.543289,2025-03-31T16:08,"['5134631779_1', '5134631779_2', '5134631779_3', '5134631779_4', '5134631779_5']","['https://inaturalist-open-data.s3.amazonaws.com/photos/484255956/original.jpeg', 'https://inaturalist-open-data.s3.amazonaws.com/photos/484255943/original.jpeg', 'https://inaturalist-open-data.s3.amazonaws.com/photos/484255903/original.jpeg', 'https://inaturalist-open-data.s3.amazonaws.com/photos/484255907/original.jpeg', 'https://inaturalist-open-data.s3.amazonaws.com/photos/484255904/original.jpeg']"
6178498417,41.73904,2.033666,2025-03-30T12:40,['6178498417_1'],['https://inaturalist-open-data.s3.amazonaws.com/photos/623512805/original.jpg']
5107996021,42.6,-4.05,2025-04-07,"['5107996021_1', '5107996021_2']","['https://observation.org/photos/113352631.jpg', 'https://observation.org/photos/113397901.jpg']"
5108832248,36.5,-5.65,2025-04-10,"['5108832248_1', '5108832248_2']","['https://observation.org/photos/113560116.jpg', 'https://observation.org/photos/113560118.jpg']"
5108902180,36.5,-5.65,2025-04-10,"['5108902180_1', '5108902180_2', '5108902180_3', '5108902180_4', '5108902180_5']","['https://observation.org/photos/113564524.jpg', 'https://observation.org/photos/113564525.jpg', 'https://observation.org/photos/113564526.jpg', 'https://observation.org/photos/113564527.jpg', 'https://observation.org/photos/113564528.jpg']"
5132165761,41.8,-2.1,2025-04-18,['5132165761_1'],['https://observation.org/photos/114264614.jpg']
5133564233,41.86083,-8.146758,2025-04-13T15:35:42,"['5133564233_1', '5133564233_2']","['https://inaturalist-open-data.s3.amazonaws.com/photos/486023073/original.jpg', 'https://inaturalist-open-data.s3.amazonaws.com/photos/486023990/original.jpg']"
5134555424,39.439259,-8.980843,2025-04-05T15:16:54,"['5134555424_1', '5134555424_2', '5134555424_3']","['https://inaturalist-open-data.s3.amazonaws.com/photos/483219936/original.jpg', 'https://inaturalist-open-data.s3.amazonaws.com/photos/483219881/original.jpg', 'https://inaturalist-open-data.s3.amazonaws.com/photos/483219975/original.jpg']"
5134680163,41.451079,-7.613274,2025-04-09T14:26,['5134680163_1'],['https://inaturalist-open-data.s3.amazonaws.com/photos/484575167/original.jpeg']
5138850726,38.15,-4.0,2025-04-17,['5138850726_1'],['https://observation.org/photos/117584504.jpg']
5138852840,38.15,-3.95,2025-04-22,['5138852840_1'],['https://observation.org/photos/114716832.jpg']
5140116489,41.034655,-3.564091,2025-04-23T10:29:03,['5140116489_1'],['https://inaturalist-open-data.s3.amazonaws.com/photos/490301102/original.jpeg']
5153122456,42.700985,-3.650316,2025-04-30T17:27:11,"['5153122456_1', '5153122456_2', '5153122456_3', '5153122456_4']","['https://inaturalist-open-data.s3.amazonaws.com/photos/498144727/original.jpg', 'https://inaturalist-open-data.s3.amazonaws.com/photos/498144805/original.jpg', 'https://inaturalist-open-data.s3.amazonaws.com/photos/498145590/original.jpg', 'https://inaturalist-open-data.s3.amazonaws.com/photos/498145689/original.jpg']"
5154616235,40.588272,-4.244806,2025-04-26T11:59:10,"['5154616235_1', '5154616235_2']","['https://inaturalist-open-data.s3.amazonaws.com/photos/499442019/original.jpeg', 'https://inaturalist-open-data.s3.amazonaws.com/photos/499442085/original.jpeg']"
5168424547,41.711312,-8.140056,2025-04-30T10:00,['5168424547_1'],['https://inaturalist-open-data.s3.amazonaws.com/photos/507967734/original.jpg']
5292621560,42.142159,-4.31198,2025-04-28T18:23:23,['5292621560_1'],['https://inaturalist-open-data.s3.amazonaws.com/photos/551065790/original.jpg']
5828504252,42.27984,-4.183967,2025-04-14T12:54:33,"['5828504252_1', '5828504252_2', '5828504252_3']","['https://inaturalist-open-data.s3.amazonaws.com/photos/562493956/original.jpg', 'https://inaturalist-open-data.s3.amazonaws.com/photos/562493976/original.jpg', 'https://inaturalist-open-data.s3.amazonaws.com/photos/562493991/original.jpg']"
5830717863,37.734341,-2.154759,2025-04-05T13:25:14,"['5830717863_1', '5830717863_2', '5830717863_3']","['https://inaturalist-open-data.s3.amazonaws.com/photos/568498705/original.jpg', 'https://inaturalist-open-data.s3.amazonaws.com/photos/568498743/original.jpg', 'https://inaturalist-open-data.s3.amazonaws.com/photos/568498789/original.jpg']"
6188482408,42.260639,-4.051759,2025-04-14T12:53,['6188482408_1'],['https://inaturalist-open-data.s3.amazonaws.com/photos/632661535/original.jpg']
5153384591,41.26829,-8.606371,2025-05-10T16:14:22,['5153384591_1'],['https://inaturalist-open-data.s3.amazonaws.com/photos/502775250/original.jpg']
5164585801,39.394117,-7.325633,2025-05-24,['5164585801_1'],['https://observation.org/photos/118804000.jpg']
5164751199,39.394059,-7.325631,2025-05-24,['5164751199_1'],['https://observation.org/photos/118804206.jpg']
5166863231,40.443108,-1.619712,2025-05-18T15:50:11,['5166863231_1'],['https://inaturalist-open-data.s3.amazonaws.com/photos/507207485/original.jpg']
5167152731,40.993194,-8.206122,2025-05-18T14:49,['5167152731_1'],['https://inaturalist-open-data.s3.amazonaws.com/photos/506971380/original.jpg']
5167429436,39.454854,-8.784386,2025-05-24T11:55:50,"['5167429436_1', '5167429436_2']","['https://inaturalist-open-data.s3.amazonaws.com/photos/509621127/original.jpg', 'https://inaturalist-open-data.s3.amazonaws.com/photos/509621175/original.jpg']"
5167714005,39.405453,-8.770871,2025-05-24T11:49:54,['5167714005_1'],['https://inaturalist-open-data.s3.amazonaws.com/photos/509649768/original.jpg']
5167826067,42.259962,-3.550704,2025-05-24T11:57:46,['5167826067_1'],['https://inaturalist-open-data.s3.amazonaws.com/photos/510521573/original.jpg']
5167976235,40.24057,-1.726849,2025-05-18T18:59,['5167976235_1'],['https://inaturalist-open-data.s3.amazonaws.com/photos/507054439/original.jpg']
5168463157,40.871666,-3.992688,2025-05-25T11:18,['5168463157_1'],['https://inaturalist-open-data.s3.amazonaws.com/photos/511487891/original.jpg']
5176724002,41.624277,-1.89257,2025-05-26T13:14:54,['5176724002_1'],['https://inaturalist-open-data.s3.amazonaws.com/photos/512032671/original.jpg']
5176861973,40.680112,-3.933045,2025-05-31T12:22,"['5176861973_1', '5176861973_2', '5176861973_3', '5176861973_4', '5176861973_5', '5176861973_6', '5176861973_7', '5176861973_8', '5176861973_9', '5176861973_10', '5176861973_11', '5176861973_12']","['https://inaturalist-open-data.s3.amazonaws.com/photos/514062814/original.jpg', 'https://inaturalist-open-data.s3.amazonaws.com/photos/514062841/original.jpg', 'https://inaturalist-open-data.s3.amazonaws.com/photos/514062774/original.jpg', 'https://inaturalist-open-data.s3.amazonaws.com/photos/514062796/original.jpg', 'https://inaturalist-open-data.s3.amazonaws.com/photos/514062804/original.jpg', 'https://inaturalist-open-data.s3.amazonaws.com/photos/514062755/original.jpg', 'https://inaturalist-open-data.s3.amazonaws.com/photos/514062753/original.jpg', 'https://inaturalist-open-data.s3.amazonaws.com/photos/514062733/original.jpg', 'https://inaturalist-open-data.s3.amazonaws.com/photos/514062716/original.jpg', 'https://inaturalist-open-data.s3.amazonaws.com/photos/514062676/original.jpg', 'https://inaturalist-open-data.s3.amazonaws.com/photos/514062666/original.jpg', 'https://inaturalist-open-data.s3.amazonaws.com/photos/514062720/original.jpg']"
5198967697,42.500968,-3.615193,2025-05-01T15:06:10,['5198967697_1'],['https://inaturalist-open-data.s3.amazonaws.com/photos/519032405/original.jpg']
5216939223,40.401844,-7.545778,2025-05-24T13:30,['5216939223_1'],['https://inaturalist-open-data.s3.amazonaws.com/photos/529746888/original.jpg']
5231028490,40.499799,-7.452779,2025-05-24T15:09,"['5231028490_1', '5231028490_2', '5231028490_3']","['https://inaturalist-open-data.s3.amazonaws.com/photos/537829991/original.jpg', 'https://inaturalist-open-data.s3.amazonaws.com/photos/537830027/original.jpg', 'https://inaturalist-open-data.s3.amazonaws.com/photos/537830062/original.jpg']"
5840706202,42.0,-3.55,2025-05-22,"['5840706202_1', '5840706202_2']","['https://observation.org/photos/118553021.jpg', 'https://observation.org/photos/118553022.jpg']"
6320076350,38.641079,-1.033085,2025-05-03T09:06,['6320076350_1'],['https://inaturalist-open-data.s3.amazonaws.com/photos/659196893/original.jpg']
6320922472,42.233174,-3.598472,2025-05-24T11:57:25,['6320922472_1'],['https://inaturalist-open-data.s3.amazonaws.com/photos/658531267/original.jpg']
6479394914,42.472555,-3.372933,2025-05-27T14:50,"['6479394914_1', '6479394914_2', '6479394914_3']","['https://inaturalist-open-data.s3.amazonaws.com/photos/707694697/original.jpg', 'https://inaturalist-open-data.s3.amazonaws.com/photos/707694693/original.jpg', 'https://inaturalist-open-data.s3.amazonaws.com/photos/707694696/original.jpg']"
6480843556,42.358655,-3.802758,2025-05-30T11:24,"['6480843556_1', '6480843556_2', '6480843556_3']","['https://inaturalist-open-data.s3.amazonaws.com/photos/707695574/original.jpg', 'https://inaturalist-open-data.s3.amazonaws.com/photos/707695575/original.jpg', 'https://inaturalist-open-data.s3.amazonaws.com/photos/707695577/original.jpg']"
5180394617,37.2,-3.45,2025-06-02,"['5180394617_1', '5180394617_2']","['https://observation.org/photos/120302993.jpg', 'https://observation.org/photos/120302994.jpg']"
5198436085,41.523907,-7.616818,2025-06-13T08:50:22,"['5198436085_1', '5198436085_2', '5198436085_3', '5198436085_4']","['https://inaturalist-open-data.s3.amazonaws.com/photos/520167615/original.jpg', 'https://inaturalist-open-data.s3.amazonaws.com/photos/520167637/original.jpg', 'https://inaturalist-open-data.s3.amazonaws.com/photos/520167657/original.jpg', 'https://inaturalist-open-data.s3.amazonaws.com/photos/520167685/original.jpg']"
5198574796,40.703742,-3.822778,2025-06-14T20:18:41,['5198574796_1'],['https://inaturalist-open-data.s3.amazonaws.com/photos/522456664/original.jpg']
5198975459,40.77803,-3.818491,2025-06-15T14:00,"['5198975459_1', '5198975459_2', '5198975459_3']","['https://inaturalist-open-data.s3.amazonaws.com/photos/521309593/original.jpg', 'https://inaturalist-open-data.s3.amazonaws.com/photos/521315851/original.jpg', 'https://inaturalist-open-data.s3.amazonaws.com/photos/521315907/original.jpg']"
5206228492,40.911909,-3.890744,2025-06-21T11:46,['5206228492_1'],['https://inaturalist-open-data.s3.amazonaws.com/photos/524991655/original.jpg']
5206325656,41.014147,-3.418241,2025-06-17T10:51:15,"['5206325656_1', '5206325656_2', '5206325656_3', '5206325656_4']","['https://inaturalist-open-data.s3.amazonaws.com/photos/523575603/original.jpg', 'https://inaturalist-open-data.s3.amazonaws.com/photos/523575604/original.jpg', 'https://inaturalist-open-data.s3.amazonaws.com/photos/523575610/original.jpg', 'https://inaturalist-open-data.s3.amazonaws.com/photos/523575613/original.jpg']"
5206644829,41.912665,-8.027962,2025-06-24T16:16:07,['5206644829_1'],['https://inaturalist-open-data.s3.amazonaws.com/photos/526119989/original.jpg']
5206791621,42.409252,-3.431429,2025-06-21T16:00,"['5206791621_1', '5206791621_2']","['https://inaturalist-open-data.s3.amazonaws.com/photos/525479284/original.jpg', 'https://inaturalist-open-data.s3.amazonaws.com/photos/525479392/original.jpg']"
5238043783,40.712868,-4.290785,2025-06-04T09:36,['5238043783_1'],['https://inaturalist-open-data.s3.amazonaws.com/photos/541302815/original.jpg']
5909384703,36.340076,-5.399257,2025-06-29T00:00,"['5909384703_1', '5909384703_2']","['https://inaturalist-open-data.s3.amazonaws.com/photos/595546959/original.jpg', 'https://inaturalist-open-data.s3.amazonaws.com/photos/595547080/original.jpg']"
5217493725,37.868765,-6.876199,2025-07-05T10:36:10,['5217493725_1'],['https://inaturalist-open-data.s3.amazonaws.com/photos/531667342/original.jpg']
5219366599,42.55,-3.85,2025-07-08,['5219366599_1'],['https://observation.org/photos/126146861.jpg']
5230128321,37.12479,-3.230225,2025-07-06T16:30:18,['5230128321_1'],['https://inaturalist-open-data.s3.amazonaws.com/photos/538867855/original.jpg']
5230978959,40.001341,-8.076776,2025-07-18T12:28:19,"['5230978959_1', '5230978959_2', '5230978959_3', '5230978959_4']","['https://inaturalist-open-data.s3.amazonaws.com/photos/539161451/original.jpg', 'https://inaturalist-open-data.s3.amazonaws.com/photos/539161578/original.jpg', 'https://inaturalist-open-data.s3.amazonaws.com/photos/539161688/original.jpg', 'https://inaturalist-open-data.s3.amazonaws.com/photos/539161787/original.jpg']"
5237534866,41.698757,-3.328347,2025-07-23T19:38:37,['5237534866_1'],['https://inaturalist-open-data.s3.amazonaws.com/photos/541360529/original.jpg']
5238174140,40.945165,-4.118538,2025-07-23T18:03,['5238174140_1'],['https://inaturalist-open-data.s3.amazonaws.com/photos/542294195/original.jpg']
5238283801,40.653923,-4.273989,2025-07-11T15:57:01,['5238283801_1'],['https://inaturalist-open-data.s3.amazonaws.com/photos/541295010/original.jpg']
5238321782,40.616664,-4.394941,2025-07-23T15:37:29,['5238321782_1'],['https://inaturalist-open-data.s3.amazonaws.com/photos/541303484/original.jpg']
5281923114,40.917529,-4.142586,2025-07-23T18:05,['5281923114_1'],['https://inaturalist-open-data.s3.amazonaws.com/photos/545325952/original.jpg']
5282127511,41.877084,-6.223022,2025-07-24T22:42,['5282127511_1'],['https://inaturalist-open-data.s3.amazonaws.com/photos/544952432/original.jpg']
5282574916,41.696894,-8.194168,2025-07-22T11:50:54,"['5282574916_1', '5282574916_2']","['https://inaturalist-open-data.s3.amazonaws.com/photos/545325937/original.jpg', 'https://inaturalist-open-data.s3.amazonaws.com/photos/545325982/original.jpg']"
5292001597,40.827861,-4.199502,2025-07-23T19:02,['5292001597_1'],['https://inaturalist-open-data.s3.amazonaws.com/photos/550799848/original.jpg']
5759771061,40.94937,-4.074487,2025-07-23T17:53,['5759771061_1'],['https://inaturalist-open-data.s3.amazonaws.com/photos/555609652/original.jpg']
6414079932,41.250735,-3.97908,2025-07-16T19:43,['6414079932_1'],['https://inaturalist-open-data.s3.amazonaws.com/photos/680404355/original.jpg']
5292537065,40.149728,-0.697205,2025-08-19T17:15:41,"['5292537065_1', '5292537065_2', '5292537065_3']","['https://inaturalist-open-data.s3.amazonaws.com/photos/554787828/original.jpg', 'https://inaturalist-open-data.s3.amazonaws.com/photos/554787870/original.jpg', 'https://inaturalist-open-data.s3.amazonaws.com/photos/554787900/original.jpg']"
5716681309,40.5,-1.55,2025-08-30,"['5716681309_1', '5716681309_2']","['https://observation.org/photos/133871241.jpg', 'https://observation.org/photos/133871242.jpg']"
5759920768,41.558786,1.94795,2025-08-20T08:22,['5759920768_1'],['https://inaturalist-open-data.s3.amazonaws.com/photos/555116197/original.jpg']
5760022289,41.946143,-8.110111,2025-08-28T13:15,"['5760022289_1', '5760022289_2']","['https://inaturalist-open-data.s3.amazonaws.com/photos/559034155/original.jpg', 'https://inaturalist-open-data.s3.amazonaws.com/photos/559034074/original.jpg']"
5760415423,40.422395,-1.76136,2025-08-19T11:22,"['5760415423_1', '5760415423_2', '5760415423_3', '5760415423_4', '5760415423_5', '5760415423_6', '5760415423_7', '5760415423_8', '5760415423_9', '5760415423_10']","['https://inaturalist-open-data.s3.amazonaws.com/photos/558160862/original.jpg', 'https://inaturalist-open-data.s3.amazonaws.com/photos/558160901/original.jpg', 'https://inaturalist-open-data.s3.amazonaws.com/photos/558160930/original.jpg', 'https://inaturalist-open-data.s3.amazonaws.com/photos/558161036/original.jpg', 'https://inaturalist-open-data.s3.amazonaws.com/photos/558161115/original.jpg', 'https://inaturalist-open-data.s3.amazonaws.com/photos/558161239/original.jpg', 'https://inaturalist-open-data.s3.amazonaws.com/photos/558161406/original.jpg', 'https://inaturalist-open-data.s3.amazonaws.com/photos/558161629/original.jpg', 'https://inaturalist-open-data.s3.amazonaws.com/photos/558161693/original.jpg', 'https://inaturalist-open-data.s3.amazonaws.com/photos/558162097/original.jpg']"
5760610877,41.791153,-2.650189,2025-08-27,"['5760610877_1', '5760610877_2', '5760610877_3']","['https://inaturalist-open-data.s3.amazonaws.com/photos/558881795/original.jpg', 'https://inaturalist-open-data.s3.amazonaws.com/photos/558881864/original.jpg', 'https://inaturalist-open-data.s3.amazonaws.com/photos/558881974/original.jpg']"
5761001398,40.476333,-1.665815,2025-08-18T13:15:10,['5761001398_1'],['https://inaturalist-open-data.s3.amazonaws.com/photos/556085629/original.jpg']
5761025261,41.600765,-2.698765,2025-08-27T19:20,['5761025261_1'],['https://inaturalist-open-data.s3.amazonaws.com/photos/560061379/original.jpg']
6480631417,40.419253,-2.38747,2025-08-09,['6480631417_1'],['https://inaturalist-open-data.s3.amazonaws.com/photos/709251744/original.jpg']
5827458319,41.973228,-2.477103,2025-09-07T18:03:04,['5827458319_1'],['https://inaturalist-open-data.s3.amazonaws.com/photos/564023944/original.jpg']
5827560801,40.6645,-3.867997,2025-09-14,"['5827560801_1', '5827560801_2', '5827560801_3']","['https://inaturalist-open-data.s3.amazonaws.com/photos/567334823/original.jpg', 'https://inaturalist-open-data.s3.amazonaws.com/photos/567334856/original.jpg', 'https://inaturalist-open-data.s3.amazonaws.com/photos/567334936/original.jpg']"
5827965567,37.455898,-4.230774,2025-09-07T15:12:05,"['5827965567_1', '5827965567_2', '5827965567_3', '5827965567_4', '5827965567_5']","['https://inaturalist-open-data.s3.amazonaws.com/photos/563606547/original.jpg', 'https://inaturalist-open-data.s3.amazonaws.com/photos/563606637/original.jpg', 'https://inaturalist-open-data.s3.amazonaws.com/photos/563606822/original.jpg', 'https://inaturalist-open-data.s3.amazonaws.com/photos/563606933/original.jpg', 'https://inaturalist-open-data.s3.amazonaws.com/photos/567460217/original.jpg']"
5828410576,41.835535,-2.496519,2025-09-07T15:30:44,['5828410576_1'],['https://inaturalist-open-data.s3.amazonaws.com/photos/564576455/original.jpg']
5828534906,41.794152,-2.535032,2025-09-09T23:07:30,['5828534906_1'],['https://inaturalist-open-data.s3.amazonaws.com/photos/564741804/original.jpg']
5828602786,41.73968,-2.579596,2025-09-09T14:33:15,['5828602786_1'],['https://inaturalist-open-data.s3.amazonaws.com/photos/564740857/original.jpg']
5828676655,40.608733,-4.080866,2025-09-13,"['5828676655_1', '5828676655_2']","['https://inaturalist-open-data.s3.amazonaws.com/photos/567280907/original.jpg', 'https://inaturalist-open-data.s3.amazonaws.com/photos/567280933/original.jpg']"
5828742124,39.570878,-5.428624,2025-09-14T20:15,['5828742124_1'],['https://inaturalist-open-data.s3.amazonaws.com/photos/567264849/original.jpg']
5828863830,37.406279,-4.306509,2025-09-07T15:11:32,"['5828863830_1', '5828863830_2', '5828863830_3', '5828863830_4']","['https://inaturalist-open-data.s3.amazonaws.com/photos/563609272/original.jpg', 'https://inaturalist-open-data.s3.amazonaws.com/photos/563609332/original.jpg', 'https://inaturalist-open-data.s3.amazonaws.com/photos/563609422/original.jpg', 'https://inaturalist-open-data.s3.amazonaws.com/photos/563609475/original.jpg']"
5829275763,40.6,-0.05,2025-09-20,['5829275763_1'],['https://observation.org/photos/135695218.jpg']
5830359977,42.144066,-4.269809,2025-09-04T19:34:52,"['5830359977_1', '5830359977_2', '5830359977_3']","['https://inaturalist-open-data.s3.amazonaws.com/photos/569208260/original.jpg', 'https://inaturalist-open-data.s3.amazonaws.com/photos/569208322/original.jpg', 'https://inaturalist-open-data.s3.amazonaws.com/photos/569208442/original.jpg']"
5830657227,41.637602,2.036128,2025-09-20T12:49,['5830657227_1'],['https://inaturalist-open-data.s3.amazonaws.com/photos/569568154/original.jpg']
5831033623,41.674865,2.007949,2025-09-23T18:49,['5831033623_1'],['https://inaturalist-open-data.s3.amazonaws.com/photos/571063257/original.jpg']
5837644281,37.785454,-3.403316,2025-09-16T19:18:55,['5837644281_1'],['https://inaturalist-open-data.s3.amazonaws.com/photos/574201794/original.jpg']
5837978934,37.659655,-6.180052,2025-09-30T12:12:16,['5837978934_1'],['https://inaturalist-open-data.s3.amazonaws.com/photos/574272525/original.jpg']
5838004830,40.435902,-2.048686,2025-09-13T16:04:12,['5838004830_1'],['https://inaturalist-open-data.s3.amazonaws.com/photos/572103593/original.jpg']
5838014321,41.084174,-3.598322,2025-09-27T17:31,"['5838014321_1', '5838014321_2', '5838014321_3']","['https://inaturalist-open-data.s3.amazonaws.com/photos/572790735/original.jpg', 'https://inaturalist-open-data.s3.amazonaws.com/photos/572790781/original.jpg', 'https://inaturalist-open-data.s3.amazonaws.com/photos/572790821/original.jpg']"
5840790183,39.85,-6.0,2025-09-30,['5840790183_1'],['https://observation.org/photos/136595736.jpg']
5844112382,40.875942,-3.685185,2025-09-29T11:10,['5844112382_1'],['https://inaturalist-open-data.s3.amazonaws.com/photos/578888530/original.jpg']
6234720307,40.908776,0.264884,2025-09-16T15:27:49,"['6234720307_1', '6234720307_2']","['https://inaturalist-open-data.s3.amazonaws.com/photos/567880586/original.jpg', 'https://inaturalist-open-data.s3.amazonaws.com/photos/567880615/original.jpg']"
6321105312,40.399437,-4.913584,2025-09-20,['6321105312_1'],['https://inaturalist-open-data.s3.amazonaws.com/photos/659257019/original.jpg']
5839899762,42.239744,-3.483282,2025-10-04T23:15:24,"['5839899762_1', '5839899762_2', '5839899762_3', '5839899762_4', '5839899762_5']","['https://inaturalist-open-data.s3.amazonaws.com/photos/576120106/original.jpg', 'https://inaturalist-open-data.s3.amazonaws.com/photos/616075174/original.jpg', 'https://inaturalist-open-data.s3.amazonaws.com/photos/616075195/original.jpg', 'https://inaturalist-open-data.s3.amazonaws.com/photos/616075215/original.jpg', 'https://inaturalist-open-data.s3.amazonaws.com/photos/616075232/original.jpg']"
5840156569,42.281223,-3.451734,2025-10-04T22:52:35,"['5840156569_1', '5840156569_2', '5840156569_3', '5840156569_4']","['https://inaturalist-open-data.s3.amazonaws.com/photos/576116952/original.jpg', 'https://inaturalist-open-data.s3.amazonaws.com/photos/616074281/original.jpg', 'https://inaturalist-open-data.s3.amazonaws.com/photos/616074299/original.jpg', 'https://inaturalist-open-data.s3.amazonaws.com/photos/616074325/original.jpg']"
5840281297,42.277162,-3.518639,2025-10-04T22:53:06,['5840281297_1'],['https://inaturalist-open-data.s3.amazonaws.com/photos/576116857/original.jpg']
5840431702,42.544266,-3.49163,2025-10-04T22:52:03,"['5840431702_1', '5840431702_2']","['https://inaturalist-open-data.s3.amazonaws.com/photos/576116922/original.jpg', 'https://inaturalist-open-data.s3.amazonaws.com/photos/616074809/original.jpg']"
5840437875,41.845784,-2.525998,2025-10-02T19:48:43,['5840437875_1'],['https://inaturalist-open-data.s3.amazonaws.com/photos/575141640/original.jpg']
5844122892,36.923621,-4.418302,2025-10-11T14:32:53,"['5844122892_1', '5844122892_2', '5844122892_3', '5844122892_4', '5844122892_5', '5844122892_6']","['https://inaturalist-open-data.s3.amazonaws.com/photos/578796543/original.jpg', 'https://inaturalist-open-data.s3.amazonaws.com/photos/578796575/original.jpg', 'https://inaturalist-open-data.s3.amazonaws.com/photos/578796611/original.jpg', 'https://inaturalist-open-data.s3.amazonaws.com/photos/578796644/original.jpg', 'https://inaturalist-open-data.s3.amazonaws.com/photos/578796686/original.jpg', 'https://inaturalist-open-data.s3.amazonaws.com/photos/578796732/original.jpg']"
5844399005,42.224892,-3.420038,2025-10-04T22:52:48,"['5844399005_1', '5844399005_2']","['https://inaturalist-open-data.s3.amazonaws.com/photos/577515748/original.jpg', 'https://inaturalist-open-data.s3.amazonaws.com/photos/577515775/original.jpg']"
5868050927,38.907793,-0.632555,2025-10-19T20:21:32,"['5868050927_1', '5868050927_2']","['https://inaturalist-open-data.s3.amazonaws.com/photos/582203518/original.jpg', 'https://inaturalist-open-data.s3.amazonaws.com/photos/582203555/original.jpg']"
5868052592,36.912395,-4.550827,2025-10-17T16:34,['5868052592_1'],['https://inaturalist-open-data.s3.amazonaws.com/photos/582561014/original.jpg']
5889464411,37.1975,-7.996013,2025-10-29T14:29:42Z,"['5889464411_1', '5889464411_2']","['https://inaturalist-open-data.s3.amazonaws.com/photos/586059153/original.jpg', 'https://inaturalist-open-data.s3.amazonaws.com/photos/586059187/original.jpg']"
5890068155,40.799849,-4.020356,2025-10-26,['5890068155_1'],['https://inaturalist-open-data.s3.amazonaws.com/photos/585021210/original.jpg']
5890120580,39.491036,-5.432853,2025-10-17T19:00,['5890120580_1'],['https://inaturalist-open-data.s3.amazonaws.com/photos/587399020/original.jpg']
5890209987,41.04585,-3.590504,2025-10-02T15:21:14,"['5890209987_1', '5890209987_2', '5890209987_3']","['https://inaturalist-open-data.s3.amazonaws.com/photos/586279652/original.jpg', 'https://inaturalist-open-data.s3.amazonaws.com/photos/586279669/original.jpg', 'https://inaturalist-open-data.s3.amazonaws.com/photos/586279693/original.jpg']"
6130552382,38.557864,-1.119236,2025-10-12T15:31:31,"['6130552382_1', '6130552382_2', '6130552382_3']","['https://inaturalist-open-data.s3.amazonaws.com/photos/604178018/original.jpg', 'https://inaturalist-open-data.s3.amazonaws.com/photos/604178029/original.jpg', 'https://inaturalist-open-data.s3.amazonaws.com/photos/604178042/original.jpg']"
6179032009,42.789891,-4.11725,2025-10-13T12:27:40,['6179032009_1'],['https://inaturalist-open-data.s3.amazonaws.com/photos/625011909/original.jpg']
6186586171,39.695492,-9.046269,2025-10-09,['6186586171_1'],['https://observation.org/photos/146372206.jpg']
6195837802,40.997594,0.384892,2025-10-18T06:31:58,['6195837802_1'],['https://inaturalist-open-data.s3.amazonaws.com/photos/635074176/original.jpg']
6413321929,39.197938,-0.236834,2025-10-03,['6413321929_1'],['https://inaturalist-open-data.s3.amazonaws.com/photos/683619002/original.jpg']
5901309242,36.213076,-5.342627,2025-11-09,['5901309242_1'],['https://observation.org/photos/141650166.jpg']
5901445011,37.650085,-5.676821,2025-11-27,"['5901445011_1', '5901445011_2']","['https://observation.org/photos/141997724.jpg', 'https://observation.org/photos/141997725.jpg']"
5902896683,37.65,-5.7,2025-11-27,"['5902896683_1', '5902896683_2']","['https://observation.org/photos/141963710.jpg', 'https://observation.org/photos/141963711.jpg']"
5903213695,38.2,-4.0,2025-11-08,['5903213695_1'],['https://observation.org/photos/141174584.jpg']
5908810370,37.715018,-5.747316,2025-11-27T10:47:06,['5908810370_1'],['https://inaturalist-open-data.s3.amazonaws.com/photos/595492107/original.jpg']
5908961865,39.371484,-7.223754,2025-11-28T14:35:27Z,['5908961865_1'],['https://inaturalist-open-data.s3.amazonaws.com/photos/595530879/original.jpg']
5936276312,40.257254,-2.027143,2025-11-01T11:27,['5936276312_1'],['https://inaturalist-open-data.s3.amazonaws.com/photos/601495933/original.jpg']
6151745674,37.65,-5.7,2025-11-27,['6151745674_1'],['https://observation.org/photos/142516941.jpg']
5918313324,38.1,-3.9,2025-12-13,"['5918313324_1', '5918313324_2', '5918313324_3', '5918313324_4', '5918313324_5', '5918313324_6']","['https://observation.org/photos/142418592.jpg', 'https://observation.org/photos/142418593.jpg', 'https://observation.org/photos/142418594.jpg', 'https://observation.org/photos/142418595.jpg', 'https://observation.org/photos/142418596.jpg', 'https://observation.org/photos/142418597.jpg']"
4525281316,39.499659,-8.958392,2024-02-18T15:11Z,['4525281316_1'],['https://inaturalist-open-data.s3.amazonaws.com/photos/352398884/original.jpg']
6479414866,41.287382,-8.707583,2024-02-26,"['6479414866_1', '6479414866_2', '6479414866_3', '6479414866_4', '6479414866_5']","['https://inaturalist-open-data.s3.amazonaws.com/photos/706528956/original.jpg', 'https://inaturalist-open-data.s3.amazonaws.com/photos/706528987/original.jpg', 'https://inaturalist-open-data.s3.amazonaws.com/photos/706529052/original.jpg', 'https://inaturalist-open-data.s3.amazonaws.com/photos/706529085/original.jpg', 'https://inaturalist-open-data.s3.amazonaws.com/photos/706529128/original.jpg']"
4597184392,40.719935,-3.969494,2024-03-18T17:53:36,['4597184392_1'],['https://inaturalist-open-data.s3.amazonaws.com/photos/358582764/original.jpeg']
4597518748,40.826148,-8.241635,2024-03-19T16:17:26Z,"['4597518748_1', '4597518748_2', '4597518748_3', '4597518748_4', '4597518748_5', '4597518748_6', '4597518748_7', '4597518748_8', '4597518748_9', '4597518748_10']","['https://inaturalist-open-data.s3.amazonaws.com/photos/358833123/original.jpeg', 'https://inaturalist-open-data.s3.amazonaws.com/photos/358833145/original.jpeg', 'https://inaturalist-open-data.s3.amazonaws.com/photos/358833175/original.jpeg', 'https://inaturalist-open-data.s3.amazonaws.com/photos/358833199/original.jpeg', 'https://inaturalist-open-data.s3.amazonaws.com/photos/358833226/original.jpeg', 'https://inaturalist-open-data.s3.amazonaws.com/photos/358833266/original.jpeg', 'https://inaturalist-open-data.s3.amazonaws.com/photos/358833296/original.jpeg', 'https://inaturalist-open-data.s3.amazonaws.com/photos/358833320/original.jpeg', 'https://inaturalist-open-data.s3.amazonaws.com/photos/358833353/original.jpeg', 'https://inaturalist-open-data.s3.amazonaws.com/photos/358833400/original.jpeg']"
4599801235,40.919658,-3.818885,2024-03-21T17:25,"['4599801235_1', '4599801235_2', '4599801235_3', '4599801235_4', '4599801235_5', '4599801235_6', '4599801235_7', '4599801235_8', '4599801235_9', '4599801235_10']","['https://inaturalist-open-data.s3.amazonaws.com/photos/359987673/original.jpeg', 'https://inaturalist-open-data.s3.amazonaws.com/photos/359987706/original.jpeg', 'https://inaturalist-open-data.s3.amazonaws.com/photos/359987678/original.jpg', 'https://inaturalist-open-data.s3.amazonaws.com/photos/359987684/original.jpg', 'https://inaturalist-open-data.s3.amazonaws.com/photos/359987697/original.jpeg', 'https://inaturalist-open-data.s3.amazonaws.com/photos/359987705/original.jpeg', 'https://inaturalist-open-data.s3.amazonaws.com/photos/359987715/original.jpeg', 'https://inaturalist-open-data.s3.amazonaws.com/photos/359987725/original.jpeg', 'https://inaturalist-open-data.s3.amazonaws.com/photos/359987726/original.jpeg', 'https://inaturalist-open-data.s3.amazonaws.com/photos/359987733/original.jpeg']"
4600015257,40.581597,-8.214729,2024-03-16T19:08Z,['4600015257_1'],['https://inaturalist-open-data.s3.amazonaws.com/photos/359331807/original.jpg']
4600170678,41.268606,1.859664,2024-03-22T16:15:46,"['4600170678_1', '4600170678_2', '4600170678_3']","['https://inaturalist-open-data.s3.amazonaws.com/photos/359570539/original.jpg', 'https://inaturalist-open-data.s3.amazonaws.com/photos/359570576/original.jpg', 'https://inaturalist-open-data.s3.amazonaws.com/photos/359570588/original.jpg']"
4911026738,40.596688,-8.270727,2024-03-16,['4911026738_1'],['https://inaturalist-open-data.s3.amazonaws.com/photos/359538090/original.jpeg']
4937103993,42.698543,-3.634422,2024-03-24T19:01:07,['4937103993_1'],['https://inaturalist-open-data.s3.amazonaws.com/photos/360291587/original.jpg']
4607200599,36.314023,-5.244544,2024-04-09T18:05:21,['4607200599_1'],['https://inaturalist-open-data.s3.amazonaws.com/photos/364802082/original.jpg']
4607314938,38.760004,-0.556143,2024-04-04T14:02:06,['4607314938_1'],['https://inaturalist-open-data.s3.amazonaws.com/photos/363117222/original.jpeg']
4607667366,36.868532,-4.560668,2024-04-05T16:40:21,['4607667366_1'],['https://inaturalist-open-data.s3.amazonaws.com/photos/363984016/original.jpeg']
4851906758,38.652112,-9.513982,2024-04-19T10:31:50,"['4851906758_1', '4851906758_2', '4851906758_3', '4851906758_4']","['https://inaturalist-open-data.s3.amazonaws.com/photos/368166867/original.jpg', 'https://inaturalist-open-data.s3.amazonaws.com/photos/368166914/original.jpg', 'https://inaturalist-open-data.s3.amazonaws.com/photos/368166956/original.jpg', 'https://inaturalist-open-data.s3.amazonaws.com/photos/368166978/original.jpg']"
4851972343,40.826368,-8.218164,2024-04-19T16:29,['4851972343_1'],['https://inaturalist-open-data.s3.amazonaws.com/photos/368256870/original.jpeg']
4852894072,41.778859,-2.262808,2024-04-19,"['4852894072_1', '4852894072_2']","['https://inaturalist-open-data.s3.amazonaws.com/photos/370108470/original.jpeg', 'https://inaturalist-open-data.s3.amazonaws.com/photos/370108512/original.jpeg']"
4875117150,42.204087,-3.66767,2024-04-13T10:35,['4875117150_1'],['https://inaturalist-open-data.s3.amazonaws.com/photos/389334316/original.jpg']
4875420460,40.39241,-6.643541,2024-04-09T13:12,['4875420460_1'],['https://inaturalist-open-data.s3.amazonaws.com/photos/389330029/original.jpeg']
4882502441,40.215135,-7.992674,2024-04-05,['4882502441_1'],['https://observation.org/photos/86837914.jpg']
4883641127,36.95,-4.55,2024-04-05,"['4883641127_1', '4883641127_2', '4883641127_3', '4883641127_4']","['https://observation.org/photos/90862577.jpg', 'https://observation.org/photos/90862578.jpg', 'https://observation.org/photos/90862579.jpg', 'https://observation.org/photos/90862580.jpg']"
4980312912,38.710921,-0.402179,2024-04-03T18:04:40,"['4980312912_1', '4980312912_2']","['https://inaturalist-open-data.s3.amazonaws.com/photos/362987877/original.jpeg', 'https://inaturalist-open-data.s3.amazonaws.com/photos/362987212/original.jpeg']"
4993776227,42.648494,-3.793492,2024-04-19T10:53:49,['4993776227_1'],['https://inaturalist-open-data.s3.amazonaws.com/photos/456300828/original.jpeg']
4994034395,42.370031,-3.652734,2024-04-18T19:00:47,['4994034395_1'],['https://inaturalist-open-data.s3.amazonaws.com/photos/456299420/original.jpeg']
4994042558,42.703649,-3.710181,2024-04-20T17:14:02,['4994042558_1'],['https://inaturalist-open-data.s3.amazonaws.com/photos/456299246/original.jpeg']
5007960477,42.796371,-3.700326,2024-04-19T10:25,['5007960477_1'],['https://inaturalist-open-data.s3.amazonaws.com/photos/456494137/original.jpg']
4854807397,42.301861,1.249859,2024-05-06T11:34:18,"['4854807397_1', '4854807397_2', '4854807397_3', '4854807397_4']","['https://inaturalist-open-data.s3.amazonaws.com/photos/378118417/original.jpeg', 'https://inaturalist-open-data.s3.amazonaws.com/photos/378118437/original.jpeg', 'https://inaturalist-open-data.s3.amazonaws.com/photos/378133479/original.jpg', 'https://inaturalist-open-data.s3.amazonaws.com/photos/378133538/original.jpeg']"
4863402504,40.694274,-3.899598,2024-05-11T16:04:09,"['4863402504_1', '4863402504_2']","['https://inaturalist-open-data.s3.amazonaws.com/photos/380225456/original.jpeg', 'https://inaturalist-open-data.s3.amazonaws.com/photos/380225497/original.jpeg']"
4863774303,36.091248,-5.462128,2024-05-08T11:57:11,"['4863774303_1', '4863774303_2', '4863774303_3']","['https://inaturalist-open-data.s3.amazonaws.com/photos/380030207/original.jpeg', 'https://inaturalist-open-data.s3.amazonaws.com/photos/380030259/original.jpeg', 'https://inaturalist-open-data.s3.amazonaws.com/photos/380030296/original.jpeg']"
4867643958,36.232303,-5.492812,2024-05-19T10:54,['4867643958_1'],['https://inaturalist-open-data.s3.amazonaws.com/photos/383692514/original.jpeg']
4872575094,40.99205,-8.185479,2024-05-26T16:52,['4872575094_1'],['https://inaturalist-open-data.s3.amazonaws.com/photos/386663656/original.jpeg']
4993974833,42.262433,-3.704581,2024-05-04T14:21,['4993974833_1'],['https://inaturalist-open-data.s3.amazonaws.com/photos/454678658/original.jpg']
4891934074,39.268505,-7.211093,2024-06-07T17:04:44,['4891934074_1'],['https://inaturalist-open-data.s3.amazonaws.com/photos/391582987/original.jpg']
4901449541,41.315278,-3.431011,2024-06-13T14:45,['4901449541_1'],['https://inaturalist-open-data.s3.amazonaws.com/photos/396151508/original.jpeg']
4901588463,41.226953,-3.407776,2024-06-13T14:58,['4901588463_1'],['https://inaturalist-open-data.s3.amazonaws.com/photos/394588348/original.jpeg']
4901818403,42.383726,-0.076621,2024-06-21T13:33:16,"['4901818403_1', '4901818403_2']","['https://inaturalist-open-data.s3.amazonaws.com/photos/397433586/original.jpeg', 'https://inaturalist-open-data.s3.amazonaws.com/photos/397433624/original.jpeg']"
4901891788,40.86064,-8.667368,2024-06-23T11:38,"['4901891788_1', '4901891788_2']","['https://inaturalist-open-data.s3.amazonaws.com/photos/399054224/original.jpeg', 'https://inaturalist-open-data.s3.amazonaws.com/photos/399054280/original.jpeg']"
4902065322,40.962126,-8.369713,2024-06-16T10:28,['4902065322_1'],['https://inaturalist-open-data.s3.amazonaws.com/photos/395402312/original.jpeg']
4903906659,40.923825,0.290484,2024-06-26T10:31:44,['4903906659_1'],['https://inaturalist-open-data.s3.amazonaws.com/photos/402610636/original.jpeg']
4904226480,38.727175,-0.463358,2024-06-28T11:25:47,['4904226480_1'],['https://inaturalist-open-data.s3.amazonaws.com/photos/400177701/original.jpg']
4925858761,40.150548,-7.986569,2024-06-24,['4925858761_1'],['https://inaturalist-open-data.s3.amazonaws.com/photos/401109356/original.jpeg']
4908072189,37.173949,-3.296057,2024-07-05T10:03:38,['4908072189_1'],['https://inaturalist-open-data.s3.amazonaws.com/photos/403163693/original.jpg']
4908273406,40.992292,-8.319505,2024-07-10T07:39,['4908273406_1'],['https://inaturalist-open-data.s3.amazonaws.com/photos/405283432/original.jpeg']
4919305517,38.548315,-0.758959,2024-07-20T21:01:39,"['4919305517_1', '4919305517_2', '4919305517_3', '4919305517_4', '4919305517_5']","['https://inaturalist-open-data.s3.amazonaws.com/photos/412174962/original.jpeg', 'https://inaturalist-open-data.s3.amazonaws.com/photos/412174993/original.jpeg', 'https://inaturalist-open-data.s3.amazonaws.com/photos/412175019/original.jpeg', 'https://inaturalist-open-data.s3.amazonaws.com/photos/412175050/original.jpeg', 'https://inaturalist-open-data.s3.amazonaws.com/photos/412175096/original.jpeg']"
4936020073,38.189458,-2.813303,2024-08-26T07:11,"['4936020073_1', '4936020073_2']","['https://inaturalist-open-data.s3.amazonaws.com/photos/426313364/original.jpeg', 'https://inaturalist-open-data.s3.amazonaws.com/photos/426313367/original.jpeg']"
6343583513,40.32,-6.74,2024-08-29,['6343583513_1'],['https://observation.org/photos/151776049.jpg']
4936784539,40.966046,-8.253746,2024-09-01T16:51:36,"['4936784539_1', '4936784539_2']","['https://inaturalist-open-data.s3.amazonaws.com/photos/425973856/original.jpeg', 'https://inaturalist-open-data.s3.amazonaws.com/photos/425973960/original.jpeg']"
4946339517,39.709562,-8.281582,2024-09-16T23:28,['4946339517_1'],['https://inaturalist-open-data.s3.amazonaws.com/photos/431730728/original.png']
4950183835,39.80865,-5.972158,2024-09-20T17:39:38,"['4950183835_1', '4950183835_2']","['https://inaturalist-open-data.s3.amazonaws.com/photos/433121165/original.jpeg', 'https://inaturalist-open-data.s3.amazonaws.com/photos/433121231/original.jpeg']"
4950303358,39.9739,-6.083759,2024-09-20T17:39:34,['4950303358_1'],['https://inaturalist-open-data.s3.amazonaws.com/photos/433140003/original.jpeg']
4980422103,38.760579,-0.514097,2024-09-22T20:55:50,['4980422103_1'],['https://inaturalist-open-data.s3.amazonaws.com/photos/449987959/original.jpeg']
4952859677,41.579252,-7.65789,2024-10-03T10:20:12,['4952859677_1'],['https://inaturalist-open-data.s3.amazonaws.com/photos/438771278/original.jpeg']
4954683926,40.85401,-8.267589,2024-10-15T14:41:21,['4954683926_1'],['https://inaturalist-open-data.s3.amazonaws.com/photos/442009135/original.jpeg']
4973844329,39.477168,-8.854599,2024-10-20T17:25:50,['4973844329_1'],['https://inaturalist-open-data.s3.amazonaws.com/photos/443645803/original.jpeg']
4973957561,41.274277,-8.719881,2024-10-20T13:34:11,"['4973957561_1', '4973957561_2', '4973957561_3', '4973957561_4']","['https://inaturalist-open-data.s3.amazonaws.com/photos/447834787/original.jpeg', 'https://inaturalist-open-data.s3.amazonaws.com/photos/447834809/original.jpeg', 'https://inaturalist-open-data.s3.amazonaws.com/photos/447834834/original.jpeg', 'https://inaturalist-open-data.s3.amazonaws.com/photos/447834866/original.jpeg']"
4974198541,41.840841,-2.568933,2024-10-18T13:04:51,['4974198541_1'],['https://inaturalist-open-data.s3.amazonaws.com/photos/442853343/original.jpeg']
4976608751,41.120179,-3.567099,2024-10-27T11:59:55,"['4976608751_1', '4976608751_2']","['https://inaturalist-open-data.s3.amazonaws.com/photos/445791163/original.jpeg', 'https://inaturalist-open-data.s3.amazonaws.com/photos/445791186/original.jpeg']"
4982324676,40.881491,-8.329729,2024-10-27T11:55:20Z,['4982324676_1'],['https://inaturalist-open-data.s3.amazonaws.com/photos/451553114/original.jpeg']
4982390032,37.143804,-3.533595,2024-10-05T12:15:41,['4982390032_1'],['https://inaturalist-open-data.s3.amazonaws.com/photos/451358219/original.jpeg']
4985982889,37.092804,-6.714524,2024-10-25,"['4985982889_1', '4985982889_2']","['https://observation.org/photos/107861460.jpg', 'https://observation.org/photos/107861461.jpg']"
4994163207,40.362208,-1.942324,2024-10-13T11:31,['4994163207_1'],['https://inaturalist-open-data.s3.amazonaws.com/photos/454677870/original.jpg']
5063575333,39.582675,-5.502838,2024-10-25T13:45,['5063575333_1'],['https://inaturalist-open-data.s3.amazonaws.com/photos/466750625/original.jpg']
5070000825,42.464452,-3.446424,2024-10-05T11:02,['5070000825_1'],['https://inaturalist-open-data.s3.amazonaws.com/photos/470736893/original.jpeg']
5070003774,42.537836,-3.403393,2024-10-05T12:16,['5070003774_1'],['https://inaturalist-open-data.s3.amazonaws.com/photos/470737414/original.jpeg']
5070024808,42.525625,-3.566748,2024-10-05T12:09,['5070024808_1'],['https://inaturalist-open-data.s3.amazonaws.com/photos/470737356/original.jpeg']
5070119814,42.581057,-3.450209,2024-10-05T12:37,['5070119814_1'],['https://inaturalist-open-data.s3.amazonaws.com/photos/470737477/original.jpeg']
5070122838,42.380495,-3.533016,2024-10-05T15:54,['5070122838_1'],['https://inaturalist-open-data.s3.amazonaws.com/photos/470737592/original.jpeg']
6188568455,36.959746,-4.438315,2024-10-27,"['6188568455_1', '6188568455_2', '6188568455_3']","['https://inaturalist-open-data.s3.amazonaws.com/photos/633188890/original.jpg', 'https://inaturalist-open-data.s3.amazonaws.com/photos/633188955/original.jpg', 'https://inaturalist-open-data.s3.amazonaws.com/photos/633189015/original.jpg']"
4978192658,40.725469,-4.358064,2024-11-02T14:38:45,"['4978192658_1', '4978192658_2']","['https://inaturalist-open-data.s3.amazonaws.com/photos/447287811/original.jpeg', 'https://inaturalist-open-data.s3.amazonaws.com/photos/447287847/original.jpeg']"
4980353611,38.698791,-9.446164,2024-11-09T16:52:56Z,"['4980353611_1', '4980353611_2', '4980353611_3']","['https://inaturalist-open-data.s3.amazonaws.com/photos/449155997/original.jpeg', 'https://inaturalist-open-data.s3.amazonaws.com/photos/449156016/original.jpeg', 'https://inaturalist-open-data.s3.amazonaws.com/photos/449156037/original.jpeg']"
4981940973,40.031441,-1.148014,2024-11-17T14:13:27,"['4981940973_1', '4981940973_2', '4981940973_3']","['https://inaturalist-open-data.s3.amazonaws.com/photos/451274173/original.jpeg', 'https://inaturalist-open-data.s3.amazonaws.com/photos/451274194/original.jpeg', 'https://inaturalist-open-data.s3.amazonaws.com/photos/451274224/original.jpeg']"
4987777717,42.464748,-3.581949,2024-11-09T10:47,"['4987777717_1', '4987777717_2', '4987777717_3', '4987777717_4', '4987777717_5', '4987777717_6']","['https://inaturalist-open-data.s3.amazonaws.com/photos/451877691/original.jpg', 'https://inaturalist-open-data.s3.amazonaws.com/photos/451877732/original.jpg', 'https://inaturalist-open-data.s3.amazonaws.com/photos/451877740/original.jpg', 'https://inaturalist-open-data.s3.amazonaws.com/photos/451877738/original.jpg', 'https://inaturalist-open-data.s3.amazonaws.com/photos/451877743/original.jpg', 'https://inaturalist-open-data.s3.amazonaws.com/photos/451877749/original.jpg']"
5133288749,41.274276,-8.65263,2024-12-27T16:13:29Z,"['5133288749_1', '5133288749_2']","['https://inaturalist-open-data.s3.amazonaws.com/photos/485424185/original.jpg', 'https://inaturalist-open-data.s3.amazonaws.com/photos/485424235/original.jpg']"
4034765599,41.36244,-8.749282,2023-02-09T17:19:01Z,['4034765599_1'],['https://inaturalist-open-data.s3.amazonaws.com/photos/255535051/original.jpeg']
4058432899,37.932964,-4.767094,2023-02-21,"['4058432899_1', '4058432899_2', '4058432899_3']","['https://observation.org/photos/62937918.jpg', 'https://observation.org/photos/62937919.jpg', 'https://observation.org/photos/62937920.jpg']"
4156394336,37.9,-4.8,2023-02-21,"['4156394336_1', '4156394336_2', '4156394336_3', '4156394336_4']","['https://observation.org/photos/63042583.jpg', 'https://observation.org/photos/63042584.jpg', 'https://observation.org/photos/63042585.jpg', 'https://observation.org/photos/63042586.jpg']"
4062835793,38.853974,-0.303779,2023-03-09T15:08,['4062835793_1'],['https://inaturalist-open-data.s3.amazonaws.com/photos/259824069/original.jpg']
4075794471,39.031467,-9.179473,2023-03-25T14:58:48Z,['4075794471_1'],['https://inaturalist-open-data.s3.amazonaws.com/photos/262799944/original.jpeg']
4075981856,40.658744,-3.847732,2023-03-28T12:49:12,['4075981856_1'],['https://inaturalist-open-data.s3.amazonaws.com/photos/263490021/original.jpeg']
4134015029,41.050714,-3.545309,2023-03-29T14:57,"['4134015029_1', '4134015029_2']","['https://inaturalist-open-data.s3.amazonaws.com/photos/288636076/original.jpg', 'https://inaturalist-open-data.s3.amazonaws.com/photos/288636055/original.jpg']"
5006924852,42.348738,-3.62437,2023-03-31T18:28,['5006924852_1'],['https://inaturalist-open-data.s3.amazonaws.com/photos/456494139/original.jpg']
5008311936,42.283837,-3.651422,2023-03-31T19:32,['5008311936_1'],['https://inaturalist-open-data.s3.amazonaws.com/photos/456494180/original.jpg']
5153780201,41.162752,-3.365843,2023-03-29T16:51,['5153780201_1'],['https://inaturalist-open-data.s3.amazonaws.com/photos/504017336/original.jpg']
4080639109,41.840777,-8.121494,2023-04-08T12:59:39,['4080639109_1'],['https://inaturalist-open-data.s3.amazonaws.com/photos/266141528/original.jpeg']
4080680039,41.379382,-3.566045,2023-04-07T17:54:13,"['4080680039_1', '4080680039_2', '4080680039_3', '4080680039_4']","['https://inaturalist-open-data.s3.amazonaws.com/photos/265748679/original.jpg', 'https://inaturalist-open-data.s3.amazonaws.com/photos/265748912/original.jpg', 'https://inaturalist-open-data.s3.amazonaws.com/photos/265749403/original.jpg', 'https://inaturalist-open-data.s3.amazonaws.com/photos/265749524/original.jpg']"
4080800516,41.225105,-8.602772,2023-04-10T13:01:40,"['4080800516_1', '4080800516_2']","['https://inaturalist-open-data.s3.amazonaws.com/photos/266565325/original.jpeg', 'https://inaturalist-open-data.s3.amazonaws.com/photos/266565091/original.jpeg']"
4080861465,41.272695,-8.742633,2023-04-10T13:27:44,"['4080861465_1', '4080861465_2', '4080861465_3', '4080861465_4', '4080861465_5', '4080861465_6', '4080861465_7', '4080861465_8', '4080861465_9', '4080861465_10', '4080861465_11', '4080861465_12', '4080861465_13', '4080861465_14', '4080861465_15', '4080861465_16']","['https://inaturalist-open-data.s3.amazonaws.com/photos/266543423/original.jpeg', 'https://inaturalist-open-data.s3.amazonaws.com/photos/266543472/original.jpeg', 'https://inaturalist-open-data.s3.amazonaws.com/photos/266543519/original.jpeg', 'https://inaturalist-open-data.s3.amazonaws.com/photos/266543566/original.jpeg', 'https://inaturalist-open-data.s3.amazonaws.com/photos/266543607/original.jpeg', 'https://inaturalist-open-data.s3.amazonaws.com/photos/266543629/original.jpeg', 'https://inaturalist-open-data.s3.amazonaws.com/photos/266543664/original.jpeg', 'https://inaturalist-open-data.s3.amazonaws.com/photos/266543695/original.jpeg', 'https://inaturalist-open-data.s3.amazonaws.com/photos/266543742/original.jpeg', 'https://inaturalist-open-data.s3.amazonaws.com/photos/266543787/original.jpeg', 'https://inaturalist-open-data.s3.amazonaws.com/photos/266543835/original.jpeg', 'https://inaturalist-open-data.s3.amazonaws.com/photos/266543884/original.jpeg', 'https://inaturalist-open-data.s3.amazonaws.com/photos/266543921/original.jpeg', 'https://inaturalist-open-data.s3.amazonaws.com/photos/266543966/original.jpeg', 'https://inaturalist-open-data.s3.amazonaws.com/photos/266544008/original.jpeg', 'https://inaturalist-open-data.s3.amazonaws.com/photos/266544041/original.jpeg']"
4091674783,40.796901,-3.992869,2023-04-12T14:17:01,['4091674783_1'],['https://inaturalist-open-data.s3.amazonaws.com/photos/267144803/original.jpeg']
4091775160,42.298596,1.186069,2023-04-15T12:58,['4091775160_1'],['https://inaturalist-open-data.s3.amazonaws.com/photos/267851813/original.jpg']
4091819307,38.619294,-9.416604,2023-04-16T14:50,"['4091819307_1', '4091819307_2', '4091819307_3', '4091819307_4', '4091819307_5', '4091819307_6', '4091819307_7']","['https://inaturalist-open-data.s3.amazonaws.com/photos/268144752/original.jpg', 'https://inaturalist-open-data.s3.amazonaws.com/photos/268145170/original.jpg', 'https://inaturalist-open-data.s3.amazonaws.com/photos/268145371/original.jpeg', 'https://inaturalist-open-data.s3.amazonaws.com/photos/268145388/original.jpeg', 'https://inaturalist-open-data.s3.amazonaws.com/photos/268145401/original.jpeg', 'https://inaturalist-open-data.s3.amazonaws.com/photos/268145409/original.jpeg', 'https://inaturalist-open-data.s3.amazonaws.com/photos/268145454/original.jpeg']"
4096503970,42.359475,-3.643975,2023-04-11T13:04:55,['4096503970_1'],['https://inaturalist-open-data.s3.amazonaws.com/photos/269316347/original.jpeg']
4096891575,37.319123,-8.538669,2023-04-24T08:04:16,['4096891575_1'],['https://inaturalist-open-data.s3.amazonaws.com/photos/270413464/original.jpeg']
4102563127,41.815556,-8.24251,2023-04-28T14:58:19,"['4102563127_1', '4102563127_2', '4102563127_3', '4102563127_4']","['https://inaturalist-open-data.s3.amazonaws.com/photos/271823023/original.jpg', 'https://inaturalist-open-data.s3.amazonaws.com/photos/271823331/original.jpg', 'https://inaturalist-open-data.s3.amazonaws.com/photos/271823535/original.jpg', 'https://inaturalist-open-data.s3.amazonaws.com/photos/271823821/original.jpg']"
4102585857,42.392914,-3.548383,2023-04-27T18:30:58,['4102585857_1'],['https://inaturalist-open-data.s3.amazonaws.com/photos/271359399/original.jpeg']
4111639539,42.679129,-3.798818,2023-04-28T12:13:11,['4111639539_1'],['https://inaturalist-open-data.s3.amazonaws.com/photos/272274627/original.jpg']
4156097567,38.2,-4.0,2023-04-20,"['4156097567_1', '4156097567_2', '4156097567_3', '4156097567_4']","['https://observation.org/photos/64975578.jpg', 'https://observation.org/photos/64975579.jpg', 'https://observation.org/photos/64975580.jpg', 'https://observation.org/photos/64975581.jpg']"
4158752770,42.3,-3.55,2023-04-28,['4158752770_1'],['https://observation.org/photos/65044707.jpg']
5007394124,42.677936,-3.720696,2023-04-01T14:48,['5007394124_1'],['https://inaturalist-open-data.s3.amazonaws.com/photos/456494146/original.jpg']
5008157227,38.605644,-0.419332,2023-04-15T14:25,['5008157227_1'],['https://inaturalist-open-data.s3.amazonaws.com/photos/456494158/original.jpg']
5153557390,40.321761,-1.959498,2023-04-17T15:30,['5153557390_1'],['https://inaturalist-open-data.s3.amazonaws.com/photos/269541876/original.jpeg']
6130530580,41.750098,-8.08374,2023-04-09T12:50,"['6130530580_1', '6130530580_2']","['https://inaturalist-open-data.s3.amazonaws.com/photos/606203909/original.jpg', 'https://inaturalist-open-data.s3.amazonaws.com/photos/606203925/original.jpg']"
4111611198,41.1061,-3.418317,2023-05-04T17:13:42,"['4111611198_1', '4111611198_2']","['https://inaturalist-open-data.s3.amazonaws.com/photos/275881460/original.jpeg', 'https://inaturalist-open-data.s3.amazonaws.com/photos/275881833/original.jpeg']"
4111622109,41.191111,-3.583436,2023-05-04T13:57:55,['4111622109_1'],['https://inaturalist-open-data.s3.amazonaws.com/photos/275838867/original.jpeg']
4116539799,41.163943,-3.476364,2023-05-06T13:17:57,['4116539799_1'],['https://inaturalist-open-data.s3.amazonaws.com/photos/278620181/original.jpeg']
4121131856,40.676671,-3.892433,2023-05-07T17:49:18,['4121131856_1'],['https://inaturalist-open-data.s3.amazonaws.com/photos/281839647/original.jpeg']
4127390019,41.19785,-3.408449,2023-05-04T17:12:57,"['4127390019_1', '4127390019_2', '4127390019_3', '4127390019_4']","['https://inaturalist-open-data.s3.amazonaws.com/photos/284185387/original.jpeg', 'https://inaturalist-open-data.s3.amazonaws.com/photos/284185421/original.jpeg', 'https://inaturalist-open-data.s3.amazonaws.com/photos/284185460/original.jpeg', 'https://inaturalist-open-data.s3.amazonaws.com/photos/284185504/original.jpeg']"
4153510915,36.701554,-3.928627,2023-05-15T19:00,['4153510915_1'],['https://inaturalist-open-data.s3.amazonaws.com/photos/296995229/original.jpg']
4160077813,40.6,-2.05,2023-05-01,"['4160077813_1', '4160077813_2']","['https://observation.org/photos/65350048.jpg', 'https://observation.org/photos/65350049.jpg']"
4436442118,41.465478,1.989006,2023-05-01T21:12:20,"['4436442118_1', '4436442118_2']","['https://inaturalist-open-data.s3.amazonaws.com/photos/331857393/original.jpg', 'https://inaturalist-open-data.s3.amazonaws.com/photos/331857408/original.jpg']"
5006939566,40.754525,-3.858347,2023-05-11T14:25,['5006939566_1'],['https://inaturalist-open-data.s3.amazonaws.com/photos/456494152/original.jpg']
4133733953,39.930036,-8.862046,2023-06-07T09:08,"['4133733953_1', '4133733953_2']","['https://inaturalist-open-data.s3.amazonaws.com/photos/287488107/original.jpeg', 'https://inaturalist-open-data.s3.amazonaws.com/photos/287488113/original.jpeg']"
4133888180,41.42786,1.832776,2023-06-08T09:53,"['4133888180_1', '4133888180_2']","['https://inaturalist-open-data.s3.amazonaws.com/photos/287829767/original.jpg', 'https://inaturalist-open-data.s3.amazonaws.com/photos/287830654/original.jpg']"
4134144690,38.469891,-8.012627,2023-06-12T12:06:17,['4134144690_1'],['https://inaturalist-open-data.s3.amazonaws.com/photos/289235200/original.jpeg']
4134216497,38.406549,-8.066809,2023-06-12T11:58:22,['4134216497_1'],['https://inaturalist-open-data.s3.amazonaws.com/photos/289230721/original.jpeg']
4134238904,37.198421,-6.517349,2023-06-08T10:04:34,['4134238904_1'],['https://inaturalist-open-data.s3.amazonaws.com/photos/289698504/original.jpeg']
4145429905,39.228622,-7.374173,2023-06-13T19:16:49,"['4145429905_1', '4145429905_2', '4145429905_3', '4145429905_4', '4145429905_5']","['https://inaturalist-open-data.s3.amazonaws.com/photos/296100338/original.jpeg', 'https://inaturalist-open-data.s3.amazonaws.com/photos/296100408/original.jpeg', 'https://inaturalist-open-data.s3.amazonaws.com/photos/296100475/original.jpeg', 'https://inaturalist-open-data.s3.amazonaws.com/photos/296100527/original.jpeg', 'https://inaturalist-open-data.s3.amazonaws.com/photos/296100595/original.jpeg']"
4158409247,40.7,-0.75,2023-06-02,['4158409247_1'],['https://observation.org/photos/67988305.jpg']
4165705709,41.108846,-3.545228,2023-06-15T12:48:41,"['4165705709_1', '4165705709_2', '4165705709_3']","['https://inaturalist-open-data.s3.amazonaws.com/photos/303911518/original.jpeg', 'https://inaturalist-open-data.s3.amazonaws.com/photos/303911577/original.jpeg', 'https://inaturalist-open-data.s3.amazonaws.com/photos/303912728/original.jpeg']"
4177021805,40.70766,-3.867439,2023-06-06T16:40:39,"['4177021805_1', '4177021805_2', '4177021805_3', '4177021805_4']","['https://inaturalist-open-data.s3.amazonaws.com/photos/287848364/original.jpg', 'https://inaturalist-open-data.s3.amazonaws.com/photos/287848374/original.jpg', 'https://inaturalist-open-data.s3.amazonaws.com/photos/287848393/original.jpg', 'https://inaturalist-open-data.s3.amazonaws.com/photos/287848409/original.jpg']"
4453726753,41.223076,-8.689188,2023-06-16,['4453726753_1'],['https://inaturalist-open-data.s3.amazonaws.com/photos/336721056/original.jpg']
4454005444,41.252871,-8.783114,2023-06-16,['4454005444_1'],['https://inaturalist-open-data.s3.amazonaws.com/photos/336720774/original.jpg']
4852441331,40.783041,-3.990103,2023-06-06T16:48,['4852441331_1'],['https://inaturalist-open-data.s3.amazonaws.com/photos/367627549/original.jpeg']
4994111499,41.8206,-2.593354,2023-06-16T20:13,['4994111499_1'],['https://inaturalist-open-data.s3.amazonaws.com/photos/454679391/original.jpg']
5007118111,41.82901,-2.559167,2023-06-16T18:48,['5007118111_1'],['https://inaturalist-open-data.s3.amazonaws.com/photos/456494132/original.jpg']
5153575599,40.288891,-5.127962,2023-06-12T13:18,['5153575599_1'],['https://inaturalist-open-data.s3.amazonaws.com/photos/416999383/original.jpg']
4162180770,40.49595,-1.575848,2023-07-07T13:22,['4162180770_1'],['https://inaturalist-open-data.s3.amazonaws.com/photos/299921274/original.jpeg']
4162370693,40.987584,-3.943777,2023-07-16T18:01:23,"['4162370693_1', '4162370693_2', '4162370693_3', '4162370693_4']","['https://inaturalist-open-data.s3.amazonaws.com/photos/300820453/original.jpeg', 'https://inaturalist-open-data.s3.amazonaws.com/photos/300820534/original.jpeg', 'https://inaturalist-open-data.s3.amazonaws.com/photos/300820602/original.jpeg', 'https://inaturalist-open-data.s3.amazonaws.com/photos/300920605/original.jpeg']"
4165393084,41.156653,-3.599213,2023-07-19T16:03:53,"['4165393084_1', '4165393084_2']","['https://inaturalist-open-data.s3.amazonaws.com/photos/301847550/original.jpeg', 'https://inaturalist-open-data.s3.amazonaws.com/photos/301847585/original.jpeg']"
4165471179,41.174096,-3.530463,2023-07-19T16:05:16,['4165471179_1'],['https://inaturalist-open-data.s3.amazonaws.com/photos/301816629/original.jpeg']
4165553976,41.197914,-3.589136,2023-07-19T16:10:33,['4165553976_1'],['https://inaturalist-open-data.s3.amazonaws.com/photos/301847886/original.jpeg']
4410007929,40.25,-5.25,2023-07-16,['4410007929_1'],['https://observation.org/photos/73583076.jpg']
4413959305,42.38879,-3.642084,2023-07-21T21:39,['4413959305_1'],['https://inaturalist-open-data.s3.amazonaws.com/photos/317329599/original.jpg']
4420688146,41.192858,-8.503173,2023-07-08T17:27:59,"['4420688146_1', '4420688146_2', '4420688146_3']","['https://inaturalist-open-data.s3.amazonaws.com/photos/324403305/original.jpg', 'https://inaturalist-open-data.s3.amazonaws.com/photos/324406099/original.jpg', 'https://inaturalist-open-data.s3.amazonaws.com/photos/324406112/original.jpg']"
6440994925,40.275834,-5.249996,2023-07-16T11:34,['6440994925_1'],['https://inaturalist-open-data.s3.amazonaws.com/photos/697410320/original.jpg']
6441499411,40.30923,-5.230094,2023-07-16T13:26,['6441499411_1'],['https://inaturalist-open-data.s3.amazonaws.com/photos/697410334/original.jpg']
4171540876,41.017645,-3.457932,2023-08-07T12:29:09,['4171540876_1'],['https://inaturalist-open-data.s3.amazonaws.com/photos/308130986/original.jpg']
4409863827,41.8,-2.8,2023-08-07,['4409863827_1'],['https://observation.org/photos/74203078.jpg']
4413708238,41.334548,-8.768578,2023-09-16T14:04,"['4413708238_1', '4413708238_2', '4413708238_3', '4413708238_4']","['https://inaturalist-open-data.s3.amazonaws.com/photos/320169360/original.jpeg', 'https://inaturalist-open-data.s3.amazonaws.com/photos/320169394/original.jpeg', 'https://inaturalist-open-data.s3.amazonaws.com/photos/320169424/original.jpeg', 'https://inaturalist-open-data.s3.amazonaws.com/photos/320169459/original.jpeg']"
4413809238,41.800084,-3.125879,2023-09-11T12:12,"['4413809238_1', '4413809238_2']","['https://inaturalist-open-data.s3.amazonaws.com/photos/318881893/original.jpg', 'https://inaturalist-open-data.s3.amazonaws.com/photos/318882108/original.jpg']"
4416687145,42.345944,-3.639515,2023-09-20T16:50,"['4416687145_1', '4416687145_2', '4416687145_3', '4416687145_4', '4416687145_5']","['https://inaturalist-open-data.s3.amazonaws.com/photos/321404679/original.jpg', 'https://inaturalist-open-data.s3.amazonaws.com/photos/321404738/original.jpg', 'https://inaturalist-open-data.s3.amazonaws.com/photos/321404699/original.jpg', 'https://inaturalist-open-data.s3.amazonaws.com/photos/321404694/original.jpg', 'https://inaturalist-open-data.s3.amazonaws.com/photos/321404721/original.jpg']"
4417114556,38.674304,-3.954659,2023-09-22T19:07,['4417114556_1'],['https://inaturalist-open-data.s3.amazonaws.com/photos/321884052/original.jpg']
4420701729,41.26445,-3.4629,2023-09-25T16:33:32,"['4420701729_1', '4420701729_2', '4420701729_3', '4420701729_4']","['https://inaturalist-open-data.s3.amazonaws.com/photos/323372810/original.jpeg', 'https://inaturalist-open-data.s3.amazonaws.com/photos/323372850/original.jpeg', 'https://inaturalist-open-data.s3.amazonaws.com/photos/323372884/original.jpeg', 'https://inaturalist-open-data.s3.amazonaws.com/photos/323372912/original.jpeg']"
4460445179,38.45,-2.45,2023-09-17,['4460445179_1'],['https://observation.org/photos/78588589.jpg']
4462237404,41.85,-4.25,2023-09-26,['4462237404_1'],['https://observation.org/photos/78329586.jpg']
4525117373,39.371097,-7.240888,2023-09-22T09:58,['4525117373_1'],['https://inaturalist-open-data.s3.amazonaws.com/photos/351587170/original.jpg']
4854929666,39.734228,-8.393617,2023-09-22T18:22,"['4854929666_1', '4854929666_2', '4854929666_3']","['https://inaturalist-open-data.s3.amazonaws.com/photos/378117451/original.jpg', 'https://inaturalist-open-data.s3.amazonaws.com/photos/378117764/original.jpg', 'https://inaturalist-open-data.s3.amazonaws.com/photos/378117874/original.png']"
5153143559,38.462465,-2.434347,2023-09-02T14:18:42,"['5153143559_1', '5153143559_2', '5153143559_3']","['https://inaturalist-open-data.s3.amazonaws.com/photos/316071380/original.jpeg', 'https://inaturalist-open-data.s3.amazonaws.com/photos/316071433/original.jpeg', 'https://inaturalist-open-data.s3.amazonaws.com/photos/316071475/original.jpeg']"
4424687994,41.675216,-2.043702,2023-10-07T11:33:29,['4424687994_1'],['https://inaturalist-open-data.s3.amazonaws.com/photos/326326686/original.jpeg']
4430599563,36.721971,-5.000305,2023-10-12T16:37:46,"['4430599563_1', '4430599563_2']","['https://inaturalist-open-data.s3.amazonaws.com/photos/327542993/original.jpg', 'https://inaturalist-open-data.s3.amazonaws.com/photos/327543014/original.jpg']"
4430638430,40.310015,-5.121891,2023-10-12T14:37:13,['4430638430_1'],['https://inaturalist-open-data.s3.amazonaws.com/photos/328117404/original.jpeg']
4430642614,41.861588,-8.153008,2023-10-06T22:42,"['4430642614_1', '4430642614_2']","['https://inaturalist-open-data.s3.amazonaws.com/photos/328305301/original.jpeg', 'https://inaturalist-open-data.s3.amazonaws.com/photos/328516475/original.jpeg']"
4438765143,41.010227,-3.90228,2023-10-28T13:49:06,['4438765143_1'],['https://inaturalist-open-data.s3.amazonaws.com/photos/332849609/original.jpg']
4460824850,40.7,0.15,2023-10-20,"['4460824850_1', '4460824850_2', '4460824850_3']","['https://observation.org/photos/79524885.jpg', 'https://observation.org/photos/79524886.jpg', 'https://observation.org/photos/79524887.jpg']"
5167572760,41.3939,-3.505042,2023-10-17T10:14,"['5167572760_1', '5167572760_2', '5167572760_3', '5167572760_4', '5167572760_5', '5167572760_6', '5167572760_7', '5167572760_8', '5167572760_9', '5167572760_10', '5167572760_11', '5167572760_12', '5167572760_13', '5167572760_14', '5167572760_15', '5167572760_16', '5167572760_17', '5167572760_18', '5167572760_19', '5167572760_20']","['https://inaturalist-open-data.s3.amazonaws.com/photos/420781315/original.jpeg', 'https://inaturalist-open-data.s3.amazonaws.com/photos/420793876/original.jpeg', 'https://inaturalist-open-data.s3.amazonaws.com/photos/420780890/original.jpeg', 'https://inaturalist-open-data.s3.amazonaws.com/photos/420780881/original.jpeg', 'https://inaturalist-open-data.s3.amazonaws.com/photos/420781072/original.jpeg', 'https://inaturalist-open-data.s3.amazonaws.com/photos/420780971/original.jpeg', 'https://inaturalist-open-data.s3.amazonaws.com/photos/420780975/original.jpeg', 'https://inaturalist-open-data.s3.amazonaws.com/photos/420781050/original.jpeg', 'https://inaturalist-open-data.s3.amazonaws.com/photos/420781141/original.jpeg', 'https://inaturalist-open-data.s3.amazonaws.com/photos/420781202/original.jpeg', 'https://inaturalist-open-data.s3.amazonaws.com/photos/420781207/original.jpeg', 'https://inaturalist-open-data.s3.amazonaws.com/photos/420781170/original.jpeg', 'https://inaturalist-open-data.s3.amazonaws.com/photos/420781266/original.jpeg', 'https://inaturalist-open-data.s3.amazonaws.com/photos/420781312/original.jpeg', 'https://inaturalist-open-data.s3.amazonaws.com/photos/420781289/original.jpeg', 'https://inaturalist-open-data.s3.amazonaws.com/photos/420781344/original.jpeg', 'https://inaturalist-open-data.s3.amazonaws.com/photos/420781392/original.jpeg', 'https://inaturalist-open-data.s3.amazonaws.com/photos/420781352/original.jpeg', 'https://inaturalist-open-data.s3.amazonaws.com/photos/420781436/original.jpeg', 'https://inaturalist-open-data.s3.amazonaws.com/photos/420780904/original.jpeg']"
4442671402,41.898633,-3.527628,2023-11-20T08:22,"['4442671402_1', '4442671402_2']","['https://inaturalist-open-data.s3.amazonaws.com/photos/336268590/original.jpg', 'https://inaturalist-open-data.s3.amazonaws.com/photos/336268601/original.jpg']"
4453680267,39.324191,-7.393731,2023-11-10,['4453680267_1'],['https://inaturalist-open-data.s3.amazonaws.com/photos/335167014/original.jpeg']
4904216544,36.705196,-5.417086,2023-11-12T16:30:21,"['4904216544_1', '4904216544_2']","['https://inaturalist-open-data.s3.amazonaws.com/photos/399229191/original.jpeg', 'https://inaturalist-open-data.s3.amazonaws.com/photos/399229236/original.jpeg']"
3712705587,40.985733,-8.0119,2022-03-05T21:20:12Z,['3712705587_1'],['https://inaturalist-open-data.s3.amazonaws.com/photos/181703591/original.jpeg']
4946588369,42.358787,-6.061019,2022-03-27T14:10,['4946588369_1'],['https://inaturalist-open-data.s3.amazonaws.com/photos/223968148/original.jpg']
5237751834,40.725199,-4.314682,2022-03-08T13:34,['5237751834_1'],['https://inaturalist-open-data.s3.amazonaws.com/photos/541296927/original.jpg']
3759482924,40.906763,-8.252786,2022-04-10T15:40:07,['3759482924_1'],['https://inaturalist-open-data.s3.amazonaws.com/photos/188138410/original.jpeg']
3759988061,41.681084,-8.156179,2022-04-09T12:29,['3759988061_1'],['https://inaturalist-open-data.s3.amazonaws.com/photos/188306194/original.jpg']
3760047309,39.37272,-7.290748,2022-04-17T11:32:59,['3760047309_1'],['https://inaturalist-open-data.s3.amazonaws.com/photos/188765396/original.jpeg']
3760066261,40.824753,0.313418,2022-04-16T13:26:51,['3760066261_1'],['https://inaturalist-open-data.s3.amazonaws.com/photos/188754190/original.jpeg']
3760246471,42.701133,-3.771965,2022-04-12T14:16Z,['3760246471_1'],['https://inaturalist-open-data.s3.amazonaws.com/photos/188986483/original.jpg']
3802670246,36.83864,-6.476799,2022-04-17T01:05,['3802670246_1'],['https://inaturalist-open-data.s3.amazonaws.com/photos/200455028/original.jpg']
3826070635,36.2,-5.55,2022-04-12,['3826070635_1'],['https://observation.org/photos/47760542.jpg']
3915520262,40.843661,-7.978826,2022-04-30T11:08:26,['3915520262_1'],['https://inaturalist-open-data.s3.amazonaws.com/photos/233142826/original.jpg']
5006777836,40.252005,-1.856473,2022-04-30T14:25,['5006777836_1'],['https://inaturalist-open-data.s3.amazonaws.com/photos/456494154/original.jpg']
5006780677,40.223858,-1.927583,2022-04-24T14:47,['5006780677_1'],['https://inaturalist-open-data.s3.amazonaws.com/photos/456496922/original.jpg']
6195612566,42.315973,-4.004209,2022-04-16T12:57:16,"['6195612566_1', '6195612566_2', '6195612566_3']","['https://inaturalist-open-data.s3.amazonaws.com/photos/635529429/original.jpg', 'https://inaturalist-open-data.s3.amazonaws.com/photos/635529451/original.jpg', 'https://inaturalist-open-data.s3.amazonaws.com/photos/635529478/original.jpg']"
6195685708,42.297243,-4.033069,2022-04-17T13:06:45,"['6195685708_1', '6195685708_2', '6195685708_3', '6195685708_4']","['https://inaturalist-open-data.s3.amazonaws.com/photos/635529658/original.jpg', 'https://inaturalist-open-data.s3.amazonaws.com/photos/635529687/original.jpg', 'https://inaturalist-open-data.s3.amazonaws.com/photos/635529721/original.jpg', 'https://inaturalist-open-data.s3.amazonaws.com/photos/635529753/original.jpg']"
6479963915,40.311127,-8.396739,2022-04-15T11:04:15,['6479963915_1'],['https://inaturalist-open-data.s3.amazonaws.com/photos/711985254/original.jpg']
3772866981,42.16512,-3.585641,2022-05-01T17:09,"['3772866981_1', '3772866981_2', '3772866981_3', '3772866981_4', '3772866981_5']","['https://inaturalist-open-data.s3.amazonaws.com/photos/195259261/original.jpg', 'https://inaturalist-open-data.s3.amazonaws.com/photos/195259274/original.jpg', 'https://inaturalist-open-data.s3.amazonaws.com/photos/195259281/original.jpg', 'https://inaturalist-open-data.s3.amazonaws.com/photos/195259288/original.jpg', 'https://inaturalist-open-data.s3.amazonaws.com/photos/195259298/original.jpg']"
3773076738,41.780999,-2.417715,2022-05-10T16:39,"['3773076738_1', '3773076738_2']","['https://inaturalist-open-data.s3.amazonaws.com/photos/196525556/original.jpg', 'https://inaturalist-open-data.s3.amazonaws.com/photos/196525595/original.jpg']"
3773113464,40.91341,-8.352209,2022-05-08T08:52:56,"['3773113464_1', '3773113464_2']","['https://inaturalist-open-data.s3.amazonaws.com/photos/195892319/original.jpeg', 'https://inaturalist-open-data.s3.amazonaws.com/photos/195892390/original.jpeg']"
3773243031,42.278212,-3.438224,2022-05-01T17:17,"['3773243031_1', '3773243031_2', '3773243031_3', '3773243031_4', '3773243031_5']","['https://inaturalist-open-data.s3.amazonaws.com/photos/195272493/original.jpg', 'https://inaturalist-open-data.s3.amazonaws.com/photos/195272496/original.jpg', 'https://inaturalist-open-data.s3.amazonaws.com/photos/195272503/original.jpg', 'https://inaturalist-open-data.s3.amazonaws.com/photos/195272505/original.jpg', 'https://inaturalist-open-data.s3.amazonaws.com/photos/195272517/original.jpg']"
3773546977,42.224621,-3.650974,2022-05-11T18:10,"['3773546977_1', '3773546977_2', '3773546977_3']","['https://inaturalist-open-data.s3.amazonaws.com/photos/196835560/original.jpg', 'https://inaturalist-open-data.s3.amazonaws.com/photos/196835571/original.jpg', 'https://inaturalist-open-data.s3.amazonaws.com/photos/196835581/original.jpg']"
3823183511,42.55,-3.45,2022-05-06,['3823183511_1'],['https://observation.org/photos/49006724.jpg']
3825965104,40.485275,-5.188633,2022-05-14,['3825965104_1'],['https://observation.org/photos/49538283.jpg']
3827320067,40.483421,-5.200977,2022-05-14,"['3827320067_1', '3827320067_2']","['https://observation.org/photos/49538281.jpg', 'https://observation.org/photos/49538282.jpg']"
3859908278,42.223486,-3.77095,2022-05-22T13:57:34,['3859908278_1'],['https://inaturalist-open-data.s3.amazonaws.com/photos/209229729/original.jpeg']
4421054777,40.778378,-1.708136,2022-05-08T14:01,['4421054777_1'],['https://inaturalist-open-data.s3.amazonaws.com/photos/323255185/original.jpeg']
4945622066,40.532541,-0.480986,2022-05-16T10:25,"['4945622066_1', '4945622066_2']","['https://inaturalist-open-data.s3.amazonaws.com/photos/428236821/original.jpg', 'https://inaturalist-open-data.s3.amazonaws.com/photos/428237761/original.jpg']"
4945915427,40.411222,-0.556637,2022-05-16T09:37,['4945915427_1'],['https://inaturalist-open-data.s3.amazonaws.com/photos/428230579/original.jpg']
5087992577,41.584229,1.978202,2022-05-15T16:02:43,"['5087992577_1', '5087992577_2', '5087992577_3']","['https://inaturalist-open-data.s3.amazonaws.com/photos/477605831/original.jpeg', 'https://inaturalist-open-data.s3.amazonaws.com/photos/477605860/original.jpeg', 'https://inaturalist-open-data.s3.amazonaws.com/photos/477605879/original.jpeg']"
3858549267,41.337632,1.829101,2022-06-10T11:19:58,['3858549267_1'],['https://inaturalist-open-data.s3.amazonaws.com/photos/205072718/original.jpeg']
3859435335,41.77904,-2.874995,2022-06-01T09:08,"['3859435335_1', '3859435335_2', '3859435335_3', '3859435335_4', '3859435335_5', '3859435335_6', '3859435335_7', '3859435335_8', '3859435335_9', '3859435335_10', '3859435335_11', '3859435335_12', '3859435335_13', '3859435335_14', '3859435335_15', '3859435335_16', '3859435335_17']","['https://inaturalist-open-data.s3.amazonaws.com/photos/203158421/original.jpeg', 'https://inaturalist-open-data.s3.amazonaws.com/photos/203158472/original.jpeg', 'https://inaturalist-open-data.s3.amazonaws.com/photos/203158487/original.jpeg', 'https://inaturalist-open-data.s3.amazonaws.com/photos/203158498/original.jpeg', 'https://inaturalist-open-data.s3.amazonaws.com/photos/203158509/original.jpeg', 'https://inaturalist-open-data.s3.amazonaws.com/photos/203158539/original.jpeg', 'https://inaturalist-open-data.s3.amazonaws.com/photos/203158552/original.jpeg', 'https://inaturalist-open-data.s3.amazonaws.com/photos/203158572/original.jpeg', 'https://inaturalist-open-data.s3.amazonaws.com/photos/203158587/original.jpeg', 'https://inaturalist-open-data.s3.amazonaws.com/photos/203158597/original.jpeg', 'https://inaturalist-open-data.s3.amazonaws.com/photos/203158617/original.jpeg', 'https://inaturalist-open-data.s3.amazonaws.com/photos/203158630/original.jpeg', 'https://inaturalist-open-data.s3.amazonaws.com/photos/203158632/original.jpeg', 'https://inaturalist-open-data.s3.amazonaws.com/photos/203158645/original.jpeg', 'https://inaturalist-open-data.s3.amazonaws.com/photos/203158647/original.jpeg', 'https://inaturalist-open-data.s3.amazonaws.com/photos/203158662/original.jpeg', 'https://inaturalist-open-data.s3.amazonaws.com/photos/203158664/original.jpeg']"
3860707797,41.746516,-2.932489,2022-06-05T17:42,"['3860707797_1', '3860707797_2']","['https://inaturalist-open-data.s3.amazonaws.com/photos/204194450/original.jpeg', 'https://inaturalist-open-data.s3.amazonaws.com/photos/204194480/original.jpeg']"
3860731902,42.138227,-3.534272,2022-06-05T15:34,"['3860731902_1', '3860731902_2']","['https://inaturalist-open-data.s3.amazonaws.com/photos/204319574/original.jpg', 'https://inaturalist-open-data.s3.amazonaws.com/photos/204319579/original.jpg']"
4177072411,40.783718,-3.908614,2022-06-02T17:16:13,"['4177072411_1', '4177072411_2', '4177072411_3']","['https://inaturalist-open-data.s3.amazonaws.com/photos/202775267/original.jpg', 'https://inaturalist-open-data.s3.amazonaws.com/photos/202775289/original.jpg', 'https://inaturalist-open-data.s3.amazonaws.com/photos/202775318/original.jpg']"
4400020068,40.173406,-5.430613,2022-06-30T14:43,"['4400020068_1', '4400020068_2', '4400020068_3']","['https://inaturalist-open-data.s3.amazonaws.com/photos/310953651/original.jpg', 'https://inaturalist-open-data.s3.amazonaws.com/photos/310953674/original.jpg', 'https://inaturalist-open-data.s3.amazonaws.com/photos/310953683/original.jpg']"
5187566356,40.041825,-2.321449,2022-06-18T07:31,['5187566356_1'],['https://inaturalist-open-data.s3.amazonaws.com/photos/296064335/original.jpeg']
6159267731,40.571675,-4.894455,2022-06-12T19:03:17,['6159267731_1'],['https://inaturalist-open-data.s3.amazonaws.com/photos/615982507/original.jpg']
3860540781,41.158072,-3.400967,2022-07-01T17:29:55,"['3860540781_1', '3860540781_2', '3860540781_3', '3860540781_4']","['https://inaturalist-open-data.s3.amazonaws.com/photos/210606239/original.jpeg', 'https://inaturalist-open-data.s3.amazonaws.com/photos/210606269/original.jpeg', 'https://inaturalist-open-data.s3.amazonaws.com/photos/210606287/original.jpeg', 'https://inaturalist-open-data.s3.amazonaws.com/photos/210606311/original.jpeg']"
3902967429,41.020777,-3.487252,2022-07-01T15:07,['3902967429_1'],['https://inaturalist-open-data.s3.amazonaws.com/photos/225700546/original.jpg']
3906202757,37.8,-3.0,2022-07-05,"['3906202757_1', '3906202757_2']","['https://observation.org/photos/53745821.jpg', 'https://observation.org/photos/53745822.jpg']"
4430401886,42.206029,-3.749756,2022-07-15T18:59:21,"['4430401886_1', '4430401886_2']","['https://inaturalist-open-data.s3.amazonaws.com/photos/214548454/original.jpeg', 'https://inaturalist-open-data.s3.amazonaws.com/photos/214548471/original.jpeg']"
3881401228,40.310769,-7.446142,2022-08-01T17:33,['3881401228_1'],['https://inaturalist-open-data.s3.amazonaws.com/photos/219526097/original.jpg']
3892470028,41.606847,-8.0525,2022-08-14T15:28:48,['3892470028_1'],['https://inaturalist-open-data.s3.amazonaws.com/photos/222585398/original.jpeg']
3902905587,39.991471,-8.264293,2022-08-22T20:30:07,['3902905587_1'],['https://inaturalist-open-data.s3.amazonaws.com/photos/224935536/original.jpg']
3902981876,40.393043,-5.773232,2022-08-25T13:53:57,"['3902981876_1', '3902981876_2']","['https://inaturalist-open-data.s3.amazonaws.com/photos/225278349/original.jpeg', 'https://inaturalist-open-data.s3.amazonaws.com/photos/225278392/original.jpeg']"
4454090368,42.1597,-3.439177,2022-08-11T16:05,"['4454090368_1', '4454090368_2']","['https://inaturalist-open-data.s3.amazonaws.com/photos/337693205/original.jpg', 'https://inaturalist-open-data.s3.amazonaws.com/photos/337693494/original.jpg']"
6334214688,40.32323,-7.623422,2022-08-17T17:46:15,"['6334214688_1', '6334214688_2']","['https://inaturalist-open-data.s3.amazonaws.com/photos/223287424/original.jpeg', 'https://inaturalist-open-data.s3.amazonaws.com/photos/223287451/original.jpeg']"
6481470674,40.238829,-7.4489,2022-08-01T16:33:17,['6481470674_1'],['https://inaturalist-open-data.s3.amazonaws.com/photos/707702041/original.jpg']
3902862211,39.253347,-7.242896,2022-09-13T18:06:34,"['3902862211_1', '3902862211_2', '3902862211_3', '3902862211_4']","['https://inaturalist-open-data.s3.amazonaws.com/photos/229998981/original.jpg', 'https://inaturalist-open-data.s3.amazonaws.com/photos/229999086/original.jpg', 'https://inaturalist-open-data.s3.amazonaws.com/photos/229999135/original.jpg', 'https://inaturalist-open-data.s3.amazonaws.com/photos/229999220/original.jpg']"
3903411689,40.516219,-1.668573,2022-09-10T20:04:01,['3903411689_1'],['https://inaturalist-open-data.s3.amazonaws.com/photos/229652205/original.jpeg']
3923561805,40.815299,-8.360236,2022-09-26T12:55:08,['3923561805_1'],['https://inaturalist-open-data.s3.amazonaws.com/photos/233500234/original.jpeg']
3923582681,42.558077,-3.784244,2022-09-17T09:44,"['3923582681_1', '3923582681_2', '3923582681_3', '3923582681_4']","['https://inaturalist-open-data.s3.amazonaws.com/photos/231747219/original.jpg', 'https://inaturalist-open-data.s3.amazonaws.com/photos/231747233/original.jpg', 'https://inaturalist-open-data.s3.amazonaws.com/photos/231747240/original.jpg', 'https://inaturalist-open-data.s3.amazonaws.com/photos/231747252/original.jpg']"
3994100977,38.726965,-0.479934,2022-09-01T11:57,['3994100977_1'],['https://inaturalist-open-data.s3.amazonaws.com/photos/247188094/original.jpg']
3995689061,40.622113,-2.033608,2022-09-03,['3995689061_1'],['https://observation.org/photos/57736700.jpg']
4034999533,41.214828,-8.673682,2022-09-23T12:05:26,['4034999533_1'],['https://inaturalist-open-data.s3.amazonaws.com/photos/256221097/original.jpg']
4056871645,38.65,-0.55,2022-09-01,['4056871645_1'],['https://observation.org/photos/62192626.jpg']
4908033830,41.314141,1.052351,2022-09-15,"['4908033830_1', '4908033830_2']","['https://inaturalist-open-data.s3.amazonaws.com/photos/403988245/original.jpeg', 'https://inaturalist-open-data.s3.amazonaws.com/photos/403988265/original.jpeg']"
4945522059,41.014656,-3.588373,2022-09-10T10:18,['4945522059_1'],['https://inaturalist-open-data.s3.amazonaws.com/photos/310452207/original.jpg']
4945940093,41.117252,-3.537153,2022-09-10T10:56,['4945940093_1'],['https://inaturalist-open-data.s3.amazonaws.com/photos/310452230/original.jpg']
4994338739,41.16966,-3.566141,2022-09-03T18:38,['4994338739_1'],['https://inaturalist-open-data.s3.amazonaws.com/photos/456300165/original.jpeg']
5007409918,36.640505,-2.170626,2022-09-24T14:25,['5007409918_1'],['https://inaturalist-open-data.s3.amazonaws.com/photos/456494151/original.jpg']
3923741593,41.938727,-3.220531,2022-10-04T16:18,['3923741593_1'],['https://inaturalist-open-data.s3.amazonaws.com/photos/234897111/original.jpg']
3925461520,42.5573,-3.349296,2022-10-05T23:41,"['3925461520_1', '3925461520_2']","['https://inaturalist-open-data.s3.amazonaws.com/photos/236239706/original.jpeg', 'https://inaturalist-open-data.s3.amazonaws.com/photos/236239695/original.jpeg']"
3947803672,36.98275,-3.976159,2022-10-24T13:47:50,['3947803672_1'],['https://inaturalist-open-data.s3.amazonaws.com/photos/239309050/original.jpeg']
3961423615,40.311932,-0.380836,2022-10-31T13:19:56,['3961423615_1'],['https://inaturalist-open-data.s3.amazonaws.com/photos/240970333/original.jpeg']
3997237906,42.55,-3.3,2022-10-05,"['3997237906_1', '3997237906_2', '3997237906_3']","['https://observation.org/photos/59270309.jpg', 'https://observation.org/photos/59300847.jpg', 'https://observation.org/photos/59301081.jpg']"
4062749967,40.491359,-7.594937,2022-10-10T15:44,"['4062749967_1', '4062749967_2', '4062749967_3', '4062749967_4', '4062749967_5']","['https://inaturalist-open-data.s3.amazonaws.com/photos/260197212/original.jpg', 'https://inaturalist-open-data.s3.amazonaws.com/photos/260198322/original.jpg', 'https://inaturalist-open-data.s3.amazonaws.com/photos/260198614/original.jpg', 'https://inaturalist-open-data.s3.amazonaws.com/photos/260198730/original.jpg', 'https://inaturalist-open-data.s3.amazonaws.com/photos/260198987/original.jpg']"
5237756777,40.79118,-4.291657,2022-10-03T17:45,['5237756777_1'],['https://inaturalist-open-data.s3.amazonaws.com/photos/541302121/original.jpg']
3988458859,39.479364,-8.914337,2022-12-01T11:34:37Z,['3988458859_1'],['https://inaturalist-open-data.s3.amazonaws.com/photos/246000696/original.jpeg']
3058770954,40.037417,-7.878869,2021-02-14T13:49:57Z,['3058770954_1'],['https://inaturalist-open-data.s3.amazonaws.com/photos/115023837/original.jpeg']
3070426710,41.340489,-7.808489,2021-03-26T19:01Z,['3070426710_1'],['https://inaturalist-open-data.s3.amazonaws.com/photos/117505314/original.jpg']
4465765015,42.42934,-3.652605,2021-03-31T11:55,['4465765015_1'],['https://inaturalist-open-data.s3.amazonaws.com/photos/340300036/original.jpeg']
6422883553,38.798872,-9.482045,2021-03-07T17:03:56Z,"['6422883553_1', '6422883553_2']","['https://inaturalist-open-data.s3.amazonaws.com/photos/115074034/original.jpeg', 'https://inaturalist-open-data.s3.amazonaws.com/photos/115074068/original.jpeg']"
3109040771,41.691533,-8.046666,2021-04-24T23:25:22,['3109040771_1'],['https://inaturalist-open-data.s3.amazonaws.com/photos/122822536/original.jpeg']
3109081905,41.680982,-8.110354,2021-04-24T23:25:22,['3109081905_1'],['https://inaturalist-open-data.s3.amazonaws.com/photos/123023021/original.jpeg']
4062645353,40.534943,-6.922182,2021-04-05T10:11:14,['4062645353_1'],['https://inaturalist-open-data.s3.amazonaws.com/photos/119117271/original.jpeg']
3112460305,42.35143,-0.61965,2021-05-04T20:34,['3112460305_1'],['https://inaturalist-open-data.s3.amazonaws.com/photos/126449102/original.png']
3113356712,40.992305,-4.162411,2021-05-07T18:13:10,['3113356712_1'],['https://inaturalist-open-data.s3.amazonaws.com/photos/127206547/original.jpeg']
3302477598,40.836184,-8.273885,2021-05-22T08:13,['3302477598_1'],['https://inaturalist-open-data.s3.amazonaws.com/photos/134055183/original.jpg']
3355189793,38.737104,-0.411027,2021-05-21,['3355189793_1'],['https://inaturalist-open-data.s3.amazonaws.com/photos/155092578/original.jpg']
3721204917,39.85,-6.0,2021-05-16,['3721204917_1'],['https://observation.org/photos/35691303.jpg']
3730019654,40.85,-3.8,2021-05-18,"['3730019654_1', '3730019654_2']","['https://observation.org/photos/35635323.jpg', 'https://observation.org/photos/35635324.jpg']"
4121214084,40.413483,-1.528258,2021-05-01T11:09,['4121214084_1'],['https://inaturalist-open-data.s3.amazonaws.com/photos/282525872/original.jpeg']
4945879602,41.191757,-3.541841,2021-05-04T17:20,['4945879602_1'],['https://inaturalist-open-data.s3.amazonaws.com/photos/310452178/original.jpg']
4946338301,41.121874,-3.520216,2021-05-04T17:49,['4946338301_1'],['https://inaturalist-open-data.s3.amazonaws.com/photos/310452203/original.jpg']
4946403221,41.171103,-3.472752,2021-05-04T15:42,['4946403221_1'],['https://inaturalist-open-data.s3.amazonaws.com/photos/310452210/original.jpg']
6422943855,38.724892,-0.472471,2021-05-15T10:25,['6422943855_1'],['https://inaturalist-open-data.s3.amazonaws.com/photos/685363851/original.jpg']
3302165335,42.215595,-3.642393,2021-06-05T09:53,"['3302165335_1', '3302165335_2', '3302165335_3', '3302165335_4']","['https://inaturalist-open-data.s3.amazonaws.com/photos/135140211/original.jpg', 'https://inaturalist-open-data.s3.amazonaws.com/photos/135140229/original.jpg', 'https://inaturalist-open-data.s3.amazonaws.com/photos/135140236/original.jpg', 'https://inaturalist-open-data.s3.amazonaws.com/photos/135140248/original.jpg']"
3307442606,40.834686,-8.056804,2021-06-11T13:21,['3307442606_1'],['https://inaturalist-open-data.s3.amazonaws.com/photos/135469074/original.jpeg']
3314445925,39.521773,-7.22402,2021-06-09T12:18,"['3314445925_1', '3314445925_2']","['https://inaturalist-open-data.s3.amazonaws.com/photos/137603805/original.jpeg', 'https://inaturalist-open-data.s3.amazonaws.com/photos/137604094/original.jpg']"
3355598905,38.712799,-0.417048,2021-06-13,['3355598905_1'],['https://inaturalist-open-data.s3.amazonaws.com/photos/155092737/original.jpg']
3731831303,42.35,-3.55,2021-06-22,['3731831303_1'],['https://observation.org/photos/37851395.jpg']
4945929651,42.740252,-3.710486,2021-06-11T11:01Z,['4945929651_1'],['https://inaturalist-open-data.s3.amazonaws.com/photos/186700140/original.jpg']
3325663090,38.702026,-4.858541,2021-07-02T22:05,['3325663090_1'],['https://inaturalist-open-data.s3.amazonaws.com/photos/141144282/original.jpeg']
3330778873,36.176981,-5.722776,2021-07-16T19:53:29,['3330778873_1'],['https://inaturalist-open-data.s3.amazonaws.com/photos/144196217/original.jpeg']
3333444422,42.350482,-3.752847,2021-07-15T18:43,"['3333444422_1', '3333444422_2', '3333444422_3', '3333444422_4', '3333444422_5', '3333444422_6', '3333444422_7', '3333444422_8']","['https://inaturalist-open-data.s3.amazonaws.com/photos/146788145/original.jpg', 'https://inaturalist-open-data.s3.amazonaws.com/photos/146788158/original.jpg', 'https://inaturalist-open-data.s3.amazonaws.com/photos/146788159/original.jpg', 'https://inaturalist-open-data.s3.amazonaws.com/photos/146788166/original.jpg', 'https://inaturalist-open-data.s3.amazonaws.com/photos/146788165/original.jpg', 'https://inaturalist-open-data.s3.amazonaws.com/photos/146788174/original.jpg', 'https://inaturalist-open-data.s3.amazonaws.com/photos/146788175/original.jpg', 'https://inaturalist-open-data.s3.amazonaws.com/photos/146788181/original.jpg']"
3722537597,42.35,-3.55,2021-07-07,['3722537597_1'],['https://observation.org/photos/40397852.jpg']
4408602755,36.15,-5.7,2021-07-16,['4408602755_1'],['https://observation.org/photos/72287770.jpg']
6519482200,36.099345,-5.639101,2021-07-16T19:49,['6519482200_1'],['https://inaturalist-open-data.s3.amazonaws.com/photos/730366394/original.jpg']
3337455118,37.296879,-8.343143,2021-08-08T21:01:17,"['3337455118_1', '3337455118_2', '3337455118_3', '3337455118_4']","['https://inaturalist-open-data.s3.amazonaws.com/photos/149708899/original.jpeg', 'https://inaturalist-open-data.s3.amazonaws.com/photos/149713255/original.jpeg', 'https://inaturalist-open-data.s3.amazonaws.com/photos/149713309/original.jpeg', 'https://inaturalist-open-data.s3.amazonaws.com/photos/149713361/original.jpeg']"
3355371525,36.835555,-4.741557,2021-08-29T08:29:02,"['3355371525_1', '3355371525_2', '3355371525_3']","['https://inaturalist-open-data.s3.amazonaws.com/photos/156219962/original.jpg', 'https://inaturalist-open-data.s3.amazonaws.com/photos/156219970/original.jpg', 'https://inaturalist-open-data.s3.amazonaws.com/photos/156219977/original.jpg']"
3355757585,41.762409,-7.875303,2021-08-18T15:07,['3355757585_1'],['https://inaturalist-open-data.s3.amazonaws.com/photos/154580104/original.jpg']
3723212713,41.1,-3.55,2021-08-30,['3723212713_1'],['https://observation.org/photos/42112335.jpg']
3731005832,38.007313,-2.85338,2021-08-16,"['3731005832_1', '3731005832_2', '3731005832_3']","['https://observation.org/photos/45870697.jpg', 'https://observation.org/photos/45870698.jpg', 'https://observation.org/photos/45870699.jpg']"
3947327530,41.813137,2.131305,2021-08-03T18:47,"['3947327530_1', '3947327530_2']","['https://inaturalist-open-data.s3.amazonaws.com/photos/239049254/original.jpeg', 'https://inaturalist-open-data.s3.amazonaws.com/photos/239049297/original.jpeg']"
4440826970,36.928059,-4.647242,2021-08-25T08:34,['4440826970_1'],['https://inaturalist-open-data.s3.amazonaws.com/photos/334747399/original.jpeg']
4440985133,36.873068,-4.799815,2021-08-29T11:02,['4440985133_1'],['https://inaturalist-open-data.s3.amazonaws.com/photos/334747148/original.jpg']
3384039502,41.966001,-2.025425,2021-09-12T11:27:13,"['3384039502_1', '3384039502_2']","['https://inaturalist-open-data.s3.amazonaws.com/photos/156867194/original.jpeg', 'https://inaturalist-open-data.s3.amazonaws.com/photos/156867217/original.jpeg']"
3384278828,42.054229,-3.489877,2021-09-20T17:35:44,"['3384278828_1', '3384278828_2']","['https://inaturalist-open-data.s3.amazonaws.com/photos/158982203/original.jpeg', 'https://inaturalist-open-data.s3.amazonaws.com/photos/158982212/original.jpeg']"
3384478332,42.146367,-3.391217,2021-09-17T17:12:26,['3384478332_1'],['https://inaturalist-open-data.s3.amazonaws.com/photos/158001626/original.jpeg']
3456921947,41.114033,-3.474693,2021-09-28T15:19,"['3456921947_1', '3456921947_2']","['https://inaturalist-open-data.s3.amazonaws.com/photos/171019205/original.jpeg', 'https://inaturalist-open-data.s3.amazonaws.com/photos/171019192/original.jpeg']"
3712538000,40.926261,-8.13547,2021-09-29,['3712538000_1'],['https://inaturalist-open-data.s3.amazonaws.com/photos/182105029/original.jpeg']
3722273728,37.1,-4.2,2021-09-01,['3722273728_1'],['https://observation.org/photos/42212867.jpg']
3722486952,37.09,-6.64,2021-09-13,"['3722486952_1', '3722486952_2', '3722486952_3']","['https://observation.org/photos/43874571.jpg', 'https://observation.org/photos/43874572.jpg', 'https://observation.org/photos/43874573.jpg']"
3722937237,36.097095,-5.662287,2021-09-10,"['3722937237_1', '3722937237_2', '3722937237_3', '3722937237_4', '3722937237_5', '3722937237_6', '3722937237_7', '3722937237_8', '3722937237_9', '3722937237_10', '3722937237_11']","['https://observation.org/photos/42657755.jpg', 'https://observation.org/photos/42659483.jpg', 'https://observation.org/photos/42659484.jpg', 'https://observation.org/photos/42659485.jpg', 'https://observation.org/photos/42659486.jpg', 'https://observation.org/photos/42659487.jpg', 'https://observation.org/photos/42659526.jpg', 'https://observation.org/photos/42659527.jpg', 'https://observation.org/photos/42659528.jpg', 'https://observation.org/photos/42659529.jpg', 'https://observation.org/photos/42659530.jpg']"
3723288201,40.45,-5.2,2021-09-26,"['3723288201_1', '3723288201_2', '3723288201_3', '3723288201_4']","['https://observation.org/photos/43304690.jpg', 'https://observation.org/photos/43304691.jpg', 'https://observation.org/photos/43304692.jpg', 'https://observation.org/photos/43304693.jpg']"
4405138685,41.891648,-8.004578,2021-09-14T13:09,['4405138685_1'],['https://inaturalist-open-data.s3.amazonaws.com/photos/314247601/original.jpg']
4440922775,36.928308,-4.746942,2021-09-02T10:35,['4440922775_1'],['https://inaturalist-open-data.s3.amazonaws.com/photos/334747311/original.jpg']
3384842977,40.668653,-3.842812,2021-10-01T16:21:53,['3384842977_1'],['https://inaturalist-open-data.s3.amazonaws.com/photos/160842657/original.jpg']
3398821297,42.039413,-3.466992,2021-10-23T14:14,"['3398821297_1', '3398821297_2', '3398821297_3', '3398821297_4', '3398821297_5', '3398821297_6']","['https://inaturalist-open-data.s3.amazonaws.com/photos/165961728/original.jpg', 'https://inaturalist-open-data.s3.amazonaws.com/photos/165961738/original.jpg', 'https://inaturalist-open-data.s3.amazonaws.com/photos/165961746/original.jpg', 'https://inaturalist-open-data.s3.amazonaws.com/photos/165961754/original.jpg', 'https://inaturalist-open-data.s3.amazonaws.com/photos/165961755/original.jpg', 'https://inaturalist-open-data.s3.amazonaws.com/photos/165961764/original.jpg']"
3455551540,41.674752,-3.155282,2021-10-08T17:39,['3455551540_1'],['https://inaturalist-open-data.s3.amazonaws.com/photos/172200149/original.jpeg']
3456957729,37.262812,-3.462755,2021-10-02T05:56,['3456957729_1'],['https://inaturalist-open-data.s3.amazonaws.com/photos/170280266/original.jpg']
3722219271,40.45,-5.25,2021-10-01,['3722219271_1'],['https://observation.org/photos/43414618.jpg']
4103330851,40.516276,-1.58773,2021-10-09T16:28,"['4103330851_1', '4103330851_2']","['https://inaturalist-open-data.s3.amazonaws.com/photos/273284220/original.jpg', 'https://inaturalist-open-data.s3.amazonaws.com/photos/273284353/original.jpg']"
4901293013,41.364237,0.875656,2021-10-02T11:32,['4901293013_1'],['https://inaturalist-open-data.s3.amazonaws.com/photos/396431158/original.png']
3416175515,37.441516,-6.389983,2021-11-14T16:06,['3416175515_1'],['https://inaturalist-open-data.s3.amazonaws.com/photos/168854140/original.jpg']
3456453257,40.850578,-8.129305,2021-11-14T15:18:02Z,['3456453257_1'],['https://inaturalist-open-data.s3.amazonaws.com/photos/171681718/original.jpg']
3722774853,37.55,-6.4,2021-11-14,['3722774853_1'],['https://observation.org/photos/44855140.jpg']
3732890566,37.9,-4.8,2021-11-02,['3732890566_1'],['https://observation.org/photos/44515026.jpg']
4946239095,41.047076,-3.587091,2021-12-13T21:55,['4946239095_1'],['https://inaturalist-open-data.s3.amazonaws.com/photos/310452183/original.jpg']
2901806160,38.715372,-9.318029,2020-02-15T13:35Z,"['2901806160_1', '2901806160_2']","['https://inaturalist-open-data.s3.amazonaws.com/photos/101271066/original.jpg', 'https://inaturalist-open-data.s3.amazonaws.com/photos/101271355/original.jpg']"
2579234560,40.623959,-8.186194,2020-03-10T16:03:23Z,"['2579234560_1', '2579234560_2', '2579234560_3']","['https://inaturalist-open-data.s3.amazonaws.com/photos/63334401/original.jpeg', 'https://inaturalist-open-data.s3.amazonaws.com/photos/63334413/original.jpeg', 'https://inaturalist-open-data.s3.amazonaws.com/photos/63334429/original.jpeg']"
2579235321,42.471198,-3.616457,2020-03-10T12:08:51,['2579235321_1'],['https://inaturalist-open-data.s3.amazonaws.com/photos/63175134/original.jpeg']
2580215428,38.735422,-9.524639,2020-03-10T12:55Z,['2580215428_1'],['https://inaturalist-open-data.s3.amazonaws.com/photos/63453448/original.jpg']
3097148683,41.908986,-8.04165,2020-03-14T13:02,['3097148683_1'],['https://inaturalist-open-data.s3.amazonaws.com/photos/121165393/original.jpeg']
3716412969,42.35,-3.7,2020-03-10,['3716412969_1'],['https://observation.org/photos/26311572.jpg']
3727072388,38.7,-0.55,2020-03-12,['3727072388_1'],['https://observation.org/photos/27154393.jpg']
5133705365,38.636898,-0.401705,2020-03-14T11:57,['5133705365_1'],['https://inaturalist-open-data.s3.amazonaws.com/photos/486646052/original.jpg']
2802695629,40.574741,-7.423398,2020-05-20T10:49,['2802695629_1'],['https://inaturalist-open-data.s3.amazonaws.com/photos/79722924/original.jpeg']
3722586072,38.65,-0.55,2020-05-04,['3722586072_1'],['https://observation.org/photos/41789112.jpg']
4909217291,41.061734,-3.308051,2020-05-20T13:13,['4909217291_1'],['https://inaturalist-open-data.s3.amazonaws.com/photos/403581645/original.jpeg']
6422786430,38.644831,-0.517598,2020-05-04T12:31,['6422786430_1'],['https://inaturalist-open-data.s3.amazonaws.com/photos/685363858/original.jpg']
2873727958,38.71965,-0.520514,2020-06-25T12:29:13,['2873727958_1'],['https://inaturalist-open-data.s3.amazonaws.com/photos/97274306/original.jpg']
3499575985,40.881637,0.261759,2020-06-20T15:19:58Z,['3499575985_1'],['https://inaturalist-open-data.s3.amazonaws.com/photos/179375967/original.jpeg']
3717067901,40.75,-3.9,2020-06-19,['3717067901_1'],['https://observation.org/photos/27965062.jpg']
3726537849,42.3,-3.7,2020-06-05,['3726537849_1'],['https://observation.org/photos/27459709.jpg']
6413288720,40.593334,-0.315423,2020-06-27T14:12,['6413288720_1'],['https://inaturalist-open-data.s3.amazonaws.com/photos/681549923/original.jpg']
2850825036,41.370809,-8.773968,2020-08-16T16:54:19,['2850825036_1'],['https://inaturalist-open-data.s3.amazonaws.com/photos/90271589/original.jpeg']
4921577542,40.52661,-1.728952,2020-08-10T19:12,"['4921577542_1', '4921577542_2', '4921577542_3']","['https://inaturalist-open-data.s3.amazonaws.com/photos/415806505/original.jpeg', 'https://inaturalist-open-data.s3.amazonaws.com/photos/415806512/original.jpeg', 'https://inaturalist-open-data.s3.amazonaws.com/photos/415806525/original.jpeg']"
2864577207,41.7052,-8.381289,2020-09-12T15:38,['2864577207_1'],['https://inaturalist-open-data.s3.amazonaws.com/photos/95676218/original.jpeg']
2864770464,41.790292,-1.833211,2020-09-13T08:20:23,['2864770464_1'],['https://inaturalist-open-data.s3.amazonaws.com/photos/95172165/original.jpeg']
2873866750,40.114271,-1.944074,2020-09-19T11:10:43,['2873866750_1'],['https://inaturalist-open-data.s3.amazonaws.com/photos/97276658/original.jpg']
2873892868,40.326677,-0.71966,2020-09-19T08:42:05,['2873892868_1'],['https://inaturalist-open-data.s3.amazonaws.com/photos/97276840/original.jpg']
2873976282,37.362357,-8.41868,2020-09-27T18:13,['2873976282_1'],['https://inaturalist-open-data.s3.amazonaws.com/photos/97544480/original.jpg']
2883055341,42.176487,-3.509422,2020-10-03T17:31,"['2883055341_1', '2883055341_2', '2883055341_3']","['https://inaturalist-open-data.s3.amazonaws.com/photos/98854742/original.jpg', 'https://inaturalist-open-data.s3.amazonaws.com/photos/98854813/original.jpg', 'https://inaturalist-open-data.s3.amazonaws.com/photos/98854815/original.jpg']"
2984469058,37.311538,-7.842267,2020-10-04T12:58,['2984469058_1'],['https://inaturalist-open-data.s3.amazonaws.com/photos/104161511/original.jpg']
3728869498,40.2,-5.9,2020-10-07,['3728869498_1'],['https://observation.org/photos/31294525.jpg']
2465191800,41.377994,-8.768864,2019-03-16T14:13Z,['2465191800_1'],['https://inaturalist-open-data.s3.amazonaws.com/photos/56746126/original.jpeg']
5107722415,36.7,-5.35,2019-03-09,['5107722415_1'],['https://observation.org/photos/112987910.jpg']
2252050349,40.320115,-6.529955,2019-04-14T11:22:05,['2252050349_1'],['https://inaturalist-open-data.s3.amazonaws.com/photos/40962301/original.jpeg']
2837931090,36.75,-5.45,2019-04-14,['2837931090_1'],['https://observation.org/photos/20211148.jpg']
3456812595,41.96103,-8.096099,2019-04-11T14:56:33,['3456812595_1'],['https://inaturalist-open-data.s3.amazonaws.com/photos/172826947/original.jpg']
3456865758,41.809797,-8.191981,2019-04-11T17:38:57,['3456865758_1'],['https://inaturalist-open-data.s3.amazonaws.com/photos/172826959/original.jpg']
4046426831,40.418023,-4.70249,2019-04-17T12:10,['4046426831_1'],['https://inaturalist-open-data.s3.amazonaws.com/photos/257582024/original.jpg']
3068121913,38.673823,-0.501068,2019-05-18T09:09,['3068121913_1'],['https://inaturalist-open-data.s3.amazonaws.com/photos/117333684/original.jpg']
4945673708,42.621083,-3.789405,2019-05-29T11:05,['4945673708_1'],['https://inaturalist-open-data.s3.amazonaws.com/photos/310452162/original.jpg']
2294470807,41.81755,-8.108685,2019-06-30T09:40,['2294470807_1'],['https://inaturalist-open-data.s3.amazonaws.com/photos/44797943/original.jpg']
2837320920,40.4,-1.45,2019-06-01,"['2837320920_1', '2837320920_2']","['https://observation.org/photos/21650322.jpg', 'https://observation.org/photos/21650323.jpg']"
2826482285,40.974408,-7.627787,2019-07-22T20:33,['2826482285_1'],['https://inaturalist-open-data.s3.amazonaws.com/photos/87862825/original.jpg']
2331950932,39.267665,-7.288933,2019-08-07T17:41,['2331950932_1'],['https://inaturalist-open-data.s3.amazonaws.com/photos/47459130/original.jpg']
2331962060,41.697038,-8.038728,2019-08-06T12:24,['2331962060_1'],['https://inaturalist-open-data.s3.amazonaws.com/photos/47526148/original.jpg']
2350398607,40.928362,-3.820552,2019-08-12T14:28:36,['2350398607_1'],['https://inaturalist-open-data.s3.amazonaws.com/photos/47952836/original.jpg']
2423229015,40.581734,-5.559449,2019-09-09T07:36:07,['2423229015_1'],['https://inaturalist-open-data.s3.amazonaws.com/photos/52393209/original.jpeg']
2429306805,41.587666,1.931984,2019-09-29T17:00,"['2429306805_1', '2429306805_2']","['https://inaturalist-open-data.s3.amazonaws.com/photos/52813454/original.jpg', 'https://inaturalist-open-data.s3.amazonaws.com/photos/52813446/original.jpg']"
2838074333,42.35,-3.85,2019-09-01,['2838074333_1'],['https://observation.org/photos/23070919.jpg']
5932523632,37.915003,-2.716458,2019-09-14T20:46,['5932523632_1'],['https://inaturalist-open-data.s3.amazonaws.com/photos/599853804/original.jpg']
2609298414,40.682108,-3.912859,2019-10-06T16:01,['2609298414_1'],['https://inaturalist-open-data.s3.amazonaws.com/photos/68209914/original.png']
2980956638,39.406573,-8.723794,2019-10-12T14:46,['2980956638_1'],['https://inaturalist-open-data.s3.amazonaws.com/photos/102494587/original.jpg']
2980980656,39.500969,-8.633045,2019-10-12T14:46,['2980980656_1'],['https://inaturalist-open-data.s3.amazonaws.com/photos/102494599/original.jpg']
2980981625,39.505561,-8.762909,2019-10-12T14:46,['2980981625_1'],['https://inaturalist-open-data.s3.amazonaws.com/photos/102494603/original.jpg']
2981000641,39.526473,-8.678963,2019-10-12T14:46,['2981000641_1'],['https://inaturalist-open-data.s3.amazonaws.com/photos/102494593/original.jpg']
2981002637,39.529398,-8.692378,2019-10-12T14:46,['2981002637_1'],['https://inaturalist-open-data.s3.amazonaws.com/photos/102494583/original.jpg']
4127112622,40.764034,-3.944313,2019-10-26T12:41:08,['4127112622_1'],['https://inaturalist-open-data.s3.amazonaws.com/photos/284046312/original.jpeg']
2844903345,40.2,-5.25,2018-05-05,['2844903345_1'],['https://observation.org/photos/16672897.jpg']
3333278685,38.664776,-0.530469,2018-05-30T13:40:04,['3333278685_1'],['https://inaturalist-open-data.s3.amazonaws.com/photos/145620920/original.jpeg']
3731636020,38.65,-0.55,2018-05-30,['3731636020_1'],['https://observation.org/photos/41789026.jpg']
6422806395,38.727835,-0.494725,2018-05-30T13:42,['6422806395_1'],['https://inaturalist-open-data.s3.amazonaws.com/photos/685421104/original.jpg']
3912160950,42.653952,-3.744241,2018-06-06T12:27,['3912160950_1'],['https://inaturalist-open-data.s3.amazonaws.com/photos/230056289/original.jpg']
1883943470,40.682433,-8.094872,2018-07-01T14:39,['1883943470_1'],['https://inaturalist-open-data.s3.amazonaws.com/photos/21827714/original.jpeg']
2563617270,41.396131,-8.748944,2018-07-05T13:15,['2563617270_1'],['https://inaturalist-open-data.s3.amazonaws.com/photos/60376317/original.jpg']
2844261423,40.3,-1.55,2018-07-14,['2844261423_1'],['https://observation.org/photos/19161571.jpg']
1891296267,41.72841,-8.011076,2018-08-03T15:51:52,['1891296267_1'],['https://inaturalist-open-data.s3.amazonaws.com/photos/22880152/original.jpeg']
1913197900,41.801796,-4.083196,2018-08-13T17:18,['1913197900_1'],['https://inaturalist-open-data.s3.amazonaws.com/photos/24815884/original.jpg']
2265815760,41.363356,-3.430396,2018-08-26T18:40,['2265815760_1'],['https://inaturalist-open-data.s3.amazonaws.com/photos/41256433/original.jpg']
4932522563,37.95,-6.1,2018-08-10,['4932522563_1'],['https://observation.org/photos/18071003.jpg']
3858541671,40.234471,-5.347237,2018-09-30T17:15,"['3858541671_1', '3858541671_2']","['https://inaturalist-open-data.s3.amazonaws.com/photos/206148350/original.jpeg', 'https://inaturalist-open-data.s3.amazonaws.com/photos/206148376/original.jpeg']"
3923238471,41.551633,1.941789,2018-09-29T11:52,['3923238471_1'],['https://inaturalist-open-data.s3.amazonaws.com/photos/234657917/original.jpg']
1932340499,40.348512,-6.893735,2018-10-23T14:57:12,"['1932340499_1', '1932340499_2']","['https://inaturalist-open-data.s3.amazonaws.com/photos/27108506/original.jpeg', 'https://inaturalist-open-data.s3.amazonaws.com/photos/27108529/original.jpeg']"
2573853581,41.083439,-3.869471,2018-10-12T16:51:31,['2573853581_1'],['https://inaturalist-open-data.s3.amazonaws.com/photos/61159671/original.jpg']
4407473724,36.158154,-5.437636,2017-01-08T23:32,['4407473724_1'],['https://inaturalist-open-data.s3.amazonaws.com/photos/316874844/original.jpg']
4459425151,36.106841,-5.539389,2017-01-08,['4459425151_1'],['https://observation.org/photos/76720089.jpg']
4872056973,41.664812,1.803325,2017-02-19T15:58,['4872056973_1'],['https://inaturalist-open-data.s3.amazonaws.com/photos/385522222/original.jpg']
5868194220,42.416121,-3.023906,2017-03-18T20:19,['5868194220_1'],['https://inaturalist-open-data.s3.amazonaws.com/photos/582518408/original.jpg']
1883955048,40.754246,-8.072276,2017-04-30T10:22,['1883955048_1'],['https://inaturalist-open-data.s3.amazonaws.com/photos/21917591/original.jpeg']
5087257743,37.590048,-4.202356,2017-04-30T09:00,"['5087257743_1', '5087257743_2', '5087257743_3', '5087257743_4', '5087257743_5']","['https://inaturalist-open-data.s3.amazonaws.com/photos/472968963/original.jpeg', 'https://inaturalist-open-data.s3.amazonaws.com/photos/472968990/original.jpeg', 'https://inaturalist-open-data.s3.amazonaws.com/photos/472969011/original.jpeg', 'https://inaturalist-open-data.s3.amazonaws.com/photos/472969123/original.jpeg', 'https://inaturalist-open-data.s3.amazonaws.com/photos/472969139/original.jpeg']"
5908840243,36.153328,-5.412604,2017-04-06T22:23,['5908840243_1'],['https://inaturalist-open-data.s3.amazonaws.com/photos/595545816/original.jpg']
1571084583,41.097345,-6.603997,2017-05-31T03:42,['1571084583_1'],['https://inaturalist-open-data.s3.amazonaws.com/photos/8192509/original.jpeg']
1571084614,41.112266,-6.78479,2017-05-31T03:28,['1571084614_1'],['https://inaturalist-open-data.s3.amazonaws.com/photos/8192505/original.jpeg']
1571084651,41.157371,-6.754869,2017-05-31T03:31,['1571084651_1'],['https://inaturalist-open-data.s3.amazonaws.com/photos/8192507/original.jpeg']
2294654908,41.808773,-6.48748,2017-05-02T16:41,['2294654908_1'],['https://inaturalist-open-data.s3.amazonaws.com/photos/45919174/original.jpg']
2634389240,41.194534,-3.588655,2017-05-15T12:23,['2634389240_1'],['https://inaturalist-open-data.s3.amazonaws.com/photos/75717665/original.jpeg']
2836130398,37.816439,-5.303986,2017-07-08,"['2836130398_1', '2836130398_2', '2836130398_3', '2836130398_4']","['https://observation.org/photos/14168683.jpg', 'https://observation.org/photos/14169253.jpg', 'https://observation.org/photos/14169258.jpg', 'https://observation.org/photos/14169266.jpg']"
2843233380,37.8,-5.35,2017-07-08,['2843233380_1'],['https://observation.org/photos/14171589.jpg']
4510314411,40.146833,-1.831523,2017-08-30T17:21:11,['4510314411_1'],['https://inaturalist-open-data.s3.amazonaws.com/photos/89423386/original.jpeg']
3764383743,39.217229,-7.206695,2017-09-28T17:41:42,"['3764383743_1', '3764383743_2']","['https://inaturalist-open-data.s3.amazonaws.com/photos/190283351/original.jpg', 'https://inaturalist-open-data.s3.amazonaws.com/photos/190283359/original.jpg']"
4416809224,40.732942,-3.995709,2017-09-01T23:52,['4416809224_1'],['https://inaturalist-open-data.s3.amazonaws.com/photos/321454387/original.png']
5867808684,41.861404,-6.302208,2017-09-30T14:44,['5867808684_1'],['https://inaturalist-open-data.s3.amazonaws.com/photos/582503560/original.jpg']
6413928700,41.528557,1.930851,2017-09-30T11:48,"['6413928700_1', '6413928700_2']","['https://inaturalist-open-data.s3.amazonaws.com/photos/316983432/original.jpg', 'https://inaturalist-open-data.s3.amazonaws.com/photos/316983437/original.jpg']"
1836612813,40.250687,-7.599202,2017-10-05T18:11,['1836612813_1'],['https://inaturalist-open-data.s3.amazonaws.com/photos/14065811/original.jpg']
4057916546,38.65,-0.55,2017-10-06,['4057916546_1'],['https://observation.org/photos/62604062.jpg']
4976413039,37.20025,-8.486041,2017-10-01,['4976413039_1'],['https://inaturalist-open-data.s3.amazonaws.com/photos/445117521/original.jpeg']
5108235884,42.756633,-3.611858,2017-10-09T14:48,['5108235884_1'],['https://inaturalist-open-data.s3.amazonaws.com/photos/480430305/original.jpg']
2557747757,41.825484,-6.331729,2016-05-24T10:11,['2557747757_1'],['https://inaturalist-open-data.s3.amazonaws.com/photos/59395590/original.jpeg']
2841427591,37.774423,-6.147435,2016-05-02,"['2841427591_1', '2841427591_2', '2841427591_3']","['https://observation.org/photos/10689910.jpg', 'https://observation.org/photos/10689912.jpg', 'https://observation.org/photos/10695802.jpg']"
5134893512,41.997496,-2.508298,2016-05-02T16:20,['5134893512_1'],['https://inaturalist-open-data.s3.amazonaws.com/photos/484730153/original.jpg']
2843670306,40.25,-5.1,2016-06-08,"['2843670306_1', '2843670306_2', '2843670306_3']","['https://observation.org/photos/25912825.jpg', 'https://observation.org/photos/25912826.jpg', 'https://observation.org/photos/25912827.jpg']"
1950018831,41.94844,-8.097998,2016-07-27T17:22,"['1950018831_1', '1950018831_2']","['https://inaturalist-open-data.s3.amazonaws.com/photos/29076230/original.jpeg', 'https://inaturalist-open-data.s3.amazonaws.com/photos/29076234/original.jpeg']"
2634278770,41.032278,-3.400851,2016-09-30T11:04,"['2634278770_1', '2634278770_2']","['https://inaturalist-open-data.s3.amazonaws.com/photos/75265448/original.jpeg', 'https://inaturalist-open-data.s3.amazonaws.com/photos/75265450/original.jpeg']"
4416681254,40.346437,-4.935948,2016-09-01T17:25,['4416681254_1'],['https://inaturalist-open-data.s3.amazonaws.com/photos/321624633/original.png']
1453120285,40.902008,0.419082,2016-10-02T15:00:34,['1453120285_1'],['https://inaturalist-open-data.s3.amazonaws.com/photos/5317468/original.jpg']
4057175676,38.65,-0.55,2016-10-09,['4057175676_1'],['https://observation.org/photos/62221311.jpg']
2832678125,37.15,-7.0,2015-03-20,['2832678125_1'],['https://observation.org/photos/11393890.jpg']
6186765394,36.532923,-5.57654,2015-04-07,['6186765394_1'],['https://observation.org/photos/146224573.jpg']
1850921723,41.631315,-8.110034,2015-05-10T17:00,['1850921723_1'],['https://inaturalist-open-data.s3.amazonaws.com/photos/19250234/original.jpg']
2832840723,38.05,-5.85,2015-05-19,['2832840723_1'],['https://observation.org/photos/16515738.jpg']
4430787289,40.582202,-7.46406,2015-05-31T10:05,['4430787289_1'],['https://inaturalist-open-data.s3.amazonaws.com/photos/330335196/original.jpg']
1500329613,41.482849,1.843583,2015-06-22,['1500329613_1'],['https://inaturalist-open-data.s3.amazonaws.com/photos/7511596/original.jpg']
3719478579,38.65,-0.55,2015-06-24,['3719478579_1'],['https://observation.org/photos/33784967.jpg']
5908629606,36.00659,-5.496086,2015-06-09T12:40,"['5908629606_1', '5908629606_2', '5908629606_3', '5908629606_4', '5908629606_5', '5908629606_6', '5908629606_7', '5908629606_8', '5908629606_9', '5908629606_10', '5908629606_11', '5908629606_12', '5908629606_13', '5908629606_14', '5908629606_15', '5908629606_16', '5908629606_17', '5908629606_18', '5908629606_19', '5908629606_20']","['https://inaturalist-open-data.s3.amazonaws.com/photos/595527110/original.jpg', 'https://inaturalist-open-data.s3.amazonaws.com/photos/595527111/original.jpg', 'https://inaturalist-open-data.s3.amazonaws.com/photos/595527121/original.jpg', 'https://inaturalist-open-data.s3.amazonaws.com/photos/595527132/original.jpg', 'https://inaturalist-open-data.s3.amazonaws.com/photos/595527136/original.jpg', 'https://inaturalist-open-data.s3.amazonaws.com/photos/595527164/original.jpg', 'https://inaturalist-open-data.s3.amazonaws.com/photos/595527173/original.jpg', 'https://inaturalist-open-data.s3.amazonaws.com/photos/595527168/original.jpg', 'https://inaturalist-open-data.s3.amazonaws.com/photos/595527183/original.jpg', 'https://inaturalist-open-data.s3.amazonaws.com/photos/595527189/original.jpg', 'https://inaturalist-open-data.s3.amazonaws.com/photos/595527267/original.jpg', 'https://inaturalist-open-data.s3.amazonaws.com/photos/595527284/original.jpg', 'https://inaturalist-open-data.s3.amazonaws.com/photos/595527281/original.jpg', 'https://inaturalist-open-data.s3.amazonaws.com/photos/595527289/original.jpg', 'https://inaturalist-open-data.s3.amazonaws.com/photos/595527298/original.jpg', 'https://inaturalist-open-data.s3.amazonaws.com/photos/595527300/original.jpg', 'https://inaturalist-open-data.s3.amazonaws.com/photos/595527310/original.jpg', 'https://inaturalist-open-data.s3.amazonaws.com/photos/595527318/original.jpg', 'https://inaturalist-open-data.s3.amazonaws.com/photos/595527322/original.jpg', 'https://inaturalist-open-data.s3.amazonaws.com/photos/595527331/original.jpg']"
2576273207,41.529285,1.91701,2015-10-15T11:10,['2576273207_1'],['https://inaturalist-open-data.s3.amazonaws.com/photos/62133392/original.jpeg']
5238090770,40.768016,-4.386231,2015-10-24T17:12,['5238090770_1'],['https://inaturalist-open-data.s3.amazonaws.com/photos/541304173/original.jpg']
4921568157,37.138188,-6.775411,2014-04-08T10:27,['4921568157_1'],['https://inaturalist-open-data.s3.amazonaws.com/photos/415449815/original.jpg']
4922021375,41.620218,-2.389628,2014-04-14T13:57,"['4922021375_1', '4922021375_2', '4922021375_3', '4922021375_4', '4922021375_5', '4922021375_6']","['https://inaturalist-open-data.s3.amazonaws.com/photos/415449877/original.jpg', 'https://inaturalist-open-data.s3.amazonaws.com/photos/415449879/original.jpg', 'https://inaturalist-open-data.s3.amazonaws.com/photos/415449904/original.jpg', 'https://inaturalist-open-data.s3.amazonaws.com/photos/415449915/original.jpg', 'https://inaturalist-open-data.s3.amazonaws.com/photos/415449909/original.jpg', 'https://inaturalist-open-data.s3.amazonaws.com/photos/415449946/original.jpg']"
3985754255,40.580586,-7.517757,2014-05-10T19:34,['3985754255_1'],['https://inaturalist-open-data.s3.amazonaws.com/photos/243955029/original.jpg']
4921856906,40.486654,-5.215332,2014-05-18T19:16,['4921856906_1'],['https://inaturalist-open-data.s3.amazonaws.com/photos/415450274/original.jpg']
3726181438,36.95,-6.45,2014-06-28,['3726181438_1'],['https://observation.org/photos/28397540.jpg']
3726332413,36.95,-6.45,2014-06-28,['3726332413_1'],['https://observation.org/photos/28397541.jpg']
4921639469,40.584821,-6.309566,2014-06-04T11:56,['4921639469_1'],['https://inaturalist-open-data.s3.amazonaws.com/photos/415450424/original.jpg']
2573839305,40.282289,-7.791626,2014-07-30T19:30,['2573839305_1'],['https://inaturalist-open-data.s3.amazonaws.com/photos/61055809/original.jpeg']
3729861787,42.7,-3.8,2014-07-04,['3729861787_1'],['https://observation.org/photos/40038196.jpg']
1038340344,41.450941,1.984774,2014-10-25T11:16:32,['1038340344_1'],['https://inaturalist-open-data.s3.amazonaws.com/photos/1302075/original.jpg']
3903396620,41.556323,1.874122,2014-10-11T10:35,['3903396620_1'],['https://inaturalist-open-data.s3.amazonaws.com/photos/228609423/original.jpg']
4528104303,40.113017,-0.813511,2014-10-23T13:09,"['4528104303_1', '4528104303_2']","['https://inaturalist-open-data.s3.amazonaws.com/photos/353288774/original.jpeg', 'https://inaturalist-open-data.s3.amazonaws.com/photos/353288769/original.jpeg']"
4923625233,40.730283,-4.031766,2013-04-21T14:17,['4923625233_1'],['https://inaturalist-open-data.s3.amazonaws.com/photos/418574535/original.jpg']
4923987644,40.709488,-4.140317,2013-04-21T17:00,['4923987644_1'],['https://inaturalist-open-data.s3.amazonaws.com/photos/418574558/original.jpg']
5829214898,38.9,-0.65,2013-04-02,['5829214898_1'],['https://observation.org/photos/135310312.jpg']
6171029749,40.67373,-4.075247,2013-04-06T16:22,"['6171029749_1', '6171029749_2', '6171029749_3', '6171029749_4']","['https://inaturalist-open-data.s3.amazonaws.com/photos/619909022/original.jpg', 'https://inaturalist-open-data.s3.amazonaws.com/photos/619909032/original.jpg', 'https://inaturalist-open-data.s3.amazonaws.com/photos/619909062/original.jpg', 'https://inaturalist-open-data.s3.amazonaws.com/photos/619909058/original.jpg']"
3456832289,38.336695,-3.811832,2013-05-07T11:39,['3456832289_1'],['https://inaturalist-open-data.s3.amazonaws.com/photos/172188744/original.jpeg']
4923899994,40.473521,-5.228816,2013-06-21T15:10,['4923899994_1'],['https://inaturalist-open-data.s3.amazonaws.com/photos/418574754/original.jpg']
4923856289,40.792552,-3.956254,2013-07-20T21:37,['4923856289_1'],['https://inaturalist-open-data.s3.amazonaws.com/photos/418575011/original.jpg']
2832394160,42.35,-3.6,2013-10-17,"['2832394160_1', '2832394160_2', '2832394160_3']","['https://observation.org/photos/5804027.jpg', 'https://observation.org/photos/5804030.jpg', 'https://observation.org/photos/5804031.jpg']"
2574275530,37.025122,-6.763742,2013-12-13T18:20,"['2574275530_1', '2574275530_2']","['https://inaturalist-open-data.s3.amazonaws.com/photos/61073133/original.jpg', 'https://inaturalist-open-data.s3.amazonaws.com/photos/61073454/original.jpg']"
4921952348,42.777998,-3.774322,2012-04-29T01:04,"['4921952348_1', '4921952348_2', '4921952348_3']","['https://inaturalist-open-data.s3.amazonaws.com/photos/415372179/original.jpeg', 'https://inaturalist-open-data.s3.amazonaws.com/photos/415372186/original.jpeg', 'https://inaturalist-open-data.s3.amazonaws.com/photos/415372206/original.jpeg']"
5237673830,40.716246,-4.307368,2012-04-02T16:50,['5237673830_1'],['https://inaturalist-open-data.s3.amazonaws.com/photos/541302768/original.jpg']
6251784224,42.244229,-3.564374,2012-04-29T14:50,"['6251784224_1', '6251784224_2']","['https://inaturalist-open-data.s3.amazonaws.com/photos/651504643/original.jpg', 'https://inaturalist-open-data.s3.amazonaws.com/photos/651504649/original.jpg']"
3301887658,41.994305,-6.25865,2012-09-14T19:22,"['3301887658_1', '3301887658_2']","['https://inaturalist-open-data.s3.amazonaws.com/photos/132070626/original.jpeg', 'https://inaturalist-open-data.s3.amazonaws.com/photos/132070967/original.jpeg']"
4029102524,42.086657,-7.382447,2011-09-12T14:20,['4029102524_1'],['https://inaturalist-open-data.s3.amazonaws.com/photos/255006714/original.jpeg']
5008635200,37.063633,-6.648848,2011-11-26,"['5008635200_1', '5008635200_2']","['https://observation.org/photos/108701202.jpg', 'https://observation.org/photos/108701203.jpg']"
5908743964,37.013433,-3.098281,2010-01-01T00:00,"['5908743964_1', '5908743964_2', '5908743964_3']","['https://inaturalist-open-data.s3.amazonaws.com/photos/595586514/original.jpg', 'https://inaturalist-open-data.s3.amazonaws.com/photos/595586513/original.jpg', 'https://inaturalist-open-data.s3.amazonaws.com/photos/595586512/original.jpg']"
2963821637,36.648073,-2.150569,2010-02-20T12:29,"['2963821637_1', '2963821637_2']","['https://inaturalist-open-data.s3.amazonaws.com/photos/101704852/original.jpeg', 'https://inaturalist-open-data.s3.amazonaws.com/photos/101704943/original.jpeg']"
2460075097,42.166418,-7.099652,2010-04-25T14:22,['2460075097_1'],['https://inaturalist-open-data.s3.amazonaws.com/photos/56602194/original.jpg']
2840158249,41.7,-2.9,2010-07-11,['2840158249_1'],['https://observation.org/photos/2458870.jpg']
6235832224,40.337973,-2.134793,2010-08-18T00:10,['6235832224_1'],['https://inaturalist-open-data.s3.amazonaws.com/photos/641299683/original.jpg']
4430717794,40.53874,-7.483839,2009-05-22T12:18,['4430717794_1'],['https://inaturalist-open-data.s3.amazonaws.com/photos/329166638/original.jpg']
5015448463,36.787807,-5.377046,2009-05-05T00:00,"['5015448463_1', '5015448463_2']","['https://live.staticflickr.com/65535/52411514089_ce4ccd321c_b.jpg', 'https://live.staticflickr.com/65535/52411231131_320b93cee2_b.jpg']"
5087823996,40.747646,-7.292612,2009-05-01T16:04,"['5087823996_1', '5087823996_2', '5087823996_3', '5087823996_4', '5087823996_5']","['https://inaturalist-open-data.s3.amazonaws.com/photos/476310847/original.jpg', 'https://inaturalist-open-data.s3.amazonaws.com/photos/476314116/original.jpg', 'https://inaturalist-open-data.s3.amazonaws.com/photos/476314118/original.jpg', 'https://inaturalist-open-data.s3.amazonaws.com/photos/476314122/original.jpg', 'https://inaturalist-open-data.s3.amazonaws.com/photos/476314120/original.jpg']"
4925926882,40.02656,-8.307262,2009-09-30T15:33:22,"['4925926882_1', '4925926882_2', '4925926882_3']","['https://inaturalist-open-data.s3.amazonaws.com/photos/419963055/original.jpeg', 'https://inaturalist-open-data.s3.amazonaws.com/photos/419963790/original.jpeg', 'https://inaturalist-open-data.s3.amazonaws.com/photos/419963821/original.jpeg']"
3333069622,38.614617,-0.594312,2008-02-13T14:30Z,['3333069622_1'],['https://inaturalist-open-data.s3.amazonaws.com/photos/145560917/original.jpeg']
3333082666,38.681556,-0.440991,2008-02-13T14:27Z,['3333082666_1'],['https://inaturalist-open-data.s3.amazonaws.com/photos/145560845/original.jpeg']
4525118695,37.770738,-5.955708,2008-04-13T10:48,['4525118695_1'],['https://inaturalist-open-data.s3.amazonaws.com/photos/351639619/original.jpeg']
6150440929,39.3,-7.3,2008-05-11,['6150440929_1'],['https://observation.org/photos/143549192.jpg']
4410110867,37.7,-3.5,2008-09-20,['4410110867_1'],['https://observation.org/photos/73446585.jpg']
5230459452,41.780496,-8.159965,2007-04-22T11:17:45,['5230459452_1'],['https://inaturalist-open-data.s3.amazonaws.com/photos/322798109/original.jpeg']
5008739332,37.01225,-6.559302,2007-10-09,"['5008739332_1', '5008739332_2', '5008739332_3']","['https://observation.org/photos/108709092.jpg', 'https://observation.org/photos/108709093.jpg', 'https://observation.org/photos/108709094.jpg']"
4407431064,36.120665,-5.212328,2006-08-11T17:44,"['4407431064_1', '4407431064_2']","['https://inaturalist-open-data.s3.amazonaws.com/photos/316238176/original.jpg', 'https://inaturalist-open-data.s3.amazonaws.com/photos/316238174/original.jpg']"
4459935914,36.185336,-5.364783,2006-08-11,"['4459935914_1', '4459935914_2']","['https://observation.org/photos/76549218.jpg', 'https://observation.org/photos/76549219.jpg']"
4908545970,38.742042,-0.531852,2005-03-30T11:28,['4908545970_1'],['https://inaturalist-open-data.s3.amazonaws.com/photos/404215610/original.jpeg']
4525123738,37.215361,-8.749896,2005-04-24T18:03,['4525123738_1'],['https://inaturalist-open-data.s3.amazonaws.com/photos/351634725/original.jpeg']
4980684003,40.092424,-8.291407,2004-01-01T17:32Z,['4980684003_1'],['https://inaturalist-open-data.s3.amazonaws.com/photos/448886697/original.jpg']
2988582925,41.705022,-2.653875,2003-05-02,"['2988582925_1', '2988582925_2']","['https://inaturalist-open-data.s3.amazonaws.com/photos/104257688/original.jpg', 'https://inaturalist-open-data.s3.amazonaws.com/photos/104257825/original.jpg']"
6399610042,41.731856,-2.704342,2003-05-10,"['6399610042_1', '6399610042_2', '6399610042_3', '6399610042_4', '6399610042_5']","['https://inaturalist-open-data.s3.amazonaws.com/photos/675887521/original.jpg', 'https://inaturalist-open-data.s3.amazonaws.com/photos/675887520/original.jpg', 'https://inaturalist-open-data.s3.amazonaws.com/photos/675887516/original.jpg', 'https://inaturalist-open-data.s3.amazonaws.com/photos/675887535/original.jpg', 'https://inaturalist-open-data.s3.amazonaws.com/photos/675887537/original.jpg']"
4080512888,36.246601,-5.324215,2002-11-29T23:45:16,['4080512888_1'],['https://inaturalist-open-data.s3.amazonaws.com/photos/265528348/original.jpeg']
3333272669,38.657481,-0.560241,1999-01-22T21:52Z,['3333272669_1'],['https://inaturalist-open-data.s3.amazonaws.com/photos/145561964/original.jpeg']
3760256884,41.069797,-3.231119,1984-06-23T12:00,"['3760256884_1', '3760256884_2', '3760256884_3']","['https://inaturalist-open-data.s3.amazonaws.com/photos/188038563/original.jpg', 'https://inaturalist-open-data.s3.amazonaws.com/photos/188038576/original.jpg', 'https://inaturalist-open-data.s3.amazonaws.com/photos/188038549/original.jpg']"
