"photo_id","wb_gain_r","wb_gain_g","wb_gain_b","exposure_gain","saturated_frac","wb_clamped","exp_clamped","n_bg_pixels","residual_a","residual_b","residual_euclid"
"1273855712_1",0.861569667964755,0.959836065783166,1.25394494401957,1.35363131413087,0.00275000000000003,FALSE,FALSE,19945,-0.303213337940644,13.6171786656317,13.620554068761
"1273855712_2",0.812958427520894,0.9709739276683,1.35129468954654,1.40225664479784,0.00149999999999995,FALSE,FALSE,19970,-0.288903767129534,8.93098793470102,8.93565950987597
"1291094995_1",1.00200844014093,1.00177843814081,0.996234536994733,1.03464922905579,0.00629999999999997,FALSE,FALSE,19874,-0.0414578811190336,0.124326512093131,0.131056619505172
"1291105271_1",0.993042873698251,0.993717422381047,1.013508204528,1.01399274184012,0.0104,FALSE,FALSE,19792,-0.0288600722017918,2.9712866510876,2.97142680655251
"1305145619_1",0.865149660963344,0.953928151050089,1.25654401455426,1.15624695638853,0.00839999999999996,FALSE,FALSE,19832,-0.740152274464667,4.24169602996422,4.3057880347283
"1305145619_3",0.701839368356395,1.09231074083814,1.51588156422618,1.18272985816453,0.0605,FALSE,FALSE,18790,2.30634579707975,4.73849811788284,5.26997109564053
"1305145619_5",0.906824408995613,0.95918021525239,1.17000975292005,1.06848263364283,0.07975,FALSE,FALSE,18405,-1.32534154190622,12.6377764300072,12.7070816200081
"1305145712_1",0.88627507340977,1.04477879688791,1.09344381788002,1.13484557889758,0.00600000000000001,FALSE,FALSE,19880,1.09748803414661,-0.22879577888355,1.12108317868476
"1305145712_2",0.887059527081007,1.04036338671553,1.09711998878843,1.11778405340621,0.0139,FALSE,FALSE,19722,0.614019701386803,-1.73619041413142,1.84156926229045
"1305145750_1",0.923220419095687,1.02592379894631,1.0614541779238,1.17310637012475,0,FALSE,FALSE,20000,0.326385171795895,1.59611437828324,1.62914345253288
"1305145750_2",0.878622140198569,1.00115836099088,1.1587333349307,1.19599670394217,0.00600000000000001,FALSE,FALSE,19880,2.10401306653296,2.42590701306703,3.21121407261946
"1305145750_3",0.884067395787502,1.01279533905324,1.1344322595333,1.30325909569858,0.000349999999999961,FALSE,FALSE,19993,0.887547800859645,0.314370291271082,0.941578344507061
"1305145750_4",0.902118462676392,1.01002829198004,1.10935234761594,1.27876054259387,0,FALSE,FALSE,20000,1.0866736745786,0.658301636190095,1.27051986180174
"1305145750_5",0.892741658844107,1.03012966827894,1.09998471546796,1.19585661594246,0,FALSE,FALSE,20000,0.351344463717485,2.14571697126493,2.17429166694795
"1453525831_1",0.949478968105525,0.972442470931972,1.08878815172106,1.54540778354941,0.0698,FALSE,FALSE,18604,-1.01189890991532,5.65188004400465,5.7417495100105
"1562948422_1",0.88173943938307,0.97619045641282,1.18837129524061,1.10890358961904,0.0266,FALSE,FALSE,19468,0.63289287249868,-2.28198514311151,2.36812364150212
"1841222086_2",0.947204205332465,1.00316634646053,1.0555005446118,1.06898281204389,0.01825,FALSE,FALSE,19635,0.197584852806354,3.48458618583134,3.49018347090022
"1841222284_1",0.897836207784661,1.00949540855679,1.11654845850135,1.32559209078299,0.02125,FALSE,FALSE,19575,-0.870244157900046,3.51859592101831,3.62461613826428
"1841222284_2",0.918272859739259,1.01103839833732,1.08469640292604,1.2168295800833,0.00880000000000003,FALSE,FALSE,19824,-0.835148921475098,3.18589133391032,3.29353568563116
"1847509866_1",0.90258479840837,0.964815544033518,1.16876592832393,1.30854832955327,0.0630500000000001,FALSE,FALSE,18739,2.01737297356536,2.6471693216247,3.32825767208954
"1914344688_1",0.930129511035407,0.994435151064575,1.08780203570711,1.04509791998838,0.0165,FALSE,FALSE,19670,0.134292651079615,2.29616950589154,2.30009324070139
"1914350345_1",0.941391706852498,1.05983521165414,1.00583382031624,1.07930486032113,0.0316,FALSE,FALSE,19368,-1.39113978093197,1.221218356043,1.85111970526701
"1920828637_1",0.982647660699882,0.994257766068285,1.02399649536987,1.38470118596764,0.00165000000000004,FALSE,FALSE,19967,0.685820101529955,2.01021157414365,2.12398205841849
"2242876293_1",0.93555115897083,0.973162939812386,1.10676494777496,1.03587028650397,0.0694,FALSE,FALSE,18612,-1.17897653732996,4.38902960932441,4.54461952060906
"2242876293_2",0.961249068307353,1.00519505159983,1.03642505430191,1.00904055272396,0.04925,FALSE,FALSE,19015,-0.147333113857895,4.90584362159783,4.90805548929626
"2242876293_3",0.939172712130947,0.990268017662391,1.08060737344939,1.06067705290614,0.0995,FALSE,FALSE,18010,-1.13055019640435,6.21097991315113,6.3130353419062
"2265841504_1",1.05744078631334,1.06755352219388,0.894775008888858,1.25503833264861,0.00575000000000003,FALSE,FALSE,19885,0.379306617612651,-0.174036616868101,0.417327514280624
"2294556564_1",1.00458210811594,0.994849995198094,1.00061583550268,1.01088618789678,0.06075,FALSE,FALSE,18785,-0.434094457580692,0.673838614454025,0.801558779149474
"2294623070_1",0.897822617848612,0.9929939307934,1.13747688621666,4.59819248462229,0.0364,FALSE,FALSE,19272,0.937481593578759,4.09119090979793,4.19722703683184
"2294623070_2",0.936769554687012,0.944134144169993,1.14504243709587,2.40308438107347,0.03645,FALSE,FALSE,19271,4.44909091022294,4.1452034764714,6.0808816621259
"2311351179_3",0.975112830836923,1.01277464449627,1.0130776540887,1.12399746280104,0.01135,FALSE,FALSE,19773,0.900718148447222,1.77873495820932,1.99378816189135
"2331856825_1",0.92787676211435,1.02379181990789,1.05763072678227,1.01246946281386,0.01275,FALSE,FALSE,19745,-0.31306170394213,14.1536510216689,14.1571128721101
"2423170381_1",0.953686240437495,0.995601875590821,1.05594440211375,1.09970070630251,0.038,FALSE,FALSE,19240,-0.124283751780169,0.843199764732172,0.852309975420296
"2429533552_1",0.878716094486529,1.02595897912374,1.12704227160194,1.07988462040551,0.14405,FALSE,FALSE,17119,0.467936893435827,5.54271451908539,5.56243194801683
"2540877950_1",0.982189799161259,0.973068471146551,1.04800937919885,1.10744356474379,0.00444999999999995,FALSE,FALSE,19911,-0.0393977765081321,0.563265684029002,0.564641847190273
"2596186097_1",1.11464840211395,1.01670018422598,0.893429909377649,1.95427132008399,0.0377,FALSE,FALSE,19246,-0.166107515282288,0.0598972045226631,0.176576843733501
"2596345329_1",0.875169067114081,1.02314187848089,1.13638677473727,1.19240011730558,0.13655,FALSE,FALSE,17269,1.55320185119906,14.516796563174,14.5996513125194
"2596414004_1",0.901560371765352,1.02000157470016,1.09839258370355,1.08545535417601,0.16015,FALSE,FALSE,16797,0.992631892078155,8.45741429040905,8.51546678419838
"2626232098_1",0.788054511687421,1.02120545945421,1.33011025490333,1.28224342083693,0.0157,FALSE,FALSE,19686,1.26699556691195,0.777088909598,1.4863192591078
"2626232098_2",0.827828656086098,1.01690337430753,1.2366397226792,1.2648036174693,0.00960000000000005,FALSE,FALSE,19808,0.957331314472343,1.90703023966632,2.1338340096341
"2626232098_3",0.847870850856193,0.957747411158505,1.28789890179008,1.27470976502222,0.0135,FALSE,FALSE,19730,1.87513298201433,1.15565107100919,2.20264683918295
"2634225844_1",0.797137272856003,1.03068508683514,1.28985245937913,1.18843330596159,0.11195,FALSE,FALSE,17761,0.841277602092572,1.18920885432616,1.45669684663295
"2802651884_1",0.980058369769681,1.01005673425719,1.01049988913361,1.05166883806704,0.03415,FALSE,FALSE,19317,-3.18413888898361,11.6287240985393,12.0567808566087
"2803141586_1",0.975205242584741,0.990620298844494,1.03615527180366,1.04971824320053,0.0383,FALSE,FALSE,19234,-0.538515087179725,0.505609374849891,0.73867404114148
"2813931993_1",0.938910306055591,1.01314281383476,1.05495485714731,1.0434253336647,0.08905,FALSE,FALSE,18219,0.611736685741326,4.36942076852971,4.41203576879659
"2814207285_1",0.936484548439016,1.02581054065135,1.04456332682981,1.42742436256111,0.03695,FALSE,FALSE,19261,1.17163401451031,7.15886919427162,7.25411155170975
"2814451974_1",0.996993627303664,0.992125554398766,1.01107366589617,1.04294983210984,0.0916,FALSE,FALSE,18168,-0.0210578475461076,1.18131213549975,1.18149980720364
"2814451974_2",1.00574978122785,0.954285484569167,1.0440457136503,1.08259692589185,0.0992499999999999,FALSE,FALSE,18015,1.65325174699488,0.320371410779274,1.68400688234529
"2832244388_2",0.88706790762244,0.902408190592403,1.30796813541932,1.22280097694179,0.00839999999999996,FALSE,FALSE,19832,1.17943355995145,11.5125469279502,11.5728043399426
"2832297733_1",0.880098598863572,0.923252558167032,1.28100606808971,1.55626928767419,0.0249,FALSE,FALSE,19502,-13.2529694972469,19.8501535278527,23.867756400095
"2832297733_2",0.81794105504125,0.893194621901597,1.52012373126522,1.54847548559376,0.01305,FALSE,FALSE,19739,-18.15040623227,21.2227323478344,27.9256443919248
"2832771397_1",0.996276980595697,1.04957264305427,0.958318573453516,1.50120127908383,0,FALSE,FALSE,20000,0.184040630584748,-0.0552323939680188,0.192149866118793
"2833006422_1",0.79500298049553,1.05769837877857,1.25518712053416,1.19910784059552,0.0234,FALSE,FALSE,19532,3.06983956006424,1.68549720740035,3.50211589766669
"2833408887_1",0.963665557682913,1.0216323010403,1.01680799668399,1.09320409685304,0.00905,FALSE,FALSE,19819,0.921415627816113,6.23358364763051,6.30131508902628
"2833408887_2",0.977448934266425,1.01608906758676,1.00728979747979,1.01486305887372,0.0525,FALSE,FALSE,18950,0.711448860064329,4.49631752181578,4.55225556592273
"2833524631_1",0.826486354804288,1.04386086142787,1.20181244587469,1.54174963385726,0.29535,FALSE,FALSE,14093,1.83601234653852,1.75725875528052,2.54143653661702
"2833524631_2",0.830284023773444,0.984569760777421,1.28218146476442,1.61966084454711,0.1145,FALSE,FALSE,17710,4.39833738932527,2.19195241196063,4.91426771418048
"2833524631_3",0.757361213160761,1.08479730866155,1.31961831786099,1.37764206148879,0.0738,FALSE,FALSE,18524,1.5838459242824,1.33756036485275,2.07307395948408
"2833524631_4",0.857864082054684,1.03364128689957,1.15358806970416,1.17498730587788,0.15395,FALSE,FALSE,16921,1.06150200341959,4.22240297255205,4.35378839240956
"2833524631_5",0.799688784216362,1.04529223797617,1.26128332505908,1.32844906941018,0.19265,FALSE,FALSE,16147,1.0301666996344,4.81693667953391,4.92586260503425
"2833678504_1",0.968897660045497,0.82583747626634,1.3209913227509,2.69987577762179,0.0714,FALSE,FALSE,18572,-9.46403685070851,19.3941535263098,21.5801108549897
"2833678504_2",0.989547941229952,0.983434170889423,1.02817966629501,1.11982818521503,0.00149999999999995,FALSE,FALSE,19970,0.037652013455014,-0.834890621957141,0.835739208574779
"2833678504_3",0.996744323909903,0.999173085703348,1.00411073777322,0.981061816232314,0.0245,FALSE,FALSE,19510,0.00297690888573232,-0.126065168788703,0.12610031232411
"2834004674_1",0.874794460369787,1.00385793887475,1.16182145957373,1.31853117935033,0.00714999999999999,FALSE,FALSE,19857,0.366892671657293,4.02698577324461,4.04366475495067
"2834024011_1",0.943429997666283,1.00850529497979,1.05432792705709,1.03353692291247,0.0357,FALSE,FALSE,19286,1.12239965837607,5.26632163313255,5.3846006849833
"2834287499_1",1.00079247192386,1.00046044793519,0.9987494853151,1.45797042215802,0,FALSE,FALSE,20000,-0.0083963294588707,0.0378098115971337,0.0387308688437614
"2834287499_2",1.00407694519438,0.998774497143448,0.997174620740823,1.05746883719997,0.000149999999999983,FALSE,FALSE,19997,0.0622517723338212,0.0637428445848798,0.0890978865881455
"2834287499_3",1.00398978513082,0.995991873151763,1.00005032910799,1.1149882549631,0.00675000000000003,FALSE,FALSE,19865,0.149083786575299,-0.0456270705696094,0.155909605183239
"2834396240_1",0.941793748708427,0.946205076338467,1.13463197216615,1.07934297036447,0.01385,FALSE,FALSE,19723,-0.407195353582024,7.34098817706124,7.35227280993651
"2834396240_2",0.889828066145333,1.04945699318312,1.08305556603638,1.03649686894521,0.00819999999999999,FALSE,FALSE,19836,3.98397220161181,3.52513344443665,5.31964287375585
"2834396240_3",0.963146297598028,0.995987149243735,1.04416056390103,1.0197826415855,0.00234999999999996,FALSE,FALSE,19953,5.34548750805086,2.40666000950258,5.86227337302405
"2835481418_1",0.952528958504524,1.01613128100384,1.03515559706393,1.15512234633129,0.00705,FALSE,FALSE,19859,0.830549996342911,3.54074602212651,3.63685244265283
"2835575781_1",0.86561158370034,0.984571180184273,1.20616081993046,1.28934087292813,0.02145,FALSE,FALSE,19571,1.6120409035621,9.05461257599665,9.19699324649931
"2835954585_1",0.939383134794581,0.987847777148074,1.08322421258794,1.21516548753017,0.00495000000000001,FALSE,FALSE,19901,-0.0262958408043801,0.301070714594198,0.302216886407544
"2836142680_1",0.959881997205118,1.00255232820735,1.04085230081442,1.25460742651478,0.000149999999999983,FALSE,FALSE,19997,-0.661433783928578,5.63210774505183,5.67081407757254
"2836488013_1",0.922437820622724,0.977280258733453,1.12023710893392,1.29670338638823,0.2062,FALSE,FALSE,15876,-0.520112319375376,10.5110549771152,10.5239153149721
"2836698957_1",1.00079786228407,0.983924256291108,1.0157865101898,1.29596083221504,0.00265000000000004,FALSE,FALSE,19947,-0.256026381652286,3.00013389513178,3.01103850802685
"2837530780_1",0.967359942987256,1.01354765138449,1.02079857881399,1.10068600480523,0.0638,FALSE,FALSE,18724,10.7658436089582,4.79365684667574,11.7848434260379
"2838003582_1",1.04852708873447,0.95889694927033,0.996595364289542,1.00862188797005,0.0472,FALSE,FALSE,19056,0.432873217026536,0.998747406135569,1.08851991404909
"2838003582_2",1.03264207213799,0.988470824003855,0.980443486070175,1.21456517014784,0.000750000000000028,FALSE,FALSE,19985,-0.180111838342989,0.411038562785637,0.4487682858761
"2838003582_3",0.993651343791437,0.986279131949986,1.02072163780757,1.09171820251943,0.00119999999999998,FALSE,FALSE,19976,-0.214140127772378,0.46592146783333,0.512775592740465
"2838360225_1",1.29137023984163,1.0697430456898,0.774698464178298,1.36976728266181,0.00109999999999999,FALSE,FALSE,19978,0.0881935785200239,-2.54778676231916,2.54931274926026
"2838360225_2",1.33408082031443,1.050843440852,0.769939299864352,1.27324569937012,0.01015,FALSE,FALSE,19797,0.605492544501041,-4.22956249710817,4.27268301403115
"2838410839_1",0.988095011807704,1.008441931649,1.0036907339456,1.24474087334463,0.00044999999999995,FALSE,FALSE,19991,0.0977586892031423,0.127079306698819,0.160330631838613
"2838590780_1",1.02783265242858,1.00654343115523,0.967511106871114,1.24200475740565,4.99999999999945e-05,FALSE,FALSE,19999,0.126446708511085,0.221031082284662,0.254643887476641
"2838590780_2",1.00731073062814,1.00596530556765,0.986984045784804,1.03942821404218,0.00234999999999996,FALSE,FALSE,19953,-0.431394371948723,-0.640340013605911,0.772098722427289
"2838708573_1",0.911672246444691,0.828619290413718,1.43618787297507,1.54269825263608,0.1556,FALSE,FALSE,16888,-4.39710479751426,14.6153418531322,15.2624620584046
"2838708573_2",0.884663537748713,0.834067032219018,1.49101882178889,1.6701474393911,0.0617,FALSE,FALSE,18766,-5.92978426591731,15.3660100707017,16.4704768277433
"2838708573_3",0.977094242682014,0.92332390249138,1.11917699973139,1.27308035337424,0.03095,FALSE,FALSE,19381,-3.44241997547584,10.8740116699314,11.405892559785
"2838720486_1",1.05004069907845,0.924196174961532,1.035588405904,1.32947457804897,0.00285000000000002,FALSE,FALSE,19943,9.9362389476822,-10.298764802421,14.3106044904127
"2838990528_1",0.958935862978551,0.974108115122334,1.07457866520971,1.3647245874037,0,FALSE,FALSE,20000,-0.686840090672158,3.85029878306418,3.9110804170996
"2838990528_2",1.00139016806483,0.978362426242883,1.02116661350861,1.23629150880318,0.000850000000000017,FALSE,FALSE,19983,-0.679210356755833,3.91126044487899,3.96979659131289
"2839018597_1",1.00013726225529,0.923281524709227,1.09046024206331,1.05526631807948,0.0695,FALSE,FALSE,18610,-2.11460848783754,-6.03156789963253,6.39150845925374
"2839444181_1",0.975168935420624,0.979826655538296,1.04827520509515,1.01798030332027,0.13735,FALSE,FALSE,17253,-0.246985463847216,7.81808658299721,7.82198693674394
"2839578149_1",0.584488219240429,0.990563818671054,2,1.74778090193882,0.04815,TRUE,FALSE,19037,-7.48287796506297,31.586139610987,32.4604016944459
"2839977756_1",0.970864526707652,0.994455423126951,1.03689835383806,1.03103091174787,0.00695000000000001,FALSE,FALSE,19861,0.311952853411235,2.01039961091496,2.03445844841285
"2840030899_1",0.872088972381933,0.889460577732297,1.37164599249141,1.16025417270429,0.0468499999999999,FALSE,FALSE,19063,3.59939595300135,-2.99436941922755,4.68208281059697
"2840030899_2",0.823838321116428,0.892274125571731,1.50277009247383,1.39270993087841,0.05165,FALSE,FALSE,18967,5.34682339130466,3.57030114988832,6.42927450640401
"2840076011_1",0.970290337308862,1.00134755749318,1.03015639587684,1.02638478424084,0.00744999999999996,FALSE,FALSE,19851,0.23086543081724,2.15131757227744,2.16366960138006
"2840273568_1",0.890188241180485,1.01134122203593,1.12630860145475,1.09060519632154,0.1267,FALSE,FALSE,17466,1.5725459515453,3.78460542075214,4.09830928072882
"2840273568_2",0.860204218611137,1.02099150764428,1.16543965939771,1.11240219948472,0.04875,FALSE,FALSE,19025,2.07701878941607,3.22690374618262,3.83756626505847
"2840273568_3",0.883696791783837,1.01229733952957,1.13566920659152,1.12087838535154,0.10655,FALSE,FALSE,17869,1.11518310778685,3.95823794081804,4.11233278809298
"2840293658_1",0.872155165787726,0.9048998359225,1.33632608135043,1.46293062012802,0.00365000000000004,FALSE,FALSE,19927,-4.86357956825484,11.7692208967721,12.7345579716676
"2841444526_1",0.945708241661538,0.997801726796375,1.06339050156126,1.04371806478509,0.01035,FALSE,FALSE,19793,0.323604451640702,2.10404284594183,2.12878278334843
"2841934220_1",0.954183106715318,0.999757482217004,1.05070652317088,1.05823083677886,0.00905,FALSE,FALSE,19819,0.776547520965065,2.91158668803362,3.01336408259134
"2841934220_2",0.757977929002459,1.06914849152468,1.34160369471598,1.43134216036769,0.0229,FALSE,FALSE,19542,0.307649805441457,0.296674924529405,0.427392575546996
"2841934220_3",0.900915392640081,0.98437575798802,1.14397415667662,1.12271471076841,0.0336,FALSE,FALSE,19328,1.85816692296362,2.06998383347008,2.78165730894795
"2842202957_1",0.823327486436524,1.01867863373228,1.24416391393464,1.15280102248483,0.10545,FALSE,FALSE,17891,2.07281642644563,8.6285836058235,8.87406462566219
"2843102479_1",0.89178442152196,0.939732638247769,1.22771647927565,1.24185100681088,0.00114999999999998,FALSE,FALSE,19977,-0.477253008599354,4.12246668291798,4.1500002392754
"2843416624_1",0.899563013835372,1.0013693504664,1.12395338293804,1.09308240407571,0.08545,FALSE,FALSE,18291,0.934316607287322,1.8376040726812,2.06148884318771
"2843416624_2",0.815634036794469,1.04168500354649,1.22853617816528,1.29069388264808,0.0795,FALSE,FALSE,18410,2.21772921104424,2.92514499300958,3.67080319326001
"2843416624_3",0.853930430798862,1.02771589524578,1.16834324079238,1.28066022623267,0.0341,FALSE,FALSE,19318,1.65008319926141,5.19344026379006,5.44927484515514
"2843416624_4",0.970726932567416,1.01100714241099,1.01964708672133,1.00526043084507,0.094,FALSE,FALSE,18120,2.14492534645305,1.33481970482051,2.52635080426964
"2843416624_5",0.857015686309724,1.00315695876074,1.1957328059115,1.26705854911111,0.06895,FALSE,FALSE,18621,1.91136155147642,2.4737394880489,3.12613020125438
"2843755663_1",0.876395269256184,0.989698015535776,1.17847659358262,1.17447855054096,0.00334999999999996,FALSE,FALSE,19933,0.188211474917654,0.155332208204539,0.244032076162904
"2843773558_1",0.899582603481035,0.973734520431337,1.16090169222474,1.0712388267072,0.0208,FALSE,FALSE,19584,0.559576080392699,4.60973060878964,4.64356992790674
"2843773558_2",0.792659924528467,1.04508541221632,1.27948355735845,1.72472338745566,4.99999999999945e-05,FALSE,FALSE,19999,-0.777982651685272,4.25042500478927,4.32103803821039
"2844668949_1",0.856132591373623,0.870677489657764,1.4632167908561,1.25708193514097,0.06515,FALSE,FALSE,18697,1.43506729177612,6.69682675089527,6.84886170567286
"2845040397_1",0.916293029277526,1.04224338780743,1.05354396965467,1.45381599735722,0,FALSE,FALSE,20000,1.98415620238573,6.59492821561845,6.886940830632
"2845040397_2",1.06231508744133,0.853090689995531,1.12809344457715,1.20646962330337,0.00190000000000001,FALSE,FALSE,19962,-8.43987356775833,18.1607394120151,20.0260810402551
"2850803450_1",1.0030090962286,0.999800685490154,0.997207107605144,1.00772941153121,0.01255,FALSE,FALSE,19749,-0.154504265928057,1.3576729073923,1.36643598154361
"2851107170_1",0.838126016768176,0.997250411478476,1.24361894506327,1.15389552703826,0.0447,FALSE,FALSE,19106,0.408088104187132,1.884961589186,1.92863062650308
"2851107170_2",0.782742303061425,1.04924158733817,1.29976309425297,1.29287900170254,0.04715,FALSE,FALSE,19057,-1.16449859995843,-0.000239959092795949,1.16449862468167
"2851107170_3",0.837961758250463,0.998610253357829,1.24187127281866,1.16056040529565,0.0428500000000001,FALSE,FALSE,19143,0.339343824828031,2.59596622490703,2.61805173216783
"2856844481_1",0.997781730302284,1.0063862480269,0.995894404096489,1.0544856515683,0.00970000000000004,FALSE,FALSE,19806,-0.530121249304905,1.40063149226272,1.49759711407397
"2856861475_1",0.930085065486,1.02758671722022,1.05077817476081,2.54916177202735,0.0198,FALSE,FALSE,19604,0.104932804302849,7.70036315149616,7.701078077668
"2860061539_1",1.05135749935649,0.911013971677955,1.05133595282309,1.10592202487113,0.0549500000000001,FALSE,FALSE,18901,0.351562174838949,0.349349198560511,0.495621655411023
"2862371844_1",0.968896336933016,1.01159122855899,1.0210788936047,1.0212210079732,0.03725,FALSE,FALSE,19255,1.3611087301359,8.51521838578386,8.62331497353794
"2862374888_1",1.05954242346748,1.00336365535955,0.943798021409401,1.15780895049769,0.0292,FALSE,FALSE,19416,0.435487577270438,2.14561448680064,2.1893631393457
"2862374888_2",1.00683210061195,1.00204497176258,0.991250687993433,0.97336798370745,0.101,FALSE,FALSE,17980,0.0940882553804867,0.386883835662055,0.39816039744948
"2862489856_1",0.847472539917868,0.982138180428546,1.24714077747822,1.28432053107138,0.0616,FALSE,FALSE,18768,-0.462341526030946,1.96868898507449,2.02225023343953
"2862644347_1",0.96040490633552,0.972620745366807,1.07454953975226,1.12397356666141,0.00205,FALSE,FALSE,19959,-0.285755454809744,1.01558908984059,1.05502482404764
"2883042165_1",0.871988792243881,0.891369690945412,1.36737683023152,1.19537132311528,0.06675,FALSE,FALSE,18665,-5.20782054180008,11.2746736817806,12.419326126092
"2883042165_2",0.85614651035068,0.910253417021764,1.36354874712283,1.16617383200833,0.10525,FALSE,FALSE,17895,-4.8050691990929,12.7610379514202,13.6357170550602
"2883042165_3",0.926088702006798,0.944467424349679,1.16091155774219,1.12890252501931,0.0482,FALSE,FALSE,19036,-1.856496841319,8.42106527315742,8.62327784874205
"2883146572_1",0.989603878357221,1.00373090027237,1.00683470002421,1.05904568134976,0.0365,FALSE,FALSE,19270,-0.174787610029203,0.52830543298924,0.556468632670045
"2988602000_1",0.907786486741745,0.98456672986385,1.13283101687751,1.08149994668941,0.0607,FALSE,FALSE,18786,-2.6290538019669,10.1240464245574,10.4598393821431
"2988602000_2",0.920673326503017,0.998233449443127,1.09640859136354,1.06401802468304,0.0245,FALSE,FALSE,19510,-3.63258459855068,10.0294176022658,10.6669999674822
"2988641597_1",0.896101537424484,1.00036158966655,1.13068900039029,1.28281743062399,0.0958,FALSE,FALSE,18084,0.797318709281597,9.82647731369111,9.85877140016222
"2988641597_2",0.91209028108525,0.99319733141071,1.11511556090134,1.15479453012179,0.06245,FALSE,FALSE,18751,0.973483852153345,7.16332821928907,7.22917298089252
"2999069096_1",0.986140116345605,1.00977685978748,1.00439168414811,1.01148380206821,0.09455,FALSE,FALSE,18109,-0.309119683338827,1.71955951156046,1.74712331918086
"2999077922_1",1.07609443486219,1.03215060517968,0.907554114476502,2.10169923528091,9.9999999999989e-05,FALSE,FALSE,19998,0.436246360579512,3.72206734944154,3.74754536208671
"3005105101_1",0.947970457635141,1.00926242146763,1.04789704499227,1.04257507938204,0.03845,FALSE,FALSE,19231,0.634113540952108,4.06246340447765,4.11165525008346
"3005147582_1",0.93073780777873,1.02411988069427,1.05359048390581,1.03633678500119,0.05285,FALSE,FALSE,18943,1.03039430710067,0.772470136754477,1.28779755407554
"3005157102_1",0.918479503087353,0.866994235450867,1.31955041855462,1.25291106106396,0.204,FALSE,FALSE,15920,5.41463083036633,11.4766807349361,12.6898553073235
"3005157102_2",0.919221788762511,0.942490055794904,1.17494438951496,1.10445509377032,0.16815,FALSE,FALSE,16637,-4.3217489015196,16.5970308837618,17.1504795187869
"3005184041_1",0.997612444102004,0.972014892217611,1.03218784058641,1.00603864821704,0.05525,FALSE,FALSE,18895,-0.111940156342361,-0.481574253241068,0.494413147060881
"3005220057_1",0.825074800621488,0.968267436326674,1.32412421173323,1.1944419280801,0.00549999999999995,FALSE,FALSE,19890,1.92362035671506,4.24516098423044,4.66065521775651
"3008384698_1",0.944919150216441,0.992787195831575,1.07015601149726,1.04427432912855,0.0143,FALSE,FALSE,19714,0.215145421951835,0.416016255651064,0.468355716899841
"3032010935_1",0.896722731025638,0.984682769945017,1.15038712524534,1.0924212038248,0.0438,FALSE,FALSE,19124,0.199501658548373,3.86646561021508,3.87160912628579
"3032010935_2",0.798686490024423,0.972464659287628,1.38960441669274,2.05254420049148,0.2638,FALSE,FALSE,14724,0.563578010742277,6.40048720423346,6.42525148346339
"3044851285_1",0.946610290822971,0.949750878781268,1.12272334491446,1.14029372803334,0.0516,FALSE,FALSE,18968,-3.83888950243286,7.94433609941918,8.82323912587798
"3068100612_1",0.854034744483179,0.977599902372108,1.24042686392842,1.1534253492616,0.03105,FALSE,FALSE,19379,0.964265013691068,6.83147374378144,6.8991912952609
"3070536884_1",0.976488480009704,0.982742441913023,1.04344730168973,1.01266773764037,0.1006,FALSE,FALSE,17988,-0.666118178746511,7.8027472361993,7.83112877304878
"3070536884_2",0.983940805558736,0.972105927013335,1.04713772158586,1.0098115090667,0.09055,FALSE,FALSE,18189,0.560222195943594,3.71050292284312,3.75255657509053
"3079623517_1",0.990166680035725,0.983103880680369,1.02787333349929,1.00815021404986,0.07805,FALSE,FALSE,18439,-0.0586793768409533,2.23660424243128,2.23737386382519
"3079623517_2",0.973571611639399,0.973673232071834,1.057288562663,1.01486565477425,0.0811500000000001,FALSE,FALSE,18377,-0.317715460106338,0.446129283173091,0.547699233973463
"3079623517_3",0.972807175081355,0.974818993362863,1.05684160590769,1.01346550147672,0.0757,FALSE,FALSE,18486,-0.481069402081313,1.0366309470119,1.14281734757644
"3079623517_4",1.0054620673445,0.987163307241397,1.00762898165415,0.997910422532048,0.16465,FALSE,FALSE,16707,-0.226561105311329,6.36407538961126,6.36810690072769
"3079623517_5",1.01988527911864,1.01128328594891,0.970256817536098,1.00545207977454,0.104,FALSE,FALSE,17920,0.0761140504477731,4.52277553600082,4.52341595453293
"3079623517_6",0.928686376301375,0.993017717091998,1.09148995317603,1.02356154232549,0.1255,FALSE,FALSE,17490,-0.123899428644797,6.23108328581828,6.23231497785714
"3090706643_1",1.00389229457683,0.990831748145766,1.00540493944504,1.17096597888597,0.00209999999999999,FALSE,FALSE,19958,0.23575373778395,0.608736456617787,0.652793917323593
"3090706643_2",1.00057717229703,0.988068896517843,1.01163208385534,1.20939811662885,0.00195000000000001,FALSE,FALSE,19961,0.00238984562361821,-0.184895650637262,0.184911094817702
"3090977905_1",1.11435334007572,0.892121673673491,1.01864608083853,1.52893681896347,0.03345,FALSE,FALSE,19331,-0.860640560959358,4.18173531995978,4.26938080538239
"3097169034_1",1.06370761386142,0.836107917905639,1.15757598149809,1.29468549753467,0.00654999999999994,FALSE,FALSE,19869,-5.10091747892322,4.97839466507723,7.12767651959977
"3112453337_1",0.935740733152116,0.984880227372922,1.09173163054372,1.11514423719034,0.0795,FALSE,FALSE,18410,0.0654012862275344,0.0597353716963678,0.0885756336241469
"3112649315_1",0.863279834956597,0.989294384552028,1.20365101831141,1.14091862565281,0.07895,FALSE,FALSE,18421,1.6779319954327,0.725522563770875,1.82806968462294
"3112874793_1",0.989805327104423,0.930964722949572,1.09224468633741,1.10542513337751,0.0819,FALSE,FALSE,18362,-0.837957238741194,5.82968037744682,5.88959639000393
"3112874793_2",0.880074921681796,0.978562782425333,1.1878935625364,1.382558357809,0.00965000000000005,FALSE,FALSE,19807,1.29476292324521,1.19290170295059,1.76051853165847
"3113375708_1",0.845355653866766,1.02622482062475,1.18677375391038,1.11406684351794,0.05185,FALSE,FALSE,18963,1.14800628276945,3.85980446660237,4.02691059569017
"3113375708_2",0.892903354931611,1.0030324884874,1.13239858681182,1.09546237200574,0.00575000000000003,FALSE,FALSE,19885,1.73298711409264,1.77256189745039,2.47895542878529
"3113375708_3",0.827588456697715,1.0299275718323,1.21843063017994,1.13205793758475,0.0434,FALSE,FALSE,19132,1.20201156261129,5.33519981627536,5.46892940859871
"3124507660_1",1.01500831394642,0.990956254946802,0.994371742305034,1.2326043927262,0.000149999999999983,FALSE,FALSE,19997,0.714652732716536,0.521074652585307,0.884447467035839
"3124703533_1",1.05111439386452,1.01328682162126,0.941848963202166,1.10988760808739,0.047,FALSE,FALSE,19060,2.36701034018344,7.31713257930459,7.69045948781059
"3124751433_1",1.00387004016951,1.036781743756,0.962156495099602,1.2286403800204,4.99999999999945e-05,FALSE,FALSE,19999,0.424389045939499,1.1188897774973,1.19667054634991
"3302438199_1",1.01521754210326,0.9913739763784,0.993750936029594,1.39400271640699,0.0316,FALSE,FALSE,19368,-0.781572226834726,2.17643450489746,2.31251428100837
"3302438199_2",0.922464414638789,0.923483682723719,1.20034880692422,4.94674977275336,0.00734999999999997,FALSE,FALSE,19853,0.478939157522229,-2.9499414985402,2.98856781107903
"3307218149_1",0.835524084775273,1.01496912205062,1.2226511840874,1.28861523977273,0.0902500000000001,FALSE,FALSE,18195,-6.11161746899008,6.51354086387459,8.93185773916204
"3307218149_2",0.946889217138807,0.877604593708849,1.24309317927276,1.23954223632849,0.02665,FALSE,FALSE,19467,-2.85173253768362,10.3792663426867,10.7639002354589
"3307218149_3",0.91606299521759,0.931002683385046,1.19866527679545,1.18357955493499,0.1346,FALSE,FALSE,17308,-4.51450383314941,8.86403809892017,9.94745777968567
"3325557966_1",0.744678916752457,0.962007586830389,1.61904901172285,1.31102790420664,0.0399,FALSE,FALSE,19202,0.306307922617655,6.23463131626342,6.24215124722165
"3327981655_1",0.955634124890709,0.988183400668433,1.06200346660242,1.1150624215176,0.05435,FALSE,FALSE,18913,2.26380060929687,2.11784780962909,3.10001170052689
"3333438570_1",0.930013971618031,1.00869430961346,1.07139026151169,1.07522703423571,0.00505,FALSE,FALSE,19899,-0.181150423286591,1.10990012312751,1.12458603902741
"3337924498_1",1.0269223603116,0.882854309270472,1.11916057487036,1.30224298943709,0.0323,FALSE,FALSE,19354,-1.65465703579512,7.47859519724028,7.65945664066921
"3355132670_1",0.761477681026866,0.99188405936443,1.47366228237858,1.25122648113595,0.1208,FALSE,FALSE,17584,1.67057179335958,5.52975346295903,5.77658925992458
"3355784665_1",0.907990601328629,0.997899876013786,1.11537124623682,1.06812399795378,0.0555,FALSE,FALSE,18890,0.483673383580713,2.28693697118659,2.33752447092314
"3384535795_1",1.12138728471495,1.04301186213182,0.869954384233114,1.16304189662309,0.00880000000000003,FALSE,FALSE,19824,0.172442581837545,7.76389963701305,7.76581444651121
"3399430425_1",0.892183626735301,0.978286535203211,1.16691683463909,1.04426012457961,0.09015,FALSE,FALSE,18197,6.76390881133332,6.50208962253975,9.38230418754219
"3399483528_1",0.951331357867662,0.994062188027842,1.06059354944038,1.07257999675288,0.0315,FALSE,FALSE,19370,-0.482571383582958,3.82880286769784,3.85909400506705
"3408014420_1",1.00716404181094,1.01152425309798,0.98183020973314,1.33453438500222,0.00105,FALSE,FALSE,19979,0.0608861378674774,1.25457959855959,1.25605616550629
"3415388117_1",0.913951078182669,0.904700498347398,1.24920151906338,1.12696802191262,0.1918,FALSE,FALSE,16164,-4.0291984146445,8.75026357764575,9.63335624498791
"3415504583_1",0.88709352920953,1.0494122419995,1.08718248509436,1.8797332737907,0.00209999999999999,FALSE,FALSE,19958,-1.1727940663688,-2.34518455620014,2.62208629239191
"3415735295_1",0.978429704565012,0.998067770166375,1.02457105934362,1.27254485035658,0.00360000000000005,FALSE,FALSE,19928,5.55111512312578e-14,0.375903582862525,0.375903582862525
"3415735295_2",0.982799885474498,1.00431427699792,1.01338210808613,1.25363609540805,0.00865000000000005,FALSE,FALSE,19827,-0.225315679016402,0.120916805037208,0.255710830726875
"3415735295_3",0.990160122392039,1.00474902709468,1.00523838019108,1.32723033513558,0.0113,FALSE,FALSE,19774,-0.17632262772993,-0.0638474112973464,0.187526427414805
"3418862249_1",0.966657927995943,1.0000563804635,1.03566384375541,1.25426256269293,0.00105,FALSE,FALSE,19979,-0.46494786322604,-0.189550835363672,0.502101617907696
"3455608008_1",0.919522326816554,0.842582290819583,1.37807268518308,1.48135053441222,0.0185999999999999,FALSE,FALSE,19628,-5.09089913099611,12.7429561340823,13.7222514551047
"3455608008_2",1.04245886521747,0.913304571986083,1.0573009039282,1.27147888737912,0.08265,FALSE,FALSE,18347,-8.35212755248194,11.2708356395241,14.0281777386122
"3455786439_1",0.884018622506724,0.982784790983475,1.17469424765637,1.05871268858619,0.23015,FALSE,FALSE,15397,0.579224046427906,2.01229981427595,2.09400359085063
"3456008879_1",1.02235334318478,0.985535413552855,0.992863579663851,1.06489724199515,0.00119999999999998,FALSE,FALSE,19976,0.134771480008705,0.182520370832773,0.226885516489417
"3705681526_1",0.979575999960012,1.0151501947891,1.00596106900028,1.06735458629718,0.01635,FALSE,FALSE,19673,1.10464389312248,0.386397511003533,1.17027397096685
"3705715498_1",0.98160084914575,0.885860797654808,1.17314376389695,1.24637482928489,0.00360000000000005,FALSE,FALSE,19928,4.31551954637949,1.78117880491331,4.668651506619
"3705740505_1",0.932242757805527,0.980149939337138,1.1024556552957,1.21909740573676,0.00634999999999997,FALSE,FALSE,19873,2.34411319393352,2.44969900540741,3.39055922866233
"3705740505_2",0.819370870362152,1.03048039969026,1.23589494135713,1.31113567952687,0.0968,FALSE,FALSE,18064,0.588862946343305,2.19732816398904,2.27486496958294
"3718504225_1",1.02012632999499,0.92965423121148,1.05925413870197,1.13525963674309,0.0239,FALSE,FALSE,19522,-2.4188300443774,4.89628978445907,5.46117134294293
"3718752198_1",0.778854557294842,1.04273757197085,1.3209181668147,1.1919525670661,0.21895,FALSE,FALSE,15621,1.21275616243716,6.97103940965564,7.07574504631854
"3723184074_1",1.13754233846792,0.883505478038887,1.01106412917794,1.4256673912599,0.0163,FALSE,FALSE,19674,-20.5625291926949,22.0838688479117,30.1747389399178
"3723184074_2",1.01768606265824,0.863875166974569,1.16305570537268,1.27118388697744,0.03915,FALSE,FALSE,19217,-14.3123222757306,14.9009557584259,20.6610999571403
"3728755145_1",1.06529298810597,0.925367761979151,1.01974254882924,1.08020049175827,0.11045,FALSE,FALSE,17791,-5.22578935276363,3.09069936360538,6.07135050179517
"3728755145_2",1.02216100305679,0.949065676606438,1.03304431811755,1.08615309820077,0.16125,FALSE,FALSE,16775,-6.22358322979705,5.13671543372944,8.06962413407993
"3728755145_3",1.01750314350755,0.973156874326328,1.01049040716938,1.01252046318867,0.1087,FALSE,FALSE,17826,-1.02720396071007,1.89409297992997,2.1547009522248
"3759707557_1",0.856182865034391,0.965938473458119,1.25507901149177,1.30387673088709,0.1712,FALSE,FALSE,16576,-2.54114633893127,15.6887609648282,15.8932263976632
"3759707557_2",0.877327963124844,1.00304267310875,1.15846821404244,1.1496755322769,0.1735,FALSE,FALSE,16530,-0.621854405500555,5.26388209374576,5.3004865435635
"3759707557_3",0.830736352016596,0.980776989034322,1.28758313771289,1.27555057269563,0.07375,FALSE,FALSE,18525,-0.619091592274301,8.43569740298029,8.45838430637159
"3773110530_1",0.890778671392781,1.00949516734334,1.12765946484389,1.13492407001641,0.00529999999999997,FALSE,FALSE,19894,1.33191186362738,3.63065205365081,3.86725012730625
"3773110530_2",0.881830055871545,0.997448516642228,1.15816257065604,1.2518175173666,0.000299999999999967,FALSE,FALSE,19994,1.86991066609968,4.19677943012845,4.59451014628792
"3773110530_3",0.81468763913701,1.02844200072912,1.24970145235647,1.18040207228058,0.0194,FALSE,FALSE,19612,0.232834798994996,1.28355590983216,1.30450290045216
"3773110530_4",0.835353511371791,1.05352382345686,1.17136263415955,1.21387446556725,0.05055,FALSE,FALSE,18989,-4.55801176655307,5.64124259180607,7.25252295712624
"3773110530_5",0.809963574723405,1.16648940458708,1.10119610279098,1.07698486980562,0.24025,FALSE,FALSE,15195,24.4066274883813,17.2607233346101,29.8934112371031
"3773413073_1",0.786007405215243,1.05765127898118,1.27835367101542,1.24331378053114,0.05345,FALSE,FALSE,18931,-0.317975684575089,3.29140671698032,3.30673051707637
"3773413073_2",0.830945230063125,0.988894070048147,1.27336531233693,1.15212343644352,0.06845,FALSE,FALSE,18631,1.78622925415295,2.54011666065252,3.10528703956918
"3773413073_3",0.897306363277843,0.998169936831349,1.13158012542415,1.12232594045568,0.00044999999999995,FALSE,FALSE,19991,1.73503573759864,4.6665696408253,4.97867665383251
"3773413073_4",0.903909232324116,0.99469979366457,1.12566244828405,1.06039528277516,0.00290000000000001,FALSE,FALSE,19942,1.84742136663074,4.08556015777275,4.48383401885751
"3773413073_5",0.841489462734424,1.05589145339003,1.15665244618435,1.33640779547794,0.000299999999999967,FALSE,FALSE,19994,0.237807566183385,4.45069624608866,4.45704493061061
"3773413073_6",0.884503490252269,1.00626139114324,1.1420157819868,1.13671142655029,0.00055000000000005,FALSE,FALSE,19989,1.70511620960795,3.42456057510285,3.82557661285414
"3773697646_1",0.914735165291489,0.928182549775842,1.20567176563667,1.14960231232284,0.0482,FALSE,FALSE,19036,-1.4460407966263,10.4095794644942,10.5095375070993
"3802738748_1",0.989016151914646,0.98457531452691,1.02750863229709,1.07269157458254,0.01345,FALSE,FALSE,19731,0.0348587233662268,2.12891708291938,2.12920245081126
"3822191791_1",0.872310901185731,0.983415605735447,1.19509200194539,1.2289207430842,0.00044999999999995,FALSE,FALSE,19991,-0.866928143738843,2.58590079288759,2.72735170395443
"3822459736_1",0.950976881749377,1.00396135551546,1.04998401474823,1.04766938179584,0.0118,FALSE,FALSE,19764,-0.118066722210874,0.173220001936525,0.209630436636738
"3822459736_2",0.915029618379454,0.997459682802332,1.1054702477395,1.09823309226983,0.00734999999999997,FALSE,FALSE,19853,0.137735000431238,1.39799573013,1.40476439014003
"3822459736_3",0.961241308880419,1.00422132756942,1.03747130217608,1.05004771347068,0.00795000000000001,FALSE,FALSE,19841,-0.0628962423491752,0.352737983096674,0.358301579707312
"3822489617_1",0.949615229014516,0.998736019544922,1.05744425358427,1.11307279703305,0.00105,FALSE,FALSE,19979,0.0337800609962469,0.288750826208561,0.290720023660286
"3823023012_1",0.998646882713084,0.997176007950908,1.0042045444356,1.4797328769177,0.000650000000000039,FALSE,FALSE,19987,0.0772719269980793,-0.133327533238781,0.154101206424657
"3823023012_2",0.96876367536766,1.00715972665612,1.02578270302477,1.01251154024325,0.02095,FALSE,FALSE,19581,-0.372516048117499,0.680604090500503,0.775880231808425
"3825245697_1",0.921012839012284,1.00706660574823,1.08547481911942,1.11766677658755,0.00455000000000005,FALSE,FALSE,19909,0.110608608559493,1.04144247903373,1.04729971900282
"3825352913_1",0.946857036596474,0.995024027118839,1.0651062191341,1.04497617558297,0.014,FALSE,FALSE,19720,0.103766149453011,-1.04262729606757,1.04777816940298
"3825372705_1",0.947671742236244,0.998035895184223,1.06065422698674,1.11508936238019,0.017,FALSE,FALSE,19660,-0.460924751677971,0.594720410706828,0.752425407346601
"3825430437_1",0.912445955695512,0.992258576337231,1.11576900233233,1.17232379764679,0.00149999999999995,FALSE,FALSE,19970,-0.258657329225476,-1.72860042460778,1.74784525685664
"3825430437_2",0.933364662503074,0.992399341672376,1.0858370223708,1.15305014049075,0.00105,FALSE,FALSE,19979,0.0889595322872694,-1.16034944439469,1.16375454091137
"3826818537_1",0.972695374137433,1.01590935563976,1.01256685062944,1.02524551149051,0.076,FALSE,FALSE,18480,-2.3765255217035,7.31649342597821,7.69278555581075
"3826818537_2",0.981084302490578,1.02449478893305,0.995392586631531,1.01106215283181,0.0397999999999999,FALSE,FALSE,19204,-1.47732443062062,4.29576097235341,4.54269191173067
"3826818537_3",0.975220045084931,1.02467453986059,1.0013310051063,1.01377578120621,0.1015,FALSE,FALSE,17970,-3.14369574349718,8.44604324374312,9.01212901610164
"3826992990_1",0.95803713956027,0.995900235677009,1.05032915994522,1.06506539380783,0.00975000000000004,FALSE,FALSE,19805,-0.0176751037723188,0.512836417770379,0.513140916985692
"3826992990_2",0.976556230217055,1.0414239070962,0.984475174759878,1.11164242293438,0.0258,FALSE,FALSE,19484,-1.047083881437,4.44718568827401,4.56879034326969
"3826992990_3",0.974413579509773,1.03529104476027,0.992231062600957,1.04713536445948,0.04505,FALSE,FALSE,19099,-0.510191539735139,3.02971911499854,3.07237584338324
"3827257634_1",0.991077342056074,1.01374194513637,0.995467957503381,0.983481367385712,0.4273,FALSE,FALSE,11454,-1.4221089966806,5.02917650464993,5.22637640372016
"3827281337_1",0.974969334880119,0.996016426482091,1.03058018991458,1.04661903395504,0.0863,FALSE,FALSE,18274,-1.30039708286558,4.28374634074716,4.47677509877256
"3858477973_1",0.913783145248791,0.916466032474545,1.22774627458007,2.47042314632304,0.26445,FALSE,FALSE,14711,-16.8175200156294,20.2338089652159,26.3103782701227
"3858756714_1",0.826011507575146,0.984397105890733,1.29280324480828,1.16194462850877,0.04635,FALSE,FALSE,19073,0.178999230665333,1.27086866515422,1.28341259486171
"3860606956_1",1.01159930297018,1.00845891960294,0.980532249610117,1.07209753139273,0.0103,FALSE,FALSE,19794,-14.0812331742856,19.7502888240036,24.2560309271769
"3860608983_1",0.890668463276758,0.979599799935099,1.16764765190767,1.6176354018308,0.1476,FALSE,FALSE,17048,-13.8147053298993,27.0234837039092,30.3498724024896
"3873331215_1",0.792773256536851,0.835107355401475,1.84790129557418,1.28231462262166,0.14165,FALSE,FALSE,17167,-7.11687794050919,28.9709291531087,29.8322759375571
"3873331215_2",0.798794652340038,0.8435949904874,1.77711166605315,1.34954868814667,0.0235,FALSE,FALSE,19530,-7.70559479829602,27.2595526066277,28.3277143361237
"3873331215_3",1.03263463234423,0.917864801180653,1.06143794058639,1.2323674381462,0.00144999999999995,FALSE,FALSE,19971,-15.3076716765657,23.3944754276434,27.9575802367112
"3873331215_4",1.00322656404537,0.934192873915644,1.07207170913677,1.17198564324924,0.00514999999999999,FALSE,FALSE,19897,-9.23437637538605,12.3414994245791,15.4138351843133
"3873331215_5",0.883016209459305,0.81885073093628,1.54728305248435,1.29166868810026,0.01625,FALSE,FALSE,19675,-5.04903862942119,18.2537936889601,18.9392126320105
"3873557967_1",0.908413031864546,1.0372757924304,1.06938673359033,1.27807835195021,0.0635,FALSE,FALSE,18730,-1.31544495265501,2.55803242326024,2.87644316855317
"3873784731_1",0.937848129772323,1.02440501057549,1.04432875192795,1.02170081805406,0.0495,FALSE,FALSE,19010,-0.304082487742163,-1.93590542836857,1.95964180067132
"3873784731_2",0.977485883007539,1.00056629080822,1.02298306077562,1.00043943543252,0.018,FALSE,FALSE,19640,-0.122140125145526,0.364972987036882,0.384868148119832
"3873821377_1",0.913631834312217,0.990320821362642,1.11645342772762,1.07706638376187,0.03115,FALSE,FALSE,19377,-1.43942349837578,7.31071073751104,7.4510691511511
"3873914516_1",0.953503942256137,0.99635023637585,1.05532710101178,1.21982973193357,0.00724999999999998,FALSE,FALSE,19855,0.544516916662352,2.28491166689286,2.34889761335708
"3881605006_1",0.926198822481456,1.0062426878088,1.07930498707494,1.51105449176574,0.00439999999999996,FALSE,FALSE,19912,0.106124147909337,3.16952269528796,3.1712988586248
"3902358263_1",0.870804919798977,0.98572497911135,1.19452131712224,1.18769044195392,0.01675,FALSE,FALSE,19665,-0.534628430617745,2.69807572207987,2.75053452276128
"3902358263_2",0.923944482196077,0.981019511498504,1.11316902667349,1.09531514465618,0.0790999999999999,FALSE,FALSE,18418,0.422600179216082,5.59674174425187,5.61267396731049
"3902358263_3",0.864001620479311,0.89994013858663,1.3672226924879,1.18462486863371,0.14835,FALSE,FALSE,17033,3.1743008313837,8.20731454758303,8.79978396616027
"3902358263_4",0.919173361591804,0.781941861266561,1.57928361381351,1.78382267215753,0.0141,FALSE,FALSE,19718,-6.21130695854943,6.36170184701884,8.8910957999387
"3903036270_1",0.993964307254728,1.02262713501975,0.98419953013125,1.04521651838679,0.00805,FALSE,FALSE,19839,-0.56947402100993,1.71665847524731,1.80865059678304
"3903058908_1",0.896666803141473,1.00995299652627,1.11780122010901,1.19545287376469,0.03155,FALSE,FALSE,19369,-0.669110631823122,3.37713654724154,3.44278380040532
"3903386042_1",0.869855619955949,1.005621345767,1.16825998551652,1.85785760461148,0.00639999999999996,FALSE,FALSE,19872,0.432276890093258,7.48609383657717,7.49856414520456
"3903461568_1",0.878427893677308,1.01304589139786,1.14353604739113,1.13732927681056,0.00460000000000005,FALSE,FALSE,19908,0.379259175404711,5.61183568330519,5.62463663346763
"3903619386_1",0.976355196100658,0.98504105617471,1.0410198594152,1.03083167992633,0.03955,FALSE,FALSE,19209,-0.619273267033649,5.4690297928065,5.50397912912719
"3903619386_2",0.9594542167272,0.977645255034351,1.06966185995331,1.05674385704914,0.0629,FALSE,FALSE,18742,-0.758266908726324,3.55479649292485,3.63476915511566
"3903908802_1",0.978401577151062,1.01756033805241,1.00484124320733,1.08193359268371,0.01835,FALSE,FALSE,19633,-3.51953741598421,5.28887139198011,6.3528973093714
"3903909605_1",0.855820227255576,1.02021376605091,1.17461391023954,1.08878265219424,0.08205,FALSE,FALSE,18359,0.737331925062812,5.51788139736422,5.5669267538827
"3903980712_1",0.97148463730829,1.03091968103316,0.999360437241,1.02698120343871,0.0529500000000001,FALSE,FALSE,18941,0.0801425017416535,0.834633935302787,0.838472794158777
"3903980712_2",0.982399618401291,1.00773930832885,1.01034168921253,1.02234223473174,0.0297500000000001,FALSE,FALSE,19405,-0.268440673789339,0.184203468094313,0.325563070698208
"3903980712_3",0.992432533129761,1.0092746959925,0.998438146809076,1.03460239223203,0.0137,FALSE,FALSE,19726,-0.629492541628002,1.11265964055598,1.27838661432582
"3903980712_4",0.981240727973687,0.987333263956217,1.03300145315002,1.07987955023961,0.00824999999999998,FALSE,FALSE,19835,-1.50413573518615,0.626063300157598,1.6292266771902
"3904022758_1",0.947181308439997,0.989905334539327,1.07061989097766,1.03172644421693,0.03265,FALSE,FALSE,19347,-0.173699942448147,2.36081941134674,2.36720087085951
"3904180667_1",0.897648740990796,0.803945513154,1.55735802808213,1.21735464998829,0.09395,FALSE,FALSE,18121,-5.10814229732542,12.5868915037564,13.5839226829757
"3904180667_2",0.893006671418556,0.807486302722318,1.55817499872733,1.21211015854563,0.0944,FALSE,FALSE,18112,-4.92765900798731,11.2105041079955,12.2457023340591
"3904180667_3",0.875963126264429,0.848633048729071,1.47051508798438,1.23565167556193,0.0458499999999999,FALSE,FALSE,19083,-5.71606156845844,12.2870495251236,13.5515661783887
"3904343170_1",0.965670399841644,1.02021070055419,1.01599139772764,1.0608720303624,0.0528999999999999,FALSE,FALSE,18942,1.02050886799912,2.56233665343629,2.75808039679918
"3904579342_1",1.08383538775847,1.05844570050597,0.882948344942357,1.26062637213462,0,FALSE,FALSE,20000,-3.66999559932024,11.8716548951961,12.4259831663198
"3904579342_2",1.11225480844111,1.05585685187494,0.866680783486558,1.31028589361029,0.00214999999999999,FALSE,FALSE,19957,-0.657889101379261,6.84481298599773,6.87635680306052
"3904961483_1",1.00025413473765,0.968255939356471,1.03362454294979,1.03828304324077,0.05865,FALSE,FALSE,18827,-0.0489090540277681,12.0382582536261,12.0383576071059
"3904961483_2",0.945189553899327,0.983586439455602,1.08070289524347,1.08487935288371,0.0606,FALSE,FALSE,18788,-2.33790423587248,14.4679080294134,14.655584565744
"3905048588_1",0.925322421785786,0.933306227082326,1.17947349380836,1.71091321751802,0.000199999999999978,FALSE,FALSE,19996,-0.246227336490878,2.09547206050458,2.10988887327999
"3905048588_2",0.962530099287334,0.963883825518941,1.08271741993923,1.21598090916466,0.00055000000000005,FALSE,FALSE,19989,-0.183379359252833,1.44753038969709,1.45909979730538
"3905146885_1",1.00628268989172,1.0478119849309,0.950684412212406,1.12939535643087,0.19005,FALSE,FALSE,16199,-1.68633576334204,15.5906883585187,15.6816227412592
"3905146885_2",1.06850581695866,1.04334670773869,0.904437585047462,1.07090319142033,0.2983,FALSE,FALSE,14034,-0.798778855087667,0.337370466491593,0.867102353240908
"3905540102_1",0.98143272331551,1.00718892721323,1.01192137189499,1.02313211228261,0.03035,FALSE,FALSE,19393,-0.0429640470284709,-0.230755562476959,0.234721194081664
"3905540102_2",0.986546023568228,1.01670886949695,0.997210983390329,1.01043587015828,0.0679,FALSE,FALSE,18642,-0.159973066928526,0.646767302572504,0.666257702258992
"3905680740_1",0.938497229361357,1.01429542026103,1.05422879710473,1.18890829957564,0.000800000000000023,FALSE,FALSE,19984,0.484388701606608,0.167277246158393,0.512458867936219
"3905753760_1",1.03683415246706,0.983341118657044,0.981754585762546,1.16509478175557,0.0362,FALSE,FALSE,19276,-0.627360756259132,-0.412299512874681,0.750714597440818
"3905781232_1",1.05888125710937,1.09248841661632,0.876988712081456,1.22922667723218,0.0895,FALSE,FALSE,18210,-2.85498381932391,0.847582229742105,2.97814174356694
"3906011798_1",0.811309665333057,0.948760045240913,1.40170332371969,1.16701617450917,0.2326,FALSE,FALSE,15348,2.65252802633559,8.58756100379893,8.98788678858739
"3906011798_2",0.996364095286602,0.997486040247372,1.00620776705523,1.29151804300101,0.01315,FALSE,FALSE,19737,0.0699002579646057,-0.153967420989343,0.169091728921399
"3906011798_3",0.982231764530622,0.934844973687475,1.09623367653429,1.05025306927309,0.1302,FALSE,FALSE,17396,-7.18635977990997,17.5206168708142,18.9371534930719
"3906169902_1",0.834806029996267,0.917512919124748,1.40407230719562,1.19417706012896,0.0465,FALSE,FALSE,19070,-5.97133288110496,11.2371620807956,12.7251965802904
"3906620001_1",1.00392690078147,1.00385298199862,0.992309862462828,1.01519806768533,0.0272,FALSE,FALSE,19456,-0.159888943234709,1.01286982368787,1.02541199227735
"3906620001_2",0.994524805036234,1.00294231881638,1.0025782812263,0.992605362129303,0.0506,FALSE,FALSE,18988,-0.0974109685208391,-0.0269695761595967,0.101075490730425
"3906620001_3",0.994156181686468,1.00046163619516,1.00544624701843,0.976752200520904,0.1392,FALSE,FALSE,17216,-0.040539110033086,-0.108741787003797,0.116052555693762
"3906802723_1",0.887210672771168,0.918971732716572,1.27437361008086,1.47991342246897,0.0138,FALSE,FALSE,19724,-7.11261495535306,13.7741152316894,15.5021141112743
"3906802723_2",0.994631289377518,0.995295915097071,1.01022755095684,0.992869863791929,0.0435,FALSE,FALSE,19130,-2.6758263471218,8.59959659837135,9.00628160200819
"3906802723_3",0.997999534684429,0.999470022138207,1.00254117528957,1.03676943786654,0.000199999999999978,FALSE,FALSE,19996,0.00221656719789909,-0.0673422864874373,0.0673787556986539
"3915493024_1",0.817026361526493,1.02201991983851,1.2537694985878,1.3562646508946,0.0105499999999999,FALSE,FALSE,19789,-0.272152387921332,6.97410771952662,6.97941583557049
"3915611154_1",1.00000913911363,0.839718857333053,1.23588866901392,1.56285462046915,0.00529999999999997,FALSE,FALSE,19894,2.65181852896135,2.79407164647133,3.85213938950263
"3915611154_2",0.988634467698465,0.900324377086938,1.13922072751767,1.2711021499792,0.00805,FALSE,FALSE,19839,1.62324936128833,4.48741853404523,4.77198738353483
"3923264222_1",0.95466425192605,1.00031753818883,1.04950653035959,1.01906526180747,0.01255,FALSE,FALSE,19749,0.154462943950495,0.481391417353794,0.505565522712683
"3923264222_2",0.960886831685811,0.993138245211059,1.04999492518557,1.02301768977587,0.0947,FALSE,FALSE,18106,-0.198500906982729,1.72319228324078,1.73458763257829
"3923592079_1",0.803180057279636,0.98240248037052,1.35678504296795,1.26367566577441,0.03345,FALSE,FALSE,19331,1.39907502780318,7.71933751420526,7.84509927226158
"3923592079_2",0.805553790139362,1.04215413809104,1.25145949488221,1.2450642191169,0.10985,FALSE,FALSE,17803,-0.270836822891751,4.69667714571325,4.70447965195931
"3923592079_3",0.696837507786633,1.07621865558349,1.57290574213951,1.33770122500127,0.34305,FALSE,FALSE,13139,0.0647751856565071,5.27659070545343,5.27698827908063
"3923592079_4",1.00891301485022,1.09650719973761,0.911703720193107,1.03821512206478,0.1571,FALSE,FALSE,16858,-3.32550459768055,14.9085419178962,15.2749338115378
"3923652276_1",0.972910704946446,1.00469240748796,1.02372279566094,1.03766912336773,0.00870000000000004,FALSE,FALSE,19826,-0.214851189972998,0.687757668324074,0.720535664746291
"3925068492_1",0.893969467594743,0.99692813993766,1.13854726835644,1.08917958714314,0.10295,FALSE,FALSE,17941,1.36286161339089,3.3362005266552,3.60383486460032
"3925261578_1",0.888483442686579,0.984514956770277,1.16447238308027,1.39206872312517,9.9999999999989e-05,FALSE,FALSE,19998,-0.0595525273889286,1.93603117595798,1.93694688047959
"3925261578_2",0.878955198891275,0.979527787702103,1.1885158444235,1.46621335519483,4.99999999999945e-05,FALSE,FALSE,19999,0.0485820204282339,1.6103865180555,1.61111916078352
"3925474690_1",0.942385640699776,0.988363694933926,1.07864394582573,1.17577473180638,0.0313,FALSE,FALSE,19374,-1.59754289896757,-0.209447827597575,1.61121435772124
"3925474690_2",0.930749822947756,0.985523431857549,1.09780544764431,1.16566253734718,0.02615,FALSE,FALSE,19477,-1.76836858144008,-0.514568821030403,1.84171347158048
"3925474690_3",0.948230103076252,0.983539787259909,1.07681112302305,1.09228772508687,0.03395,FALSE,FALSE,19321,-1.53457156846626,-0.247488718055111,1.55440038738723
"3925474690_4",0.942466785558625,0.984651096379199,1.08299360621828,1.07622140889006,0.0298,FALSE,FALSE,19404,-1.7069529009906,-0.264601119383756,1.72733956087949
"3947138318_1",0.823951195609681,0.935564784026976,1.39380045505064,1.22909343633455,0.0215,FALSE,FALSE,19570,0.0300458357474775,7.34135205789418,7.34141354169569
"3947138318_2",0.827325756900956,0.934675019385375,1.38620179374603,1.23098885482106,0.02655,FALSE,FALSE,19469,0.0817939477666396,7.47693527677877,7.47738265591845
"3947138318_3",0.812982187437409,0.936015841182912,1.42530795592066,1.42516984575071,0.0271,FALSE,FALSE,19458,-0.628951191001675,6.4322113009103,6.46288804020467
"3947601703_1",0.947756703948544,0.907093039455677,1.18700822664127,1.14962330712477,0.04215,FALSE,FALSE,19157,-8.51966232889822,5.84455427869841,10.3316727065417
"3947601703_2",1.00585188383363,0.93272508500924,1.07101863808683,1.17437673840035,0.02495,FALSE,FALSE,19501,-6.95026779371882,6.02247234968347,9.1965425898599
"3961211912_1",0.90243889717242,0.953962272165019,1.18535060630119,1.13986209723426,0.01035,FALSE,FALSE,19793,-0.720838419027703,2.53556716148513,2.63604037464302
"3961211912_2",0.898846464147051,0.965385102039731,1.1742507137025,1.20284338419267,0.02485,FALSE,FALSE,19503,-1.0437005625169,1.89067412182462,2.15962022104244
"3961211912_3",0.923852260839636,0.948293680980529,1.15868114008146,1.07732515330352,0.03565,FALSE,FALSE,19287,-3.12368819448997,6.08043129388645,6.83586663533378
"3961455914_1",0.974183129710619,0.980134654970927,1.04906367987433,1.07889324987944,0.1486,FALSE,FALSE,17028,-7.88552431350126,3.82932084612385,8.76613893577886
"3963399901_1",0.871306541169371,1.00285827685487,1.16938763662932,1.65572411481583,0,FALSE,FALSE,20000,-0.295559277953938,2.50923322905581,2.52658003724056
"3963460776_1",0.844284193550468,0.985465625118481,1.24872635549964,2.13206287691586,0.01585,FALSE,FALSE,19683,4.02991851268181,3.18320920149278,5.13547116040231
"3963460776_2",0.844618161723443,0.978888522835155,1.25870670561737,2.26801509728555,0.01295,FALSE,FALSE,19741,1.81801111986785,4.71309647907669,5.05157825367956
"3986382390_1",0.970715034536447,1.00205339155864,1.02893283359715,1.30247668520317,0.0111,FALSE,FALSE,19778,0.187892875934015,2.16393975581928,2.17208172029552
"3994140653_1",1.00594502958145,1.00594556422413,0.988317769186574,1.02101491645022,0.0226499999999999,FALSE,FALSE,19547,0.150177816792274,2.32267735975231,2.32752733478309
"3995412756_1",0.976210228314768,0.999959652355644,1.0250206160925,1.01947418609383,0.0423,FALSE,FALSE,19154,0.274705244131923,1.90160016543803,1.92133967854399
"3995518777_1",0.887499708437419,1.00102106962862,1.14382567618471,1.60980873625777,0.00260000000000005,FALSE,FALSE,19948,0.132507471814119,4.34862758704226,4.3506459429459
"3995518777_2",0.877122199803286,1.00378713100885,1.15783510124114,1.58318413408694,0.00205,FALSE,FALSE,19959,0.167527804965539,4.47621392510051,4.47934779501439
"3995518927_1",0.909909892825598,0.976289078096403,1.14063675401768,1.73044295285811,0.00814999999999999,FALSE,FALSE,19837,-5.22113030724275,10.9515306554374,12.1324451526555
"3995518927_2",0.883877143143845,0.930535884965487,1.25949111385841,1.26732241727039,0.00739999999999996,FALSE,FALSE,19852,-5.03314847498526,11.6479918635829,12.6889045242424
"3995653261_1",0.919029640001087,0.993006299551741,1.10515206313504,1.26523323772533,0.00795000000000001,FALSE,FALSE,19841,1.36839112095583,4.87186452724129,5.06039111449923
"3995653261_2",0.929115791127776,0.970655195361775,1.11922433167917,1.23797222697315,0.00614999999999999,FALSE,FALSE,19877,1.11954608560605,2.29718487826913,2.55547291176099
"3995653261_3",0.936645883731877,0.988836991478009,1.08569189764694,1.27228159112603,0.00890000000000002,FALSE,FALSE,19822,0.704196882992225,2.68280016964655,2.7736816688783
"3995653261_4",0.949755292946938,0.988353674636127,1.06916006529137,1.11818108899017,0.003,FALSE,FALSE,19940,0.534995579850511,3.65054036321091,3.68953455247293
"3995938661_1",0.980559268452734,0.984492823186573,1.03689006394821,1.02651451765915,0.00590000000000002,FALSE,FALSE,19882,-0.290333435694623,1.0765444828521,1.11500741138413
"3995960817_1",0.996558629654324,1.00237990437991,1.00108016588925,0.970157379050282,0.21425,FALSE,FALSE,15715,-0.0976160410243732,-0.00191218731344645,0.0976347680162851
"3995960817_2",1.01349207040724,1.00728348897247,0.979870249974259,1.08139090461733,0.00505,FALSE,FALSE,19899,-0.109875109379376,0.466368933702643,0.479137268414877
"3995960817_3",0.99463798093419,0.988395657972317,1.01743011323076,1.01037698777359,0.00234999999999996,FALSE,FALSE,19953,0.153482417967032,0.464023387216161,0.488747947830542
"3995960817_4",0.985046346337257,0.982342545760765,1.03429248898676,1.00388419514321,0.01805,FALSE,FALSE,19639,-0.0829762064837869,0.928321754556238,0.932022709393292
"3995960817_5",0.995978674691448,0.997300830889299,1.0067898268367,0.973408673323441,0.2917,FALSE,FALSE,14166,-0.122395272469045,0.320306229949452,0.342894566400815
"3996000357_1",0.985261468248602,0.995105521376758,1.02028068846123,1.01328206160706,0.0135999999999999,FALSE,FALSE,19728,-0.423153945406568,-0.71020417846922,0.826709886615785
"3996198984_1",0.992244837696646,0.904849963164879,1.12735932842211,1.16355004482142,0.01735,FALSE,FALSE,19653,-0.907126322477914,2.42781337709652,2.59174766498228
"3996662996_1",0.715564279708505,1.10476604402961,1.43403615481556,1.30231402595212,0.23665,FALSE,FALSE,15267,2.10418164021092,14.2173126362684,14.3721800354851
"3996701858_1",0.988614225375872,0.996434852694897,1.01532615184543,1.00673776840845,0.0126500000000001,FALSE,FALSE,19747,-0.116602708846447,-0.470739169728551,0.484965522101371
"3996939330_1",0.860394355330006,0.997314779765234,1.19753335618396,1.0878986196392,0.08445,FALSE,FALSE,18311,0.587744131563039,4.86698352768471,4.90234350315654
"3996939330_2",0.823646397589609,1.01276142570891,1.25236794693805,1.16525103428445,0.01355,FALSE,FALSE,19729,0.045845800550337,4.81164269919083,4.8118611058617
"3996958968_1",0.879308922269472,0.998644074213203,1.16092041256384,1.19309209355007,0.00149999999999995,FALSE,FALSE,19970,0.301925774410017,2.22871972252767,2.24907776095824
"3996958968_2",0.898031282156619,1.00234105445042,1.12512690266541,1.2596571732901,0.00175000000000003,FALSE,FALSE,19965,0.182412425580536,1.33612795893436,1.34852223402222
"3996958968_3",0.903308319508205,0.990774899744581,1.13167326202808,1.34147786196812,0.003,FALSE,FALSE,19940,-0.195710145556083,1.15178151251429,1.16829068028607
"3996958968_4",0.933007831310097,0.996555428449196,1.08138368434083,1.22521433886148,0.00185000000000002,FALSE,FALSE,19963,-0.198133084818086,1.69151059215158,1.70307510188498
"3997170389_1",0.93340505176907,0.994333288005374,1.08347674132494,1.20840848404349,0.000850000000000017,FALSE,FALSE,19983,0.0459279826052761,2.42010115550555,2.42053692028556
"3997170389_2",0.9388052975079,0.994679404188394,1.07588502057929,1.19448183922638,0.002,FALSE,FALSE,19960,0.156277094297108,3.3695385948203,3.37316066504184
"3997170389_3",0.938273367576458,0.989906344143967,1.08223239861627,1.19730549929492,0.00180000000000002,FALSE,FALSE,19964,0.0197447531336548,1.3433174021636,1.34346250347074
"3997170389_4",0.9374316887211,0.993081328278262,1.07957698946193,1.24233997729758,0.00139999999999996,FALSE,FALSE,19972,-0.142422832331568,1.4991608676544,1.50591087726852
"3997342840_1",0.885378250054152,1.04362768896156,1.09607886175498,1.29433897491504,0.00044999999999995,FALSE,FALSE,19991,-0.9872213433611,-0.331749654601055,1.04147194590906
"3997378664_1",0.934217085123863,0.964065589461961,1.1206853044332,1.05156379361014,0.18405,FALSE,FALSE,16319,-0.0483138876493094,0.00389889987173486,0.0484709517133707
"3997378664_2",0.964309445625534,0.998930678300885,1.03958963400726,1.0418498943827,0.2004,FALSE,FALSE,15992,-0.872744000665449,3.43067265150616,3.53994306910293
"3997378664_3",0.94199030586814,1.00729653574604,1.05746068807295,1.0708143484598,0.00965000000000005,FALSE,FALSE,19807,-1.04622610838695,3.65197543608624,3.79888321163573
"3997378664_4",0.976301191542631,0.993911613602047,1.03135287686942,1.10838383280921,0.05245,FALSE,FALSE,18951,0.468557146060311,3.41854832342312,3.45050988097458
"4006554006_1",1.00922536612495,1.00717822359706,0.98399231399415,1.16790869276915,0.00185000000000002,FALSE,FALSE,19963,0.294223518590875,0.53572648796627,0.611204015694162
"4006628308_1",1.03051544424713,0.990945154053341,0.979936543205842,1.17098727217278,0.00234999999999996,FALSE,FALSE,19953,0.444533327767727,1.20736530115,1.28660050128907
"4018343432_1",0.937347944164186,0.989565320758019,1.08387503014422,1.94851030513256,0,FALSE,FALSE,20000,-0.156987821995885,3.64861103730143,3.65198681237663
"4018414466_1",1.02891722503466,1.03501901827847,0.941673941326018,2.11850226193492,0.00175000000000003,FALSE,FALSE,19965,0.0590790755005677,2.6996691854815,2.70031554604279
"4018506424_1",0.913601443578427,0.98857124032459,1.11873101795455,1.51048155719214,0.00490000000000002,FALSE,FALSE,19902,-0.329757538293896,4.68573756565139,4.6973265341275
"4018645448_1",1.0212903070457,0.991816993606928,0.987560725931758,1.85198606433557,0.01195,FALSE,FALSE,19761,-0.214255568627142,7.19551464131325,7.19870380013243
"4018647469_1",0.95297826646767,1.00574258839157,1.04562268710686,1.03176074083977,0.00644999999999996,FALSE,FALSE,19871,0.230374436100911,-0.354652289340907,0.422907350543306
"4029170772_1",1.05182859522408,1.00927553496122,0.944764312832398,1.18701122825671,0.000950000000000006,FALSE,FALSE,19981,-0.416125867868822,4.0946388595174,4.11572935550669
"4034630571_1",0.857098284356998,1.05985255935208,1.12391728017704,1.2237808948579,0.01345,FALSE,FALSE,19731,-0.833332362592254,4.37268435460241,4.45138307625038
"4056054414_1",0.879170910590251,0.961681723630403,1.2154808578725,1.1445690104872,0.0231,FALSE,FALSE,19538,-0.144360338476202,11.0388413003129,11.0397851954112
"4056054414_2",0.887403720457133,0.96259975616438,1.19866159572405,1.15683719222099,0.03235,FALSE,FALSE,19353,-0.625148498730577,12.4041189775878,12.419862247852
"4056266261_1",1.00610275952995,0.947987097113838,1.05130465134146,1.04856574433538,0.1275,FALSE,FALSE,17450,-2.10893626055758,4.3228064911167,4.80980957115095
"4056396637_1",0.9733629615047,0.990741841595164,1.03810969218115,1.05341378879513,0.0852000000000001,FALSE,FALSE,18296,-0.55358497142885,4.98893401867259,5.01955366175724
"4056438662_1",0.989217579748772,0.984507922363631,1.0273646873821,1.03498462305685,0.00275000000000003,FALSE,FALSE,19945,0.223168381850214,-0.362676906633097,0.425838778486172
"4056675737_1",1.01682105931818,1.01308597672334,0.971383302505362,1.59384066188816,0.00590000000000002,FALSE,FALSE,19882,-0.213064196778023,1.18764861451045,1.20660912622823
"4056675737_2",0.930898825026762,1.0135011257976,1.06485989508303,1.43735285275833,0.000700000000000034,FALSE,FALSE,19986,0.375217111776321,3.56913871441136,3.58880746818211
"4056675737_3",1.02451670697938,1.01164633611639,0.965770876151726,1.52365045248009,0.00380000000000003,FALSE,FALSE,19924,-0.130742907846981,1.17051726341038,1.17779640511168
"4058098494_1",0.854439142218941,0.99759059763372,1.20885888962909,1.3837974219189,0.0226,FALSE,FALSE,19548,-0.0706992976948484,7.44280026699803,7.44313604639339
"4058098494_2",0.855303258944288,1.00146648295608,1.20150661350167,1.23719830866511,0.0807,FALSE,FALSE,18386,-0.363129997242334,2.10555591943273,2.13663968060959
"4058174390_1",0.897858600986672,0.997389540830275,1.13170616439292,1.40708392923402,0.0887,FALSE,FALSE,18226,-0.783841770673477,17.1995941752426,17.217446027634
"4067519408_1",0.919570634683943,0.977949696014401,1.12361005649414,1.1585254938035,0.00214999999999999,FALSE,FALSE,19957,0.0199172406847303,-1.80435213659227,1.80446206092053
"4067724425_1",0.909008914124421,0.815138500186235,1.48562937930118,1.25025004061009,0.07325,FALSE,FALSE,18535,-1.78879103173774,10.6239639880788,10.773503802163
"4080659089_1",0.909307620946552,0.995152670742051,1.11683025172918,1.05273293398992,0.0698,FALSE,FALSE,18604,2.4900177907089,3.93071600122146,4.65303308394699
"4080659089_2",0.923667983974793,0.99424896266085,1.09700172439714,1.04387896970449,0.06125,FALSE,FALSE,18775,2.21399315411797,3.80725209172577,4.4041950656654
"4080659089_3",0.922521393842868,0.996446452801186,1.09595277055726,1.03773713978789,0.0659999999999999,FALSE,FALSE,18680,2.32616824424076,3.86303162239852,4.50933165958826
"4096659434_1",1.02885264587234,0.999263162670407,0.973419670510191,1.14553943319339,0.00339999999999996,FALSE,FALSE,19932,0.427025010486276,1.36036075430259,1.42580915322757
"4096791861_1",1.01257867808892,1.00753967790188,0.980482825552242,1.11275177325153,0.03185,FALSE,FALSE,19363,-0.129759313192757,6.30203303484855,6.30336877008499
"4102773285_1",0.931079749622491,0.989692262377536,1.09222406773406,1.11127562624108,0.0135999999999999,FALSE,FALSE,19728,-0.506817019272743,7.01832863383356,7.03660431625316
"4102807855_1",1.04267908502259,0.997363704542532,0.963123100098424,1.06268385484145,0.011,FALSE,FALSE,19780,0.295142186213126,1.52501056536392,1.5533081260826
"4102807855_2",1.05085935896924,1.00104895695716,0.952883955394832,1.09131601850904,0.03315,FALSE,FALSE,19337,0.159033025128541,2.65730193567106,2.66205655094003
"4102807855_3",1.0477322653548,0.979405190511477,0.976057486633065,1.06188213250785,0.02615,FALSE,FALSE,19477,1.19765794177412,2.40117346324848,2.68328502885984
"4102807855_4",1.0757325865385,1.00604051622426,0.929018189947944,1.09216056793304,0.03045,FALSE,FALSE,19391,0.0751595971136831,3.1836623309992,3.1845493877253
"4102807855_5",1.05814636710934,0.984461626014818,0.962308742407126,1.04307422637775,0.03715,FALSE,FALSE,19257,0.742160143459791,2.89275521501602,2.9864417644653
"4102807855_6",1.06724660408145,0.977428148641999,0.9616158270999,1.08169273951428,0.0198,FALSE,FALSE,19604,1.63866200053148,2.53431986199077,3.01794471699976
"4103304983_1",0.915726504874428,0.996043285534564,1.10619657730097,1.12999360200026,0.0216499999999999,FALSE,FALSE,19567,-0.37946101611841,-0.295525165063126,0.480963393554233
"4103304983_2",0.964695054509633,1.01503317301491,1.02227169859804,0.992924871935919,0.03115,FALSE,FALSE,19377,1.23574922307806,4.3277832073932,4.50075367383426
"4103314201_1",0.994075136413505,0.883213266635923,1.16034795784685,1.15715873848915,0.0777,FALSE,FALSE,18446,-6.02858681615431,6.86165279479889,9.13379100244148
"4111899997_1",0.790928308404361,0.992666524867408,1.37310720999178,1.20171078647582,0.0827,FALSE,FALSE,18346,0.915310835176097,3.28725978598228,3.4123116542202
"4116247787_1",0.968511355488833,0.997150296644842,1.03666719206321,1.00978333865998,0.1286,FALSE,FALSE,17428,0.257134803093417,2.24025442715855,2.25496301640745
"4116307953_1",0.957527317596764,0.978854757347897,1.07061641330233,1.32281867853303,0.1322,FALSE,FALSE,17356,-12.0267074838211,23.3016879383508,26.2223254818805
"4116508679_1",0.952167424629553,0.972874323062044,1.084736893095,1.08303196636302,0.1775,FALSE,FALSE,16450,0.98545070028061,6.64313809773448,6.71583180762107
"4121032182_1",0.846055702315024,0.932493260210109,1.34111013511649,1.12111476026118,0.14005,FALSE,FALSE,17199,-3.46077518125448,18.0112575820945,18.3407296622502
"4121032182_2",0.844271455216185,0.930193287990449,1.35043625147349,1.12217394638787,0.1554,FALSE,FALSE,16892,-3.44321217076121,17.8481394346242,18.1772327742884
"4121032182_3",0.875592941296294,0.918078542147195,1.30092239520037,1.11593517603458,0.1144,FALSE,FALSE,17712,-5.16303790501188,14.4586075768624,15.3527943212398
"4121032182_4",0.866314943868688,0.92168617131675,1.3145486295064,1.11407948037493,0.1094,FALSE,FALSE,17812,-4.90793964480821,14.9439584567677,15.7292646336273
"4121032182_5",0.850028687339856,0.935766884836228,1.32463156825795,1.11124213750982,0.14315,FALSE,FALSE,17137,-3.66631251822785,17.7604135358941,18.1348872741819
"4121131826_1",0.935914669385555,0.995278326303117,1.07900187319547,1.11008850000635,0.0165,FALSE,FALSE,19670,-0.8629893656181,3.61688987916289,3.71841942808512
"4121131826_2",0.940770220436294,0.994045269121077,1.07405527159221,1.10538903343741,0.01455,FALSE,FALSE,19709,-0.817801772262372,3.68095384072831,3.77070562577987
"4121131826_3",0.955121458806278,0.994520943301422,1.05540507579871,1.13348185959561,0.04935,FALSE,FALSE,19013,-1.03425311637328,10.5442728965427,10.5948747243888
"4121131826_4",0.987511617550205,0.984750863695021,1.02894588141515,1.00198499292377,0.1601,FALSE,FALSE,16798,-0.46049794976627,9.08643993828741,9.09810140160261
"4121131826_5",0.950235833212899,0.990842681820044,1.06565759681235,1.07353617588625,0.0328000000000001,FALSE,FALSE,19344,-0.768512359324042,4.85279583730074,4.91327168849405
"4121481795_1",0.976439485245006,1.02114742789251,1.00343126413634,1.0772188977246,0.0549500000000001,FALSE,FALSE,18901,-0.634897853051819,1.59727180312681,1.71882881546528
"4126997634_1",0.849393662416586,0.95345502049136,1.2922026650706,1.15060259241513,0.0256,FALSE,FALSE,19488,0.528781876112966,7.72994892333775,7.74801397971867
"4127070176_1",0.792950422657615,1.00267144681068,1.34852411929495,1.44883252561489,0.06675,FALSE,FALSE,18665,-1.40941793257959,11.1029506703967,11.1920495217784
"4127305536_1",0.903885107420007,0.966799344785409,1.16370554664259,1.08520936528345,0.05505,FALSE,FALSE,18899,-1.08956783962633,11.5363200702958,11.5876589025333
"4127402527_1",0.927783820361288,1.00344947115757,1.08037991831182,1.45099140953065,0.04125,FALSE,FALSE,19175,-4.50787697808969,10.5156182615519,11.4411180516711
"4129720725_1",0.978963902840133,1.03118329841685,0.991323753571347,1.04260096728351,0.05135,FALSE,FALSE,18973,1.47055601799762,6.6162509272764,6.77770693780388
"4129962816_1",1.03387723082546,1.00694874434918,0.961845547048145,1.01632146934388,0.02175,FALSE,FALSE,19565,-0.0305206938301383,0.0249346658783178,0.0394112967857744
"4130043636_1",1.0446094271992,1.0171912827663,0.943747776531429,1.07340612452534,0.0492,FALSE,FALSE,19016,-1.42540834235472,0.135050561519923,1.43179174345338
"4130043636_2",0.967678514684223,1.01606453132099,1.01790548135766,1.04220184275509,0.0570000000000001,FALSE,FALSE,18860,1.01094574285751,5.94349786079122,6.02886209132632
"4130043636_3",1.01494630658367,0.993204600154661,0.99217736511117,1.04855657005409,0.0591,FALSE,FALSE,18818,-0.753210007780919,1.57603333992435,1.74677027807736
"4130105462_1",0.963459751879039,1.00298321887982,1.03621759834666,1.05492268937947,0.02955,FALSE,FALSE,19409,-0.360111324629819,3.53837524556582,3.55665285690909
"4130139600_1",0.956276334551489,1.02351567782009,1.0232769301555,1.34143590653785,0.00785000000000002,FALSE,FALSE,19843,-0.557908481254088,2.46229111766163,2.52470580891529
"4130139600_2",0.954929542539137,0.982713669100769,1.06927636579769,1.04348415053851,0.0846,FALSE,FALSE,18308,-0.712645947348711,3.78832694581054,3.85477435067563
"4130139600_3",0.951686480951953,0.979772081773148,1.07690356593995,1.04463462265662,0.0832000000000001,FALSE,FALSE,18336,-0.677716440524723,3.77499133947977,3.83534342489754
"4134056124_1",0.928724276628586,1.00018332581132,1.08291037580721,1.02423373614474,0.15865,FALSE,FALSE,16827,1.24797384953379,1.3697087545437,1.85298159769433
"4134181591_1",1.02967406070245,1.00820009596588,0.964364523813637,1.413748703954,0.00260000000000005,FALSE,FALSE,19948,0.0877724305875516,1.25882060503197,1.26187690177145
"4138195070_1",0.907015806262425,0.990937096819141,1.1256981700173,1.44385718068543,0.0112,FALSE,FALSE,19776,-14.2259152320969,32.6807254775671,35.642761985162
"4138510114_1",0.864193174503954,1.0135236125625,1.16795895063236,1.08902550770251,0.0337,FALSE,FALSE,19326,0.715960168010787,4.91673244206802,4.96858700930779
"4138598437_1",0.871560338386701,1.04306741982436,1.11866619977672,1.0830055767584,0.1578,FALSE,FALSE,16844,-1.27088049952076,11.3301153584483,11.4011688558589
"4138738448_1",1.11331476053435,0.798730848191521,1.17675408591016,1.31111786664099,0.0688,FALSE,FALSE,18624,-3.92483528997739,1.81517778074702,4.32425744251769
"4138738448_2",0.871089612308458,0.889208011240529,1.37472874639908,1.24265844581288,0.11435,FALSE,FALSE,17713,-0.201027645309382,9.23401957869741,9.23620753848384
"4145181962_1",0.991134123821028,0.984759552730192,1.02503283557005,1.01481143882463,0.02945,FALSE,FALSE,19411,-0.158231317502144,1.20586620088325,1.2162032906842
"4145181962_2",0.998207868814214,0.987194124812943,1.0149886846212,1.01615235869543,0.04695,FALSE,FALSE,19061,-0.0613702502504365,0.857958638335132,0.860150761616634
"4145207731_1",0.82007249778937,0.998062463998062,1.28426694309953,1.30285966469847,0.00800000000000001,FALSE,FALSE,19840,-0.0757694535886699,0.6990491789306,0.703143487960083
"4145237834_1",1.05625256765878,1.00491674524155,0.94504610889733,1.32299657421707,0.000299999999999967,FALSE,FALSE,19994,-0.194947479584762,3.02675923678927,3.03303082695933
"4145237834_2",1.05395128140247,1.02369908970826,0.930804041213727,1.98096133175526,0,FALSE,FALSE,20000,-0.297825557848658,3.64156255263155,3.6537211015123
"4145237834_3",1.04959597750194,1.02093397221965,0.936542525971965,2.39656243726414,0,FALSE,FALSE,20000,-0.67676834593855,3.56237432348891,3.62608965894633
"4145582236_1",0.990007455589982,0.986422115767369,1.02444130927741,1.10376999612095,0.1188,FALSE,FALSE,17624,-0.922038557871735,4.23871324873051,4.33783875993169
"4153530777_1",0.84554170402401,0.962239997199639,1.28520753490463,1.17105663347642,0.02045,FALSE,FALSE,19591,-5.94014318020053,18.4372170864208,19.3705001198495
"4156181632_1",1.00588644069844,0.853717689034755,1.19831576065885,1.16576013908222,0.1795,FALSE,FALSE,16410,-5.0896661898539,7.05610503450207,8.70019081296884
"4156181632_2",1.30585416440386,1.17162457371438,0.724269260590276,1.28824218935974,0.077,FALSE,FALSE,18460,1.92629963185273,-3.27604529664174,3.80040827508367
"4156237237_1",0.795071289481619,0.969405034953853,1.40708208747418,1.48150625214754,0.000900000000000012,FALSE,FALSE,19982,0.0446114933800867,3.59320141374302,3.59347834069811
"4156237237_2",0.91931377882345,0.992776985712837,1.10502542367025,1.13190440670206,0.02865,FALSE,FALSE,19427,-0.0564599628365969,9.26190639870559,9.26207848518825
"4156495100_1",0.911337586360804,0.936692037644061,1.19742548271751,1.11166291756268,0.00114999999999998,FALSE,FALSE,19977,1.19650549184297,-2.31326848129823,2.60438792398102
"4156552682_1",0.941815456584376,1.00871709609943,1.05611940675582,1.10571975184163,0.000600000000000045,FALSE,FALSE,19988,-0.0386181102320915,2.48370034427592,2.48400055527253
"4157152050_1",0.89382632996674,0.963742478196355,1.18540597945407,1.1163700350029,0.0616,FALSE,FALSE,18768,-6.67492811076764,17.0210144370645,18.2830412609794
"4157413454_1",0.947808378679223,1.00893263760196,1.04845105294556,1.09896805219701,0.03425,FALSE,FALSE,19315,1.97071334922302,3.28925189618841,3.8344346573367
"4157413454_2",0.958815326983577,1.0056948516498,1.03873559659036,0.99739877431962,0.0551,FALSE,FALSE,18898,2.05316887400064,2.47293126033469,3.21417041295349
"4157420758_1",0.946180709779331,0.971803453227375,1.09396649454599,1.07390729947624,0.01715,FALSE,FALSE,19657,1.35350979887883,4.33845619551949,4.54468821109903
"4157420758_2",0.958445664955773,0.988564708271342,1.05811543878866,1.04853335149799,0.0104,FALSE,FALSE,19792,0.729734486975664,4.39014923872093,4.45038456312751
"4157464536_1",1.00567673232629,1.01262462236985,0.982210288523876,1.04204589941532,0.02035,FALSE,FALSE,19593,-0.375442830507222,2.25645803194892,2.28747899857595
"4158038600_1",0.807542598042456,1.01099820922333,1.29440823919603,1.36259838635105,0.000850000000000017,FALSE,FALSE,19983,-0.991971880653975,10.6741601998063,10.7201541119117
"4159383492_1",1.06385415339484,0.949417120925517,0.993301468318372,1.21157280075644,0.0532,FALSE,FALSE,18936,0.16857064951234,5.36992790835982,5.37257310837728
"4159759896_1",0.961701468009334,1.01460466256872,1.02609280683893,1.04891804603719,0.0182,FALSE,FALSE,19636,-0.308689428224762,-0.0662528719626687,0.315719188743783
"4160068799_1",1.00346490009351,1.00848146638512,0.988276010420152,1.07330590540483,0.00729999999999997,FALSE,FALSE,19854,-0.223933419516542,0.418646943854695,0.474775146753963
"4162136156_1",1.17825271550477,0.880075820712239,0.985202355559627,1.51009125046362,0.00649999999999995,FALSE,FALSE,19870,-9.77440842100835,5.81980560398137,11.3758163332928
"4162136156_2",1.0325566367056,0.931434106164604,1.04393192314257,1.27687641459894,0.0105,FALSE,FALSE,19790,-6.13303062479437,3.31202261595339,6.97019070422412
"4162136156_3",1.17767988461481,0.887838375263407,0.976046177302384,1.4408406818939,0.00590000000000002,FALSE,FALSE,19882,-10.1478489058953,4.80710408803017,11.2288506593523
"4162136156_4",1.19269268855408,0.87388305021533,0.983049113204935,1.56318031802793,0.0172,FALSE,FALSE,19656,-11.2103637645282,6.00501304378128,12.7174068657502
"4162136156_5",1.08917700996856,0.920894315584115,1.00404161603149,1.31961514089552,0.0123,FALSE,FALSE,19754,-11.25068806938,5.05654225727248,12.3347720544027
"4165722700_1",1.04864640969146,1.02536351916298,0.933597120103984,1.34556932285453,0.000950000000000006,FALSE,FALSE,19981,-0.117289292743017,2.37358835020536,2.37648446963635
"4165722700_2",1.05689698057465,1.02972050003428,0.923619719581717,1.41641054554149,0.000650000000000039,FALSE,FALSE,19987,-0.421585317681994,3.72813135697816,3.75189253510396
"4165888938_1",1.20734384617836,0.86935214794497,0.978996908137385,1.52741834888503,0.00439999999999996,FALSE,FALSE,19912,-9.28818612625912,5.70294286740202,10.8992641432752
"4165958683_1",1.0030262631965,0.999636778106203,0.997353245214039,0.979905090241167,0.03765,FALSE,FALSE,19247,0.0314290374021087,0.0678400517452493,0.074766683842613
"4165971560_1",0.997091630419623,1.00466070215107,0.998280733058726,1.09523709294811,0.0129,FALSE,FALSE,19742,-0.2284560077771,1.78086514510849,1.79545894204009
"4172108920_1",1.00147086595139,0.969805201869461,1.03057319546219,1.20921732213014,0.04375,FALSE,FALSE,19125,-1.36301500532365,3.98607229736594,4.21266925648877
"4172108920_2",1.01574578600816,0.944043857862874,1.04577473228512,1.21002388148036,0.04145,FALSE,FALSE,19171,-7.82800725781219,7.79855508652623,11.0496678260455
"4172108920_3",0.977461755365822,0.981706141381888,1.04350659726821,1.04504739604686,0.11135,FALSE,FALSE,17773,-0.709376602741896,3.6067873362712,3.67588493476114
"4177268133_1",0.822037433766644,0.974999129625588,1.31949021772197,1.2478851334766,0.0668,FALSE,FALSE,18664,-0.797833754554778,2.1354603282365,2.27963363577987
"4177394159_1",1.01222214928164,0.989263925884201,0.998779507670599,1.0127924063847,0.00509999999999999,FALSE,FALSE,19898,0.27863650500709,1.45023095643458,1.47675594765138
"4399908433_1",0.944836840631417,0.996983984825511,1.06542671786511,1.04324807284431,0.03195,FALSE,FALSE,19361,-0.113570166999921,-0.641310226373837,0.651288714230526
"4399908433_2",0.960778576954317,0.998697164451168,1.04397981747621,1.03039002634158,0.0305,FALSE,FALSE,19390,-0.0465400170091557,-1.21252220833081,1.21341504806832
"4399908433_3",0.960338681884327,0.99795767377466,1.0453097986307,1.02810350519893,0.0262,FALSE,FALSE,19476,-0.0817395100585622,-0.925802367485651,0.929403771859492
"4400156035_1",1.06905129239177,1.02024101686098,0.922142891309042,1.06336552763346,0.01945,FALSE,FALSE,19611,0.841480207415313,1.31035188376463,1.55727678938499
"4400156035_2",1.02381207000273,1.02471742932827,0.95476380825296,1.00166136126872,0.0423,FALSE,FALSE,19154,0.33191286873091,1.18761902047377,1.23312817266506
"4405409978_1",1.02055685758002,1.00474918018337,0.975733967227524,1.11840533318322,0.06725,FALSE,FALSE,18655,0.0773691219643213,2.72443045014752,2.72552880350301
"4407080623_1",1.00161153990477,1.00351664713324,0.994912741842098,1.05386364435546,0.00314999999999999,FALSE,FALSE,19937,0.576057551819165,2.1060057025321,2.18336948822356
"4407080623_2",1.00197498334381,1.00186629933568,0.9961807295278,1.03936226824351,0.00370000000000004,FALSE,FALSE,19926,0.656027494222222,1.97032010329159,2.07666400330204
"4407080623_3",0.989758599193334,1.00434690706501,1.00605573027975,0.996918949819989,0.01955,FALSE,FALSE,19609,0.718348400275681,1.67767278636786,1.82499600062518
"4407397545_1",0.892221293141956,0.977978592325222,1.16729080454912,1.39362005358514,0.00449999999999995,FALSE,FALSE,19910,-13.9170309177159,28.8306812377499,32.0139333759131
"4407397545_2",0.860835481409439,0.91987011832196,1.3311540562817,2.18471557769292,0.10015,FALSE,FALSE,17997,-9.7917937835425,32.3120649868315,33.7631273612597
"4407397545_3",1.00831733468579,0.992540563574017,0.99926730777515,1.32883879687832,0.00129999999999997,FALSE,FALSE,19974,-11.5500602989149,25.6663382196995,28.1454225499738
"4407404892_1",1.0193672616353,1.0523974157281,0.935639319278151,1.22110871845953,0.0126500000000001,FALSE,FALSE,19747,-9.64317903352691,20.2759943565702,22.4523239113531
"4407539784_1",1.03917255153418,1.00798160591445,0.956375586544876,1.13259661005354,0.01215,FALSE,FALSE,19757,-3.71710224550681,14.6271013711853,15.0920158900819
"4407539784_2",1.03049451039679,1.00460382255009,0.966954487157171,1.12343541967005,0.00309999999999999,FALSE,FALSE,19938,-11.460331276835,22.1764970293626,24.9626964382482
"4408587033_1",0.93995677489494,0.966021803209373,1.10994201125501,1.11281388783136,0.00634999999999997,FALSE,FALSE,19873,-0.250950696807806,6.04162069819748,6.04683031952415
"4409181011_1",0.919755106467416,1.06015137195829,1.03146745137832,1.11796154682544,0.00465000000000004,FALSE,FALSE,19907,-1.12201044026211,2.11788453491453,2.39673576584639
"4409586037_1",1.01238431405847,0.985502452690847,1.00248415483751,1.0233706380113,0.0688,FALSE,FALSE,18624,-0.35095201846036,0.891856006465286,0.958422900148786
"4413517702_1",0.95312797389752,0.939569085160338,1.12802489953224,1.05855505640534,0.2263,FALSE,FALSE,15474,-2.82704204279,17.0369959046836,17.2699564610889
"4413578082_1",1.16931246024721,1.02059871257619,0.858384157450108,1.64110685877096,0.0327499999999999,FALSE,FALSE,19345,0.0596306129150848,-0.325364110662973,0.330783334683198
"4413578082_2",0.904496606865022,1.00630788936886,1.11027099780704,1.13057961378836,0.0398500000000001,FALSE,FALSE,19203,-1.27737593913996,-7.71435773286104,7.81939924293719
"4413958567_1",1.05032073993587,0.905735875319023,1.0595069415135,1.15159522450783,0.0601,FALSE,FALSE,18798,-3.33103114069955,6.59584518568415,7.38924503408994
"4416723093_1",0.95046617176454,1.00055924727173,1.054358911612,1.44844410328714,0.0417,FALSE,FALSE,19166,0.821589269401179,7.19803003401789,7.24476675250617
"4416942725_1",1.00893045155681,0.987874507075949,1.00343467727723,1.46028114134348,0,FALSE,FALSE,20000,-0.00453235538416807,0.325571594377383,0.325603140818327
"4416942725_2",1.00966726694149,0.987933059020927,1.00264661093988,1.59418123667008,0,FALSE,FALSE,20000,-0.00689513875473668,-0.0485976247666553,0.0490843363142225
"4416942725_3",1.00501980188893,0.985987976980323,1.00930215319995,1.56456851643381,0,FALSE,FALSE,20000,0.0140374063256066,0.14131174367964,0.142007245160697
"4416956324_1",0.979638475061007,0.996191373847767,1.0252287480997,1.03550234122318,0.0401,FALSE,FALSE,19198,-0.0663795776957299,1.64516837689239,1.64650698044734
"4420898286_1",0.975600153331312,0.99688982831206,1.02894416228479,1.09239020333767,0.00105,FALSE,FALSE,19979,-0.758964488797864,1.98958379480652,2.12942968228887
"4420898286_2",0.981128183155646,0.979071985090528,1.0423291661364,1.20569684129978,0.00224999999999997,FALSE,FALSE,19955,-0.000562424165961861,0.48233951657648,0.482339844479154
"4420898286_3",0.856634127848441,0.796972721611079,1.73042595495472,1.29401574213963,0.1312,FALSE,FALSE,17376,-3.10374127488852,16.7310787492948,17.0165274370699
"4420931908_1",0.947128843986662,0.992611270702212,1.06753924563117,1.19703336817532,0.000600000000000045,FALSE,FALSE,19988,-0.360462510078485,0.314284907518025,0.478234486696323
"4421029190_1",0.920458373912145,0.959462761751921,1.14766443798549,1.39354937520602,0.01045,FALSE,FALSE,19791,0.807335383476826,5.2708395608396,5.33231095281638
"4421029190_2",0.933388136248705,0.917632386993083,1.19207509957138,1.18843070820806,0.04405,FALSE,FALSE,19119,0.0152815655667382,5.94460378335326,5.94462342518886
"4421029190_3",0.896756066315046,0.948513433526871,1.20396602822083,1.13588401924325,0.0627,FALSE,FALSE,18746,-0.191562065173068,1.33040212898308,1.34412270630924
"4421029190_4",1.08133736921422,0.986863378941556,0.941701389996963,1.79409715684598,0.01015,FALSE,FALSE,19797,-0.435367837568923,7.38505595641745,7.39787784661293
"4421029190_5",0.913276499555875,0.931380662513334,1.20283894635877,1.18408335573808,0.12675,FALSE,FALSE,17465,0.676352480597331,6.44063240370114,6.47604805708044
"4421029190_6",0.888766942535594,0.98083416571198,1.16917316061111,1.0779562343899,0.0756,FALSE,FALSE,18488,-0.199389770787872,1.4967534739676,1.50997590792997
"4424379536_1",0.977052879183753,1.01030312864185,1.01346695033676,1.37574824167416,0.000299999999999967,FALSE,FALSE,19994,0.250253859556071,1.03318296647548,1.063058811373
"4424379536_2",0.993590106397564,1.00351459865681,1.00295767794604,1.25143934950591,0.000149999999999983,FALSE,FALSE,19997,0.0531962179331491,0.891342180779819,0.892928172273512
"4424412293_1",0.941050620651434,0.989438421124389,1.07911698118698,1.26582536095241,0.0365,FALSE,FALSE,19270,2.02023800362489,3.29439182985949,3.86450244144511
"4424412293_2",0.88097031708375,1.002204525846,1.15328594217689,1.35508740275871,0.10585,FALSE,FALSE,17883,0.680394098715564,6.06798366856243,6.10601031210293
"4424445126_1",0.875315289908078,0.93643145275527,1.2663506562451,2.52284236842659,0.00244999999999995,FALSE,FALSE,19951,2.31247167796311,5.61546228480478,6.07296813209542
"4424445126_2",0.725944066595889,1.01642389197637,1.56582270090103,2.1115840760328,0.000850000000000017,FALSE,FALSE,19983,-0.327509844438967,2.03706106279338,2.06322089746913
"4424445126_3",0.933059943228139,0.960409020455146,1.12735192348321,1.86698367074262,0.002,FALSE,FALSE,19960,2.18411824877029,8.83876552378609,9.10462237048198
"4424445126_4",0.870566376194401,0.959174827915422,1.23646120741482,1.88366753415091,0.00055000000000005,FALSE,FALSE,19989,2.25249756010631,6.46689684198063,6.84795590107763
"4424492598_1",0.971221164424542,0.96964067959232,1.06489634340877,1.0246181173163,0.10885,FALSE,FALSE,17823,-2.49637187839602,5.7664590394618,6.28362335034789
"4424492598_3",0.960048832126123,0.973541312783864,1.07387331143504,1.03268920015168,0.0911,FALSE,FALSE,18178,-2.24436355700658,6.30150175988081,6.68925199150101
"4424492598_4",0.952877169040085,0.950129837697849,1.11351251238049,1.11367997344835,0.1074,FALSE,FALSE,17852,-0.605504252011807,5.05344375886547,5.08959028048632
"4424568237_1",0.943896909477618,0.992312448929535,1.07202374171352,1.02148271103373,0.0204,FALSE,FALSE,19592,0.666096654551473,10.6243771974972,10.6452372255344
"4430673084_1",0.965402596906492,0.985761150100782,1.05294391892324,1.03893403040947,0.036,FALSE,FALSE,19280,-0.296904142281923,-0.354951613985621,0.462755570442066
"4430676776_1",0.942383021213686,0.96718765617647,1.10505196506937,1.05513879006425,0.1188,FALSE,FALSE,17624,0.00673643398066415,6.44861212746172,6.44861564601187
"4430676776_2",0.947620545052793,0.959030958761421,1.10863997787119,1.04836126078502,0.1408,FALSE,FALSE,17184,-0.942053160742917,8.89127302179009,8.94104021384973
"4430702136_1",1.05867813131329,0.997772355970571,0.949493381392096,1.03719391971392,0.06655,FALSE,FALSE,18669,-0.578076581058601,3.72031571560711,3.7649597019572
"4430702136_2",0.911599364336706,1.01576540199315,1.08867521980291,1.07341311440023,0.0296,FALSE,FALSE,19408,-0.743023052480807,6.23204874763866,6.2761863300465
"4430774302_1",1.00299709624973,1.01379773615085,0.983672908377342,1.29346317880738,0.20375,FALSE,FALSE,15925,-9.84141191319204,13.4696941179542,16.6819078068537
"4431003690_1",0.963530344533239,0.989118195461498,1.05136059916072,1.26881812246661,0.02405,FALSE,FALSE,19519,0.982688646467778,5.13983939682905,5.23293665173702
"4431169974_1",0.926630985116504,1.01227343816597,1.07187295930918,1.01105963727694,0.2171,FALSE,FALSE,15658,4.48050858882218,8.99165582377681,10.0461351607356
"4440911350_1",0.950526870310982,1.01010076920446,1.04389401988164,1.11883262925017,0.02525,FALSE,FALSE,19495,-0.18451385537821,3.27371490586374,3.27891058854934
"4458406227_1",0.854659920998598,0.942313027590014,1.30085449684735,1.32283388184124,0.0793,FALSE,FALSE,18414,1.17550569466618,8.98559075445086,9.06215508831456
"4458421651_1",0.881674556957643,0.996175546801175,1.16015268100164,1.12568035197783,0.05085,FALSE,FALSE,18983,3.76885867330329,3.35564269357529,5.04624945739691
"4458454559_1",1.02494521740395,1.00611075898314,0.970485834546643,1.35094308203308,0.00819999999999999,FALSE,FALSE,19836,-0.367510833660101,1.00738186952216,1.07232571726109
"4458471604_1",0.964640774691029,0.992946971760477,1.04576088168668,1.0423125788482,0.01825,FALSE,FALSE,19635,-0.0129722225609141,0.0729647151850532,0.0741088943393829
"4458473607_1",0.914148637165571,0.989957967281188,1.11614356249354,1.05818202351663,0.03295,FALSE,FALSE,19341,-0.131625762153142,1.60951731699948,1.61489050247489
"4459331251_1",0.924751022604114,0.988792567134067,1.10217930893961,1.11692967260937,0.0133,FALSE,FALSE,19734,-0.866480887366267,6.98849867900149,7.04200986328311
"4459420154_1",0.876756098895938,0.926488396472924,1.28190729665422,1.3092946813166,0.1296,FALSE,FALSE,17408,0.948142264830032,8.40905230105895,8.46233622330748
"4459584477_1",0.911522784915286,0.990295363308483,1.11965159002762,1.1964860556715,0.00044999999999995,FALSE,FALSE,19991,0.177372149447741,3.39527041070657,3.39990029871749
"4459584477_2",0.900273398348081,0.988115634684144,1.13999216270308,1.34171368349159,9.9999999999989e-05,FALSE,FALSE,19998,0.336099501995923,1.61903768883085,1.65355553674397
"4460125390_1",1.00543907549427,0.996085582501409,0.998522335114014,1.54052435673661,0.03155,FALSE,FALSE,19369,-0.112376312645435,0.691757924330449,0.700826270567647
"4460125390_2",1.00842649722645,0.992865507988201,0.99883104211007,1.35885698649314,0.07595,FALSE,FALSE,18481,0.0405122578395201,0.66722315455785,0.668451928722914
"4460270976_1",0.94888625049512,1.00072863987068,1.05612121417819,1.0780235733086,0.06765,FALSE,FALSE,18647,0.286925497414825,5.92846234527562,5.93540158880742
"4460270976_2",0.982902507745398,0.937675781236387,1.09153814111182,1.07370546710628,0.1243,FALSE,FALSE,17514,-1.02825325340919,7.89752202334542,7.96417973568983
"4460311989_1",0.901588231781246,1.01192508711015,1.1078727129651,1.10022127528515,0.05825,FALSE,FALSE,18835,1.87264690115224,1.88888096621993,2.6598266336254
"4460311989_2",0.926408750027803,1.00290689283356,1.08288236537596,1.11786670980353,0.0615,FALSE,FALSE,18770,1.11978750283587,2.94436181507607,3.1501096091383
"4460311989_3",0.879316722761442,1.00862683268152,1.14770189575145,1.06684091771645,0.0952499999999999,FALSE,FALSE,18095,1.41193900951131,4.68794427646748,4.89595683251436
"4460311989_4",0.877827835768682,1.00821861459744,1.15077966473843,1.08062695682396,0.0691000000000001,FALSE,FALSE,18618,1.31227587513869,7.08938146169599,7.20981258299477
"4460397197_1",0.807948533093465,0.993924528228741,1.32242807770153,1.18895156823017,0.1258,FALSE,FALSE,17484,1.46969032696159,4.57311532839967,4.80347514451865
"4460519179_1",1.0409144762898,1.008862158709,0.954115997633986,1.05515358856688,0.00600000000000001,FALSE,FALSE,19880,0.694826185577369,0.558457963221159,0.891436326861948
"4460519179_2",1.03104120198907,1.0327945301371,0.941743862071997,1.55266984722235,0,FALSE,FALSE,20000,0.00497791623077504,0.615575352575148,0.615595479473346
"4460560556_1",0.995788355664311,1.00439629823379,0.999852423694678,1.17153949814194,0.00055000000000005,FALSE,FALSE,19989,-0.153309074452435,0.051162662879789,0.161620822861453
"4460560556_2",0.989206296781898,1.00549256261664,1.00547877270047,1.15129200690829,0.000700000000000034,FALSE,FALSE,19986,-0.19993789751438,-0.0849030402612749,0.217218068097657
"4460560556_3",0.994482018609292,1.00281111527161,1.002752921168,1.10098331649772,0.00109999999999999,FALSE,FALSE,19978,-0.113059312922437,-0.0422191771158875,0.120684991423276
"4460579117_1",0.963145637316864,0.898784806669201,1.17768701081764,1.13808060523212,0.01205,FALSE,FALSE,19759,-2.38703067645563,7.54687563302012,7.9153804248825
"4460589351_1",0.836945445426332,0.941659946698374,1.34548845475065,1.14287130261093,0.13015,FALSE,FALSE,17397,0.862574125813587,5.89863163701718,5.96136639636779
"4460589929_1",0.882522364384938,0.980732080039617,1.1803062041954,1.06872833987399,0.2787,FALSE,FALSE,14426,0.427601714409115,4.63338573814578,4.6530749644314
"4460589929_2",0.947138708371488,0.993884557140162,1.06605788740279,1.0070716174242,0.04705,FALSE,FALSE,19059,1.24423475959967,7.60092348639692,7.70208789764544
"4460589929_3",0.98123497303221,0.990583574689991,1.0294736499094,0.998492500802608,0.00760000000000005,FALSE,FALSE,19848,0.037382680928677,4.87361490412712,4.87375827247961
"4460589929_4",0.942096601299065,0.996920557196011,1.06900562620577,1.04713137672047,0.00319999999999998,FALSE,FALSE,19936,0.283777195846185,5.64447022507863,5.65159920895684
"4460589929_5",0.968838456280016,0.99597538591684,1.03756471400582,1.00594981668301,0.00144999999999995,FALSE,FALSE,19971,0.512477953860835,6.57029732691792,6.59025345622595
"4460603128_1",0.922933952540515,1.00826843529397,1.08143242644798,1.13991837093816,0.00114999999999998,FALSE,FALSE,19977,1.24748960831284,4.06966404779752,4.25657089507319
"4460712614_1",1.05026904462519,1.01242524159786,0.943275410428179,1.28493575610774,0.00319999999999998,FALSE,FALSE,19936,0.645073193121931,5.05599760322748,5.09698255719269
"4460712614_2",0.896349815685246,0.976376956308198,1.16256150603083,1.34407689883101,0.0101,FALSE,FALSE,19798,-2.18976543906746,10.6129281899788,10.8364808606752
"4460771467_1",0.898264538201878,1.01375779535163,1.11072446651901,1.09291565157657,0.0416,FALSE,FALSE,19168,-1.04736187365675,-1.74958446143915,2.03912056585654
"4460919199_1",0.845054558431961,0.938866607242147,1.33061813165405,1.64103635788617,0.0674,FALSE,FALSE,18652,1.51565464633982,4.97276447600508,5.19861477133953
"4461107627_1",0.943813548985084,0.988524317227461,1.07658874574475,1.07554323026716,0.00580000000000003,FALSE,FALSE,19884,0.0404361346002524,0.108756309700975,0.116030236926346
"4461373308_1",0.834838105924163,0.947032706570046,1.34006362169355,1.26215207629068,0.0246,FALSE,FALSE,19508,2.64017075500361,12.1593830672747,12.4427126540921
"4461373308_2",0.834863273680321,0.945771470655756,1.34253200714379,1.26027625437431,0.0253,FALSE,FALSE,19494,2.73549739826981,12.1072999363644,12.4124799200253
"4461468018_1",0.922001972796685,1.00826633584969,1.08271722952739,1.12432363129126,0.00524999999999998,FALSE,FALSE,19895,-1.15260490781738,-2.60067483454036,2.84464543810582
"4461478642_1",0.916832720117709,0.825621111773242,1.43250231128511,1.30294412961502,0.13555,FALSE,FALSE,17289,-3.31014462281443,19.4146273938412,19.6947915517183
"4461478642_2",0.905069348095073,0.857336435561831,1.37228981438493,1.25827011713747,0.146,FALSE,FALSE,17080,-16.2785300670745,25.4641614612157,30.222740776897
"4461589234_1",0.971619669336615,0.987379620172743,1.04383151872698,1.18343429407632,0.000149999999999983,FALSE,FALSE,19997,0.779603967432763,3.00338211203759,3.10291579920311
"4461589234_2",0.941051509148793,1.01283070830446,1.05260157617974,1.1398418475759,0.00105,FALSE,FALSE,19979,0.486365980335579,2.28408396361297,2.33529257688662
"4462491649_1",0.980382813479384,0.983376890241103,1.03832868822482,1.12997530569192,0.03665,FALSE,FALSE,19267,-1.03712317315252,5.31860407947382,5.41877973629539
"4506264687_1",1.00066329749688,0.861005745747104,1.19156786150139,1.15327450272475,0.20905,FALSE,FALSE,15819,-14.7733503748528,21.9736691262801,26.4781800010764
"4506264743_1",0.760667110223934,0.992848983918799,1.47457400623851,1.23085661219568,0.1452,FALSE,FALSE,17096,0.870416660796985,12.4421839004771,12.472592568375
"4506273024_1",0.963387352951229,1.02852645523832,1.01037535303425,1.07419929677352,0.00885000000000002,FALSE,FALSE,19823,-1.88361131656295,6.11223873691589,6.39589352389008
"4506297656_1",0.797269267072844,0.913069338583734,1.53725174452145,1.24323892665477,0.0434,FALSE,FALSE,19132,4.30419816228245,8.72691748741435,9.73063259260846
"4516253120_1",0.976319921602096,0.903135250195372,1.15142147377829,1.09631010163739,0.1678,FALSE,FALSE,16644,-9.84730515918647,26.2911005528824,28.0747464312666
"4516680906_1",0.955729238905585,1.00884072803238,1.03902385787541,1.06922278233225,0.26395,FALSE,FALSE,14721,0.469876767397459,19.9892422378042,19.9947640500746
"4516733615_1",1.01741086339482,0.872634805785879,1.14789718074714,1.26932327961074,0.28915,FALSE,FALSE,14217,-16.0465730225895,31.3408397108582,35.209952279874
"4516845722_1",0.870323086360831,0.964894187192202,1.22756873037545,1.12421691084377,0.05075,FALSE,FALSE,18985,-0.276219128997224,3.36526354159803,3.37658047610788
"4516890123_1",0.842660800614102,0.968760768482349,1.28035024165533,1.16416775414476,0.05345,FALSE,FALSE,18931,0.647328468222963,11.5935879074535,11.6116456505365
"4524900872_1",1.07061478222556,1.04887735179076,0.898830425007595,1.3807453737399,0.00244999999999995,FALSE,FALSE,19951,-0.663793980403088,4.57878601955943,4.62665147394228
"4524900872_2",1.04449284832237,1.02639111528559,0.936057803152464,1.1800081000352,0.00534999999999997,FALSE,FALSE,19893,-0.4591324954763,3.19861811030711,3.2314022442257
"4524929073_1",0.966248868698094,1.01511817033547,1.02044673736027,1.38637073402418,0.01225,FALSE,FALSE,19755,-0.36294257526559,2.3108886970445,2.33921651051553
"4524929073_2",0.831625047242792,1.00589145516708,1.24472243264389,1.85394662176036,0.000299999999999967,FALSE,FALSE,19994,-0.454006250211053,5.49470093253597,5.51342543372469
"4524929073_3",0.972798582603952,1.01513947917128,1.0132208403611,1.2429954114487,0.0138,FALSE,FALSE,19724,-0.479464259469514,3.08415447212169,3.12120085608358
"4524932053_2",0.861245389427421,0.948051839933583,1.27535388304386,1.36376882184581,0.1538,FALSE,FALSE,16924,-4.30321859204638,9.08035984976632,10.0484140665173
"4524948939_1",0.985436659712546,0.991169274442168,1.02426270170091,1.10081784930564,0.00960000000000005,FALSE,FALSE,19808,-13.7051880377986,19.0208593297369,23.4440881416415
"4524948939_2",1.05269230094215,0.931324219706374,1.02425972358373,1.40861528621883,0.00460000000000005,FALSE,FALSE,19908,-1.72017934890897,10.3200028713125,10.4623838706248
"4524948939_3",0.952533356963166,0.992290572612098,1.06112203551076,1.11948608202533,0.00590000000000002,FALSE,FALSE,19882,-1.81718549791082,11.1299714804575,11.2773413661915
"4524948939_4",0.794422465189959,1.13086247578467,1.16693863068572,1.59108475808575,0.04565,FALSE,FALSE,19087,-11.9474046395374,13.1136528030278,17.7400216307421
"4524948939_5",0.892090044723742,0.973024782856638,1.17465488662838,1.1981944088633,0.00860000000000005,FALSE,FALSE,19828,-5.33450974049825,13.174959816724,14.2139565337651
"4524948939_6",1.00191221831098,1.02791473622596,0.971755693575265,1.08312493084935,0.00609999999999999,FALSE,FALSE,19878,-1.56184176679308,11.8203297846067,11.9230678066242
"4524948939_7",0.985317742553085,1.0023471374111,1.01271914182312,1.16444718179291,0.00470000000000004,FALSE,FALSE,19906,-17.8232974592944,19.7267878875751,26.5860131024543
"4524997906_1",0.974686178924442,0.997869721996645,1.02891887465688,1.35312459919995,0.01935,FALSE,FALSE,19613,0.875719911205941,8.29888199716464,8.34495822432599
"4524997906_2",0.969510627197086,0.996058995686399,1.036704315427,1.22676530419275,0.0397999999999999,FALSE,FALSE,19204,1.05570434781088,7.4955213309826,7.56950141642116
"4524997906_3",0.931127262952582,0.939129194845635,1.16114790419454,1.34495131186922,0.01945,FALSE,FALSE,19611,0.799581366727919,11.9246127707816,11.9513898813111
"4524997906_4",1.00147213775432,1.04531111574389,0.957105418043078,1.12792297902206,0.00614999999999999,FALSE,FALSE,19877,-1.44109247682606,5.23520403793085,5.42992714919198
"4524997906_5",1.01580079016198,0.998223979460812,0.986411366351523,1.95542664661164,0,FALSE,FALSE,20000,-10.384844206444,15.2935692348886,18.4861637214011
"4525011910_1",0.989362690473953,1.0032124610692,1.00760693282016,1.05350223724066,0.0364,FALSE,FALSE,19272,0.459379933638759,7.60677282553349,7.62063138740516
"4525123281_1",0.990305515694675,1.01057944005545,0.999321161295856,1.14587146972754,0.01825,FALSE,FALSE,19635,0.996069793011811,1.61485626770257,1.8973444067667
"4525123743_1",0.906978734607608,0.992156203372432,1.12418600780942,1.46812587917732,0.000149999999999983,FALSE,FALSE,19997,-0.599192198977361,0.6982162571604,0.920074580171848
"4525178356_1",0.970406494492775,1.00988151833414,1.02114918346279,1.01831690646561,0.0725,FALSE,FALSE,18550,0.167695885651575,0.191354358286722,0.254437419613919
"4535909415_1",1.0111614975414,0.991479149722639,0.997561745103069,1.01688852185066,0.00580000000000003,FALSE,FALSE,19884,-0.389903151235993,0.53820833114715,0.664599635163876
"4596868998_1",0.916677821534071,0.959947620276084,1.1528963285825,1.04073429706044,0.20015,FALSE,FALSE,15997,0.79968370866651,7.96142761789949,8.0014888457686
"4597373149_1",0.891167405268166,0.858946848620696,1.40122750789634,1.39069783782962,0.0142,FALSE,FALSE,19716,3.06994971603691,9.78024882166183,10.2507491566525
"4597373149_2",0.910228574529356,1.00505925361823,1.10325514861714,1.26576630068171,0.0313,FALSE,FALSE,19374,0.310256690972371,9.20820212072981,9.21342745727702
"4597373149_3",0.918104953685822,1.05399190876142,1.03947292277753,1.04439889785022,0.11025,FALSE,FALSE,17795,4.12699173585651,9.30017330427366,10.174737553242
"4597373149_4",0.886804103600266,1.03217041570196,1.10677871523165,1.47423768283281,0.0372,FALSE,FALSE,19256,-0.304966477115282,9.86406064552251,9.86877383319276
"4597573215_1",0.928583667448694,1.00052680191415,1.08269911154407,1.29407949702078,0.000399999999999956,FALSE,FALSE,19992,0.325764312972099,6.90092725768739,6.90861197372519
"4599770647_1",0.940639445626675,1.00942371325455,1.056826469172,1.08225199900812,0.03005,FALSE,FALSE,19399,0.53338047652951,5.04929452884904,5.07738810529662
"4599978624_1",0.901447248097511,1.00336823016095,1.11853111135747,1.1170904751252,0.01905,FALSE,FALSE,19619,-5.03195227658099,2.27113258475236,5.52074152005983
"4600077836_1",0.822817930477676,0.986858861404025,1.29643140049872,1.15918408788144,0.11245,FALSE,FALSE,17751,0.241468828137414,5.04755832600661,5.05333080743787
"4600165830_1",0.822827603220376,0.98680236961594,1.29650489101266,1.15640437714081,0.1109,FALSE,FALSE,17782,0.243492870176693,5.15054778570534,5.15630015327474
"4606708469_1",0.996000945042904,1.02633956443457,0.978810241298358,1.02957005278699,0.15535,FALSE,FALSE,16893,-1.30656324318101,9.75525910667203,9.84236697886943
"4606891389_1",0.85543353408928,0.999910894492839,1.20349544324649,1.14111083568843,0.0792,FALSE,FALSE,18416,1.15676400233883,0.93714016102131,1.48873591966675
"4606891389_2",0.897970416713027,0.997244686187101,1.13171506438887,1.07402535858259,0.07365,FALSE,FALSE,18527,0.873529085215818,-0.731904356341984,1.1396214501098
"4606891389_3",0.877420796791565,1.00035116801436,1.16191651036256,1.09860899605134,0.0522,FALSE,FALSE,18956,1.08656777447624,-1.42767513299712,1.79412536181522
"4847186578_1",0.966463986216201,0.962261044092275,1.07981885468242,1.26765862622132,0.0279,FALSE,FALSE,19442,-3.79274727427994,13.0348415817375,13.5754199547399
"4847206523_1",0.848526267171191,0.985625809117949,1.23930744294029,1.1488518294342,0.02965,FALSE,FALSE,19407,-3.67963694092849,6.86135041631355,7.78574707735177
"4852108450_1",0.894964495709944,0.989186424192129,1.14717648995013,1.08002357728434,0.06655,FALSE,FALSE,18669,0.612531416663842,1.66719072190147,1.7761530450934
"4852108450_2",0.819043413181821,0.96446576804033,1.34730930923141,1.16970407139731,0.05205,FALSE,FALSE,18959,-0.256786768190798,6.1168427995818,6.12223041702234
"4852176170_1",0.986063360321708,1.00538012053213,1.00886009693841,1.12862083000749,0.00560000000000005,FALSE,FALSE,19888,-1.18777202824355,2.47120245722774,2.7418322296753
"4852176170_2",0.982396980244631,0.998288088738924,1.02002647072035,1.05329560323218,0.02815,FALSE,FALSE,19437,-1.61234075122757,0.79789672208872,1.79896689163225
"4852250214_1",0.913802703800408,1.00448890277204,1.09873119763824,1.0790788326832,0.04405,FALSE,FALSE,19119,0.687620781296139,0.864172617575742,1.10436255452547
"4852496476_1",0.959980934476933,0.993570057514102,1.05059553442433,1.08147117634195,0.0943000000000001,FALSE,FALSE,18114,-11.2406565410885,14.1363255474022,18.0606771594216
"4852554083_1",0.953602376165123,1.03566344352563,1.01442486296454,1.08078725987606,0.02345,FALSE,FALSE,19531,-0.373163531438347,1.88263062870728,1.91925743592211
"4852554083_2",0.87331586519163,1.03138675876843,1.12947060803363,1.15292780422883,0.04065,FALSE,FALSE,19187,-0.520297524968016,-1.05163865343514,1.17330872829222
"4852554083_3",0.99668184053368,0.98071285843702,1.02353690407958,1.05439890206238,0.06105,FALSE,FALSE,18779,1.36956951877415,0.228753585608854,1.38854199420981
"4852566881_1",0.974325863725692,0.976881767966488,1.05264930730419,1.02435832291439,0.09995,FALSE,FALSE,18001,-0.152332108238951,3.34103046181664,3.3445014005061
"4852683441_1",0.961032118825877,1.01661421995005,1.02480567769933,1.02249520449714,0.04895,FALSE,FALSE,19021,0.589333889108423,2.73764310716067,2.80035787267199
"4852683443_1",0.934175294642988,1.10333736906639,0.977329857632716,1.02319863766611,0.2,FALSE,FALSE,16000,-3.44422544789788,16.7116393439847,17.0628713439258
"4852748446_1",0.997693956615809,0.980511740519262,1.02269040527776,0.996646842060358,0.192,FALSE,FALSE,16160,-0.873969332407881,0.912956625801697,1.2638481691187
"4852748446_2",0.97455986896542,0.963778517795067,1.06801893516591,1.02264404043715,0.07455,FALSE,FALSE,18509,-0.915617304683258,1.08742446914045,1.42156499138127
"4854949921_1",0.949338970892141,1.00471682660046,1.05115978769894,1.05476090069629,0.0497,FALSE,FALSE,19006,1.09597716927012,1.5784434429214,1.92162682591155
"4855069078_1",0.865680887375511,0.958468132750935,1.24764753248715,1.25546952347747,0.0444,FALSE,FALSE,19112,-3.13522051514412,8.02412574799173,8.61488257019005
"4855119501_1",0.989746684135263,1.01335089395217,0.997192444038892,1.02943391544161,0.0132,FALSE,FALSE,19736,-0.232854044422359,-0.931422016875605,0.960087485349366
"4855211739_1",0.793109703381652,1.02332098725699,1.31245671034503,1.12450821753467,0.32945,FALSE,FALSE,13411,2.58445930640244,7.48308552812402,7.9168174746971
"4855211739_2",0.79080027746956,1.02057213693417,1.32342412813617,1.11610408485739,0.32545,FALSE,FALSE,13491,2.70641382688053,7.06906121270032,7.56943209436707
"4855211739_3",0.770168677454315,1.03603305415341,1.3580259290568,1.15640236151456,0.3052,FALSE,FALSE,13896,2.41336575593396,7.21800498215106,7.61077723982723
"4855211739_4",0.778166634684549,1.0169307810655,1.36690992746028,1.11967581755913,0.33095,FALSE,FALSE,13381,2.76951322537344,6.32617112872786,6.9058413430565
"4855266821_1",0.86804617040567,1.08215985760745,1.08235691330801,5,0.0396,FALSE,TRUE,19208,7.33451471284235,8.19548065921412,10.9982275530402
"4855513471_1",0.959083488336314,0.998801891114856,1.04587373940554,1.00595910249646,0.09555,FALSE,FALSE,18089,0.90387024420302,2.71421287934794,2.86075741243012
"4863450976_1",0.874110528402398,0.88402665778394,1.37970559026886,1.17235179973179,0.04515,FALSE,FALSE,19097,-3.10527152373091,0.547754912354304,3.15321212101285
"4863515867_1",0.82249536269196,1.03521743970897,1.22218454809734,1.14073696424657,0.01755,FALSE,FALSE,19649,1.24222387939765,2.92810479701141,3.18071027741085
"4863515867_2",0.929211140846087,1.0072406707696,1.07410584068712,1.20828155512633,0.07285,FALSE,FALSE,18543,2.72386779959383,7.09853760388965,7.60320273986559
"4863596184_1",0.976036150279848,1.00382297038139,1.02118322505584,1.03590442030761,0.0247000000000001,FALSE,FALSE,19506,0.134022546045248,-0.0849492310459499,0.158677076806163
"4863689059_1",0.891323672281388,0.965954816732317,1.18648170825418,1.11868422293475,0.09515,FALSE,FALSE,18097,1.04650965976161,8.20287542625469,8.26936199030054
"4867717019_1",0.99671644414535,1.01040746105894,0.993042852622115,1.04406457414211,0.013,FALSE,FALSE,19740,-0.238356777853221,1.69738312672079,1.71403717358318
"4867717019_2",1.0274920278884,1.02039487550494,0.955343721298195,1.06237330034912,0.05705,FALSE,FALSE,18859,-0.235778492946315,1.07908378884959,1.10454213187819
"4867717019_3",0.952654103700415,1.01773583702379,1.03334840377686,1.17996363804758,0.00570000000000004,FALSE,FALSE,19886,-0.825064296745781,-0.649069449537576,1.0497724725328
"4867717019_4",0.971975267975922,1.01175021390421,1.01752070179158,1.3488469482822,0.00229999999999997,FALSE,FALSE,19954,-0.532542455732476,-0.327627488523818,0.625252939532475
"4867948128_1",0.987553541946881,0.996135340879633,1.01675921929598,1.01180786255942,0.0315,FALSE,FALSE,19370,0.0328273799539702,-0.453625520763157,0.454811774212462
"4868043545_1",0.909016618140453,0.988645375761125,1.12558732960741,1.14210093862007,0.0132,FALSE,FALSE,19736,-0.756947909051509,-3.83566627775174,3.90964268588567
"4868050877_1",0.955382646626725,0.995624447779433,1.05384717673112,1.05912465162191,0.0458,FALSE,FALSE,19084,0.00183266210740385,3.52666643686863,3.5266669130478
"4868050877_2",0.956821418804643,0.99811252708763,1.0493379256724,1.04219155406708,0.04235,FALSE,FALSE,19153,-0.151150263778155,2.43308017086632,2.43777060448745
"4872075855_1",0.923960627501838,0.993591184542637,1.09739050257355,1.42853932679668,0.000850000000000017,FALSE,FALSE,19983,-0.850536141572988,1.60745148944386,1.8186016658513
"4872075855_2",0.857269446394383,0.958979203116589,1.26465397445033,1.1486287045491,0.0681,FALSE,FALSE,18638,-0.617316023760084,6.02655392251479,6.0580880857057
"4872075855_3",0.901249483545901,0.983665936242492,1.14439517486333,1.46686334257996,0.000349999999999961,FALSE,FALSE,19993,-1.70012553180809,2.64879659068553,3.14746726793672
"4872103201_1",0.991174481739453,1.00387908292697,1.00506553813647,2.20088264154683,0.000900000000000012,FALSE,FALSE,19982,-0.171805582856954,-0.0608412154074478,0.182260285836145
"4872103201_2",1.06483810111419,0.986803057850121,0.954638743969267,1.27190841470563,0.000750000000000028,FALSE,FALSE,19985,0.264823759764943,1.6950118920211,1.71557481265872
"4872103201_3",1.01601970373635,1.0026877541579,0.981886483492291,1.16663077207619,0.00270000000000004,FALSE,FALSE,19946,-1.3226088643607,7.73208006501802,7.84438374507103
"4872120646_1",0.995095007964916,1.00227657782268,1.00266484531091,1.29773631169457,0,FALSE,FALSE,20000,0.262646016770118,-0.93265989812028,0.968936228906186
"4872120646_10",0.976447291759321,1.01016460677358,1.01425895101914,1.09637507670938,0.00590000000000002,FALSE,FALSE,19882,-0.125951617932551,-1.79364554882127,1.79806233620144
"4872120646_11",0.968852391698354,1.00577171049493,1.02712681236524,1.09850444519596,0.07035,FALSE,FALSE,18593,-0.164669368441561,-1.31560595231193,1.32587142010887
"4872120646_12",1.02621339084201,1.02074397915506,0.956145239116718,1.16571699577056,0.01175,FALSE,FALSE,19765,-3.57586861241249,23.7255340663669,23.9934950156824
"4872120646_13",0.934021025129532,1.01630997471076,1.05774380176617,1.15544459914703,0.0138,FALSE,FALSE,19724,1.08286454431222,3.99215775921298,4.13641380857536
"4872120646_14",1.00324474083607,1.01713157218433,0.980317891789759,1.17658891609459,0.000650000000000039,FALSE,FALSE,19987,0.256232837835491,1.85609607653361,1.87369899196981
"4872120646_15",1.03674353174657,1.0294619298255,0.939796575712232,1.14799763840713,0,FALSE,FALSE,20000,-0.041251041529633,3.87746603594137,3.87768545762883
"4872120646_16",1.0216370052468,1.01289030983944,0.967206828635432,1.06424669870275,0.01135,FALSE,FALSE,19773,0.785074844544487,4.16203377793409,4.23543004666597
"4872120646_17",1.03134762722131,1.01163677287335,0.959787092133652,1.07619701258464,0.04075,FALSE,FALSE,19185,0.802785797044903,4.94033954466224,5.00513934396342
"4872120646_18",1.02403039906815,1.01455272512589,0.963567074995101,1.5878502941844,0,FALSE,FALSE,20000,-0.00307592352338792,0.380261762463174,0.380274202776262
"4872120646_19",0.999012084535039,1.01355386592599,0.987767757813304,1.21763334718501,0.000700000000000034,FALSE,FALSE,19986,0.282719949851878,1.62968177597529,1.65402335563626
"4872120646_2",1.02780387401578,0.998217299259634,0.97535678503567,1.07374121722915,0,FALSE,FALSE,20000,-2.71650206723623,8.5477972879437,8.96907029502369
"4872120646_20",1.03568548934518,0.89466994253778,1.0908393388008,3.48095134049278,0,FALSE,FALSE,20000,-1.29477918914805,7.74978118399259,7.85719807236756
"4872120646_3",0.961750474820661,1.00726932971128,1.03364928343321,1.08846761270105,0.0697,FALSE,FALSE,18606,-0.258222851553025,-1.44811771723909,1.4709602183764
"4872120646_4",1.02757356206727,1.02358131614867,0.952497328457808,1.17419837720587,0.01435,FALSE,FALSE,19713,-3.6773569410111,23.3329289869501,23.6209341301664
"4872120646_5",0.942186809232188,1.00976999751905,1.05450212947389,1.1426169447186,0.00539999999999996,FALSE,FALSE,19892,0.963752664347811,3.04105315248375,3.19011339520539
"4872120646_6",1.02063905738797,1.01542056617582,0.965802774155214,1.07107682266393,0.0126500000000001,FALSE,FALSE,19747,-0.266479850886903,6.75127168424781,6.75652875857529
"4872120646_7",1.0390081588201,1.01588245217138,0.949507296774608,1.04781775622976,0.00260000000000005,FALSE,FALSE,19948,-1.54042429730006,8.27108904355207,8.41331212912486
"4872120646_8",0.98992004680204,1.00259267979253,1.00765476842674,1.39602007117968,0,FALSE,FALSE,20000,0.186471518140829,-0.903323472998174,0.922369190697103
"4872120646_9",0.993646090093977,1.01238457616378,0.994195356133726,2.54593996891955,0,FALSE,FALSE,20000,-0.0286506106977891,-0.623795670502592,0.624453277700689
"4872138516_1",1.0732926097395,0.975833354655934,0.958292709889932,1.30721038185129,0.00124999999999997,FALSE,FALSE,19975,0.986647132748097,3.95186809800514,4.07317247714737
"4872138516_2",1.06286085979666,0.981225305563491,0.96153000456169,1.48954781669233,0.005,FALSE,FALSE,19900,1.69909371404359,4.80563406917657,5.09715982248281
"4872138516_3",1.05201399456288,0.993176986125619,0.95916598690043,1.47447857675575,0.00365000000000004,FALSE,FALSE,19927,1.36156321170972,4.73079475848412,4.92283185030549
"4872138516_4",1.04993914372237,0.987533172911879,0.966239929503226,1.59768007434132,0.00175000000000003,FALSE,FALSE,19965,1.56439688932974,5.16329673329903,5.39508765298961
"4872138516_5",1.06246956788221,0.990416132210497,0.953179840222617,1.57615278470406,0.00319999999999998,FALSE,FALSE,19936,1.46248255856346,4.82943328137928,5.04601635484827
"4872198892_1",0.894293747168991,1.01279259796672,1.11803023245247,1.39765802855055,0.0139,FALSE,FALSE,19722,-0.631372120398849,-2.35672620033058,2.43983383404312
"4872247586_1",0.873150492512733,0.959942263863312,1.23002328584797,1.19157596418732,0.00624999999999998,FALSE,FALSE,19875,1.03369802432679,4.25986611353137,4.38349072209695
"4872247586_2",0.887341404963375,0.965779882708583,1.19387956567953,1.26341996203195,0.0105499999999999,FALSE,FALSE,19789,0.34563573357671,5.62757354449415,5.63817772502921
"4872332141_1",0.899054314519593,0.97426891888249,1.16102284863438,1.1028771432029,0.0516,FALSE,FALSE,18968,0.553206428434205,6.4014686196997,6.42532783922042
"4872332240_1",0.929127498460972,1.04027686666253,1.03902700158557,1.27020750484068,0.00844999999999996,FALSE,FALSE,19831,1.19293565232365,8.77537956307022,8.85609292783987
"4872332240_10",0.964864972974046,1.00377324230923,1.03375776422742,1.17495342714501,0.00700000000000001,FALSE,FALSE,19860,2.1914491650524,6.56620813099992,6.92224953773109
"4872332240_11",0.952688120201525,1.00530219007185,1.04644897285191,1.2182095066322,0.00575000000000003,FALSE,FALSE,19885,2.16367369038789,6.84220724362179,7.17616079830624
"4872332240_12",0.98199312988314,1.01581239769807,1.00277850408848,1.19873776803523,0.00960000000000005,FALSE,FALSE,19808,1.51217843548826,5.36924531378519,5.57812503090061
"4872332240_13",0.947095065066019,1.02586853033244,1.03161273268142,1.35526071018774,0.00765000000000005,FALSE,FALSE,19847,1.45620605166619,6.69579448673709,6.85231346871464
"4872332240_14",0.890970528602083,1.03479012224038,1.09739503617261,1.39990430815281,0.00405,FALSE,FALSE,19919,1.04047402582669,7.29098890031676,7.36485609791272
"4872332240_15",0.940277456241357,1.03127524609408,1.03432843433679,1.30316473728153,0.0167,FALSE,FALSE,19666,0.99055456625341,5.81052729418886,5.89435541728179
"4872332240_2",0.90553765704364,1.05288739210181,1.05717798993307,1.41013168421271,0.01135,FALSE,FALSE,19773,0.922433347663343,9.15678893240626,9.20313353339606
"4872332240_3",0.983507537882202,1.01952252325827,0.997625981532255,1.2150197281248,0.00665000000000004,FALSE,FALSE,19867,1.39942868956844,5.25919423608794,5.44219851439543
"4872332240_4",0.857496892868645,1.03869943771388,1.14800992799065,1.44200396884061,0.0105,FALSE,FALSE,19790,0.797069373971809,6.22919099440937,6.27997930185718
"4872332240_5",0.972953644967554,1.00545412408913,1.0228856935499,1.15031484723465,0.00519999999999998,FALSE,FALSE,19896,2.0390165629332,6.21017248944847,6.53634690730369
"4872332240_6",0.928553047144564,1.03644960739795,1.0435980176099,1.22939670569934,0.0105,FALSE,FALSE,19790,1.355657004386,9.33257587601359,9.43052376038
"4872332240_7",0.953936400740263,1.00514579143488,1.04511605759787,1.2181287262221,0.00519999999999998,FALSE,FALSE,19896,1.46561297534548,3.88960899558729,4.15657064562297
"4872332240_8",0.970584635537264,1.00680521970414,1.02411549252248,1.17283839975807,0.00544999999999995,FALSE,FALSE,19891,2.11294379357391,6.99158120249368,7.30388521171201
"4872332240_9",0.966040368615757,1.02584638555187,1.01005841184211,1.31407386176111,0.00854999999999995,FALSE,FALSE,19829,1.43079591800371,6.46792004066012,6.62428612088495
"4872367371_1",1.02322159304017,0.980105138472139,0.997609839395276,1.16541970053638,0.000199999999999978,FALSE,FALSE,19996,-0.227880937498842,0.04574364639367,0.23242676881276
"4872367371_2",1.02944496646364,0.98310079606925,0.988715725073394,1.10737430304124,0.00190000000000001,FALSE,FALSE,19962,-0.363658913989595,0.278530212177497,0.458068646405463
"4872423941_1",0.90071668421847,0.940011413832583,1.2107180849075,1.1070363575366,0.000850000000000017,FALSE,FALSE,19983,-5.19262593445163,13.2848054515935,14.2635696787945
"4872423941_2",0.926223316292549,0.928955086799911,1.18501881655009,1.03874478163505,0.2452,FALSE,FALSE,15096,-0.472680311739027,8.9408601413306,8.95334611996766
"4872423941_3",0.887574370082937,0.936660618647726,1.24113935685953,2.56535018115336,0.000650000000000039,FALSE,FALSE,19987,-2.17698922884968,4.32560440987504,4.84253400744465
"4872423941_4",0.879403280037707,0.917402016176453,1.29394459488338,3.00216642563748,0.000650000000000039,FALSE,FALSE,19987,-1.5350827491033,3.04274425316544,3.40804513420316
"4872423941_6",0.901807530686389,0.902206950582311,1.27759152149009,2.43768152554894,0.000299999999999967,FALSE,FALSE,19994,-0.15893105299819,1.93123752556268,1.9377661003714
"4872423941_7",0.945733962845065,0.88686538482179,1.22691355529361,2.0715990572897,0.00319999999999998,FALSE,FALSE,19936,-0.69109436938436,4.06887342382607,4.12714700083639
"4872423941_8",0.941596546411163,0.885869317079972,1.23588107426069,1.99509275359178,0.00534999999999997,FALSE,FALSE,19893,-1.16385183435558,4.34386871981061,4.49708200361989
"4872564052_1",1.09923056563288,0.971761965461704,0.9423168668403,1.06909608347342,0.00170000000000003,FALSE,FALSE,19966,-0.00783802010517753,0.0790651427382105,0.0794526988552483
"4875021848_1",0.856354202576046,0.994679636449829,1.20932133707922,1.14212804636644,0.0221,FALSE,FALSE,19558,-0.165771408529358,8.56322199900059,8.56482639427406
"4875094755_1",0.920176571414592,0.977086861315007,1.12384604692983,1.0577184510154,0.03065,FALSE,FALSE,19387,-0.100521871911008,1.35353748881173,1.3572650368853
"4875126677_1",0.857989949748822,1.00895855225493,1.18572736461148,1.23095266666835,0.04155,FALSE,FALSE,19169,0.287904748691448,1.73494257898721,1.7586685010831
"4875126677_2",0.864162727225581,0.994026793653476,1.19502662469695,1.19156922590961,0.03415,FALSE,FALSE,19317,0.950134590522067,2.62349289828221,2.79024563926614
"4875126677_3",0.882869819096257,0.994036848100307,1.16099351405857,1.19263766881334,0.021,FALSE,FALSE,19580,0.775393797142476,1.62955582191059,1.8046295235781
"4875241004_1",0.927891947745449,0.999254974506063,1.08513687917288,1.33578473828972,0.00044999999999995,FALSE,FALSE,19991,-2.13619658015007,-2.39148170218757,3.20663695496432
"4875319417_1",0.844164608903844,0.909911803186343,1.39588907739193,1.26617256742943,0.02725,FALSE,FALSE,19455,-2.94368006530971,3.55991612504705,4.61933492445306
"4875416014_1",0.956253911167016,0.828220989110584,1.33896515349049,1.35114690716393,0.0631,FALSE,FALSE,18738,0.522541325882586,7.04874976132933,7.06809186662818
"4880856637_1",1.25204734351555,0.974215264979393,0.851179030243423,1.12717750252606,0.1607,FALSE,FALSE,16786,2.52323929443379,-18.3882282241426,18.5605407722978
"4880857075_1",0.886754920718377,0.931039637477252,1.25278028019381,1.12459862025569,0.106,FALSE,FALSE,17880,2.09985546721411,6.17278548468284,6.52017435526844
"4880857075_2",0.895767511857615,0.969828723711545,1.17298062075956,1.08104606360699,0.05045,FALSE,FALSE,18991,-0.146369883902209,1.16697446738796,1.17611800022317
"4881092148_1",0.829182758422529,0.911899751615516,1.43393540165604,1.33464610637237,0.0249,FALSE,FALSE,19502,-3.1511908629947,9.98895904760013,10.474221055031
"4881223356_1",0.909997720214957,0.953106237782231,1.17385335550877,1.09758436251384,0.043,FALSE,FALSE,19140,0.645916826671478,5.22489864079382,5.26467229308211
"4881388731_1",1.00571126249885,0.994903406434077,0.999444181786618,1.3359198515979,0.000650000000000039,FALSE,FALSE,19987,1.55680318747548,2.33448961397329,2.80597183205444
"4881388731_2",0.98253900222159,0.98905228772528,1.02969665092996,1.39260963927846,0.00105,FALSE,FALSE,19979,1.8132627590115,1.79452540771292,2.5511258832416
"4881512097_1",1.10666787587724,1.00473610503505,0.908182471017219,1.10163918134599,0.00380000000000003,FALSE,FALSE,19924,0.289501811887916,1.5310932312262,1.55822263550273
"4881512097_2",1.06625150064035,0.997681790658136,0.943564136338624,1.04211554247755,0.019,FALSE,FALSE,19620,0.0620502223821484,0.964737393260018,0.966730814679975
"4881628500_1",0.811120590150798,1.2356315006479,1.04402123644646,1.39015468186743,0.00105,FALSE,FALSE,19979,-5.72329513503622,18.510497431507,19.3751031575204
"4881628500_2",0.88751747736707,1.06006101973335,1.07536166477864,1.19113140004308,0.0128,FALSE,FALSE,19744,-1.58948525282263,8.28270207575903,8.43383762262018
"4881661855_1",1.03329437680983,0.853172499079782,1.16262081237005,1.46448624530035,0.00334999999999996,FALSE,FALSE,19933,-7.42418908074666,7.48143323717556,10.539944344682
"4881833866_1",0.868587235149379,1.00457995568916,1.17196989632489,1.14996288211657,0.00114999999999998,FALSE,FALSE,19977,-0.805049498251609,-3.29029333348274,3.38734924609142
"4881916945_1",0.957970815662047,0.934323091159842,1.12888058195029,1.31254144045913,0.01605,FALSE,FALSE,19679,-0.798588177090331,6.83411863360617,6.88061919995515
"4882220112_1",0.970769182494738,1.00578282389592,1.02496970846753,1.04819338629899,0.00449999999999995,FALSE,FALSE,19910,0.162859595723319,0.559435309032652,0.582658659003384
"4882315279_1",1.1517425812235,0.907963655866237,0.970511247713161,1.44170424910483,0.09245,FALSE,FALSE,18151,-20.6529264951719,-5.0982835223665,21.2728904404034
"4883662978_1",0.99217526625411,1.00555188771848,1.00237081609294,0.98536891563437,0.0502,FALSE,FALSE,18996,0.125281680090322,6.27668750489173,6.27793768155039
"4884245229_1",1.00269259991829,0.987679780738585,1.00988529366186,1.09728268239049,0.00654999999999994,FALSE,FALSE,19869,0.884380802500306,2.64644270941514,2.79030256747322
"4884643869_1",0.994704226821496,0.999402631464278,1.00595696864338,1.07794729690004,0.01975,FALSE,FALSE,19605,-0.596845813373381,4.30185753965011,4.34306380524001
"4885201318_1",0.922051392022418,0.960216961444983,1.1441248963295,1.0584815247381,0.1217,FALSE,FALSE,17566,0.157820306685347,4.92955452602171,4.93208019746469
"4885302879_1",0.87071142220882,0.992441409708349,1.1849777488571,1.20830836740208,0.08035,FALSE,FALSE,18393,-1.18812110954314,9.82341124803493,9.89500077407583
"4886594565_1",0.882945928945204,0.99640302008742,1.15765146539702,1.09823820281314,0.0588,FALSE,FALSE,18824,1.93318360781355,5.11459966263834,5.46775352138145
"4886732633_1",0.878182203164449,1.00298163376839,1.15706335094224,1.15561832828176,0.03595,FALSE,FALSE,19281,-0.67292658190371,2.30813166730428,2.40422585840961
"4886919586_1",0.965880002626915,1.01168056596504,1.0243588339067,1.08060472392348,0.025,FALSE,FALSE,19500,0.232994689011057,1.08931187416692,1.11395102419649
"4886919586_2",0.971851644474414,0.983179359296371,1.04829720041073,1.01907243134319,0.0776,FALSE,FALSE,18448,0.193434229571576,2.03203271020184,2.04121868904343
"4886919586_3",0.9797320647946,0.991971250191891,1.02963384521175,1.04232454384887,0.0447,FALSE,FALSE,19106,0.268931234021885,1.62063077199414,1.64279277687931
"4886919586_4",0.972706219476508,0.981692067804518,1.04899762755611,1.01072493120673,0.08875,FALSE,FALSE,18225,0.0442262145144423,1.05122645585418,1.05215636648648
"4886919586_5",0.969481105928588,0.991922941353006,1.0412571553319,1.05163508577542,0.02885,FALSE,FALSE,19423,0.0822802418655177,1.1417683604064,1.14472923742978
"4886951069_1",0.991091389730684,1.00728780662211,1.00175668875511,1.00551669782853,0.03435,FALSE,FALSE,19313,0.186427841373349,1.82968613299346,1.83915923326603
"4887429596_1",1.03301379917789,0.952911873960843,1.01776639965941,1.13184333368585,0.03225,FALSE,FALSE,19355,-3.79836260730643,2.11096349796351,4.34554086234591
"4887822305_1",0.969178461133673,0.993300577676445,1.04009171213642,1.15983863898213,0.000249999999999972,FALSE,FALSE,19995,0.0453735934885513,0.570863900752228,0.572664261298113
"4887902287_1",0.78640342693508,1.00889984083896,1.35646674086631,1.32461231589312,0.1561,FALSE,FALSE,16878,4.02393325778,11.1200114881008,11.8256794459583
"4888141363_1",0.953687075096524,0.986639382438249,1.06621574301218,1.08951118723668,0.0644,FALSE,FALSE,18712,-1.67468128616555,4.54692577884632,4.84552282510054
"4888142623_1",0.961161264683231,1.01208830963442,1.02929815734551,1.2460158912042,0,FALSE,FALSE,20000,0.0294169027398317,0.445847569354618,0.446816975132129
"4888684856_1",1.00933372914147,1.02067687569592,0.971340199698521,1.12318658403673,0.00349999999999995,FALSE,FALSE,19930,0.00424743846969,1.42491187564537,1.42491820610475
"4888962037_1",0.919368555100673,1.02706221322383,1.06536427807515,1.11009699435702,0.0263,FALSE,FALSE,19474,0.561255700098906,2.34483623383169,2.41107132295656
"4888962037_2",0.933234970822297,0.960201488833429,1.12738247537388,1.16172824002835,0.02745,FALSE,FALSE,19451,1.75044619167758,2.13829594641903,2.76339852797793
"4888962037_3",0.938048028733297,0.932199785234744,1.16113664063346,1.18411251990941,0.0478499999999999,FALSE,FALSE,19043,-3.11200124533872,10.4571219547939,10.910359816634
"4888962037_4",0.90201780024661,0.939061719180644,1.20994815204781,1.14691833045324,0.02685,FALSE,FALSE,19463,-2.25481189511162,7.72872692113167,8.05092519551401
"4889194827_1",0.967700561835382,0.996228161073523,1.03859807741398,1.06685923354975,0.0536,FALSE,FALSE,18928,-0.849325828244596,-0.0222597735374253,0.849617478658076
"4889194827_2",0.89769606350851,0.972830841467282,1.16535273147699,1.0836721280239,0.0603,FALSE,FALSE,18794,0.290283995658891,0.49188716260421,0.571154776632842
"4889219099_1",0.898338697137189,1.04860302919527,1.07159960179376,1.15629986023029,0.01245,FALSE,FALSE,19751,2.40467918022291,2.01253266312202,3.13572474556211
"4889219099_2",0.935168568722127,1.0275143692064,1.0444391414215,1.26752371661121,0.01445,FALSE,FALSE,19711,0.911344731604091,-0.980036365124803,1.33829013924095
"4889230092_1",0.892493629227674,0.982479001039599,1.16048273527694,1.12644262262018,0.04605,FALSE,FALSE,19079,0.424277915245796,6.10313578092305,6.11786548640525
"4889230092_2",0.933421627268928,0.990502576882411,1.08803949029976,1.06157321899702,0.03485,FALSE,FALSE,19303,1.07466027407427,4.10325242956655,4.24164769935189
"4889230092_3",0.946555902452221,0.98883523915607,1.07267646848871,1.07199316096469,0.0356,FALSE,FALSE,19288,0.878095721570549,4.72103863552693,4.80200561165629
"4889489021_1",0.92113413920931,1.00268842171468,1.09043762715769,1.10992043548249,0.00195000000000001,FALSE,FALSE,19961,0.170465297496591,1.88741698385846,1.89509928199236
"4889489021_2",0.960538477045999,0.996752165129425,1.0463984881514,1.1281799201011,0.000950000000000006,FALSE,FALSE,19981,0.200422080867013,0.554258656296214,0.589382446785063
"4889930075_1",0.930982384648794,0.98926078682033,1.09288420154937,1.08635617353205,0.00370000000000004,FALSE,FALSE,19926,-0.241556509643498,0.519614001890512,0.573016804563201
"4891781100_1",1.06374097986997,1.02915022107961,0.918909813536691,1.13102942086932,0.000900000000000012,FALSE,FALSE,19982,-0.000592830736223515,0.0654708286396577,0.0654735125913161
"4891781100_2",1.05509173319384,1.02940214485474,0.925259856496586,1.12126449724437,0.003,FALSE,FALSE,19940,-0.0982077938690984,-0.0510993293262652,0.110706423635801
"4891953350_1",0.89180846715215,1.03675781964877,1.09392723929517,3.48543741470442,0.1323,FALSE,FALSE,17354,0.734542372432145,7.18151523295456,7.21898286035205
"4891953350_2",0.808827247548333,1.13181025852146,1.13623229131637,4.49382498617442,0.6321,FALSE,FALSE,7358,-7.95464648930666,12.4364154890616,14.7628192086203
"4891983605_1",0.937446946470442,1.06477153583148,1.00593060484653,1.09294923728568,0.02135,FALSE,FALSE,19573,-0.212443066755885,3.81426705974786,3.82017869473277
"4892130531_1",0.926657331497761,0.86920001927904,1.29807879291958,1.38157196898872,0.2342,FALSE,FALSE,15316,-14.1697089550169,24.1358005591406,27.9878102126711
"4892130531_2",0.941636266622812,0.856449196096516,1.29801481399341,1.42170240031232,0.24295,FALSE,FALSE,15141,-14.2524384583619,23.9083934248972,27.8342105720471
"4892236775_1",0.925518736563724,1.01449485429977,1.0708786743811,1.19378419539616,0.000950000000000006,FALSE,FALSE,19981,0.158075760903764,1.67583964473013,1.68327848588239
"4900951928_1",1.00779218988553,0.960506842290085,1.03453811353317,1.06621083728541,0.02685,FALSE,FALSE,19463,-2.38065170988877,2.92385672458506,3.77046956090321
"4900951928_2",1.00793577921383,0.979698071475815,1.01301659422434,1.02982369673929,0.0211,FALSE,FALSE,19578,-1.38543564304711,2.38360354571162,2.75699071165544
"4901088109_1",0.92636777092112,0.975889172566034,1.11630989022435,1.11108714138736,0.0326,FALSE,FALSE,19348,0.948056227502131,8.48217970846517,8.53499755226701
"4901287728_1",0.85382073945827,0.948631262044632,1.29091624553191,1.16249741388938,0.2196,FALSE,FALSE,15608,2.31558384223153,10.2133624817425,10.4725690121321
"4901365571_1",0.967634419920066,1.00981294787044,1.02430738703529,1.0153698140403,0.04365,FALSE,FALSE,19127,0.529882384924574,1.99551410713457,2.06466750195435
"4901374931_1",0.952360101434777,1.00972185717226,1.04209515882395,1.05684620849635,0.03835,FALSE,FALSE,19233,1.02229450118496,3.15262344146952,3.3142300177954
"4901507859_1",0.974269940395586,0.997446638498574,1.02983374552945,1.0168042515461,0.05325,FALSE,FALSE,18935,-0.273302160323008,0.236212373812528,0.361234489465461
"4901569538_1",0.861924329101631,0.896143930011788,1.38138114251091,1.23602197916376,0.11885,FALSE,FALSE,17623,-6.6055987839389,25.6983936171281,26.5337779028021
"4901569538_2",0.872609917926018,0.840080413446313,1.50681760359417,1.26906596132005,0.1533,FALSE,FALSE,16934,-6.24614907968241,28.7402130043027,29.4111241175564
"4901569538_3",0.841647251338507,0.898418637396272,1.43105137249695,1.23892952826616,0.168,FALSE,FALSE,16640,-5.92604219773765,23.5735846307044,24.3070333128161
"4901569538_4",0.882670019913162,0.94638701453182,1.23392257471004,1.28138680644248,0.07875,FALSE,FALSE,18425,-10.8846062445967,27.5735533266559,29.6441477556339
"4901569538_5",0.88710451739825,0.90721027760795,1.29793125299453,1.32073846366899,0.09315,FALSE,FALSE,18137,-8.6443646984623,26.0224826139301,27.4206973367257
"4901574901_1",0.952941241502489,1.00403866008581,1.04751554556941,1.06028277879884,0.0841,FALSE,FALSE,18318,0.866449748430448,2.79932206606444,2.93034796502232
"4901574901_2",0.951279212715395,0.986252480093798,1.06969630149221,1.12456551425566,0.07585,FALSE,FALSE,18483,0.862562239950737,2.74001571158813,2.87257719087558
"4901598964_1",0.941090712536707,1.01238579360119,1.05303345982542,1.05982101017492,0.0191,FALSE,FALSE,19618,0.214783430774634,3.57620178125533,3.58264582430208
"4901749055_1",0.901812061176725,0.967817529712001,1.16567929910005,1.17141475357886,0.11795,FALSE,FALSE,17641,-0.0500672651267409,6.58424690828903,6.58443726375693
"4902062814_1",0.980153532536669,1.00470998163055,1.01580637741722,1.12317243545972,0.07965,FALSE,FALSE,18407,-0.215998409683449,3.39273045738675,3.39959928071905
"4904010060_1",0.703821225362828,1.08513192495249,1.52059405424856,2.03226899825575,0.0671,FALSE,FALSE,18658,2.09813768808836,9.20491551045557,9.4410090198454
"4904216159_1",0.877145443231974,1.03840404069864,1.11492423720839,1.19019981069883,0.20925,FALSE,FALSE,15815,-1.07335273804615,5.74420494623946,5.84362700423915
"4907982596_1",1.03767263270514,1.01119269959614,0.954769020536174,1.08756909810752,0.0149,FALSE,FALSE,19702,0.281450075754947,-0.789911269563726,0.838554684517499
"4908581559_1",1.02015914020959,0.996702290616374,0.983814132844407,1.1441044507249,0.03485,FALSE,FALSE,19303,-7.0574589575281,15.0756193364774,16.6457810064762
"4908736618_1",0.864485159785376,1.02882567550101,1.14776277192401,2.56997380362988,0.04715,FALSE,FALSE,19057,0.74007407696991,5.43166713501004,5.48185347350247
"4908775518_1",0.843319717342931,1.02076852427727,1.19824183541217,1.16250466898231,0.01,FALSE,FALSE,19800,-0.0559588415155465,0.241177116266289,0.247583911743645
"4908775518_2",0.881468281821307,1.01786712073005,1.13239674650727,1.08661308922128,0.1242,FALSE,FALSE,17516,0.219227952233114,1.14971168008713,1.17042635068128
"4908829922_1",0.991142011417434,0.985137663315796,1.02461505702048,0.996634271026775,0.06925,FALSE,FALSE,18615,0.153329870744456,0.213138451641326,0.262560562214841
"4908829922_2",0.965412913744646,0.988879693292507,1.04939675163577,1.01834389259945,0.04635,FALSE,FALSE,19073,-0.0685501499633756,0.234689434240742,0.244495917357
"4909342596_1",0.957216621234797,0.891806136523546,1.19906311534032,1.11288715967281,0.11245,FALSE,FALSE,17751,0.680550468952601,0.370295325250525,0.774769364839626
"4909342596_2",0.983963173200829,0.908049840022241,1.13322066941312,1.1336196662528,0.0526,FALSE,FALSE,18948,0.223438042671248,2.31951141514591,2.33024843394539
"4910725007_1",0.943307013449417,0.984981181267946,1.08148803882229,1.03203220773884,0.25255,FALSE,FALSE,14949,-0.347477737381974,4.62662336781834,4.63965349628814
"4910727666_1",0.909890895633204,0.958272563495961,1.16628589574619,1.08441612402569,0.0851499999999999,FALSE,FALSE,18297,-0.446885576301459,7.88454272352352,7.89719701396477
"4910798320_1",0.931876358179721,1.00816285887709,1.06952668749474,1.374604285604,0.7015,FALSE,FALSE,5970,-1.82796253978272,9.27980762820498,9.45813283176655
"4910852089_1",0.939182213541631,0.97813809069322,1.09541820393693,1.05012013142758,0.1785,FALSE,FALSE,16430,-1.09960908476331,13.0356895501898,13.0819854069718
"4910890311_1",0.815418766376669,1.09377630424287,1.1636396902803,1.61356446155138,0.002,FALSE,FALSE,19960,1.2892149941737,5.4671179637041,5.61706810803095
"4910910936_1",0.972790888511078,0.995284422986147,1.03381406655504,1.06479344997112,0.00455000000000005,FALSE,FALSE,19909,-0.0519927606771886,0.398321090220666,0.401700059842434
"4910939480_1",0.99351678110098,1.0406802798596,0.968462447505499,1.00002059889129,0.0542,FALSE,FALSE,18916,1.8949001594129,3.30982005258191,3.81386357839611
"4910939480_2",0.820197255985675,1.08515360669283,1.16380215979519,1.61153110180267,0.00129999999999997,FALSE,FALSE,19974,0.947408489796908,2.31881467240658,2.50489207981248
"4910939480_3",0.802504711722253,1.06593930351158,1.22584822041687,1.38101035426812,0.11105,FALSE,FALSE,17779,-0.188959807556344,-3.19831006808262,3.20388718597743
"4911004706_1",0.818489090071727,1.1038073508806,1.14641900117784,1.14039584614842,0.04875,FALSE,FALSE,19025,3.71326483016626,10.2813557885914,10.9313591355582
"4911073442_1",0.971372182521107,1.00711734928839,1.02291793650753,0.997626376639962,0.02865,FALSE,FALSE,19427,0.190522021415396,0.857823465132856,0.878726201940485
"4911129716_1",0.985629662009138,1.01613737170775,0.998700453846049,1.08648816131804,0.0735,FALSE,FALSE,18530,0.595437126953369,4.84749724849941,4.88393027656659
"4911143927_1",0.967861122058399,1.07120335786577,0.967806539548742,1.95811844567359,9.9999999999989e-05,FALSE,FALSE,19998,0.773632284695902,1.08508328517576,1.33263372600712
"4919130720_1",1.00125309023704,0.989965783705782,1.00896404048873,1.00922531220475,0.2154,FALSE,FALSE,15692,-2.13119808781828,0.662806768923974,2.23188666881895
"4919212339_1",0.981445392080948,0.980744749031667,1.04008344840113,1.11585955325888,0.00314999999999999,FALSE,FALSE,19937,-0.164624043561878,3.76417866473924,3.76777681077273
"4919212339_2",1.03768808534148,0.984612813899552,0.97972783464656,1.08702794571806,0.00119999999999998,FALSE,FALSE,19976,0.0215270361152986,4.76392399774238,4.76397263526457
"4919383096_1",1.04101176435784,0.955044167586848,1.00773530638682,1.04451568479017,0.0473,FALSE,FALSE,19054,-1.56078635275816,2.8611444644793,3.25917193249707
"4919383096_2",1.03847606080916,0.959550991859738,1.00512977658141,1.04294376338406,0.03485,FALSE,FALSE,19303,-1.4039295897334,3.43221469483481,3.70824972249295
"4919383096_3",1.06184519346622,0.948566610677206,0.995995189488174,1.04494762858233,0.0531,FALSE,FALSE,18938,-0.886620311787711,6.03950400841795,6.10423658166777
"4919383096_4",0.976733576159929,1.01523782576926,1.00888985886103,1.04527000368275,0.02015,FALSE,FALSE,19597,-0.0917467634932168,2.01320440067501,2.01529388117681
"4919726494_1",0.945736157540499,0.996172918637081,1.06521132391649,1.16399793127736,0.04095,FALSE,FALSE,19181,-0.764204792214784,0.555073150494434,0.944518484119744
"4921533795_1",0.778469799120637,1.05801977379386,1.29825157800019,1.33801105665474,0.0379,FALSE,FALSE,19242,-2.88896785417792,-2.87022306898783,4.072384526076
"4921533795_2",0.93355528314658,1.01570085130758,1.05900309605639,1.09473461295027,0.0248,FALSE,FALSE,19504,-1.05501015811188,0.225820501989982,1.07890747186136
"4921533795_3",0.981614229537935,1.00935477089794,1.00955245423883,1.67861169570486,0.0417999999999999,FALSE,FALSE,19164,-0.420724431599961,-0.999904690735964,1.08481262801504
"4921535533_1",0.84597880912573,1.01870421683015,1.19574588961725,1.26499916483778,0.054,FALSE,FALSE,18920,0.148041652890868,7.93889368287322,7.94027387682282
"4921535533_2",0.861422949413305,1.00131720792067,1.18984508532663,1.1192788271138,0.07075,FALSE,FALSE,18585,0.127926926059729,5.65312488634202,5.65457215702396
"4921535533_3",0.837387206061969,1.03001051101633,1.19768305207023,1.21061108846582,0.0178,FALSE,FALSE,19644,-0.163874873120307,4.58735770010129,4.59028383030056
"4921570398_1",0.933995377463469,1.01911082671527,1.05475959378046,1.14673840788022,0.00795000000000001,FALSE,FALSE,19841,-0.680654084917631,2.38063560548458,2.47602824487444
"4921740504_1",0.818873379456603,0.96443005672297,1.34783940908495,1.17844076684916,0.0192,FALSE,FALSE,19616,-0.0352938839779382,0.527405904403544,0.528585514600966
"4921740504_2",0.806630797808078,0.983219076372139,1.34551812239586,1.3324214594003,0.000399999999999956,FALSE,FALSE,19992,-0.0643591492894835,1.05311282940808,1.05507759504273
"4921742071_1",0.98845867317791,0.971336970659977,1.04295398311192,1.03918915207887,0.08835,FALSE,FALSE,18233,-0.982665638930846,2.96066177620147,3.1194791089212
"4921819518_1",0.984719034108087,1.00775750881219,1.0078819434914,1.00331984363752,0.0539500000000001,FALSE,FALSE,18921,0.920249863003098,-3.28659403401059,3.41299870418247
"4923659518_1",0.930409675297574,0.938875158494032,1.16265508818807,1.12194734713617,0.0399,FALSE,FALSE,19202,-4.8110450665669,8.38415739084125,9.6664496991882
"4923659518_2",0.99451446777727,0.809505228734983,1.31724235897799,1.25485857991741,0.02685,FALSE,FALSE,19463,-5.96312189009968,9.92062202490671,11.5748677762318
"4923717476_1",0.962264723487256,0.985532859986865,1.05696466510762,2.62040125091909,0.1263,FALSE,FALSE,17474,-6.46280349971307,14.4846613456302,15.8610606005241
"4923717476_2",1.00349042482223,1.04982278211,0.951532219382378,2.34672288370075,0.1026,FALSE,FALSE,17948,-6.38464823605955,14.361016842854,15.7163143853435
"4923744585_1",0.978365850527288,1.01122824007594,1.011131515308,1.00120522407484,0.0752,FALSE,FALSE,18496,0.154708127225595,1.4414893738216,1.44976764326917
"4923744585_2",0.999905669271593,1.00360585016626,0.996513642116464,0.987462601869518,0.00839999999999996,FALSE,FALSE,19832,0.355532628579625,0.632936857674049,0.725956276773634
"4923822712_1",0.993246072696561,0.81733894855683,1.29917790331043,1.67045142592617,0,FALSE,FALSE,20000,-7.96653271502587,12.2167526013374,14.5847416028485
"4924018948_1",0.949173574057123,1.00466356723099,1.0514209665632,1.01278093649629,0.0438,FALSE,FALSE,19124,1.75509617183212,10.4280944914479,10.5747584981854
"4924018948_2",0.864279823895012,1.0112334683421,1.17085598885026,1.31537700844273,0.016,FALSE,FALSE,19680,0.177449502263449,5.05734819841322,5.06046036698708
"4924034936_1",0.819910224878028,0.868718155559588,1.58923656047159,1.68065349605038,4.99999999999945e-05,FALSE,FALSE,19999,-9.4880444662464,16.5878785988778,19.1097018345284
"4924047070_1",0.999799451279095,0.840527932326888,1.23445976554236,1.45159303650727,0.0306999999999999,FALSE,FALSE,19386,0.034457364277457,7.10822873428258,7.10831225037516
"4924047070_2",1.03706896729619,1.00374611114595,0.962023075829304,1.07067828170661,0.0198,FALSE,FALSE,19604,-1.45551378506417,5.16073957992877,5.36206614938265
"4924075953_1",0.755873261627421,0.931988883508016,1.65548464529451,1.39073810542082,0.00754999999999995,FALSE,FALSE,19849,-12.8105227390688,9.2735521618148,15.8148114925882
"4924075953_2",0.954118221686057,0.992024133330941,1.05946584812781,1.14625853377782,0,FALSE,FALSE,20000,-11.9063720377893,18.5529624193507,22.0448204718498
"4924075953_3",0.957173389952415,0.991666199360743,1.05612973487575,1.11946091905632,0,FALSE,FALSE,20000,-13.7598347231,20.5450174566454,24.727126681054
"4924075953_4",0.955325111252893,0.98963003323402,1.0607183821216,1.11499783314703,0,FALSE,FALSE,20000,-14.892085336095,20.2622881792736,25.1462627027848
"4926051708_1",0.960001911164875,0.988320350372784,1.05650424403748,1.23286574534135,0.00295000000000001,FALSE,FALSE,19941,0.0672840212045389,0.595455283731305,0.5992446365492
"4926103654_1",0.909520496915577,0.971688883595428,1.14760025079042,1.38977226875174,0.0174,FALSE,FALSE,19652,0.457235652591315,4.00270809735884,4.02873882929418
"4926117008_1",0.955557044418182,0.993618577785252,1.0558908401374,1.62547503791038,0.0091,FALSE,FALSE,19818,0.113105517251799,2.64247812643987,2.64489763634549
"4926135872_1",0.929262600636871,0.954928329440385,1.14066847494258,1.07350961655737,0.04645,FALSE,FALSE,19071,-1.3723018662184,12.9892319135327,13.0615220443699
"4926202831_1",1.00382030613958,0.956255643072556,1.04377563254834,1.05530074186635,0.0975,FALSE,FALSE,18050,0.218242293975573,-1.10606974454334,1.1273952184899
"4930654982_1",0.94291153628523,0.905718277585716,1.19709005305041,1.27701853280099,0.1115,FALSE,FALSE,17770,-11.4627817014323,20.4391238643519,23.4340169129624
"4930654982_2",0.838390368806869,0.937413627349269,1.35048766368703,1.24257737937646,0.0601,FALSE,FALSE,18798,-1.68841428335392,11.5158145181891,11.6389315149445
"4930713069_1",0.967093093811004,0.90204024867632,1.16635023527921,1.27716123348408,0.14605,FALSE,FALSE,17079,2.54237715649172,4.05673528332482,4.7875654319104
"4930713069_2",0.948177778127575,0.919987805924772,1.16499262934814,1.16345318706887,0.09435,FALSE,FALSE,18113,2.3454770317255,4.45625123729445,5.03581548472938
"4930713069_3",0.911837413623417,0.974901195197395,1.13951246181977,1.27344979454813,0.1779,FALSE,FALSE,16442,1.30710638713133,6.62147009293436,6.74925131395354
"4930807026_1",0.944196461683373,0.987743756633066,1.07701745405201,1.18088100409194,0.00624999999999998,FALSE,FALSE,19875,-0.191386479468814,2.02711121884043,2.03612589936678
"4930858134_1",0.713644857276484,1.12876963227197,1.40287392197834,1.47815489232786,0.01885,FALSE,FALSE,19623,-1.76783162895394,2.36323654408721,2.95129050275286
"4931005309_1",1.00250756059346,1.01492764216855,0.98308177839843,1.76252329430499,0.00044999999999995,FALSE,FALSE,19991,0.371694898556152,2.4000065632501,2.42861866114387
"4931902769_1",0.88625247234398,0.980283686467876,1.17434227358489,1.09554104552366,0.036,FALSE,FALSE,19280,0.0204034206909287,3.23787528734065,3.23793957262133
"4932137899_1",0.943188050935514,1.01564187481333,1.04693732310431,1.02514940430679,0.0366,FALSE,FALSE,19268,0.114920947119734,2.27447653379796,2.27737794994254
"4932312900_1",0.88404494495678,0.976037922601114,1.18443355299458,1.27193145283321,0.000249999999999972,FALSE,FALSE,19995,0.185250288928906,1.62948991850591,1.63998629996127
"4932482575_1",0.969540076107748,0.926544492508817,1.1244746998749,1.07153724310845,0.07925,FALSE,FALSE,18415,-3.93039072173784,13.4308611261702,13.9941416962954
"4932482575_2",0.930700808035332,0.923989326457138,1.18584959113745,1.0796548523265,0.08465,FALSE,FALSE,18307,-3.30792970252641,13.1535998644044,13.5631702897854
"4933717849_1",0.981124794734221,0.947414072535402,1.08078082963037,1.02646696651917,0.09355,FALSE,FALSE,18129,-2.81920314272555,8.05749823456496,8.53646203997716
"4933886815_1",0.889387310959044,0.980194893359707,1.16900930019284,1.13163620960486,0.00380000000000003,FALSE,FALSE,19924,-0.78679561993078,3.17413450487727,3.27019528508539
"4933886815_2",0.985463618124272,0.997607860101308,1.0174478894601,1.0260411134228,0.01195,FALSE,FALSE,19761,-0.448413506581979,0.584915676394826,0.73702172381658
"4933924436_1",1.02800088220123,1.01665130368369,0.958206144998225,1.09026471770122,0.01225,FALSE,FALSE,19755,-0.930940950505332,-1.9589642351965,2.16891491951777
"4933996725_1",0.920224642629694,1.04841174736609,1.04222567277307,1.97369857154091,0,FALSE,FALSE,20000,-15.2482601793482,22.4874141393281,27.1697116872952
"4934115016_1",0.961473268209159,1.01905742288926,1.02183611503121,1.0491833311591,0.06925,FALSE,FALSE,18615,-1.03817393514771,-2.61393159980632,2.81255107119606
"4934115016_2",0.933356296510254,1.00804891101896,1.0677116778855,1.0979231812197,0.0178,FALSE,FALSE,19644,-1.01534134879416,-4.60898473471054,4.71949767871179
"4934390572_1",0.955294158303129,0.981391014895643,1.07038857136104,1.04012920714053,0.02325,FALSE,FALSE,19535,-0.681018039902781,3.26115458906839,3.33150338803293
"4934402644_1",0.97881143750061,0.9995628250306,1.02258334672953,1.06502253609823,0.1086,FALSE,FALSE,17828,-0.995237322811343,5.61206404391209,5.69962807222433
"4934612244_1",1.02352184027878,0.996467930475804,0.980933892933822,1.13095764077967,0.00549999999999995,FALSE,FALSE,19890,-0.000430053003708242,2.30433469246465,2.30433473259458
"4934612244_2",1.03509844122789,1.01170051265098,0.956504391550124,1.1203431492627,0.00565000000000004,FALSE,FALSE,19887,0.0313573374465248,1.99220987844988,1.99245664505028
"4934612244_3",1.02540450836492,0.997654829350077,0.978067400444856,1.12489069558036,0.00609999999999999,FALSE,FALSE,19878,-0.0167785638165718,2.43586892298244,2.43592670869946
"4934887656_1",0.932400299264461,0.925426605088836,1.18075387757788,2.07368848377863,4.99999999999945e-05,FALSE,FALSE,19999,0.281566508243458,7.48473945922445,7.49003367622843
"4935148541_1",0.93239870006183,1.0074635841606,1.069626566986,1.27783768722837,0.0413,FALSE,FALSE,19174,0.111689643127355,0.780566933918436,0.788517161962087
"4935148541_2",0.977888892727737,0.993398224178123,1.03013846417695,0.983454541728403,0.2546,FALSE,FALSE,14908,-0.952468141160512,2.34276228476658,2.52897818947702
"4935148541_3",0.93610960258666,1.00513120682664,1.06740214109345,1.18078422561858,0.04195,FALSE,FALSE,19161,0.111667631293277,0.859447001136737,0.866671106961333
"4935148541_4",0.954662510072154,1.01052031166504,1.03850766409039,1.11359291884321,0.00455000000000005,FALSE,FALSE,19909,0.775187843951197,1.03750622985557,1.29511982858684
"4935148541_5",0.959486027454486,1.01061381587496,1.03276158886056,1.09692560616631,0.00924999999999998,FALSE,FALSE,19815,0.510471295654791,1.45808600831301,1.5448610783257
"4935394469_1",1.02568684235807,0.976660737827517,0.998854761038039,1.29843216289932,0.00980000000000003,FALSE,FALSE,19804,-0.219804741223462,-0.0641647680986512,0.228978692741195
"4935503566_1",1.0447645570202,0.977251653997828,0.980806912289639,1.03877842072003,0.1088,FALSE,FALSE,17824,-0.426279459102286,0.26871477118624,0.503906544416929
"4935961066_1",0.932377995944279,1.00295208054033,1.07478688743273,1.17361610087997,0.0136500000000001,FALSE,FALSE,19727,-0.869903835431507,-7.56199727153974,7.61186806360127
"4936654252_1",1.00274322280981,0.918170615832273,1.09455473114243,1.15465069169414,0.0621,FALSE,FALSE,18758,-2.08915457074632,2.28357060527719,3.09503821135641
"4936732991_1",0.805274989025531,0.995790622673652,1.32632853507343,1.3286370856158,0.1601,FALSE,FALSE,16798,0.0540870634111457,8.09075956225581,8.09094034736768
"4936768458_1",0.975879923678731,1.02427637882221,1.00101626124025,1.05760372594715,0.01255,FALSE,FALSE,19749,-1.46497020096387,-1.75626343998647,2.28705027499293
"4936857657_1",0.991796573387621,0.990183657073527,1.01852175522217,0.984273446401735,0.207,FALSE,FALSE,15860,-0.336913452227638,0.625877636687489,0.710797784462966
"4937146836_1",0.893038277106045,1.0014913191455,1.13415169626287,1.08253766955061,0.18675,FALSE,FALSE,16265,1.55287613858462,3.44237266260412,3.77642077237557
"4937206229_1",0.964502895386366,0.993691400040432,1.04509826225156,1.07153782505786,0.0225,FALSE,FALSE,19550,-1.59002992587357,3.68252192096665,4.01112987368564
"4937250321_1",0.983336755133131,0.992736880079092,1.02486514760706,1.03508520036097,0.005,FALSE,FALSE,19900,-0.0853627916262423,0.219039543246735,0.235085362581262
"4945736563_1",0.965000690116439,0.998688388475071,1.03904958550032,1.02807327658552,0.11205,FALSE,FALSE,17759,1.01314624621013,3.42471144276112,3.57143021524831
"4945966158_1",0.932972442108666,0.998504554308295,1.07914527584319,1.10025717134546,0.00534999999999997,FALSE,FALSE,19893,0.253667449765127,2.93755187534817,2.94848405039469
"4946202526_1",0.981484651480082,1.00397966102915,1.01512613845569,1.06216323466297,0.02205,FALSE,FALSE,19559,2.14921118787503,1.41401196458391,2.57265204916515
"4946253129_1",0.981518347524923,1.00390845787043,1.01516289358676,1.00313243258274,0.16865,FALSE,FALSE,16627,0.143426941852987,8.2022853157691,8.20353921724829
"4946583884_1",0.576060227541157,1.14371408642439,2,1.82054783055008,0.80315,TRUE,FALSE,3937,-2.84511788512232,9.90246156417206,10.3030791907152
"4946714667_1",0.861942805019643,1.05331487748377,1.12303210883821,1.15830749319925,0.0474,FALSE,FALSE,19052,2.13869067254957,3.80256058355695,4.36273592880333
"4946714667_2",0.851188250118358,1.02188659159864,1.18120990665022,1.08834505124824,0.02895,FALSE,FALSE,19421,3.16359203844002,7.06391885325337,7.73997830429966
"4949956454_1",1.00399572637328,1.01134349812617,0.985031374080175,0.999679065727206,0.01695,FALSE,FALSE,19661,-0.179435258478688,0.44522274713934,0.480021152196041
"4950005241_1",0.824517388211253,1.01194957261737,1.25159928130935,1.63415410666808,0.00609999999999999,FALSE,FALSE,19878,-1.16398221269493,3.89352174866424,4.06378717439676
"4950042938_1",0.960857662225565,1.03599876180771,1.00602507730135,1.33282152622709,0.00680000000000003,FALSE,FALSE,19864,0.172077426825623,6.49948261697901,6.50176014085688
"4950105597_1",0.876815428668653,1.03852275777986,1.11532092459136,1.32588118777935,0.0446,FALSE,FALSE,19108,-0.221735110425558,9.75648455664393,9.75900391245065
"4950228631_1",0.952455440441133,0.969742707808749,1.08828049092363,1.04458064496336,0.1104,FALSE,FALSE,17792,-3.42106263266567,10.9329751958414,11.4557241660885
"4950228631_2",0.97673467865026,0.976215517726768,1.05062262926186,1.02554694798091,0.03245,FALSE,FALSE,19351,-6.23704666548897,15.829277574611,17.0137232739213
"4950356205_1",0.939162320945225,0.981175749219137,1.09166022951654,1.07746349782845,0.01005,FALSE,FALSE,19799,-0.117393313672054,-0.247742876463852,0.274149088879553
"4950356205_2",0.967234727834388,0.994054575410943,1.04151064237345,1.2972356160029,0.000349999999999961,FALSE,FALSE,19993,-0.0512895933734159,-0.368848930879206,0.372397846662872
"4950356205_3",0.943980661238413,0.973115316503406,1.09525567161656,1.15181741879269,0.00444999999999995,FALSE,FALSE,19911,-0.11952207864202,-0.390950175701588,0.408812386265401
"4952195710_1",0.765469478739628,1.00031397517927,1.44107572219695,1.19576412782546,0.17855,FALSE,FALSE,16429,1.20105664872705,11.095533263816,11.1603492544767
"4952195710_2",0.941788212676849,0.974854777207149,1.09601492198546,1.03834871400599,0.04105,FALSE,FALSE,19179,0.0423624122817268,0.873672636400458,0.874699062288999
"4952195710_3",0.754890593586726,0.999408611348816,1.48211167609427,1.2388608553293,0.0879,FALSE,FALSE,18242,0.982262832789349,11.592726944461,11.6342665553748
"4952712408_1",0.755017195299555,0.996329371000458,1.48844364516813,1.28613476221069,0.11765,FALSE,FALSE,17647,1.13217024947948,10.769565441328,10.8289126540411
"4953061212_1",0.837589609434133,0.989317101185418,1.25738772353588,1.13785832405058,0.244,FALSE,FALSE,15120,0.470934877479068,7.67019501626974,7.68463865425274
"4953061212_2",0.821011794527958,0.996402201479968,1.28471969099815,1.1629344014017,0.2471,FALSE,FALSE,15058,0.883268509621005,7.60339419922308,7.65452589053478
"4953061212_4",0.823222058722997,0.992757194276397,1.28540440625192,1.16116069918139,0.3161,FALSE,FALSE,13678,0.847157353361022,9.68136420616882,9.71835832195132
"4954258094_1",0.955030851555175,1.02795170615309,1.02029878239627,1.09617244534488,0.00529999999999997,FALSE,FALSE,19894,1.25093735689596,-0.217867413494588,1.26976788459178
"4954258094_2",0.959970685372114,1.03694378746332,1.00610798697329,1.08248081361338,0.00739999999999996,FALSE,FALSE,19852,1.12086356931052,-0.314243612815557,1.16408083447967
"4954258094_3",0.955697879049698,1.03364379381821,1.01400035287753,1.09746036637499,0.00685000000000002,FALSE,FALSE,19863,1.18668928672994,-0.358076813200792,1.23953639212071
"4954258094_4",0.957788164250997,1.02669093277915,1.01840788243231,1.11163149284651,0.00405,FALSE,FALSE,19919,1.43601382779562,-0.586267762015691,1.55107885112238
"4954258094_5",0.956994635069487,1.03537173413875,1.01089197588908,1.10642337580277,0.00544999999999995,FALSE,FALSE,19891,1.32553292551857,-0.390542179947362,1.38186856500604
"4954258094_6",0.961376526707005,1.03304615852281,1.00825370060106,1.08466591175186,0.00529999999999997,FALSE,FALSE,19894,1.13127807366192,-0.313356041400725,1.17387481812609
"4954265234_1",0.967009946048084,0.991656484025073,1.04441832052377,1.15978251814914,0.00319999999999998,FALSE,FALSE,19936,-0.139044116199527,1.38390578839191,1.39087328588709
"4954265234_2",1.0173090835453,0.990511593478956,0.99261959733418,1.57710204505254,0.000399999999999956,FALSE,FALSE,19992,-0.119497217498543,0.672487055976234,0.683021540982037
"4954332485_1",0.983038269974349,0.913246232344234,1.12644240615409,1.0821202374154,0.02935,FALSE,FALSE,19413,-2.83878848417074,14.3633437898456,14.6411872771015
"4954368218_1",0.928380676307698,1.01319447804845,1.06851499688946,1.07694033427031,0.012,FALSE,FALSE,19760,0.0330497772557947,2.9073646266998,2.90755246906431
"4954368218_2",0.906987025608486,1.01622874826179,1.09478904979455,1.54249668122287,0.0533,FALSE,FALSE,18934,-0.0350906850914989,3.70298536973841,3.70315163133741
"4954368218_3",0.857575080962544,1.03470479448415,1.15278810214955,1.25273667055648,0.037,FALSE,FALSE,19260,-0.813595940768741,1.91435404721096,2.0800696557828
"4954368218_4",0.854972015756935,1.03862393679456,1.15265978355729,1.110092400754,0.0834,FALSE,FALSE,18332,1.29262199874597,3.53611456688745,3.76496717937828
"4956053959_1",0.93252379564941,1.05431943462001,1.02128129967171,1.01495694732491,0.27065,FALSE,FALSE,14587,1.67642713954502,4.55981624745885,4.85822314892933
"4956083618_1",0.982759474639131,0.980881912587806,1.03845792690028,1.10753005443263,0.02125,FALSE,FALSE,19575,-4.49722366385769,5.78390832945408,7.32656920026623
"4956455967_1",0.790519737744259,0.744807178765505,2,1.77203923253829,0.0328000000000001,TRUE,FALSE,19344,0.0916528811801542,5.94486690287692,5.94557337382612
"4956492340_1",0.728708359207356,0.82963146829324,2,1.7070141023122,0.041,TRUE,FALSE,19180,-3.3091494563135,7.74454620424574,8.42190394352233
"4956492340_2",0.945616280803049,0.910288175526071,1.18492484048035,2.10871704172841,0.00455000000000005,FALSE,FALSE,19909,-0.340516022655474,-3.4718475895512,3.48850639196169
"4956580011_1",0.924594709368544,0.974778270183539,1.12035941873925,1.06488633308853,0.0196499999999999,FALSE,FALSE,19607,-0.118078823968137,2.60685097747093,2.60952383154683
"4956676252_1",0.923603122585999,1.04713988622881,1.039175219366,1.06009173712758,0.0468499999999999,FALSE,FALSE,19063,1.49087985712953,2.99913019325242,3.34925434454788
"4956676252_2",0.879240127193131,0.9795180917459,1.1880095346573,1.07482656640773,0.13785,FALSE,FALSE,17243,1.14438390572291,5.67715462816758,5.79134692414487
"4956874845_1",1.0540332740521,0.796586372663957,1.25642867779884,1.39766047003899,0.04995,FALSE,FALSE,19001,1.6814659641155,0.586410924450642,1.78078790449451
"4956889504_1",0.965020777039675,0.998493645845135,1.03923717448071,1.03322626769852,0.00975000000000004,FALSE,FALSE,19805,0.401099509908798,0.622946274309677,0.740906794087748
"4956898469_1",0.951825741612738,0.799420308485858,1.43167796877189,2.67018158612803,0.1034,FALSE,FALSE,17932,-19.3237282866877,36.6939677815711,41.4711194260863
"4957189543_1",0.921486187597921,1.04679110115531,1.04221372183537,1.03746350396413,0.06545,FALSE,FALSE,18691,1.90479120564419,3.54897367357068,4.02783362029729
"4957318822_1",1.19675112999846,0.897716918734599,0.951957119529663,1.17625410848989,0.02515,FALSE,FALSE,19497,-6.07292115115649,4.62831398038621,7.63555247570222
"4957362176_1",0.969915528256911,0.993038414196086,1.03953130661095,1.66474844494497,0,FALSE,FALSE,20000,-0.160694914750514,0.415492632278136,0.44548510985676
"4957466563_1",0.975129853603334,1.00320902406807,1.02281458142333,1.01035764985828,0.1026,FALSE,FALSE,17948,1.07979065848815,1.57004360297237,1.90551430889215
"4957511060_1",0.920740116721812,0.93616295615733,1.18241450769931,1.15826604780061,0.0551,FALSE,FALSE,18898,-3.67570986129076,12.2415772956857,12.7815123389464
"4957696194_1",1.02922173428098,0.99084676365436,0.981205714199975,1.04837630668188,0.0136500000000001,FALSE,FALSE,19727,-0.0775797830823155,1.82195729897254,1.82360824247491
"4957699809_1",0.982197754888872,0.99511417834721,1.02357782794475,1.0303827386857,0.1354,FALSE,FALSE,17292,0.135327115940831,6.39062885189944,6.39206152591153
"4957762936_1",0.937329417320081,1.01688034961038,1.05292047108435,1.01023713287647,0.24015,FALSE,FALSE,15197,1.22248145852299,0.772784792412695,1.44625628842776
"4973813804_1",0.965855750829749,0.98728278890169,1.05067656215407,1.0711124299788,0.04675,FALSE,FALSE,19065,-0.0728150663977245,-0.274487777841315,0.283981643911658
"4973859492_1",0.954132587851839,0.825318563245085,1.35085065096009,1.22137691065461,0.1448,FALSE,FALSE,17104,-2.75129192452206,11.6872091002361,12.0066841303743
"4974031663_1",0.995323238284999,0.995507165824507,1.00929749452139,1.02528823040554,0.06665,FALSE,FALSE,18667,-0.295849098934708,1.03133601343459,1.07293087472942
"4974110145_1",0.988465423237207,1.01279013396194,0.999041483083961,1.77031689201042,0,FALSE,FALSE,20000,0.0769789700851842,2.59039812673052,2.59154166796607
"4974173021_1",0.914256927275537,1.01756265746713,1.0828662352255,1.26194997544833,0.0105,FALSE,FALSE,19790,0.0880205834606351,1.75616238540963,1.75836684086126
"4976411509_1",0.992948153640133,0.851788593427262,1.22115353369364,1.30102253245749,0.0132,FALSE,FALSE,19736,-6.33489978441748,12.3452907380304,13.8757759669545
"4978215162_1",0.91357112661094,0.985253639112548,1.12305617718568,1.31040152952911,0.22605,FALSE,FALSE,15479,-1.94109008473892,12.2692985759874,12.4218967256936
"4978335791_1",0.830865824784401,1.05165896577986,1.18265148643919,1.6126790274916,0.04055,FALSE,FALSE,19189,1.39739663178534,7.52636601069083,7.6549920100159
"4978335791_2",0.885540985927197,1.04172618691439,1.09793390142693,1.55857999307734,0.0491,FALSE,FALSE,19018,1.64446332780355,8.70547953355838,8.85943754115884
"4978601493_1",0.947067592396961,1.03401343815336,1.02353753967165,1.02249269841319,0.02445,FALSE,FALSE,19511,0.970072237429731,2.61312606810344,2.78737654320935
"4982087764_1",0.982325409434147,0.982375903164351,1.03727217716769,1.01119437559618,0.04215,FALSE,FALSE,19157,-0.279084375200966,1.04217893666561,1.0788999140378
"4985439634_1",0.94969152536644,1.00517933890318,1.0502225216416,1.04596520080194,0.0196,FALSE,FALSE,19608,-0.00235551088695329,0.378497966742652,0.378505296211111
"4985973568_1",0.993634547239688,1.00092188072134,1.00551545304444,1.04685008310778,0.002,FALSE,FALSE,19960,-0.350027445200185,0.947541812113339,1.01012608029711
"4985979095_1",0.974551680346055,1.01569737705943,1.01077288836234,1.06074547409545,0.0862000000000001,FALSE,FALSE,18276,-0.277250722413108,5.85333818344151,5.85990066919338
"4986118225_1",0.742015955693896,1.06084265879323,1.40909923455629,1.7828640557986,0.28245,FALSE,FALSE,14351,-2.10513444423804,-9.09800352854655,9.33837562072563
"4986120591_1",0.938794712796027,1.03337849029379,1.03401415360218,1.06163327278964,0.03405,FALSE,FALSE,19319,0.0823890701164842,4.31894720422816,4.31973296764799
"4986191741_1",0.963861558600644,1.15776312799332,0.91010686289024,1.12340623504915,0.05065,FALSE,FALSE,18987,-3.27804304295709,6.50990843646766,7.2886537880923
"4986497087_1",0.984287266342293,0.983249226118135,1.03412585043051,1.68449419021535,0.00139999999999996,FALSE,FALSE,19972,-0.50717800800848,0.325038161007862,0.602394669563753
"4986537048_1",0.958084535623145,0.999965829238217,1.04578816768299,1.04582211590001,0.015,FALSE,FALSE,19700,-0.427176091534198,0.634575844134799,0.764961381468259
"4986544971_1",0.912790855584807,1.08240587924957,1.01979323698283,0.993597759712277,0.1446,FALSE,FALSE,17108,-1.66797913098082,1.86765739276864,2.50405641273333
"4986684575_1",0.953439899113307,1.00341816784476,1.04758912902067,1.05005913985447,0.025,FALSE,FALSE,19500,-0.061070144746822,0.315090031663323,0.320953720391261
"4995576946_1",1.0019041084076,0.951017708555752,1.05219369038035,1.04768855650473,0.16035,FALSE,FALSE,16793,-3.68071701376343,8.68456240743392,9.43235399802308
"4995593871_1",0.978699776373357,1.0004516150426,1.02177649527663,1.12110462140674,0.000349999999999961,FALSE,FALSE,19993,-0.109626892466796,0.396227331390642,0.41111331004101
"4995593871_2",0.982311915862456,1.00243326153585,1.01582578455582,0.998574572957084,0.00819999999999999,FALSE,FALSE,19836,-0.137297779912948,0.147563709217957,0.201558251250566
"4995593871_3",0.971802480977594,1.00217971413701,1.02758101022849,1.49679312630631,0.000800000000000023,FALSE,FALSE,19984,-0.242939418308996,0.532367794191091,0.585179484654239
"4995618738_1",0.955305453574695,1.02628347503883,1.02163335373588,1.27981654352835,0.00155000000000005,FALSE,FALSE,19969,-0.38030154144586,1.11382066022414,1.17695612729117
"4995676696_1",0.640614112697169,1.11043202729208,1.85719139051983,1.44058302304507,0.2841,FALSE,FALSE,14318,0.881684253619619,7.81810002774888,7.86765881104206
"5005183157_1",0.734524081661334,1.16723589782195,1.27901869940406,1.21880114971309,0.07595,FALSE,FALSE,18481,-4.33068246296089,-0.82352200709368,4.40828754633414
"5006824207_1",0.886256930627091,1.00205090066738,1.14455011106278,1.09316806587511,0.0403,FALSE,FALSE,19194,1.50832714301438,6.7584655367629,6.92473156028202
"5006824207_2",0.908397849318468,0.988607103661989,1.12658720525432,1.06148149499036,0.0842000000000001,FALSE,FALSE,18316,-0.242771760405519,4.05352479543828,4.06078827259971
"5007751877_1",0.991607889739785,0.990884288204604,1.01798028678266,1.01384408146115,0.15175,FALSE,FALSE,16965,-0.548643284312644,2.38179993320258,2.44417273841788
"5007751877_2",0.993943938784982,0.986362047692407,1.02032432826862,1.02057419767152,0.13,FALSE,FALSE,17400,-1.28993017047555,3.73871623129836,3.95498658694019
"5007751877_3",0.985635653573459,0.99838379345642,1.01645902374454,1.02355835046992,0.0967,FALSE,FALSE,18066,-0.449042907904401,2.85012546866306,2.88528243336091
"5007751877_4",0.980348109824479,0.994904899892795,1.02581675246574,1.00505173018277,0.1809,FALSE,FALSE,16382,-0.230627577650855,2.76720485499196,2.77679883842243
"5007751877_5",0.989939463554282,0.999501969198028,1.01077594135945,1.01065287768845,0.1118,FALSE,FALSE,17764,-0.244212239010638,2.55369549108686,2.56534603492004
"5007751877_6",0.99177870014931,0.999549643806633,1.00881707028311,1.00948634785191,0.12195,FALSE,FALSE,17561,-0.793290605447805,2.70645674430419,2.82032233857787
"5007751877_7",0.998966206462928,1.00458299494924,0.996485174021231,1.00409533682153,0.1393,FALSE,FALSE,17214,-0.158243848764505,1.95249777913612,1.95889986809007
"5007996731_1",0.861361863574136,1.02622955759476,1.15659498659717,1.22097673780875,0.0707,FALSE,FALSE,18586,-0.993260809018404,14.5044569548629,14.5384262762585
"5007996731_2",0.848564901174983,1.00583160691381,1.2086964943754,1.18003574287446,0.17345,FALSE,FALSE,16531,-1.6305394814829,13.701755969992,13.7984338119181
"5007996731_3",0.89490815247629,1.01195714260604,1.11808954440668,1.08354130659835,0.20775,FALSE,FALSE,15845,-0.793740054205849,15.5585193671064,15.5787531006264
"5008258085_1",0.989607987109469,0.992940839165786,1.01792617644962,1.1647637792332,0.00044999999999995,FALSE,FALSE,19991,-0.027969272352657,0.55408066909568,0.554786146241463
"5016495283_1",1.12034766727201,1.03828068013421,0.873904932263198,1.0964778979133,0.0497,FALSE,FALSE,19006,-0.165120031265842,0.569464905283323,0.592920654956949
"5016495283_2",1.07657057472194,1.0379805902841,0.902758976544941,1.08755126883375,0.03525,FALSE,FALSE,19295,-0.650389570398979,0.0428421117404154,0.651799079335148
"5016556400_1",0.988122258505597,0.987405991188456,1.02540456100973,1.0545856522018,0.00114999999999998,FALSE,FALSE,19977,0.130590050555435,-0.285458192214039,0.313911039637312
"5016929681_1",0.985636262513314,0.98997907253152,1.02532073021384,1.43378654645165,0.0279,FALSE,FALSE,19442,0.150748053605654,3.87562177351579,3.87855244995031
"5018281699_1",1.01405067829104,0.912440298594166,1.08945056229661,1.9278313847746,0.00260000000000005,FALSE,FALSE,19948,-6.46776715781444,8.54575954914886,10.717369932944
"5018281699_2",0.981062947475136,0.895299553932716,1.15773862815174,2.04049266022951,0.000299999999999967,FALSE,FALSE,19994,-5.692838690319,8.13919741862976,9.93251966891696
"5020081131_1",0.904902458095003,1.04983242524105,1.06114808040916,1.15127688194821,0.12775,FALSE,FALSE,17445,2.47798176732095,7.36604060756985,7.77167600145187
"5021171679_1",0.825641431792713,0.958388800255159,1.34155689428011,1.29897826491488,0.04745,FALSE,FALSE,19051,0.17625417339262,8.73823814429391,8.74001552630379
"5026258552_1",0.999178323697481,1.01540441699172,0.985854594622671,1.23460557317359,0.00644999999999996,FALSE,FALSE,19871,-0.183767224830433,2.1373654604582,2.14525091876954
"5028539267_1",0.85587842391555,0.860168071894932,1.49466495429952,1.55508424753991,0.01615,FALSE,FALSE,19677,-5.33487229001639,12.9278743573678,13.9853779981334
"5061605535_1",1.01363087268165,0.991192770516218,0.995458633536395,1.11155140326205,0.00285000000000002,FALSE,FALSE,19943,-0.082283003503214,4.32264029032534,4.32342336259236
"5061605535_2",1.02492122350742,1.00187609603734,0.974480461178907,1.00800170017333,0.0289,FALSE,FALSE,19422,0.115357171926678,0.520682051998533,0.533307675163526
"5062523032_1",1.03880102207669,0.984845247410422,0.9785082566833,1.12982706679638,0.00760000000000005,FALSE,FALSE,19848,0.663361211380997,6.30198751953485,6.33680477789381
"5062560123_1",0.982502400657027,0.996455867901678,1.02183242619646,1.03491293773278,0.04425,FALSE,FALSE,19115,1.61713721493839,3.6810359401185,4.02059179280648
"5063948675_1",0.951646032850266,0.974278967953475,1.08367128222643,1.27302830966479,0.00929999999999997,FALSE,FALSE,19814,-3.66087551311062,8.2786620921134,9.05197522963294
"5063954572_1",0.941750871831533,0.903209794349901,1.20339033796044,1.19709120000866,0.0204,FALSE,FALSE,19592,-2.5019663308587,10.9162418672486,11.199293371683
"5064005850_1",1.02943035761714,0.998195616651443,0.973917203102805,1.04067276516536,0.01175,FALSE,FALSE,19765,-1.06083445744865,3.77345557924799,3.91973682211805
"5069833284_1",0.990934288737384,0.97265728181871,1.0387020481148,2.02049326954144,0.000149999999999983,FALSE,FALSE,19997,0.41363043607856,1.37832749527302,1.43905414139849
"5069911288_1",0.948664037465171,1.03190713770836,1.02374410976609,1.31297255627499,0.0145,FALSE,FALSE,19710,-1.26947578559616,4.42992548562418,4.60823269577368
"5087176113_1",0.98718257935743,0.973501502413998,1.04188765631879,1.07544196778805,0.014,FALSE,FALSE,19720,-3.67106451109764,10.7043295118319,11.3163326631253
"5087382775_1",1.05065939498078,0.998570794919067,0.955305540857826,1.33544122380769,0,FALSE,FALSE,20000,0.198455415860582,1.37005716892677,1.38435587845469
"5087402357_1",1.00396334799537,0.95994228658246,1.03926508918292,1.05677035229474,0.0251,FALSE,FALSE,19498,-0.0898569031258512,-0.21550341186457,0.233486581123283
"5087482017_1",0.90874257250353,0.986201230094312,1.12919515766146,1.18378706253438,0.00105,FALSE,FALSE,19979,-0.0620071911018316,6.73783191868107,6.73811723377872
"5087526257_1",1.0114989909141,0.995530616214945,0.993168176417545,1.00017762695544,0.04975,FALSE,FALSE,19005,-0.324899106795951,-0.638946534718343,0.716806880425534
"5087733816_1",0.956981141030982,1.02150828739281,1.02448231016294,1.04634261989254,0.02835,FALSE,FALSE,19433,-0.757033430805742,10.3281291933138,10.3558366271943
"5087919917_1",0.8657868736598,0.979248773092447,1.21390105828897,1.12641193386166,0.083,FALSE,FALSE,18340,0.724451868782894,4.20453691845255,4.26649284645052
"5087977940_1",0.963782117794005,0.93195468033786,1.12434396596113,1.11729676540815,0.0196499999999999,FALSE,FALSE,19607,-6.05659776912679,14.4275837014605,15.6472856431919
"5087977940_2",0.92850197931905,0.861011101317946,1.31307493075874,1.16022083702562,0.02285,FALSE,FALSE,19543,-7.03163207404306,13.2662397656408,15.014558506469
"5104567049_1",0.977667495736847,0.992966906603001,1.03084871020292,1.02118934925723,0.0424,FALSE,FALSE,19152,0.0641539263201429,0.149539871485316,0.162720310429077
"5104567049_2",0.983294879983875,0.982769272399066,1.03575611686964,1.02669870298436,0.0197000000000001,FALSE,FALSE,19606,-0.035268794788379,-0.376539376311258,0.378187506137757
"5104567049_3",0.973481933703946,0.987752532597677,1.04127592525613,1.00788868856883,0.0522,FALSE,FALSE,18956,0.0573419824904664,0.243461987208282,0.25012365376218
"5108046115_1",0.912619298727568,0.904210938163569,1.25263646668541,1.17306038415509,0.17305,FALSE,FALSE,16539,-9.4450936762801,15.4301178301029,18.0913883050629
"5108069107_1",0.899322656866145,0.995835466012938,1.13138799366613,1.41821015562207,0,FALSE,FALSE,20000,1.28802565003572,2.78222252234135,3.06590479939828
"5108079157_1",0.947916174890385,0.997667637871766,1.06076419789346,1.06547121298686,0.04965,FALSE,FALSE,19007,-0.00312188208428932,0.585206501456725,0.585214828498876
"5133353011_1",0.821170084363916,0.956889668086756,1.35653381715631,1.16494212310384,0.128,FALSE,FALSE,17440,0.860072194810352,3.53730393344445,3.64036307225632
"5133420425_1",0.932493730220299,0.997249978360968,1.08125744230973,1.22147673244705,0.0159,FALSE,FALSE,19682,-0.322374690851834,-0.819594098952769,0.880715577436903
"5133463005_1",0.886834139483749,0.961723901976912,1.20106563419731,1.09772917526428,0.15875,FALSE,FALSE,16825,0.0100600515413607,9.02893871334081,9.02894431779825
"5133668516_1",0.958186442428905,1.00328044048921,1.04206668209688,1.03192151879591,0.0730499999999999,FALSE,FALSE,18539,2.77998743159857,1.65306682119141,3.23434074197044
"5133865056_1",1.02866972630675,0.904365037956078,1.08445461925304,1.12317943940373,0.05925,FALSE,FALSE,18815,-5.69213381094652,8.24535650662239,10.0192959454755
"5133865056_2",0.999695114236007,0.920596908725119,1.09475873075987,1.14756435922186,0.03255,FALSE,FALSE,19349,-3.08605319363986,4.43831730063493,5.40577328188023
"5134013769_1",0.926598626130502,0.951733491087139,1.14933313436655,1.12164553284386,0.0428500000000001,FALSE,FALSE,19143,-1.09797445280985,7.48024312355032,7.56039582868814
"5134013769_2",0.92806727827638,0.934692071522311,1.1728542679104,1.10596251215733,0.07155,FALSE,FALSE,18569,-1.184846479443,8.06973933410531,8.15625858468543
"5134027681_1",0.970519224694435,0.960499955710084,1.07700679849834,1.0842413243195,0.03295,FALSE,FALSE,19341,-3.11429599018703,7.18932737896765,7.83487509003614
"5134146908_1",1.02507111877092,0.996149173185776,0.979823265643321,1.05768176570644,0.09365,FALSE,FALSE,18127,-1.37053904741308,7.90870367603296,8.02657904189457
"5134146908_2",1.07572091855006,0.956982482483677,0.975191469102724,1.10850705865057,0.02415,FALSE,FALSE,19517,0.318823178855732,5.43303159056678,5.44237820106912
"5134317478_1",0.910628599821756,1.01741693030263,1.08816741815387,1.36152293430141,0.00460000000000005,FALSE,FALSE,19908,-4.96657627216712,9.52028964214421,10.7379138913279
"5134327075_1",0.798431845446224,0.95933710839298,1.41812089252578,1.1986229159885,0.0579,FALSE,FALSE,18842,0.197641852510533,5.13539145236857,5.13919328989715
"5134327075_2",0.803010120311974,0.952820512494151,1.41809761512243,1.19485505990048,0.05775,FALSE,FALSE,18845,0.616038646434114,4.62675494742426,4.66758663094915
"5134435921_1",1.00694252855345,0.991267358999324,1.00191858357856,1.04031939910288,0.023,FALSE,FALSE,19540,-0.247763660747802,1.52254310178308,1.54257068829094
"5134513450_1",0.872511322892803,1.00945176128355,1.15841789832587,1.19983965201298,0.0152,FALSE,FALSE,19696,-1.11934341403658,6.34386859131841,6.44186295899434
"5134519241_1",0.983074068345076,1.01599402863487,1.0014772838252,0.998279847838207,0.03305,FALSE,FALSE,19339,1.84918923712413,3.32882625875812,3.80796337898532
"5134519241_2",1.0157934397448,1.04117885354459,0.947779163244251,1.10265909840208,0,FALSE,FALSE,20000,0.593371402429571,0.0864266362480492,0.599632541373789
"5134519241_3",1.19834069889533,1.07558637170649,0.80920070884381,1.14013302386156,0.02215,FALSE,FALSE,19557,-0.515781383179703,-4.40854834102018,4.43861790542355
"5134519241_4",0.990523922045513,1.02086190087525,0.989248018741261,1.06170246597377,0.0368000000000001,FALSE,FALSE,19264,1.51147585540348,3.32933305180731,3.65636675284692
"5134519241_5",0.849286072997936,1.05329344940076,1.14529510363307,1.33766298544296,0.000149999999999983,FALSE,FALSE,19997,0.959913675772195,2.1447581447352,2.34977057695905
"5134629967_1",0.962459550994722,1.0288669396873,1.01106886207202,1.07064035278966,0.0175999999999999,FALSE,FALSE,19648,-1.48206305445997,9.97537129240338,10.0848670451673
"5134629968_1",0.901229791351225,1.0069070094863,1.1144983092328,1.07760239232809,0.04645,FALSE,FALSE,19071,0.835224525378708,4.89794399989265,4.96864724385607
"5134664123_1",0.935081245107259,0.984842697516381,1.09267689071076,1.04604624980117,0.0642,FALSE,FALSE,18716,1.25365114324644,2.39279227456491,2.70131376522251
"5134664123_2",0.962131264023913,0.983065921354746,1.05997890783985,1.01900164107887,0.06665,FALSE,FALSE,18667,0.932784286341082,2.55243927193352,2.71754167617598
"5134664123_3",0.962643884774935,0.988424443121633,1.05320459630239,1.02592500318027,0.07115,FALSE,FALSE,18577,0.482778951926555,3.36429482471012,3.39875788840491
"5134697908_1",0.955130429018757,0.988828464589598,1.06188132157652,1.12699561293083,0.00370000000000004,FALSE,FALSE,19926,0.594758233992909,1.73681837138401,1.83583098679572
"5134785590_1",1.01446829103754,0.992003175513193,0.993837555334774,1.25553034124531,0.00114999999999998,FALSE,FALSE,19977,0.34938052579836,-0.482668382930296,0.595848571104844
"5134856882_1",1.06581757290106,1.02478965346362,0.920858540622929,1.17118578641909,0.00365000000000004,FALSE,FALSE,19927,-2.20166587878834,8.15468323994681,8.44666747218631
"5138886098_1",0.990033470375472,0.974815211496503,1.03723928652703,1.91789022622178,0.000950000000000006,FALSE,FALSE,19981,-4.95302942716075,8.69314589447012,10.0051629696304
"5138886098_2",0.964912765155607,0.989195485109699,1.04963255063496,1.65164934801626,0.00970000000000004,FALSE,FALSE,19806,-0.851786068111093,3.74040583927177,3.83616675188742
"5138886098_3",0.958530778068254,0.979381405512726,1.06873686873999,1.18372308998472,0.0237000000000001,FALSE,FALSE,19526,-1.59570290720051,4.14687996260197,4.44329620802821
"5140039734_1",0.976953834269736,0.988363427518073,1.03665981272419,1.29248202817768,0.000750000000000028,FALSE,FALSE,19985,-5.32419644437515,13.9053728028423,14.889810628894
"5140072876_1",0.96189790673316,1.02169380792782,1.01872227140459,1.45805382463574,0.01605,FALSE,FALSE,19679,-0.430948505174888,1.20723858063401,1.28185085118499
"5140096129_1",0.931356517134247,1.03297943551154,1.04359751269937,1.06257087612058,0.083,FALSE,FALSE,18340,-12.2343896620855,26.3515814327452,29.0531604891851
"5140117341_1",0.969003250853048,0.830379414313714,1.3093410668263,1.27730899288867,0.09595,FALSE,FALSE,18081,-4.77461933144135,9.56648175516106,10.6917988632411
"5140118216_1",1.00480353821941,1.0056299231648,0.989727637511777,1.10304206617553,0.00105,FALSE,FALSE,19979,-0.153618166194913,0.839052399787388,0.852999103501324
"5140123397_1",0.985367316153409,1.03865381988113,0.978123938036816,1.5634976549029,0.00329999999999997,FALSE,FALSE,19934,-1.19352437411963,-2.52928315744199,2.79674341371127
"5140141631_1",0.913237890872964,0.960199970859158,1.15801679699923,1.29266207392183,0.00055000000000005,FALSE,FALSE,19989,2.44685201310962,5.67885344657362,6.18356379782077
"5140150255_1",0.985144686074515,0.961753142770087,1.05802995359524,1.10579229023697,0.0384,FALSE,FALSE,19232,-0.27806019095164,5.47823615041043,5.48528839619721
"5140150255_2",0.926265628712226,0.986023365303565,1.10348318061381,1.54184981722182,0.02035,FALSE,FALSE,19593,-3.44102016185133,8.31480422107354,8.99869929428968
"5140187662_1",0.925449954682934,1.01653836434231,1.06870280097223,1.05444917520171,0.05235,FALSE,FALSE,18953,1.37719161139777,1.51629142260172,2.04836432617831
"5140206286_1",1.11493048949407,0.90893894926387,0.997109184650121,1.11810347952514,0.0114,FALSE,FALSE,19772,-1.08509518239064,2.26845101198253,2.51461757502248
"5140206286_2",1.06666891632616,0.949394105827483,0.990885224392764,1.08116180902008,0.00860000000000005,FALSE,FALSE,19828,0.250591155967206,0.539015882717064,0.594419085553481
"5140206286_3",0.98867984671757,0.98752797400115,1.02467342743547,1.0724197752893,0.0091,FALSE,FALSE,19818,-1.32241402757124,-0.479192282534679,1.40655753666816
"5140251383_1",0.965591688801423,1.00742933799844,1.02908172804215,1.05255120597106,0.00670000000000004,FALSE,FALSE,19866,-0.268745523435088,0.456051606841645,0.52934603471571
"5140251383_2",0.996246785708741,0.980896477602588,1.02379601758259,1.03589595631992,0.01395,FALSE,FALSE,19721,-0.377239158942833,0.579044747403423,0.691087695256825
"5140251383_3",0.978155170264214,0.985359537922312,1.03862724662837,1.03491838993272,0.0202,FALSE,FALSE,19596,-0.678025316720732,0.803753545308239,1.05154081790001
"5140251383_4",0.995380084843464,0.97988356258912,1.02582070098953,1.02293400357377,0.0186500000000001,FALSE,FALSE,19627,-0.358498081622582,0.412614649562926,0.546600149616708
"5140331255_1",0.997493759499235,0.986950652692224,1.01598595149528,1.04523131106862,0.0311,FALSE,FALSE,19378,-0.707528255281892,0.879408470559873,1.1286963675474
"5140743561_1",1.06794734203367,0.950788569370427,0.9882734426026,1.07568113328661,0.00870000000000004,FALSE,FALSE,19826,0.221729591190545,0.632887180143671,0.6706043501199
"5140841355_1",0.946221799244928,1.01314240413808,1.04587494604168,1.09041460531861,0.00055000000000005,FALSE,FALSE,19989,-0.339344077352532,-1.14579480757275,1.19498959991078
"5140880337_1",0.911257009313364,0.987347870958696,1.123847431293,1.03743762345254,0.33835,FALSE,FALSE,13233,1.79094481648978,5.54292533106056,5.82507549834544
"5140880337_2",0.910307044813509,0.9857342080167,1.12739913720175,1.03324184503109,0.33945,FALSE,FALSE,13211,1.83267226140504,5.3513334064295,5.65645267323009
"5140980228_1",0.980818091218208,1.00453109077654,1.01527625027483,1.27808195474629,0.024,FALSE,FALSE,19520,0.548452975126068,7.35200818863279,7.3724368475863
"5141002117_1",1.01168500714994,1.00279217824232,0.985868124161347,1.2045166293479,0.00044999999999995,FALSE,FALSE,19991,-0.0116606448265499,0.559836428891858,0.559957853549853
"5141446988_1",0.941404811561101,0.862570589459663,1.28463322079109,1.26927670960725,0.0397,FALSE,FALSE,19206,-7.17434913777451,7.50473665047919,10.3823098462592
"5141446988_2",0.862534270413144,0.901712003618536,1.36682185898554,1.28784538555566,0.0278,FALSE,FALSE,19444,-3.67016136421655,1.30098486747836,3.89392425000739
"5141446988_3",1.05845266839598,1.00927129011046,0.939486929408328,1.25760189670691,0.000700000000000034,FALSE,FALSE,19986,1.38398467567252,1.00226800360259,1.70878750391671
"5141495216_1",1.03773350974017,1.00828580137245,0.957323316227885,1.67266006991458,0.01035,FALSE,FALSE,19793,0.348183837689364,3.06559597470173,3.0853056031673
"5153318845_1",0.930894978948654,1.01856704361978,1.05932926307904,1.09733480503184,0.0293,FALSE,FALSE,19414,-0.365068115338124,4.91054092942715,4.92409249998574
"5153318845_2",0.943493315209159,1.00179534372261,1.06168247345996,1.09599613526482,0.038,FALSE,FALSE,19240,-0.392769378040725,6.45668062272169,6.46861596078761
"5153318845_3",0.825526073550195,1.05811289632065,1.18543458634205,1.17924473119143,0.03,FALSE,FALSE,19400,-0.440538751314057,2.01685774663842,2.06441022124595
"5153396830_1",0.926327334571355,0.979399335415333,1.11181028952216,1.06749718331483,0.0236499999999999,FALSE,FALSE,19527,0.0558446049221395,0.725537101653417,0.727683108072842
"5153396830_2",0.931030929631192,0.976504386161758,1.10881846077859,1.06176541208421,0.03925,FALSE,FALSE,19215,0.127401698833268,0.68058869544112,0.692410402310543
"5153462498_1",0.99602894594344,0.997211395629914,1.00682961588304,1.06452364087492,0.0446,FALSE,FALSE,19108,-0.441422469357022,4.38271627989344,4.40488998574269
"5153462498_2",0.932551229239529,0.994394637861656,1.08455647761709,1.0631298573087,0.0184,FALSE,FALSE,19632,0.0758223826575755,1.01755937443243,1.02038037721587
"5153462498_3",0.918427961719977,0.990267642042034,1.1094408252725,1.06396765751733,0.0272,FALSE,FALSE,19456,0.157296032037069,1.34360336428511,1.3527793767695
"5153975027_1",0.939692916818327,0.994289641612835,1.07517701221028,1.38636440416583,0.000399999999999956,FALSE,FALSE,19992,0.687590265552818,3.38628012990072,3.45538326259815
"5154000080_1",0.990132761210691,0.948958694567292,1.06809331751545,1.12117751215747,0.0419,FALSE,FALSE,19162,-5.83411023067676,4.5787975671184,7.41634878793713
"5154000080_2",0.89932458480467,0.982982961597747,1.14844477209108,1.12230512044114,0.07865,FALSE,FALSE,18427,-0.468581294094106,7.2475138625657,7.26264591022149
"5154000080_3",1.03797558111375,0.87979575955103,1.11116202565508,1.13519423886502,0.0939,FALSE,FALSE,18122,-5.16004956029553,9.35944509961448,10.6876248080387
"5154004963_1",0.984220168576847,0.997585060894241,1.01880054993221,1.04762009399072,0.05815,FALSE,FALSE,18837,0.489122195872771,6.76248062134206,6.78014636099563
"5154004963_2",0.938697166636136,0.999066840829045,1.07093937206911,1.07096116776931,0.0334,FALSE,FALSE,19332,-0.179956373161289,4.345938834476,4.34966305008193
"5154004963_3",0.933177146502886,0.996429020936664,1.08130514410488,1.06576379345947,0.0541,FALSE,FALSE,18918,0.376436230200061,2.99459578895156,3.01816304639323
"5154311011_1",0.946641747285178,0.991170641634191,1.06983205216456,1.14592977397234,0.0447,FALSE,FALSE,19106,-4.96953298328764,3.28829113552128,5.95895264823707
"5154564024_1",0.862264295896778,0.924695668461758,1.31782534815005,1.14298984931494,0.2012,FALSE,FALSE,15976,-3.03637940555954,18.0544361124413,18.307983592759
"5154564024_2",0.842476281938124,0.899016724585655,1.42715119910996,1.17676287712571,0.2463,FALSE,FALSE,15074,-4.58524336036867,17.0713189501483,17.6763793626268
"5154564024_3",0.855086289210561,0.918432955285338,1.34822441907288,1.16972049441962,0.22475,FALSE,FALSE,15505,-3.87618120875777,17.9707761586843,18.3840576725777
"5154564024_4",0.838945275886534,0.923583763898208,1.37876204612607,1.17270069003905,0.23395,FALSE,FALSE,15321,-4.12357687193232,16.7967156280025,17.2954775044437
"5154576531_1",0.960429745916966,0.991889689665829,1.05194194402932,1.02078083681602,0.3376,FALSE,FALSE,13248,-0.00597667815865899,14.7254638248864,14.7254650377745
"5154636063_1",0.965439688974238,0.989875123895171,1.04824651105206,1.04764599836308,0.02515,FALSE,FALSE,19497,-0.898842889454632,0.659502588857541,1.11483729962401
"5154657403_1",0.982137529040101,0.99580977679773,1.02290823122774,1.04754718364068,0.0135999999999999,FALSE,FALSE,19728,0.512454859260353,2.47127365134525,2.52384695308825
"5154835930_1",0.803930829496357,1.03241706667606,1.26982339248559,1.17113769091206,0.0645,FALSE,FALSE,18710,0.723159963452347,6.99236736136151,7.02966298260266
"5154835930_2",0.799212627807841,1.02887491409208,1.28727784223495,1.17887679223972,0.06285,FALSE,FALSE,18743,0.871113606796314,6.76687941086356,6.82271909704004
"5154936450_1",0.762997350982016,1.05633948909203,1.34641310329457,1.34365012585983,0.00954999999999995,FALSE,FALSE,19809,1.92779865491388,7.66107102098854,7.89989979952393
"5154936450_2",0.891899438482344,1.02394548121067,1.10842273065607,1.17041968690114,0.03335,FALSE,FALSE,19333,-1.57717230573867,4.92821145231996,5.17443142777704
"5154936450_3",0.770987316130493,1.03726098020826,1.35339191047449,1.2643242076501,0.0515,FALSE,FALSE,18970,1.97821711560986,6.37841193962518,6.67813460691269
"5157849436_1",0.965388950175835,0.835299114603785,1.30382832293543,1.24013056220575,0.06055,FALSE,FALSE,18789,-0.309667943903691,1.4565993071237,1.48915270439091
"5157895428_1",1.17214130781793,1.03284558399477,0.848419935449312,1.52387420477413,0.00055000000000005,FALSE,FALSE,19989,1.2391041058889,4.0678177018199,4.25235462308473
"5157895428_2",0.983102892178957,1.02735984480799,0.990644657496895,1.38730853525618,0.00244999999999995,FALSE,FALSE,19951,0.475685765283562,2.44186747590833,2.4877688231008
"5157895428_3",0.96745398437312,1.02027994181916,1.01395614510421,1.27214093530712,0.00149999999999995,FALSE,FALSE,19970,0.389094332686579,1.11764744282791,1.18343998841875
"5157895428_4",0.973034367989821,1.01546887737619,1.01263740323866,1.22372740584516,0.00044999999999995,FALSE,FALSE,19991,0.0734551125032845,0.805999376588917,0.80933963736777
"5157945567_1",1.00127356946287,1.00143648604737,0.997300929634828,1.16406860411258,0.01645,FALSE,FALSE,19671,-0.213684294498195,2.10156824709431,2.11240386169649
"5158011451_1",1.00612815084154,1.00611353316254,0.987979051087221,1.01467272196144,0.0278,FALSE,FALSE,19444,-0.141763810525553,-1.15400364489657,1.16267854130422
"5158011451_2",0.995949151927181,0.997088535255698,1.00703645606917,1.02831660792781,0.01085,FALSE,FALSE,19783,-0.322266669156246,-1.31429464602713,1.35322807487305
"5158015184_1",0.839151295778014,0.968360451209075,1.28924716038567,1.23449156021745,0.03875,FALSE,FALSE,19225,1.12269588957115,7.96099036978766,8.03976453189468
"5158047905_1",0.923663255536464,0.841406726129135,1.37198961264069,1.50453659916136,0.1366,FALSE,FALSE,17268,-9.29799178591936,22.3329607785843,24.1911923722004
"5158059433_1",1.05361824468288,1.01776814204843,0.936024960343047,1.13836834133267,0.00119999999999998,FALSE,FALSE,19976,0.0390489265056915,0.86931577579854,0.870192356156652
"5158191376_1",0.999351477857271,0.998148743584509,1.00250991682914,1.00809474879922,0.01995,FALSE,FALSE,19601,-0.148335088458018,0.524709497210174,0.545273651417709
"5158214444_1",1.06615456569414,0.989494470098901,0.951083287784226,1.10890962802167,0.00495000000000001,FALSE,FALSE,19901,-0.210475536699117,1.31403184860861,1.33078159391635
"5158299080_1",0.906874456776252,1.06227593319229,1.04609454056326,1.15475918283585,0.04295,FALSE,FALSE,19141,-2.43489556434479,10.1799653638125,10.4671109298453
"5158378575_1",0.872392513206375,1.04119120807232,1.11945904393645,1.17265783262348,0.01515,FALSE,FALSE,19697,0.643406054665119,0.686457550956976,0.940848192029715
"5158390450_1",0.910403676718023,1.00318743278501,1.10526125350897,1.12154796573627,0.05535,FALSE,FALSE,18893,-7.78884909129557,3.11830764375134,8.38987560861625
"5158418397_1",0.884729765577221,0.947360592873553,1.22827928387797,1.12422072705954,0.0634,FALSE,FALSE,18732,-0.178732637987289,4.58332967977691,4.58681330657853
"5158456417_1",0.921821109630717,0.98817677135408,1.10714245771926,1.04518072218465,0.05635,FALSE,FALSE,18873,-0.239189192819012,4.58259840551616,4.58883641201129
"5158478448_1",1.05114790584734,1.01841507968145,0.93743450426001,1.02302645217582,0.0579499999999999,FALSE,FALSE,18841,0.0428851614165948,1.42910445680131,1.42974776989478
"5158478448_2",1.07008976209721,1.02874180941185,0.914546801261194,1.05529530885926,0.0427,FALSE,FALSE,19146,-0.154380644197094,1.88331862277716,1.88963552522755
"5158478448_3",1.01794197248578,1.00517794785717,0.97773023175483,1.00099692010136,0.1221,FALSE,FALSE,17558,0.0753579381465308,0.940391355369152,0.943405914808004
"5158503080_1",0.993837846271206,0.997377261756601,1.00890865983046,0.983901365909347,0.0473,FALSE,FALSE,19054,0.0307126729500729,0.256845375569736,0.25867511521462
"5158617463_1",0.991583651425368,1.00171737654901,1.0068195436795,1.14006272049033,0.00139999999999996,FALSE,FALSE,19972,-0.034872786859319,0.362696017581809,0.3643686490809
"5158625119_1",0.850867466370956,0.961035329685475,1.27521033303401,1.17299258156897,0.2417,FALSE,FALSE,15166,-4.75695430619519,19.685068349408,20.2516796881665
"5158675445_1",0.975666785196945,0.995538287530539,1.03031367873693,1.03658237478497,0.00949999999999995,FALSE,FALSE,19810,-0.403081485230022,-0.745893941777354,0.847839876459818
"5158700406_1",0.989452753481787,1.0417262991131,0.971444130348756,1.05653182091773,0.02395,FALSE,FALSE,19521,0.702016754088985,-1.15914023145027,1.35515076622058
"5167055118_1",0.980317567558355,1.00631436862156,1.01399604655032,1.01909313697468,0.0416,FALSE,FALSE,19168,-1.25401060480942,-4.21691009998377,4.39941739191903
"5167635963_1",0.980036505204997,1.00531285413562,1.01531643152638,1.02375288824365,0.00739999999999996,FALSE,FALSE,19852,0.729376630545508,0.881814633779632,1.14437201885306
"5167635963_2",0.97539961244025,1.00505875163288,1.02060347373026,1.00215975531167,0.01805,FALSE,FALSE,19639,0.911967064389674,1.08379098075253,1.41643454366661
"5167635963_3",0.967323823515252,1.01049114737453,1.02395832191358,1.03319074741432,0.00519999999999998,FALSE,FALSE,19896,1.97900592173578,1.71886259267211,2.62125028388225
"5167664357_1",0.989816853097692,0.997890023725559,1.01255809778864,1.05369268348402,0.000499999999999945,FALSE,FALSE,19990,-0.00503280923391802,-0.138506140066164,0.1385975468932
"5167904511_1",1.0118807413803,0.983598951985039,1.00495773899995,1.09973269477059,0.0206499999999999,FALSE,FALSE,19587,-0.384741951335976,3.58458231078194,3.60517082977889
"5168163164_1",0.969369939429395,0.978634871517978,1.05644531202652,1.17148398611381,0.00670000000000004,FALSE,FALSE,19866,1.15744906600185,-0.309772804172503,1.19818509863604
"5168163164_2",0.966410174412053,0.99017539494549,1.04676901515649,1.16783764860525,0.00739999999999996,FALSE,FALSE,19852,1.04504502332883,-0.0327092130546713,1.04555678631197
"5168544492_1",0.904628193555314,1.03463582877033,1.0775283557161,1.73251281585726,0.0167,FALSE,FALSE,19666,-0.278548854440563,-1.18650159870264,1.21875982376926
"5171629757_1",0.933268801953785,1.00816426265935,1.0676967904184,1.26518589848246,0.00234999999999996,FALSE,FALSE,19953,0.523204487919149,1.59726921553194,1.68077716639201
"5171629757_2",0.931277509509013,1.0062735938738,1.0724542610622,1.71523320921253,4.99999999999945e-05,FALSE,FALSE,19999,-0.135339515266508,1.02780952025538,1.03668181922911
"5171629757_3",0.916347268415314,1.0017587509136,1.09833825555256,1.83026285947653,0,FALSE,FALSE,20000,0.129889235975178,0.979089516117893,0.987667704338956
"5171629757_4",0.906234340578307,0.999391573224636,1.11616627811138,1.5130084186513,0.00155000000000005,FALSE,FALSE,19969,0.345560078583329,1.54245156835826,1.58068611958269
"5176372116_1",0.914802589381278,0.992574970584161,1.11186791046747,1.21438342791925,0.01705,FALSE,FALSE,19659,0.298878912759148,0.551655450762367,0.627417198399854
"5176412920_1",1.01707106509095,1.01955819301456,0.965281206468771,0.973170283269685,0.689,FALSE,FALSE,6220,0.293066049287471,-0.790156235008044,0.842754166389614
"5176819847_1",0.93283868179944,1.02033217046562,1.0549298838669,1.12146724163844,0.003,FALSE,FALSE,19940,0.239216700797296,0.720688558309512,0.759352769151852
"5176831869_1",0.81154217435478,1.03182615772565,1.2521558284903,1.15885280408331,0.0499000000000001,FALSE,FALSE,19002,1.25389322408159,3.71003678968383,3.91619984145412
"5176831869_2",0.827433154696624,1.02943812547389,1.21945350909611,1.13125313264703,0.0485,FALSE,FALSE,19030,1.24522569598268,3.43792575096823,3.65649018911661
"5176831869_3",0.840475604810925,1.02655764555484,1.19607488178508,1.11292616029683,0.06215,FALSE,FALSE,18757,1.79461363787797,3.72720567588036,4.1367499633858
"5176843353_1",0.920875980441751,1.03880676815581,1.05104449772444,1.0689244664012,0.00319999999999998,FALSE,FALSE,19936,-1.46339968887721,2.26185974729981,2.69398369814316
"5176843353_2",1.01317574077678,0.997976753408294,0.989142137517282,0.970621103460238,0.2059,FALSE,FALSE,15882,0.118076173659221,1.12589262972465,1.13206722258631
"5176843353_3",0.992423881365623,1.00897541286269,0.998739972614045,0.983623849333337,0.11715,FALSE,FALSE,17657,-0.337632265583643,2.4749994335038,2.49792268547433
"5176882319_1",0.895965692935755,1.03748144059328,1.08694095913238,1.18229682511193,0.00785000000000002,FALSE,FALSE,19843,0.34893810235509,2.99913413282622,3.0193647255604
"5176882319_2",0.975996231699748,1.0318659891895,0.99375150239084,1.10767371903084,0.01415,FALSE,FALSE,19717,1.04142471705482,0.85259018300452,1.34591064393161
"5176882319_3",0.908177509002018,1.02805945373663,1.07969523764766,1.1082659863938,0.03625,FALSE,FALSE,19275,1.80776521587012,2.67280503921814,3.22674787570703
"5176882319_4",0.901794501773087,1.0252354513695,1.09204376837884,1.19314254249998,0.01985,FALSE,FALSE,19603,1.46759931436979,3.08148580188627,3.41312210369998
"5176882319_5",0.989403052571521,1.02307949887287,0.988290334455911,1.06272841566915,0.0138,FALSE,FALSE,19724,0.756850067700432,-0.168298454781379,0.775336310809669
"5176882319_6",0.985131240312057,1.02825153771721,0.987769301002984,1.11394796387938,0.00905,FALSE,FALSE,19819,0.881262046414699,0.399324386008137,0.96751370001246
"5176972348_1",1.00130538309621,1.03376194008527,0.967152614994142,1.7879056349341,9.9999999999989e-05,FALSE,FALSE,19998,-0.241967742064697,0.588511341068432,0.636312805753626
"5176972348_2",0.970294281855023,1.03312192074428,0.9985572172541,2.74159848079597,0.00990000000000002,FALSE,FALSE,19802,1.43505768902016,-5.65760813977605,5.83677311826287
"5176973533_1",0.976678989373163,0.812829621027608,1.34074855283623,1.54416185189385,0.00775000000000003,FALSE,FALSE,19845,-5.2319775395846,9.34141215909485,10.7068001802968
"5177007065_1",0.859093656054838,0.980358379187073,1.22556917552872,1.51690704878882,0.003,FALSE,FALSE,19940,0.0484689494422152,2.953089342366,2.95348707514621
"5177007065_2",1.032123914946,1.00835881053124,0.962080920307077,1.35594493872301,0.001,FALSE,FALSE,19980,-0.0972119252400094,0.53199322467089,0.540802135262613
"5177007065_3",1.05002689180346,1.00623013298178,0.948915155092534,1.41164770807822,0.000850000000000017,FALSE,FALSE,19983,-0.124771422479131,0.924817283024715,0.933196075242862
"5177105797_1",1.02172826002244,0.974209248198765,1.00523459935766,1.03916435674129,0.00505,FALSE,FALSE,19899,0.253624241159156,2.57843758582965,2.59088124770754
"5177180032_1",0.939362329843303,0.98101615192811,1.09158765174209,1.05889500831411,0.0881999999999999,FALSE,FALSE,18236,-0.827795852710089,9.83615832212615,9.87092987067052
"5177180032_2",0.927384421943184,0.979471419481482,1.11019867751211,1.07845588608649,0.08035,FALSE,FALSE,18393,-0.813692450763348,9.81232247913235,9.8460026324857
"5177180032_3",0.937278602580996,0.994171976073452,1.07849364789114,1.07622112315059,0.0803,FALSE,FALSE,18394,-0.674809132669651,3.5943946158121,3.65719018096043
"5177352969_1",0.993935642819631,0.998781636680135,1.00737520292556,1.08231305152265,0.00570000000000004,FALSE,FALSE,19886,0.0106640349190612,-0.193289604282643,0.193583554994983
"5187909005_1",0.9477969290362,1.00787882204599,1.04960550815706,1.14803007214714,0.0475,FALSE,FALSE,19050,-0.852406233113223,3.242055413972,3.35224099573933
"5187909005_2",0.935974285043727,0.974719173511878,1.10416949704488,1.11643610938285,0.0347,FALSE,FALSE,19306,-0.533827219957816,-1.26743010405312,1.37526381811927
"5187909005_3",0.914965319392468,0.964374311770821,1.14926592738423,1.10665483953198,0.088,FALSE,FALSE,18240,-0.843413130959036,-0.107036604995581,0.850177948598471
"5187957202_1",1.03479321007964,0.939797788495345,1.03139072760313,1.19787065794224,0.03035,FALSE,FALSE,19393,-6.50592692682006,5.80711130509848,8.72064371975629
"5188455481_1",1.08051669383389,0.975950077131176,0.952495007732965,1.02695976020215,0.03245,FALSE,FALSE,19351,-0.313135888180605,1.39707130986386,1.43173402883056
"5188455481_2",1.08076792343545,0.973863844899913,0.954294639930241,1.04369752833959,0.06535,FALSE,FALSE,18693,-0.562518663384803,0.558230842723573,0.792495375648398
"5198299810_1",0.922995177859484,1.01809378935934,1.07027083242569,1.36160568958598,0.00344999999999995,FALSE,FALSE,19931,-0.878896194861145,1.88230594884111,2.07738638832164
"5198843636_1",0.940771423833669,0.973477601751463,1.0991456379104,1.12028805410099,0.0234,FALSE,FALSE,19532,1.39305194675143,3.22919436610694,3.51685796989937
"5198843636_2",1.00742620792849,0.894499534698771,1.12431822817593,1.1671423191202,0.0347499999999999,FALSE,FALSE,19305,1.91243821044113,3.73237892848013,4.19381358366317
"5198872392_1",1.01642658027198,1.0069567999376,0.977450370709352,0.999408429776117,0.05405,FALSE,FALSE,18919,1.72290224882465,1.757470666067,2.46111667766707
"5198872392_2",0.940029677278657,0.994948511192264,1.07396774271985,1.18830283680299,0.00055000000000005,FALSE,FALSE,19989,0.357527028958637,1.62338186993196,1.66228585750459
"5198918746_1",0.884680045547094,0.903276670933642,1.31135961857389,1.22806233442396,0.128,FALSE,FALSE,17440,-10.3659406031572,20.7255285592623,23.1732660332759
"5198919766_1",0.916088871735446,1.01197521767747,1.08667733955785,1.1884397506951,0.0275,FALSE,FALSE,19450,-0.604954616115372,-0.0493498486738631,0.606964162964693
"5198919766_2",0.917763666781576,1.01828401527425,1.07717926742937,1.39820783287848,0.0327499999999999,FALSE,FALSE,19345,-0.725796680625612,0.328332157322531,0.7966070719867
"5198919766_3",1.01500589469772,1.0588112557202,0.934292467874999,1.27254128616407,0.000299999999999967,FALSE,FALSE,19994,-2.9037332900726,4.36010353512388,5.23852745119042
"5198919766_4",1.00614315979696,1.00542353481569,0.988630814286899,1.23955193167124,0.0352,FALSE,FALSE,19296,-0.107337460891532,0.356968903560229,0.372757466215813
"5198919766_5",1.02377323527357,1.01151931621857,0.966548411772829,1.32347785180728,0,FALSE,FALSE,20000,-0.258566223839629,2.39810275798811,2.41200193407486
"5199077392_1",1.03519275172006,0.996126531267423,0.970772188430138,1.04122980504114,0.00609999999999999,FALSE,FALSE,19878,-0.432231785181592,-1.36817222825867,1.43482387849504
"5205934572_1",0.960672022811416,0.976484444642259,1.06954141014094,1.0524291555262,0.0504,FALSE,FALSE,18992,0.0822526293734471,1.07524534294625,1.07838677781511
"5205934572_2",0.966450468612001,0.976435369391572,1.06252706030687,1.0348667383735,0.0355,FALSE,FALSE,19290,0.187768647014419,0.804684136811185,0.826301170782897
"5205934572_3",0.96494280884039,0.962904017097677,1.08091276062133,1.05070302860803,0.0591,FALSE,FALSE,18818,0.379438893140294,0.896161676777085,0.973180160377023
"5206010349_1",0.849891321838568,0.980921186188484,1.24389081962529,1.18345360766039,0.04045,FALSE,FALSE,19191,0.388404755319482,0.536769786802727,0.662555701793466
"5206010349_2",0.864335529915082,0.983187405675387,1.21073906169028,1.14216339502031,0.03395,FALSE,FALSE,19321,0.0118176676797144,0.79243519245018,0.792523306599208
"5206011449_1",0.961972567484535,0.990387183390914,1.05178660973304,1.01190036306573,0.15105,FALSE,FALSE,16979,0.0500844183688454,0.355851360348614,0.359358650411124
"5206590749_1",0.977595852791194,0.997534984820174,1.02605008066609,1.72289264438018,0,FALSE,FALSE,20000,0.0447843747523047,2.13089434009575,2.13136489810498
"5215695204_1",1.07091429832452,0.993073294710338,0.944070040083708,1.1204238531399,0.0257500000000001,FALSE,FALSE,19485,-0.593487918472468,4.38346541787367,4.42345984259687
"5215820290_1",0.924734167104727,1.06281669282546,1.02279595604949,1.07880329002222,0.0256,FALSE,FALSE,19488,0.658962969739968,1.13248052203508,1.31024590374379
"5215820290_2",0.943548714480057,1.04343913498714,1.01853526409625,1.05897085697894,0.02325,FALSE,FALSE,19535,1.66944076045172,0.168310267315119,1.67790369173601
"5216025893_1",0.995570581089602,1.01056913603825,0.994026426279083,1.01880182599049,0.0625,FALSE,FALSE,18750,-0.032760656484776,0.903885939132631,0.904479436789468
"5217207649_1",1.08852033921349,0.990335892105918,0.933215985158716,1.20489571343568,0.00149999999999995,FALSE,FALSE,19970,3.11650529440788,2.76029570348448,4.16315236578572
"5217207649_2",0.981465210867797,1.0093318797075,1.00973303311969,1.77922547184676,0,FALSE,FALSE,20000,1.42289904977111,1.34457135301338,1.95768072708084
"5217538464_1",0.931806425515676,0.960205093692309,1.12946931058888,1.25771635272023,0.00329999999999997,FALSE,FALSE,19934,-0.889571611590728,2.54496564489091,2.69595767508007
"5218800483_1",0.969618655105075,0.986156500861228,1.04752750044257,1.02536543794436,0.0356,FALSE,FALSE,19288,0.137996075056546,2.87990237292064,2.88320665133198
"5218865352_1",0.985449933847718,1.0049957938734,1.00989080631715,1.10314502782316,0.000850000000000017,FALSE,FALSE,19983,-0.252704067210952,-0.692014959312659,0.736711646098701
"5218865352_2",0.989679030432923,0.998068742250361,1.01251836966798,1.02991974091534,0.00409999999999999,FALSE,FALSE,19918,0.175214585666161,-0.254819195909595,0.309245814254901
"5218868378_1",1.07794054573571,1.01412500334044,0.92061252790068,1.43578323661931,0.00319999999999998,FALSE,FALSE,19936,-1.03635485577319,-3.44287930570637,3.59547622725361
"5218868378_2",1.06123878051779,1.01508409978639,0.932344472153982,1.49240827857294,0.00239999999999996,FALSE,FALSE,19952,-0.603587602719224,-1.98535447354686,2.07507840328718
"5218868378_3",1.06444447567872,1.00750339327728,0.936338060007164,1.17612701225171,0.00449999999999995,FALSE,FALSE,19910,-0.589939187790822,-2.04893099751575,2.13216942991691
"5218868378_4",1.08632848925255,1.0145021420039,0.914274879030856,1.30346659431668,0.00229999999999997,FALSE,FALSE,19954,-0.650131173707325,-2.65256085338724,2.73107114955809
"5218868378_5",1.08595990653998,1.01177696085707,0.916762066343257,1.60098483734937,0.00175000000000003,FALSE,FALSE,19965,-0.285483745475379,-2.56799240333783,2.58381229049856
"5219205336_1",1.06787198678674,0.978356018838392,0.960213218744463,1.52331480717932,0,FALSE,FALSE,20000,-0.208384437453246,2.74038428201641,2.74829585141325
"5219205336_2",1.05583668703725,0.996771797329284,0.952702901085366,1.84464979539832,0.000800000000000023,FALSE,FALSE,19984,5.55111512312578e-14,3.95897186417629,3.95897186417629
"5219224467_1",0.921127660804836,1.00759828333968,1.08469853957479,1.19991562425088,0.00175000000000003,FALSE,FALSE,19965,0.0443099653268941,-1.85665045474219,1.8571791200963
"5219224467_2",1.15439898685294,1.01530227646296,0.870458368638337,1.21502724773795,0.00495000000000001,FALSE,FALSE,19901,-0.265551948365306,-3.3725465961483,3.38298512862118
"5219234396_1",1.00445066443096,1.06746741900986,0.936650397716502,1.4938814177681,0.00665000000000004,FALSE,FALSE,19867,0.172888836138474,6.89329226428188,6.89546001297011
"5219234396_2",0.906634197554472,1.20194740325247,0.938935253750963,1.177500566894,0.01145,FALSE,FALSE,19771,0.810821212634871,0.844924521915491,1.17103735490923
"5219234396_3",0.907367856390959,1.20286639742213,0.937590573499815,1.22341235610915,0.0127,FALSE,FALSE,19746,-2.81149151003929,2.71815261278973,3.91060585298987
"5219263474_1",0.9269704745083,1.06404605573161,1.01894416449114,1.48475559286637,0.00185000000000002,FALSE,FALSE,19963,-1.60742294975158,1.55985378824921,2.23985543732257
"5219263474_2",0.973993670102606,1.04757649762075,0.981628762172422,1.51734160523958,0.00265000000000004,FALSE,FALSE,19947,-0.597450131860411,1.88751410471286,1.97981215158156
"5219316458_1",0.993688967690031,0.993419606786122,1.01314566224553,1.09021779234066,0.00109999999999999,FALSE,FALSE,19978,0.526228870691786,0.0924225226658026,0.534283395816736
"5219316458_2",1.05521848028794,0.988518855221164,0.960878354301778,1.24426727854867,0.000249999999999972,FALSE,FALSE,19995,1.06795102649404,-0.129187108472606,1.07573635431047
"5219319352_1",1.04154697824098,1.00290304962785,0.958971066580405,1.04558427887618,0.01415,FALSE,FALSE,19717,0.0637339518367863,2.29630901998032,2.29719331617079
"5219319352_2",1.07128589968395,1.01005113496995,0.928941992299926,1.07967744118655,0.015,FALSE,FALSE,19700,0.0657393374823845,3.33303088214199,3.3336791270014
"5219319352_3",1.06373678282053,1.00796028735882,0.93649160130001,1.07625997339403,0.0119,FALSE,FALSE,19762,0.0753795116408273,3.15142551426646,3.15232689338286
"5219319352_4",1.03391306059622,1.00281168912388,0.965619602146097,1.01832714857002,0.04455,FALSE,FALSE,19109,0.0483628260577462,1.4811602289647,1.48194958983463
"5219327343_1",1.03076012009978,0.98133954480869,0.989289083645984,1.06277965563706,0.00760000000000005,FALSE,FALSE,19848,-0.509716232633267,1.20858141752941,1.31167056862889
"5219382372_1",0.735253217650993,0.953145056130842,1.6927173147397,1.30307366864961,0.1304,FALSE,FALSE,17392,2.64243831610639,6.33540216138523,6.86438641110127
"5219412384_1",0.96282314128656,1.0048519564711,1.03496506917897,1.16495734859617,0.02865,FALSE,FALSE,19427,0.277294200950351,-0.200974646665175,0.342465885137316
"5219414416_1",0.964821049549765,1.04574542671587,0.992769962592031,1.02496861687915,0.04165,FALSE,FALSE,19167,-0.585360938089141,0.526896859273407,0.787570776599018
"5219414416_2",1.03215920889932,0.957656794479459,1.01323098404364,1.15240046066464,0.01105,FALSE,FALSE,19779,-6.25019067077853,1.8790939010261,6.52655171663877
"5230083305_1",0.869477116988252,0.977361105379294,1.20959910326967,1.16162359733838,0.0325,FALSE,FALSE,19350,1.61386496352525,3.39175882681713,3.75614004794633
"5230476693_1",0.86904532880311,0.907985779093176,1.33694629488765,1.14265457675159,0.22615,FALSE,FALSE,15477,-9.06972809439194,20.6974084363676,22.5974043573156
"5230476693_2",0.901689591313664,0.969016201336334,1.16414922506878,1.09219819746837,0.12645,FALSE,FALSE,17471,-5.09656291721644,15.1730654558044,16.006150970651
"5230476693_3",0.902261757143415,0.920810761163394,1.24119571702022,1.11560715894899,0.14205,FALSE,FALSE,17159,-8.82727007896572,15.297615684204,17.6617593310691
"5230486727_1",0.953745820736016,0.972367378214047,1.08332416928137,1.22802930866256,0.09935,FALSE,FALSE,18013,-0.443490881647579,12.1570736118641,12.1651602112914
"5230714712_1",0.797122544232841,0.934464546988885,1.48070013406776,1.19483394625789,0.08475,FALSE,FALSE,18305,1.60857953091792,1.22705215648216,2.0231621541576
"5230902787_1",0.935990562850421,0.997268433687353,1.07657215076906,1.09794154935751,0.0105499999999999,FALSE,FALSE,19789,-1.3789769888583,-4.88241645963692,5.07341778499802
"5230958326_1",0.976045247477348,1.02340492518243,1.00167580720069,1.0575983580237,0.0432,FALSE,FALSE,19136,-0.875627165532356,3.89401603363197,3.99125090707175
"5230958326_2",0.974590242903988,1.01053171711059,1.01589911631923,1.03609408979816,0.03605,FALSE,FALSE,19279,-0.421641471593015,0.596346250184698,0.73034949214501
"5231249032_1",0.865314824512954,0.927066840742466,1.30602799723301,1.22650573460993,0.0503,FALSE,FALSE,18994,0.810087047829755,6.93399430188653,6.98115448931309
"5231353998_1",0.865352811247084,0.930245962428398,1.29968456129632,1.22953815268921,0.0475,FALSE,FALSE,19050,0.695084100122395,6.89805550060685,6.93298720579343
"5231433128_1",1.01047096659711,0.939121460943598,1.05759954495409,1.29573760009183,0.000750000000000028,FALSE,FALSE,19985,-3.58224005286867,7.38409568663463,8.20715010864019
"5231547921_1",0.982923939773127,0.979823422797778,1.03946297503626,1.04156252038727,0.0601,FALSE,FALSE,18798,-2.46472996908642,6.59575745109446,7.0412293084504
"5231773059_1",0.950895962000796,0.995576749917128,1.05941480095095,1.28031943607715,0.00675000000000003,FALSE,FALSE,19865,0.493928379192654,2.75974229073486,2.8035946131783
"5231773059_2",0.893294113665141,1.02990766030354,1.09940001530332,1.43538119603154,0.003,FALSE,FALSE,19940,0.506718540796647,2.16250121413029,2.22107523076145
"5231773059_3",0.910373698041066,1.00727087951596,1.10039039516509,1.23750026114544,0.00795000000000001,FALSE,FALSE,19841,0.572423141763256,3.43240921679961,3.47981339798516
"5231773059_4",0.991071400341375,0.995721984254871,1.01348485539125,1.02942385133413,0.0136500000000001,FALSE,FALSE,19727,1.1175998971677,2.89741295045662,3.10548407428262
"5231773059_5",0.890172269478931,1.01292422208582,1.12437719458755,1.26472287461642,0.00649999999999995,FALSE,FALSE,19870,0.441112308060015,2.50622323132683,2.54474654014193
"5234179485_1",0.939586975107375,1.0145480736553,1.05258500465681,1.00889702644869,0.0458,FALSE,FALSE,19084,1.5474007866409,2.50005044530393,2.94018731096528
"5237765054_1",0.948135070809594,0.985447684003924,1.07465552416015,1.05953860514781,0.02375,FALSE,FALSE,19525,-0.50345086651149,3.29440317158625,3.33264985138683
"5237765054_2",0.94735795877262,0.988555348393238,1.07197722556343,1.0455637799337,0.042,FALSE,FALSE,19160,-0.274400404410235,2.26072683860924,2.27731891063782
"5237765054_3",0.941517970303599,0.991208565732304,1.07640775819387,1.05611628843425,0.0387999999999999,FALSE,FALSE,19224,-0.475029798632731,2.95471915624101,2.99266078963966
"5237887907_1",1.01260478416232,0.945362413411105,1.04750158410661,1.13697251383858,0.04445,FALSE,FALSE,19111,-1.57418730988385,4.13881884969396,4.42807939824721
"5237988830_1",0.897448776861485,1.00748709373983,1.11961805524432,1.1193073615298,0.09345,FALSE,FALSE,18131,-0.559527084102229,5.15376783362147,5.18405183622958
"5237988830_2",0.893597353900257,0.988633501455918,1.15017809828326,1.05631940440133,0.1227,FALSE,FALSE,17546,0.141408311408298,2.46909427672924,2.4731402826998
"5238097172_1",0.709088965849464,1.00653156196968,1.67720819277696,1.30505683088199,0.19625,FALSE,FALSE,16075,4.37945622505914,9.98923440375299,10.9070821396161
"5238451703_1",0.946241537674348,0.971720235968085,1.09399065020664,1.04227585703325,0.01075,FALSE,FALSE,19785,0.789470927488545,2.56677096741353,2.68543805449067
"5282143943_1",0.980964809845517,0.993282536120965,1.02687058785295,1.05208886547076,0.0459000000000001,FALSE,FALSE,19082,-1.3811893702928,1.79862662856621,2.26776141284688
"5282403850_1",1.05604096587354,0.826675951610444,1.18567251570095,1.23936630058083,0.2294,FALSE,FALSE,15412,-10.8914312339777,13.2424053894856,17.1459783863139
"5282403850_2",0.998346124660012,0.839424763459788,1.23907846633139,1.19983047050833,0.40835,FALSE,FALSE,11833,-11.453013643673,18.1781603420687,21.4852748398553
"5282412860_1",0.951269771498857,1.05429396649938,0.999728642475066,1.07186076672402,0.03535,FALSE,FALSE,19293,1.28821800048429,2.37527970123104,2.70212125483886
"5282692994_1",0.894780888982152,0.970143024291959,1.17421594241122,1.11242082626367,0.0812,FALSE,FALSE,18376,-2.000663296435,10.5272611235823,10.7156838507764
"5282692994_2",0.924591259330127,0.978373376506527,1.11565265447408,1.06608200028165,0.0695,FALSE,FALSE,18610,-2.08630350561154,5.62291308501438,5.99748396239231
"5283331151_1",0.981158833381077,1.00741536247474,1.01198411157479,0.999598118111235,0.0452,FALSE,FALSE,19096,-0.336942740025048,-1.06703979551499,1.11897468035173
"5283425387_1",1.02556854967598,0.982443231786087,0.992988921355462,1.01814466054309,0.16755,FALSE,FALSE,16649,-0.327852502559289,8.64961043779719,8.65582162414895
"5288724742_1",0.990005441241221,0.985767041456647,1.02515097084552,1.12549008189633,0.0157,FALSE,FALSE,19686,-1.84233561722158,1.29929591003135,2.25441131746348
"5288727788_1",0.987983787780615,0.984978621320302,1.02818546231568,1.12636243281196,0.0158,FALSE,FALSE,19684,-1.80713906433552,1.09052386209666,2.11068564491487
"5288728243_1",0.990005441241221,0.985767041456647,1.02515097084552,1.12549008189633,0.0157,FALSE,FALSE,19686,-1.84233561722158,1.29929591003135,2.25441131746348
"5292011687_1",1.03248162596198,1.01240795269912,0.958115369555827,1.02249998916919,0.00239999999999996,FALSE,FALSE,19952,1.68237010673025,3.07206234184108,3.50256137821704
"5292045292_1",0.994033172002345,0.973531201192348,1.03433055760883,1.03449959426735,0.01885,FALSE,FALSE,19623,-5.01501788321812,9.77608238206176,10.9873650667417
"5292169546_1",0.946825200286596,1.00975514553888,1.0487679795445,1.09769802855191,0.0495,FALSE,FALSE,19010,-0.819358807082893,-2.40662522915167,2.54228122919822
"5292169546_2",0.935259498757026,0.999843488135182,1.07455071966696,1.09429385182382,0.0564,FALSE,FALSE,18872,-0.79871464269976,-1.80009806879999,1.96933951815335
"5292169546_3",0.949920147819462,1.00668702466145,1.04830314613739,1.06640177330089,0.0818,FALSE,FALSE,18364,-0.127998451284833,-0.597975748794244,0.611521544736857
"5292169546_4",0.95324991775979,1.0134697045906,1.03707776605544,1.06940694609382,0.07685,FALSE,FALSE,18463,0.0900224531292237,-0.135729871717238,0.162870009958191
"5292441114_1",0.920894779889643,1.01750309429388,1.0737659874365,1.90151938380232,4.99999999999945e-05,FALSE,FALSE,19999,0.793575407153413,1.21911681282658,1.45465038072904
"5292519006_1",0.792020665220575,0.885805858146658,1.64340930244356,1.24142714919599,0.0736,FALSE,FALSE,18528,2.64859169061554,-0.606904009825071,2.71723580514085
"5292956216_1",0.87640035149771,0.895550039695287,1.34709747695163,1.26019448595951,0.01275,FALSE,FALSE,19745,-3.37944005362034,2.70226718327449,4.32699237413422
"5292956216_2",0.867358862748035,0.890347005204533,1.38137367936229,1.32788930855255,0.01105,FALSE,FALSE,19779,-4.92094096949902,5.82984262081618,7.62907104494242
"5292956216_3",0.849224716699294,0.849208009679085,1.55065785676706,1.19337125300182,0.1328,FALSE,FALSE,17344,-6.33372476089164,14.1110482986827,15.4673124179506
"5292956216_4",0.915462084126112,0.894287870550845,1.26670899434171,1.22797490108885,0.01905,FALSE,FALSE,19619,-1.77759143448503,1.63438640449032,2.41475676355556
"5292956216_5",0.905678448979332,0.889320516570396,1.29634199133611,1.24182161003342,0.01785,FALSE,FALSE,19643,-2.01219855402585,1.53642437466683,2.53170750283165
"5292956216_6",0.839407959667062,0.862925564163893,1.53885062322538,1.24421168963043,0.02955,FALSE,FALSE,19409,-4.97345487842898,7.7894631530383,9.24180662210103
"5293136705_1",0.953895018807896,0.993753428208259,1.05777484546841,1.20300378740265,0.0194,FALSE,FALSE,19612,-0.102682946450716,-0.45892830380867,0.470275425180291
"5293163515_1",0.990199979388963,0.984372120775953,1.02645481877468,1.02800350518138,0.0306999999999999,FALSE,FALSE,19386,-1.14145842611327,3.50887000654023,3.68986396244396
"5759582337_1",0.759260374467525,1.03694000812795,1.39168614124052,2.23094101632197,0.1403,FALSE,FALSE,17194,1.17806158695818,9.92566071637221,9.99532739629878
"5759606962_1",0.893458835451704,1.01305796506401,1.11901395152228,1.08973567276995,0.01065,FALSE,FALSE,19787,1.25944748983803,1.28934319476495,1.80239114887585
"5759606962_2",0.862303477854599,1.02310411446117,1.1588857340811,1.13885848235533,0.0245,FALSE,FALSE,19510,0.337491314280403,0.830470571743613,0.896427218321085
"5759633295_1",0.983857149116259,1.03477066478721,0.983096083061156,1.16570546109276,0.01895,FALSE,FALSE,19621,-0.959696401775983,2.30890918728353,2.50041572917466
"5759633295_2",1.0050495591828,0.999413456613299,0.995582301042621,2.0304201094507,0.0935,FALSE,FALSE,18130,-0.483425954781125,5.26532185163825,5.28746771669533
"5759704069_1",0.892282453464723,0.982196996830759,1.16123390112423,1.92941372126333,0.0374,FALSE,FALSE,19252,1.09139787450138,8.27633495446129,8.3479859606317
"5759760838_1",0.794279268800709,1.01444327206232,1.32409185768788,1.22715839993539,0.0567,FALSE,FALSE,18866,2.22751001984517,4.81329362943028,5.30373419880981
"5759760838_2",0.800497294046096,0.945770112140133,1.4420917758552,1.43792275659096,0.00144999999999995,FALSE,FALSE,19971,-1.72761814621453,10.7969250002265,10.9342697021633
"5759909003_1",0.900179757756403,0.914179885230801,1.25749126697836,1.13821497855828,0.10635,FALSE,FALSE,17873,-1.80988245631225,3.48924219327482,3.93071057049437
"5759909003_2",0.898809712928455,0.91336347754884,1.26172922899688,1.12863799117959,0.1077,FALSE,FALSE,17846,-2.06964503293364,4.52141149441481,4.97258408316775
"5759909003_3",0.890861289228523,0.914955314007292,1.27463025263224,1.14194600225163,0.0765,FALSE,FALSE,18470,-2.89909445255321,4.21987321424516,5.11977329470052
"5759909003_4",0.899275858329347,0.926131785965119,1.23726509529047,1.12954718764718,0.05575,FALSE,FALSE,18885,-2.8905455281848,4.84100261712845,5.63831178541535
"5760071696_1",0.969016484955387,0.760287569758207,1.53201758891828,1.36512076605838,0.0916,FALSE,FALSE,18168,-15.352696205692,23.8917430560545,28.3993075098813
"5760071696_2",0.949491652241666,0.779078373846238,1.50775678294089,1.35181214506378,0.08085,FALSE,FALSE,18383,-11.7730146953709,20.1994593055197,23.3799493423909
"5760130498_1",0.931050600142638,1.029801147341,1.04724843660284,1.06258030247539,0.43905,FALSE,FALSE,11219,-1.2631673955571,-0.376512046942779,1.31808694352518
"5760193419_1",0.961799382161047,0.987178060927449,1.05563886220452,1.14947477760274,0.00775000000000003,FALSE,FALSE,19845,1.32904262522998,2.25841721208857,2.62045847201136
"5760311548_1",0.822880890540599,0.999363830653253,1.27531383202271,2.03270250926725,0.00565000000000004,FALSE,FALSE,19887,-1.71258104409228,9.19113175908561,9.34932280143628
"5760311548_2",0.823867935460446,0.990059745000929,1.2883722765433,1.36164143135808,0.00680000000000003,FALSE,FALSE,19864,-0.0952037350317458,8.50000903947646,8.50054218402247
"5760311548_3",1.02741807048338,1.00112902803028,0.972938554567158,1.1113803097301,0.001,FALSE,FALSE,19980,0.237591357514388,0.346665925971545,0.420270052936489
"5760352527_1",0.973147489075899,1.00151247888252,1.0267818276336,1.01794003840739,0.0346,FALSE,FALSE,19308,0.0971839263448904,-0.210761399785375,0.232088524445522
"5760376449_1",0.947321362528527,0.993821973981238,1.06589856247665,1.0147405086456,0.0866,FALSE,FALSE,18268,1.73288580611625,3.08176369074808,3.53555662698993
"5760376449_2",0.964199417322995,0.950950951498704,1.09734407596113,1.08883461686907,0.0637,FALSE,FALSE,18726,-4.30403510958166,12.3707498462393,13.098097952861
"5760542413_1",0.954787606954474,0.999407999337701,1.05036026080818,1.13365274409863,0.00275000000000003,FALSE,FALSE,19945,-0.305115809860645,0.0462641387241725,0.308603350530753
"5760752381_1",0.897379087880584,1.02742444550563,1.09608720777799,1.57641760941711,0.00165000000000004,FALSE,FALSE,19967,-0.671856954855499,2.67548242208253,2.75854997392839
"5760752381_2",1.0217932271237,1.013931259222,0.966119859451714,1.35172098478043,0.000499999999999945,FALSE,FALSE,19990,0.254783565484473,4.08200646503765,4.08995005419994
"5760752381_3",0.904366560959498,1.03246799176202,1.08026282799421,1.47949962554095,0.0156500000000001,FALSE,FALSE,19687,0.615755643092131,4.85280706062299,4.89171660867963
"5760752381_4",0.989214801681361,1.02538506030762,0.986335480687167,1.50403203840464,0,FALSE,FALSE,20000,-0.460446897531358,5.1169920156328,5.13766665262511
"5760924342_1",1.03562937287181,0.998063535399985,0.968557361481296,1.28403467655293,0.000850000000000017,FALSE,FALSE,19983,-0.183976436140543,0.994294142096774,1.01117168179441
"5760924342_2",0.688637558794939,1.01990377956898,1.76251003515147,1.39164281352162,0.0572,FALSE,FALSE,18856,-0.854542965470384,-11.8811841794276,11.9118756367465
"5760924342_3",0.742050709543026,1.0516991015642,1.42543364887264,1.34035963875912,0.046,FALSE,FALSE,19080,-4.39808693042432,2.8505507310311,5.24106936776753
"5761065861_1",0.734147647171147,1.10597734100596,1.36295763450468,1.55385131648733,0.0171,FALSE,FALSE,19658,-2.34959864318413,7.28841371369039,7.65777958980035
"5761065861_2",0.819524481897541,1.02542544024764,1.24289187756359,1.45594012606687,0.03555,FALSE,FALSE,19289,0.729682243823304,3.73588108946117,3.80647391841118
"5761065861_3",0.779956982766346,1.05454538964783,1.29937277386503,2.46189000737768,0.00544999999999995,FALSE,FALSE,19891,-0.860906120178639,6.21754222266906,6.27686152774088
"5761065861_4",0.740464446126214,1.03900122898478,1.45553310834191,2.08278911877328,0.00414999999999999,FALSE,FALSE,19917,3.23878267020555,2.43879911600753,4.05431305069834
"5761163917_1",0.97729687948846,1.01445716024704,1.00906075668308,1.49958681946335,0.000199999999999978,FALSE,FALSE,19996,0.677291409207553,4.8778387165868,4.92463543808265
"5761163917_2",0.750807947023807,1.0394417050831,1.41633719397445,1.81878928222041,0.001,FALSE,FALSE,19980,-1.43102498130165,0.498845723540686,1.51547997446493
"5761163917_3",0.700349340904027,1.0531269464017,1.60619860242011,3.16849666756434,0.00339999999999996,FALSE,FALSE,19932,-0.610895093668073,3.13450121805513,3.19347627225518
"5762091731_1",0.993918214934654,1.00392937433745,1.00220987750871,1.50522097421814,0.00360000000000005,FALSE,FALSE,19928,0.00927724479010683,-0.0146743070414956,0.017360949226458
"5762191385_1",0.918095606147423,1.04036736222761,1.05308619742009,1.08255067180285,0.3125,FALSE,FALSE,13750,-2.16602712378086,3.20672732259216,3.86972526446174
"5827391035_1",0.930894796480128,1.03890002232233,1.03819711439626,1.11834212440637,0.0199,FALSE,FALSE,19602,1.78996683490976,2.38685824952202,2.98346670391814
"5827406270_1",1.00396878112091,1.00036600938958,0.995699605625059,1.03648894757114,0.00880000000000003,FALSE,FALSE,19824,-0.253540004210129,2.5499094605772,2.56248332499472
"5827501347_1",0.934561716206731,1.02100897171533,1.05201544628705,1.05602246530811,0.04375,FALSE,FALSE,19125,1.3521340275211,2.44648797471569,2.79527634390751
"5827566716_1",0.988985361426344,0.997751036888448,1.01357310653159,1.08432500686723,0.10045,FALSE,FALSE,17991,-1.10976025604664,4.75794744274631,4.88565570766472
"5827566716_2",0.985105975859109,0.998056887895011,1.0173624139426,1.04174530079184,0.08605,FALSE,FALSE,18279,-1.37196397650696,5.70538674870789,5.86802548606977
"5827566716_3",0.955135022521626,0.977831153252753,1.07485718087921,1.46356904149263,0.00865000000000005,FALSE,FALSE,19827,-0.213784495798341,2.31385634755485,2.3237114725722
"5827566716_4",1.00366757225296,0.997181823736974,0.999172655572319,0.998920138053998,0.14085,FALSE,FALSE,17183,-0.948502275179008,2.41900722296449,2.59831724598328
"5827567264_1",1.00088212846618,0.997491867821156,1.00163575906019,1.02851278241712,0.00970000000000004,FALSE,FALSE,19806,0.0745147376187694,-0.0670541242738798,0.100243212760421
"5827624342_1",0.975794397681365,0.985571282231441,1.0410658861627,1.02894986488363,0.0605,FALSE,FALSE,18790,0.070868833951826,2.88439487684103,2.88526535992316
"5827626716_1",1.03087263635149,1.00880031774631,0.962768204888566,1.1206477192527,0.00170000000000003,FALSE,FALSE,19966,0.389850987464302,4.23095626108048,4.24887922581979
"5827935994_1",0.992052730895982,0.994817740026516,1.01339730475653,1.00011824518612,0.0877,FALSE,FALSE,18246,-0.183397272318447,0.00665519318534535,0.183517985740311
"5827942807_1",0.829816419728522,1.01254779425504,1.23868694978117,1.42471641242778,0.000299999999999967,FALSE,FALSE,19994,-0.10786603576865,0.616508862352227,0.625873996129637
"5828079267_1",0.957480901157886,1.01822857578913,1.02722665474042,1.43480479079539,0.000700000000000034,FALSE,FALSE,19986,-0.268624264393558,2.79955932100742,2.81241735652099
"5828255665_1",0.913194804533317,0.999450156979267,1.10571369005267,1.03311729358601,0.198,FALSE,FALSE,16040,0.174965431746388,6.02099914974872,6.02354079122745
"5828264888_1",0.912170772709829,1.00429220250275,1.10133624948627,1.46007152199498,0,FALSE,FALSE,20000,-0.112530484904838,0.44771487786468,0.461640251596742
"5828719974_1",0.976750316505069,0.976181192018318,1.05064429584132,1.01929115598849,0.07505,FALSE,FALSE,18499,-0.629736649404911,3.97141154737308,4.02102946099777
"5828719974_2",0.959868311445113,0.97417712927583,1.07332637867912,1.03321592239246,0.1102,FALSE,FALSE,17796,-0.41203104057469,5.58647055186943,5.60164465182337
"5828719974_3",0.974084803271981,0.980286469865249,1.0490038259972,1.01225805940903,0.07435,FALSE,FALSE,18513,-0.671189913945547,4.106880875411,4.16136593264746
"5830300429_1",0.955158749754713,0.993458949955386,1.05655808457469,1.01558843102125,0.02025,FALSE,FALSE,19595,0.476880337381969,4.57806400990174,4.60283444574527
"5830391127_1",0.881041713772865,0.997796081997273,1.15905587545083,1.54699782891712,0.0896,FALSE,FALSE,18208,0.781425229472443,4.77383782935068,4.83737046443578
"5830391127_2",0.844913567066545,1.02510151559866,1.18915418652376,1.54876889931117,0.0277500000000001,FALSE,FALSE,19445,-0.112680979670543,5.644922981679,5.64604750885673
"5830391127_3",0.850536526212815,1.01053113441024,1.19804537618029,1.5018008231232,0.08565,FALSE,FALSE,18287,0.291629188596487,4.47051313877275,4.48001510126709
"5830391127_4",0.852708846833785,1.01030090112751,1.19408311089643,1.51242897853667,0.0953000000000001,FALSE,FALSE,18094,0.231681535773798,4.48779044435095,4.49376672808304
"5830391127_5",0.850000323010805,1.02318768925236,1.1817648056941,1.45986646453113,0.1107,FALSE,FALSE,17786,-0.194599561773312,4.99127741158812,4.99506948789226
"5830391127_6",0.838105387149416,1.0218403586756,1.20742880235225,1.37923015028506,0.13685,FALSE,FALSE,17263,-0.154787881059437,4.23972953478184,4.24255416184924
"5830391127_7",0.848063232189109,1.01887901647334,1.19136709809053,1.42361281534144,0.28995,FALSE,FALSE,14201,-1.04464434115881,5.05118404693492,5.15807542359793
"5830391127_8",0.842580311695168,1.02655892543109,1.19183642594429,1.21193271663119,0.1351,FALSE,FALSE,17298,0.262996259875248,4.81682037414244,4.82399477087839
"5830391127_9",0.859706356549611,1.01869936773284,1.16936052334396,1.23139546495393,0.03105,FALSE,FALSE,19379,0.0366074999389454,4.46114103476885,4.46129123025501
"5830494027_1",0.912764407004604,1.00143903681316,1.10391845385105,1.05235170285965,0.1919,FALSE,FALSE,16162,0.318316972728827,2.65310792210594,2.67213535238553
"5830746910_1",0.994246638367336,0.989576612158671,1.0165905892577,1.12199117916589,0.000249999999999972,FALSE,FALSE,19995,0.118578920389079,0.801900635906927,0.810620497044439
"5830746910_2",0.98403800140558,0.987603701870053,1.02962521268622,1.08855896459322,0.000299999999999967,FALSE,FALSE,19994,0.132787188669714,2.11280993785048,2.11697857120816
"5830746910_3",0.95194901415541,0.989830458913781,1.06467977677764,1.08074538504774,0.00180000000000002,FALSE,FALSE,19964,0.0601467128673872,0.169527841817296,0.179881394868903
"5830746910_4",1.00596952807644,0.998131258869682,0.995954567585544,1.11441899133178,0.000700000000000034,FALSE,FALSE,19986,0.165369334791998,0.690041695992294,0.709580551521439
"5830817017_1",0.937164312298488,1.00493181538977,1.06625850806018,1.17957142568347,0.00165000000000004,FALSE,FALSE,19967,-0.291483495078126,3.91740628380723,3.92823556069584
"5830853596_1",1.00790158958026,1.00500775507813,0.987339887261001,0.983557275250536,0.0199,FALSE,FALSE,19602,-0.625878633155552,1.71665936165488,1.82719550880523
"5830868574_1",0.905334670426665,0.999704275910009,1.11714333481452,1.11932003811548,0.00285000000000002,FALSE,FALSE,19943,0.48799129274224,5.13645776616745,5.15958660024368
"5830868574_2",0.972107864565593,0.979067028161326,1.05271242549465,1.20367748487015,0.00280000000000002,FALSE,FALSE,19944,-0.674881066476618,2.30183741801644,2.39873298907344
"5830907674_1",0.900050955134952,1.0037598250901,1.12020024832195,1.53105474894306,0.18255,FALSE,FALSE,16349,1.45659105764034,6.01085730682813,6.18482522568318
"5830907674_2",0.881875707339783,1.0106399718521,1.14079548512134,1.52221329828457,0.1744,FALSE,FALSE,16512,1.66639097383953,7.1173631059512,7.30983696532619
"5830907674_3",0.900751527170592,1.01337607371168,1.10740077451314,1.44994585509539,0.15535,FALSE,FALSE,16893,1.76352277794661,6.53518339454479,6.76894634257581
"5830907674_4",0.899633211157411,1.00801817123889,1.11558551375959,1.07301280777283,0.2353,FALSE,FALSE,15294,1.34903404957348,6.19520630528996,6.34038437573094
"5830907674_5",0.896212408125346,1.00705726186831,1.12208146029155,1.5086362220187,0.1049,FALSE,FALSE,17902,1.17968723712358,5.77385040422889,5.89313248347993
"5830907674_6",0.87803946705321,1.02123990523659,1.13391902904748,1.42077527267547,0.209,FALSE,FALSE,15820,0.995247909075792,6.73274200267051,6.8059042951722
"5830907674_7",0.889330183115102,1.01776272413352,1.11980709477491,1.4103127038647,0.27645,FALSE,FALSE,14471,0.719724451826054,6.23043269114107,6.27186533699471
"5830907674_8",0.876926783516182,1.02457883259803,1.13167855304563,1.44392205991714,0.26815,FALSE,FALSE,14637,0.765287116002045,6.50458602990112,6.54945064797831
"5830907674_9",0.888162889026558,1.02275792569971,1.11565812150921,1.43545998924348,0.2773,FALSE,FALSE,14454,0.558024758089193,5.9409181761364,5.96706799074624
"5830953813_1",1.00428717806477,1.02065027935113,0.976084609585615,1.02352157660494,0.0660500000000001,FALSE,FALSE,18679,-3.06335510333677,10.7625750594305,11.1900476495417
"5837725160_1",0.846443397399873,0.907213485652202,1.39604417580182,1.2086566732474,0.18135,FALSE,FALSE,16373,2.31299991234329,10.0688212114857,10.3310758966994
"5837739671_1",0.858535774636454,0.981979276400019,1.22417789062347,1.16056400299493,0.0287500000000001,FALSE,FALSE,19425,1.12170207142642,9.00348417889136,9.07308893908736
"5837739671_2",0.854456836797982,0.979689989786909,1.23619355637943,1.2236784396619,0.0191,FALSE,FALSE,19618,0.0876230174497727,10.3276906447599,10.3280623471709
"5837739671_3",0.921900722771709,1.07039430665871,1.01931672434004,1.07640618211048,0.02915,FALSE,FALSE,19417,3.90340536617662,14.9439324300142,15.4453128788486
"5837863600_1",0.987670837586337,0.992515244796893,1.02043343192735,1.04434759336627,0.00239999999999996,FALSE,FALSE,19952,0.911499144305883,2.7532344140202,2.90019489493646
"5837896803_1",0.945327807724461,0.971974478870448,1.09489175878346,1.20881296246105,0.00219999999999998,FALSE,FALSE,19956,-3.71453117447834,10.1711701371435,10.8282244068403
"5837958843_1",0.990590929937218,1.00344833964435,1.00609892348551,1.04139648621103,0.00575000000000003,FALSE,FALSE,19885,0.0187683179013742,-0.26852558496222,0.269180681952011
"5837969866_1",0.908365290947601,1.00259956028804,1.10899893541917,1.26266230639639,0.000399999999999956,FALSE,FALSE,19992,-0.592244633561584,4.64051239948913,4.67815231002528
"5837969866_2",0.759590972520983,1.09929284568242,1.2922797010272,1.45736951472998,0.01815,FALSE,FALSE,19637,-5.7989164709128,3.33236905522667,6.68820721545438
"5838155379_1",0.58050514601859,1.31164026278469,1.94190511264277,1.47494876926145,0.45745,FALSE,FALSE,10851,18.8066418987026,17.9617932539364,26.0060722986611
"5838157443_1",0.780025472484272,1.07463856371189,1.26992970753507,1.54688901889152,0.0347499999999999,FALSE,FALSE,19305,-0.225078562979653,7.00020578128067,7.00382333727717
"5838167452_1",1.09312085730359,1.06526594697699,0.872253768196025,1.16617857545095,0.12075,FALSE,FALSE,17585,-1.76206035480875,8.04971334556559,8.24031198679792
"5840284160_1",1.00490285752249,0.998412421509328,0.996721947084806,1.02526693478696,0.07445,FALSE,FALSE,18511,3.17076557825141,6.19752804065332,6.96154495546127
"5840417724_1",0.997092048785659,0.999487039944517,1.0034414583913,1.14166443237963,0.000700000000000034,FALSE,FALSE,19986,-0.00466463107762216,0.442267895253901,0.442292493668393
"5840417724_2",0.991347146801736,1.00268544132449,1.00608695640764,1.02594312425159,4.99999999999945e-05,FALSE,FALSE,19999,-0.0911722907745993,0.387563156489334,0.398142671504907
"5840417724_3",0.997335467914949,1.00321656161322,0.999465687909001,1.17217427953601,9.9999999999989e-05,FALSE,FALSE,19998,-0.0647169862725838,0.0530388907250989,0.0836744419853206
"5840417724_4",0.983816061182836,1.00160553566124,1.01507096701091,1.02771481667852,0.00139999999999996,FALSE,FALSE,19972,0.240003963253244,0.843768794695854,0.877238668367827
"5840885042_1",0.968809699077383,0.992293368129043,1.04162428666095,1.07620450757086,0.00205,FALSE,FALSE,19959,0.580308134658203,1.82631182481163,1.91629131725771
"5843961845_1",1.00698950256068,0.987485370878558,1.00576528942021,1.29351308132633,0,FALSE,FALSE,20000,-0.847215335346291,5.54182987418843,5.60621549522432
"5844097974_1",1.01339457821497,1.00842398467039,0.978884340177104,1.14613626225382,0.00885000000000002,FALSE,FALSE,19823,0.0236336765791489,1.33859450171188,1.33880311871534
"5844158665_1",0.920402045987181,0.98642011474991,1.11141805943522,1.08045764840205,0.01185,FALSE,FALSE,19763,0.10315239322356,6.4918340065883,6.49265347799527
"5844158665_2",0.810032870768031,0.99751630283351,1.3106291890872,1.21430301459389,0.01725,FALSE,FALSE,19655,-0.0774548784883144,15.8915746728797,15.8917634276978
"5844257660_1",0.911800133935091,0.976820514125336,1.13695938028636,1.06481820347515,0.00239999999999996,FALSE,FALSE,19952,1.49315680968595,4.32738231910842,4.57774562356229
"5844276345_1",0.973757111918088,1.00132923531581,1.02629645195463,1.07660362438253,0.00565000000000004,FALSE,FALSE,19887,-0.166923961096743,-0.257238917779001,0.306652033432584
"5844314007_1",0.962031322232841,1.00269304763111,1.03818591088415,1.03085133549864,0.01025,FALSE,FALSE,19795,0.201606772991081,2.12819386669352,2.13772178385022
"5844349928_1",0.783078986192033,1.02706662245223,1.33450246622538,1.32137964096373,0.00795000000000001,FALSE,FALSE,19841,-2.41775398369554,-8.73669950898785,9.06506771271038
"5844612873_1",0.916932878133428,0.97761594852019,1.12801751006614,1.24036442339998,0.000299999999999967,FALSE,FALSE,19994,1.26511524159922,5.30364203454233,5.4524430675699
"5844612873_2",0.869808290279105,0.97001762003217,1.22038690676369,1.12738152320633,0.10575,FALSE,FALSE,17885,-0.00260053603734489,4.53874417934195,4.53874492434837
"5867779150_1",1.00838469128697,0.979387060289811,1.01289599204829,1.10742340807392,0.00534999999999997,FALSE,FALSE,19893,-1.5365938085341,5.02335024723406,5.25311033948573
"5867779150_2",0.994494564870266,1.01007461133814,0.99558139754147,1.03918270905042,0.0298,FALSE,FALSE,19404,0.158308999564566,5.97936024944203,5.9814555696712
"5867779150_3",0.99720594113488,0.997713647857626,1.00511955537928,1.04396813336965,0.03655,FALSE,FALSE,19269,-0.074684579987383,4.80224073180087,4.80282144501076
"5867906571_1",1.22214926534062,1.02210378092839,0.83098227006185,1.47175463360404,0.00205,FALSE,FALSE,19959,-3.73576677475235,5.42675079666459,6.58829094716098
"5867923553_1",0.96015345608176,1.00682793578801,1.03596728351445,1.09566225824636,0.00905,FALSE,FALSE,19819,-0.421853913958325,-5.41083257656123,5.42725251819908
"5867923553_2",0.938095456346116,0.985349059467337,1.08797162514722,1.05244958088638,0.01685,FALSE,FALSE,19663,0.167638861118979,-2.0406258291634,2.04750007628964
"5867923553_3",0.961062632709459,1.02623144003836,1.01518098754725,1.22581917283699,0.00460000000000005,FALSE,FALSE,19908,-0.659165088250785,-4.29491173756544,4.34520027697759
"5867923553_4",0.92019769589307,0.990448826379756,1.10664307353128,1.06283497719888,0.00644999999999996,FALSE,FALSE,19871,-0.214179166319661,-5.38248901764049,5.38674862419863
"5867923553_5",0.925605959660459,1.01612389677466,1.06895313811627,1.1493488618057,0.00455000000000005,FALSE,FALSE,19909,-0.693156542996842,-4.09122241678395,4.14952610025468
"5889320980_1",0.975193805251057,0.981308090234379,1.04655620683952,1.04734667269116,0.00865000000000005,FALSE,FALSE,19827,0.231427487451807,3.19418874250095,3.20256153799861
"5889429658_1",0.881140104000266,1.04491365004326,1.10121265120096,1.13671118514505,0.04765,FALSE,FALSE,19047,0.479541190514909,14.091535712472,14.0996928508841
"5889429658_2",0.958686187796168,1.00249235973407,1.04232684443626,1.07238661465161,0.04155,FALSE,FALSE,19169,0.148850640218412,6.97840865569526,6.97999597986818
"5889556351_1",0.928476495524835,0.999811512480599,1.08368392714422,1.10560259212977,0.0361,FALSE,FALSE,19278,-1.34376983285189,6.45679762872429,6.59514616835612
"5889796279_1",1.01290534765287,0.992902175085348,0.994438743078339,1.00830069228557,0.0215,FALSE,FALSE,19570,-0.0618611298423555,0.189005107259366,0.198871139071252
"5890028920_1",0.874682117035673,0.927880828226801,1.28369225846575,1.15393806662596,0.06475,FALSE,FALSE,18705,-3.38972087165545,13.4990112040136,13.9181001244359
"5890057759_1",0.935597237916988,0.962345364597984,1.12103095885925,1.06032938877583,0.1364,FALSE,FALSE,17272,-0.335347207154224,5.34495962610129,5.35546927486275
"5890324474_1",0.748471095072708,0.986085520213596,1.53885871383609,1.22721158545534,0.73025,FALSE,FALSE,5395,-0.901594805781336,6.0406795416732,6.10759220306996
"5892467579_1",0.884564525012108,0.972092927254747,1.18935481934992,1.08963068938068,0.05455,FALSE,FALSE,18909,-1.07524789115274,2.70805046012426,2.91370817378948
"5892547376_1",0.905969487999866,0.965269871625248,1.16247931644385,1.14748269852477,0.05,FALSE,FALSE,19000,-2.01004941589558,7.14931207218763,7.42650400658816
"5892818497_1",1.06189808104688,1.00011959661603,0.944813784216537,1.16144804412389,0.00265000000000004,FALSE,FALSE,19947,-3.14217592865884,3.47247009886562,4.68308852726049
"5897310089_1",1.02804297189651,0.892261626000448,1.10310684483765,1.15157391726588,0.1397,FALSE,FALSE,17206,-4.65784502677996,5.54060143999228,7.23835510391299
"5897367788_1",0.992862822760335,1.00741939774918,0.999823758084239,1.13139549208559,0.00605,FALSE,FALSE,19879,-3.23740867193284,5.12730249939086,6.06383095323128
"5897374902_1",0.964710309713299,0.94456919026824,1.10529517448158,1.43778807893621,0.0101,FALSE,FALSE,19798,0.0407799235990769,0.185543459764603,0.189972044338543
"5897374902_2",0.94047667300365,0.99049298203746,1.07861933659957,1.28384423199225,0.00419999999999998,FALSE,FALSE,19916,0.16323522317066,0.867884905084404,0.883102455300029
"5901248438_1",0.776027793467684,1.00929573832864,1.38773921822069,1.3850433955105,0.00444999999999995,FALSE,FALSE,19911,-0.56185072424475,-0.0897762463742735,0.568978040654826
"5901248438_2",1.1400994787133,1.01152048254571,0.88162210564782,1.18663742084965,0.00180000000000002,FALSE,FALSE,19964,-0.636788058876181,-1.30874815444417,1.45544521150345
"5902584179_1",0.823287794804583,0.973209048191137,1.31955810765706,2.67659051584658,0.00929999999999997,FALSE,FALSE,19814,1.36587064331728,6.75574523870701,6.89243761992725
"5902584179_2",0.830216139484533,0.979440687742028,1.2911497213051,2.07234369105515,0.02325,FALSE,FALSE,19535,1.1024541129277,6.38877844936296,6.48320099535375
"5902584179_3",0.830126741022239,0.981158820450218,1.28839134971823,2.13020507567436,0.0159,FALSE,FALSE,19682,0.929145556474414,6.07550905090516,6.14614689807742
"5904083348_1",1.09079083455429,0.942579440260416,0.978171689685423,1.21606262880988,0.00870000000000004,FALSE,FALSE,19826,-2.1295015625771,6.41247527986357,6.75681997095377
"5908642857_1",0.990527557331189,0.984360978704922,1.02611515812539,1.02055277284879,0.0215,FALSE,FALSE,19570,-0.0611068596232389,0.820623928503372,0.822895910990766
"5908939063_1",0.926232304535515,0.942533840500642,1.16361960289809,1.12094363617935,0.0544,FALSE,FALSE,18912,0.73205911173177,3.37816320396369,3.45657303925199
"5909251651_1",0.987600525178762,0.888013271736501,1.16098772128012,1.15824755411604,0.0309,FALSE,FALSE,19382,-1.30727144775217,4.98757715392563,5.15605319061672
"5909263547_1",0.84089289970203,0.9783661321809,1.26794832826322,1.60290136182604,0.23125,FALSE,FALSE,15375,-9.2608853472429,19.9810331922528,22.0228446129169
"5909391621_1",0.905156074300003,1.00325043605692,1.11301801086229,1.25975582709626,0.01625,FALSE,FALSE,19675,-0.674614845956656,4.68700863059892,4.73530939788457
"5909391621_2",0.974133334319223,0.998929898361441,1.02840957234911,1.04954351010269,0.05855,FALSE,FALSE,18829,-0.360367302228604,0.419976247446585,0.553393748550557
"5909391621_3",0.952163520755712,1.0045602762742,1.04788872268255,1.03920059821839,0.0597,FALSE,FALSE,18806,-0.281368260503179,4.42587992630106,4.43481467708102
"5909391621_4",0.920853483822146,0.998055075065433,1.09636836992037,1.09745373286711,0.0690499999999999,FALSE,FALSE,18619,-0.430242513833501,6.56860535336361,6.58268067803284
"5909391621_5",0.911814008017951,0.997712444372093,1.10988738760663,1.0903868185555,0.0491,FALSE,FALSE,19018,-0.119532474309292,5.85600899727603,5.85722881477174
"5920116057_1",0.974775236816831,1.04071788369817,0.986925909205123,1.38791929816799,0.002,FALSE,FALSE,19960,-2.00373641788804,3.40497081924785,3.95079560497632
"5920116057_2",0.972322423050415,1.04866196693413,0.982377684177878,1.41294562723367,0.00109999999999999,FALSE,FALSE,19978,-1.99186756299261,4.13265132951668,4.58762938780565
"5920136873_1",0.956741189980421,1.01445928302923,1.03195080047756,1.07384190557172,0.11585,FALSE,FALSE,17683,-0.915793859683101,10.1412704535462,10.1825362658526
"5932218748_1",0.867024873273549,1.01071768830687,1.16654182284654,1.11615685279114,0.02445,FALSE,FALSE,19511,0.395229812830689,6.16895583163024,6.18160356683886
"5935317103_1",0.976558398807529,1.00039525805419,1.02418007063139,1.02047058913565,0.0215,FALSE,FALSE,19570,-0.32044103035142,1.0542107224307,1.10183605913972
"5935381996_1",1.01420442968267,0.988645494082337,0.997485759064131,0.993763821188004,0.0585,FALSE,FALSE,18830,-0.0559941841742073,-0.0521561118424718,0.076521948902648
"5935381996_2",1.01115613834218,1.01076652514118,0.97877536015795,1.00047080090029,0.0283,FALSE,FALSE,19434,-0.559165045465215,-2.05160371994703,2.12643912957098
"5935395217_1",1.02135869409359,0.967024282135674,1.01336440799232,1.09790333163356,0.0576,FALSE,FALSE,18848,-4.66770817281042,3.56400070667051,5.87278474181279
"5935400144_1",0.970372827718551,0.988287593804548,1.04425877131677,1.06626050294178,0.00285000000000002,FALSE,FALSE,19943,-0.0825295101944401,-0.486767076019401,0.493713789912143
"5935535087_1",0.981436488171252,1.00095303185811,1.01829106279237,0.981637312394669,0.1964,FALSE,FALSE,16072,0.470290776204696,-2.64190133798712,2.68343363879961
"5936002832_1",0.92276000248737,0.981079008286174,1.11481639250233,1.07632027108689,0.12915,FALSE,FALSE,17417,-0.257866664898243,1.66785515775836,1.68767178210898
"5938311177_1",1.02394958813473,0.990407635734181,0.986481112651465,1.06666983321904,0.0444,FALSE,FALSE,19112,-0.171297382474678,7.18030829595914,7.18235128758419
"5938398546_1",1.01914911813123,1.01393779151375,0.968489685359583,1.44319760292114,0.00555000000000005,FALSE,FALSE,19889,-0.367222308544191,2.58264046094865,2.6086172533397
"5938500810_1",0.955791716069986,0.973643952430762,1.07912412667314,1.083133023753,0.05725,FALSE,FALSE,18855,-1.49711592610202,5.34337803487388,5.54914812559198
"6129963470_1",0.993527639996119,0.997751256305571,1.00884590011757,1.00992709949033,0.0133,FALSE,FALSE,19734,0.0254601143780953,1.57626504999586,1.57647065474198
"6130018268_1",0.948293272786398,1.01360191117998,1.04286891103403,1.11824438080891,0.0113,FALSE,FALSE,19774,0.98611220532635,1.00515355051611,1.40810189319124
"6130158334_1",0.76221503883258,1.00341097794453,1.44627033611954,1.68601676146541,0.39885,FALSE,FALSE,12023,2.31657666120505,4.87660399515812,5.39886969215151
"6130182430_1",0.995616455295958,0.998378115493261,1.00606391347447,1.1645730960517,0.03265,FALSE,FALSE,19347,0.0208056977336057,1.96008482977881,1.9601952497104
"6131109270_1",0.836900352221749,0.976066572685066,1.28107514747392,1.15622653400722,0.0488499999999999,FALSE,FALSE,19023,0.786676291349486,11.9968808980348,12.0226457516223
"6131161103_1",0.811139141677305,0.977653350409557,1.34352900680434,1.19679861524977,0.055,FALSE,FALSE,18900,-0.428795433771889,0.188823902368779,0.468529604325486
"6131161103_2",0.80782387707937,0.977332884711347,1.35333823608388,1.19336893951233,0.0537,FALSE,FALSE,18926,0.147434622253556,1.85070815675283,1.85657147702708
"6133223497_1",1.02301028669412,0.971860217313645,1.00650386183165,1.0633777065178,0.0103,FALSE,FALSE,19794,1.69335513029106,-0.112017115411955,1.69705610733066
"6147724004_1",0.787434152076049,1.00275883850551,1.36462176327861,2.00305787025535,0.00255000000000005,FALSE,FALSE,19949,-0.395618442124046,4.53089987603921,4.54813892031024
"6147724004_2",0.726472831214637,1.08859348156471,1.41870238614381,1.53654642102383,0.02455,FALSE,FALSE,19509,1.33436422629929,5.60553501578958,5.76216545247274
"6150412536_1",0.949294782464877,0.996137498397396,1.06077277808023,1.06231723201438,0.00800000000000001,FALSE,FALSE,19840,-0.132804687581201,-0.240812398068457,0.275004901969077
"6150602557_1",0.930538834663378,1.02031694953055,1.05790303761258,2.43923334613732,0.00114999999999998,FALSE,FALSE,19977,0.30231238040368,0.412671877025161,0.511557282650545
"6150602751_1",0.876147357446951,1.01828358235833,1.14077795544721,1.18396797515626,0.01535,FALSE,FALSE,19693,-0.00146357556102261,6.27011300657638,6.27011317739096
"6150602751_2",0.851661224681268,1.01614090442586,1.1880594600191,1.18208727950227,0.00990000000000002,FALSE,FALSE,19802,0.00840629894058309,5.2051931498632,5.20519993787411
"6150602751_3",0.739414670116498,1.00568434135809,1.53085175844176,1.24381748275973,0.13415,FALSE,FALSE,17317,1.52521475326584,5.65110660235755,5.85331409329696
"6150602751_4",0.74672743925426,1.02133837502587,1.46688683649348,1.22039622576651,0.0974,FALSE,FALSE,18052,0.679330165076347,7.94082965386178,7.96983469495028
"6150602751_5",0.723218438845435,1.02892329429671,1.54942156467145,1.26040328962715,0.15745,FALSE,FALSE,16851,0.992524319265831,9.31800063968227,9.3707118430487
"6150602751_6",0.73615743027276,1.00140295563479,1.55521986866193,1.19935520035597,0.2479,FALSE,FALSE,15042,1.33382152065536,14.7820583249777,14.8421133324067
"6150602751_7",0.818986853406488,1.01278042732487,1.2632669425405,1.09190313896979,0.14625,FALSE,FALSE,17075,0.552667425923137,11.1262635999828,11.1399812827481
"6150602751_8",0.850298685605399,1.01788910248517,1.18832958768729,1.20725797120781,0.00609999999999999,FALSE,FALSE,19878,-0.0706865182572569,5.26230094839287,5.26277567974542
"6150621276_1",0.972124737711834,0.980685342164357,1.05082817501095,1.38451097867217,0.000249999999999972,FALSE,FALSE,19995,-0.210217819633429,0.199989146499391,0.290150289348447
"6150670333_1",1.05726846954668,1.01102908920537,0.938900826166652,1.07835076330231,0.0133,FALSE,FALSE,19734,-2.11168631648059,3.30074591705507,3.91843625802017
"6150813528_1",0.895830921857479,1.03461903428472,1.09030020708965,1.13988504834208,0.06325,FALSE,FALSE,18735,-0.936740388236823,25.421493740927,25.43874656061
"6150813528_2",0.888396707211769,0.969362645302372,1.18656185192416,1.07704675622959,0.14585,FALSE,FALSE,17083,0.385534625150452,16.3622507140391,16.366792152901
"6150913584_1",0.991013619881243,1.01468766549508,0.994621887270706,1.05410505347721,0.00639999999999996,FALSE,FALSE,19872,0.686788002108973,1.42316592141155,1.58021485871638
"6151403679_1",0.955217323574393,1.03684310860685,1.01147851916712,1.06470526205577,0.0308,FALSE,FALSE,19384,-1.417007607764,2.66328188265854,3.01678321179336
"6151480753_1",0.969830063189858,0.99569640641777,1.03673211571479,1.05051427997748,0.0579,FALSE,FALSE,18842,1.14853968947715,-2.24253913376089,2.51954860734087
"6151519769_1",0.98134130572248,0.980542990518442,1.04042742811298,1.129645468974,0.0112,FALSE,FALSE,19776,-0.536278096743226,1.80962909269471,1.88741930957951
"6151519769_2",0.98269551152805,0.982617024604346,1.03659135935747,1.17702685447475,0.01305,FALSE,FALSE,19739,-0.552815297684695,1.79728128074712,1.88037888614987
"6151558734_1",0.966639164284888,0.829001873941699,1.31714488876355,1.32878646064889,0.03145,FALSE,FALSE,19371,-6.52413685985198,13.0922098775716,14.6277244041739
"6151726643_1",0.990741932291959,1.01329256872792,0.996240572863148,1.09004291826125,0.01775,FALSE,FALSE,19645,-0.0667534090093014,0.242287857801671,0.251315386819999
"6151781517_1",0.82161010695551,0.95406720723201,1.36103772896129,1.12628332566526,0.2185,FALSE,FALSE,15630,3.61411728665137,5.75370006684157,6.79462347896076
"6151938103_1",0.907071217467451,0.927918972779117,1.21970492573014,1.17124961033916,0.1292,FALSE,FALSE,17416,1.30516340448175,5.47134028258881,5.62485697598414
"6151997183_1",0.750199300359325,0.986749029742071,1.53000656246739,1.3314775226726,0.07015,FALSE,FALSE,18597,-4.71729689244804,19.737876164454,20.2937587808376
"6151997183_2",0.801129673941798,0.995493936910759,1.33826498802135,1.17453558690975,0.0597,FALSE,FALSE,18806,-2.62558456255266,18.2927242014327,18.4801908270666
"6152101012_1",1.13764512115319,0.920866091584019,0.96613032576041,1.16566269837172,0.00775000000000003,FALSE,FALSE,19845,-1.96028755045863,17.11133409954,17.2232541044531
"6152101012_2",1.0504158167746,0.975784268843795,0.977345740435142,1.63878236999223,9.9999999999989e-05,FALSE,FALSE,19998,-6.16374834015479,18.5724729291419,19.5685600978832
"6152101012_3",1.0316848028718,0.961327894783508,1.00960751643918,1.51573753091796,0.000299999999999967,FALSE,FALSE,19994,-2.42107165289299,16.3110018331549,16.4897049321577
"6152261957_1",0.867523492683035,1.03390528188914,1.13625146228427,1.23453559356062,0.00575000000000003,FALSE,FALSE,19885,-1.52360508082583,4.56524241693508,4.81277578614478
"6152304468_1",0.915924459202464,1.00244755575528,1.09811855673761,1.06568580611265,0.04295,FALSE,FALSE,19141,0.130814431854476,7.10794721848198,7.10915086886663
"6152304468_2",0.919316290011692,1.00530935312782,1.08989876937263,1.08230634500656,0.0385,FALSE,FALSE,19230,-0.115785324752787,6.44395665445008,6.44499678866169
"6152304468_3",0.96511435480091,1.00407687371667,1.03314998505826,1.05302731647481,0.0473,FALSE,FALSE,19054,0.147961701997351,4.49177487925145,4.49421119120279
"6159260307_1",1.00621042067044,0.999288397376517,0.994569669459852,1.00713584311095,0.0113,FALSE,FALSE,19774,-0.206322420568283,1.1246126675752,1.14338208543765
"6171372651_1",0.817113423804674,1.00902125290032,1.27369017239491,1.26081946237052,0.0236,FALSE,FALSE,19528,0.540175069217164,8.76208940643221,8.77872427358983
"6178721260_1",0.915631703424376,1.01994194953655,1.0782718986432,1.28320551668161,0.00434999999999997,FALSE,FALSE,19913,-1.60819564903997,3.68636685280825,4.02188933451363
"6179151293_1",0.990192156670195,1.00033042657365,1.00966723308177,1.15348912220649,0.00155000000000005,FALSE,FALSE,19969,-0.0437495248925002,-0.240904891944349,0.244845232526668
"6179358265_1",0.891381121210575,1.01780865931783,1.11651694789199,1.24238998657874,0.00729999999999997,FALSE,FALSE,19854,0.830524293066598,5.3622328813711,5.42616918971673
"6182487623_1",0.925539686556209,0.989010071346071,1.10079149283359,1.06646003589554,0.0294,FALSE,FALSE,19412,-0.0941424614779307,-0.429421540270813,0.439619906625805
"6182678477_1",0.949817373536536,0.994939156943152,1.06148160869053,1.04233476834845,0.0229,FALSE,FALSE,19542,-0.127631609136369,-0.408170740147984,0.427660122952435
"6182924222_1",1.01383878552145,0.979593175415945,1.00723400563557,1.05402046520553,0.005,FALSE,FALSE,19900,-0.437334583912152,-0.191064289836607,0.477249516643424
"6184766865_1",0.79180936363623,1.02031826475716,1.32103293011239,1.24105102241417,0.06355,FALSE,FALSE,18729,4.17792509713139,12.5187140380369,13.1974717004199
"6185011949_1",0.94810136851882,0.980941630421129,1.08010978395662,1.10228117497016,0.02865,FALSE,FALSE,19427,-0.807781339004665,1.3302880554485,1.55633447629779
"6185605820_1",0.976967530249921,1.00484920360673,1.01910793624099,1.09620940778718,0.00975000000000004,FALSE,FALSE,19805,0.288188971427628,1.15745912173215,1.19279692392858
"6185605820_2",1.00700717126548,0.998944341468532,0.994132986637652,1.12589714384488,0.00670000000000004,FALSE,FALSE,19866,0.154357196852251,1.39455903048158,1.40307556236926
"6185605820_3",0.990495879915746,1.00866114644611,1.00100955816187,1.06062461759469,0.0115499999999999,FALSE,FALSE,19769,-0.0775521864477269,3.04395884798454,3.0449466021338
"6186037016_1",0.912286549387594,0.990504142030193,1.11823515582339,1.0729929882992,0.0161,FALSE,FALSE,19678,0.241067744841061,1.00438882988731,1.03291363588887
"6186037016_2",0.905365405695299,0.990939498633909,1.12824762964022,1.07752178355433,0.01635,FALSE,FALSE,19673,0.244843477844758,1.37826958091423,1.39984833689818
"6186037016_3",0.982342779177836,1.00588508483318,1.01227274321654,0.993893183498896,0.08275,FALSE,FALSE,18345,0.0742942561489657,0.273261613977005,0.283181119021106
"6186037016_4",0.986892185056086,1.00241455123426,1.01099270215754,1.00645729467993,0.02175,FALSE,FALSE,19565,-0.172658957621363,0.264611604362686,0.315959517676379
"6187979153_1",1.0091334948405,0.870384493943757,1.16261048965794,1.86806137522559,0.00224999999999997,FALSE,FALSE,19955,1.14081142376665,7.37862868221484,7.46629840915831
"6188389987_1",0.860999494932179,0.978246910757024,1.22500631207273,1.13874383680092,0.12925,FALSE,FALSE,17415,-0.191419119387026,2.00633862479607,2.01544931879109
"6188507246_1",0.766688787430896,0.96862825325082,1.50760890551481,1.37165782980074,0.0231,FALSE,FALSE,19538,-3.71601143716024,12.2906257587383,12.8401021235218
"6188507246_2",0.775673459736287,0.978960462083546,1.45073451295748,1.29640971229771,0.01135,FALSE,FALSE,19773,-1.8730199181089,10.3740382097922,10.5417679917489
"6188625864_1",0.879655608834798,0.986362413879682,1.17734968308694,1.1031918475482,0.0931999999999999,FALSE,FALSE,18136,1.39582311649106,3.49217421451458,3.76079817552754
"6188625864_2",0.887639897895999,0.985867819849502,1.16403288328641,1.08830080684414,0.0945,FALSE,FALSE,18110,1.49508967788026,3.5910887975249,3.88988584621874
"6195224495_1",0.93461058882687,0.969557234377006,1.11279633568804,1.10121700915725,0.0253,FALSE,FALSE,19494,-1.286863386849,8.90263400507945,8.99516034347411
"6195244291_1",1.01935483062384,0.97360191563356,1.00819308488729,1.0359091868532,0.00775000000000003,FALSE,FALSE,19845,-0.108085413945469,0.058308056955747,0.12280995974968
"6195244291_2",0.996724398570501,0.976515335785442,1.02810407186721,1.03461329601658,0.05935,FALSE,FALSE,18813,-0.23364772400053,3.15149877961944,3.16014806882106
"6195244291_3",0.999285228843932,0.985855938166834,1.01529261032578,1.00681475718338,0.0244,FALSE,FALSE,19512,0.0398705687693623,0.0303011504712014,0.0500781586509612
"6195360396_1",0.973979627515559,0.991458933890462,1.03662410011607,1.00356455184723,0.07415,FALSE,FALSE,18517,0.139609246992189,-0.259663074518368,0.294814609736454
"6195555284_1",0.854797809786387,0.933584017913063,1.31753723237071,1.20736232890172,0.07195,FALSE,FALSE,18561,-0.63361196502848,8.77938119332997,8.80221553133205
"6195827532_1",0.971671450802661,1.03351078943563,0.996740881167246,1.02513830221536,0.0815,FALSE,FALSE,18370,1.07141037621361,4.26561094465614,4.39810833488995
"6195827532_2",0.943357747625831,1.01186526698404,1.05077017083539,1.03637035472871,0.07375,FALSE,FALSE,18525,1.50575474250975,5.67283025241945,5.8692674515101
"6195845107_1",0.943072270556149,0.992996619188315,1.07229049681367,1.03861566406813,0.0241,FALSE,FALSE,19518,0.0761121113372898,0.743107264564413,0.746994953222995
"6195893840_1",0.877528130086428,1.0311528788316,1.12277917073987,1.07372972299803,0.07895,FALSE,FALSE,18421,2.54057752919246,7.64712263732696,8.05810268066597
"6195893840_2",0.977870249608439,1.01026901794036,1.01262328277146,1.0542849827049,0.02815,FALSE,FALSE,19437,0.673565504068108,5.45506372214404,5.49649076237944
"6195893840_3",0.924285196387165,1.01056480872517,1.07696275650261,1.05262800965355,0.02625,FALSE,FALSE,19475,4.22639440734734,8.69682802430711,9.66939643260273
"6196022717_1",0.93605235145097,0.962377432496774,1.12033479814914,1.07056739699127,0.1186,FALSE,FALSE,17628,-0.574773620800939,6.17781640522383,6.2044967766791
"6234203876_1",0.966327851469847,1.00185001098102,1.03412496096673,1.03716763462563,0.0429,FALSE,FALSE,19142,0.0814583313464845,2.34598072341431,2.34739451613428
"6234204376_1",0.947589501553204,0.985229734348626,1.07561692694794,1.02505103470122,0.04825,FALSE,FALSE,19035,1.37487667725578,0.577171861754833,1.49111140954103
"6234204376_2",0.9237451597894,0.985813264893288,1.10734680321645,1.05953171462116,0.02915,FALSE,FALSE,19417,0.313247828305163,-0.727885592537958,0.792427686140657
"6234204376_3",0.948228535613466,0.979580854188564,1.08159892223159,1.03066683029652,0.05205,FALSE,FALSE,18959,1.35743410460648,-0.28263974390299,1.38654699638431
"6234204376_4",0.947356887989143,0.969695608841491,1.09507417934346,1.80857590313352,0.000499999999999945,FALSE,FALSE,19990,-0.134823757874603,-2.15740644712286,2.16161514238189
"6234204376_5",0.91543357474504,0.977155385116505,1.13091115514373,1.11215053646107,0.00995000000000001,FALSE,FALSE,19801,0.77042007162037,1.75041304544554,1.91245729793412
"6234204376_6",0.908665182816169,0.989127643926914,1.12550156612662,1.12004465686679,0.0182,FALSE,FALSE,19636,0.442169097249062,2.05563427553871,2.10265208375794
"6234204376_7",0.963858357686986,0.994351915241089,1.04512538556938,1.0424600848433,0.04345,FALSE,FALSE,19131,0.856790901675675,0.140382566659714,0.868215361656418
"6234204376_8",0.951082580508313,0.989655394648376,1.06596869186881,1.00927998836667,0.1348,FALSE,FALSE,17304,0.836235014860687,0.973733046915015,1.28352835836745
"6234204376_9",0.919590188886171,0.985553273005231,1.11370903932922,1.06845712750721,0.0268,FALSE,FALSE,19464,0.327382752128097,1.25023663270588,1.29238968742044
"6234359675_1",0.861419986638103,0.945329679194122,1.27992781540972,1.15918322137406,0.11585,FALSE,FALSE,17683,-6.03398853255449,10.7688825186425,12.3441422671372
"6234359675_2",0.845746951112452,0.962952160597145,1.28346630542148,1.14293787636713,0.1136,FALSE,FALSE,17728,-2.39002489718379,7.21269606940551,7.59836848269259
"6234429324_1",0.667906912377211,1.06669455630603,1.76894130189442,1.42400407524268,0.0688,FALSE,FALSE,18624,0.910339013493716,7.832859209319,7.88558181192118
"6234429324_2",0.649669761785113,1.07945040634413,1.87140077638024,1.45398289644402,0.0498499999999999,FALSE,FALSE,19003,2.14034880301456,9.09788431132115,9.34626085345093
"6234429324_3",0.654331620980005,1.06852561586847,1.86618014539311,1.46318386430428,0.04825,FALSE,FALSE,19035,1.88018594770695,10.338709991545,10.5082835652273
"6234523724_1",0.924744152049148,0.991302108402849,1.09908757095846,1.05099127618428,0.00954999999999995,FALSE,FALSE,19809,0.121421518152642,-2.60949207314478,2.61231546044423
"6234549922_1",0.987393024369064,1.00766505572582,1.00518796727326,1.12280764263938,0.000199999999999978,FALSE,FALSE,19996,0.091198688889238,-0.570979937738203,0.578217338165017
"6234689323_1",1.00809074475398,1.02813612038035,0.965817820834357,1.04493195782687,0.01295,FALSE,FALSE,19741,0.626191223596029,0.105562120435287,0.635026621315584
"6234805142_1",0.923341505706126,0.999052072981711,1.0916693671306,1.095141905244,0.01945,FALSE,FALSE,19611,0.268230664886848,3.29078664772748,3.30170023630964
"6234805142_2",0.916117799079962,0.99892451314289,1.10209757525605,1.07686111690178,0.03845,FALSE,FALSE,19231,0.186563131551631,3.69285235961383,3.69756194700775
"6234805142_3",0.924140405178472,0.983805316404732,1.10932131221176,1.07876528413445,0.046,FALSE,FALSE,19080,0.583702383201157,3.88763982316032,3.93121506239187
"6235047642_1",0.7603060551551,0.97051438279441,1.52821367982456,1.45533643934164,0.00875000000000004,FALSE,FALSE,19825,0.156468917368424,3.04646427106288,3.05047981094206
"6235047642_2",0.753905335417933,0.949403784503224,1.6121728074868,1.65305327020752,0.00170000000000003,FALSE,FALSE,19966,-6.48198597552954,9.81328168278488,11.7608094777801
"6235116701_1",0.908332594312505,0.95634837073204,1.17173182087139,1.18082400050131,0.0221,FALSE,FALSE,19558,-4.72366739291311,4.94405904457687,6.83789101076734
"6235134506_1",0.985724658624023,1.01456038955474,1.00013066787061,1.11238570159721,0.00209999999999999,FALSE,FALSE,19958,-0.0197316946977943,0.153264700947231,0.154529635772855
"6235225665_1",0.95928813178889,0.987621680682074,1.05817096900554,1.07161957181139,0.0316,FALSE,FALSE,19368,0.102263710911821,1.11578897753397,1.12046548762368
"6235333637_1",0.872989293746441,0.973867479503144,1.20820103822181,1.12911930532678,0.0812,FALSE,FALSE,18376,0.576952445239698,1.54459526239943,1.64883251080722
"6235582306_1",0.94114581505063,0.892377150295878,1.22419554160774,1.18395083346708,0.00954999999999995,FALSE,FALSE,19809,-8.59627157361054,20.3200446917388,22.0635468871514
"6235588047_1",0.965168381618549,0.934599329111567,1.11865065851053,1.1147653216531,0.04155,FALSE,FALSE,19169,0.535993958161674,-0.0836901539513324,0.54248830867975
"6235731444_1",0.825370621376119,1.00470885502701,1.26085937207909,1.1782857831117,0.0731000000000001,FALSE,FALSE,18538,1.41289176097747,7.50066767972135,7.63258008604263
"6235798149_1",0.884034679013158,0.98736311282515,1.16819149919378,1.08879062030607,0.1002,FALSE,FALSE,17996,1.48420719541542,3.45205578952243,3.75760032106906
"6235973787_1",0.958548366573514,0.89309220008899,1.19467090321366,1.15815168853223,0.023,FALSE,FALSE,19540,3.09619285640828,5.96910946697971,6.72433476507977
"6236036967_1",0.932940948653323,0.969337804847671,1.11546303735645,1.06728452093344,0.08595,FALSE,FALSE,18281,-0.66240509727411,5.84895189003247,5.88634170982361
"6236206157_1",0.928894615286248,0.975914638340563,1.11262944283104,1.30444288121844,0.00414999999999999,FALSE,FALSE,19917,-0.800322752334548,5.63719362955162,5.69372185173825
"6236316255_1",0.885987118635798,0.980923539757735,1.17389083191269,1.10592404982951,0.00775000000000003,FALSE,FALSE,19845,0.632567512602572,3.57645408319074,3.63196440885259
"6236316255_2",0.860532189798631,0.99914841248577,1.19463450221171,1.11779420309494,0.03815,FALSE,FALSE,19237,-0.22109681270005,5.37334304061896,5.37788984944414
"6236316255_3",0.865337743258097,0.996106913783946,1.18980543663068,1.07636836014332,0.0118,FALSE,FALSE,19764,0.931029466420569,6.99789390956057,7.05955629177984
"6236404779_1",0.912648778202501,0.974470735279186,1.13883522401296,1.13257314561362,0.0409,FALSE,FALSE,19182,-3.63658813175005,7.74276295278916,8.55424756381703
"6236445573_1",0.983643903115846,0.985718762370557,1.03211552704571,1.02922219430287,0.0195,FALSE,FALSE,19610,1.04251657534249,1.67271249805194,1.97099160602043
"6236445573_2",0.939876663796504,0.974714146013596,1.09879388105041,1.07418237376828,0.01195,FALSE,FALSE,19761,1.09137295442274,1.72859953974704,2.04429726176481
"6251613650_1",0.888711536363866,0.982924220629107,1.16631260055994,1.1251120290412,0.00644999999999996,FALSE,FALSE,19871,0.142708124038327,1.30740132598099,1.31516684715035
"6252049351_1",1.04524659340024,1.03301277435448,0.930019976613484,1.13012296981449,0.06795,FALSE,FALSE,18641,-0.995012859748123,6.53822503369441,6.61350415304114
"6252049351_2",0.951010553002306,0.948002830514847,1.11902161615324,1.13000700900602,0.0457,FALSE,FALSE,19086,1.06692421795082,3.07416250518607,3.25404400633149
"6252512850_1",0.708382225437692,0.835706143702922,2,1.43519651949487,0.358,TRUE,FALSE,12840,-3.80594671336626,27.0754851531734,27.3416738087612
"6252512850_3",0.763070167416271,0.997565947387102,1.45546735223813,1.39157290813869,0.1668,FALSE,FALSE,16664,-4.61826749655819,19.7674979358242,20.2998120511639
"6252512850_5",0.736380996519537,0.791070595718883,2,1.46800657813873,0.18185,TRUE,FALSE,16363,-1.72808996824708,20.0553498176359,20.1296634657936
"6252512850_6",0.817966908496612,0.907075891732824,1.48145280002083,1.21728356138559,0.09835,FALSE,FALSE,18033,-0.0536853742462706,18.58754446529,18.5876219933734
"6252512850_8",0.733562210727049,0.914122922365573,1.8421487727219,1.29747296330905,0.30625,FALSE,FALSE,13875,-3.69824923105777,22.7772697966529,23.0755512775867
"6253029940_1",0.752228312905364,0.983287643398912,1.52994101379409,1.30661804505613,0.1725,FALSE,FALSE,16550,-1.92033150444837,20.2176018178011,20.3085966120294
"6253029940_3",0.937306484149529,0.97724629545663,1.09910688596237,1.02252771798057,0.41385,FALSE,FALSE,11723,-1.89107191202137,13.6582894877415,13.7885831290741
"6253029940_4",0.940698687739202,0.998628186224027,1.06884807925516,1.02851051296806,0.2037,FALSE,FALSE,15926,-0.964288355088744,6.13942521100839,6.21469178264901
"6253029940_5",0.778614167727116,0.959221398509125,1.48554274898157,1.21271371148709,0.17145,FALSE,FALSE,16571,0.550302801222757,13.8577647356584,13.8686869112361
"6253029940_6",0.782968026743377,0.969495313681294,1.4464576260561,1.20661377314434,0.08295,FALSE,FALSE,18341,1.56181702212693,10.3227414660354,10.4402233589714
"6253029940_7",0.768055990632576,0.974499250873669,1.4884418028714,1.20211416175806,0.14815,FALSE,FALSE,17037,1.37123287550917,11.0267071279186,11.1116402787243
"6253166839_1",0.958226581603154,0.926204395669556,1.14060175039691,1.13138020359133,0.1462,FALSE,FALSE,17076,1.14580045484844,-0.833914883453468,1.41713539055946
"6253237997_1",0.932262058643073,0.947647896942092,1.14666277934623,1.11540020941523,0.09475,FALSE,FALSE,18105,-5.43647030230054,20.2040407765174,20.9226784386458
"6253318016_1",0.898948710419799,0.943971093942918,1.20738677712093,1.11788049978345,0.0482,FALSE,FALSE,19036,-2.00283526768491,6.7637263372922,7.05403027178524
"6273437537_1",0.784481363459743,1.05428991511239,1.28738774773327,1.19257459095246,0.1218,FALSE,FALSE,17564,0.0980613135888042,16.6083757170103,16.6086652076138
"6273665794_1",1.02980907471537,0.983516099480657,0.987960670484716,1.03168573068611,0.0219,FALSE,FALSE,19562,0.184216647297536,1.42178632413428,1.43367085645095
"6273757475_1",0.858330668855189,1.02641209178866,1.16187162504525,1.12475270036059,0.0819,FALSE,FALSE,18362,0.682533665341184,5.96679797679655,6.0057081431108
"6273766836_1",0.939852028244179,1.00563144463261,1.06201912279543,1.05186622090209,0.06125,FALSE,FALSE,18775,0.195690679555494,0.461427321390651,0.501208554386935
"6273785859_1",1.0394039212325,1.02115640024644,0.944618710662026,1.37518472231163,0,FALSE,FALSE,20000,-0.271341230556194,0.432917600877936,0.510924370675012
"6273785859_2",1.02273568337772,1.01409176923627,0.965133384933552,1.18138905061304,0,FALSE,FALSE,20000,-0.11503601711893,-0.148203290129612,0.187609968924438
"6273785859_3",0.95712942672258,1.01477286464996,1.03117550374145,3.72459214597013,0,FALSE,FALSE,20000,-0.468756434666817,-2.5995265059062,2.64145237510549
"6273795727_1",0.906874880695443,0.971905886706179,1.1515353158586,1.07241229168546,0.0740499999999999,FALSE,FALSE,18519,-0.50783099343138,1.75611224769618,1.82806524620924
"6273919964_1",0.935637923870739,1.00904302433258,1.0636346340545,1.0991140195113,0.0271,FALSE,FALSE,19458,0.206647824159967,0.194318794725956,0.283660214365351
"6273997988_1",0.846811448676045,0.963037324851983,1.28087185860353,1.52822669214242,0.0277500000000001,FALSE,FALSE,19445,0.415768168291142,5.87651361890078,5.89120322878871
"6273997988_2",0.826902062917839,0.983534825996141,1.29211298562402,1.42730145446984,0.01235,FALSE,FALSE,19753,-1.13219669743009,6.2803708496834,6.38160852538172
"6273997988_3",0.784479620862867,0.958178205272935,1.46708787642718,1.46558208172677,0.0102,FALSE,FALSE,19796,-0.135412035145138,2.46155090211579,2.46527265489423
"6273997988_4",0.965193177620092,0.890973609766767,1.18825489739767,1.19836425540675,0.01425,FALSE,FALSE,19715,0.390169514306593,11.7515038103831,11.757979165458
"6274066790_1",0.960113952962098,1.01731501193341,1.02513921139426,1.13867307926395,0.01405,FALSE,FALSE,19719,0.232040118118726,0.0432480811874969,0.236036041618547
"6274066790_2",0.956189224695853,1.02103181443121,1.02587199218129,1.16864775720116,0.02625,FALSE,FALSE,19475,0.0253676927701729,0.826461025074954,0.826850255974094
"6274066790_3",0.931245643966086,1.0142307219938,1.06360289618914,1.1670356300781,0.0241,FALSE,FALSE,19518,0.322816486916094,2.82561607260254,2.84399660231419
"6274066790_4",0.925340192985526,1.0232202223103,1.06156025277157,1.21202213275189,0.03335,FALSE,FALSE,19333,1.37223592578467,0.999612351957713,1.6977209105741
"6274066790_5",0.940006858573165,1.01382182493335,1.0528406382565,1.18604499344247,0.00934999999999997,FALSE,FALSE,19813,0.150073137480222,2.05727986222899,2.06274631938251
"6274163574_1",0.923672105677063,0.985256785612283,1.10815492297692,1.09631297779198,0.0373,FALSE,FALSE,19254,-0.647077958619402,9.86138396424978,9.88259093430937
"6320063847_1",0.832984158677585,1.01267055625794,1.23151344426526,1.52538801874413,0.12405,FALSE,FALSE,17519,-0.242788482996137,11.7627071323364,11.7652125067333
"6320162773_1",0.979423706356468,0.953952552975756,1.07443553708142,1.20832260570591,0,FALSE,FALSE,20000,-0.626899234828893,1.04889470706606,1.22195857423247
"6320162773_2",0.934471906083473,0.970784998785574,1.11137948739489,1.02149184671926,0.1148,FALSE,FALSE,17704,-0.75505853943536,4.25673040049842,4.32317789369137
"6320273853_1",0.816591962551801,0.934890765419064,1.41692330094829,1.47119314915528,0.1863,FALSE,FALSE,16274,-1.73671200674341,12.6781715971583,12.7965699951728
"6320341847_1",0.808195975208809,0.970625943145109,1.36534924676271,1.31606970916635,0.01,FALSE,FALSE,19800,-0.569201479104359,-0.311968465111856,0.649087549594688
"6320341847_2",0.852620444648338,0.960777497188872,1.27174449905283,1.26692438062414,0.00265000000000004,FALSE,FALSE,19947,-0.298296992869818,0.830591567939409,0.882532406593221
"6320373829_1",0.986622683856225,0.992146206376294,1.02194594065915,1.01317711634412,0.0165999999999999,FALSE,FALSE,19668,-0.00788973948534499,2.85234009175127,2.85235100347079
"6320380487_1",1.01966812835194,0.996678135173772,0.984294771512125,0.995661499399596,0.04835,FALSE,FALSE,19033,-0.258358834380024,0.84932361933725,0.887749907162108
"6320382055_1",0.861277497045456,0.845296731407213,1.52458198226917,1.88817137561941,0.0358000000000001,FALSE,FALSE,19284,-12.358237065101,17.370123788788,21.3177677957861
"6320382055_2",0.867784331894561,0.850210815779104,1.48928961411357,3.74891439373486,0.01425,FALSE,FALSE,19715,-9.21024135122367,14.7267231372625,17.3696551522871
"6320382055_3",0.900601587476077,0.795717690980887,1.58001851446042,1.68667902023083,0.00160000000000005,FALSE,FALSE,19968,-6.98576578709101,12.3153394794056,14.1586902687041
"6320382055_4",0.951227845348672,0.848187854235759,1.29913481954574,1.41142393481773,0.00419999999999998,FALSE,FALSE,19916,-10.7700399772728,19.2819137506124,22.0858769125907
"6320384399_1",1.05092172961723,0.910377219491666,1.0526220646575,1.34327712704474,0.01175,FALSE,FALSE,19765,0.760913840445132,5.75595292911144,5.80602996846619
"6320406745_1",0.845345695006048,1.00214089852762,1.2207205239251,1.16857113408824,0.16545,FALSE,FALSE,16691,-0.155969266816269,7.33363260433757,7.33529096816168
"6320418353_1",0.94889899525849,1.22218649787365,0.88657094154254,1.52113229964159,0.0336,FALSE,FALSE,19328,-4.52764041469844,18.7223334592282,19.2620169733947
"6320722496_1",0.985463807873991,0.95218719025317,1.06947785456328,1.17238671620657,4.99999999999945e-05,FALSE,FALSE,19999,-0.595180888166402,2.23691622960962,2.31474286000183
"6320748578_1",0.971712249689781,0.964036582204912,1.07114121046353,1.05386849482041,0.26285,FALSE,FALSE,14743,-0.502768225275896,6.26126440848596,6.28141766493202
"6320781356_1",0.785168319750708,0.983179473709662,1.4098815535814,1.36730482872041,0.01325,FALSE,FALSE,19735,-2.62535019228266,8.34473945305179,8.74797920501859
"6320781356_2",0.822955532193814,0.983205217141167,1.30244650842887,1.26236113758848,0.0391,FALSE,FALSE,19218,-5.63671323374404,12.5172370233976,13.7278461085263
"6320781356_3",0.838390345655138,0.917030855846909,1.3951626140995,1.29957036168218,0.02565,FALSE,FALSE,19487,-9.12388233293121,14.0741174006677,16.7727758416116
"6320822987_1",0.763225512044207,0.942079043801314,1.59162371568894,1.24679859244824,0.03615,FALSE,FALSE,19277,-0.0433835258719095,2.62075744506127,2.62111650182917
"6320822987_2",0.867576743081555,1.13214283765201,1.03725461442812,1.31659324236049,0.0163,FALSE,FALSE,19674,2.80528836619895,12.2369848204956,12.5544191548065
"6320822987_3",0.93228921159244,1.14147659482871,0.951191314072147,1.502939052785,0.00490000000000002,FALSE,FALSE,19902,-5.08311362355496,0.471907990400489,5.10497220965735
"6320822987_4",0.874427292234254,1.00484776518618,1.16114522191988,1.13050371049141,0.0534,FALSE,FALSE,18932,-0.847919072866271,4.50093035524666,4.58010270811815
"6320965822_1",0.939537320575777,0.986306282134469,1.08487817144275,1.05534947246804,0.0931,FALSE,FALSE,18138,3.11503590392506,8.26546362728375,8.83296879065543
"6320965822_2",0.93694060545542,1.02017268664673,1.04990152255116,1.06517476097376,0.11785,FALSE,FALSE,17643,-1.66717925492849,5.94199436719116,6.17144907844142
"6320965822_3",0.936801179152916,1.02098888521421,1.04921330218004,1.15763651793532,0.03265,FALSE,FALSE,19347,-1.88578114870541,8.30498902981473,8.5163967337223
"6320972044_1",0.913281590677041,0.989407555938265,1.11814097263943,1.33926791894329,0.06625,FALSE,FALSE,18675,-1.83589258815603,4.62630066798213,4.97726425517253
"6320972044_2",0.83381835083373,0.971865046046711,1.29575879257746,1.31479120419532,0.0461,FALSE,FALSE,19078,-0.397840416143325,3.11261645646164,3.13793852740185
"6320972044_3",0.879172709210212,0.978760202259865,1.18924964546348,1.30044842044194,0.06815,FALSE,FALSE,18637,-2.31824956248439,4.99354890619637,5.50543474328177
"6320972044_4",0.893452719263413,0.944269530949042,1.21694928433788,1.30665838639733,0.02395,FALSE,FALSE,19521,0.45080057004343,1.44282768879427,1.51161267972417
"6320972044_5",0.895313299242579,0.967108358421949,1.17776993969757,1.22580928010329,0.01705,FALSE,FALSE,19659,-0.197753024258673,1.71191360718985,1.72329755326386
"6321182935_1",0.957151517244702,0.969658468917728,1.08231856644726,1.02970258028455,0.0409,FALSE,FALSE,19182,-0.448981760810346,4.31468626499154,4.33798365451589
"6321210968_1",0.962893570544311,0.994184061955453,1.04644799422306,0.999357336033111,0.0871499999999999,FALSE,FALSE,18257,0.288648768002164,1.13326906137062,1.16945152816567
"6333856362_1",0.943328572740186,0.885676872089032,1.23328280968467,1.16528431449173,0.01575,FALSE,FALSE,19685,-0.717369527741929,7.04857872215794,7.08498984062718
"6333856362_2",1.00002543273057,0.900230997815409,1.12460710830779,1.10962173989563,0.0475,FALSE,FALSE,19050,-1.57423877277005,20.0219643185816,20.0837566926172
"6333856362_3",0.979244080583618,0.922278979803643,1.11790109030816,1.10936334685427,0.0193,FALSE,FALSE,19614,-1.37017508647988,10.8432384751518,10.9294647808858
"6333913466_1",0.991574156696116,0.987032618915104,1.02211361680358,1.04469699098992,0.00334999999999996,FALSE,FALSE,19933,-0.0428263208463453,0.463533598646215,0.465507777412091
"6333940037_1",0.847237487828995,0.957084842516516,1.2905657917023,1.40576114394782,0,FALSE,FALSE,20000,-0.182400203000505,1.61263095221305,1.62291355964826
"6333981873_1",0.870422673496142,0.983039553306053,1.19921360052522,1.19940742282314,0.00944999999999996,FALSE,FALSE,19811,0.141071583717511,4.92218935846573,4.92421052274635
"6334095884_1",0.73080812468612,0.999722787649062,1.58384607237464,2.68873410673803,0.3645,FALSE,FALSE,12710,1.4192742563772,2.2537362334961,2.66339377955799
"6334123901_1",0.880425362983832,1.01010393774507,1.14391837443364,1.27545879541445,0.00644999999999996,FALSE,FALSE,19871,-0.00513961387588191,3.1292427829624,3.12924700372999
"6334123901_2",0.88782309851841,1.00925495966624,1.13273427769917,1.2186247677904,0.00170000000000003,FALSE,FALSE,19966,-0.129883646998508,3.01027707897981,3.01307780417115
"6334248302_1",0.990483443188234,1.05772810351349,0.956965767193275,1.06093932967511,0.0570000000000001,FALSE,FALSE,18860,0.0724412676135627,0.811292038326872,0.814519802525408
"6334291537_1",0.885902794447905,0.930393463916005,1.25566004449014,1.32796803685413,0.0817,FALSE,FALSE,18366,0.655865062655997,9.57607609574362,9.59850990372387
"6334361330_1",0.996754870617373,1.00011918773156,1.00314638972253,1.0186984392692,0.0168,FALSE,FALSE,19664,-0.0265247573340566,-0.0872628271779474,0.0912050643260499
"6334546589_1",0.91887669823413,0.973776101965528,1.13021859550638,1.17865918302566,0.00219999999999998,FALSE,FALSE,19956,-0.711560119417892,4.13231199629074,4.19312773931756
"6334546589_2",0.922243534419431,0.960972216174168,1.14275932687697,1.57219777617037,0.00305,FALSE,FALSE,19939,-1.03189068396009,6.74476473402814,6.82324334177181
"6334596350_1",0.858471822378236,1.022595556317,1.16654033669086,1.24399061852764,0.00524999999999998,FALSE,FALSE,19895,0.488542441917983,4.59124394808146,4.61716305845373
"6334596350_2",0.889638383222932,1.00552690389082,1.13450162945171,1.14757651097584,0.00600000000000001,FALSE,FALSE,19880,-0.201734719507213,3.20751840469338,3.21385612831399
"6334661500_1",0.867761376574185,0.963696794794493,1.23466135982205,1.15652769656077,0.0670500000000001,FALSE,FALSE,18659,-0.23144043760398,5.06849887078717,5.07378019619782
"6334661500_2",0.864830533674425,0.96127761580015,1.24467606457951,1.15962155317653,0.08135,FALSE,FALSE,18373,-0.561226876238274,7.31968615067029,7.34117027121198
"6334671456_1",0.989014528645974,0.9824180513291,1.02987046414786,1.00003918782988,0.0580000000000001,FALSE,FALSE,18840,-0.241710163810471,0.376731264850605,0.44760501472305
"6334733783_1",1.09913560640193,1.02145333233968,0.89993051027311,1.05158300074049,0.05175,FALSE,FALSE,18965,-1.48665016295652,4.35095605061062,4.59792858376071
"6334820306_1",0.918065565671007,1.07190911641778,1.02266400890518,1.16971090810493,0.02125,FALSE,FALSE,19575,-4.58548015026589,3.98090597302021,6.07241637031836
"6334981926_1",0.774971239639581,1.02111610579857,1.36928346887861,1.42542789506014,0.2632,FALSE,FALSE,14736,-0.193539301266615,10.9870355529294,10.9887400416276
"6335033820_1",0.908705437068184,1.01361656649332,1.09532980933705,1.16796004955242,0.05475,FALSE,FALSE,18905,1.07063904999921,3.91972570360055,4.06331361906143
"6341868524_1",0.992923933253765,1.00043298833217,1.00673880082749,1.09306840365516,0.00485000000000002,FALSE,FALSE,19903,-0.241264938858343,-0.91300889678072,0.944348461280617
"6342269568_1",0.950484647136761,1.00972365789128,1.04434806158387,1.06264347879695,0.00329999999999997,FALSE,FALSE,19934,0.394561554682094,2.01453573707144,2.05281101331105
"6342317321_1",1.03484498067966,0.985684989580928,0.981211001223868,1.06895849342306,0.02335,FALSE,FALSE,19533,-0.672471007255981,3.0146604762388,3.08875299151554
"6342398785_1",0.949505414432498,0.989605029139975,1.06801554804676,1.07548782274907,0.0263,FALSE,FALSE,19474,1.28175075658968,3.04944829880365,3.30787241729403
"6342521482_1",0.981211364089644,1.01646100063482,1.0029627360515,1.10404079517376,0.02025,FALSE,FALSE,19595,-0.773012661492212,4.32928658222187,4.39775748374482
"6342521482_2",0.891155626262408,0.998529395466738,1.14104611107217,1.11187600501592,0.02695,FALSE,FALSE,19461,-0.50637560483513,2.98549100943533,3.02813025158947
"6342521482_3",0.954267912914711,0.998190174388443,1.05234007713799,1.05204343586653,0.01315,FALSE,FALSE,19737,-1.09332721000654,3.88272112161216,4.03371884200596
"6342643774_1",0.844178928389608,0.942001494543818,1.32652812396019,1.17837266106784,0.0618,FALSE,FALSE,18764,-0.267373257560738,6.33138420143025,6.33702724982141
"6342697842_1",0.960186149061434,1.00738792197538,1.03533706910562,1.02550310648794,0.03105,FALSE,FALSE,19379,0.118130678099793,0.892973706671896,0.900753516737882
"6342697842_2",0.967116523759582,1.00648697911811,1.02833726952142,1.09971252484938,0.00639999999999996,FALSE,FALSE,19872,0.102306921963946,0.736356526635551,0.743429647377954
"6342697842_3",0.955792972942999,1.00832903590494,1.0394917900279,1.10367665125277,0.011,FALSE,FALSE,19780,0.0251565351251926,0.686684811827232,0.687145459166912
"6342710474_1",1.01805346973194,1.01040402213347,0.97273405550519,1.18359243105409,0.00109999999999999,FALSE,FALSE,19978,0.0273833001736834,2.1883174544,2.18848877684125
"6342710474_2",1.01698559373969,1.00615002417987,0.977694549423517,1.20675581587597,0.00044999999999995,FALSE,FALSE,19991,-0.274912700469587,3.17591346831376,3.18778972818099
"6342710474_3",0.959648750485102,0.991828279989938,1.05294966227234,1.17707358066075,0.000349999999999961,FALSE,FALSE,19993,0.0116390948759482,0.502238085001472,0.502372931750385
"6342710474_4",0.985076136088597,1.0156405622434,0.99975031996421,1.16408992474469,0.00695000000000001,FALSE,FALSE,19861,-0.459192068587633,1.45012263766926,1.52108941884908
"6342710474_5",1.02462723862063,0.992523927943134,0.983764994693066,1.15494606407526,0.00109999999999999,FALSE,FALSE,19978,-0.894621812599139,4.1986002553289,4.29285363035197
"6342714272_1",0.868463035815639,0.980875573613233,1.20620974066248,1.19830509043517,0.0944,FALSE,FALSE,18112,0.0296195675197064,5.3894113394539,5.38949273165985
"6342731628_1",0.988882252558243,0.986607821857174,1.02544824607797,1.0379202331481,0.00744999999999996,FALSE,FALSE,19851,1.36297268234731,5.27782432875494,5.45097460808823
"6342731628_2",0.993227069554794,0.996198812329985,1.01074912252396,1.37489501334389,4.99999999999945e-05,FALSE,FALSE,19999,-0.133481851479822,0.534926406739777,0.551328999148431
"6342894225_1",0.898060518611282,0.907943583099785,1.27372426457738,1.14411039804308,0.00529999999999997,FALSE,FALSE,19894,2.6673263535803,-7.15190591466341,7.63311129806854
"6344625496_1",1.02502364179316,1.0080336181327,0.968633384931709,1.04660102373438,0.07795,FALSE,FALSE,18441,1.31439678335266,4.23303992036898,4.43241084191495
"6344625496_2",0.978048115064186,0.941119385160803,1.09290696526857,1.15738485458622,0.07465,FALSE,FALSE,18507,4.63269391071069,1.79116512502666,4.96690299637991
"6344756845_1",1.03533368295339,0.951036101217808,1.01766355968435,1.09894000646217,0.0546,FALSE,FALSE,18908,0.817588041466005,6.42055456745843,6.47240072610306
"6344756845_2",0.9531009874553,0.934765066659291,1.1350664082206,1.10578573053474,0.0866,FALSE,FALSE,18268,5.38802769309052,2.11806241734225,5.7893895036755
"6344756845_3",0.966179953575268,0.945493995333839,1.10211303862725,1.0947995633172,0.0871,FALSE,FALSE,18258,5.54008051452032,1.17621668401496,5.66356581979259
"6352241363_1",0.949607097645425,0.992588862967929,1.06443400076471,1.13916476180854,0.00795000000000001,FALSE,FALSE,19841,0.102219849583085,1.24931721191361,1.25349207960497
"6352428682_1",0.980878854222413,0.865617879671233,1.21173646888631,1.24893993176676,0.02385,FALSE,FALSE,19523,-6.11827471113519,12.2102360753129,13.6573478558536
"6352488848_1",0.938639404337943,0.984928868401711,1.08775294326957,1.00329043977328,0.00585000000000002,FALSE,FALSE,19883,0.787894059474825,3.96389816729623,4.04144352053201
"6352488848_2",0.932697297456094,0.980119852944214,1.10185867680601,1.03369395403406,0.00439999999999996,FALSE,FALSE,19912,-1.00980399235556,4.18157794780988,4.30177849692277
"6352505109_1",1.01727335143598,0.950522326353871,1.03634792716602,1.21344929995419,0.06385,FALSE,FALSE,18723,-2.3754800703151,10.2218040048919,10.4941975719389
"6352544485_1",1.01609277887223,0.948465618011192,1.04003789431419,1.20689723137812,0.06425,FALSE,FALSE,18715,-2.29399120864809,10.1893614693934,10.4443995911356
"6352544485_2",1.06293077750236,1.01709382861276,0.929358093873922,1.11444210240353,0.0378500000000001,FALSE,FALSE,19243,-1.40555299758605,5.22377067771884,5.40956184199962
"6352565401_1",0.887173312527112,1.03331931884385,1.10488756870186,1.08119647667254,0.12665,FALSE,FALSE,17467,0.479942037234393,2.64514378745755,2.68833219960442
"6352696602_1",0.903145451188835,0.986544828941203,1.13750119502294,1.06144004797904,0.1114,FALSE,FALSE,17772,-1.08069404562422,2.35261867159426,2.58896006809329
"6352696602_2",0.920577072767327,1.00629464527367,1.08698001210729,1.0440858564557,0.0750999999999999,FALSE,FALSE,18498,-1.55830966944917,2.90420374832848,3.29586535491121
"6352696602_3",1.03402123574553,1.07208698618878,0.908973783528207,1.07065085781862,0.02485,FALSE,FALSE,19503,-4.40454453425526,8.38967958628147,9.47558632036593
"6352702109_1",0.880606247059723,1.01087307729877,1.14262886499318,1.18768760075355,0.02115,FALSE,FALSE,19577,0.44660553218151,1.84684578945309,1.90007785929833
"6352702109_2",0.914196692905545,0.986677297359484,1.12027131994171,1.14846139753706,0.00965000000000005,FALSE,FALSE,19807,1.22841118036893,3.53848969956878,3.74565126273252
"6352748437_1",0.880570817804563,1.02373698569432,1.12668489947134,1.12722160634521,0.0441,FALSE,FALSE,19118,-0.637010942279637,2.08103006288735,2.17634304814864
"6352748437_2",0.966205915228122,1.00417862813008,1.03179457350769,1.08441193775719,0.01335,FALSE,FALSE,19733,-0.0638248803322972,5.10930074961256,5.10969938111244
"6352865004_1",1.06422114716591,0.929896099245739,1.01527303916879,1.13950616328963,0.113,FALSE,FALSE,17740,-1.44093222409994,9.13585415872225,9.24879002269444
"6352865004_2",1.03264803035091,0.945065440922476,1.02723397330171,1.13508691287386,0.0966,FALSE,FALSE,18068,-1.39933341915185,6.1846165487448,6.34094755324181
"6352865004_3",1.07685181391588,0.885546341095637,1.0614350754269,1.19346912489326,0.2413,FALSE,FALSE,15174,-3.32620156049721,10.1216028248238,10.6541288036393
"6352865004_4",1.03974172244293,0.879457007182635,1.1096840093905,1.21179065908998,0.2654,FALSE,FALSE,14692,-7.3538922534723,11.606205233312,13.7398592130138
"6352980664_1",0.921594548067189,0.979557613710797,1.11849924837269,1.78972319816958,0.0519500000000001,FALSE,FALSE,18961,-2.09069066783379,2.42161939215515,3.19925428014548
"6353078562_1",0.876831588226212,0.941245666068175,1.25453475431267,1.44976491901427,0.00439999999999996,FALSE,FALSE,19912,1.01460885610369,-2.30081271791718,2.51459147652526
"6353078562_2",0.870304409799956,0.924539297425003,1.29978676845916,1.21120736895487,0.02005,FALSE,FALSE,19599,2.19467390950173,-0.787800591262044,2.33178544052416
"6353078562_3",1.07343699377699,1.07379095223971,0.879404617478262,1.23287150597265,0.00309999999999999,FALSE,FALSE,19938,-3.76520002713607,13.1503984749996,13.6788051852352
"6353167598_1",0.939174195390487,0.994845633698712,1.07520669968327,1.06031244017452,0.0407,FALSE,FALSE,19186,-0.944050589495649,6.64240493081295,6.70915604084562
"6353167598_2",0.933855645955204,1.02666060397633,1.04696807579555,1.03628317535757,0.0533,FALSE,FALSE,18934,-0.0399686054651516,7.90999591202188,7.91009689053337
"6353167598_3",0.920473802082899,0.956872643781013,1.15136829524272,1.07703119871491,0.03895,FALSE,FALSE,19221,-1.02421167408395,5.91954495218383,6.00749714891775
"6353322963_1",1.04138103415591,1.06801276964654,0.906274622765812,1.0446702096007,0.07035,FALSE,FALSE,18593,-4.52378519498464,4.7915630005148,6.58966679569344
"6398666460_1",0.831775773510367,1.0129917209493,1.23368754377114,1.24332197715929,0.0465,FALSE,FALSE,19070,-7.53998081733029,21.2381270812411,22.536844336434
"6398666460_2",0.845331047101784,1.08444580042584,1.11744140871767,1.24474767162504,0.1472,FALSE,FALSE,17056,-11.1901425227962,5.95586288024617,12.6764187501354
"6398666460_3",0.888101507096861,1.15171233038881,0.994302436471922,1.18385207093461,0.07485,FALSE,FALSE,18503,-6.77473006574264,10.2646879840719,12.2988124172225
"6398666460_4",0.912043848373434,1.03912019411462,1.06246338276481,1.16892459057234,0.25765,FALSE,FALSE,14847,-7.883250030221,20.0789562383791,21.5710480659083
"6398666460_5",0.866708167743354,0.967248469889567,1.23099863941061,1.13211349627033,0.149,FALSE,FALSE,17020,-0.612454985733757,13.4667677792934,13.4806875021627
"6398688300_1",0.984669516498472,0.961858159594319,1.05845138572025,1.10318869119112,0.06725,FALSE,FALSE,18655,0.0150383333706317,13.5898262562564,13.5898345768705
"6398688300_2",0.897715462203571,0.979040221555304,1.15653358392412,1.11299176114798,0.1219,FALSE,FALSE,17562,-0.91010399825911,12.9315151089771,12.9635015447737
"6398688300_3",0.812271517889797,0.930949964991959,1.4394433732643,1.34172223292715,0.1508,FALSE,FALSE,16984,-2.83921565682743,10.698028697649,11.0683767356237
"6398688300_4",0.997728247435422,0.993008998767102,1.00940477019444,1.10806854270364,0.0617,FALSE,FALSE,18766,-0.193139114670587,12.406235798748,12.4077390934752
"6398773432_1",0.987768489484793,1.00879833583316,1.00367482762799,1.02729380356308,0.1645,FALSE,FALSE,16710,-8.74150959375913,3.61035020941564,9.45772798363384
"6398773432_2",0.921829377517663,1.05188757802618,1.03677587506708,1.40613235711596,0.17375,FALSE,FALSE,16525,-12.2960330998786,12.286061834104,17.3821674535927
"6398773432_3",0.916649000131781,0.938227070368202,1.18591631285266,1.05437113396549,0.17415,FALSE,FALSE,16517,-5.54636263921393,15.3147718690752,16.288166745447
"6398885804_1",0.961508312419214,1.00938197940974,1.03171261128822,1.02998846314719,0.06845,FALSE,FALSE,18631,0.918958757941513,7.71654171943623,7.77106822171812
"6399070439_1",0.937711714535651,0.981368994630126,1.09338676083973,1.04972354420927,0.05365,FALSE,FALSE,18927,0.201458342635852,2.21057463783896,2.21973550074652
"6399070439_2",0.916526866070003,0.984517858948324,1.11957146094899,1.07756591279694,0.0916,FALSE,FALSE,18168,0.580550162300242,3.64998803343182,3.69586946944049
"6399070439_3",0.928902280522184,0.930048452266159,1.17890093148167,1.16950655285026,0.0463,FALSE,FALSE,19074,-0.826072008600576,9.39819896944579,9.43443367842952
"6399077874_1",0.916753124095483,1.00280346387844,1.09650395170772,1.06529634605223,0.03125,FALSE,FALSE,19375,0.271965629336457,1.38885836850733,1.41523597725369
"6399077874_2",0.879637438064302,1.00550403057964,1.15122240056867,1.12781946123183,0.0154,FALSE,FALSE,19692,0.300357528184858,1.86170538163909,1.8857787708958
"6399077874_3",0.959714963933037,1.00170254675959,1.04196665476042,1.00798062693022,0.0468499999999999,FALSE,FALSE,19063,0.226616873243102,1.33436514713376,1.3534716669084
"6399077874_4",0.861832807924957,1.01333182591132,1.17255485373196,1.13767759085235,0.02445,FALSE,FALSE,19511,0.383322319118196,2.73720355025113,2.76391376056518
"6399111507_1",0.969709316653805,0.961882592080395,1.07626962185446,1.05003156632914,0.09145,FALSE,FALSE,18171,-2.51360559508756,7.1412955652943,7.57075395443199
"6399111507_2",0.963411065206388,1.00659854872746,1.03244268967333,1.05580956026007,0.05085,FALSE,FALSE,18983,-1.07501893211737,1.20205628303252,1.61263914500074
"6399815327_1",0.855851418965109,1.00715265677152,1.19235734758612,1.09006529428128,0.13915,FALSE,FALSE,17217,1.09298514920725,9.94833775788264,10.008198673153
"6399815327_2",1.05166952263451,0.987987111850778,0.964346194778637,1.0374551394073,0.06685,FALSE,FALSE,18663,-0.0733579952480468,1.67502759664098,1.67663318736558
"6399815327_3",0.955044313434258,1.01019777418777,1.0383968024536,1.03481196528129,0.04975,FALSE,FALSE,19005,0.197756222885759,4.6811383285426,4.68531360472708
"6399815327_4",0.880002495066813,0.980704854426704,1.18488352279044,1.11429355752428,0.0632,FALSE,FALSE,18736,1.45859311429514,6.54982159334552,6.71026503036388
"6399987473_1",1.13663885540757,0.974700342538822,0.913862322229896,1.16271731341238,0.0241,FALSE,FALSE,19518,-9.54939047246284,17.1848285714454,19.6598370142158
"6399987473_2",1.06965656936697,0.941654038409871,0.996850595388139,1.21233096815447,0.01345,FALSE,FALSE,19731,-9.78109670816973,14.0697783398996,17.1355920629687
"6400020600_1",0.929452861423926,0.94964642935935,1.14800714978143,1.18169860122814,0.0432,FALSE,FALSE,19136,-3.05927776868137,-2.96662092011426,4.2614575147017
"6400358740_1",1.0005767917999,1.01074958697702,0.988912587380773,1.027494517714,0.12975,FALSE,FALSE,17405,-0.747703037009828,2.79101774784687,2.88943591386795
"6400358740_2",0.985725814402897,0.994150183396862,1.02078848697853,1.24317440719097,0.000249999999999972,FALSE,FALSE,19995,-0.56587610805281,1.99195194103472,2.07076997878977
"6400358740_3",0.965752526995291,1.03834960046369,0.998530890818272,1.07981941530949,0.00970000000000004,FALSE,FALSE,19806,-2.17304518961334,5.53801644029253,5.94909669521785
"6400680929_1",1.00237998884396,1.02101524956696,0.977558161166845,1.06550838234911,0.0561,FALSE,FALSE,18878,0.683252214951219,3.31197428800388,3.38171661639981
"6400680929_2",1.0239750540361,1.02424190472433,0.955035174375362,1.1104614239248,0.0317499999999999,FALSE,FALSE,19365,1.18348504363436,3.26117411432276,3.46927852044702
"6400680929_3",1.01104621985333,1.02407390660357,0.966712687326266,1.07543610949458,0.0426,FALSE,FALSE,19148,0.455940570456476,3.43738623459959,3.46749274398706
"6400717755_1",0.874101809135266,0.78994788981065,1.69473653835991,1.49209596547176,0.000950000000000006,FALSE,FALSE,19981,-2.07265138651058,9.88216901832109,10.0971851660089
"6410619610_1",0.86934322923994,0.969770666023784,1.22169528404572,1.12495241768946,0.1343,FALSE,FALSE,17314,2.39292711721645,6.59897097146157,7.01943858656106
"6410619610_2",0.883562196025207,0.968477666155808,1.19664542715576,1.07839075764399,0.24745,FALSE,FALSE,15051,2.67169407636791,6.40698435896747,6.94171432815794
"6410619610_3",0.861667049129904,0.955051570352819,1.26199677475104,1.14237538059282,0.1273,FALSE,FALSE,17454,2.23750684582724,7.37564715595092,7.70756821923819
"6410619610_4",0.894115934285721,0.956070971002035,1.19670282219565,1.06012622873877,0.27995,FALSE,FALSE,14401,2.70749185425814,8.5881606760732,9.00483292121093
"6410619610_5",0.887714310852608,0.959615710621785,1.20275048338761,1.11457824267978,0.08905,FALSE,FALSE,18219,2.06937100996019,12.4764702953493,12.6469208666615
"6410643296_1",0.969305782280096,0.920683315816411,1.13355035407906,2.20112361984602,0.0416,FALSE,FALSE,19168,-10.4147562106851,20.7293330580865,23.1985429706498
"6410685470_1",1.0079769328953,1.01791739180227,0.975119043181933,1.31890891110807,0.002,FALSE,FALSE,19960,-0.385880044661363,-0.325893414488521,0.505084078619434
"6410685470_2",1.02309941930417,1.030452241673,0.950452718288811,1.29080091609685,0.000299999999999967,FALSE,FALSE,19994,-0.459033160700867,2.29069450816758,2.33623474256594
"6410685470_3",1.00206193223739,1.00214539919677,0.995819057933568,2.47617024307101,0.00055000000000005,FALSE,FALSE,19989,-0.0527299873204212,0.141524007145688,0.151028130364461
"6410685470_4",1.02257060976388,1.00868701721647,0.970228890704847,1.285521980982,0.00880000000000003,FALSE,FALSE,19824,0.139373643001706,0.399228068578195,0.422857024423436
"6410685470_5",0.99376869990997,1.00718006960368,0.999142225350439,2.11287549398919,0,FALSE,FALSE,20000,-0.25453401279063,0.0943074938621669,0.271443303593703
"6410714943_1",0.955470912373965,0.988785110231857,1.06151075466308,1.11144830499993,0.0238,FALSE,FALSE,19524,0.631804809908099,5.24076361668954,5.2787101269003
"6410714943_2",0.954612707548383,0.987918031881333,1.06357517362955,1.15221672860616,0.0296,FALSE,FALSE,19408,0.545170085872237,5.45526726153614,5.48244027029187
"6410714943_3",1.00013122573675,0.988906324807421,1.01121121471968,1.18791558436023,0.02955,FALSE,FALSE,19409,0.393202684482452,5.93307129272356,5.94608638649192
"6410714943_4",0.956712588120004,0.98110425136133,1.06895356421303,1.12593959753574,0.0188,FALSE,FALSE,19624,0.646209958713562,4.03761150373999,4.08899669428505
"6410714943_5",0.959069610050908,0.982442037945202,1.06445140120081,1.1310175160004,0.02485,FALSE,FALSE,19503,0.613140946165935,4.42477184753445,4.46705134541777
"6410714943_6",0.975390079759216,0.97877579342365,1.04922468133114,1.11088907465679,0.01905,FALSE,FALSE,19619,0.887411260525051,4.56644063962692,4.65186831934686
"6410714943_7",0.968127388855049,0.984133384389261,1.05157374288374,1.08117028515477,0.0198,FALSE,FALSE,19604,0.705100778237489,4.77850756338849,4.8302486106651
"6410714943_8",0.949634212346631,0.974384891921216,1.08616023706996,1.14386576411659,0.03045,FALSE,FALSE,19391,0.80739873840413,4.36358609728595,4.43765437491518
"6410714943_9",0.969113324916478,0.98915509236761,1.04475181385861,1.08740175497013,0.02535,FALSE,FALSE,19493,0.582531515088136,5.16891759692368,5.20163936560948
"6410818710_1",1.02904671446006,1.03548306780603,0.941181801578271,1.04929355262631,0.0276,FALSE,FALSE,19448,-0.529614238409082,0.822189144712704,0.978001140699253
"6410818710_2",1.02550507504513,1.09626686343029,0.898727686110034,1.0489879948282,0.10985,FALSE,FALSE,17803,-0.230384068605982,0.710344731062862,0.746770685027349
"6411092713_1",0.993534595846207,0.957101009355928,1.05410652727252,1.19006507942394,0.0401,FALSE,FALSE,19198,-4.36007283001888,14.7170631077029,15.349338148571
"6411568019_1",0.845661423772996,0.972075564568867,1.26780144666801,1.21650955501223,0.04705,FALSE,FALSE,19059,0.696204921583621,10.5632574695893,10.5861754029334
"6411651304_1",1.01291931046991,0.992605622837179,0.994722925806737,1.13390813741537,0.00634999999999997,FALSE,FALSE,19873,-1.26004457469242,4.25492614284051,4.43757916112371
"6411651304_2",0.882467989232365,1.05399260706854,1.08927577697688,1.62080716955509,0.00409999999999999,FALSE,FALSE,19918,-1.19697052266046,2.02498625095064,2.3522983970273
"6411651304_3",0.834882011299648,1.06670936224392,1.15638555416145,1.6370371002459,0.00324999999999998,FALSE,FALSE,19935,-1.10988570058262,0.569496392796887,1.24746639624739
"6411651304_4",0.957954418319181,0.977270171066156,1.07198312545675,1.09320703325438,0.01925,FALSE,FALSE,19615,-11.9709685604368,14.8259638845571,19.055531831496
"6412869460_1",0.868333110283045,1.0050415701206,1.17180472864155,1.49000246721569,0.02305,FALSE,FALSE,19539,0.136105534948305,5.24707162028795,5.24883656680933
"6412978642_1",0.869198619062535,1.0228078608536,1.14703335153934,1.25835201710084,0,FALSE,FALSE,20000,1.17029132037211,3.49314654886901,3.68397266363552
"6413081523_1",1.0087807633217,0.998832771132893,0.99252062288498,1.07323150781901,0.03025,FALSE,FALSE,19395,0.107333446936364,6.6645515341248,6.66541578746866
"6413272140_1",0.920903051583257,0.942192879925276,1.17266899202689,1.13664290627497,0.0417,FALSE,FALSE,19166,-4.88685062532451,11.4213131935742,12.4228702037793
"6413288554_1",1.18217039521787,0.933614402016311,0.923367648664195,1.23000256191844,0.01995,FALSE,FALSE,19601,1.24867708938842,2.50061297605417,2.79504199066383
"6413311702_1",0.946877441216961,0.982416470848393,1.07991492610037,1.04411367843228,0.00105,FALSE,FALSE,19979,-3.36110410270996,8.77836559134984,9.39982570288665
"6413401780_1",0.757606323721955,0.982263041863086,1.51058310516972,1.30357023123701,0.00775000000000003,FALSE,FALSE,19845,0.499028802882828,2.65009591714267,2.69667167377916
"6413401780_2",0.872058507401409,0.981914532701831,1.19779217287132,1.12242644017327,0.0195,FALSE,FALSE,19610,-0.103291440264108,0.0770059071624862,0.12883722819803
"6413401780_3",0.945956699311741,1.0167540469502,1.04237555332371,0.980877984160191,0.51055,FALSE,FALSE,9789,1.6155316999778,7.38796848336725,7.56254064351795
"6413491089_1",0.967755604182342,0.880244669601351,1.20390041864295,1.21465490989885,0.05935,FALSE,FALSE,18813,1.85064318826655,-3.64894282149621,4.09141343851072
"6413652625_1",1.01569062074893,0.908507026648995,1.09320528714607,1.14584711719083,0.05245,FALSE,FALSE,18951,-5.69918354607252,8.26489364379865,10.039380460722
"6413670379_1",0.874816382253764,0.977452631945614,1.19927731469707,1.13894948939566,0.0780999999999999,FALSE,FALSE,18438,0.524852468228643,4.20049302786883,4.23315624452729
"6413670379_2",0.872358123636693,0.913409801788995,1.31772628198591,1.28102465370815,0.0466,FALSE,FALSE,19068,0.406241130030655,6.18295551610267,6.19628685341738
"6413823525_1",0.96927480913546,0.992832146623319,1.04049476156939,1.05905353930446,0.0398500000000001,FALSE,FALSE,19203,-0.662400025259025,1.93466606578783,2.04492214511313
"6414098047_1",0.938418152207924,1.00443744673095,1.06519549567385,1.11073685826139,0.2234,FALSE,FALSE,15532,-4.8058059800353,3.82209291926137,6.14037176408814
"6414102750_1",0.919010479217982,0.981844544177036,1.11934206306804,1.21286571196849,0.00044999999999995,FALSE,FALSE,19991,-0.583674508052801,1.72162491498724,1.81787465994097
"6414102750_2",0.920903825194921,0.983464104121968,1.11445901116544,1.31164236052021,0.00375000000000003,FALSE,FALSE,19925,0.178031744863472,3.21023866980439,3.21517147587599
"6422069814_1",1.03282554129991,1.04860771018694,0.927526085324992,1.01281825971025,0.03285,FALSE,FALSE,19343,1.82878044935747,-3.28711265882282,3.76158843625208
"6422491046_1",0.8409292601787,1.0129502506079,1.21414623342925,1.33178052985412,0.0302,FALSE,FALSE,19396,0.0337044989150159,5.26450944287927,5.26461733342625
"6422729645_1",0.984712550192396,0.990925476956384,1.02530704715116,1.31761574154282,0.000149999999999983,FALSE,FALSE,19997,-0.390505873420988,-0.616983581816588,0.73018051015315
"6422805694_1",0.963798947338686,0.982203087027986,1.05896325954708,1.07230063682256,0.000900000000000012,FALSE,FALSE,19982,0.713077847569576,1.38614425807545,1.55880592791085
"6422805694_2",0.955021606620079,0.974326685295528,1.07926852836109,1.01371533124053,0.2403,FALSE,FALSE,15194,-0.390678597613769,1.63861792727706,1.68454696527798
"6422824845_1",0.985749996443657,1.00295479086869,1.01164393655946,1.08728650496605,0.01845,FALSE,FALSE,19631,0.802027947052641,-0.20184713837782,0.827037541544995
"6422927952_1",1.02232924589577,0.999771413110986,0.978844333725219,1.03628828339799,0.0263,FALSE,FALSE,19474,-0.784103074033149,2.77369778102333,2.88239778850213
"6422931928_1",0.825673568298311,0.97414377903832,1.31177629670638,1.22786549032638,0.0528,FALSE,FALSE,18944,1.18775762456186,-5.30305844700067,5.43444542405295
"6422931928_2",1.01226667842418,0.982275270143849,1.00596186766678,1.01343866623834,0.25805,FALSE,FALSE,14839,-0.328671300296846,6.80312968701373,6.8110644074158
"6422931928_3",0.907265959711284,1.03446204730458,1.07399694049678,1.62199183770406,0.03315,FALSE,FALSE,19337,-0.80382484959729,7.9889795121884,8.02931678506933
"6422931928_4",0.965254311984381,1.01573324229396,1.02093620229695,1.61783560111366,0.0132,FALSE,FALSE,19736,-0.339020837316323,5.60517799674219,5.61542122225016
"6422978883_1",0.993908111890809,1.00609619584534,1.00006997414292,1.04034741008597,0.01605,FALSE,FALSE,19679,-0.555245446157038,1.79088294977362,1.87498246532281
"6422978883_2",1.00231621702907,1.0003802619603,0.997316239968567,1.03484305313713,0.03105,FALSE,FALSE,19379,-0.730343958788515,1.95475452656442,2.08673610149031
"6423165331_1",0.964851113589765,1.01356572464288,1.02358878598706,1.05567540174906,0.0253,FALSE,FALSE,19494,-2.17570503093867,3.00642531502944,3.71110301076401
"6430908832_1",0.932695997290791,0.983388478619934,1.09775850410144,1.05677822502588,0.01025,FALSE,FALSE,19795,-2.33277302085561,9.66302240504231,9.94061527105749
"6431064094_1",0.897099336429572,0.961000782727164,1.1838321229139,1.09197270063509,0.128,FALSE,FALSE,17440,0.56020801688586,6.44829470759524,6.47258353813869
"6431064094_2",0.928455493416795,0.983442918470024,1.10362288861506,1.05954040685373,0.1417,FALSE,FALSE,17166,0.0533553922038021,6.81270456578733,6.81291349560353
"6431064094_3",0.948215426210954,0.959244085298513,1.10754260940212,1.07734450678933,0.0732,FALSE,FALSE,18536,0.0949329046840142,1.21261993298372,1.21633028337749
"6431064094_4",0.889262655924435,0.958520759496842,1.20163620405009,1.10384747120918,0.11615,FALSE,FALSE,17677,0.614129032716848,5.89286058720015,5.92477513235757
"6431304318_1",1.18202901968648,0.982234764011731,0.880351022382365,1.07183315764285,0.11995,FALSE,FALSE,17601,0.804804018036509,-4.26226279659119,4.33757923900567
"6431358077_1",0.894745400466962,1.00058707787622,1.132566494781,1.60757131461041,4.99999999999945e-05,FALSE,FALSE,19999,0.0854357603786715,0.389487027796021,0.39874730591298
"6431361019_1",1.07770025031276,0.986815091799524,0.944521517540398,1.45624797435917,0.00614999999999999,FALSE,FALSE,19877,0.72909542797972,4.24529878404454,4.30745190442226
"6440956421_1",0.773979292708236,0.94202520758273,1.54695060639358,1.26446619594287,0.1759,FALSE,FALSE,16482,-3.47255228561658,24.830440858217,25.0720843287859
"6440959369_1",0.7355840189691,1.03362122490006,1.48574370140567,1.25728498146108,0.0362,FALSE,FALSE,19276,-7.70381098305714,14.6165337381114,16.5224623522047
"6441011127_1",0.926068416805177,0.987868602092033,1.10146011786117,1.05207853873947,0.0353,FALSE,FALSE,19294,-0.0103157180562086,1.59928538664071,1.59931865554103
"6441520321_1",0.989104742511534,0.985993718481479,1.02587304748224,1.04912030219322,0.03535,FALSE,FALSE,19293,-1.91112794114279,9.88663396277703,10.0696544688163
"6441520321_2",0.980145347425676,0.995359465316544,1.02555584122822,1.03029490854835,0.0262,FALSE,FALSE,19476,-1.16058926347828,8.012786986321,8.09640183826471
"6441520321_3",0.988260147238147,1.00358206164516,1.00837967328597,1.03287509181874,0.08345,FALSE,FALSE,18331,-3.76554426278475,9.07466559301582,9.82491115583527
"6441544834_1",0.927556939561858,0.964445819847339,1.12989985378482,1.91426192950644,0.1855,FALSE,FALSE,16290,0.710799999757594,9.10696496500482,9.13466187187465
"6441600557_1",0.938866626189018,1.01081980689129,1.05754081851124,1.0529828645055,0.12605,FALSE,FALSE,17479,0.615231993669307,3.48913102361594,3.54295719787772
"6441608806_1",1.11087162158692,1.01084693327202,0.900465666510133,1.42933387906265,0.045,FALSE,FALSE,19100,-1.61886088317242,6.19599871423242,6.40399177278013
"6441754617_1",0.814564831976823,0.966002289678719,1.35656422481353,1.21532681866411,0.0498,FALSE,FALSE,19004,0.0749614868941761,5.81378827439778,5.81427152135523
"6441798465_1",0.856626158494685,1.05130983209123,1.13451328569095,1.24270889376819,0.1549,FALSE,FALSE,16902,-1.16577117038563,5.50614648558628,5.62820322504762
"6441904438_1",0.891455346719448,0.941626232288296,1.2251203806838,1.12030898798499,0.159,FALSE,FALSE,16820,-3.59701570196065,17.4024659862125,17.7703220106287
"6441904438_2",0.97899144285705,0.993040070772693,1.02930227735048,0.984191923621526,0.0509500000000001,FALSE,FALSE,18981,-8.00415665673523,13.2054123611508,15.4418081652892
"6442057940_1",0.863206818455841,1.04821128786762,1.12673143835529,1.23266187124261,0.10485,FALSE,FALSE,17903,-1.077787188141,4.4605737370198,4.58893705408035
"6442057940_2",0.79361711226581,1.08238909913808,1.22539356772248,1.33106796090516,0.11195,FALSE,FALSE,17761,-1.42073516205499,6.32567212531707,6.48325660742445
"6447779876_1",0.987862519741947,0.994347055580708,1.01830058301583,1.44419659456572,0.00195000000000001,FALSE,FALSE,19961,0.0795105345891001,-0.475383890082703,0.481987311099378
"6449710188_1",1.05015540501878,0.992407106657178,0.96143769803654,1.0586526132154,0.00470000000000004,FALSE,FALSE,19906,-0.810868055158648,7.18043188562861,7.22607148228059
"6452049957_1",1.02007527442556,1.02414943715806,0.958533658694481,1.4197498961941,0.00209999999999999,FALSE,FALSE,19958,-0.458486248248957,8.02790769947159,8.04098947089652
"6452049957_2",1.05449196945834,1.02053075326679,0.933015320557289,1.31627975733073,0.00344999999999995,FALSE,FALSE,19931,-0.164787475181838,9.35548699777144,9.35693816787561
"6452054690_1",0.979682042652598,1.03321760689515,0.988718393493141,1.58543656425303,0.01845,FALSE,FALSE,19631,-0.844702425449428,1.09699019019784,1.38452506837198
"6452116915_1",0.979633155509463,1.00837489172682,1.01264278582375,1.05583645580992,0.00865000000000005,FALSE,FALSE,19827,0.132696598416693,-0.196337059788476,0.236973897882751
"6452116915_2",0.920209411236969,1.03362405116863,1.05728241036345,1.10394205510454,0.0305,FALSE,FALSE,19390,-1.22836925851685,-0.882062575575682,1.5122583848339
"6452116915_3",0.966741075594541,1.00924096393092,1.02590069454134,1.09500140155153,0.00529999999999997,FALSE,FALSE,19894,0.185949168675981,-0.461171098281443,0.497248303387152
"6452216955_1",0.838836571088303,0.966134217973111,1.29396271131366,1.1788143323499,0.14595,FALSE,FALSE,17081,1.22286469506439,4.8104025595336,4.96340315179034
"6452216955_2",0.864566986861857,0.963181638185339,1.24204184452141,1.17050139818324,0.14065,FALSE,FALSE,17187,1.4846805926686,5.12619110800079,5.33686347380117
"6452216955_3",0.87489753382188,0.942681619004175,1.25595721459956,1.16362340694245,0.1194,FALSE,FALSE,17612,1.49693772920129,6.0978317459513,6.27888322610301
"6452216955_4",0.868330664514775,0.951300999155756,1.25443287974306,1.16120959716218,0.1325,FALSE,FALSE,17350,1.89629909375619,4.97536101029448,5.32448752799169
"6452505707_1",0.958134564348365,1.01541485843628,1.02935079210958,1.07040311597601,0.03005,FALSE,FALSE,19399,0.727220919163218,5.10991518590242,5.16140324644227
"6452505707_2",0.987368515695758,1.00269062157799,1.0102129277466,1.28642747060107,0.0112,FALSE,FALSE,19776,-0.682856594628467,9.92692194974316,9.95038052162429
"6469793932_1",1.03737605431057,0.993939766076046,0.970937667901845,1.03266958075965,0.00775000000000003,FALSE,FALSE,19845,-0.466903950205821,1.81016806836718,1.86941374084336
"6469793932_2",1.0130513403021,0.990206973778228,0.997015613967255,1.02286399144201,0.00585000000000002,FALSE,FALSE,19883,-0.662112828288097,2.24761280423535,2.34310834473064
"6469793932_3",0.811658742149608,0.959054692666319,1.37881261207761,1.28139760103193,0.00939999999999996,FALSE,FALSE,19812,-0.545961817647406,8.43598069832079,8.45362908157022
"6469904308_1",0.936637437708582,1.02356465385156,1.04671141191198,1.09658855998905,0.0482,FALSE,FALSE,19036,-0.337789173682906,2.75931235470802,2.77991118503842
"6469951871_1",0.896267289388546,0.839186010294936,1.44377126904054,3.20804861396092,0.16155,FALSE,FALSE,16769,0.041883748183702,8.85267035341324,8.85276943303979
"6470153735_1",0.957279008065822,1.02899248178497,1.01672711607033,1.42788164417154,0.02725,FALSE,FALSE,19455,-0.71275516224395,-1.38620878647824,1.55871572809633
"6470153735_2",0.95050251553453,1.01374694520174,1.04005732968517,1.09596500760493,0.021,FALSE,FALSE,19580,-0.44759584559928,-1.22465387609311,1.30388617495071
"6470549858_1",1.0075216111338,0.99975200905924,0.992834311287736,1.07827284799621,0.0701000000000001,FALSE,FALSE,18598,-0.626685387994791,3.320763950266,3.37937979352905
"6470573456_1",0.932867940873524,0.998438341404886,1.07936249175874,1.10013292982941,0.0685,FALSE,FALSE,18630,-1.4516413248386,5.43459027504444,5.6251252424801
"6470593581_1",0.918832939132847,0.993480593489283,1.10484945515828,1.10610707615827,0.01255,FALSE,FALSE,19749,-2.57519588193117,5.63647015093556,6.1968887026235
"6479238873_1",0.997130932666179,0.993716980455533,1.00928549523184,1.01004814448821,0.03335,FALSE,FALSE,19333,1.16364273532438,1.88706041371494,2.21699377998297
"6479238873_2",0.99556954742297,0.995221040656283,1.00933847660136,1.00268363626264,0.0366,FALSE,FALSE,19268,0.994060391860618,1.84289141403039,2.09389704297346
"6479238873_3",1.0046102603825,0.996842827188072,0.998580087718553,1.00486463739398,0.0406,FALSE,FALSE,19188,1.10365958474024,2.71693688518119,2.93254335296975
"6479238873_4",1.02228846181215,0.990709919007861,0.987727172487854,1.00697578148303,0.0357,FALSE,FALSE,19286,0.428991279693508,1.6765233344597,1.730538647081
"6479298968_1",1.02057071028566,0.979084778292182,1.00120738366746,1.16263425868627,0.01025,FALSE,FALSE,19795,0.0611344322176133,2.65846182092933,2.65916465683143
"6479486931_1",0.963208609742994,1.000076287152,1.03963117562387,1.07378285138693,0.00880000000000003,FALSE,FALSE,19824,-0.201621874160895,-0.435391273838626,0.479809276145192
"6479684350_1",0.935074142830143,0.952171205427561,1.13593147959367,1.9963172660089,0.06025,FALSE,FALSE,18795,-1.06987588694207,6.25480271116705,6.3456434952716
"6479696769_1",0.854271310551892,1.00902697854577,1.19280795600213,1.33970571047019,0.0837,FALSE,FALSE,18326,0.0566328083543843,7.04287849369366,7.04310618632964
"6479979797_1",0.97512564868901,0.967842919299232,1.06239937290095,1.15167916184289,0.02635,FALSE,FALSE,19473,-1.10834930301046,7.00310472631376,7.09026896423555
"6480245252_1",0.84573838065469,1.01531462019015,1.20093450698786,1.35685798072969,0.08735,FALSE,FALSE,18253,-0.0739676748050533,7.00279521373597,7.00318584805797
"6480334622_1",0.966293832325669,0.972828080321904,1.06702263402187,1.0210147159089,0.46725,FALSE,FALSE,10655,-1.25490267760447,1.46170941457828,1.92649296467069
"6480350685_1",0.935495248503627,0.840632969625206,1.34867644586057,1.34268507465476,0.0071,FALSE,FALSE,19858,-4.31684076317609,12.7652586943563,13.4754199826372
"6480519571_1",1.05097538159585,0.99828507590174,0.955305957018779,1.1195052300215,0.00219999999999998,FALSE,FALSE,19956,-1.47473166693915,1.59416707263251,2.1716818701041
"6480633423_1",0.954714871208348,1.0007456001544,1.04897463278024,1.1854071159137,4.99999999999945e-05,FALSE,FALSE,19999,-0.289152912181401,-0.707274489598708,0.764098560566697
"6480633423_2",1.00499322198625,0.985703903790876,1.00962681711432,1.0787661114253,0.19985,FALSE,FALSE,16003,-0.766323789034795,10.7444080493479,10.7717016520387
"6480879937_1",1.0592456731824,1.00037216888108,0.946697182893108,1.07334994697876,0.01395,FALSE,FALSE,19721,-1.32814802292308,7.77398777606659,7.8866255846989
"6480879937_2",0.941025630206013,0.991621473059595,1.07656489917309,1.02786122556451,0.0119,FALSE,FALSE,19762,-0.0812253335017998,5.63306293544992,5.63364851490951
"6485560195_1",0.999264397574683,1.00658077345477,0.994231858416702,1.04912717726324,0.01045,FALSE,FALSE,19791,-0.206433027742592,0.712350129030015,0.741658480213132
"6485896403_1",0.952919069809186,0.863524632849106,1.26175262082674,1.1746893172287,0.09115,FALSE,FALSE,18177,1.43862195134453,6.73584153592677,6.88775684210808
"6486418022_1",0.893511636286977,0.94941647253734,1.20839809946848,1.08848098640297,0.10565,FALSE,FALSE,17887,-0.657647073701084,8.50712420492223,8.53250619170718
"6498307916_1",0.937739245123993,0.985260407113692,1.08855933896655,1.02882859683613,0.0952,FALSE,FALSE,18096,-0.067934474287254,3.26656078559653,3.26726712388101
"6498307916_2",0.953313547081209,0.997455498724209,1.05432272643044,1.00615496054622,0.08985,FALSE,FALSE,18203,-0.23274276130375,1.61445552214445,1.63114555632599
"6498307916_3",0.954671566353363,0.984891259341846,1.06703221656479,1.02352813952335,0.0482,FALSE,FALSE,19036,-0.168505889468845,1.45049417744634,1.46024915462787
"6498432814_1",0.988108610872239,1.01166307179052,1.00050613929774,1.07481565545051,0.03185,FALSE,FALSE,19363,0.122571523606285,0.629288605708123,0.64111459792555
"6498553607_1",0.961415840579287,0.981425237184525,1.06276584371628,1.06549517568538,0.0689,FALSE,FALSE,18622,0.611002454036308,6.16343981330385,6.19365113088051
"6498553607_2",0.978190581272492,0.94090797378095,1.09301427851482,1.09084771022784,0.04865,FALSE,FALSE,19027,2.73919711914072,2.59352890162055,3.77221327883908
"6498602420_1",0.947207832912709,0.962353005453257,1.10479444616013,1.12534283912421,0.00829999999999997,FALSE,FALSE,19834,-4.3045735110257,6.90618081056024,8.13785515353859
"6498602420_2",0.95256575949262,0.985214429321115,1.06929428405441,1.15972467111345,0.00444999999999995,FALSE,FALSE,19911,-3.03258188774588,3.52437385158572,4.64949071959774
"6498656042_1",0.976564405999595,0.998644328702377,1.02601514028479,1.00236687447727,0.17485,FALSE,FALSE,16503,-0.695372155141871,6.2127746782582,6.25156873408211
"6498656042_2",0.97513224854426,0.995651757824735,1.03078879439143,1.01521847685865,0.09465,FALSE,FALSE,18107,-0.523282779888168,6.31638609825853,6.33802478773956
"6498656042_3",1.02306637059038,0.987708166586904,0.989999513760623,1.2382144246029,0.01275,FALSE,FALSE,19745,-0.510156414123941,7.32728127410651,7.34501943065801
"6498656042_4",1.02777570674194,1.00694919306314,0.967186924810342,1.16270627179274,0.00334999999999996,FALSE,FALSE,19933,-1.73436273828553,9.89619971411322,10.0470285602046
"6498708806_1",1.02686930378583,0.960271341488427,1.0154408857437,1.19323501777521,0.00370000000000004,FALSE,FALSE,19926,2.17844182521254,0.115513690403468,2.18150228019729
"6498793915_1",0.938677664485408,0.96699343466986,1.11044683165428,1.45471082613784,0,FALSE,FALSE,20000,-0.475745471980787,-1.49460442254745,1.56849486260192
"6499088891_1",0.846348276898286,1.00739776264857,1.21095172084446,1.25520491898827,0.0608,FALSE,FALSE,18784,0.528642520786438,1.70163073360132,1.78185579335703
"6499132111_1",0.812968794358197,0.959491041805759,1.37415249374594,1.17058583320856,0.03315,FALSE,FALSE,19337,3.88054708739988,3.21390767634635,5.03863555435454
"6499673891_1",0.976294502902535,1.00065398471597,1.02419930509707,1.089522035643,0.00175000000000003,FALSE,FALSE,19965,-0.131747612156119,0.0650253106593501,0.146920809741793
"6499834630_1",0.902458187515765,1.01301555484162,1.10526090545083,1.73373411506335,0.0197000000000001,FALSE,FALSE,19606,-0.0778610253915346,1.95634922018035,1.95789800821577
"6499834630_2",0.927315938131551,0.999631509090641,1.08548138414947,1.66404492856332,0.01735,FALSE,FALSE,19653,0.274817637622937,2.72474528105995,2.73856925795334
"6499834630_3",0.931563566268235,0.997270917005042,1.0824860926632,1.57692616093276,0.0183,FALSE,FALSE,19634,0.519229029896262,1.88504132108871,1.95524411971981
"6499834630_4",0.922614444354724,0.989526363410312,1.10431450968735,1.68749976330589,0.015,FALSE,FALSE,19700,-0.628188456573142,4.45918541777508,4.50321610930118
"6500100225_1",0.953390077261795,0.996113898352915,1.05573196341597,1.01730001889483,0.0405,FALSE,FALSE,19190,-0.643656766396078,-1.11112533870587,1.28409250104565
"6500376737_1",0.911081134418395,0.962838667125051,1.15766558373525,1.07933377921283,0.0461,FALSE,FALSE,19078,-0.135913066547616,3.85610813250338,3.8585025970209
"6500415631_1",0.961566018104118,1.01185916263402,1.02907128908282,1.03497511502897,0.0345,FALSE,FALSE,19310,0.457455954480268,3.79971845397338,3.82715642216977
"6500415631_2",0.994885091047335,0.999688122102924,1.00548308118107,1.14744004258459,0.00780000000000003,FALSE,FALSE,19844,1.17603557925872,4.02735781628504,4.19555367789218
"891151578_1",0.79865744493878,0.969664043517977,1.39545194363789,1.78319411435036,0.00614999999999999,FALSE,FALSE,19877,-0.0896152608769185,2.73034763660047,2.73181791334485
"891151578_2",0.93197784221807,0.959840074338747,1.12972280360599,1.04282351191918,0.0591,FALSE,FALSE,18818,0.598442627362222,7.58081805644812,7.60440240802748
"891151578_3",0.829004519882512,0.982513900663285,1.28876499684897,1.3493586411608,0.0162,FALSE,FALSE,19676,-3.29291716255575,13.9490393621186,14.3324457984459
"891151578_4",0.87373022672462,0.978009078513199,1.20048513314077,1.33286144465604,0.00800000000000001,FALSE,FALSE,19840,-0.490243683601316,5.52468879391089,5.54639749196499
"891151578_5",0.79681358835046,0.929461612792352,1.49452333576513,1.77433553998398,0.00654999999999994,FALSE,FALSE,19869,-0.626003318039858,2.43353588607942,2.51276283461716
"891151578_6",0.950312960434836,1.00711785705081,1.04735881235574,1.44589840138692,0.00960000000000005,FALSE,FALSE,19808,-0.663207997690124,3.73728075519191,3.79567020318256
