"photo_id","file","cluster","proportion","L","a","b","hex"
"1273855712_1","1273855712_1.png",1,0.527,78.838556618117,-1.26130708197647,2.73883607179084,"#C3C4BE"
"1273855712_1","1273855712_1.png",2,0.473,64.1154186760477,-0.86231492599962,8.29777414582106,"#A09B8D"
"1273855712_2","1273855712_2.png",1,0.741,81.8679828239869,-1.39206305851002,-2.72520650327286,"#C6CDD1"
"1273855712_2","1273855712_2.png",2,0.259,69.3175831710179,-1.15575525486563,3.39176389749411,"#AAAAA3"
"1291094995_1","1291094995_1.png",1,0.4894,66.9930286172275,-0.275312158403959,0.695270004180189,"#A3A3A2"
"1291094995_1","1291094995_1.png",2,0.5106,42.8818889875188,-0.204784704222181,0.918679692565357,"#666564"
"1291105271_1","1291105271_1.png",1,0.6096,76.5435077868877,0.949380878222243,2.12095632500594,"#C0BCB9"
"1291105271_1","1291105271_1.png",2,0.3904,60.0524330873311,0.668817766996722,2.51885351433867,"#94908C"
"1305145619_1","1305145619_1.png",1,0.4208,84.4988428868097,0.101138979825272,-0.635590495716434,"#D2D3D4"
"1305145619_1","1305145619_1.png",2,0.5792,52.7552715399798,-0.217445962336026,-0.882938610776482,"#7D7E7F"
"1305145619_3","1305145619_3.png",1,0.477,79.4315813934494,-2.03118216622459,-0.750062347604945,"#C0C6C6"
"1305145619_3","1305145619_3.png",2,0.523,46.5924148158191,0.506222762080403,-0.194223288878126,"#6F6E6F"
"1305145619_5","1305145619_5.png",1,0.4958,80.6434854250846,0.979795636934942,4.20871665261379,"#CDC7C0"
"1305145619_5","1305145619_5.png",2,0.5042,52.484103445548,2.09141616742491,6.77952776017269,"#867C72"
"1305145712_1","1305145712_1.png",1,0.3724,74.567268086954,2.2142017453276,-2.34530433189797,"#BAB6BC"
"1305145712_1","1305145712_1.png",2,0.6276,49.8160532567138,4.3411739430921,-4.78631708559298,"#7A747F"
"1305145712_2","1305145712_2.png",1,0.2268,71.0881506837485,1.36718950110429,-5.24447836413684,"#ACAEB7"
"1305145712_2","1305145712_2.png",2,0.7732,51.692617438409,3.51946824580116,-5.6159113950804,"#7D7A85"
"1305145750_1","1305145750_1.png",1,0.3682,74.5543735360607,0.863547939290772,-2.06291060340616,"#B7B7BB"
"1305145750_1","1305145750_1.png",2,0.6318,52.9893158813478,2.94208565109585,-2.99846339888333,"#817D84"
"1305145750_2","1305145750_2.png",1,0.5602,82.1715624929514,1.43637272329417,-2.33491456653291,"#CDCCD1"
"1305145750_2","1305145750_2.png",2,0.4398,63.4784196936546,3.59317878731243,-2.66866394351871,"#9E989E"
"1305145750_3","1305145750_3.png",1,0.4478,81.0852604059033,0.639918042346201,-3.49191513631347,"#C8C9D0"
"1305145750_3","1305145750_3.png",2,0.5522,60.356794915356,3.04498805424988,-5.87753685120905,"#92909C"
"1305145750_4","1305145750_4.png",1,0.3994,78.9286616881771,0.821306955750903,-2.65079940399219,"#C3C3C8"
"1305145750_4","1305145750_4.png",2,0.6006,59.4106530661058,3.51311852231979,-4.84814793954554,"#918D98"
"1305145750_5","1305145750_5.png",1,0.336,74.0493325402223,0.71586437371922,-1.86825857953595,"#B6B6B9"
"1305145750_5","1305145750_5.png",2,0.664,50.3170807052175,2.86517038582367,-2.56439870117294,"#7B767C"
"1453525831_1","1453525831_1.png",1,0.4798,78.5860291422995,-0.595921804404642,1.16001995637571,"#C2C3C0"
"1453525831_1","1453525831_1.png",2,0.5202,56.5327870526973,-1.32780556443647,3.58913639847323,"#888881"
"1562948422_1","1562948422_1.png",1,0.5248,85.0708393940076,0.138221113134193,1.22859572344734,"#D6D4D2"
"1562948422_1","1562948422_1.png",2,0.4752,58.305081286958,-0.404548714049136,2.31066615754268,"#8D8C88"
"1841222086_2","1841222086_2.png",1,0.6136,84.6245626865141,-0.173330334969446,0.815751534404493,"#D4D3D2"
"1841222086_2","1841222086_2.png",2,0.3864,52.3311630297178,-0.551914037983849,2.66663157336188,"#7E7D78"
"1841222284_1","1841222284_1.png",1,0.6376,80.8143948267145,0.0417853642233358,1.13233777501024,"#CAC8C6"
"1841222284_1","1841222284_1.png",2,0.3624,56.445882589662,0.285716932964882,4.26533611761637,"#8B8780"
"1841222284_2","1841222284_2.png",1,0.604,79.3410368299785,-0.081014976032499,1.92728741530334,"#C6C4C1"
"1841222284_2","1841222284_2.png",2,0.396,56.9549420391908,0.196989268099467,3.30570147630148,"#8C8883"
"1847509866_1","1847509866_1.png",1,0.6878,78.9597070059304,2.53618563328852,-1.3163566890088,"#C7C2C6"
"1847509866_1","1847509866_1.png",2,0.3122,51.2069809648395,2.93204359787692,-0.666009965006991,"#7F787B"
"1914344688_1","1914344688_1.png",1,0.5186,80.8977849906862,0.74032305023632,4.57689686843883,"#CEC8C0"
"1914344688_1","1914344688_1.png",2,0.4814,47.319420097165,3.26804572738133,6.90550556051984,"#7A6E65"
"1914350345_1","1914350345_1.png",1,0.49,78.7406598133356,-0.441438689594589,-2.61159441639507,"#C0C3C8"
"1914350345_1","1914350345_1.png",2,0.51,43.9161811952503,-0.116603310136158,-2.23611742184366,"#66686B"
"1920828637_1","1920828637_1.png",1,0.4234,73.2647114928868,0.472302530497446,-1.77297103898885,"#B3B4B7"
"1920828637_1","1920828637_1.png",2,0.5766,48.7956172354715,2.14156167056397,-1.42986113159287,"#777376"
"2242876293_1","2242876293_1.png",1,0.5392,80.7480998018376,1.1554400013832,-9.92847578409061,"#C1C8DB"
"2242876293_1","2242876293_1.png",2,0.4608,50.1549450425248,2.89590847287333,-9.72090269999524,"#747688"
"2242876293_2","2242876293_2.png",1,0.5266,87.1236337449092,0.256916930405391,-3.98351571803697,"#D7DAE2"
"2242876293_2","2242876293_2.png",2,0.4734,53.6973810168628,6.1319862926438,-7.47453963485756,"#857D8D"
"2242876293_3","2242876293_3.png",1,0.5486,88.8598172081716,-0.449831441095278,-3.3885699658045,"#DBE0E5"
"2242876293_3","2242876293_3.png",2,0.4514,52.2332203773035,0.388447858378257,-2.01826654901389,"#7C7C80"
"2265841504_1","2265841504_1.png",1,0.5544,75.6783256184108,1.68053469336837,7.84950257462042,"#C4B9AC"
"2265841504_1","2265841504_1.png",2,0.4456,50.6772864765691,1.90096710226841,5.65313487545303,"#80776F"
"2294556564_1","2294556564_1.png",1,0.4078,78.3263112477765,1.39397243036675,1.96482890574863,"#C6C1BE"
"2294556564_1","2294556564_1.png",2,0.5922,45.887819492428,1.41655081591585,0.201510807627182,"#6F6C6C"
"2294623070_1","2294623070_1.png",1,0.6004,94.7252008987074,0.136810428996054,1.35133092139171,"#F1F0ED"
"2294623070_1","2294623070_1.png",2,0.3996,64.1839792255058,2.23819425370623,6.57698413047753,"#A59A90"
"2294623070_2","2294623070_2.png",1,0.6072,88.7864697258706,1.84764705941971,-0.781430103862955,"#E2DEE0"
"2294623070_2","2294623070_2.png",2,0.3928,51.9648337906455,3.69956309437472,3.51424912788529,"#857A76"
"2311351179_3","2311351179_3.png",1,0.5326,91.8972594471207,-1.62212178209963,0.630321094646891,"#E5E9E6"
"2311351179_3","2311351179_3.png",2,0.4674,65.5277655226244,0.618161522627911,2.93999835219651,"#A39F9A"
"2331856825_1","2331856825_1.png",1,0.4854,51.3241174233893,1.73515441887705,6.26978403593855,"#827970"
"2331856825_1","2331856825_1.png",2,0.5146,33.7521297997867,3.00365001295726,7.35674973010993,"#594D44"
"2423170381_1","2423170381_1.png",1,0.7278,89.4179619359834,-1.40369438573309,-4.35686751042433,"#DAE2E9"
"2423170381_1","2423170381_1.png",2,0.2722,66.718017285081,-1.14435072822952,-5.94312519268599,"#9BA3AD"
"2429533552_1","2429533552_1.png",1,0.5808,83.5708316513824,-1.1813161218711,-4.9690696774221,"#C9D1D9"
"2429533552_1","2429533552_1.png",2,0.4192,49.0984236877962,0.620293551795846,-3.30742025734899,"#73757A"
"2540877950_1","2540877950_1.png",1,0.5392,83.2678663432575,0.862515021164651,4.54991815316985,"#D5CFC7"
"2540877950_1","2540877950_1.png",2,0.4608,51.4004065752571,1.37676018434244,6.53855331800027,"#82796F"
"2596186097_1","2596186097_1.png",1,0.745,83.7281853707091,1.62643568181108,3.05671454342231,"#D6CFCB"
"2596186097_1","2596186097_1.png",2,0.255,47.391181281226,5.76944920769973,5.6694219733863,"#7E6D67"
"2596345329_1","2596345329_1.png",1,0.6904,84.0106577507119,-1.19396147444812,2.29500020380239,"#D1D2CD"
"2596345329_1","2596345329_1.png",2,0.3096,46.1529088207746,0.409961044309166,6.44843660475118,"#736D63"
"2596414004_1","2596414004_1.png",1,0.6412,83.3410042126378,0.523767986187463,2.21364529689963,"#D3CFCC"
"2596414004_1","2596414004_1.png",2,0.3588,49.714251792307,3.62357614607784,-1.42506727408949,"#7B7479"
"2626232098_1","2626232098_1.png",1,0.7062,93.6902226822891,-0.620189677577522,-3.0864663695541,"#E9EDF3"
"2626232098_1","2626232098_1.png",2,0.2938,74.7156353412515,-0.0971224318256708,-2.11914650348448,"#B6B8BC"
"2626232098_2","2626232098_2.png",1,0.7728,93.0591511018971,-0.427719527273738,-3.19379843384425,"#E7ECF1"
"2626232098_2","2626232098_2.png",2,0.2272,72.8239839889801,1.00980900938612,-1.09077183109901,"#B4B2B5"
"2626232098_3","2626232098_3.png",1,0.658,91.0775790668598,1.5212090204595,-2.01093055563194,"#E7E5E9"
"2626232098_3","2626232098_3.png",2,0.342,60.7121724247529,0.278145496347614,2.58729368276648,"#95928E"
"2634225844_1","2634225844_1.png",1,0.6028,64.487013001,-0.867488205849085,-4.71828816831922,"#979DA5"
"2634225844_1","2634225844_1.png",2,0.3972,26.8442137426507,2.44241194904881,-6.21498936113434,"#3F3F49"
"2802651884_1","2802651884_1.png",1,0.5458,83.9870234959587,0.580429424973859,3.56713698447851,"#D6D1CB"
"2802651884_1","2802651884_1.png",2,0.4542,62.0821794131562,2.39066624943632,6.83595808466115,"#9F948A"
"2803141586_1","2803141586_1.png",1,0.4846,71.7935975065578,-0.729035917463614,-1.98759223187254,"#ADB0B3"
"2803141586_1","2803141586_1.png",2,0.5154,31.1785543089735,-4.04463919468326,-0.551860748012521,"#424B4A"
"2813931993_1","2813931993_1.png",1,0.6698,81.8748895583373,2.7650846373317,10.7989366958477,"#D9C9B8"
"2813931993_1","2813931993_1.png",2,0.3302,41.2905824094628,6.93254256808743,7.89366059749891,"#715D55"
"2814207285_1","2814207285_1.png",1,0.4486,84.2020557085256,0.47398476077589,1.5281158194783,"#D4D2CF"
"2814207285_1","2814207285_1.png",2,0.5514,48.9408626730199,7.0605893535932,-5.14129716014384,"#7D717D"
"2814451974_1","2814451974_1.png",1,0.528,86.7042014755604,0.434055148417044,-0.691692321377444,"#D9D9DA"
"2814451974_1","2814451974_1.png",2,0.472,44.0038035108604,1.83732578852686,5.65210993665561,"#6F675F"
"2814451974_2","2814451974_2.png",1,0.6248,86.1502677208013,2.52512650365304,-3.34152970589336,"#DAD6DE"
"2814451974_2","2814451974_2.png",2,0.3752,51.0367930466454,6.27633874135885,-1.88916949509043,"#83767D"
"2832244388_2","2832244388_2.png",1,0.4226,85.0369321221495,4.17875214078249,0.838734786047422,"#DDD2D3"
"2832244388_2","2832244388_2.png",2,0.5774,54.2633385636901,4.18895747954797,2.2884937102876,"#8B7F7E"
"2832297733_1","2832297733_1.png",1,0.7408,75.8093902981483,5.47803567445967,7.68270058553451,"#CBB7AD"
"2832297733_1","2832297733_1.png",2,0.2592,40.8896431181922,6.34184734756791,3.04589858753979,"#6D5D5C"
"2832297733_2","2832297733_2.png",1,0.6616,78.4991370866912,7.30271960521694,8.43106447628165,"#D6BDB3"
"2832297733_2","2832297733_2.png",2,0.3384,48.9024006484865,7.091662738185,9.08980708701153,"#867065"
"2832771397_1","2832771397_1.png",1,0.5876,76.470602362434,3.79498081214928,7.75288170062409,"#CABAAF"
"2832771397_1","2832771397_1.png",2,0.4124,58.5433600067729,5.02008366232537,7.09232430760545,"#9B8981"
"2833006422_1","2833006422_1.png",1,0.7694,92.1831435904754,0.693479265115507,-1.94813378311577,"#E8E8EC"
"2833006422_1","2833006422_1.png",2,0.2306,57.0195916799039,1.989855684781,-2.29718978240263,"#8B888D"
"2833408887_1","2833408887_1.png",1,0.666,91.617275541124,-2.47988199380335,-1.85031138160842,"#E0E9EA"
"2833408887_1","2833408887_1.png",2,0.334,62.4009586058294,-0.864678302730789,-0.574958347164749,"#959798"
"2833408887_2","2833408887_2.png",1,0.683,91.8388035070636,0.0164698540032563,-0.595068780259429,"#E7E8E9"
"2833408887_2","2833408887_2.png",2,0.317,62.3805197759774,3.704227164219,4.68511130233032,"#A1948F"
"2833524631_1","2833524631_1.png",1,0.8552,90.0186964854874,-0.480135173943678,2.45215813782811,"#E4E2DE"
"2833524631_1","2833524631_1.png",2,0.1448,29.7087053070233,4.98551182283712,8.22116626966415,"#524339"
"2833524631_2","2833524631_2.png",1,0.7074,90.8147453323968,0.297047535496075,-0.727813256052261,"#E5E5E6"
"2833524631_2","2833524631_2.png",2,0.2926,67.1178360180221,1.66804587164453,1.15598790112262,"#A7A2A1"
"2833524631_3","2833524631_3.png",1,0.6406,91.1288327751656,-1.78724956870615,-1.10197417118622,"#E1E7E8"
"2833524631_3","2833524631_3.png",2,0.3594,55.6035712274848,1.27714191866291,2.06746776392727,"#898482"
"2833524631_4","2833524631_4.png",1,0.7832,80.2387296351409,-0.208270901674137,3.72198767432033,"#CAC7C0"
"2833524631_4","2833524631_4.png",2,0.2168,41.759821631712,0.249245627980945,4.04012083760998,"#66625C"
"2833524631_5","2833524631_5.png",1,0.6974,84.1973529113643,-0.56597967823382,0.922748655399569,"#D2D2D0"
"2833524631_5","2833524631_5.png",2,0.3026,47.6384110668216,2.78348125992288,5.99210231576686,"#7A6F67"
"2833678504_1","2833678504_1.png",1,0.5528,84.1597328605949,4.2296834079874,-2.0828663708703,"#D8CFD6"
"2833678504_1","2833678504_1.png",2,0.4472,48.427403271439,4.47512083285093,-5.90744277434247,"#76717D"
"2833678504_2","2833678504_2.png",1,0.4316,83.3577955170049,1.53987491715245,2.86285056283774,"#D5CFCA"
"2833678504_2","2833678504_2.png",2,0.5684,59.1697611129855,-0.314562414830886,-1.87022439592632,"#8C8F92"
"2833678504_3","2833678504_3.png",1,0.6636,74.8658465200611,0.155184320683129,0.865766143606239,"#B9B8B7"
"2833678504_3","2833678504_3.png",2,0.3364,56.0056360998541,0.345850545356031,-2.18074217827591,"#85868A"
"2834004674_1","2834004674_1.png",1,0.6594,85.8609043616529,1.32774255526693,1.90670358998992,"#DBD6D3"
"2834004674_1","2834004674_1.png",2,0.3406,57.8277698973652,0.946030461509926,4.82606188457057,"#908A83"
"2834024011_1","2834024011_1.png",1,0.4598,72.1675835696794,0.848289602916761,-1.16605402502881,"#B2B0B3"
"2834024011_1","2834024011_1.png",2,0.5402,42.0877577319622,3.52133332725169,-0.737414828461896,"#696165"
"2834287499_1","2834287499_1.png",1,0.4424,80.1439147357798,0.240741505744276,0.922158887031866,"#C8C7C5"
"2834287499_1","2834287499_1.png",2,0.5576,62.2865076181433,0.165138830487863,1.0659717029017,"#989695"
"2834287499_2","2834287499_2.png",1,0.4422,86.501670764288,-0.210390892522798,2.21683150261172,"#DAD8D4"
"2834287499_2","2834287499_2.png",2,0.5578,57.9915625836774,0.244972431958392,2.9236029980639,"#8E8B86"
"2834287499_3","2834287499_3.png",1,0.702,81.3750735418579,-0.120936028984074,3.3293543479917,"#CDCAC4"
"2834287499_3","2834287499_3.png",2,0.298,48.0596229403764,-0.807163256298689,4.89540286757304,"#74726A"
"2834396240_1","2834396240_1.png",1,0.5522,70.9003631770382,4.20748865618058,1.04359721735229,"#B6ABAC"
"2834396240_1","2834396240_1.png",2,0.4478,48.6979723540923,4.45456261584827,2.10645824413939,"#7D7170"
"2834396240_2","2834396240_2.png",1,0.5044,83.306013204243,2.78771433842426,-2.07253037400286,"#D3CED3"
"2834396240_2","2834396240_2.png",2,0.4956,51.1971841736686,7.54698277418108,-2.59945173940488,"#85767F"
"2834396240_3","2834396240_3.png",1,0.5184,74.5128191026704,5.84556626353253,-3.0815014908766,"#C0B4BD"
"2834396240_3","2834396240_3.png",2,0.4816,46.323202285431,8.13751511324682,-3.80598322387937,"#796974"
"2835481418_1","2835481418_1.png",1,0.5976,90.3523865511308,-1.21381473795171,1.4093225399944,"#E2E4E1"
"2835481418_1","2835481418_1.png",2,0.4024,68.3660534195051,1.50452026899785,10.8097641194323,"#B1A593"
"2835575781_1","2835575781_1.png",1,0.767,79.1545656300707,2.9935615934628,6.0156194264953,"#CEC2B9"
"2835575781_1","2835575781_1.png",2,0.233,49.3526121223019,4.89536228199102,7.68269523719193,"#837269"
"2835954585_1","2835954585_1.png",1,0.4818,68.8334060770189,1.0706406442839,5.01955037622511,"#AEA79F"
"2835954585_1","2835954585_1.png",2,0.5182,42.7554943211516,2.4031501279281,5.10358054407537,"#6C635D"
"2836142680_1","2836142680_1.png",1,0.6024,76.4610795907725,2.70920468787742,5.87709895795369,"#C6BBB2"
"2836142680_1","2836142680_1.png",2,0.3976,55.5244424566843,3.12238582825454,5.75470813874104,"#8F837B"
"2836488013_1","2836488013_1.png",1,0.7448,74.7054366543936,2.19886632846659,-3.52506148854753,"#B9B7BE"
"2836488013_1","2836488013_1.png",2,0.2552,48.4361869009484,6.68070542034323,9.79518658168712,"#846F63"
"2836698957_1","2836698957_1.png",1,0.5302,77.6980661354761,-0.213423109114487,4.39808180289016,"#C3C0B8"
"2836698957_1","2836698957_1.png",2,0.4698,50.6122660067132,0.375818124102245,5.43400479747316,"#7D786F"
"2837530780_1","2837530780_1.png",1,0.4266,61.3203539701081,7.72627039887564,0.766496501628803,"#A28F93"
"2837530780_1","2837530780_1.png",2,0.5734,39.5457239416181,12.7949022213172,12.2288972280469,"#78554A"
"2838003582_1","2838003582_1.png",1,0.653,86.1894631089058,1.57946139163749,7.90669797811837,"#E1D6C9"
"2838003582_1","2838003582_1.png",2,0.347,59.5371084872381,2.29131296104685,12.4227473645591,"#9C8D7A"
"2838003582_2","2838003582_2.png",1,0.471,62.4794907674389,1.51575859738223,7.76136193907783,"#A09689"
"2838003582_2","2838003582_2.png",2,0.529,49.2693612313987,1.66578647852906,5.6882327482917,"#7C746C"
"2838003582_3","2838003582_3.png",1,0.4168,66.1799353220706,1.86950695743151,7.89990619458702,"#AA9F93"
"2838003582_3","2838003582_3.png",2,0.5832,53.8953453412998,1.90395056740495,7.16889968678171,"#897F75"
"2838360225_1","2838360225_1.png",1,0.4428,76.3717280555555,1.42889488429966,2.97521772683747,"#C2BBB7"
"2838360225_1","2838360225_1.png",2,0.5572,61.4039162938621,3.36163339402112,1.51757656744077,"#9C9292"
"2838360225_2","2838360225_2.png",1,0.4766,73.8631736962284,2.21213730750423,2.71753264330758,"#BCB4B1"
"2838360225_2","2838360225_2.png",2,0.5234,56.7618273499744,3.22511218731513,-0.227368301877484,"#8E8689"
"2838410839_1","2838410839_1.png",1,0.4304,79.4874414951996,-0.189799589359432,2.44301808642385,"#C7C5C0"
"2838410839_1","2838410839_1.png",2,0.5696,55.1592322511893,0.404270783817452,3.70911974454239,"#88847E"
"2838590780_1","2838590780_1.png",1,0.3912,71.8814720789931,0.66828535571713,-0.963066369525039,"#B1B0B2"
"2838590780_1","2838590780_1.png",2,0.6088,47.6078772331732,2.3695507459136,-3.2231541932866,"#737076"
"2838590780_2","2838590780_2.png",1,0.542,68.7410411642027,-0.0292900112657142,0.299743447407854,"#A8A8A7"
"2838590780_2","2838590780_2.png",2,0.458,32.9786702494089,1.07859413492992,-0.56708501641315,"#4F4D4E"
"2838708573_1","2838708573_1.png",1,0.593,77.0428187052486,6.00705663877658,1.40316815923652,"#CBBABC"
"2838708573_1","2838708573_1.png",2,0.407,49.4974437158036,2.5359975774709,20.0687713257062,"#867354"
"2838708573_2","2838708573_2.png",1,0.556,77.0474499503976,5.51627755793911,0.775337483893327,"#C9BBBD"
"2838708573_2","2838708573_2.png",2,0.444,50.1965858761777,1.30967976410182,18.6074453321142,"#857658"
"2838708573_3","2838708573_3.png",1,0.5936,70.1290568877197,1.56435722963252,-3.93679766170822,"#ABABB3"
"2838708573_3","2838708573_3.png",2,0.4064,51.3295834516832,-0.417934584819149,13.5309413782804,"#837A63"
"2838720486_1","2838720486_1.png",1,0.5732,82.4145316923708,6.500002199074,-14.2528776215722,"#CDCAE8"
"2838720486_1","2838720486_1.png",2,0.4268,57.5617606964127,13.1708875052578,-20.4233333468635,"#9084AE"
"2838990528_1","2838990528_1.png",1,0.4352,75.2000619780728,0.711711178282043,4.57722778166436,"#BEB8B1"
"2838990528_1","2838990528_1.png",2,0.5648,56.9068815117362,1.89399719157082,8.87142062579091,"#928779"
"2838990528_2","2838990528_2.png",1,0.5166,77.9967914629258,0.370099884929381,5.96089068517156,"#C6C0B6"
"2838990528_2","2838990528_2.png",2,0.4834,50.1314359602098,2.41946408041421,9.30710559195285,"#827568"
"2839018597_1","2839018597_1.png",1,0.593,65.388030298852,-0.72829116743576,-2.85804961282783,"#9B9FA4"
"2839018597_1","2839018597_1.png",2,0.407,37.7749694127918,0.392932194637799,1.05298918265529,"#5A5957"
"2839444181_1","2839444181_1.png",1,0.6568,76.733448703343,3.35627177707323,1.79745651614326,"#C5BBBA"
"2839444181_1","2839444181_1.png",2,0.3432,44.0115794698115,5.03306520416473,1.0132342192596,"#716567"
"2839578149_1","2839578149_1.png",1,0.546,85.621865957623,0.824601870909157,0.473742830073508,"#D8D5D5"
"2839578149_1","2839578149_1.png",2,0.454,55.0915199077284,3.4077118516905,5.59607409157997,"#8E827A"
"2839977756_1","2839977756_1.png",1,0.6612,81.0417199710262,1.96883681614564,4.54223394967423,"#D1C8C1"
"2839977756_1","2839977756_1.png",2,0.3388,57.0277322444087,4.49993604679534,5.28638525375851,"#958680"
"2840030899_1","2840030899_1.png",1,0.4004,84.4862587969332,4.75513228746486,-1.86031483192593,"#DBD0D6"
"2840030899_1","2840030899_1.png",2,0.5996,55.2772010271979,6.54153562176318,-1.33793877268407,"#8F8187"
"2840030899_2","2840030899_2.png",1,0.5908,84.5166392893305,5.70273261800785,-0.75320371342464,"#DDCFD4"
"2840030899_2","2840030899_2.png",2,0.4092,49.9607302375959,7.62008346757374,-1.54870503185246,"#83737A"
"2840076011_1","2840076011_1.png",1,0.6164,77.1726998718833,0.574416522131625,-0.473311401724141,"#BFBEBF"
"2840076011_1","2840076011_1.png",2,0.3836,52.73380450283,2.67561145297362,0.336334426054219,"#837C7D"
"2840273568_1","2840273568_1.png",1,0.6294,74.9522819030695,1.9845324262908,7.92717243319219,"#C2B7AA"
"2840273568_1","2840273568_1.png",2,0.3706,39.0340988889509,6.24415700052353,9.9246265610841,"#6C584C"
"2840273568_2","2840273568_2.png",1,0.5218,78.4444279892422,-0.156861055213611,13.5717942044057,"#CCC1A9"
"2840273568_2","2840273568_2.png",2,0.4782,48.8820957735341,5.6820326985927,18.3101197958175,"#887055"
"2840273568_3","2840273568_3.png",1,0.5142,74.9256597219812,1.92397305528259,5.61249631703021,"#C0B7AE"
"2840273568_3","2840273568_3.png",2,0.4858,33.1588430035594,5.58218340373442,12.3575823857675,"#5D4A3B"
"2840293658_1","2840293658_1.png",1,0.442,80.9181535579249,4.39195464178772,2.98011219140804,"#D4C6C4"
"2840293658_1","2840293658_1.png",2,0.558,55.207215023649,3.15496363051368,1.91657384174301,"#8B8281"
"2841444526_1","2841444526_1.png",1,0.3938,88.2015035824795,0.911804524399927,2.13837255266681,"#E1DDD9"
"2841444526_1","2841444526_1.png",2,0.6062,69.596478685025,1.5212606897749,2.94150958765923,"#AFA9A5"
"2841934220_1","2841934220_1.png",1,0.6256,87.0973523548857,0.542723190813888,-0.191529609284233,"#DBDADB"
"2841934220_1","2841934220_1.png",2,0.3744,54.2829901539926,2.07566705476305,1.32251521731178,"#878180"
"2841934220_2","2841934220_2.png",1,0.66,91.1348728284831,-1.01141464373882,0.764706338315477,"#E4E6E4"
"2841934220_2","2841934220_2.png",2,0.34,70.3860355921368,0.620304792255404,2.69207124819804,"#AFACA7"
"2841934220_3","2841934220_3.png",1,0.557,81.141940733189,1.40005806200146,-2.37591262041723,"#CAC9CE"
"2841934220_3","2841934220_3.png",2,0.443,45.0470973890115,1.27817056424678,2.0122445075126,"#6E6A67"
"2842202957_1","2842202957_1.png",1,0.4336,83.2479097603578,-0.402293780450084,1.49253937387948,"#D0CFCD"
"2842202957_1","2842202957_1.png",2,0.5664,45.0450518105937,0.181171280063057,6.45133658337451,"#6F6A60"
"2843102479_1","2843102479_1.png",1,0.4742,89.2019307207685,0.504043394411358,5.67409667623958,"#E6DFD5"
"2843102479_1","2843102479_1.png",2,0.5258,73.3944909194526,1.77696061140932,7.73455011090142,"#BEB3A6"
"2843416624_1","2843416624_1.png",1,0.5504,80.0449476428976,1.14487362612029,3.93291714518499,"#CCC5BF"
"2843416624_1","2843416624_1.png",2,0.4496,37.5610317525785,7.35076919522639,8.75607224088964,"#69544B"
"2843416624_2","2843416624_2.png",1,0.4444,83.1815376575808,-0.105928005512929,1.79172363999021,"#D0CFCC"
"2843416624_2","2843416624_2.png",2,0.5556,44.4950935855988,6.68836299398605,7.90644764099878,"#79655C"
"2843416624_3","2843416624_3.png",1,0.5462,84.5594084816454,0.176401692272574,1.48008601037223,"#D5D3D0"
"2843416624_3","2843416624_3.png",2,0.4538,52.6670405941755,5.01502050800573,7.13906348291055,"#8B7A72"
"2843416624_4","2843416624_4.png",1,0.496,59.7207603410014,4.48414493308513,2.36551380940852,"#9A8D8C"
"2843416624_4","2843416624_4.png",2,0.504,33.2551390782789,5.37412965703695,2.0990945235218,"#584B4B"
"2843416624_5","2843416624_5.png",1,0.5444,83.1373160300825,0.951631694378861,2.59084831578621,"#D3CECA"
"2843416624_5","2843416624_5.png",2,0.4556,42.6385310871412,6.25373307952285,6.69140037394886,"#73615A"
"2843755663_1","2843755663_1.png",1,0.500724112961622,54.9413675302034,0.242788428393833,-0.793185925823578,"#838385"
"2843755663_1","2843755663_1.png",2,0.499275887038378,33.7815382013429,1.87647819513075,-1.56450906840965,"#514F52"
"2843773558_1","2843773558_1.png",1,0.519,75.2327102909656,1.75691570342199,3.69625139450653,"#C0B8B3"
"2843773558_1","2843773558_1.png",2,0.481,66.5017334235323,1.99273905995576,3.65223098408792,"#A8A09B"
"2843773558_2","2843773558_2.png",1,0.689,78.956865719278,-0.269922862928018,1.33287439869354,"#C4C4C1"
"2843773558_2","2843773558_2.png",2,0.311,59.0401161067969,0.184615688581752,2.60194372096765,"#908E8A"
"2844668949_1","2844668949_1.png",1,0.423824451410658,69.8541975688183,2.46837854068553,-2.89961105645557,"#ADA9B0"
"2844668949_1","2844668949_1.png",2,0.576175548589342,48.2115879278954,2.89885658158551,3.81766475201906,"#7A716C"
"2845040397_1","2845040397_1.png",1,0.6362,93.6699246420196,-0.993637697325872,2.25069193176623,"#EDEDE8"
"2845040397_1","2845040397_1.png",2,0.3638,74.4107757725314,2.09923190970538,5.9499122146887,"#C0B5AC"
"2845040397_2","2845040397_2.png",1,0.7556,86.6262877851201,2.42246801962974,2.4293735773508,"#E0D7D4"
"2845040397_2","2845040397_2.png",2,0.2444,65.0572219359401,5.07193802211693,3.12811494233108,"#A99B98"
"2850803450_1","2850803450_1.png",1,0.4876,79.7203093430688,-0.487886944242781,-0.476755696912215,"#C4C6C6"
"2850803450_1","2850803450_1.png",2,0.5124,57.3814722812163,-0.675288732778692,0.243350309346015,"#898A89"
"2851107170_1","2851107170_1.png",1,0.24223341729639,73.9160607776553,3.3646265507719,12.0671475097808,"#C5B3A0"
"2851107170_1","2851107170_1.png",2,0.75776658270361,37.1888227212438,-0.0431937643670927,-3.60225282136819,"#55585D"
"2851107170_2","2851107170_2.png",1,0.428611422172452,67.3180920532857,-1.40320160128896,-4.05835661614826,"#9EA5AB"
"2851107170_2","2851107170_2.png",2,0.571388577827548,47.3737523725218,-1.02276302059285,-6.60439026331893,"#69717B"
"2851107170_3","2851107170_3.png",1,0.329652996845426,57.7402751741435,-0.647497264764983,-5.42620958408015,"#858B94"
"2851107170_3","2851107170_3.png",2,0.670347003154574,45.2265774686365,-0.628997541823645,-5.53211824159386,"#656C74"
"2856844481_1","2856844481_1.png",1,0.6084,67.6456823804785,2.2002909102759,1.87120638778805,"#AAA3A1"
"2856844481_1","2856844481_1.png",2,0.3916,47.5635486808963,4.2049029334734,2.68138550500296,"#7A6E6C"
"2856861475_1","2856861475_1.png",1,0.7054,85.1713287283909,-1.73822729264106,-4.45641219464705,"#CDD6DD"
"2856861475_1","2856861475_1.png",2,0.2946,48.2227224105806,0.305206308636473,-0.15227902870444,"#737273"
"2860061539_1","2860061539_1.png",1,0.573,81.300556551618,3.69176099050588,-3.9900565623774,"#CEC8D1"
"2860061539_1","2860061539_1.png",2,0.427,51.8456528779029,4.81157049109822,-4.69684843385841,"#807984"
"2862371844_1","2862371844_1.png",1,0.6094,79.165294414655,-0.22644697165532,5.18993938056734,"#C8C4BA"
"2862371844_1","2862371844_1.png",2,0.3906,52.287442408019,2.20123806719198,9.10986170364151,"#877B6D"
"2862374888_1","2862374888_1.png",1,0.4538,75.9136475573986,1.22340092326425,3.81152242219689,"#C1BAB4"
"2862374888_1","2862374888_1.png",2,0.5462,53.3507408892256,2.10129580267669,5.79980784758791,"#877E76"
"2862374888_2","2862374888_2.png",1,0.5392,65.9310957923393,1.76984868089959,4.47459800367006,"#A79F98"
"2862374888_2","2862374888_2.png",2,0.4608,42.7535527745353,2.18712018797689,5.07280531836289,"#6C635D"
"2862489856_1","2862489856_1.png",1,0.5172,81.774359132758,-0.604869500807515,-0.391308939227095,"#CACCCC"
"2862489856_1","2862489856_1.png",2,0.4828,55.6324090074031,-0.199901508000444,2.62905471226433,"#878581"
"2862644347_1","2862644347_1.png",1,0.6844,87.5349215557857,1.28763937002874,2.35152738600385,"#E0DAD7"
"2862644347_1","2862644347_1.png",2,0.3156,55.6673388500177,1.62147555422872,10.1682369318465,"#8F8474"
"2883042165_1","2883042165_1.png",1,0.3998,72.0957952312279,0.842595156026133,-2.39751540022486,"#B0B0B5"
"2883042165_1","2883042165_1.png",2,0.6002,50.698330871995,0.0204808770668318,-0.940534926011257,"#78797A"
"2883042165_2","2883042165_2.png",1,0.3642,69.2024277898057,0.0734930438762157,-1.78287348741132,"#A8A9AC"
"2883042165_2","2883042165_2.png",2,0.6358,46.7774970481848,-0.670155835404506,0.945712082201246,"#6E6F6D"
"2883042165_3","2883042165_3.png",1,0.4846,71.5482455557502,1.01783847047703,2.91077310091552,"#B4AEAA"
"2883042165_3","2883042165_3.png",2,0.5154,51.0398698780186,1.10418060856228,2.88442014938944,"#7E7975"
"2883146572_1","2883146572_1.png",1,0.5666,83.4878178861564,4.86962320758886,-4.44544893451696,"#D6CDD8"
"2883146572_1","2883146572_1.png",2,0.4334,59.9264750891222,8.99709818134535,-6.3637556884203,"#9B8C9C"
"2988602000_1","2988602000_1.png",1,0.604,86.2115934590744,4.72181039334696,3.15440161396943,"#E3D5D2"
"2988602000_1","2988602000_1.png",2,0.396,62.8628932336823,10.6769060358635,7.08651844751159,"#B0918C"
"2988602000_2","2988602000_2.png",1,0.7208,81.6809097292079,5.23326791100517,13.977183094561,"#DFC7B1"
"2988602000_2","2988602000_2.png",2,0.2792,62.7244044222,12.1344535562294,28.0432802349022,"#BC8F66"
"2988641597_1","2988641597_1.png",1,0.6464,83.6624404462996,2.24118893890651,10.2421458285037,"#DDCEBD"
"2988641597_1","2988641597_1.png",2,0.3536,67.0878210477366,5.34378040188758,10.9445423835158,"#B59F90"
"2988641597_2","2988641597_2.png",1,0.5448,71.0069801103918,0.92474267220646,6.26232211008742,"#B4ADA3"
"2988641597_2","2988641597_2.png",2,0.4552,50.3634441615251,4.43268609009898,14.2627720761007,"#887560"
"2999069096_1","2999069096_1.png",1,0.3876,62.0925350609797,1.74423150237547,0.78775805313341,"#9A9595"
"2999069096_1","2999069096_1.png",2,0.6124,37.4416972319694,3.23496378373151,2.55852626361036,"#5F5654"
"2999077922_1","2999077922_1.png",1,0.4244,71.2833361114244,1.58113616480855,3.64467240125681,"#B4ADA8"
"2999077922_1","2999077922_1.png",2,0.5756,48.5740581749544,1.8806937800794,3.25649871404271,"#79726E"
"3005105101_1","3005105101_1.png",1,0.5832,86.9879080831594,2.84718152616947,6.38131365004736,"#E5D8CE"
"3005105101_1","3005105101_1.png",2,0.4168,54.1967795429941,4.64186802832219,6.75532910396931,"#8E7E76"
"3005147582_1","3005147582_1.png",1,0.7654,79.2729199014019,9.11172038823534,6.49338736503008,"#DABEB9"
"3005147582_1","3005147582_1.png",2,0.2346,48.46378053005,12.7358150210055,5.35608705328035,"#8B6B6B"
"3005157102_1","3005157102_1.png",1,0.5052,85.398694448559,8.10119845031829,-2.9242495164516,"#E3D1DB"
"3005157102_1","3005157102_1.png",2,0.4948,62.4557471363666,5.64976944448396,-3.08107365401524,"#9F949D"
"3005157102_2","3005157102_2.png",1,0.6566,78.3514073873365,8.28874328887458,2.99898207185818,"#D4BCBD"
"3005157102_2","3005157102_2.png",2,0.3434,55.9306549352661,3.91764564552317,-0.308827642115152,"#8D8487"
"3005184041_1","3005184041_1.png",1,0.385,77.2021940882019,0.439215416434837,0.35278222630535,"#C0BEBE"
"3005184041_1","3005184041_1.png",2,0.615,56.7997718946916,0.407766072090198,-5.40173445539947,"#848892"
"3005220057_1","3005220057_1.png",1,0.7128,86.2223164448787,0.784432924876553,0.453245395713099,"#DAD7D7"
"3005220057_1","3005220057_1.png",2,0.2872,64.5559340396744,3.82924878686158,3.02610778153315,"#A69A97"
"3008384698_1","3008384698_1.png",1,0.5796,86.6191682041004,1.11843597360915,2.10155162390226,"#DDD8D5"
"3008384698_1","3008384698_1.png",2,0.4204,56.427616407558,3.01900805883482,2.47882726312401,"#8F8583"
"3032010935_1","3032010935_1.png",1,0.585,82.6243807004865,-0.324331057799486,9.03496869025022,"#D4CDBD"
"3032010935_1","3032010935_1.png",2,0.415,55.8259046591687,1.45274487012712,20.2141090120401,"#958463"
"3032010935_2","3032010935_2.png",1,0.6326,87.1365870301842,0.0200592185037559,5.18027921192108,"#DFDAD0"
"3032010935_2","3032010935_2.png",2,0.3674,58.3520102669494,0.797898554540908,18.7002775663962,"#9A8B6C"
"3044851285_1","3044851285_1.png",1,0.4036,78.0253004938399,4.85204218387086,4.35091691229703,"#CEBEB9"
"3044851285_1","3044851285_1.png",2,0.5964,53.4915311623216,5.76034792939542,8.84733340123635,"#907C71"
"3068100612_1","3068100612_1.png",1,0.579,83.7156895218941,0.663583794714644,2.18354846427518,"#D4D0CD"
"3068100612_1","3068100612_1.png",2,0.421,58.7222700413113,1.67702668803943,5.01829867677697,"#948C85"
"3070536884_1","3070536884_1.png",1,0.3812,77.3339164989126,1.18654573473964,-0.980671497145855,"#C0BEC1"
"3070536884_1","3070536884_1.png",2,0.6188,47.6381372502333,1.11965820698986,-2.80891093770644,"#717176"
"3070536884_2","3070536884_2.png",1,0.392,81.3382639749793,0.979062603696477,-1.64873077577514,"#CBCACD"
"3070536884_2","3070536884_2.png",2,0.608,56.8622722470847,0.936452097744656,-2.26580190718275,"#88888C"
"3079623517_1","3079623517_1.png",1,0.5534,79.5995092259924,2.99583944609193,8.23973793445338,"#D1C3B6"
"3079623517_1","3079623517_1.png",2,0.4466,50.9946930698355,11.8057371467701,27.6108700917001,"#9B714B"
"3079623517_2","3079623517_2.png",1,0.6984,73.2960328650906,1.29151567253846,6.20393146813036,"#BBB3A9"
"3079623517_2","3079623517_2.png",2,0.3016,27.4540582954178,2.09366006522254,13.0947277116093,"#4B3F2D"
"3079623517_3","3079623517_3.png",1,0.6988,65.8158345823869,-0.383128948418354,4.66947804014304,"#A3A098"
"3079623517_3","3079623517_3.png",2,0.3012,13.4991915803695,-1.56579636972979,8.77613556397803,"#252316"
"3079623517_4","3079623517_4.png",1,0.6944,75.9631315402841,0.432964052530403,5.06726939018456,"#C0BBB2"
"3079623517_4","3079623517_4.png",2,0.3056,48.6447961390086,1.15828869470558,12.1188579841603,"#7D725F"
"3079623517_5","3079623517_5.png",1,0.6364,78.9215529944249,1.18560597514772,4.04477956061576,"#C9C2BC"
"3079623517_5","3079623517_5.png",2,0.3636,64.9543706052783,2.55197009667872,7.14638417523347,"#A89C91"
"3079623517_6","3079623517_6.png",1,0.7858,71.9313942023322,0.952011491226472,2.5966196229511,"#B4B0AC"
"3079623517_6","3079623517_6.png",2,0.2142,34.753320276256,5.50307692319036,10.1717161929109,"#604E42"
"3090706643_1","3090706643_1.png",1,0.5044,79.1902815482399,0.548895834305371,1.9292951822794,"#C7C4C1"
"3090706643_1","3090706643_1.png",2,0.4956,59.7777699604611,1.77393585174035,3.63318450771233,"#968F8A"
"3090706643_2","3090706643_2.png",1,0.5644,49.1242759842048,3.08345224099028,5.56540121191087,"#7E736B"
"3090706643_2","3090706643_2.png",2,0.4356,33.9173912437212,2.49254622262314,0.906013393353391,"#544E4E"
"3090977905_1","3090977905_1.png",1,0.4816,86.9098483261554,0.819165271164216,-3.52934330689926,"#D8D9E0"
"3090977905_1","3090977905_1.png",2,0.5184,49.2322394145698,-1.43809494427936,-3.31665674540033,"#70767B"
"3097169034_1","3097169034_1.png",1,0.502,86.9097175758102,7.03494015469795,-5.67914407772197,"#E2D6E5"
"3097169034_1","3097169034_1.png",2,0.498,58.256696983663,6.7470489305833,-5.52673101502487,"#948996"
"3112453337_1","3112453337_1.png",1,0.3924,73.7083759177179,-1.11845514289913,5.32059101511305,"#B7B5AB"
"3112453337_1","3112453337_1.png",2,0.6076,58.55520712953,-1.34892029607045,4.6442283067131,"#8E8D85"
"3112649315_1","3112649315_1.png",1,0.6734,88.2492168668235,-0.552267953792841,-1.24906953259522,"#DBDEE0"
"3112649315_1","3112649315_1.png",2,0.3266,52.4604407876226,2.74254478361424,3.4932757634539,"#857B77"
"3112874793_1","3112874793_1.png",1,0.475597092419522,79.4146203467061,1.84046242033743,1.09201639560519,"#C9C4C3"
"3112874793_1","3112874793_1.png",2,0.524402907580478,62.3481688750664,1.46585248417322,5.4398443410608,"#9E968D"
"3112874793_2","3112874793_2.png",1,0.541133455210238,81.4818501678737,1.56358518124691,-0.450714891845733,"#CDCACB"
"3112874793_2","3112874793_2.png",2,0.458866544789762,56.1888751062119,2.83289245170485,1.83140706846977,"#8D8584"
"3113375708_1","3113375708_1.png",1,0.3378,82.4253253237688,-0.977180647789782,2.33735020002279,"#CDCDC9"
"3113375708_1","3113375708_1.png",2,0.6622,51.4154038207154,-0.39910136047374,5.23406692943376,"#7E7A72"
"3113375708_2","3113375708_2.png",1,0.6204,92.5487837573899,-0.737980523712961,0.279395566360861,"#E8EAE9"
"3113375708_2","3113375708_2.png",2,0.3796,72.8138828018577,1.82858011113397,3.34979622776613,"#B9B1AD"
"3113375708_3","3113375708_3.png",1,0.7172,88.0022733743787,-0.471719434058707,2.35403761210039,"#DEDDD8"
"3113375708_3","3113375708_3.png",2,0.2828,56.0437125677319,1.46066356393238,10.9865864511098,"#918573"
"3124507660_1","3124507660_1.png",1,0.5316,90.1849276421946,-0.436629169055827,0.283008765051742,"#E2E3E2"
"3124507660_1","3124507660_1.png",2,0.4684,71.2945648858353,0.402167482304249,1.24516597503342,"#B0AEAC"
"3124703533_1","3124703533_1.png",1,0.5814,86.3744942212821,-0.304487503120777,-0.0261198330395293,"#D7D8D8"
"3124703533_1","3124703533_1.png",2,0.4186,52.9299420034098,2.0707275085346,-2.10578661382221,"#807D82"
"3124751433_1","3124751433_1.png",1,0.4896,81.638423223961,1.15355637757212,0.479391286335502,"#CECACA"
"3124751433_1","3124751433_1.png",2,0.5104,71.9227622637865,1.83281807207686,-1.83666115103628,"#B2AFB4"
"3302438199_1","3302438199_1.png",1,0.457772337821297,65.1287051956922,0.158570065163836,3.8751462777115,"#A19E97"
"3302438199_1","3302438199_1.png",2,0.542227662178703,40.7760741912338,-0.854569147313046,6.98455422190769,"#636055"
"3302438199_2","3302438199_2.png",1,0.5924,90.2027151447412,2.00478359238151,-3.14012248164992,"#E4E2E9"
"3302438199_2","3302438199_2.png",2,0.4076,68.2478972831069,1.40972164242673,-0.251811200449743,"#A9A6A7"
"3307218149_1","3307218149_1.png",1,0.419,69.8165637157176,-5.88136880777136,12.7476921766376,"#A9AD93"
"3307218149_1","3307218149_1.png",2,0.581,38.3437893798959,-5.19144165704786,5.72498649324799,"#555C51"
"3307218149_2","3307218149_2.png",1,0.4138,61.1482644478027,0.67994808080901,7.88089641663661,"#9B9386"
"3307218149_2","3307218149_2.png",2,0.5862,30.4834910214953,8.94205883418917,-8.41349877028305,"#504455"
"3307218149_3","3307218149_3.png",1,0.4226,69.6178600433159,-4.07535734728184,10.0032046816791,"#AAAC98"
"3307218149_3","3307218149_3.png",2,0.5774,37.1730898201461,-3.76499815922314,5.79769361003703,"#55594E"
"3325557966_1","3325557966_1.png",1,0.4978,79.2621640430675,1.57684890990339,-2.5832785318092,"#C5C4C9"
"3325557966_1","3325557966_1.png",2,0.5022,51.3411601954378,2.76768224860143,-1.0107944392005,"#7E797C"
"3327981655_1","3327981655_1.png",1,0.5352,88.6022648471048,4.09046188625049,-4.86598402216659,"#E2DCE8"
"3327981655_1","3327981655_1.png",2,0.4648,58.2706785820473,10.709557116604,-8.69358610802632,"#98869B"
"3333438570_1","3333438570_1.png",1,0.3758,80.0084167481053,0.392795521100759,10.643970653369,"#CFC5B3"
"3333438570_1","3333438570_1.png",2,0.6242,60.8511364576755,2.76688289346658,7.30341127934144,"#9D9186"
"3337924498_1","3337924498_1.png",1,0.6146,87.4899374248336,3.75787977315848,-2.06253094721992,"#E1D9DF"
"3337924498_1","3337924498_1.png",2,0.3854,56.2775619510547,4.48813467628571,-2.49737776854386,"#8D858B"
"3355132670_1","3355132670_1.png",1,0.4678,74.8891958785214,-0.386568760660114,-2.72359839748317,"#B5B9BD"
"3355132670_1","3355132670_1.png",2,0.5322,39.701922756995,0.968054596671526,1.16810908033368,"#605D5C"
"3355784665_1","3355784665_1.png",1,0.6388,81.3366800604269,2.25830564656657,11.8074551162575,"#D7C8B4"
"3355784665_1","3355784665_1.png",2,0.3612,57.2135516060523,7.69882773410257,18.1195353093099,"#A2846A"
"3384535795_1","3384535795_1.png",1,0.6756,72.9141707014239,2.50306009463898,5.14957566398578,"#BCB1AA"
"3384535795_1","3384535795_1.png",2,0.3244,48.5789579435147,4.1292163488533,2.51439253898199,"#7C716F"
"3399430425_1","3399430425_1.png",1,0.2654,63.1785061120381,13.8450757991581,14.6442496924056,"#BA8F80"
"3399430425_1","3399430425_1.png",2,0.7346,19.8064827974495,8.66118207515328,-2.78110454346584,"#3B2C34"
"3399483528_1","3399483528_1.png",1,0.6226,83.8567173973748,0.877600103440019,-5.05151572643028,"#CED1DA"
"3399483528_1","3399483528_1.png",2,0.3774,50.0676712433979,3.11015257400506,-1.83376747870128,"#7B757A"
"3408014420_1","3408014420_1.png",1,0.6572,67.3515318415862,0.666026865158774,2.48342716976662,"#A7A3A0"
"3408014420_1","3408014420_1.png",2,0.3428,44.9204693735578,1.59242359993911,5.02487113106345,"#706962"
"3415388117_1","3415388117_1.png",1,0.5132,91.3486084836646,3.71888641363441,-1.0156228514874,"#EDE4E8"
"3415388117_1","3415388117_1.png",2,0.4868,66.9216238419105,3.45696595121069,4.76729347854295,"#ADA09A"
"3415504583_1","3415504583_1.png",1,0.4932,79.2498108736339,-1.05405661888187,-0.957521036132993,"#C1C5C6"
"3415504583_1","3415504583_1.png",2,0.5068,55.6161732762169,0.619935094610662,3.4958894146368,"#89857F"
"3415735295_1","3415735295_1.png",1,0.5544,87.5505518412221,0.562066815055544,2.40460514562555,"#DFDBD7"
"3415735295_1","3415735295_1.png",2,0.4456,59.0366863486233,5.25999163347921,3.66916059891421,"#9A8B88"
"3415735295_2","3415735295_2.png",1,0.655,83.8041332911642,1.99285683357056,-0.504303225523664,"#D4D0D2"
"3415735295_2","3415735295_2.png",2,0.345,57.3593611157044,4.7671763395672,1.74756072906791,"#948787"
"3415735295_3","3415735295_3.png",1,0.5054,82.725496894589,0.411006302730284,3.8731229573148,"#D2CDC7"
"3415735295_3","3415735295_3.png",2,0.4946,52.4155720772433,3.71391150080457,7.23136452250354,"#887A71"
"3418862249_1","3418862249_1.png",1,0.5976,72.8768785761465,-0.285306910294943,1.09367002257631,"#B3B3B1"
"3418862249_1","3418862249_1.png",2,0.4024,41.9574742103193,-0.0347901610124225,3.73345793670809,"#66635D"
"3455608008_1","3455608008_1.png",1,0.4402,85.4929564356663,7.20970858383902,6.70678793474799,"#E9D1C9"
"3455608008_1","3455608008_1.png",2,0.5598,65.3936507013517,7.17868343062072,12.8263592140927,"#B49A88"
"3455608008_2","3455608008_2.png",1,0.5702,87.8070648629484,6.7803638767409,4.65117479768091,"#EDD8D4"
"3455608008_2","3455608008_2.png",2,0.4298,66.371180173708,8.96390796967587,12.4391820584901,"#BA9B8C"
"3455786439_1","3455786439_1.png",1,0.5136,82.4367541308986,0.720543800183338,1.47410691444583,"#D0CDCA"
"3455786439_1","3455786439_1.png",2,0.4864,31.2642922452723,7.50451450345232,3.8396999106681,"#574544"
"3456008879_1","3456008879_1.png",1,0.3896,80.6373807041694,0.628469044089581,0.145712811966599,"#C9C8C8"
"3456008879_1","3456008879_1.png",2,0.6104,55.4696411370247,1.27562228559924,-0.982663643647577,"#868487"
"3705681526_1","3705681526_1.png",1,0.6932,78.4471520718867,-1.56338989748208,1.67969962036212,"#C0C3BF"
"3705681526_1","3705681526_1.png",2,0.3068,55.2923162991995,0.444408581007985,1.6167254350355,"#868482"
"3705715498_1","3705715498_1.png",1,0.71,89.5600917084369,3.79389626844488,-2.10767903978707,"#E7DFE5"
"3705715498_1","3705715498_1.png",2,0.29,69.7470992970003,4.96305333720273,2.12886759923689,"#B5A7A7"
"3705740505_1","3705740505_1.png",1,0.6188,80.0269005604122,1.24882394438933,3.2532151659751,"#CCC5C0"
"3705740505_1","3705740505_1.png",2,0.3812,57.5069729898522,2.64959610849194,5.98844220262723,"#938880"
"3705740505_2","3705740505_2.png",1,0.4094,79.7875627220623,-0.60547395964269,0.589661639185231,"#C5C6C5"
"3705740505_2","3705740505_2.png",2,0.5906,64.2131685220554,0.626464064896193,5.76421465987204,"#A19B91"
"3718504225_1","3718504225_1.png",1,0.37,88.7611516036032,2.73909961921621,-4.01035702241836,"#E1DDE6"
"3718504225_1","3718504225_1.png",2,0.63,40.8567836547934,3.86787464682858,-6.5903509959575,"#625F6B"
"3718752198_1","3718752198_1.png",1,0.6616,75.9663792063242,4.54316262761187,15.793645546942,"#CFB79E"
"3718752198_1","3718752198_1.png",2,0.3384,48.0022533159342,6.48022659903615,14.8327843144239,"#866D59"
"3723184074_1","3723184074_1.png",1,0.6694,89.7608160558485,6.04022987934966,-1.30871263430401,"#ECDEE4"
"3723184074_1","3723184074_1.png",2,0.3306,69.9766840115911,6.3064225479973,3.74471671506014,"#B9A7A4"
"3723184074_2","3723184074_2.png",1,0.5404,88.9144352184499,5.62838031043903,-4.49768356387358,"#E6DCE8"
"3723184074_2","3723184074_2.png",2,0.4596,74.5002333969519,7.18364075494901,-0.414263962120177,"#C4B3B8"
"3728755145_1","3728755145_1.png",1,0.5718,89.8890542065056,-0.461439517291704,0.0871397425214685,"#E1E2E2"
"3728755145_1","3728755145_1.png",2,0.4282,60.3903245729009,7.18472095082812,3.41753796115655,"#A18D8C"
"3728755145_2","3728755145_2.png",1,0.648,79.2026865474348,3.9218697860186,9.70835226685672,"#D3C1B2"
"3728755145_2","3728755145_2.png",2,0.352,47.7572930039564,19.5850797384169,-5.37098409828051,"#8E667B"
"3728755145_3","3728755145_3.png",1,0.7196,83.2300270808709,0.366853981456288,3.86086885504431,"#D3CFC8"
"3728755145_3","3728755145_3.png",2,0.2804,40.8024966696631,8.09385286148714,21.4039233878466,"#785B3D"
"3759707557_1","3759707557_1.png",1,0.6436,81.6719691103125,2.53810571908791,8.59980888587158,"#D7C9BB"
"3759707557_1","3759707557_1.png",2,0.3564,42.0693105906709,5.58893338292697,24.8233950950296,"#795F3A"
"3759707557_2","3759707557_2.png",1,0.7006,76.2770905381845,1.82002112637507,10.3197708009697,"#C7BAA9"
"3759707557_2","3759707557_2.png",2,0.2994,43.9514168949945,4.30908063004986,23.4729392420952,"#7B6441"
"3759707557_3","3759707557_3.png",1,0.6822,80.9946006839283,1.6021720104571,11.1309789079298,"#D5C7B5"
"3759707557_3","3759707557_3.png",2,0.3178,45.582507608507,3.99682704451435,24.242184494029,"#7F6843"
"3773110530_1","3773110530_1.png",1,0.4586,88.2912919786313,-0.818500316618524,-2.13048127414456,"#DADEE1"
"3773110530_1","3773110530_1.png",2,0.5414,64.6874166207119,0.615900696167183,-2.06482377509257,"#9C9DA1"
"3773110530_2","3773110530_2.png",1,0.5144,88.5929712206133,-0.331357495795817,-2.11715648856404,"#DCDFE2"
"3773110530_2","3773110530_2.png",2,0.4856,67.4559993439673,1.70164792841656,-3.072001479996,"#A5A3AA"
"3773110530_3","3773110530_3.png",1,0.4244,88.1344020756712,-1.69058916294097,-3.89083629037449,"#D6DEE4"
"3773110530_3","3773110530_3.png",2,0.5756,62.1990635878148,-0.290184293185864,-3.42686109532346,"#93979C"
"3773110530_4","3773110530_4.png",1,0.4432,84.782764918015,0.422694396354967,-8.83319613720051,"#CCD4E4"
"3773110530_4","3773110530_4.png",2,0.5568,61.2678605689791,7.41494075869666,-5.01712720564478,"#9D909D"
"3773110530_5","3773110530_5.png",1,0.3712,86.387492988453,-2.42594999102505,0.213388351758536,"#D3DAD8"
"3773110530_5","3773110530_5.png",2,0.6288,64.3291565174296,5.22623619093639,1.30536177149013,"#A6999A"
"3773413073_1","3773413073_1.png",1,0.3636,85.7317013739171,-2.47825616936064,-3.99879215242381,"#CED8DE"
"3773413073_1","3773413073_1.png",2,0.6364,61.6252607102304,-0.688414169604117,-7.90423157190389,"#8C96A3"
"3773413073_2","3773413073_2.png",1,0.5178,81.2872810049829,-0.529387882390927,-3.64937499878423,"#C6CAD1"
"3773413073_2","3773413073_2.png",2,0.4822,61.2529009513716,1.77150102834797,-4.06601742973081,"#94939B"
"3773413073_3","3773413073_3.png",1,0.4916,84.9454182024009,-0.642702685365732,-2.2988241872374,"#D1D5D8"
"3773413073_3","3773413073_3.png",2,0.5084,64.8816833364483,0.400062020866372,-1.14152229745493,"#9D9D9F"
"3773413073_4","3773413073_4.png",1,0.5094,87.3394294875203,-0.246764502539753,-2.1475367817726,"#D8DBDF"
"3773413073_4","3773413073_4.png",2,0.4906,66.1532814450555,1.35940623253986,-3.04866793593395,"#A1A0A6"
"3773413073_5","3773413073_5.png",1,0.5058,89.6825111906549,-2.3531464524071,-1.63088573594135,"#DBE3E4"
"3773413073_5","3773413073_5.png",2,0.4942,65.1751139249601,0.522357688178801,-3.66351060279451,"#9C9EA5"
"3773413073_6","3773413073_6.png",1,0.5062,87.1953474318109,-0.754657984581243,-2.33239618224169,"#D7DBDF"
"3773413073_6","3773413073_6.png",2,0.4938,68.4966558073435,1.18664918561569,-2.59497606018898,"#A7A7AC"
"3773697646_1","3773697646_1.png",1,0.6856,94.2806646004029,0.943065047514049,-2.06681293421814,"#EFEEF3"
"3773697646_1","3773697646_1.png",2,0.3144,62.1416767107792,3.62455059737335,-2.82942964121365,"#9B949B"
"3802738748_1","3802738748_1.png",1,0.307,77.3376017231345,0.071896202155397,3.02004565247409,"#C2BFB9"
"3802738748_1","3802738748_1.png",2,0.693,52.1522567808463,-1.12527989538596,2.09209348982287,"#7C7D79"
"3822191791_1","3822191791_1.png",1,0.535864978902954,55.1392676277724,-0.200633438696575,-2.44459390571533,"#828488"
"3822191791_1","3822191791_1.png",2,0.464135021097046,46.8907735774714,-0.0720993518093316,-2.65686929285008,"#6D6F74"
"3822459736_1","3822459736_1.png",1,0.5154,82.3334946866423,1.83316570086812,2.645728930284,"#D3CCC8"
"3822459736_1","3822459736_1.png",2,0.4846,50.5620985719588,5.45084358708592,3.47582371989799,"#847573"
"3822459736_2","3822459736_2.png",1,0.6218,86.33137918264,0.213690500004813,0.091275921139417,"#D8D8D8"
"3822459736_2","3822459736_2.png",2,0.3782,46.7386106080232,2.9488870739893,1.27399895470002,"#756D6D"
"3822459736_3","3822459736_3.png",1,0.5442,82.9925417891727,0.401477262446376,-0.0384135738373968,"#CFCECF"
"3822459736_3","3822459736_3.png",2,0.4558,50.9822532791071,3.2637110641984,1.30235272643703,"#807777"
"3822489617_1","3822489617_1.png",1,0.5344,80.3612228249741,1.8361013611271,5.43821266890133,"#CFC6BD"
"3822489617_1","3822489617_1.png",2,0.4656,51.7969761723382,5.25096769728132,5.07712750071611,"#887873"
"3823023012_1","3823023012_1.png",1,0.4358,82.5545171114887,0.91758272145943,1.48444031690525,"#D0CDCB"
"3823023012_1","3823023012_1.png",2,0.5642,49.0845394950236,1.11383337434817,1.85224665527189,"#787472"
"3823023012_2","3823023012_2.png",1,0.399,73.3004204884582,1.08644893400287,3.06440716040478,"#B9B3AE"
"3823023012_2","3823023012_2.png",2,0.601,42.9809076675333,0.82309807979753,2.37503744917505,"#696562"
"3825245697_1","3825245697_1.png",1,0.4648,80.3411217275918,2.2824870707744,4.98578700480634,"#D0C6BE"
"3825245697_1","3825245697_1.png",2,0.5352,51.8332284048236,5.36033305332468,7.42577500916208,"#8A786F"
"3825352913_1","3825352913_1.png",1,0.4904,85.6122695343853,1.47275289082165,5.1211796922813,"#DDD5CC"
"3825352913_1","3825352913_1.png",2,0.5096,50.0770075828566,3.51525094837669,2.08634363853376,"#7F7574"
"3825372705_1","3825372705_1.png",1,0.57,84.7412615739649,2.32232734413702,7.77664213167756,"#DED2C5"
"3825372705_1","3825372705_1.png",2,0.43,66.3776467445289,4.29106536831596,8.22851147102698,"#AF9E93"
"3825430437_1","3825430437_1.png",1,0.7022,81.6047250741484,2.00106681109203,1.47821033374623,"#D0C9C8"
"3825430437_1","3825430437_1.png",2,0.2978,55.8294935832639,5.94673099211802,3.92332753069245,"#93827F"
"3825430437_2","3825430437_2.png",1,0.726,76.8046161480855,2.45005746210928,1.23231378785248,"#C3BCBB"
"3825430437_2","3825430437_2.png",2,0.274,57.8151297207425,3.96151164295038,3.45891249206411,"#958885"
"3826818537_1","3826818537_1.png",1,0.6314,91.6276906317974,-0.0192309026517902,-0.178596850345628,"#E7E7E7"
"3826818537_1","3826818537_1.png",2,0.3686,66.4296558886264,1.08237508493122,1.37030997570651,"#A5A19F"
"3826818537_2","3826818537_2.png",1,0.5796,87.5880516804175,-0.668908957439244,0.392469074707323,"#DBDCDB"
"3826818537_2","3826818537_2.png",2,0.4204,60.3853201259598,-0.387241444210346,1.30270027054582,"#92928F"
"3826818537_3","3826818537_3.png",1,0.7172,91.9603467949864,-0.926678670213939,0.507462184961653,"#E6E8E7"
"3826818537_3","3826818537_3.png",2,0.2828,70.5094064100365,-1.28003171451785,2.54113386081605,"#ACADA8"
"3826992990_1","3826992990_1.png",1,0.3576,56.7884662247575,1.64215935791965,1.88620777082705,"#8D8785"
"3826992990_1","3826992990_1.png",2,0.6424,32.5778628321686,0.719343570806801,3.01469627072574,"#504C48"
"3826992990_2","3826992990_2.png",1,0.6752,76.3671078219937,0.0390541287044918,-0.361321884828782,"#BCBCBD"
"3826992990_2","3826992990_2.png",2,0.3248,42.0605970184251,0.946259673297844,0.768475655810026,"#656362"
"3826992990_3","3826992990_3.png",1,0.4978,84.9510893506009,0.435082876227144,-0.542970257906034,"#D4D4D5"
"3826992990_3","3826992990_3.png",2,0.5022,46.782008313368,1.76262367144511,1.69910234104066,"#736E6C"
"3827257634_1","3827257634_1.png",1,0.6998,86.0521046608919,0.848786134945747,5.35174313168458,"#DDD6CD"
"3827257634_1","3827257634_1.png",2,0.3002,69.0805162029661,1.38642686006747,5.14077524377812,"#AFA79F"
"3827281337_1","3827281337_1.png",1,0.6386,86.7870703221589,-0.23697990278165,-0.159251459219667,"#D9D9DA"
"3827281337_1","3827281337_1.png",2,0.3614,51.3085440015798,-1.2294109265873,3.05706276136374,"#7A7B75"
"3858477973_1","3858477973_1.png",1,0.585,85.1175404264006,-1.66271584786806,13.848597653751,"#DCD5BB"
"3858477973_1","3858477973_1.png",2,0.415,41.9768381733012,-4.0539798129991,19.0010675612376,"#686444"
"3858756714_1","3858756714_1.png",1,0.5818,82.3954761862447,0.895582283635887,-2.51762359104374,"#CDCDD2"
"3858756714_1","3858756714_1.png",2,0.4182,62.2193947716746,1.596033092199,-1.07281676724982,"#989698"
"3860606956_1","3860606956_1.png",1,0.6108,77.3954235600618,-2.26299503676133,10.0070188935998,"#C3C0AD"
"3860606956_1","3860606956_1.png",2,0.3892,51.3341331841273,3.26587478754787,22.9541426651565,"#8D7753"
"3860608983_1","3860608983_1.png",1,0.6388,80.4367376964997,-4.20355687924807,18.1991760047891,"#CDC9A6"
"3860608983_1","3860608983_1.png",2,0.3612,60.5639797439369,-4.45262783696806,33.1884909222711,"#9E9357"
"3873331215_1","3873331215_1.png",1,0.4346,77.5262382124434,5.00517185710602,-3.0341750563923,"#C7BDC5"
"3873331215_1","3873331215_1.png",2,0.5654,46.5346930021988,6.60356931250934,15.8334626599466,"#826A54"
"3873331215_2","3873331215_2.png",1,0.4866,83.5681681144033,4.02681859410444,-6.98678841078403,"#D2CEDD"
"3873331215_2","3873331215_2.png",2,0.5134,47.7445010683542,5.80019197441872,7.21311796774787,"#806E65"
"3873331215_3","3873331215_3.png",1,0.6328,91.7497773910798,2.80991599376042,-1.90095296293916,"#EBE6EB"
"3873331215_3","3873331215_3.png",2,0.3672,63.4942184286604,4.95657567661792,3.98659228590991,"#A69793"
"3873331215_4","3873331215_4.png",1,0.4916,85.6533733962909,3.99031650981208,-3.8134149293646,"#DBD4DD"
"3873331215_4","3873331215_4.png",2,0.5084,53.9443870907932,6.149412534502,3.17154808937263,"#8E7D7C"
"3873331215_5","3873331215_5.png",1,0.532,69.9927141296627,5.0082662382193,-10.3497538652061,"#ABA9BE"
"3873331215_5","3873331215_5.png",2,0.468,48.2015964933222,5.74553141064904,1.88223351895528,"#7E6F6F"
"3873557967_1","3873557967_1.png",1,0.5048,67.999968858909,-2.17836038570304,5.30707123225934,"#A6A79C"
"3873557967_1","3873557967_1.png",2,0.4952,37.974305772327,0.0363274895048544,6.61129502627608,"#5E594F"
"3873784731_1","3873784731_1.png",1,0.5062,71.2966581481934,2.05328348611399,2.18302238055382,"#B4ADAB"
"3873784731_1","3873784731_1.png",2,0.4938,55.0966801640165,1.22977836671457,-0.76099473631652,"#858385"
"3873784731_2","3873784731_2.png",1,0.6074,56.8294224422403,1.90219656368816,1.00868503197797,"#8D8787"
"3873784731_2","3873784731_2.png",2,0.3926,28.0642216349751,2.33232354927241,3.06174269286836,"#48413E"
"3873821377_1","3873821377_1.png",1,0.5822,82.8554141135413,-1.38630897605795,-0.782785034251007,"#CBCFD0"
"3873821377_1","3873821377_1.png",2,0.4178,65.6755410602853,-1.8144423832561,2.22425555663816,"#9EA09B"
"3873914516_1","3873914516_1.png",1,0.6538,95.8073960095057,-0.413298876105508,-1.31751951144269,"#F1F3F5"
"3873914516_1","3873914516_1.png",2,0.3462,87.2588255032661,0.541454041364544,0.36791386521776,"#DCDADA"
"3881605006_1","3881605006_1.png",1,0.5648,75.8417988206286,0.625556266383672,-0.438569291305476,"#BCBBBC"
"3881605006_1","3881605006_1.png",2,0.4352,59.4411001505491,2.82320157870058,0.989876668337611,"#958D8D"
"3902358263_1","3902358263_1.png",1,0.1258,84.9401445314958,1.48735925152576,5.54645903162159,"#DCD3CA"
"3902358263_1","3902358263_1.png",2,0.8742,66.5563829357135,-1.98780251457962,-7.74270495904114,"#97A4B0"
"3902358263_2","3902358263_2.png",1,0.8028,83.3587295758483,-0.924524004912413,-6.9752585487339,"#C7D1DD"
"3902358263_2","3902358263_2.png",2,0.1972,48.3248000030794,0.307192745607529,2.24888727327465,"#75726F"
"3902358263_3","3902358263_3.png",1,0.7788,81.2415492382814,3.64785038429569,6.93195358650046,"#D6C7BD"
"3902358263_3","3902358263_3.png",2,0.2212,56.7715331640782,5.43275855890635,11.8396547243258,"#998474"
"3902358263_4","3902358263_4.png",1,0.629,75.9910633847679,7.58194620937711,-13.9552750012594,"#BDB8D5"
"3902358263_4","3902358263_4.png",2,0.371,42.3107422161774,5.5523773207068,-4.82175581111874,"#6A616C"
"3903036270_1","3903036270_1.png",1,0.6152,79.3806922851062,-0.166728464400979,1.04783743320736,"#C5C5C3"
"3903036270_1","3903036270_1.png",2,0.3848,63.4016408586669,0.618702300019162,0.913338033930048,"#9B9998"
"3903058908_1","3903058908_1.png",1,0.3922,63.5571520224522,0.166758381008967,5.27648677380391,"#9E9991"
"3903058908_1","3903058908_1.png",2,0.6078,45.4911582626073,0.214969131230919,8.11390420209299,"#726B5E"
"3903386042_1","3903386042_1.png",1,0.535,71.710767576018,3.44975183802713,8.40173502066284,"#BCADA1"
"3903386042_1","3903386042_1.png",2,0.465,55.2812095098571,3.8908905070006,13.5210815114189,"#94816D"
"3903461568_1","3903461568_1.png",1,0.5724,76.9881077538213,3.05972675516487,8.73860022234197,"#CBBCAE"
"3903461568_1","3903461568_1.png",2,0.4276,54.6443855276388,6.05457292568346,15.6082992557986,"#977E68"
"3903619386_1","3903619386_1.png",1,0.4766,89.064862073695,0.691861427326072,-1.47502950576401,"#E0DFE2"
"3903619386_1","3903619386_1.png",2,0.5234,53.1106592714695,1.63361942103362,-1.19458580720021,"#817E81"
"3903619386_2","3903619386_2.png",1,0.5578,86.3613727548902,0.964523180277194,-1.62533363893028,"#D9D8DB"
"3903619386_2","3903619386_2.png",2,0.4422,51.3166825534154,1.21780582635586,-2.00794845512365,"#7B7A7E"
"3903908802_1","3903908802_1.png",1,0.508,94.4234451631719,0.572952392314301,-0.314612513202712,"#F0EFF0"
"3903908802_1","3903908802_1.png",2,0.492,77.2945751520068,0.54570157231108,0.626915704414642,"#C0BFBE"
"3903909605_1","3903909605_1.png",1,0.6824,82.583010139434,-1.52196183428441,-0.514555689554215,"#CACECE"
"3903909605_1","3903909605_1.png",2,0.3176,62.0331702701788,0.538805058768871,4.10684373359629,"#9A958F"
"3903980712_1","3903980712_1.png",1,0.4924,70.0507523818781,1.04757748759471,-6.28259221380816,"#A8ABB7"
"3903980712_1","3903980712_1.png",2,0.5076,42.5921824377533,1.97637778145754,-5.48726339845247,"#64646E"
"3903980712_2","3903980712_2.png",1,0.5278,81.9042465225681,0.4874166865183,-7.1935710608823,"#C6CCD9"
"3903980712_2","3903980712_2.png",2,0.4722,57.5278192326953,1.45258121505583,-2.7650704322797,"#8B8A8F"
"3903980712_3","3903980712_3.png",1,0.4244,82.6395203458199,1.0531326277201,-3.08564402586866,"#CDCDD3"
"3903980712_3","3903980712_3.png",2,0.5756,57.2331335112744,2.70062704228459,-1.23652115423583,"#8D888C"
"3903980712_4","3903980712_4.png",1,0.5332,83.0757077431102,1.2202969585955,-4.63429281761713,"#CDCED8"
"3903980712_4","3903980712_4.png",2,0.4668,58.3176388050621,1.49771473261928,-0.447445333083102,"#8F8B8D"
"3904022758_1","3904022758_1.png",1,0.6292,72.7739727848713,1.82196096865549,6.20593970561607,"#BBB1A7"
"3904022758_1","3904022758_1.png",2,0.3708,52.2481348599482,3.17632806790363,7.1801891477991,"#877A71"
"3904180667_1","3904180667_1.png",1,0.569,83.1925217536523,3.50104267642527,1.41341615451249,"#D7CDCD"
"3904180667_1","3904180667_1.png",2,0.431,60.3324053331674,0.145524550110444,6.79235606251772,"#979186"
"3904180667_2","3904180667_2.png",1,0.5782,78.947760462572,2.43794030215542,3.5293613089242,"#CBC2BD"
"3904180667_2","3904180667_2.png",2,0.4218,54.927723651618,-0.81729389692922,6.76543758806806,"#878378"
"3904180667_3","3904180667_3.png",1,0.4194,71.4683549278903,-2.01001295224181,5.82491330766385,"#B0B0A4"
"3904180667_3","3904180667_3.png",2,0.5806,52.0796849707514,-1.80078021492134,6.38105727967783,"#7E7D71"
"3904343170_1","3904343170_1.png",1,0.7286,76.4901057454216,5.68047262126177,2.1776752509735,"#C9B9B9"
"3904343170_1","3904343170_1.png",2,0.2714,44.8222306481185,8.04537307795046,8.74810483473175,"#7D655C"
"3904579342_1","3904579342_1.png",1,0.5964,81.2528975741305,0.72730244772146,2.03476981326042,"#CDC9C6"
"3904579342_1","3904579342_1.png",2,0.4036,55.8191467707074,1.18027744624343,-0.530896047388879,"#878587"
"3904579342_2","3904579342_2.png",1,0.6232,81.4963579327381,0.299888980186545,2.4978787631524,"#CDCAC6"
"3904579342_2","3904579342_2.png",2,0.3768,53.2807055854676,0.789506032134123,0.303384872980566,"#817F7F"
"3904961483_1","3904961483_1.png",1,0.636,74.2259747353989,3.7443273087506,2.28532401668932,"#BFB4B2"
"3904961483_1","3904961483_1.png",2,0.364,40.7577222177848,5.03126915100438,2.48042348801252,"#6A5D5C"
"3904961483_2","3904961483_2.png",1,0.586,73.4028618835597,2.30187526741764,4.39741434742179,"#BCB3AC"
"3904961483_2","3904961483_2.png",2,0.414,48.5100227796181,1.7656304283294,8.9922901693369,"#7C7264"
"3905048588_1","3905048588_1.png",1,0.503,82.8838970447201,0.422355410200126,2.53028050272312,"#D1CECA"
"3905048588_1","3905048588_1.png",2,0.497,61.8860688051155,0.843623928227763,4.23748208388032,"#9A958E"
"3905048588_2","3905048588_2.png",1,0.5318,80.5720936035539,0.568459963228586,3.71344875429058,"#CCC7C1"
"3905048588_2","3905048588_2.png",2,0.4682,56.3295286729238,7.14777538140766,5.46915547900497,"#97837E"
"3905146885_1","3905146885_1.png",1,0.6034,78.7450619341333,-1.11896328666654,-0.991746749847032,"#C0C4C5"
"3905146885_1","3905146885_1.png",2,0.3966,40.3136070057535,-1.34312783556451,0.0682312637651596,"#5D605F"
"3905146885_2","3905146885_2.png",1,0.5764,79.6114736924272,-0.43249427656464,0.456991355336589,"#C5C5C4"
"3905146885_2","3905146885_2.png",2,0.4236,47.641196095134,-0.550548853861395,1.28998276942854,"#71716F"
"3905540102_1","3905540102_1.png",1,0.5536,84.1776942373568,0.82995008352928,0.66905396477735,"#D4D1D1"
"3905540102_1","3905540102_1.png",2,0.4464,44.3527997957609,1.63892072249168,-0.977645120956451,"#6B686B"
"3905540102_2","3905540102_2.png",1,0.4992,84.0369714063583,1.2695110694352,-0.475355324021023,"#D4D1D2"
"3905540102_2","3905540102_2.png",2,0.5008,43.6870130763621,1.80671460148988,-4.98758660298382,"#66676F"
"3905680740_1","3905680740_1.png",1,0.4504,82.1203990681706,2.00646502373805,4.51580808869361,"#D4CBC4"
"3905680740_1","3905680740_1.png",2,0.5496,59.8259807096359,5.00516523661097,5.50680704495431,"#9D8D87"
"3905753760_1","3905753760_1.png",1,0.6626,83.2534959248806,2.66519330995403,5.43433382693707,"#D9CDC5"
"3905753760_1","3905753760_1.png",2,0.3374,55.2190737991364,4.57414717786143,6.58510306394591,"#918179"
"3905781232_1","3905781232_1.png",1,0.5708,83.1840483213139,-0.903775815731889,9.80795025308801,"#D5CFBD"
"3905781232_1","3905781232_1.png",2,0.4292,57.6457949177237,-1.87320415398917,1.37559880696974,"#888B88"
"3906011798_1","3906011798_1.png",1,0.5818,81.5585929190014,3.56565733457103,3.36606276344743,"#D4C8C5"
"3906011798_1","3906011798_1.png",2,0.4182,50.7066527588936,8.92245904804276,14.822227975404,"#907360"
"3906011798_2","3906011798_2.png",1,0.5568,90.1354235369669,-0.174921935091699,5.2344424638619,"#E7E2D9"
"3906011798_2","3906011798_2.png",2,0.4432,54.3314299211908,-1.12392735593191,-0.329275390836526,"#808382"
"3906011798_3","3906011798_3.png",1,0.5358,71.6349149485755,3.95235318562487,1.71155607622859,"#B8ADAD"
"3906011798_3","3906011798_3.png",2,0.4642,40.8933654568073,2.4688945047058,-0.439858109954589,"#645F61"
"3906169902_1","3906169902_1.png",1,0.4114,74.7840956376955,3.62927377105672,-1.26486226609801,"#BEB6BA"
"3906169902_1","3906169902_1.png",2,0.5886,39.7740379931673,2.14405859415016,-4.23273093657238,"#5E5D65"
"3906620001_1","3906620001_1.png",1,0.6128,78.7932077600863,0.557637080844385,1.12140418268913,"#C5C3C1"
"3906620001_1","3906620001_1.png",2,0.3872,48.4478962133721,0.755464405196968,1.3163866473743,"#757371"
"3906620001_2","3906620001_2.png",1,0.6412,75.4254906077036,1.58333945541808,2.82528365380684,"#BFB9B5"
"3906620001_2","3906620001_2.png",2,0.3588,46.0325380114261,1.52984601254725,3.05696671410998,"#726C68"
"3906620001_3","3906620001_3.png",1,0.6168,81.9757963161303,0.886858707402247,0.972575042824085,"#CECBCA"
"3906620001_3","3906620001_3.png",2,0.3832,57.5728911795417,1.0479712638791,1.596549032401,"#8D8A88"
"3906802723_1","3906802723_1.png",1,0.6246,77.1631107667102,0.235643770952257,-1.81917742453249,"#BDBFC2"
"3906802723_1","3906802723_1.png",2,0.3754,30.4676380146134,1.0838258752244,-4.36342534458122,"#46474E"
"3906802723_2","3906802723_2.png",1,0.455,84.8959459077564,0.309362818975195,4.73539898403414,"#D9D3CB"
"3906802723_2","3906802723_2.png",2,0.545,59.9915132332182,1.42505292675695,3.94155179097986,"#968F8A"
"3906802723_3","3906802723_3.png",1,0.4702,72.4252333680822,0.692949106819744,5.68400702840477,"#B7B1A7"
"3906802723_3","3906802723_3.png",2,0.5298,49.5070540413382,0.88635610199398,2.33547784743178,"#797572"
"3915493024_1","3915493024_1.png",1,0.5194,76.9559401298254,0.433531538602403,2.06153644502666,"#C0BEBA"
"3915493024_1","3915493024_1.png",2,0.4806,55.2212754851963,3.37344775615424,5.41884456459623,"#8E827B"
"3915611154_1","3915611154_1.png",1,0.5494,77.7468554675241,5.34875830993426,-5.73020095383385,"#C6BDCB"
"3915611154_1","3915611154_1.png",2,0.4506,55.2094537206018,5.04947442682746,0.883828965411541,"#8E8183"
"3915611154_2","3915611154_2.png",1,0.6088,79.5717270516586,3.10121973440138,-3.91399516879682,"#C8C4CC"
"3915611154_2","3915611154_2.png",2,0.3912,57.4086469741356,2.50432184825861,5.24701793709765,"#928881"
"3923264222_1","3923264222_1.png",1,0.5684,78.94798756254,3.57891013141808,17.2430017005867,"#D7C0A4"
"3923264222_1","3923264222_1.png",2,0.4316,30.9695044319769,6.59496635592105,11.3859452662438,"#594537"
"3923264222_2","3923264222_2.png",1,0.542,83.0981146209199,2.08593527196391,9.97960524534473,"#DBCDBC"
"3923264222_2","3923264222_2.png",2,0.458,38.3531148702584,7.60992329659128,17.939487219215,"#6F553E"
"3923592079_1","3923592079_1.png",1,0.518,86.7542004656297,0.389744180880428,0.428277889399727,"#DAD9D8"
"3923592079_1","3923592079_1.png",2,0.482,51.8103714972432,2.43038034649696,2.42685024546403,"#827A77"
"3923592079_2","3923592079_2.png",1,0.5674,88.7048074444489,-1.56918098869178,1.14934889953797,"#DDE0DC"
"3923592079_2","3923592079_2.png",2,0.4326,48.8319043943193,2.84630109613196,8.64474511163399,"#7F7266"
"3923592079_3","3923592079_3.png",1,0.721,83.334501238316,-1.73490108554863,1.9511552870708,"#CED0CC"
"3923592079_3","3923592079_3.png",2,0.279,36.8677121561289,4.7160710553137,15.2616526377278,"#67533E"
"3923592079_4","3923592079_4.png",1,0.3796,81.4680175541118,-0.546298529752438,13.0736640852921,"#D3CAB2"
"3923592079_4","3923592079_4.png",2,0.6204,36.1893242489518,0.631154550540766,10.3260948348151,"#5D5445"
"3923652276_1","3923652276_1.png",1,0.5702,72.2075540361563,0.930742783104731,1.85479705000831,"#B4B0AE"
"3923652276_1","3923652276_1.png",2,0.4298,42.5318959204549,1.37385128799546,2.67643123409422,"#696360"
"3925068492_1","3925068492_1.png",1,0.5592,87.8522622074523,0.84564048544194,2.99915161730169,"#E0DCD7"
"3925068492_1","3925068492_1.png",2,0.4408,55.1777448030761,4.85919721348265,8.17101602372473,"#928176"
"3925261578_1","3925261578_1.png",1,0.5438,77.2459209542616,0.197630928483041,0.946253255476104,"#C0BFBD"
"3925261578_1","3925261578_1.png",2,0.4562,54.5475576077016,0.540969029519628,1.61277687021048,"#858280"
"3925261578_2","3925261578_2.png",1,0.7256,80.3811782043971,0.372309299285288,0.921457972029892,"#C9C7C6"
"3925261578_2","3925261578_2.png",2,0.2744,58.1668696745957,1.24147857234103,3.20438286530354,"#908B86"
"3925474690_1","3925474690_1.png",1,0.4264,58.089776054349,-1.44202056069991,2.41119508261596,"#8B8C87"
"3925474690_1","3925474690_1.png",2,0.5736,33.1260044152115,-3.15094978323244,6.17540632889511,"#4D4F44"
"3925474690_2","3925474690_2.png",1,0.489,64.3526297060511,-1.26600925549169,2.10583993225044,"#9B9D98"
"3925474690_2","3925474690_2.png",2,0.511,35.0678810920171,-3.52324181065088,5.00062883433113,"#50544A"
"3925474690_3","3925474690_3.png",1,0.4174,65.2393711254713,-1.06337686170292,2.13431141507628,"#9E9F9B"
"3925474690_3","3925474690_3.png",2,0.5826,34.8152315520523,-3.1165623721222,5.69646257404337,"#515349"
"3925474690_4","3925474690_4.png",1,0.387,59.6316436994852,-1.41586041849879,2.40599079531765,"#8F908B"
"3925474690_4","3925474690_4.png",2,0.613,29.4897865374196,-4.43750985388939,5.85837254969385,"#42473C"
"3947138318_1","3947138318_1.png",1,0.6032,81.5956694693435,0.335951996041779,5.85802663874205,"#D0CAC0"
"3947138318_1","3947138318_1.png",2,0.3968,59.2981891494401,2.81326790543887,13.4665992970345,"#9D8C77"
"3947138318_2","3947138318_2.png",1,0.6032,81.7750906636718,0.37544693506209,5.88354226780555,"#D1CBC0"
"3947138318_2","3947138318_2.png",2,0.3968,59.4848305230975,2.81956852329499,13.2022139642127,"#9D8D78"
"3947138318_3","3947138318_3.png",1,0.561,81.723370170024,0.249726059722253,5.7974834969469,"#D0CBC0"
"3947138318_3","3947138318_3.png",2,0.439,60.546292271959,2.46531938425184,11.5801648834172,"#9E907E"
"3947601703_1","3947601703_1.png",1,0.68,83.34191918514,6.83858119858651,-5.7624873637084,"#D8CCDB"
"3947601703_1","3947601703_1.png",2,0.32,67.6880850303711,6.92713079596324,-5.5257479767469,"#ADA1AF"
"3947601703_2","3947601703_2.png",1,0.5304,89.7590182966901,4.78906441601419,-2.19559417251945,"#E9DFE6"
"3947601703_2","3947601703_2.png",2,0.4696,70.3930612576584,6.30899638511335,-3.76994959102605,"#B5A9B3"
"3961211912_1","3961211912_1.png",1,0.9148,81.6737129925988,0.507077192235874,3.4912884189187,"#CFCAC5"
"3961211912_1","3961211912_1.png",2,0.0852,43.8138716514656,1.11887058195739,17.3584676617644,"#74664B"
"3961211912_2","3961211912_2.png",1,0.8858,84.1082936662258,0.363890588167666,3.44636246701398,"#D5D1CB"
"3961211912_2","3961211912_2.png",2,0.1142,48.4802491729539,1.82308479480935,10.0014976571468,"#7D7162"
"3961211912_3","3961211912_3.png",1,0.9204,84.3686721080396,0.982289506002695,3.30388679756977,"#D7D2CC"
"3961211912_3","3961211912_3.png",2,0.0796,47.6681179820089,1.34359865903101,15.1120330453607,"#7D6F58"
"3961455914_1","3961455914_1.png",1,0.5852,77.2835659028507,2.59636753858798,-7.9665194569047,"#BDBECE"
"3961455914_1","3961455914_1.png",2,0.4148,44.4354820651222,2.80711931153781,-4.97512471930048,"#6A6871"
"3963399901_1","3963399901_1.png",1,0.5844,88.9292605012186,-0.63328878226996,-0.703992781469047,"#DDE0E1"
"3963399901_1","3963399901_1.png",2,0.4156,65.4662063182781,0.256461736486294,2.19593760605772,"#A19F9B"
"3963460776_1","3963460776_1.png",1,0.4744,76.2590802893796,0.544579332335309,-3.3059977321241,"#BABCC2"
"3963460776_1","3963460776_1.png",2,0.5256,57.106792278946,0.924089002653888,0.651420319399012,"#8B8888"
"3963460776_2","3963460776_2.png",1,0.4748,84.9996072540684,-0.351916524867898,-3.72743462642282,"#D0D5DB"
"3963460776_2","3963460776_2.png",2,0.5252,66.0189022174562,-0.05875756925085,1.9539196433524,"#A2A09D"
"3986382390_1","3986382390_1.png",1,0.6026,82.0106751408223,-0.606236630317306,-1.41798722778429,"#C9CCCF"
"3986382390_1","3986382390_1.png",2,0.3974,63.6087335751334,0.280474386779763,0.439912922657746,"#9B9A99"
"3994140653_1","3994140653_1.png",1,0.5842,81.8917358462112,0.67064499962245,3.35460918792297,"#D0CBC5"
"3994140653_1","3994140653_1.png",2,0.4158,47.1273520267427,2.98355044461941,7.19608451862238,"#7A6E64"
"3995412756_1","3995412756_1.png",1,0.5982,80.5312062929473,1.08363843576511,4.1871709618525,"#CDC7C0"
"3995412756_1","3995412756_1.png",2,0.4018,52.1585557591802,5.5192593566146,12.5469183973979,"#8E7867"
"3995518777_1","3995518777_1.png",1,0.523,81.1340585829299,1.55049572065024,6.39309601918846,"#D2C8BE"
"3995518777_1","3995518777_1.png",2,0.477,58.2769687894636,3.30381885202903,6.36344331730034,"#978A81"
"3995518777_2","3995518777_2.png",1,0.5218,82.3843058928311,1.36908919605432,6.39965930211697,"#D5CCC1"
"3995518777_2","3995518777_2.png",2,0.4782,59.1315996920964,3.09699790355182,5.91366354972617,"#988C84"
"3995518927_1","3995518927_1.png",1,0.5724,86.7188136527148,-0.407965098436802,3.59280658686478,"#DBD9D2"
"3995518927_1","3995518927_1.png",2,0.4276,70.5242817099826,-0.658240588024848,7.47236618825039,"#B1AC9F"
"3995518927_2","3995518927_2.png",1,0.671,86.8650023261731,0.531954148206367,1.56423072280916,"#DCD9D7"
"3995518927_2","3995518927_2.png",2,0.329,66.3035276052723,-0.939729624460898,9.68161109287749,"#A7A190"
"3995653261_1","3995653261_1.png",1,0.5024,81.4963930483953,2.55364301027933,5.58656258558921,"#D4C9C0"
"3995653261_1","3995653261_1.png",2,0.4976,64.1689426669095,4.80257796202169,4.55963559742543,"#A89894"
"3995653261_2","3995653261_2.png",1,0.561,80.7857438969994,3.01032088302498,2.71969379622745,"#D1C6C4"
"3995653261_2","3995653261_2.png",2,0.439,61.5487838045011,4.35685955307661,3.42381458655756,"#9F928F"
"3995653261_3","3995653261_3.png",1,0.6642,85.0867171555362,2.06932193872422,1.30907712325804,"#DAD3D2"
"3995653261_3","3995653261_3.png",2,0.3358,66.88890744053,3.50589524297527,2.03048412781002,"#ABA19F"
"3995653261_4","3995653261_4.png",1,0.589,83.4918677148628,2.13764506299186,3.04394042591574,"#D7CFCA"
"3995653261_4","3995653261_4.png",2,0.411,65.020611479519,3.62696814241709,2.75341618976657,"#A79B99"
"3995938661_1","3995938661_1.png",1,0.5152,80.9634481201288,0.964206944536025,4.06699602135895,"#CEC8C1"
"3995938661_1","3995938661_1.png",2,0.4848,54.0950439021588,3.26244012663474,10.0206512967123,"#8E7F70"
"3995960817_1","3995960817_1.png",1,0.579157700584076,68.37583049649,1.27931705022669,2.18096955281177,"#ABA6A3"
"3995960817_1","3995960817_1.png",2,0.420842299415924,49.9870935231837,4.2258098957215,5.41510466142115,"#82746E"
"3995960817_2","3995960817_2.png",1,0.6096,74.0069664047115,0.0645318185905235,1.82784105331294,"#B8B6B3"
"3995960817_2","3995960817_2.png",2,0.3904,42.0751398176026,0.572872731909541,2.44265193328242,"#66635F"
"3995960817_3","3995960817_3.png",1,0.4812,51.2476513578277,2.11142239949829,0.236604393747118,"#7E797A"
"3995960817_3","3995960817_3.png",2,0.5188,31.892801693163,2.07535869220688,-3.54413755053033,"#4C4A51"
"3995960817_4","3995960817_4.png",1,0.6356,60.1720285172014,1.75097918480868,0.701759739011748,"#959090"
"3995960817_4","3995960817_4.png",2,0.3644,43.2344525297797,1.84729582851739,-0.490922283240188,"#696567"
"3995960817_5","3995960817_5.png",1,0.411193788417988,85.3669674528449,4.95736789912392,11.0874252747437,"#E7D1C1"
"3995960817_5","3995960817_5.png",2,0.588806211582012,59.170369935944,8.21949246562358,16.261416278537,"#A78972"
"3996000357_1","3996000357_1.png",1,0.687242798353909,74.8037062391707,1.83403596493019,-0.608760437656563,"#BBB7B9"
"3996000357_1","3996000357_1.png",2,0.312757201646091,29.5794533971676,2.68250798361864,-13.019565770763,"#3F455A"
"3996198984_1","3996198984_1.png",1,0.4502,68.4911915969721,-0.180730353658055,-3.35001533621997,"#A4A7AD"
"3996198984_1","3996198984_1.png",2,0.5498,46.1946555595247,1.04265150205834,-1.61056985644183,"#6E6D70"
"3996662996_1","3996662996_1.png",1,0.4122,80.4121240242853,-0.580145568455005,5.89709236341852,"#CBC7BD"
"3996662996_1","3996662996_1.png",2,0.5878,56.4408801764693,1.92428121780432,14.6644893325903,"#94856E"
"3996701858_1","3996701858_1.png",1,0.6224,74.1827133251882,1.51087102702363,2.9732575342295,"#BCB5B1"
"3996701858_1","3996701858_1.png",2,0.3776,62.154154649369,1.6878826785131,2.62609485022022,"#9B9592"
"3996939330_1","3996939330_1.png",1,0.548,87.1572953091777,0.899947959114814,2.35499055452084,"#DEDAD6"
"3996939330_1","3996939330_1.png",2,0.452,58.4689827125562,3.95085463728267,7.83300526873803,"#998A7F"
"3996939330_2","3996939330_2.png",1,0.5286,88.7580727938788,0.0534701318760903,2.41485610484807,"#E1DFDA"
"3996939330_2","3996939330_2.png",2,0.4714,65.3134714034137,1.65623468503743,8.05111577799648,"#A89D90"
"3996958968_1","3996958968_1.png",1,0.4256,78.1794185253382,0.978138790001513,0.352734300436945,"#C4C1C1"
"3996958968_1","3996958968_1.png",2,0.5744,51.9522922534889,3.59529328816284,1.16267547513203,"#837A7A"
"3996958968_2","3996958968_2.png",1,0.4298,79.6588451008527,0.898969675352106,0.211447213789409,"#C7C5C5"
"3996958968_2","3996958968_2.png",2,0.5702,54.0838019526959,3.79007051860323,0.521732462797541,"#887F81"
"3996958968_3","3996958968_3.png",1,0.4656,83.4162083645586,0.342576730110423,0.130982513765008,"#D1D0D0"
"3996958968_3","3996958968_3.png",2,0.5344,55.5264440663213,3.14420565623808,1.46036537907535,"#8C8383"
"3996958968_4","3996958968_4.png",1,0.4106,85.3165137340267,0.0928650746415215,-0.289588243253672,"#D5D5D6"
"3996958968_4","3996958968_4.png",2,0.5894,59.394517089622,2.76763658364306,-0.566161521696574,"#948D90"
"3997170389_1","3997170389_1.png",1,0.4184,78.7847863960483,1.41184888924524,1.87358079839046,"#C7C2C0"
"3997170389_1","3997170389_1.png",2,0.5816,60.044342580744,2.59298501540655,-0.49703056245265,"#958F92"
"3997170389_2","3997170389_2.png",1,0.462,77.4950217662075,1.58422718727561,2.83965349243719,"#C5BEBA"
"3997170389_2","3997170389_2.png",2,0.538,59.37265207857,2.65935207766581,0.888847277081605,"#948D8D"
"3997170389_3","3997170389_3.png",1,0.441,81.3868098601216,1.58995025218267,2.4747723244526,"#CFC9C6"
"3997170389_3","3997170389_3.png",2,0.559,62.4201588163626,2.73198082707293,0.840605829202377,"#9D9596"
"3997170389_4","3997170389_4.png",1,0.4066,80.4467610966407,1.58579462927785,3.2744203476179,"#CDC6C2"
"3997170389_4","3997170389_4.png",2,0.5934,62.1046279625358,2.59806766440655,0.708358142382128,"#9B9595"
"3997342840_1","3997342840_1.png",1,0.7226,85.929378246,-2.22821160997499,-0.858782424366189,"#D2D8D8"
"3997342840_1","3997342840_1.png",2,0.2774,61.3120717103584,-2.12380409504603,0.142610975695707,"#909594"
"3997378664_1","3997378664_1.png",1,0.289,78.3352576581151,2.12139377448996,2.41175695600201,"#C8C0BD"
"3997378664_1","3997378664_1.png",2,0.711,39.1389331483621,3.12907079691468,-5.05283691917534,"#5E5B64"
"3997378664_2","3997378664_2.png",1,0.4424,82.280734482915,3.9975925062772,16.6520828409112,"#E0C9AE"
"3997378664_2","3997378664_2.png",2,0.5576,35.125083819589,7.08245863825026,14.572191027291,"#654E3C"
"3997378664_3","3997378664_3.png",1,0.22,67.8820626916069,2.60549415580441,2.34423745207496,"#ACA4A1"
"3997378664_3","3997378664_3.png",2,0.78,42.9738546665103,3.49312577052251,-3.89631259233981,"#68646C"
"3997378664_4","3997378664_4.png",1,0.664011437908497,78.2402416861517,1.68232229435429,4.27106266535583,"#C8C0BA"
"3997378664_4","3997378664_4.png",2,0.335988562091503,42.1795978549337,3.91365355156769,6.31941427242384,"#6E6159"
"4006554006_1","4006554006_1.png",1,0.7702,83.4871394681517,2.27336326782296,7.80657849422875,"#DBCEC2"
"4006554006_1","4006554006_1.png",2,0.2298,50.4116608046277,8.42891510447857,-1.21052389944097,"#86737A"
"4006628308_1","4006628308_1.png",1,0.5554,68.7742877958021,1.31238899021262,3.73858320223596,"#ADA7A1"
"4006628308_1","4006628308_1.png",2,0.4446,48.081694542179,1.84711370505919,3.58461079235647,"#78716C"
"4018343432_1","4018343432_1.png",1,0.5736,87.6572241622059,2.92923611296929,10.2570391233223,"#E9D9C8"
"4018343432_1","4018343432_1.png",2,0.4264,67.4931605196985,7.39281545829494,13.1433133091592,"#BB9F8D"
"4018414466_1","4018414466_1.png",1,0.5768,75.6478838938936,0.463957916478782,3.41236839048963,"#BEBAB4"
"4018414466_1","4018414466_1.png",2,0.4232,58.722359380119,1.27167764959336,4.08223039090753,"#938C86"
"4018506424_1","4018506424_1.png",1,0.6044,88.5808572371143,1.17818765643041,9.41479638026853,"#E8DDCD"
"4018506424_1","4018506424_1.png",2,0.3956,59.5581168270901,4.03441811930495,10.7361359100531,"#9E8C7D"
"4018645448_1","4018645448_1.png",1,0.5768,77.0693100595321,1.18309792272499,5.6033104731013,"#C5BDB4"
"4018645448_1","4018645448_1.png",2,0.4232,57.2149332374374,1.93603008644116,7.30300823594018,"#92887D"
"4018647469_1","4018647469_1.png",1,0.5154,78.4012539458457,0.085583214204273,0.597359312253098,"#C3C2C1"
"4018647469_1","4018647469_1.png",2,0.4846,49.6057346131869,0.494026754103057,-0.698053758837577,"#767677"
"4029170772_1","4029170772_1.png",1,0.5766,78.8887606343125,1.10711334177126,3.58886455132976,"#C8C2BD"
"4029170772_1","4029170772_1.png",2,0.4234,53.1484970160406,1.99299736832144,4.48064265526664,"#867D77"
"4034630571_1","4034630571_1.png",1,0.5472,78.0281112748017,0.178748953889335,-0.459013950291876,"#C1C1C2"
"4034630571_1","4034630571_1.png",2,0.4528,55.8635819492582,2.50766583393281,2.63331617246124,"#8C8481"
"4056054414_1","4056054414_1.png",1,0.715,82.2640850987665,0.260959221630095,5.30949401907629,"#D1CCC3"
"4056054414_1","4056054414_1.png",2,0.285,59.1966676608017,0.828494707082199,11.7372786017398,"#988D7A"
"4056054414_2","4056054414_2.png",1,0.5444,81.5639665728378,0.163861158063775,5.71744707320588,"#D0CAC0"
"4056054414_2","4056054414_2.png",2,0.4556,59.5186555003977,0.683976452796811,13.3138592430829,"#9A8E78"
"4056266261_1","4056266261_1.png",1,0.604,92.2267221520808,1.53234419310648,-2.05350253540853,"#EAE8ED"
"4056266261_1","4056266261_1.png",2,0.396,50.0973216629173,5.64983006737898,-6.83756071969507,"#7C7483"
"4056396637_1","4056396637_1.png",1,0.5618,81.1858966432145,-0.289052687032917,0.586782010965048,"#CACAC9"
"4056396637_1","4056396637_1.png",2,0.4382,49.5013685969439,0.223145973836306,7.14689982917205,"#7B756A"
"4056438662_1","4056438662_1.png",1,0.538,85.8086809071412,1.11325146640751,-1.83420471240293,"#D7D6DA"
"4056438662_1","4056438662_1.png",2,0.462,69.8190673381006,1.99311955003723,-3.19331182340348,"#ACAAB0"
"4056675737_1","4056675737_1.png",1,0.443,82.6325350668853,0.0843767556977668,-0.480094606891855,"#CDCECF"
"4056675737_1","4056675737_1.png",2,0.557,53.0922778790606,0.0239515686292886,2.7376125901624,"#817F7A"
"4056675737_2","4056675737_2.png",1,0.637,84.7644048146453,0.546064791378788,4.20258990014193,"#D8D3CC"
"4056675737_2","4056675737_2.png",2,0.363,56.919537788644,1.62853742004907,5.88615639513839,"#90877E"
"4056675737_3","4056675737_3.png",1,0.4748,83.7901919753963,0.258332129454584,-0.252852900953586,"#D1D1D1"
"4056675737_3","4056675737_3.png",2,0.5252,53.3131713987184,0.488289594430485,2.71699587842975,"#827F7B"
"4058098494_1","4058098494_1.png",1,0.485,70.1634378399261,4.51676590324366,9.86805374702319,"#BBA89A"
"4058098494_1","4058098494_1.png",2,0.515,46.773471526623,4.01529279630907,11.3088490979903,"#7D6C5C"
"4058098494_2","4058098494_2.png",1,0.5074,68.250593235839,4.55629931531631,9.03803839771792,"#B5A396"
"4058098494_2","4058098494_2.png",2,0.4926,37.4926597955744,0.600748404055673,6.72394497109511,"#5E584D"
"4058174390_1","4058174390_1.png",1,0.7506,85.4327140224933,-0.757913291239589,-0.371057179942007,"#D4D6D6"
"4058174390_1","4058174390_1.png",2,0.2494,57.5183744832429,-1.2204765040359,5.71100118480399,"#8C8A80"
"4067519408_1","4067519408_1.png",1,0.6066,89.5111202404806,0.18785333952262,3.58193469099697,"#E4E1DA"
"4067519408_1","4067519408_1.png",2,0.3934,71.8039147579391,1.25490464453173,4.9754977063862,"#B6AFA7"
"4067724425_1","4067724425_1.png",1,0.6286,73.5628021980846,1.70763931804339,3.72260556621226,"#BBB3AE"
"4067724425_1","4067724425_1.png",2,0.3714,46.1885162638727,4.03376825231826,-0.544763628098941,"#746B6E"
"4080659089_1","4080659089_1.png",1,0.605,86.8492095201914,-0.971562551646267,-3.04647531873871,"#D5DADF"
"4080659089_1","4080659089_1.png",2,0.395,56.1557990911875,0.402914044999886,-3.32819599464682,"#85878C"
"4080659089_2","4080659089_2.png",1,0.615,86.240861273741,-0.831047778679485,-2.61349148908379,"#D4D8DD"
"4080659089_2","4080659089_2.png",2,0.385,53.1355850752583,0.899532132294405,-3.09996831775032,"#7E7F84"
"4080659089_3","4080659089_3.png",1,0.595,85.8312242369646,-0.957985809221735,-2.79039894594704,"#D2D7DC"
"4080659089_3","4080659089_3.png",2,0.405,52.526112144305,0.754836654620119,-2.62313996234839,"#7D7D82"
"4096659434_1","4096659434_1.png",1,0.6248,84.5764338914077,0.477060329229295,1.45039930733949,"#D5D3D0"
"4096659434_1","4096659434_1.png",2,0.3752,58.82216829309,3.05338715031557,2.71970290610277,"#958C89"
"4096791861_1","4096791861_1.png",1,0.5288,62.051980140303,-0.251722243302687,0.982041976103398,"#969694"
"4096791861_1","4096791861_1.png",2,0.4712,30.0546134787333,0.33656457416827,7.76446727891057,"#4C463B"
"4102773285_1","4102773285_1.png",1,0.7282,92.6717913299152,-0.659807779574929,0.26583108257997,"#E9EAE9"
"4102773285_1","4102773285_1.png",2,0.2718,71.7219668213242,1.13460692945959,3.65610492647139,"#B5AFA9"
"4102807855_1","4102807855_1.png",1,0.543,75.3388503710622,1.30612123350798,3.67868960637779,"#BFB8B3"
"4102807855_1","4102807855_1.png",2,0.457,46.9083180511258,2.30767279741709,4.28890572398487,"#766E68"
"4102807855_2","4102807855_2.png",1,0.6426,73.7900078880702,0.815371523969574,4.58042273880908,"#BBB5AD"
"4102807855_2","4102807855_2.png",2,0.3574,27.2595798813671,3.00757644304633,-1.80934099763928,"#443F43"
"4102807855_3","4102807855_3.png",1,0.5876,73.4637030466963,3.99676245105708,3.67675866008746,"#BFB2AE"
"4102807855_3","4102807855_3.png",2,0.4124,40.0591847517448,3.81294837139547,1.50497892446033,"#665C5C"
"4102807855_4","4102807855_4.png",1,0.4416,68.9053486912297,2.27363687736568,4.96058633898419,"#B0A69F"
"4102807855_4","4102807855_4.png",2,0.5584,43.2947100988249,3.37913144943507,4.43779106952908,"#6F645F"
"4102807855_5","4102807855_5.png",1,0.6742,78.1205408337844,5.57588447353792,4.91782398678641,"#D0BDB8"
"4102807855_5","4102807855_5.png",2,0.3258,47.4713477359774,3.84663374161425,2.32394550687364,"#796E6D"
"4102807855_6","4102807855_6.png",1,0.6348,71.9440037523267,5.98197077836643,5.12637013452344,"#BFACA7"
"4102807855_6","4102807855_6.png",2,0.3652,42.3095707681688,3.59814720059536,3.03816423450249,"#6C625F"
"4103304983_1","4103304983_1.png",1,0.577,83.7275184240185,-1.18143568462737,-4.10278852025053,"#CBD2D8"
"4103304983_1","4103304983_1.png",2,0.423,62.8565675355532,-2.30009473483466,-5.39510879137178,"#8F9AA1"
"4103304983_2","4103304983_2.png",1,0.6344,84.1306549611602,0.926832104664871,1.64901377098003,"#D5D1CF"
"4103304983_2","4103304983_2.png",2,0.3656,47.1802660251958,2.8989681150418,2.6561184700727,"#776E6C"
"4103314201_1","4103314201_1.png",1,0.6644,79.8579893619196,1.90716246127164,-2.68537948525918,"#C7C5CB"
"4103314201_1","4103314201_1.png",2,0.3356,39.0419906736111,-1.13629604857077,1.79166007819773,"#5B5C59"
"4111899997_1","4111899997_1.png",1,0.6774,85.8713207743249,0.637407357122592,11.4603590368023,"#E1D6C1"
"4111899997_1","4111899997_1.png",2,0.3226,74.3606629423483,2.25117390335917,16.75913648462,"#C7B498"
"4116247787_1","4116247787_1.png",1,0.6212,83.4449737759006,-0.0355545121329711,0.776884885187373,"#D0D0CE"
"4116247787_1","4116247787_1.png",2,0.3788,45.2708670238589,0.0781229223391337,2.9486403240038,"#6D6B66"
"4116307953_1","4116307953_1.png",1,0.5096,83.2249684997813,-2.55451526351118,6.56004368463056,"#D0D0C3"
"4116307953_1","4116307953_1.png",2,0.4904,51.9102062945009,0.725600934273584,5.30357085337538,"#817B73"
"4116508679_1","4116508679_1.png",1,0.4606,88.8291511924664,3.28515065883775,-1.45641887095577,"#E4DDE2"
"4116508679_1","4116508679_1.png",2,0.5394,56.912406668564,6.70580417909117,3.39960427805152,"#978483"
"4121032182_1","4121032182_1.png",1,0.4848,81.9384607928337,4.42522072939884,0.266169078459367,"#D4C9CB"
"4121032182_1","4121032182_1.png",2,0.5152,58.807725500762,6.62066640220674,3.05297136001162,"#9B8988"
"4121032182_2","4121032182_2.png",1,0.48,81.7479961218056,4.47341907975199,0.127697198715321,"#D4C8CB"
"4121032182_2","4121032182_2.png",2,0.52,58.5856291122454,6.69555551767658,3.15089450667634,"#9B8988"
"4121032182_3","4121032182_3.png",1,0.5078,82.266356431763,4.58895105000847,-1.96898059871364,"#D4CAD0"
"4121032182_3","4121032182_3.png",2,0.4922,56.4456668777903,6.8729970644575,3.78280214932033,"#968381"
"4121032182_4","4121032182_4.png",1,0.5182,82.0461700555352,4.92045722015713,-1.698769958179,"#D4C9CF"
"4121032182_4","4121032182_4.png",2,0.4818,56.8918190977618,7.47419869994022,4.5702270314575,"#998481"
"4121032182_5","4121032182_5.png",1,0.466,81.4594568598079,4.40621966466983,0.525948717167561,"#D3C8CA"
"4121032182_5","4121032182_5.png",2,0.534,59.5163289969122,6.51385526220495,2.96435067557802,"#9D8B8A"
"4121131826_1","4121131826_1.png",1,0.3772,79.1751331380613,-0.388500539145294,2.02424898953292,"#C5C4C0"
"4121131826_1","4121131826_1.png",2,0.6228,60.414436911373,1.22105782233502,4.81783285909946,"#989189"
"4121131826_2","4121131826_2.png",1,0.3962,79.0622478046372,-0.319947340068703,2.16396411002425,"#C5C4C0"
"4121131826_2","4121131826_2.png",2,0.6038,60.0319303179932,1.33761130806062,5.14685919980276,"#979088"
"4121131826_3","4121131826_3.png",1,0.4106,81.65601015224,-0.619887001383017,2.76732243289575,"#CCCBC6"
"4121131826_3","4121131826_3.png",2,0.5894,57.1012970919815,0.902460530115267,4.74502281606533,"#8E8881"
"4121131826_4","4121131826_4.png",1,0.3322,75.4091562901609,1.13320740784927,4.3070503775789,"#BFB9B2"
"4121131826_4","4121131826_4.png",2,0.6678,49.0599282652764,13.4357355684724,11.6270934395855,"#916C62"
"4121131826_5","4121131826_5.png",1,0.3744,79.7561612893808,-0.469486512872966,1.81506414671799,"#C6C6C2"
"4121131826_5","4121131826_5.png",2,0.6256,56.3304805687149,0.942248540891166,4.43538382986157,"#8C867F"
"4121481795_1","4121481795_1.png",1,0.566,77.7652083756767,2.37991450700481,7.28993471735387,"#CABEB3"
"4121481795_1","4121481795_1.png",2,0.434,60.4588142926182,3.78773830059942,8.63614482460529,"#9F8F83"
"4126997634_1","4126997634_1.png",1,0.69,81.5073838462494,3.32596248581759,2.80950387770868,"#D3C8C5"
"4126997634_1","4126997634_1.png",2,0.31,57.4501963520564,5.83141686248907,10.1200040585144,"#9B8679"
"4127070176_1","4127070176_1.png",1,0.6046,84.6829525443871,1.8211922266571,0.136762084768091,"#D7D2D3"
"4127070176_1","4127070176_1.png",2,0.3954,49.2913972026063,1.92657719839891,6.69762396550525,"#7D746A"
"4127305536_1","4127305536_1.png",1,0.6348,84.495061291271,0.988407600939894,-0.16045668936803,"#D5D2D3"
"4127305536_1","4127305536_1.png",2,0.3652,55.2257334667891,2.79045608200054,1.2851703533662,"#8A8382"
"4127402527_1","4127402527_1.png",1,0.5984,80.2233898506633,0.874749827723999,7.12197200651278,"#CEC6BA"
"4127402527_1","4127402527_1.png",2,0.4016,49.7223571989791,1.44926395153759,9.25343701409284,"#7F7567"
"4129720725_1","4129720725_1.png",1,0.7132,83.5708357044917,0.127707871353831,1.38743440162107,"#D2D0CE"
"4129720725_1","4129720725_1.png",2,0.2868,44.4207727174976,4.32564357747295,-0.126285694518573,"#706769"
"4129962816_1","4129962816_1.png",1,0.4424,76.2873349557216,0.439246548679927,4.14861302240262,"#C0BCB5"
"4129962816_1","4129962816_1.png",2,0.5576,52.2010928969899,1.10595712727464,6.87987776484785,"#837B71"
"4130043636_1","4130043636_1.png",1,0.691,90.0202542733796,-0.672325668411374,0.961659692727442,"#E2E3E1"
"4130043636_1","4130043636_1.png",2,0.309,78.929616209243,-0.563751083939287,1.68987706347588,"#C4C4C0"
"4130043636_2","4130043636_2.png",1,0.8326,87.5917816553711,-0.540864467228329,0.565248613647025,"#DBDCDA"
"4130043636_2","4130043636_2.png",2,0.1674,48.0133636331627,6.25837231667728,7.98396529643998,"#826E65"
"4130043636_3","4130043636_3.png",1,0.6286,79.0251531213486,8.65062076411462,14.7066098702524,"#DEBDA9"
"4130043636_3","4130043636_3.png",2,0.3714,61.6029904245808,14.6095636947445,25.456623362221,"#BB8A69"
"4130105462_1","4130105462_1.png",1,0.46,73.423078548522,2.34723533548879,7.52549279946494,"#BFB2A7"
"4130105462_1","4130105462_1.png",2,0.54,60.5710308408479,5.12434670058507,7.46207623954822,"#A08F85"
"4130139600_1","4130139600_1.png",1,0.5664,84.772587221135,0.356384934431056,3.63407047793831,"#D7D3CD"
"4130139600_1","4130139600_1.png",2,0.4336,68.1943754625863,0.992858548714079,3.33598536183461,"#ABA5A0"
"4130139600_2","4130139600_2.png",1,0.5538,83.6581502513728,0.393106588686882,3.73354328495553,"#D4D0CA"
"4130139600_2","4130139600_2.png",2,0.4462,61.5683522806163,0.899375445969657,6.04834850642176,"#9B948A"
"4130139600_3","4130139600_3.png",1,0.5692,83.966014775876,0.4806032701505,3.5610334227288,"#D5D1CB"
"4130139600_3","4130139600_3.png",2,0.4308,61.9582214104389,1.15276257314469,5.70255258741022,"#9C958C"
"4134056124_1","4134056124_1.png",1,0.6874,85.7229962657295,1.19150487981388,1.49752440197507,"#DAD5D4"
"4134056124_1","4134056124_1.png",2,0.3126,54.0773797143028,3.72275095190577,5.02846401117491,"#8B7F79"
"4134181591_1","4134181591_1.png",1,0.4936,85.1386227895419,0.60719126077556,3.86331718497492,"#D9D4CD"
"4134181591_1","4134181591_1.png",2,0.5064,60.544416792479,1.68828194066367,6.66876834812466,"#9A9186"
"4138195070_1","4138195070_1.png",1,0.4074,90.3624984545093,0.595074972235617,1.01909407652547,"#E5E3E1"
"4138195070_1","4138195070_1.png",2,0.5926,56.791722720279,0.267603010192172,4.65516459318275,"#8C8880"
"4138510114_1","4138510114_1.png",1,0.508,75.6449046232341,3.42474174294546,8.25912338559202,"#C7B8AB"
"4138510114_1","4138510114_1.png",2,0.492,49.4578555615,5.48814838012616,10.3957523112035,"#867264"
"4138598437_1","4138598437_1.png",1,0.4394,62.4746981057181,2.47079349469642,0.160588828748525,"#9C9697"
"4138598437_1","4138598437_1.png",2,0.5606,37.9179569127365,5.33068030562391,5.28992482416072,"#655651"
"4138738448_1","4138738448_1.png",1,0.313,63.1552712460585,7.64590286667785,-4.10495186419835,"#A395A0"
"4138738448_1","4138738448_1.png",2,0.687,45.8714792946327,2.53863477417801,-1.2111227356486,"#706B6F"
"4138738448_2","4138738448_2.png",1,0.3926,79.1571994086139,8.97441345749509,-4.02155947641965,"#D2BFCC"
"4138738448_2","4138738448_2.png",2,0.6074,50.1387704444809,9.07661833185732,-3.86066685437399,"#84727E"
"4145181962_1","4145181962_1.png",1,0.631,58.3942750029033,6.83392152091956,15.4607987325433,"#A28772"
"4145181962_1","4145181962_1.png",2,0.369,36.2361558789808,14.5123699497839,29.0820996557058,"#764B26"
"4145181962_2","4145181962_2.png",1,0.4892,65.9146580144248,5.59258547156488,10.9897088330055,"#B29C8D"
"4145181962_2","4145181962_2.png",2,0.5108,47.5813034315062,7.6240853569899,15.676879165093,"#876C57"
"4145207731_1","4145207731_1.png",1,0.5302,68.1165974696475,2.52111962617234,4.79251801140121,"#AEA49E"
"4145207731_1","4145207731_1.png",2,0.4698,55.0347362933514,3.28157925594095,1.84034573593791,"#8B8281"
"4145237834_1","4145237834_1.png",1,0.881188118811881,64.6601993074188,2.27616501069705,-4.18620856508327,"#9E9CA4"
"4145237834_1","4145237834_1.png",2,0.118811881188119,45.1461593197171,8.45831674941762,-6.23497968627373,"#746675"
"4145237834_2","4145237834_2.png",1,0.2788,78.8333152142521,1.18236870634772,0.151138897200909,"#C6C2C3"
"4145237834_2","4145237834_2.png",2,0.7212,59.7356345068549,2.59101039834189,2.02554051869302,"#968E8C"
"4145237834_3","4145237834_3.png",1,0.5116,76.8326757124414,0.208077251233574,3.29212885250433,"#C1BDB8"
"4145237834_3","4145237834_3.png",2,0.4884,62.7067775353872,3.08998091389629,0.134549975121376,"#9D9698"
"4145582236_1","4145582236_1.png",1,0.486,82.1882616625077,-0.450556081721545,-2.10811331755324,"#CACDD0"
"4145582236_1","4145582236_1.png",2,0.514,46.6168298623133,-0.087302867461472,-4.78615901351561,"#6A6F76"
"4153530777_1","4153530777_1.png",1,0.6144,82.0163944930797,1.09504259752366,3.95087414280155,"#D1CBC5"
"4153530777_1","4153530777_1.png",2,0.3856,64.9664359467774,1.02705347704621,6.98661579371624,"#A59D91"
"4156181632_1","4156181632_1.png",1,0.5726,84.1001909658195,2.38982199016141,-3.62832829484704,"#D3D1D9"
"4156181632_1","4156181632_1.png",2,0.4274,31.278672148937,0.921197239562732,-0.456007623961734,"#4B494A"
"4156181632_2","4156181632_2.png",1,0.7068,81.0826120494538,3.96918975307502,-14.9975807105455,"#C3C8E5"
"4156181632_2","4156181632_2.png",2,0.2932,58.9609602695891,6.90218602731077,-11.8173655098132,"#908BA3"
"4156237237_1","4156237237_1.png",1,0.6276,76.0807363930319,1.90651261631694,-5.95936725170904,"#BABBC6"
"4156237237_1","4156237237_1.png",2,0.3724,56.364442866092,4.03741750113593,-0.759069200135203,"#8E8589"
"4156237237_2","4156237237_2.png",1,0.5374,82.9213491456126,-0.933809158924668,-1.19497087917791,"#CCCFD1"
"4156237237_2","4156237237_2.png",2,0.4626,54.5928151094859,0.206369207452391,-0.754545035539388,"#828384"
"4156495100_1","4156495100_1.png",1,0.4438,71.7741725693402,-0.166318371409465,-3.229953700484,"#ADB0B6"
"4156495100_1","4156495100_1.png",2,0.5562,41.593873103254,1.4807642167902,-5.6573784818049,"#60626B"
"4156552682_1","4156552682_1.png",1,0.5862,86.6806225061033,1.53333630219752,3.05842397512552,"#DFD8D3"
"4156552682_1","4156552682_1.png",2,0.4138,71.8259267429871,1.83159035564357,4.47132038116721,"#B7AFA8"
"4157152050_1","4157152050_1.png",1,0.7472,83.0889739321456,4.44287038805482,0.523806570057523,"#D8CCCE"
"4157152050_1","4157152050_1.png",2,0.2528,57.3430390307435,10.4069474412233,38.6299923327918,"#AE8146"
"4157413454_1","4157413454_1.png",1,0.6688,84.5241077454988,0.229365210823109,2.14408911189523,"#D5D3CF"
"4157413454_1","4157413454_1.png",2,0.3312,44.7167962453174,2.23826774426985,5.50830818088837,"#716861"
"4157413454_2","4157413454_2.png",1,0.7152,89.2124551191107,0.0515482825741707,0.713327177546259,"#E1E0DF"
"4157413454_2","4157413454_2.png",2,0.2848,51.4991119363167,2.12184222945722,0.839998527184185,"#7F7979"
"4157420758_1","4157420758_1.png",1,0.6996,89.7300774694865,0.136304860504501,-2.66233139555235,"#DFE2E7"
"4157420758_1","4157420758_1.png",2,0.3004,66.4202063216856,0.955263781517443,-2.61107027494322,"#A1A1A6"
"4157420758_2","4157420758_2.png",1,0.8398,85.3068638723791,1.27192289379493,-3.01300813607086,"#D5D5DB"
"4157420758_2","4157420758_2.png",2,0.1602,38.6214237965886,2.35793632803829,-1.20168951561196,"#5E5A5D"
"4157464536_1","4157464536_1.png",1,0.44765625,81.0781982942321,1.04003217834577,1.63450905469008,"#CDC9C6"
"4157464536_1","4157464536_1.png",2,0.55234375,53.322906577692,2.34570640680738,3.65333611099175,"#867E79"
"4158038600_1","4158038600_1.png",1,0.5238,77.7851846425654,3.43045708715831,0.00707520807141333,"#C7BEC0"
"4158038600_1","4158038600_1.png",2,0.4762,53.1679884044917,4.83524444720919,5.1150987441353,"#8B7C76"
"4159383492_1","4159383492_1.png",1,0.652,84.7763933255533,3.55771402231753,-4.41854658563558,"#D7D2DC"
"4159383492_1","4159383492_1.png",2,0.348,60.7524429543045,3.588932102646,-4.58557695576409,"#95919B"
"4159759896_1","4159759896_1.png",1,0.504,80.2671197167941,0.217052846361572,-1.33598830551632,"#C6C7CA"
"4159759896_1","4159759896_1.png",2,0.496,49.3895503577849,1.09070642655444,2.57537628538716,"#797571"
"4160068799_1","4160068799_1.png",1,0.5078,80.8197887891702,0.117641632009594,2.25302245267718,"#CBC8C4"
"4160068799_1","4160068799_1.png",2,0.4922,56.3404544694029,-0.0640688495641383,0.566937742475632,"#878786"
"4162136156_1","4162136156_1.png",1,0.6478,86.4036234329777,8.45987765139003,-6.0874240882181,"#E3D3E4"
"4162136156_1","4162136156_1.png",2,0.3522,67.3209059753556,10.3682924210443,-12.8402661532596,"#AC9FBB"
"4162136156_2","4162136156_2.png",1,0.5906,83.1809645256764,4.74001312244547,-5.37824197955033,"#D4CDD9"
"4162136156_2","4162136156_2.png",2,0.4094,61.3992013497301,4.51749998744795,-9.89679719512287,"#9492A6"
"4162136156_3","4162136156_3.png",1,0.6074,81.0631031313787,9.61802588128232,-7.09545385425512,"#D6C4D7"
"4162136156_3","4162136156_3.png",2,0.3926,58.1196327373294,8.71139627647951,-8.0054084304663,"#95879A"
"4162136156_4","4162136156_4.png",1,0.5984,82.3699768735812,9.55053556717759,-6.95393189777286,"#D9C7DA"
"4162136156_4","4162136156_4.png",2,0.4016,57.0654706818361,9.33422201017007,-8.89649444841686,"#928499"
"4162136156_5","4162136156_5.png",1,0.6032,83.2093416815978,8.19137136732081,-5.8935689493775,"#DACBDA"
"4162136156_5","4162136156_5.png",2,0.3968,60.0008100340579,9.88203646370304,-10.1991500253681,"#9A8BA3"
"4165722700_1","4165722700_1.png",1,0.433,73.2915298185135,1.52527790284535,4.60871196459889,"#BBB3AC"
"4165722700_1","4165722700_1.png",2,0.567,53.66724493065,2.37057391190204,6.41610100211395,"#897E75"
"4165722700_2","4165722700_2.png",1,0.5094,67.8815836892412,1.40179444874732,6.27842428778183,"#ADA49A"
"4165722700_2","4165722700_2.png",2,0.4906,49.8440914800712,1.47978009345989,6.40271969077146,"#7E756C"
"4165888938_1","4165888938_1.png",1,0.6452,86.8019431211221,9.54300478887511,-6.36397473645041,"#E6D4E6"
"4165888938_1","4165888938_1.png",2,0.3548,67.7806120745719,11.0993018022217,-13.1506435294395,"#AE9FBD"
"4165958683_1","4165958683_1.png",1,0.7632,80.7124484361879,0.699174779308574,3.0143078725132,"#CCC8C3"
"4165958683_1","4165958683_1.png",2,0.2368,44.6989134514074,1.50762831164997,6.97141569155923,"#71685E"
"4165971560_1","4165971560_1.png",1,0.6372,84.6296124514354,1.83427101598075,3.69200936716568,"#DAD2CC"
"4165971560_1","4165971560_1.png",2,0.3628,53.4280968811975,3.01149748360754,7.93456609623634,"#8A7D72"
"4172108920_1","4172108920_1.png",1,0.327,71.7241396948592,-4.14809986769696,-0.881281687629652,"#A7B2B1"
"4172108920_1","4172108920_1.png",2,0.673,46.9139710285125,-6.72717722031545,1.36276718544355,"#64736D"
"4172108920_2","4172108920_2.png",1,0.3766,75.912295276149,0.242485848791087,-3.83696821766561,"#B8BBC2"
"4172108920_2","4172108920_2.png",2,0.6234,46.3359450179037,-3.81902194841231,-3.15439292397346,"#647073"
"4172108920_3","4172108920_3.png",1,0.3388,82.6388636209115,-3.53806515258718,-1.93766923197591,"#C5D0D1"
"4172108920_3","4172108920_3.png",2,0.6612,61.7538145554223,-4.96118940138679,1.19279127426341,"#8D9893"
"4177268133_1","4177268133_1.png",1,0.378125,76.5194385002969,0.158162046894701,-0.976421191404539,"#BCBDBF"
"4177268133_1","4177268133_1.png",2,0.621875,49.4859840538492,-1.82313112540249,-2.40177727470702,"#70777A"
"4177394159_1","4177394159_1.png",1,0.5682,56.1289622746861,3.46316467181278,5.30732231824419,"#91847E"
"4177394159_1","4177394159_1.png",2,0.4318,42.9377475675995,2.3352912313171,4.00182075448064,"#6C645F"
"4399908433_1","4399908433_1.png",1,0.4264,35.9878629713781,0.107196948055199,-3.60127271645364,"#52555A"
"4399908433_1","4399908433_1.png",2,0.5736,30.1054827790696,-0.615548442299885,-1.64896191168571,"#454749"
"4399908433_2","4399908433_2.png",1,0.4914,82.09124130356,0.388338808765206,1.99436579995314,"#CFCCC8"
"4399908433_2","4399908433_2.png",2,0.5086,43.6407006896722,0.35737637065038,1.48270966541969,"#696765"
"4399908433_3","4399908433_3.png",1,0.5046,79.8612526758146,0.243340054868736,1.87282972127637,"#C8C6C2"
"4399908433_3","4399908433_3.png",2,0.4954,47.5829171769227,0.326665357271476,2.99815896098178,"#74706C"
"4400156035_1","4400156035_1.png",1,0.618,78.7042798521412,0.0620734610053222,0.874677747450079,"#C4C3C1"
"4400156035_1","4400156035_1.png",2,0.382,48.7540086391411,2.31757501226502,1.65698992833407,"#797271"
"4400156035_2","4400156035_2.png",1,0.559,75.6418503201193,-0.325864436556515,0.35894815048037,"#BABBBA"
"4400156035_2","4400156035_2.png",2,0.441,44.657829539952,1.76509992113673,0.955934733331453,"#6D6968"
"4405409978_1","4405409978_1.png",1,0.5756,74.524413398147,3.8198018851975,15.0210002888968,"#C9B49C"
"4405409978_1","4405409978_1.png",2,0.4244,52.3177539721009,6.21870547299044,21.857294748104,"#947858"
"4407080623_1","4407080623_1.png",1,0.635,86.0351450503362,0.280673257168985,1.91955460747891,"#D9D7D4"
"4407080623_1","4407080623_1.png",2,0.365,71.6642992105982,1.50576961028382,3.66346646390083,"#B5AEA9"
"4407080623_2","4407080623_2.png",1,0.64,86.2194685881636,0.388536266986255,1.73836172288806,"#DAD7D4"
"4407080623_2","4407080623_2.png",2,0.36,71.5201641735622,1.70433475317952,3.25138009663023,"#B5AEA9"
"4407080623_3","4407080623_3.png",1,0.6784,86.8989161085331,0.413219125324969,1.37532697901469,"#DCD9D7"
"4407080623_3","4407080623_3.png",2,0.3216,69.1159649385085,1.5548415069687,2.91461499562702,"#AEA8A4"
"4407397545_1","4407397545_1.png",1,0.5536,88.5814059818653,-1.09086832643649,-0.0950349235019098,"#DCDFDE"
"4407397545_1","4407397545_1.png",2,0.4464,59.7713133988625,-0.419645939504595,4.37996098236373,"#939088"
"4407397545_2","4407397545_2.png",1,0.5714,91.049479470638,0.511488335089088,-2.72410179192098,"#E4E5EA"
"4407397545_2","4407397545_2.png",2,0.4286,62.4384376390839,1.97047604933748,2.00979521837444,"#9C9693"
"4407397545_3","4407397545_3.png",1,0.6408,84.0245045212643,-0.331468638467963,2.91855018416986,"#D3D2CC"
"4407397545_3","4407397545_3.png",2,0.3592,52.9113431864557,0.449470646849143,5.94796893875363,"#837E74"
"4407404892_1","4407404892_1.png",1,0.5904,85.8695515368095,0.281401924017054,9.23803512082843,"#DFD6C5"
"4407404892_1","4407404892_1.png",2,0.4096,64.4529233242624,0.75977910043711,10.5521323388976,"#A59B8A"
"4407539784_1","4407539784_1.png",1,0.5526,81.4598982631723,0.601201819575728,3.39018037842929,"#CECAC4"
"4407539784_1","4407539784_1.png",2,0.4474,55.5755535947985,2.28157296943653,4.7499148646387,"#8D847D"
"4407539784_2","4407539784_2.png",1,0.5356,80.6664504894231,0.0995004883452351,4.19899796570729,"#CCC8C0"
"4407539784_2","4407539784_2.png",2,0.4644,56.115783468022,0.915158777947497,6.78403320389711,"#8D867B"
"4408587033_1","4408587033_1.png",1,0.517,86.2062174166602,0.183750536998647,3.21796056397768,"#DBD7D2"
"4408587033_1","4408587033_1.png",2,0.483,66.0964346377472,0.0559715421095162,5.58623231914858,"#A5A097"
"4409181011_1","4409181011_1.png",1,0.5084,76.0297855282556,-1.48869539399604,0.836227688070072,"#B9BCBA"
"4409181011_1","4409181011_1.png",2,0.4916,52.7925580496353,3.16257673267723,7.74149353119715,"#897C71"
"4409586037_1","4409586037_1.png",1,0.7118,79.5926879615917,1.16631274030272,8.54119668526172,"#CEC4B5"
"4409586037_1","4409586037_1.png",2,0.2882,52.3104427710407,2.44381406812894,15.4808284787276,"#8B7A62"
"4413517702_1","4413517702_1.png",1,0.6626,82.73893838493,3.75469873476701,12.4851231171774,"#DFCBB7"
"4413517702_1","4413517702_1.png",2,0.3374,48.3186416550926,10.9185435884132,26.8055123399287,"#926B46"
"4413578082_1","4413578082_1.png",1,0.648,77.9324754563592,0.580118234942236,0.351616456505553,"#C2C0C0"
"4413578082_1","4413578082_1.png",2,0.352,47.352591480261,1.66732208436494,0.647039604354684,"#746F6F"
"4413578082_2","4413578082_2.png",1,0.6346,70.2149075098144,-0.893178827689805,-6.14150450139305,"#A4ADB7"
"4413578082_2","4413578082_2.png",2,0.3654,43.0787757687697,0.92083935650324,-6.51151137363304,"#626670"
"4413958567_1","4413958567_1.png",1,0.65,90.5244756118449,3.94916052572867,-2.00807219139339,"#EAE2E8"
"4413958567_1","4413958567_1.png",2,0.35,49.270609468558,8.07686607393915,3.68217323570783,"#85706F"
"4416723093_1","4416723093_1.png",1,0.507,83.6946191816775,0.132355748334424,2.32809016836436,"#D3D0CC"
"4416723093_1","4416723093_1.png",2,0.493,50.9283395724301,2.34973090428817,9.18889671758657,"#84776A"
"4416942725_1","4416942725_1.png",1,0.5902,75.4181449067549,1.0704991648278,7.52130733903394,"#C2B9AC"
"4416942725_1","4416942725_1.png",2,0.4098,57.6878669011881,2.64785141744175,4.10346590951605,"#928984"
"4416942725_2","4416942725_2.png",1,0.5906,73.3496269825504,1.21687467335803,8.17830360374033,"#BDB3A5"
"4416942725_2","4416942725_2.png",2,0.4094,56.6089816908044,2.74665639178518,4.71739875154538,"#908680"
"4416942725_3","4416942725_3.png",1,0.5828,73.6035335169545,1.37509856462757,7.82839613300284,"#BDB3A7"
"4416942725_3","4416942725_3.png",2,0.4172,57.4046271119186,2.43965074818043,4.69819710628966,"#928882"
"4416956324_1","4416956324_1.png",1,0.6638,84.2066656568411,0.247107419039396,4.19437927179635,"#D6D2CA"
"4416956324_1","4416956324_1.png",2,0.3362,59.804748062474,1.13059676993379,8.42947654724238,"#988F81"
"4420898286_1","4420898286_1.png",1,0.5966,87.1212677311386,-0.161067529051746,-1.09268765200798,"#D9DADC"
"4420898286_1","4420898286_1.png",2,0.4034,63.145954662425,-0.821191721566928,2.67802751930471,"#999994"
"4420898286_2","4420898286_2.png",1,0.5794,83.7600914164796,0.417649026965563,-1.30459989934364,"#D0D1D3"
"4420898286_2","4420898286_2.png",2,0.4206,61.884963242211,-0.426107235974207,1.94724593116424,"#969692"
"4420898286_3","4420898286_3.png",1,0.4538,70.5739514401318,-1.56698298719595,4.79963705991734,"#ADADA4"
"4420898286_3","4420898286_3.png",2,0.5462,55.6605176126617,-3.07791632439631,15.3724495469022,"#8A866B"
"4420931908_1","4420931908_1.png",1,0.7602,85.2147517456426,0.792617472117869,-2.48531662125582,"#D4D5DA"
"4420931908_1","4420931908_1.png",2,0.2398,53.9032236112006,8.96810940604916,-1.97865999687608,"#8F7C84"
"4421029190_1","4421029190_1.png",1,0.657,90.0308252285129,0.381114393763271,0.702504839959234,"#E4E2E1"
"4421029190_1","4421029190_1.png",2,0.343,60.7909435643022,2.2474784507278,6.08485705228995,"#9B9188"
"4421029190_2","4421029190_2.png",1,0.6258,87.8737229373979,1.44336967469,-1.68665802851117,"#DEDCE0"
"4421029190_2","4421029190_2.png",2,0.3742,57.3684639461776,1.24492256133901,0.660778488407614,"#8C8989"
"4421029190_3","4421029190_3.png",1,0.2478,65.2348372854182,-0.0876157460577476,-0.800740044514079,"#9D9EA0"
"4421029190_3","4421029190_3.png",2,0.7522,49.6861219458015,-0.876638207658586,4.748660703283,"#78766E"
"4421029190_4","4421029190_4.png",1,0.5566,84.9947787413249,-0.265173572057816,2.02674527380971,"#D5D4D0"
"4421029190_4","4421029190_4.png",2,0.4434,50.299671843217,-1.16593128797562,5.98756543270083,"#7A786E"
"4421029190_5","4421029190_5.png",1,0.5776,71.3636832535137,1.23454597372415,-4.70854521524996,"#ADAEB7"
"4421029190_5","4421029190_5.png",2,0.4224,46.6401346109144,0.314833290686054,0.0158617096532418,"#6F6E6E"
"4421029190_6","4421029190_6.png",1,0.6404,67.3456136581589,0.263744203601817,-5.51502079740403,"#A0A4AE"
"4421029190_6","4421029190_6.png",2,0.3596,49.6484209121723,0.315786738442292,-3.63954643101004,"#74767C"
"4424379536_1","4424379536_1.png",1,0.3774,90.0578708485704,-0.100143171189369,1.05820345676927,"#E3E2E0"
"4424379536_1","4424379536_1.png",2,0.6226,72.4288754322766,1.17094460172121,2.02229896998884,"#B5B1AE"
"4424379536_2","4424379536_2.png",1,0.3674,89.196370069494,0.0188600943111909,1.09992022048138,"#E1E0DE"
"4424379536_2","4424379536_2.png",2,0.6326,74.4770168783584,0.710109163704588,1.15690563730857,"#B9B7B5"
"4424412293_1","4424412293_1.png",1,0.6388,83.8755411437388,1.6011104895533,-1.3959813288757,"#D3D0D4"
"4424412293_1","4424412293_1.png",2,0.3612,59.3524328725313,4.68436031436642,4.42910014555104,"#9A8C87"
"4424412293_2","4424412293_2.png",1,0.6132,87.2236441341359,0.138241457619141,-0.128254008607172,"#DBDADB"
"4424412293_2","4424412293_2.png",2,0.3868,62.8706217126923,4.1593291869342,8.63575823223851,"#A69589"
"4424445126_1","4424445126_1.png",1,0.6582,87.8479189937774,0.529621835923266,-1.8943681804441,"#DCDCE0"
"4424445126_1","4424445126_1.png",2,0.3418,59.8749073085579,1.04474535578918,1.25562370898718,"#93908E"
"4424445126_2","4424445126_2.png",1,0.674,89.3089397255486,-2.09372668526452,-6.14365524126264,"#D6E2EC"
"4424445126_2","4424445126_2.png",2,0.326,59.2896458166675,-1.04621106654029,-3.28930579584604,"#8A9094"
"4424445126_3","4424445126_3.png",1,0.6738,83.84081535846,-0.147490923524947,1.53756692275121,"#D2D1CE"
"4424445126_3","4424445126_3.png",2,0.3262,54.0662966433658,0.809927332771045,4.69527813192142,"#868079"
"4424445126_4","4424445126_4.png",1,0.67,85.6402367939895,-0.239105761683134,-1.83507050954453,"#D4D6D9"
"4424445126_4","4424445126_4.png",2,0.33,56.5567549308376,0.639673999856519,0.932014136162776,"#8A8786"
"4424492598_1","4424492598_1.png",1,0.844036697247706,43.8693213263461,2.09457450727183,2.31261806861324,"#6D6664"
"4424492598_1","4424492598_1.png",2,0.155963302752294,29.2019498025296,3.51523687944572,6.17429601077128,"#4E433B"
"4424492598_3","4424492598_3.png",1,0.772111553784861,44.3880382187424,4.19518559113862,5.43905173140776,"#746660"
"4424492598_3","4424492598_3.png",2,0.227888446215139,27.0916330873731,8.87919296722837,15.8559657227382,"#543A28"
"4424492598_4","4424492598_4.png",1,0.300218076084323,70.4383262326599,-3.14047282559032,1.05510497180841,"#A7AEAA"
"4424492598_4","4424492598_4.png",2,0.699781923915677,50.5365937104088,2.70321674929284,3.78812118974643,"#807772"
"4424568237_1","4424568237_1.png",1,0.3906,92.626500418941,0.681044083567802,4.90393117910222,"#EFE9E0"
"4424568237_1","4424568237_1.png",2,0.6094,65.6453890978424,7.61480157718087,18.363448945563,"#B99A7F"
"4430673084_1","4430673084_1.png",1,0.6586,86.8015160098402,0.35902774426957,5.37528186323426,"#DED9CF"
"4430673084_1","4430673084_1.png",2,0.3414,56.099624750754,3.81528287561392,5.30575215854001,"#91847D"
"4430676776_1","4430676776_1.png",1,0.5322,83.7272061852671,-0.241584896024085,2.4826330476783,"#D2D1CC"
"4430676776_1","4430676776_1.png",2,0.4678,58.6614787194897,0.945425055119867,9.30322071575787,"#958C7D"
"4430676776_2","4430676776_2.png",1,0.5874,85.2254407738998,-0.516691617657227,0.301564215456434,"#D4D5D4"
"4430676776_2","4430676776_2.png",2,0.4126,54.7838722490932,0.0815473814520942,6.27483865498441,"#888378"
"4430702136_1","4430702136_1.png",1,0.9092,89.0832724586007,-2.43304754109838,-4.85187998248363,"#D6E2E9"
"4430702136_1","4430702136_1.png",2,0.0908,52.8510034687956,-2.05253880240087,-1.03242022421755,"#7A7F80"
"4430702136_2","4430702136_2.png",1,0.549,86.2031385498926,-0.682790804739455,-10.4545644096986,"#CCD9EB"
"4430702136_2","4430702136_2.png",2,0.451,70.8915909481592,0.978270219850838,-10.6406227281428,"#A6AEC1"
"4430774302_1","4430774302_1.png",1,0.5536,75.3248841299973,-3.65860070827528,-3.2373151503808,"#AFBCBF"
"4430774302_1","4430774302_1.png",2,0.4464,72.2313624145193,-12.5707732078797,16.2497643066935,"#A5B793"
"4431003690_1","4431003690_1.png",1,0.6202,84.6345116034269,1.65869344719148,2.79326969913164,"#D9D2CE"
"4431003690_1","4431003690_1.png",2,0.3798,55.5401254303981,7.02742260979089,10.4275572874314,"#988073"
"4431169974_1","4431169974_1.png",1,0.4408,58.523653972541,5.37070014390988,5.71529411513553,"#9A8983"
"4431169974_1","4431169974_1.png",2,0.5592,40.2018013683095,4.63591104569184,6.98727610156962,"#6B5C54"
"4440911350_1","4440911350_1.png",1,0.4954,58.8913745499554,1.89437549329893,6.61985821397285,"#968C82"
"4440911350_1","4440911350_1.png",2,0.5046,37.034120118843,1.17292888699402,9.76279338608742,"#5F5648"
"4458406227_1","4458406227_1.png",1,0.7434,85.9803424770064,3.69201423111678,2.83952062346494,"#E1D5D2"
"4458406227_1","4458406227_1.png",2,0.2566,57.9295139134339,4.78177095755885,13.0441004940181,"#9C8875"
"4458421651_1","4458421651_1.png",1,0.4344,73.8749997849813,2.65669391741686,-1.76234059404291,"#B9B4B9"
"4458421651_1","4458421651_1.png",2,0.5656,63.2973393253488,3.06329137248591,-0.454385276806318,"#9E979A"
"4458454559_1","4458454559_1.png",1,0.4852,77.594143882912,0.926344017040233,6.36032174671571,"#C7BFB4"
"4458454559_1","4458454559_1.png",2,0.5148,58.7265205609495,1.87279481764926,6.17352239143917,"#958C83"
"4458471604_1","4458471604_1.png",1,0.5494,91.935131808663,2.12655070048205,9.89894238194469,"#F4E6D5"
"4458471604_1","4458471604_1.png",2,0.4506,66.1501991926297,6.56897640737435,12.3382697239063,"#B59C8B"
"4458473607_1","4458473607_1.png",1,0.6088,84.0877556010395,0.436283905888984,4.27671884056259,"#D6D1CA"
"4458473607_1","4458473607_1.png",2,0.3912,55.16997915687,2.75588224692136,5.22075627076106,"#8D827B"
"4459331251_1","4459331251_1.png",1,0.7134,92.387882348677,-0.476680771337935,-0.0641164255278674,"#E8E9E9"
"4459331251_1","4459331251_1.png",2,0.2866,72.3771067047871,0.712557431468767,3.46591329826539,"#B6B1AB"
"4459420154_1","4459420154_1.png",1,0.5762,82.7892379976114,2.37685922149773,1.45486036115705,"#D4CDCB"
"4459420154_1","4459420154_1.png",2,0.4238,56.087179702873,2.65504532256063,11.6748705860354,"#938472"
"4459584477_1","4459584477_1.png",1,0.7068,85.860471955367,0.675444029807873,2.60517622350346,"#DAD6D2"
"4459584477_1","4459584477_1.png",2,0.2932,72.4950587341755,1.67436516855266,5.83434521477281,"#BAB0A7"
"4459584477_2","4459584477_2.png",1,0.6532,84.9957741561869,0.212103615525645,1.35973256800262,"#D6D4D2"
"4459584477_2","4459584477_2.png",2,0.3468,68.7716271750249,1.22103186779822,3.87050679551662,"#ADA7A1"
"4460125390_1","4460125390_1.png",1,0.5938,74.4873739667145,0.63325082275802,2.25910359735088,"#BAB7B3"
"4460125390_1","4460125390_1.png",2,0.4062,53.1806365920413,0.560061593424863,3.36867911725509,"#837E79"
"4460125390_2","4460125390_2.png",1,0.5668,71.9036794805736,1.05289866633844,2.21537512764904,"#B4AFAC"
"4460125390_2","4460125390_2.png",2,0.4332,49.7436458643422,0.901260976281994,3.68715196458537,"#7B7670"
"4460270976_1","4460270976_1.png",1,0.9166,77.7457273937174,2.25492914026644,2.0366186082549,"#C6BFBC"
"4460270976_1","4460270976_1.png",2,0.0834,29.0273305884416,0.553108900654341,10.0382956683895,"#4B4435"
"4460270976_2","4460270976_2.png",1,0.6028,87.673106044641,-0.8580968729522,-0.711054601229033,"#D9DCDD"
"4460270976_2","4460270976_2.png",2,0.3972,64.2924450367366,-1.23529400780801,1.65729519186099,"#9B9C99"
"4460311989_1","4460311989_1.png",1,0.4934,86.4575447100172,0.37802171977126,-1.47698088470046,"#D8D8DB"
"4460311989_1","4460311989_1.png",2,0.5066,59.2095596920489,2.01180746177732,-2.42726449434059,"#908E93"
"4460311989_2","4460311989_2.png",1,0.539,66.3606790440689,1.84821728450761,-1.11794625805163,"#A4A0A3"
"4460311989_2","4460311989_2.png",2,0.461,43.1321238726468,2.57940626239119,-2.59156913223847,"#68656A"
"4460311989_3","4460311989_3.png",1,0.6174,79.3997649135127,1.45358702364235,-1.56667621427922,"#C6C4C8"
"4460311989_3","4460311989_3.png",2,0.3826,40.1422580712103,4.13554040221928,1.27954508186466,"#665C5D"
"4460311989_4","4460311989_4.png",1,0.5152,84.3828964101342,1.08754233788661,-1.17250547387102,"#D4D2D5"
"4460311989_4","4460311989_4.png",2,0.4848,55.7167150643764,2.89796897035339,-0.743669010277978,"#8A8487"
"4460397197_1","4460397197_1.png",1,0.7276,86.0394232950607,0.0981154524005075,-6.02878086763517,"#D2D8E2"
"4460397197_1","4460397197_1.png",2,0.2724,61.8778327493794,2.12989398036227,-1.21756612641575,"#989498"
"4460519179_1","4460519179_1.png",1,0.5806,91.1364552969754,0.423385066029278,20.2237438410617,"#F6E4BF"
"4460519179_1","4460519179_1.png",2,0.4194,72.3823215100122,8.83338550622761,37.4828676591798,"#D6AA6D"
"4460519179_2","4460519179_2.png",1,0.6742,89.9273446943438,1.63270794192417,8.51729067330167,"#ECE1D2"
"4460519179_2","4460519179_2.png",2,0.3258,80.1729217126557,1.01305464011968,15.7052534760307,"#D4C5AA"
"4460560556_1","4460560556_1.png",1,0.4814,71.7125416895204,0.443376472811445,1.5762411542619,"#B2AFAD"
"4460560556_1","4460560556_1.png",2,0.5186,37.4726907872745,1.97768162051127,3.604993186037,"#5E5752"
"4460560556_2","4460560556_2.png",1,0.54,71.0305129459987,0.235357234654558,0.707253781067244,"#AFAEAD"
"4460560556_2","4460560556_2.png",2,0.46,38.9945972381594,1.31276741600189,1.9045290298844,"#5F5B59"
"4460560556_3","4460560556_3.png",1,0.5294,65.0303562050796,0.0974047832508449,0.0767289177902563,"#9E9E9E"
"4460560556_3","4460560556_3.png",2,0.4706,35.5824817050187,0.180911797026133,-0.267512044858731,"#545454"
"4460579117_1","4460579117_1.png",1,0.4812,87.5877710082027,1.44248995046809,11.1525522233549,"#E7DAC7"
"4460579117_1","4460579117_1.png",2,0.5188,77.6375732798518,1.4011821660705,17.4086400767606,"#CFBEA0"
"4460589351_1","4460589351_1.png",1,0.7818,84.69033027945,0.870040509232103,-3.86344725970673,"#D2D3DB"
"4460589351_1","4460589351_1.png",2,0.2182,55.3790579152896,1.82984224826078,3.7534431320741,"#8B837E"
"4460589929_1","4460589929_1.png",1,0.4954,75.7654085967093,2.57112187667603,5.85821527846611,"#C4B9B0"
"4460589929_1","4460589929_1.png",2,0.5046,64.6970560672736,1.49894107638726,3.28172079647072,"#A29C97"
"4460589929_2","4460589929_2.png",1,0.4708,71.6334437685246,3.91071814428567,8.13130227359555,"#BDADA1"
"4460589929_2","4460589929_2.png",2,0.5292,54.9931322392565,2.87480985562021,7.70661985636943,"#8E8176"
"4460589929_3","4460589929_3.png",1,0.3996,65.2249656632992,3.28202466663415,8.35433165272539,"#AA9C90"
"4460589929_3","4460589929_3.png",2,0.6004,49.5434060289249,3.2257288281087,9.68498211885654,"#827366"
"4460589929_4","4460589929_4.png",1,0.3698,61.663943579988,3.20976418073008,7.58536499342883,"#A09388"
"4460589929_4","4460589929_4.png",2,0.6302,45.7583388198024,1.50572797360796,5.13979082701095,"#736B64"
"4460589929_5","4460589929_5.png",1,0.4112,58.4888330279489,4.13187107263783,8.99098192056215,"#9A8A7D"
"4460589929_5","4460589929_5.png",2,0.5888,41.8517555474892,2.95272263056847,7.31831043710181,"#6C6157"
"4460603128_1","4460603128_1.png",1,0.4418,76.3671575636755,0.707985911794641,0.50182871684818,"#BEBCBB"
"4460603128_1","4460603128_1.png",2,0.5582,62.1710147764281,2.81025700640387,0.601144447724482,"#9C9595"
"4460712614_1","4460712614_1.png",1,0.594,75.9127490567456,2.55128714065438,8.41908720986611,"#C6B9AC"
"4460712614_1","4460712614_1.png",2,0.406,55.2898286213561,3.55421626914644,7.4393852768179,"#908278"
"4460712614_2","4460712614_2.png",1,0.7272,82.4058610575635,-1.94163626606386,2.80729184191344,"#CCCEC8"
"4460712614_2","4460712614_2.png",2,0.2728,55.1840786995055,0.424949452283388,1.16477813403349,"#868482"
"4460771467_1","4460771467_1.png",1,0.5958,69.4646984173866,-2.48589988568294,-2.53990600311026,"#A3ABAE"
"4460771467_1","4460771467_1.png",2,0.4042,42.510655929352,0.361231880785151,0.409481360613423,"#656464"
"4460919199_1","4460919199_1.png",1,0.5566,82.7918832999319,2.49212668248988,-4.01895205312336,"#CFCDD6"
"4460919199_1","4460919199_1.png",2,0.4434,61.0490431870505,3.73135886305396,1.00329031748629,"#9B9192"
"4461107627_1","4461107627_1.png",1,0.4778,87.7039600402406,-0.966479456624287,-2.46207747758562,"#D8DDE0"
"4461107627_1","4461107627_1.png",2,0.5222,66.8854237431443,-0.0333793363613402,-2.54242546040699,"#A0A3A7"
"4461373308_1","4461373308_1.png",1,0.4888,90.4030983470912,0.085808850498694,2.20837042109631,"#E6E3DF"
"4461373308_1","4461373308_1.png",2,0.5112,72.7034987258193,2.22299212550398,9.56127057508928,"#BEB0A1"
"4461373308_2","4461373308_2.png",1,0.4732,90.4460742035288,0.0904373059315015,2.10714252589356,"#E6E3E0"
"4461373308_2","4461373308_2.png",2,0.5268,72.8190922316991,2.20130898658195,9.64464615989094,"#BEB1A1"
"4461468018_1","4461468018_1.png",1,0.4362,84.2985847070587,2.13723212676969,4.00338696428957,"#DAD1CB"
"4461468018_1","4461468018_1.png",2,0.5638,63.7794034406999,4.15769468183292,-1.63331208253956,"#A1989D"
"4461478642_1","4461478642_1.png",1,0.6448,81.5057762217762,-3.38731318280832,3.07976860031945,"#C6CCC5"
"4461478642_1","4461478642_1.png",2,0.3552,48.9439993670661,-7.07910445402738,17.2689818621181,"#737757"
"4461478642_2","4461478642_2.png",1,0.6386,77.4599503011127,-5.36673535191768,5.86010445110483,"#BAC2B4"
"4461478642_2","4461478642_2.png",2,0.3614,44.1869185974157,-8.59499356114415,21.2689946246973,"#676C45"
"4461589234_1","4461589234_1.png",1,0.6132,78.035630151528,-0.176726452777181,-1.20000415205699,"#C0C1C3"
"4461589234_1","4461589234_1.png",2,0.3868,48.9654218137497,3.4734068172656,-3.01728994178124,"#787379"
"4461589234_2","4461589234_2.png",1,0.5098,82.307119159356,-0.723315171666522,-2.36915387327141,"#C9CDD1"
"4461589234_2","4461589234_2.png",2,0.4902,56.4887882169852,1.26187663487702,-3.42725116963288,"#87878D"
"4462491649_1","4462491649_1.png",1,0.374,81.3516592371604,0.995200993755475,4.20176195019007,"#CFC9C2"
"4462491649_1","4462491649_1.png",2,0.626,37.8805223653863,-1.98014028690226,-1.21609794825044,"#555A5B"
"4506264687_1","4506264687_1.png",1,0.6426,91.8459318722126,2.84038915657129,-2.57995091627865,"#EBE6ED"
"4506264687_1","4506264687_1.png",2,0.3574,50.742654279673,1.06117757415857,1.59679669010236,"#7C7876"
"4506264743_1","4506264743_1.png",1,0.6302,92.5260307633311,-0.747724013678365,7.44284611488091,"#EEE9DB"
"4506264743_1","4506264743_1.png",2,0.3698,64.5434388050725,-0.578315029934875,8.90564806379457,"#A29C8D"
"4506273024_1","4506273024_1.png",1,0.5174,87.724774278351,0.266372181343669,0.0635165220010569,"#DCDCDC"
"4506273024_1","4506273024_1.png",2,0.4826,68.8435966660754,1.25763633096716,3.57388761609837,"#ADA7A2"
"4506297656_1","4506297656_1.png",1,0.508,84.5487783873543,2.34993301738223,6.57168577823667,"#DDD1C7"
"4506297656_1","4506297656_1.png",2,0.492,59.9009703509701,3.28017773953216,11.8962466284008,"#9E8E7C"
"4516253120_1","4516253120_1.png",1,0.6864,87.3461202577179,3.74083851309889,1.62744405070398,"#E4D8D8"
"4516253120_1","4516253120_1.png",2,0.3136,61.0551845067839,5.14886262012698,16.1408591075723,"#A78F77"
"4516680906_1","4516680906_1.png",1,0.6546,85.4565064307704,0.197240519259525,0.00252945052143455,"#D6D5D6"
"4516680906_1","4516680906_1.png",2,0.3454,54.1495407153247,2.14663164190185,4.45005248495705,"#89807A"
"4516733615_1","4516733615_1.png",1,0.7254,88.7112045916071,4.20136026192833,-1.90056361258942,"#E5DCE2"
"4516733615_1","4516733615_1.png",2,0.2746,65.9916690046265,0.348337321422965,9.03106430764429,"#A8A090"
"4516845722_1","4516845722_1.png",1,0.559,81.7586799085961,2.42298755038113,5.19196695468925,"#D4C9C2"
"4516845722_1","4516845722_1.png",2,0.441,55.9758540878213,2.71660383656767,7.40743794238874,"#908479"
"4516890123_1","4516890123_1.png",1,0.6756,91.7722103460585,-0.2151515614751,-4.95120221589838,"#E2E8F1"
"4516890123_1","4516890123_1.png",2,0.3244,78.5911147686461,0.26113096628658,-1.94907324038938,"#C1C2C6"
"4524900872_1","4524900872_1.png",1,0.4652,80.9709564531429,1.05695465678545,4.50458595554424,"#CFC8C1"
"4524900872_1","4524900872_1.png",2,0.5348,58.2092585159419,4.00107779414201,7.29157578728783,"#98897F"
"4524900872_2","4524900872_2.png",1,0.448252688172043,75.2358771648985,1.35816233266496,-8.0730750314382,"#B5B9C8"
"4524900872_2","4524900872_2.png",2,0.551747311827957,71.0515480547149,1.57357283489969,-9.45400426668726,"#A8AEBF"
"4524929073_1","4524929073_1.png",1,0.598,81.5713494873171,-0.352733799975965,1.67699292286115,"#CBCBC8"
"4524929073_1","4524929073_1.png",2,0.402,58.7990813374038,0.714980743733795,3.05637993865712,"#918D88"
"4524929073_2","4524929073_2.png",1,0.3988,85.9638485783874,0.401687845883583,3.63767083547868,"#DBD6D0"
"4524929073_2","4524929073_2.png",2,0.6012,67.6828807904138,0.278798590296906,6.4442311634848,"#AAA499"
"4524929073_3","4524929073_3.png",1,0.5912,85.1034894810961,-0.0640506948371911,2.9910569928826,"#D7D4CF"
"4524929073_3","4524929073_3.png",2,0.4088,64.8147084542668,0.698985920620765,4.02896511023074,"#A29D96"
"4524932053_2","4524932053_2.png",1,0.6088,81.2467603277143,6.62411063541772,6.01009358593271,"#DBC5BF"
"4524932053_2","4524932053_2.png",2,0.3912,55.8853869560729,6.64541074186163,9.90781679188332,"#988175"
"4524948939_1","4524948939_1.png",1,0.6282,84.7575386341689,7.08078083568538,8.94649911509182,"#E8CFC3"
"4524948939_1","4524948939_1.png",2,0.3718,54.1410381982689,13.4563907261787,18.4481238124618,"#A27862"
"4524948939_2","4524948939_2.png",1,0.4728,75.4040926471501,10.3590516281934,3.19143564131997,"#CFB3B4"
"4524948939_2","4524948939_2.png",2,0.5272,53.9129723630383,14.3856329320226,12.1462433640961,"#A0776D"
"4524948939_3","4524948939_3.png",1,0.7462,88.6010638485241,6.60694492490879,6.96065661162725,"#F1DAD1"
"4524948939_3","4524948939_3.png",2,0.2538,62.5848361194568,13.9469579510388,18.2115655512565,"#BA8E78"
"4524948939_4","4524948939_4.png",1,0.3968,83.6991328660025,2.71387491110172,4.45896794874259,"#DACFC8"
"4524948939_4","4524948939_4.png",2,0.6032,45.741081023069,-2.67297909291738,-0.564679678377513,"#676E6D"
"4524948939_5","4524948939_5.png",1,0.4192,79.7822680491334,6.79227388197572,5.00919336003579,"#D6C1BD"
"4524948939_5","4524948939_5.png",2,0.5808,49.7680381211495,8.65859409235811,11.6674215080564,"#8C7163"
"4524948939_6","4524948939_6.png",1,0.4884,79.9778892834253,8.69522940585725,10.5449295120265,"#DEC0B3"
"4524948939_6","4524948939_6.png",2,0.5116,47.3778723516758,12.7382572151388,17.9798346974183,"#8E6853"
"4524948939_7","4524948939_7.png",1,0.6182,85.1908215251059,8.18227148942436,8.70644560135026,"#EBCFC5"
"4524948939_7","4524948939_7.png",2,0.3818,53.7812124343758,12.2377439740254,16.4625056648563,"#9E7865"
"4524997906_1","4524997906_1.png",1,0.7454,90.0867131325439,0.0246015245861101,1.38523109335889,"#E4E2E0"
"4524997906_1","4524997906_1.png",2,0.2546,61.3286199072509,2.59156524593978,7.12910341933015,"#9E9288"
"4524997906_2","4524997906_2.png",1,0.6804,84.6074669589325,0.742723361560542,3.08016092078685,"#D7D2CD"
"4524997906_2","4524997906_2.png",2,0.3196,50.576074111547,3.33434192321643,7.85243296894061,"#83766B"
"4524997906_3","4524997906_3.png",1,0.63,80.1974454125567,1.6649726153061,1.16888544565762,"#CBC6C5"
"4524997906_3","4524997906_3.png",2,0.37,50.5600348563377,3.58996572149715,6.63596444829466,"#83766D"
"4524997906_4","4524997906_4.png",1,0.7086,75.9400475528441,-0.387570035573207,1.68920817147436,"#BCBBB8"
"4524997906_4","4524997906_4.png",2,0.2914,50.4697378038203,0.191989714421129,4.49439949704033,"#7C7871"
"4524997906_5","4524997906_5.png",1,0.6472,87.5474300257045,2.1342889238227,-3.06141756051584,"#DDDAE1"
"4524997906_5","4524997906_5.png",2,0.3528,59.2813910081716,3.43559047734705,2.22015743431242,"#978D8B"
"4525011910_1","4525011910_1.png",1,0.75,65.8676639260469,2.13175551654378,9.1168062694235,"#AB9E90"
"4525011910_1","4525011910_1.png",2,0.25,38.2049168611841,0.942893893461128,11.5432036310348,"#635947"
"4525123281_1","4525123281_1.png",1,0.7088,80.6103968567408,-0.224726238601122,-2.07355155387835,"#C6C8CC"
"4525123281_1","4525123281_1.png",2,0.2912,42.1504026007584,3.09897971185518,3.00105204227391,"#6B625F"
"4525123743_1","4525123743_1.png",1,0.4486,84.0349927751072,-0.567211605750588,2.73191998181892,"#D3D2CC"
"4525123743_1","4525123743_1.png",2,0.5514,49.9437137013106,0.537677255313184,2.59693682730567,"#7A7672"
"4525178356_1","4525178356_1.png",1,0.6868,74.9223262568983,3.89582847012504,5.49572210112883,"#C4B6AF"
"4525178356_1","4525178356_1.png",2,0.3132,37.39386958334,7.47899560766603,8.72266103106355,"#69534A"
"4535909415_1","4535909415_1.png",1,0.4712,62.233709516815,-1.03484184471969,0.338474389204379,"#959796"
"4535909415_1","4535909415_1.png",2,0.5288,34.1722201695534,0.881206018043237,-2.36148303241791,"#505054"
"4596868998_1","4596868998_1.png",1,0.432692307692308,83.6694625906474,-0.324151318873536,3.06679309384743,"#D2D0CB"
"4596868998_1","4596868998_1.png",2,0.567307692307692,66.5129035432878,2.59763609150972,4.6708283749931,"#AAA099"
"4597373149_1","4597373149_1.png",1,0.6482,76.2720026908028,4.60547086469042,5.09733179892497,"#C9B9B3"
"4597373149_1","4597373149_1.png",2,0.3518,49.9038155112654,4.57000064552102,12.8314428842765,"#877361"
"4597373149_2","4597373149_2.png",1,0.495,73.2969291311479,0.250178106326096,0.348676581281293,"#B5B4B3"
"4597373149_2","4597373149_2.png",2,0.505,44.1873123008116,7.00717102514501,7.97510189340094,"#79645C"
"4597373149_3","4597373149_3.png",1,0.5086,83.3197155167653,3.99400703369359,10.5544944027668,"#DFCCBC"
"4597373149_3","4597373149_3.png",2,0.4914,46.0199601977269,7.43531026522409,16.545983468104,"#836852"
"4597373149_4","4597373149_4.png",1,0.4592,69.685139816193,1.54754524587537,10.1201255033031,"#B5A998"
"4597373149_4","4597373149_4.png",2,0.5408,43.748219098369,4.04469591671304,11.0200873315013,"#756555"
"4597573215_1","4597573215_1.png",1,0.6436,86.3920432754042,-0.726207533633189,2.01660569077333,"#D8D8D4"
"4597573215_1","4597573215_1.png",2,0.3564,67.3361521210424,-1.05943831512157,7.73316491656772,"#A8A496"
"4599770647_1","4599770647_1.png",1,0.7202,81.0780332134721,1.75927921369226,3.16772375600987,"#CFC8C4"
"4599770647_1","4599770647_1.png",2,0.2798,53.0065124496966,4.2793078511006,7.30156383161506,"#8B7C72"
"4599978624_1","4599978624_1.png",1,0.4758,80.0821943456933,-0.370664800091866,-1.3299557562081,"#C5C7C9"
"4599978624_1","4599978624_1.png",2,0.5242,69.7993727055398,-0.362314069540029,-1.36644841866836,"#A9ABAD"
"4600077836_1","4600077836_1.png",1,0.4318,77.9404358880249,0.40756391536911,1.80801988568459,"#C3C0BD"
"4600077836_1","4600077836_1.png",2,0.5682,59.4231082134253,1.07657518966674,7.88255392605779,"#978E81"
"4600165830_1","4600165830_1.png",1,0.4282,77.8738491614043,0.432518887510673,1.81809299253175,"#C3C0BD"
"4600165830_1","4600165830_1.png",2,0.5718,59.3468499336636,1.11089749285706,8.03327391517372,"#978E81"
"4606708469_1","4606708469_1.png",1,0.4234,80.1240142848094,0.708670315029167,2.26119542555194,"#CAC6C3"
"4606708469_1","4606708469_1.png",2,0.5766,44.5518526806174,2.92300539503562,6.78302695699304,"#73675E"
"4606891389_1","4606891389_1.png",1,0.5684,84.2332600487061,0.0308876032782335,-0.200077681451353,"#D2D2D2"
"4606891389_1","4606891389_1.png",2,0.4316,48.5281440673991,0.726246537575216,-4.14007663379704,"#71737A"
"4606891389_2","4606891389_2.png",1,0.4398,71.8050773808605,0.520668664212785,-1.36148250644689,"#B0B0B2"
"4606891389_2","4606891389_2.png",2,0.5602,38.9255901989675,1.2257485465384,-3.0335994588636,"#5B5B61"
"4606891389_3","4606891389_3.png",1,0.4586,75.007741572524,0.602662179781087,-1.4582264534401,"#B9B8BB"
"4606891389_3","4606891389_3.png",2,0.5414,44.0013899488233,1.21213911903092,-4.22612317874231,"#67686F"
"4847186578_1","4847186578_1.png",1,0.5776,77.3141308351755,-0.580584435190308,4.36852684141856,"#C1BFB7"
"4847186578_1","4847186578_1.png",2,0.4224,55.0230435948932,-0.213359588113942,17.2712480812175,"#8F8366"
"4847206523_1","4847206523_1.png",1,0.5234,87.4457651084821,-0.705383887269259,2.23103888974058,"#DCDBD7"
"4847206523_1","4847206523_1.png",2,0.4766,63.1607498734688,-0.651879383336162,7.2721116119565,"#9D998C"
"4852108450_1","4852108450_1.png",1,0.5706,92.0679025628226,0.220403856834406,-1.88614165783133,"#E7E8EC"
"4852108450_1","4852108450_1.png",2,0.4294,61.875266088347,2.59889726121742,-0.125974613315783,"#9A9496"
"4852108450_2","4852108450_2.png",1,0.563492063492063,93.5198092444971,0.732921670456716,-2.57165416046181,"#ECECF1"
"4852108450_2","4852108450_2.png",2,0.436507936507937,75.9328897977456,2.2176493385479,1.90384652934939,"#C1BAB8"
"4852176170_1","4852176170_1.png",1,0.3498,75.5752306368678,-0.615666719777869,1.09621177742528,"#BABAB8"
"4852176170_1","4852176170_1.png",2,0.6502,59.7533733113622,-0.0425851877288742,-0.527973264954034,"#8F9091"
"4852176170_2","4852176170_2.png",1,0.263,73.6277882670683,-0.62270418308766,-0.586548767012015,"#B3B5B6"
"4852176170_2","4852176170_2.png",2,0.737,50.5315473255098,-0.0606537345891636,-3.9611288503079,"#75797F"
"4852250214_1","4852250214_1.png",1,0.3602,82.9879104434911,1.70457099396503,7.54720545638885,"#D8CDC1"
"4852250214_1","4852250214_1.png",2,0.6398,37.4908447129729,6.73839279410802,9.07199234654308,"#68544A"
"4852496476_1","4852496476_1.png",1,0.6886,83.9820137503386,1.18023243287976,4.84005077351157,"#D8D0C8"
"4852496476_1","4852496476_1.png",2,0.3114,51.5792537939949,1.66060784823678,4.88133405583377,"#817A73"
"4852554083_1","4852554083_1.png",1,0.4346,78.491991237341,-1.20176906828414,-1.50651908582525,"#BEC3C5"
"4852554083_1","4852554083_1.png",2,0.5654,65.0001085136885,-0.380383696568348,-2.42848515475743,"#9B9EA2"
"4852554083_2","4852554083_2.png",1,0.735,82.8397208773613,-1.15646775758978,-4.89845656033687,"#C7CFD7"
"4852554083_2","4852554083_2.png",2,0.265,64.1700426536117,0.96278766098223,-2.40482881719018,"#9B9BA0"
"4852554083_3","4852554083_3.png",1,0.7516,74.7687397370173,0.818055702279546,-1.23070730886407,"#B8B8BA"
"4852554083_3","4852554083_3.png",2,0.2484,41.8775367799606,2.14248251081802,-2.04692463243361,"#656266"
"4852566881_1","4852566881_1.png",1,0.7016,80.7318941391716,0.717025578750326,5.97937579626415,"#CFC8BD"
"4852566881_1","4852566881_1.png",2,0.2984,61.7791446886053,2.14447962326263,6.33900751070832,"#9E948A"
"4852683441_1","4852683441_1.png",1,0.7118,75.4663761754822,1.97346858071979,6.5012068576235,"#C3B8AE"
"4852683441_1","4852683441_1.png",2,0.2882,52.7037923046609,3.97361418978974,10.3802150608096,"#8C7B6C"
"4852683443_1","4852683443_1.png",1,0.6684,82.2066244429167,-0.695827681678506,7.93083296406525,"#D2CCBE"
"4852683443_1","4852683443_1.png",2,0.3316,45.3431743159745,7.6579314360786,11.1766793261643,"#7F6659"
"4852748446_1","4852748446_1.png",1,0.6334,71.3148964597107,-0.550704821371304,-1.48522931754926,"#ACAFB1"
"4852748446_1","4852748446_1.png",2,0.3666,24.3952946419141,0.495713431091496,-8.69759114071981,"#343A47"
"4852748446_2","4852748446_2.png",1,0.7324,69.4334495206708,-0.389647456025644,-0.682313509635983,"#A8AAAB"
"4852748446_2","4852748446_2.png",2,0.2676,33.0569260086355,0.236556335008577,-0.522338969939745,"#4E4E4F"
"4854949921_1","4854949921_1.png",1,0.5558,85.2748802740834,0.471483468148705,0.526926835338028,"#D6D5D4"
"4854949921_1","4854949921_1.png",2,0.4442,51.7771612458434,2.76187698543456,2.14084171786476,"#827A78"
"4855069078_1","4855069078_1.png",1,0.5984,79.8425118589599,0.668208136744204,-5.78760155776354,"#C2C6D1"
"4855069078_1","4855069078_1.png",2,0.4016,41.1779068690532,0.823106744295477,-5.58457410660849,"#5E616A"
"4855119501_1","4855119501_1.png",1,0.5934,77.6628471608744,0.771398755075501,1.04629589317336,"#C2BFBE"
"4855119501_1","4855119501_1.png",2,0.4066,44.5999932119971,2.78813055938756,-2.65403545051906,"#6C686E"
"4855211739_1","4855211739_1.png",1,0.6158,87.2165359626558,-1.67690482336342,0.695412641778837,"#D8DBD9"
"4855211739_1","4855211739_1.png",2,0.3842,32.7342446165695,9.21781914263801,16.2371688252957,"#634734"
"4855211739_2","4855211739_2.png",1,0.6126,86.7141877022054,-1.35648830152099,-0.77574721825373,"#D6DADA"
"4855211739_2","4855211739_2.png",2,0.3874,32.9963712259291,9.20404018648502,8.7269185890255,"#604840"
"4855211739_3","4855211739_3.png",1,0.5832,88.8290258773659,-2.14580150448723,0.414908449944215,"#DBE0DE"
"4855211739_3","4855211739_3.png",2,0.4168,35.6128986228428,7.12150602580414,10.31222231834,"#654F44"
"4855211739_4","4855211739_4.png",1,0.6438,88.0319463457499,-1.18863600663644,-0.893467258608192,"#DADEDE"
"4855211739_4","4855211739_4.png",2,0.3562,37.3713328581154,7.41280658729729,10.1167220772025,"#695348"
"4855266821_1","4855266821_1.png",1,0.4122,89.1703198070102,-1.9978607168326,0.46728246049213,"#DCE1DF"
"4855266821_1","4855266821_1.png",2,0.5878,52.3371067757186,2.59295887421589,4.02193445618794,"#847B76"
"4855513471_1","4855513471_1.png",1,0.6054,85.6023758016577,0.40218395552819,7.9555607651299,"#DDD5C7"
"4855513471_1","4855513471_1.png",2,0.3946,51.2905672097057,2.13839394943362,7.45139198318566,"#83796E"
"4863450976_1","4863450976_1.png",1,0.6828,85.9355808554239,4.32552707126545,-9.36454916970418,"#D7D5E9"
"4863450976_1","4863450976_1.png",2,0.3172,69.2095039948454,4.83307926307269,-5.80581673122342,"#ADA7B3"
"4863515867_1","4863515867_1.png",1,0.58,81.6656097202396,-0.862044280298395,-3.15257137880647,"#C6CCD1"
"4863515867_1","4863515867_1.png",2,0.42,71.2556616490573,-0.0733446442252927,-1.35466313186242,"#ADAFB1"
"4863515867_2","4863515867_2.png",1,0.592,73.4064155562304,-0.393526629635919,2.36031874666308,"#B5B4B0"
"4863515867_2","4863515867_2.png",2,0.408,49.5274327782553,0.813990163396817,6.06415496708677,"#7B756C"
"4863596184_1","4863596184_1.png",1,0.3708,84.8998818829237,1.69486101377683,1.13338142774699,"#D8D3D2"
"4863596184_1","4863596184_1.png",2,0.6292,57.2589173623922,4.70011729984553,0.830144707952253,"#928788"
"4863689059_1","4863689059_1.png",1,0.7894,91.0267971953025,1.87830450705617,0.178685817572256,"#E9E4E5"
"4863689059_1","4863689059_1.png",2,0.2106,50.1554200737472,2.35731920491915,7.77489634981101,"#81766A"
"4867717019_1","4867717019_1.png",1,0.643,89.9250255177073,0.974837961786305,-0.879366433291286,"#E3E2E4"
"4867717019_1","4867717019_1.png",2,0.357,56.1551007996199,3.63098606985591,-5.19237545821658,"#898590"
"4867717019_2","4867717019_2.png",1,0.7148,82.0616731341096,0.480885165733599,-3.08043446853817,"#CACCD2"
"4867717019_2","4867717019_2.png",2,0.2852,42.1562704906649,3.82509963288598,-7.53723777578309,"#646270"
"4867717019_3","4867717019_3.png",1,0.6072,84.121896067902,-0.544842112859574,-0.0912654673789086,"#D1D2D2"
"4867717019_3","4867717019_3.png",2,0.3928,57.9916600428317,0.0646090954557174,0.561585180984738,"#8C8B8A"
"4867717019_4","4867717019_4.png",1,0.578577699736611,86.0550863515766,-0.250666674731554,-0.0816160762943528,"#D7D7D7"
"4867717019_4","4867717019_4.png",2,0.421422300263389,63.7601109025503,0.464438826264663,0.210262510038592,"#9B9A9A"
"4867948128_1","4867948128_1.png",1,0.5118,76.4336979687485,1.46262814344985,3.9371393188265,"#C3BBB5"
"4867948128_1","4867948128_1.png",2,0.4882,37.6357970003398,3.00397090097308,0.0351733692469156,"#5E5759"
"4868043545_1","4868043545_1.png",1,0.5416,78.0352719331048,-0.872513431960997,-4.13693309246461,"#BBC2C8"
"4868043545_1","4868043545_1.png",2,0.4584,59.6753391066713,-0.85634458266102,-1.79368976247364,"#8D9093"
"4868050877_1","4868050877_1.png",1,0.8002,80.79762680503,2.66238029899546,10.0975033739262,"#D5C6B6"
"4868050877_1","4868050877_1.png",2,0.1998,56.0608602628134,3.66640095328061,12.3614099863388,"#958471"
"4868050877_2","4868050877_2.png",1,0.720219435736677,79.3023645688118,2.3065595585465,12.3438621713073,"#D2C2AE"
"4868050877_2","4868050877_2.png",2,0.279780564263323,61.1732149110235,1.09075390178867,12.7535977545661,"#9F927D"
"4872075855_1","4872075855_1.png",1,0.4354,75.194560285467,0.812747782031702,-1.14461869498138,"#BAB9BB"
"4872075855_1","4872075855_1.png",2,0.5646,55.2300112583366,0.300677713425315,-1.16336968067572,"#848486"
"4872075855_2","4872075855_2.png",1,0.491,81.4695745400027,1.31712486261626,2.50777527446544,"#CFC9C6"
"4872075855_2","4872075855_2.png",2,0.509,57.1308747831912,1.30590114725624,5.37867922580225,"#8F8880"
"4872075855_3","4872075855_3.png",1,0.3966,70.1154145353279,0.346382345840919,-2.40596290210098,"#AAABB0"
"4872075855_3","4872075855_3.png",2,0.6034,52.9507049552482,-0.23148850207125,-1.7747553609251,"#7D7F81"
"4872103201_1","4872103201_1.png",1,0.5206,86.6294331460609,-0.298524601298474,0.906733919421939,"#D9D9D7"
"4872103201_1","4872103201_1.png",2,0.4794,59.5989256649398,-0.635162223525582,1.94902506221508,"#90908C"
"4872103201_2","4872103201_2.png",1,0.441,69.0923304461961,0.0429834574425494,2.46691296489202,"#ABA8A4"
"4872103201_2","4872103201_2.png",2,0.559,47.0248748393359,-0.732375739865333,2.11433551913833,"#70706C"
"4872103201_3","4872103201_3.png",1,0.6682,79.9688192305838,-0.0879137074221947,-0.0065145856582816,"#C6C6C6"
"4872103201_3","4872103201_3.png",2,0.3318,51.2295077430157,-1.08812822957539,4.87723064762023,"#7C7A72"
"4872120646_1","4872120646_1.png",1,0.525,87.5396155077303,0.502025344455769,1.15303587682866,"#DDDBD9"
"4872120646_1","4872120646_1.png",2,0.475,51.9322862685399,1.12806772790059,2.24357272121964,"#7F7B78"
"4872120646_10","4872120646_10.png",1,0.625,84.4104489374339,-0.118522935717167,-0.20963433931906,"#D2D3D3"
"4872120646_10","4872120646_10.png",2,0.375,57.1042254385384,0.316943803470916,0.286789763350511,"#8A8989"
"4872120646_11","4872120646_11.png",1,0.634,82.5953462965038,0.0201623120919158,-0.529714814962709,"#CDCECF"
"4872120646_11","4872120646_11.png",2,0.366,53.5531871138018,0.431928293176423,0.678972871004901,"#81807F"
"4872120646_12","4872120646_12.png",1,0.667,84.6648458324993,0.100083851263174,-1.14624963012511,"#D2D3D5"
"4872120646_12","4872120646_12.png",2,0.333,55.3563384438027,0.133871582401844,2.19330571389831,"#868481"
"4872120646_13","4872120646_13.png",1,0.6052,75.0620874141563,-0.408092053696123,0.332912803115509,"#B8B9B8"
"4872120646_13","4872120646_13.png",2,0.3948,48.8860005843336,0.456242897424294,4.51433709666282,"#78746D"
"4872120646_14","4872120646_14.png",1,0.471,76.862739318344,-0.0816695687387565,-0.263996897198599,"#BDBEBE"
"4872120646_14","4872120646_14.png",2,0.529,53.7145270212825,0.16666585320359,3.41303040139918,"#83807B"
"4872120646_15","4872120646_15.png",1,0.517,77.5973032341876,-1.72532315631296,1.43042311481883,"#BEC1BD"
"4872120646_15","4872120646_15.png",2,0.483,58.5438537619089,-2.27161259422505,4.61495064902257,"#8C8E85"
"4872120646_16","4872120646_16.png",1,0.572,81.2314164666521,-0.0378662332625509,-2.25024425847762,"#C8CACE"
"4872120646_16","4872120646_16.png",2,0.428,53.1927572035898,1.15195262485265,3.50194527009513,"#847E79"
"4872120646_17","4872120646_17.png",1,0.5874,80.233305594194,-0.28353257949666,-0.905657868316978,"#C6C7C9"
"4872120646_17","4872120646_17.png",2,0.4126,53.4212833379722,0.530315708986916,1.11082032175701,"#817F7E"
"4872120646_18","4872120646_18.png",1,0.5904,92.2482843371983,-0.0195478405855966,0.964310212215849,"#EAE9E7"
"4872120646_18","4872120646_18.png",2,0.4096,58.9989303155848,0.671668008806669,2.42691411839652,"#918D8A"
"4872120646_19","4872120646_19.png",1,0.5022,75.8913777756365,-0.0561316377238242,0.0497042658285293,"#BBBBBB"
"4872120646_19","4872120646_19.png",2,0.4978,52.471467912281,0.123495836209852,3.94054241689393,"#807D76"
"4872120646_2","4872120646_2.png",1,0.3,81.7839231085458,0.44552879591259,1.34567354184954,"#CDCBC9"
"4872120646_2","4872120646_2.png",2,0.7,51.9092326309875,1.06226444094829,0.302490089365718,"#7E7B7B"
"4872120646_20","4872120646_20.png",1,0.5402,96.9720229448108,1.47773072424475,-0.531362406629882,"#F9F5F7"
"4872120646_20","4872120646_20.png",2,0.4598,72.6254237204258,4.06482457432949,-2.81977149377252,"#B8B0B7"
"4872120646_3","4872120646_3.png",1,0.6564,82.5703081344107,-0.137180216895314,-0.67554099943463,"#CDCECF"
"4872120646_3","4872120646_3.png",2,0.3436,53.8525060544661,0.233423580411712,0.826482942072539,"#82807F"
"4872120646_4","4872120646_4.png",1,0.7004,84.5805827399398,0.190218915749682,-1.59143996090943,"#D2D3D6"
"4872120646_4","4872120646_4.png",2,0.2996,54.6389424788472,0.274778810537807,1.29405361625796,"#848280"
"4872120646_5","4872120646_5.png",1,0.503,78.1757447608645,-0.602644899653883,0.173460945651567,"#C0C2C1"
"4872120646_5","4872120646_5.png",2,0.497,53.2419402481437,0.332851018792486,3.55700223844374,"#827F79"
"4872120646_6","4872120646_6.png",1,0.7334,81.0952325384251,0.275789008396125,-1.5226842444533,"#C9C9CC"
"4872120646_6","4872120646_6.png",2,0.2666,45.6462516132733,0.00831155577394746,4.23425924909054,"#6F6C65"
"4872120646_7","4872120646_7.png",1,0.3964,83.779649010792,0.90864132798308,1.20291562612127,"#D4D0CF"
"4872120646_7","4872120646_7.png",2,0.6036,52.8893038504501,1.26896209583867,0.403494898235839,"#817E7E"
"4872120646_8","4872120646_8.png",1,0.5338,87.6758932629742,0.459680785625382,0.982955573307343,"#DEDBDA"
"4872120646_8","4872120646_8.png",2,0.4662,52.2667560395216,1.0116024741839,2.11468891405473,"#807C79"
"4872120646_9","4872120646_9.png",1,0.592,94.7493187136001,0.234983480041263,1.26049904701664,"#F1F0ED"
"4872120646_9","4872120646_9.png",2,0.408,62.3777044373314,0.886169644794396,2.25950082311009,"#9A9693"
"4872138516_1","4872138516_1.png",1,0.6496,85.5361486696079,-0.103878205481941,1.77178021499434,"#D7D6D2"
"4872138516_1","4872138516_1.png",2,0.3504,55.6036973900592,1.07592388551208,6.93732621830149,"#8C8479"
"4872138516_2","4872138516_2.png",1,0.6818,84.8385936578916,0.52003144062898,2.30842290553809,"#D7D3CF"
"4872138516_2","4872138516_2.png",2,0.3182,62.0607301353157,1.63974871132435,6.43679804129256,"#9E958B"
"4872138516_3","4872138516_3.png",1,0.7112,86.50187880019,-0.379874418383862,1.64722041613135,"#D9D9D5"
"4872138516_3","4872138516_3.png",2,0.2888,66.8954321844681,0.849814783360175,3.83476935428242,"#A7A29C"
"4872138516_4","4872138516_4.png",1,0.5932,86.219294321365,-0.755911559946752,-0.271828003923042,"#D6D8D8"
"4872138516_4","4872138516_4.png",2,0.4068,61.4647861654366,-0.246918725474066,0.73177577048458,"#959493"
"4872138516_5","4872138516_5.png",1,0.6274,87.0824969985493,-0.227738314075691,1.08925943184285,"#DBDAD8"
"4872138516_5","4872138516_5.png",2,0.3726,61.6029121256674,1.5931088909992,3.97233163287911,"#9B948E"
"4872198892_1","4872198892_1.png",1,0.6456,86.1760118436791,-1.01846373281098,-4.03614883208187,"#D2D8DF"
"4872198892_1","4872198892_1.png",2,0.3544,47.0109150220949,1.45796743214904,0.332030132999468,"#726F6F"
"4872247586_1","4872247586_1.png",1,0.7504,89.9216608945661,3.04107728205763,-0.152901253042868,"#E8E0E3"
"4872247586_1","4872247586_1.png",2,0.2496,67.4130817268472,3.70345035866455,5.89184051300752,"#AFA29A"
"4872247586_2","4872247586_2.png",1,0.7336,87.110253207763,2.92699937851624,1.36447527631617,"#E1D8D8"
"4872247586_2","4872247586_2.png",2,0.2664,62.5370963713233,3.37321380568709,4.95416609372725,"#A1958F"
"4872332141_1","4872332141_1.png",1,0.5578,79.08698052843,0.679003005380965,2.12894187183897,"#C7C3C0"
"4872332141_1","4872332141_1.png",2,0.4422,44.9350435890701,2.52641899919691,6.89426711844956,"#73685F"
"4872332240_1","4872332240_1.png",1,0.7014,87.347318622247,-0.77516905750368,4.09521272920268,"#DDDBD3"
"4872332240_1","4872332240_1.png",2,0.2986,65.8222737176571,0.969845344740354,8.45445509279589,"#A89F91"
"4872332240_10","4872332240_10.png",1,0.7224,83.2304443647198,0.639117279159891,4.04526055563902,"#D4CFC8"
"4872332240_10","4872332240_10.png",2,0.2776,62.2296756902727,2.28319203840837,7.96359381333522,"#A09588"
"4872332240_11","4872332240_11.png",1,0.6396,83.7472598978923,0.491611022850945,3.09475802501859,"#D4D0CB"
"4872332240_11","4872332240_11.png",2,0.3604,67.6465059011405,1.84115780658571,5.0033322143494,"#ACA39C"
"4872332240_12","4872332240_12.png",1,0.6906,83.9864807059145,0.408107742382346,5.19957077934296,"#D7D1C8"
"4872332240_12","4872332240_12.png",2,0.3094,63.414396303823,2.03128028303203,9.30619038641279,"#A49889"
"4872332240_13","4872332240_13.png",1,0.6406,87.4957028005384,-0.219021082250291,3.19084753040496,"#DEDBD5"
"4872332240_13","4872332240_13.png",2,0.3594,67.8373822669777,1.30387728984743,7.32996821679403,"#ADA498"
"4872332240_14","4872332240_14.png",1,0.7426,86.0961632265148,-0.635928296503973,3.08959487632712,"#D9D7D1"
"4872332240_14","4872332240_14.png",2,0.2574,64.3629525369253,1.15073478061701,6.79781800028781,"#A39B90"
"4872332240_15","4872332240_15.png",1,0.6402,85.5256736347255,-0.436175065957085,4.71978794637774,"#D9D6CD"
"4872332240_15","4872332240_15.png",2,0.3598,56.8018878050917,1.41251426289078,11.8145111033915,"#938774"
"4872332240_2","4872332240_2.png",1,0.7632,86.3294152326951,-1.16931195752655,3.57052321134741,"#D9D8D1"
"4872332240_2","4872332240_2.png",2,0.2368,64.8797641375144,0.744870499678707,9.23892818152226,"#A69C8D"
"4872332240_3","4872332240_3.png",1,0.7546,83.2929554911398,0.405493432091886,5.80960468963282,"#D5CFC5"
"4872332240_3","4872332240_3.png",2,0.2454,63.1930521667462,2.10433632820976,9.60853105393286,"#A49788"
"4872332240_4","4872332240_4.png",1,0.6922,88.0201346698037,-1.28721183603967,2.13065762365727,"#DCDDD9"
"4872332240_4","4872332240_4.png",2,0.3078,67.2084064815021,0.367620693796753,7.33319373227773,"#AAA397"
"4872332240_5","4872332240_5.png",1,0.6808,83.9282812638489,0.553050115088518,3.99565324952469,"#D6D1CA"
"4872332240_5","4872332240_5.png",2,0.3192,66.7274877402888,2.18782649526807,7.46253609859361,"#ACA195"
"4872332240_6","4872332240_6.png",1,0.6566,83.7346091994095,-0.559027718620293,4.44597674561991,"#D3D1C8"
"4872332240_6","4872332240_6.png",2,0.3434,65.1804864634585,1.05283731924878,8.63460822878374,"#A79D8F"
"4872332240_7","4872332240_7.png",1,0.6986,84.9612210497398,0.408433240040475,2.66707987447262,"#D7D4CF"
"4872332240_7","4872332240_7.png",2,0.3014,70.6090667260484,1.39934268388632,4.29856725534756,"#B3ACA5"
"4872332240_8","4872332240_8.png",1,0.6302,83.7471616941255,0.456328411999441,4.20962119203583,"#D5D0C9"
"4872332240_8","4872332240_8.png",2,0.3698,67.4147217421618,1.88925719748044,7.60039143357396,"#ADA397"
"4872332240_9","4872332240_9.png",1,0.7766,87.3393339130441,-0.136221229584468,5.15193233231331,"#DFDBD1"
"4872332240_9","4872332240_9.png",2,0.2234,65.2464901217878,1.39498856609829,8.35385930187213,"#A79D90"
"4872367371_1","4872367371_1.png",1,0.4454,76.2667268854327,0.861681172744145,5.47053128149176,"#C2BBB2"
"4872367371_1","4872367371_1.png",2,0.5546,59.8174521393122,2.09577499027652,8.1002142531112,"#9A8E82"
"4872367371_2","4872367371_2.png",1,0.4348,73.0708596160085,1.26994194722718,6.51371610628181,"#BBB2A8"
"4872367371_2","4872367371_2.png",2,0.5652,54.2876835144677,2.4181790812961,8.72486578110197,"#8C8073"
"4872423941_1","4872423941_1.png",1,0.6876,87.2637645766013,1.24029561716158,-2.06285862998904,"#DBDADF"
"4872423941_1","4872423941_1.png",2,0.3124,73.3041713381015,0.0573398060164558,2.82375487435009,"#B6B4AF"
"4872423941_2","4872423941_2.png",1,0.6242,86.5907954285646,2.16978068939486,2.5611187610178,"#DFD7D4"
"4872423941_2","4872423941_2.png",2,0.3758,71.3306791443261,0.735855398013767,10.8821520176704,"#B8AD9B"
"4872423941_3","4872423941_3.png",1,0.5702,73.8901124200047,-2.17967641545397,2.77638102124915,"#B4B7B0"
"4872423941_3","4872423941_3.png",2,0.4298,65.6989313284277,-5.63696610309791,10.2639894871637,"#9DA28D"
"4872423941_4","4872423941_4.png",1,0.4964,73.8487243841722,-1.47726709146912,1.17065673482485,"#B4B6B3"
"4872423941_4","4872423941_4.png",2,0.5036,63.5136512183248,-3.83228312174541,5.29256573267927,"#979C90"
"4872423941_6","4872423941_6.png",1,0.5226,72.1488668185337,-1.9436526079771,3.91901138891893,"#B0B2AA"
"4872423941_6","4872423941_6.png",2,0.4774,62.5193344786149,-4.33958461567753,8.13921443079638,"#959989"
"4872423941_7","4872423941_7.png",1,0.4362,71.5633693083916,-1.00672573502061,4.7151512271737,"#B1B0A7"
"4872423941_7","4872423941_7.png",2,0.5638,55.3194828262335,-2.32567649103256,4.02100972421235,"#83857D"
"4872423941_8","4872423941_8.png",1,0.4438,71.1618727444555,-1.96330824073483,5.49571306293709,"#AFAFA4"
"4872423941_8","4872423941_8.png",2,0.5562,55.7336298568624,-3.32955772153069,5.42381939224753,"#84877C"
"4872564052_1","4872564052_1.png",1,0.5258,86.7221056406746,2.52894587367889,7.05752035324279,"#E4D7CC"
"4872564052_1","4872564052_1.png",2,0.4742,62.2039556546465,5.79012777314136,6.62983947516794,"#A5928B"
"4875021848_1","4875021848_1.png",1,0.6738,77.4579058230496,1.25525366976135,0.611560166878436,"#C2BFBE"
"4875021848_1","4875021848_1.png",2,0.3262,56.7985639610833,2.42516020851507,2.17916901552584,"#8E8785"
"4875094755_1","4875094755_1.png",1,0.813,80.4987500578681,0.538835094829956,6.31660423837322,"#CEC7BC"
"4875094755_1","4875094755_1.png",2,0.187,30.3525155120268,4.387459321137,7.60251245327827,"#53453C"
"4875126677_1","4875126677_1.png",1,0.5914,80.1623387102397,-0.130923842983413,0.268718040464812,"#C7C7C6"
"4875126677_1","4875126677_1.png",2,0.4086,51.1247266953563,2.00359954136305,1.5964386081915,"#7E7977"
"4875126677_2","4875126677_2.png",1,0.5138,82.053106556261,0.315830700091013,1.45097009748781,"#CECCC9"
"4875126677_2","4875126677_2.png",2,0.4862,50.104484003433,3.13418826027837,2.76420180721475,"#7F7573"
"4875126677_3","4875126677_3.png",1,0.5186,82.7494354360139,0.265863783795252,0.356776636579225,"#CFCECD"
"4875126677_3","4875126677_3.png",2,0.4814,55.1886737727997,2.03315535665185,0.80935567269472,"#888383"
"4875241004_1","4875241004_1.png",1,0.797,84.5374758151682,0.378197337333531,-2.30357057623668,"#D2D3D7"
"4875241004_1","4875241004_1.png",2,0.203,56.2811732960052,0.143201644122629,0.233011048886938,"#878787"
"4875319417_1","4875319417_1.png",1,0.6544,80.6522516100914,2.54482399449791,-14.277492542154,"#C0C8E3"
"4875319417_1","4875319417_1.png",2,0.3456,51.5027930828086,2.64577244856311,-10.4204048601117,"#767A8C"
"4875416014_1","4875416014_1.png",1,0.6418,74.7141600785236,2.62125341645717,0.526574053814714,"#BDB6B7"
"4875416014_1","4875416014_1.png",2,0.3582,57.8884458901355,0.483437138479845,3.9244625682453,"#8F8B84"
"4880856637_1","4880856637_1.png",1,0.8084,89.0704753746937,-0.0566267756367581,-3.90274405490414,"#DCE0E7"
"4880856637_1","4880856637_1.png",2,0.1916,64.8640468767227,0.764792528798824,-21.6380629859437,"#889FC4"
"4880857075_1","4880857075_1.png",1,0.5604,81.2678101370356,2.20369576504662,0.308116441842312,"#CEC8C9"
"4880857075_1","4880857075_1.png",2,0.4396,47.5032490158745,3.72619772976403,3.05455836657449,"#796E6C"
"4880857075_2","4880857075_2.png",1,0.667180277349769,83.4604172283472,2.07496998672801,0.741201130414737,"#D5CFCF"
"4880857075_2","4880857075_2.png",2,0.332819722650231,54.5307311506182,4.31662767478225,1.84337246397604,"#8B807F"
"4881092148_1","4881092148_1.png",1,0.6172,83.5019105166719,4.02666796952775,-7.2794793298117,"#D2CEDE"
"4881092148_1","4881092148_1.png",2,0.3828,53.798383197475,5.24763387632166,-1.93987654739233,"#887E84"
"4881223356_1","4881223356_1.png",1,0.6186,82.787184871493,1.13580484801277,0.216649251786828,"#D0CDCE"
"4881223356_1","4881223356_1.png",2,0.3814,53.8739205328785,3.83303526421157,1.76996938677468,"#897E7E"
"4881388731_1","4881388731_1.png",1,0.4942,79.684797729312,1.45034532866437,1.81221551088697,"#CAC4C2"
"4881388731_1","4881388731_1.png",2,0.5058,60.1868888124965,1.7596466800316,1.03408548671648,"#95908F"
"4881388731_2","4881388731_2.png",1,0.5974,82.9915379712877,1.29191100601675,0.658904500056249,"#D2CECD"
"4881388731_2","4881388731_2.png",2,0.4026,62.2588260518142,2.30349649624788,-2.27050451573568,"#99959B"
"4881512097_1","4881512097_1.png",1,0.647,77.6285997673129,2.29126013022557,3.31738210288212,"#C7BEBA"
"4881512097_1","4881512097_1.png",2,0.353,56.5430461171317,2.8445700644247,10.3099799631531,"#948576"
"4881512097_2","4881512097_2.png",1,0.6158,81.7340374724646,1.65468873190859,3.41225580803682,"#D1CAC5"
"4881512097_2","4881512097_2.png",2,0.3842,68.9814368662839,2.44842611802881,3.83748849496732,"#B0A7A2"
"4881628500_1","4881628500_1.png",1,0.5234,86.9080944873188,-5.08407658762223,15.4875186236735,"#DCDCBC"
"4881628500_1","4881628500_1.png",2,0.4766,58.7660324870371,-2.90223068906907,13.3792533195983,"#928E76"
"4881628500_2","4881628500_2.png",1,0.6444,89.0758504179845,-1.03299909542312,5.22103765328553,"#E2E0D6"
"4881628500_2","4881628500_2.png",2,0.3556,67.9753586859473,-0.0261511870471602,2.5981516167545,"#A8A5A1"
"4881661855_1","4881661855_1.png",1,0.599,76.3645854313512,1.18021592048749,-5.27027667885125,"#BABCC6"
"4881661855_1","4881661855_1.png",2,0.401,54.196752627954,-2.03192978496435,0.824794855462101,"#7F8380"
"4881833866_1","4881833866_1.png",1,0.6626,80.348325400749,1.23791475980268,0.423771553088766,"#CAC7C7"
"4881833866_1","4881833866_1.png",2,0.3374,52.8194293630576,2.95306028025967,3.85811656671488,"#867C78"
"4881916945_1","4881916945_1.png",1,0.5116,80.2397656414708,0.991385787678391,-0.732099409970667,"#C8C6C8"
"4881916945_1","4881916945_1.png",2,0.4884,42.5088289957054,1.63823920378902,3.00118415111045,"#69635F"
"4882220112_1","4882220112_1.png",1,0.5806,77.8104748802366,1.03322030718979,0.757688206834356,"#C3C0BF"
"4882220112_1","4882220112_1.png",2,0.4194,53.940586160164,2.70335815817449,1.19671124674953,"#877F7F"
"4882315279_1","4882315279_1.png",1,0.615,89.1037905921197,4.33505296551155,5.70734428496652,"#EDDDD5"
"4882315279_1","4882315279_1.png",2,0.385,71.3333056628262,4.61373451217804,9.48923116024655,"#BEAB9E"
"4883662978_1","4883662978_1.png",1,0.4718,85.3181307707882,0.566770884194581,1.45022245418525,"#D7D5D2"
"4883662978_1","4883662978_1.png",2,0.5282,56.1427352249506,2.89540097146321,3.34008398112706,"#8E8581"
"4884245229_1","4884245229_1.png",1,0.6498,88.8781639274847,2.35395159347362,-0.126883511688159,"#E4DEDF"
"4884245229_1","4884245229_1.png",2,0.3502,72.6462521158138,3.78822079115446,-0.107298468413957,"#B9B0B3"
"4884643869_1","4884643869_1.png",1,0.7218,87.9269683615954,-0.109535138372722,-0.676044389217401,"#DCDDDE"
"4884643869_1","4884643869_1.png",2,0.2782,69.7685597228623,0.289249582713866,0.498443041179297,"#ABAAAA"
"4885201318_1","4885201318_1.png",1,0.5914,85.530498076714,1.82392453266833,-1.18388581994319,"#D8D5D8"
"4885201318_1","4885201318_1.png",2,0.4086,61.5853586408477,2.32807455727967,0.240467378465304,"#999394"
"4885302879_1","4885302879_1.png",1,0.6128,65.528484696902,3.50220251293331,5.41482460876106,"#AA9D96"
"4885302879_1","4885302879_1.png",2,0.3872,47.7717449768488,3.63936228006164,12.8269468693715,"#806F5C"
"4886594565_1","4886594565_1.png",1,0.4562,86.6622427216482,-0.512571698420434,-1.68450420780859,"#D6D9DC"
"4886594565_1","4886594565_1.png",2,0.5438,45.9269039699407,4.65409765909787,-3.34241493214743,"#726A72"
"4886732633_1","4886732633_1.png",1,0.5266,74.9422708037808,-0.536730886904756,-5.40631381576207,"#B3B9C2"
"4886732633_1","4886732633_1.png",2,0.4734,41.5482053631683,0.925210310161955,-4.06645159308361,"#606269"
"4886919586_1","4886919586_1.png",1,0.753,89.1227013355255,0.491332591339552,0.198628020061427,"#E1E0DF"
"4886919586_1","4886919586_1.png",2,0.247,76.696176532894,1.40174427639422,0.785394302368716,"#C1BCBC"
"4886919586_2","4886919586_2.png",1,0.804,89.5736843241739,-0.275471070719308,-0.266671390049169,"#E0E1E2"
"4886919586_2","4886919586_2.png",2,0.196,70.3876301110316,0.4425753378332,2.19868048563039,"#AFACA8"
"4886919586_3","4886919586_3.png",1,0.8268,85.1778101145659,0.507427798332155,0.637471352621688,"#D6D4D4"
"4886919586_3","4886919586_3.png",2,0.1732,62.0100294715599,1.36795110094802,2.63392332684364,"#9A9591"
"4886919586_4","4886919586_4.png",1,0.8042,88.0228282264451,-0.255885530280893,-0.216142435006331,"#DCDDDD"
"4886919586_4","4886919586_4.png",2,0.1958,67.5763732126786,0.0982359780349322,1.62963495206556,"#A6A4A2"
"4886919586_5","4886919586_5.png",1,0.9226,85.5687368792867,0.127901411435742,-0.0103016375977103,"#D6D6D6"
"4886919586_5","4886919586_5.png",2,0.0774,56.6255939072512,1.96942367500991,5.7082395226097,"#90867E"
"4886951069_1","4886951069_1.png",1,0.4648,59.6977321177091,1.23983742696273,4.80420226891737,"#968F87"
"4886951069_1","4886951069_1.png",2,0.5352,35.5592706012074,5.07177079222055,5.47080745575664,"#5F514B"
"4887429596_1","4887429596_1.png",1,0.777035387280376,87.2079111664946,0.346624451066269,-4.01083309948279,"#D8DBE2"
"4887429596_1","4887429596_1.png",2,0.222964612719624,58.011920239977,-0.898117736071426,-5.58524039960858,"#858C95"
"4887822305_1","4887822305_1.png",1,0.4558,84.2254249201846,2.00277308412114,-0.167201843417606,"#D6D1D2"
"4887822305_1","4887822305_1.png",2,0.5442,65.327747079791,3.96358995119587,-0.62594812356825,"#A59CA0"
"4887902287_1","4887902287_1.png",1,0.5536,87.0148402064597,-1.67503367744693,-2.56480472240817,"#D4DBDF"
"4887902287_1","4887902287_1.png",2,0.4464,45.62520741905,1.55976970487632,-3.66872279973127,"#6C6B72"
"4888141363_1","4888141363_1.png",1,0.6634,84.7993934627474,0.560724538781829,-0.400111261991254,"#D4D3D4"
"4888141363_1","4888141363_1.png",2,0.3366,58.3869569273196,0.0355517335620231,4.30770591456221,"#908C85"
"4888142623_1","4888142623_1.png",1,0.3642,83.5103742381036,1.74040399293288,-0.0445056890626993,"#D3CFD0"
"4888142623_1","4888142623_1.png",2,0.6358,60.8323694776292,4.27482095159421,-0.84157616869153,"#9A9094"
"4888684856_1","4888684856_1.png",1,0.6168,89.6370626667622,0.521762470754974,4.8567104371419,"#E6E1D8"
"4888684856_1","4888684856_1.png",2,0.3832,62.2909851946934,1.81146197976638,4.00557420476457,"#9D9590"
"4888962037_1","4888962037_1.png",1,0.4156,77.0877012866019,1.23732097368628,-3.49128368073446,"#BEBEC5"
"4888962037_1","4888962037_1.png",2,0.5844,54.5215124975042,4.49160766770894,-3.92546619804964,"#878089"
"4888962037_2","4888962037_2.png",1,0.339,88.1046577366763,3.07318423694676,-2.58567327629209,"#E1DBE2"
"4888962037_2","4888962037_2.png",2,0.661,62.770356973956,4.49325627222384,-2.85893154569235,"#9E959D"
"4888962037_3","4888962037_3.png",1,0.49,87.6329444766502,-4.55063608523294,-10.0835700973783,"#C8DFEE"
"4888962037_3","4888962037_3.png",2,0.51,66.114869927751,4.8590412905947,-3.82528032437983,"#A79EA8"
"4888962037_4","4888962037_4.png",1,0.3996,88.1787134312861,3.24159882475862,-10.8593898356958,"#DADCF2"
"4888962037_4","4888962037_4.png",2,0.6004,67.1172572191141,5.78480367271314,-10.5287151633331,"#A5A1B6"
"4889194827_1","4889194827_1.png",1,0.5962,79.6921927302504,-0.160853774064081,-1.21561994481087,"#C4C6C8"
"4889194827_1","4889194827_1.png",2,0.4038,38.223292745112,1.70016313453388,-0.544339691575055,"#5C595B"
"4889194827_2","4889194827_2.png",1,0.613718411552347,78.3879464039929,2.73371173842958,-0.0227755347720088,"#C7C0C2"
"4889194827_2","4889194827_2.png",2,0.386281588447653,55.0754324854011,4.88645118183759,2.95565165428406,"#8F817F"
"4889219099_1","4889219099_1.png",1,0.5042,72.07998498067,1.95907229686083,-3.36323862777816,"#B2B0B7"
"4889219099_1","4889219099_1.png",2,0.4958,39.6979488237261,6.64891891477631,-4.59422094714876,"#655A65"
"4889219099_2","4889219099_2.png",1,0.378,71.5101022523863,1.07381430793573,-3.93750581337413,"#AEAFB6"
"4889219099_2","4889219099_2.png",2,0.622,33.8515215487951,5.84969665370776,-9.46355230963613,"#524D5F"
"4889230092_1","4889230092_1.png",1,0.5898,87.0634438561636,0.985381384591769,-1.22254231818154,"#DBDADC"
"4889230092_1","4889230092_1.png",2,0.4102,48.7688592966305,3.96068070754147,2.48810586469776,"#7C7170"
"4889230092_2","4889230092_2.png",1,0.571,87.8042345835414,0.361521572731671,-1.11307648019382,"#DCDCDE"
"4889230092_2","4889230092_2.png",2,0.429,50.0547498305347,2.15025330028105,-1.98017769024418,"#79767A"
"4889230092_3","4889230092_3.png",1,0.5586,88.2258999390334,0.529967527029262,-0.368033734277985,"#DEDDDE"
"4889230092_3","4889230092_3.png",2,0.4414,52.5369823331845,2.83166685020683,-0.00783223952614229,"#827C7D"
"4889489021_1","4889489021_1.png",1,0.494,78.9049073350421,0.851750899891062,0.654823361800168,"#C6C3C2"
"4889489021_1","4889489021_1.png",2,0.506,60.9348988502636,1.6520126818584,-1.43592202110577,"#959296"
"4889489021_2","4889489021_2.png",1,0.3798,73.8231999308173,0.355560138961225,-2.66807839064286,"#B4B5BA"
"4889489021_2","4889489021_2.png",2,0.6202,57.817176484108,1.23096308759325,-3.48638705971465,"#8A8A91"
"4889930075_1","4889930075_1.png",1,0.5052,71.2021782911672,-1.12714953408108,0.506682512446407,"#ADAFAD"
"4889930075_1","4889930075_1.png",2,0.4948,31.2628941272532,-0.614495992829736,7.05200232665911,"#4D493F"
"4891781100_1","4891781100_1.png",1,0.4048,84.6638887273495,0.916671488148828,5.34165111084643,"#DAD2C9"
"4891781100_1","4891781100_1.png",2,0.5952,69.9268774038384,2.50224443868915,8.71247188042271,"#B6A99B"
"4891781100_2","4891781100_2.png",1,0.4834,84.4883307938581,1.28474364724596,4.78184885222391,"#D9D2CA"
"4891781100_2","4891781100_2.png",2,0.5166,68.3100908968649,3.16746161717339,7.79764253448877,"#B2A499"
"4891953350_1","4891953350_1.png",1,0.5536,88.0883725389551,-1.5200292763849,0.75204883534731,"#DBDEDB"
"4891953350_1","4891953350_1.png",2,0.4464,55.5702224860853,-0.990468453526395,5.78168061015307,"#88857B"
"4891953350_2","4891953350_2.png",1,0.5472,91.7094655720486,-4.46607423371807,-1.31237885281704,"#DDEAEA"
"4891953350_2","4891953350_2.png",2,0.4528,60.5666796651102,-4.61455463204404,1.5038414542976,"#8B948F"
"4891983605_1","4891983605_1.png",1,0.566,75.1968018736118,2.20717262820098,0.260848127860057,"#BEB8B9"
"4891983605_1","4891983605_1.png",2,0.434,54.6842096689952,3.93433959906152,-0.555878530177228,"#898184"
"4892130531_1","4892130531_1.png",1,0.6968,84.6986434915506,2.53667316763184,-0.609977530424543,"#D8D2D5"
"4892130531_1","4892130531_1.png",2,0.3032,52.9716910813282,-0.284769994861447,7.29976005789473,"#837E72"
"4892130531_2","4892130531_2.png",1,0.666,85.1744125140627,2.76556827195804,-0.213656409782792,"#DAD3D5"
"4892130531_2","4892130531_2.png",2,0.334,52.2321310506002,-0.465004213744569,8.45929789028605,"#827C6E"
"4892236775_1","4892236775_1.png",1,0.6068,82.2737319982144,-0.100409342953329,-1.54978146722839,"#CBCDD0"
"4892236775_1","4892236775_1.png",2,0.3932,50.9512588928513,2.13291189128106,-2.75322745889422,"#7B787E"
"4900951928_1","4900951928_1.png",1,0.8482,91.9871134801942,1.39321810250897,-0.10380403348432,"#EBE7E8"
"4900951928_1","4900951928_1.png",2,0.1518,49.0251221852206,0.0313564753948721,1.61661511665634,"#767472"
"4900951928_2","4900951928_2.png",1,0.5538,79.1965859319844,0.599542061039402,2.80088618137384,"#C8C4BF"
"4900951928_2","4900951928_2.png",2,0.4462,52.7749622927481,0.00787117120206254,6.34866812846334,"#837E73"
"4901088109_1","4901088109_1.png",1,0.8058,89.3154750607571,-0.708715194553578,-2.63011952943079,"#DDE1E5"
"4901088109_1","4901088109_1.png",2,0.1942,63.6172311320575,-0.522407623236378,0.0273781750487424,"#999A9A"
"4901287728_1","4901287728_1.png",1,0.555,87.8510210939275,2.92256965903216,3.14957060240773,"#E5DAD6"
"4901287728_1","4901287728_1.png",2,0.445,51.6349641080871,9.06776109727672,14.9800834710398,"#937562"
"4901365571_1","4901365571_1.png",1,0.545721271393643,42.6675240588541,1.60812346917691,0.60617433744318,"#686464"
"4901365571_1","4901365571_1.png",2,0.454278728606357,21.6174720933902,5.0107142861329,-5.83908137900556,"#37323C"
"4901374931_1","4901374931_1.png",1,0.576174655908875,91.9180645571538,2.735595804192,3.750361200134,"#F0E6E1"
"4901374931_1","4901374931_1.png",2,0.423825344091125,78.4261081728333,4.29794196207572,6.13781040641374,"#CFBFB7"
"4901507859_1","4901507859_1.png",1,0.674,78.7654227859427,-0.71612177581566,1.80095464167474,"#C3C3C0"
"4901507859_1","4901507859_1.png",2,0.326,54.2032549229997,-0.806625370453686,4.50152665541875,"#84827A"
"4901569538_1","4901569538_1.png",1,0.6586,92.5385693664977,3.41201109375336,1.03865212831638,"#F1E7E8"
"4901569538_1","4901569538_1.png",2,0.3414,74.1195714952367,4.82203758300548,11.1577309968282,"#C7B3A2"
"4901569538_2","4901569538_2.png",1,0.7056,91.9176358518721,4.82494207847897,0.686939978032713,"#F2E5E7"
"4901569538_2","4901569538_2.png",2,0.2944,72.242198253209,5.36624196362988,15.4360895593884,"#C6AD95"
"4901569538_3","4901569538_3.png",1,0.687,86.9748211281858,3.7819848527682,2.76328831289104,"#E3D7D5"
"4901569538_3","4901569538_3.png",2,0.313,68.9662281725843,4.55165674173418,14.4952885674298,"#BBA58E"
"4901569538_4","4901569538_4.png",1,0.5812,92.0243412672303,1.62721603934192,6.2385596221329,"#F1E7DC"
"4901569538_4","4901569538_4.png",2,0.4188,72.9089719678201,3.53573687388578,15.9254915312205,"#C5B096"
"4901569538_5","4901569538_5.png",1,0.5944,91.8857862011383,3.42500395542373,4.15470659843565,"#F2E5E0"
"4901569538_5","4901569538_5.png",2,0.4056,71.5533453216136,5.94123946056512,13.7604231422034,"#C4AB97"
"4901574901_1","4901574901_1.png",1,0.385,92.6613278292513,-0.762077058741163,1.82936474065002,"#EAEAE6"
"4901574901_1","4901574901_1.png",2,0.615,72.6677816060101,0.139839073399507,4.31495055878211,"#B6B2AA"
"4901574901_2","4901574901_2.png",1,0.5238,90.1159520291498,0.653065867795175,1.46242565546319,"#E5E2E0"
"4901574901_2","4901574901_2.png",2,0.4762,69.2864101120479,1.44147203489898,4.03136106228308,"#AFA8A2"
"4901598964_1","4901598964_1.png",1,0.6166,73.1629398495333,1.52165294106819,3.82535274467934,"#BAB2AD"
"4901598964_1","4901598964_1.png",2,0.3834,43.173979463416,3.25970375945449,5.02142078140535,"#6F645E"
"4901749055_1","4901749055_1.png",1,0.6746,72.7462841126204,3.70847592912757,2.97818899453518,"#BCB0AD"
"4901749055_1","4901749055_1.png",2,0.3254,56.6192673496693,7.41321220744526,8.27627657543008,"#9A837A"
"4902062814_1","4902062814_1.png",1,0.7126,81.4492857415907,0.302412770139525,2.15413277387619,"#CDCAC6"
"4902062814_1","4902062814_1.png",2,0.2874,57.7021439030772,1.13848390526543,5.35971224180992,"#918A81"
"4904010060_1","4904010060_1.png",1,0.658,95.0419778495258,-2.65701173215572,0.585410901027709,"#ECF2EF"
"4904010060_1","4904010060_1.png",2,0.342,69.8481246855178,-1.13852353784019,4.57978385007081,"#ACABA2"
"4904216159_1","4904216159_1.png",1,0.4702,78.0381980858806,-0.668170652218891,3.50903839598032,"#C3C1BA"
"4904216159_1","4904216159_1.png",2,0.5298,64.8881309468069,0.73229004713344,3.94459857413419,"#A29D96"
"4907982596_1","4907982596_1.png",1,0.7518,89.0084477642233,0.695836140241937,6.17458254876177,"#E6DFD4"
"4907982596_1","4907982596_1.png",2,0.2482,51.4011087652776,4.23517705655347,12.0027430137401,"#897766"
"4908581559_1","4908581559_1.png",1,0.5906,77.0444337470425,0.959844400377242,-0.0845086518606772,"#C0BEBE"
"4908581559_1","4908581559_1.png",2,0.4094,48.7451165556296,1.842018946764,0.322616912273763,"#777373"
"4908736618_1","4908736618_1.png",1,0.697,80.0804595763571,-1.16866743023757,0.810999725036479,"#C5C7C5"
"4908736618_1","4908736618_1.png",2,0.303,52.7878589220685,-1.01151095273877,8.21796501682003,"#827E70"
"4908775518_1","4908775518_1.png",1,0.4168,81.8948865021515,0.153469697967537,-2.83548739811218,"#C9CCD1"
"4908775518_1","4908775518_1.png",2,0.5832,54.1394420272079,3.00716293591815,-1.14140465442609,"#868083"
"4908775518_2","4908775518_2.png",1,0.4608,86.1900775615928,1.11617142041166,-0.764808634477433,"#D9D7D9"
"4908775518_2","4908775518_2.png",2,0.5392,61.3636033418419,4.37213383803649,1.41596379432337,"#9D9192"
"4908829922_1","4908829922_1.png",1,0.4088,73.1358905693675,0.358177662956026,1.52349703953753,"#B5B3B1"
"4908829922_1","4908829922_1.png",2,0.5912,27.256266756128,-0.283062869509261,-2.37971517533233,"#3E4144"
"4908829922_2","4908829922_2.png",1,0.5296,80.1438615210518,0.945778334312296,2.66517678526477,"#CBC6C2"
"4908829922_2","4908829922_2.png",2,0.4704,45.3548453551106,2.15612692087345,2.92073405338089,"#716A67"
"4909342596_1","4909342596_1.png",1,0.4424,80.3678018453703,2.65781283497835,-1.77697393078819,"#CBC6CB"
"4909342596_1","4909342596_1.png",2,0.5576,63.6072026516885,3.68331776486287,2.10496315579428,"#A29896"
"4909342596_2","4909342596_2.png",1,0.455,78.8217435251227,2.53657541666632,-0.626220806914133,"#C7C2C4"
"4909342596_2","4909342596_2.png",2,0.545,62.6139931105395,3.05517393315684,1.01780154519547,"#9E9696"
"4910725007_1","4910725007_1.png",1,0.7526,73.5571591393252,1.16546385716423,1.7877383322316,"#B8B4B1"
"4910725007_1","4910725007_1.png",2,0.2474,42.6772619676177,2.52513216732478,6.60048488154452,"#6D635A"
"4910727666_1","4910727666_1.png",1,0.5498,85.9391287277855,2.59078800133422,8.72269140727512,"#E3D5C7"
"4910727666_1","4910727666_1.png",2,0.4502,67.9421151815899,2.534153761517,12.2991366572965,"#B3A390"
"4910798320_1","4910798320_1.png",1,0.507,86.0912379263066,-0.328987364951719,1.17428763200433,"#D8D7D5"
"4910798320_1","4910798320_1.png",2,0.493,54.807389764766,-0.853428536428689,-1.17045754249959,"#818485"
"4910852089_1","4910852089_1.png",1,0.5318,84.8805109485731,0.363924924625635,-1.39385222170856,"#D3D4D7"
"4910852089_1","4910852089_1.png",2,0.4682,46.5626916724011,0.919807467934091,1.71485883788231,"#716E6C"
"4910890311_1","4910890311_1.png",1,0.622,77.6352468432699,-0.550636825707809,-3.75195029074355,"#BBC0C7"
"4910890311_1","4910890311_1.png",2,0.378,53.8725778279937,1.10434918283958,0.834155634863928,"#83807F"
"4910910936_1","4910910936_1.png",1,0.6944,93.4124284511118,-0.0135684137763127,1.24009736010525,"#EDECEA"
"4910910936_1","4910910936_1.png",2,0.3056,55.0361812498006,1.74983158683278,0.111810339194658,"#878384"
"4910939480_1","4910939480_1.png",1,0.461,77.7031240422172,2.15206172583089,1.79850584012952,"#C6BFBD"
"4910939480_1","4910939480_1.png",2,0.539,56.2489809737577,3.40707479869137,3.75999946201819,"#908580"
"4910939480_2","4910939480_2.png",1,0.4958,68.0180917683211,2.51028726049875,4.37257659021279,"#AEA49E"
"4910939480_2","4910939480_2.png",2,0.5042,48.7017992328311,3.19464939178335,6.9215931250649,"#7E7168"
"4910939480_3","4910939480_3.png",1,0.4342,83.4098846736833,0.666896880105468,-3.85489358943114,"#CED0D7"
"4910939480_3","4910939480_3.png",2,0.5658,67.6395252843096,0.473035061007967,-4.14506204681382,"#A2A5AC"
"4911004706_1","4911004706_1.png",1,0.5824,91.7057800335498,-3.32349598943096,-3.31058729381024,"#DDE9ED"
"4911004706_1","4911004706_1.png",2,0.4176,56.8878604600006,-0.443291785737721,-2.97393037898556,"#85898E"
"4911073442_1","4911073442_1.png",1,0.2272,59.2792102039384,0.635057229778307,2.61489467122963,"#928E8A"
"4911073442_1","4911073442_1.png",2,0.7728,38.503338080666,-0.369604435135883,1.02603137636748,"#5B5B59"
"4911129716_1","4911129716_1.png",1,0.601,80.1978947025191,-0.85988089445737,-4.3981346716558,"#C1C8CF"
"4911129716_1","4911129716_1.png",2,0.399,36.612407990397,8.44255739131974,2.73344233525538,"#655152"
"4911143927_1","4911143927_1.png",1,0.576,90.5022133064704,0.652821054737057,0.962680408022394,"#E6E3E2"
"4911143927_1","4911143927_1.png",2,0.424,70.1360953808993,3.57729779245152,-2.49190779552877,"#B0A9B0"
"4919130720_1","4919130720_1.png",1,0.7586,86.3288272533867,2.77475064171876,8.01258703981248,"#E4D6C9"
"4919130720_1","4919130720_1.png",2,0.2414,60.0234707520158,1.71145351935861,4.06748429247327,"#978F8A"
"4919212339_1","4919212339_1.png",1,0.6416,82.3615626950227,-0.992995582297734,1.78963775209038,"#CCCDCA"
"4919212339_1","4919212339_1.png",2,0.3584,67.1886099282707,-0.509989318964113,5.10147906447361,"#A7A39A"
"4919212339_2","4919212339_2.png",1,0.6732,81.2741521804171,-0.269164802671533,4.41505922973403,"#CDCAC2"
"4919212339_2","4919212339_2.png",2,0.3268,67.9328126821237,0.0303744158369087,7.0155739949742,"#ABA599"
"4919383096_1","4919383096_1.png",1,0.525,83.9903965705658,2.0752709755249,0.504625544747974,"#D6D0D1"
"4919383096_1","4919383096_1.png",2,0.475,52.6164350453294,5.18617840038319,1.41329383234697,"#887B7B"
"4919383096_2","4919383096_2.png",1,0.4648,85.6825181169376,1.98769571163906,0.118933533131474,"#DAD5D6"
"4919383096_2","4919383096_2.png",2,0.5352,57.044968884998,4.72638233685779,0.962755434432019,"#928687"
"4919383096_3","4919383096_3.png",1,0.4286,83.9850536765434,1.67329888853509,0.515850085011474,"#D5D0D1"
"4919383096_3","4919383096_3.png",2,0.5714,54.9431532256851,3.84808389757043,1.77493076726015,"#8C8181"
"4919383096_4","4919383096_4.png",1,0.4356,84.3903935037658,1.74823975063383,-0.141885921672061,"#D6D1D3"
"4919383096_4","4919383096_4.png",2,0.5644,55.3948939278062,4.64859095765313,-0.467217822234853,"#8D8286"
"4919726494_1","4919726494_1.png",1,0.4182,75.2040297004252,-0.0632977715163374,-0.0948939107623561,"#B9B9B9"
"4919726494_1","4919726494_1.png",2,0.5818,48.658392266123,-0.207775351002442,-4.47631051876513,"#6F747B"
"4921533795_1","4921533795_1.png",1,0.6558,79.8726752293268,-2.68072179405748,-6.72387975565712,"#BAC8D2"
"4921533795_1","4921533795_1.png",2,0.3442,54.415774985666,-2.36929699521302,-0.139155619112021,"#7E8382"
"4921533795_2","4921533795_2.png",1,0.6684,79.2368073820535,-0.631313685424018,-2.12289916180478,"#C1C5C8"
"4921533795_2","4921533795_2.png",2,0.3316,54.2114541347431,0.130201383626674,4.13744236186368,"#85817B"
"4921533795_3","4921533795_3.png",1,0.542,76.947192040202,0.0679581096419579,3.53148131793086,"#C1BEB7"
"4921533795_3","4921533795_3.png",2,0.458,53.8415627203562,1.11658955436186,6.08224183144417,"#878076"
"4921535533_1","4921535533_1.png",1,0.6948,83.6510430509697,-1.30708119540557,-0.825105666313794,"#CDD1D2"
"4921535533_1","4921535533_1.png",2,0.3052,54.5926159865676,-0.455098734102783,4.76283568909517,"#85837A"
"4921535533_2","4921535533_2.png",1,0.5434,83.29207012039,-0.257040426403275,-0.684830601281972,"#CED0D1"
"4921535533_2","4921535533_2.png",2,0.4566,45.980458069641,-0.162765955535838,1.42172674790194,"#6E6D6B"
"4921535533_3","4921535533_3.png",1,0.6214,86.1927883865483,-0.397907808903385,0.226824374523927,"#D7D8D7"
"4921535533_3","4921535533_3.png",2,0.3786,49.7529996320047,1.49908480890701,5.04381641074308,"#7D756E"
"4921570398_1","4921570398_1.png",1,0.5868,92.2214154718923,-0.105859142337905,-0.308839515445072,"#E8E9E9"
"4921570398_1","4921570398_1.png",2,0.4132,75.7480402446534,1.61853530445772,1.49440383919323,"#BFBAB8"
"4921740504_1","4921740504_1.png",1,0.46,77.4281039101259,1.80521927815736,2.16670447126683,"#C5BEBB"
"4921740504_1","4921740504_1.png",2,0.54,61.052322801274,2.87965807573461,6.00581837774972,"#9D9189"
"4921740504_2","4921740504_2.png",1,0.4608,71.3391806105193,1.59388817066308,2.50279435660949,"#B4AEAA"
"4921740504_2","4921740504_2.png",2,0.5392,50.7171415053931,3.00156902393189,6.0552199606099,"#82776F"
"4921742071_1","4921742071_1.png",1,0.6938,74.3095390807311,-0.810470666156033,5.14373224220526,"#B9B7AD"
"4921742071_1","4921742071_1.png",2,0.3062,36.3388607263177,-3.27161480534103,8.6755770275734,"#565748"
"4921819518_1","4921819518_1.png",1,0.6682,81.7245470929069,2.26441360182165,5.73816455700562,"#D4C9C1"
"4921819518_1","4921819518_1.png",2,0.3318,46.8893344120368,2.54263098061252,-6.37298316455946,"#6E6E7A"
"4923659518_1","4923659518_1.png",1,0.3398,76.049088058441,1.84769098473241,-2.03570966259707,"#BDBBBF"
"4923659518_1","4923659518_1.png",2,0.6602,53.4516835836443,0.854570802805776,1.70443112706774,"#837F7D"
"4923659518_2","4923659518_2.png",1,0.3276,63.5046349229988,-3.23109182363964,2.79757764169131,"#969B95"
"4923659518_2","4923659518_2.png",2,0.6724,55.4767552024079,-6.37082350728612,4.99659318107388,"#7D887C"
"4923717476_1","4923717476_1.png",1,0.58,86.4841157963289,-0.365787522210221,-4.84280556265506,"#D3D9E1"
"4923717476_1","4923717476_1.png",2,0.42,50.2907269332782,0.787134049163029,-1.66277614456648,"#78777A"
"4923717476_2","4923717476_2.png",1,0.53,85.2846439475196,-1.31306741912179,-2.81319649493518,"#D0D6DA"
"4923717476_2","4923717476_2.png",2,0.47,48.7834530062007,-0.162392566276302,0.620229917220393,"#747473"
"4923744585_1","4923744585_1.png",1,0.6424,79.6197624336066,0.635157726632265,3.86425064423113,"#CAC5BE"
"4923744585_1","4923744585_1.png",2,0.3576,56.3276642263136,1.87486713117611,5.96719222987285,"#8F867D"
"4923744585_2","4923744585_2.png",1,0.603,76.413932662182,0.962078546143566,4.07985694953569,"#C2BCB5"
"4923744585_2","4923744585_2.png",2,0.397,53.6176028872655,1.8504901528197,7.21933273024475,"#887F74"
"4923822712_1","4923822712_1.png",1,0.5342,82.3845840112355,6.870843351242,-0.32950816049546,"#DAC9CE"
"4923822712_1","4923822712_1.png",2,0.4658,71.8026400529464,5.71741748471362,3.62593222426925,"#BDACAA"
"4924018948_1","4924018948_1.png",1,0.6512,83.8555222779158,-0.39467548709223,1.92561017011401,"#D2D1CD"
"4924018948_1","4924018948_1.png",2,0.3488,61.0133162186562,0.996352391968213,6.71949100985969,"#9A9287"
"4924018948_2","4924018948_2.png",1,0.6546,88.9505220085798,-1.18126285891103,-1.59396420471696,"#DCE0E2"
"4924018948_2","4924018948_2.png",2,0.3454,70.2681085719452,0.366337552166686,2.47363714708774,"#AEABA7"
"4924034936_1","4924034936_1.png",1,0.512,83.6642020177838,4.8142650444662,-3.19959849505797,"#D7CED7"
"4924034936_1","4924034936_1.png",2,0.488,67.5767310226082,2.86312215988756,-0.352855867114303,"#AAA3A5"
"4924047070_1","4924047070_1.png",1,0.6484,80.8343880839106,3.63117443359747,-1.04305330311965,"#CFC7CB"
"4924047070_1","4924047070_1.png",2,0.3516,47.5961433680515,3.51719526807808,11.0977259118356,"#7E6E5E"
"4924047070_2","4924047070_2.png",1,0.5516,85.5608063675572,0.868036909662985,-2.44767505927537,"#D5D5DA"
"4924047070_2","4924047070_2.png",2,0.4484,61.3036481069662,0.849251990784929,0.308440123215901,"#969393"
"4924075953_1","4924075953_1.png",1,0.5168,84.0467039600532,6.82540032723519,-1.62817493225706,"#DDCDD5"
"4924075953_1","4924075953_1.png",2,0.4832,65.1951395225593,10.1511600924493,5.33272533740275,"#B49895"
"4924075953_2","4924075953_2.png",1,0.4942,78.9516003163234,3.73359064902167,10.7561908076535,"#D3C0B0"
"4924075953_2","4924075953_2.png",2,0.5058,62.0171316132841,7.4838668465627,13.5205114404927,"#AC917E"
"4924075953_3","4924075953_3.png",1,0.4234,77.2290147595973,3.50329712408196,11.4204056673622,"#CEBCAA"
"4924075953_3","4924075953_3.png",2,0.5766,57.946241302244,7.86550830628291,15.6525210098411,"#A38670"
"4924075953_4","4924075953_4.png",1,0.5014,79.4269429505785,3.39196135967217,10.6670759898201,"#D3C2B1"
"4924075953_4","4924075953_4.png",2,0.4986,61.56465385109,7.04643424382584,13.4189450852972,"#AA907D"
"4926051708_1","4926051708_1.png",1,0.6558,90.116716435062,0.679342274009112,-0.161691969865476,"#E4E2E3"
"4926051708_1","4926051708_1.png",2,0.3442,58.1487643631754,0.625767852161886,1.43269235619739,"#8E8B89"
"4926103654_1","4926103654_1.png",1,0.5314,86.0220458842457,1.92608478574696,5.61756848673359,"#DFD6CD"
"4926103654_1","4926103654_1.png",2,0.4686,65.1810750719408,4.44288779528129,10.7143129861098,"#AE9B8B"
"4926117008_1","4926117008_1.png",1,0.4338,80.0674940820166,-0.409443478062971,4.59366315224399,"#CAC6BE"
"4926117008_1","4926117008_1.png",2,0.5662,59.0094682581818,0.904858649832589,9.12966930581616,"#968D7E"
"4926135872_1","4926135872_1.png",1,0.7304,89.7606295581654,1.31907032731028,-3.51168863744365,"#E1E1E8"
"4926135872_1","4926135872_1.png",2,0.2696,74.6892677438743,1.29395562520822,1.31810744015432,"#BBB7B5"
"4926202831_1","4926202831_1.png",1,0.4514,64.1433650898094,0.609547881776257,5.3515143363352,"#A19B92"
"4926202831_1","4926202831_1.png",2,0.5486,40.7489595720407,-0.656527225309705,6.03111991371676,"#636056"
"4930654982_1","4930654982_1.png",1,0.5494,88.7546556277753,1.32021073646654,0.275089204023489,"#E2DEDE"
"4930654982_1","4930654982_1.png",2,0.4506,53.1062352816673,0.740983504360405,7.49668796447316,"#857E72"
"4930654982_2","4930654982_2.png",1,0.5746,87.3618214937481,0.312964259430154,-1.45228228360563,"#DADBDE"
"4930654982_2","4930654982_2.png",2,0.4254,54.5387155155691,0.205826972290726,7.28638332742918,"#888276"
"4930713069_1","4930713069_1.png",1,0.512,75.8909707404305,3.54133938683554,1.83115973146979,"#C3B9B8"
"4930713069_1","4930713069_1.png",2,0.488,49.6741373696608,5.29387007308563,5.56455031316116,"#83736D"
"4930713069_2","4930713069_2.png",1,0.5936,80.5696118825457,3.74213211537678,0.116711788407195,"#CFC6C8"
"4930713069_2","4930713069_2.png",2,0.4064,55.8086522947284,4.99983838204288,3.83633639465182,"#91837F"
"4930713069_3","4930713069_3.png",1,0.5766,81.3663275874311,2.44787665284039,0.38613659614945,"#CFC9C9"
"4930713069_3","4930713069_3.png",2,0.4234,59.009596228777,2.00607480568331,4.52429221795503,"#958D86"
"4930807026_1","4930807026_1.png",1,0.4618,82.2856936360771,0.592059726098814,1.36909309280239,"#CFCCCA"
"4930807026_1","4930807026_1.png",2,0.5382,43.0299194462975,0.297755031662158,3.85586120359323,"#69655F"
"4930858134_1","4930858134_1.png",1,0.451,85.7005603937961,-4.38982462104016,-5.068817438767,"#C8D9E0"
"4930858134_1","4930858134_1.png",2,0.549,68.0785941641888,-2.80664331460502,-2.83656424180395,"#9EA8AB"
"4931005309_1","4931005309_1.png",1,0.597,78.7004946348862,2.28515106181959,0.730517714717628,"#C8C1C1"
"4931005309_1","4931005309_1.png",2,0.403,58.9858783810324,3.49539834579073,2.77586595683607,"#968C89"
"4931902769_1","4931902769_1.png",1,0.4628,91.8860801941632,0.578646946503236,1.78244782664953,"#EAE7E4"
"4931902769_1","4931902769_1.png",2,0.5372,61.7133216744335,3.0664479619302,7.70530804624951,"#A09388"
"4932137899_1","4932137899_1.png",1,0.42590027700831,78.8659154180449,5.993387123786,4.21533844792379,"#D2BFBC"
"4932137899_1","4932137899_1.png",2,0.57409972299169,38.6786068258342,6.64118555757846,-4.45002975120981,"#635862"
"4932312900_1","4932312900_1.png",1,0.4608,83.4799060630613,0.488215899041805,0.645386229168342,"#D2D0CF"
"4932312900_1","4932312900_1.png",2,0.5392,64.8947048320747,0.603681738346523,4.30232294182821,"#A29D96"
"4932482575_1","4932482575_1.png",1,0.5208,85.7012250625979,1.61452201985671,1.61200842702574,"#DBD5D3"
"4932482575_1","4932482575_1.png",2,0.4792,55.3922899114233,1.49868916711795,7.44666847047295,"#8D8378"
"4932482575_2","4932482575_2.png",1,0.611,82.6524434045697,2.10288547035896,2.4782580015885,"#D4CCC9"
"4932482575_2","4932482575_2.png",2,0.389,52.1160621456387,2.60054177578307,10.5015568727871,"#887A6B"
"4933717849_1","4933717849_1.png",1,0.595395607303519,90.2084183242087,1.6705259242106,-1.39770426652885,"#E5E2E6"
"4933717849_1","4933717849_1.png",2,0.404604392696481,61.8889355954533,1.7863960590098,0.4692701647077,"#999495"
"4933886815_1","4933886815_1.png",1,0.6006,87.6250877084122,0.361451312774149,-0.454688485395167,"#DCDBDC"
"4933886815_1","4933886815_1.png",2,0.3994,61.0914939461909,1.72882193111199,-2.57326851936298,"#949398"
"4933886815_2","4933886815_2.png",1,0.6912,87.4326671344779,0.179531287102846,1.46392026997402,"#DDDBD8"
"4933886815_2","4933886815_2.png",2,0.3088,54.5841844412334,1.76384495643661,-0.0724002829329076,"#868283"
"4933924436_1","4933924436_1.png",1,0.4212,70.0300268866855,-0.327872797077248,-2.97267963798729,"#A8ACB0"
"4933924436_1","4933924436_1.png",2,0.5788,28.9322053594233,2.05553538422519,-10.3208612735983,"#3F4454"
"4933996725_1","4933996725_1.png",1,0.5516,89.030604877436,0.123562913641462,0.672530912601504,"#E0DFDE"
"4933996725_1","4933996725_1.png",2,0.4484,54.5781164657492,1.19965141349703,2.84590300795224,"#87827E"
"4934115016_1","4934115016_1.png",1,0.5446,79.0716865277216,0.498766163268243,0.642640142260313,"#C5C3C3"
"4934115016_1","4934115016_1.png",2,0.4554,50.1962517732568,1.69925992297554,-1.86227444752436,"#79777B"
"4934115016_2","4934115016_2.png",1,0.4656,77.6946752825926,1.4657042255985,1.15072053238259,"#C4BFBE"
"4934115016_2","4934115016_2.png",2,0.5344,60.1772871148083,1.54036756526727,-1.77112826729004,"#929094"
"4934390572_1","4934390572_1.png",1,0.3238,78.3932602303781,-0.469131728012099,7.67470112336762,"#C7C2B4"
"4934390572_1","4934390572_1.png",2,0.6762,52.0091861491644,-1.4651968374923,13.3009197022631,"#827C65"
"4934402644_1","4934402644_1.png",1,0.7182,81.3651732140735,-0.935558311206158,-0.758626864210855,"#C8CBCB"
"4934402644_1","4934402644_1.png",2,0.2818,46.7403200923767,-0.951852600492872,0.228667516161112,"#6D6F6E"
"4934612244_1","4934612244_1.png",1,0.5456,74.6257407792875,0.708847866100649,3.14682802373077,"#BCB7B2"
"4934612244_1","4934612244_1.png",2,0.4544,57.5975099315212,1.1712163170064,2.44350562402577,"#8E8986"
"4934612244_2","4934612244_2.png",1,0.5698,73.801312817147,0.837534137439458,2.61806937882274,"#B9B5B1"
"4934612244_2","4934612244_2.png",2,0.4302,56.9575792030457,1.60182393197954,2.5043896000565,"#8D8884"
"4934612244_3","4934612244_3.png",1,0.5572,74.2226394898583,0.669951707686025,3.16269595109914,"#BAB6B1"
"4934612244_3","4934612244_3.png",2,0.4428,57.4208842393762,1.16742635984868,2.6752070506838,"#8E8985"
"4934887656_1","4934887656_1.png",1,0.2938,86.9474937858287,-3.41814080706354,3.54631493285699,"#D6DBD3"
"4934887656_1","4934887656_1.png",2,0.7062,64.7684479063681,-1.20944457055062,2.04267649984356,"#9C9E99"
"4935148541_1","4935148541_1.png",1,0.371,72.2278345031211,1.07434460229271,5.6274462942491,"#B8B0A7"
"4935148541_1","4935148541_1.png",2,0.629,52.8435109123972,-0.189316615954176,4.31328624520144,"#817E77"
"4935148541_2","4935148541_2.png",1,0.7902,77.3320919437613,0.125827333004916,0.124467910565172,"#BFBFBF"
"4935148541_2","4935148541_2.png",2,0.2098,63.4606212493408,-0.490620853276933,1.8125378088461,"#9A9A96"
"4935148541_3","4935148541_3.png",1,0.6806,78.3769841691519,0.793741376571445,5.36642083372618,"#C8C1B8"
"4935148541_3","4935148541_3.png",2,0.3194,53.2905062216123,0.00919469292123308,9.67717779326782,"#867F6F"
"4935148541_4","4935148541_4.png",1,0.6574,84.0979856737983,0.718964543792453,3.98912649751743,"#D6D1CA"
"4935148541_4","4935148541_4.png",2,0.3426,57.3821614495218,0.472542238180826,1.43063051798044,"#8C8987"
"4935148541_5","4935148541_5.png",1,0.7212,85.4079268201973,0.675141109217139,3.98520462736655,"#DAD5CE"
"4935148541_5","4935148541_5.png",2,0.2788,63.8457987407078,1.24804768398978,5.23925916418024,"#A19A91"
"4935394469_1","4935394469_1.png",1,0.6394,81.3900928778059,1.85173193118283,3.68217044038388,"#D1C9C3"
"4935394469_1","4935394469_1.png",2,0.3606,44.5798576464552,2.58339623409635,1.46369237285757,"#6F6867"
"4935503566_1","4935503566_1.png",1,0.391,76.245704750086,-1.57317201842195,-0.761560780174385,"#B8BDBD"
"4935503566_1","4935503566_1.png",2,0.609,46.9888376068233,-1.49691962488853,-1.55242820420946,"#6B7072"
"4935961066_1","4935961066_1.png",1,0.5774,71.0604665070061,-1.47210980963967,-7.59464639924688,"#A4AFBC"
"4935961066_1","4935961066_1.png",2,0.4226,37.1887978639217,-0.693136307129212,-7.56553197625903,"#505864"
"4936654252_1","4936654252_1.png",1,0.6676,87.9093541269028,9.94567678614692,-4.83625454003003,"#ECD7E6"
"4936654252_1","4936654252_1.png",2,0.3324,60.0812473912181,14.2966479241445,-1.00973594149655,"#A98893"
"4936732991_1","4936732991_1.png",1,0.5966,55.7678027717896,-0.845870065482108,2.91732615728636,"#868681"
"4936732991_1","4936732991_1.png",2,0.4034,23.7093121752298,3.09791398412067,12.9726375832245,"#433625"
"4936768458_1","4936768458_1.png",1,0.681,82.7444947473296,2.45612751883643,3.57843165563941,"#D6CCC7"
"4936768458_1","4936768458_1.png",2,0.319,65.1378611195237,4.1735813215038,4.04983937548062,"#A99B97"
"4936857657_1","4936857657_1.png",1,0.6174,86.5736065429075,-0.903369935883833,-2.93381905692941,"#D4D9DE"
"4936857657_1","4936857657_1.png",2,0.3826,53.2253863011655,-1.46602146270781,-1.27879111124113,"#7B8081"
"4937146836_1","4937146836_1.png",1,0.562,84.8138860914276,-0.620068062880251,-2.41367012002166,"#D0D4D8"
"4937146836_1","4937146836_1.png",2,0.438,38.3335994461762,0.881804762840702,-2.1597933815657,"#5A5A5E"
"4937206229_1","4937206229_1.png",1,0.2798,78.9236748384235,-0.399825703137678,1.0497241750535,"#C3C4C1"
"4937206229_1","4937206229_1.png",2,0.7202,50.2928133938002,-0.899961126448647,3.17512670092909,"#787872"
"4937250321_1","4937250321_1.png",1,0.549,86.3878863328084,0.991554390375378,1.90328388868317,"#DCD7D5"
"4937250321_1","4937250321_1.png",2,0.451,67.3644483596382,1.77336101621703,1.91100481293937,"#A9A3A1"
"4945736563_1","4945736563_1.png",1,0.5934,81.0699122059031,-1.11896633748254,-2.25001702002044,"#C5CACD"
"4945736563_1","4945736563_1.png",2,0.4066,44.3999755530257,-0.0395319144592149,2.76557376755108,"#6B6964"
"4945966158_1","4945966158_1.png",1,0.525841816758027,82.1689918214473,0.708319720705519,1.2087916123034,"#CFCCCA"
"4945966158_1","4945966158_1.png",2,0.474158183241973,62.5362528603948,1.61437946284558,3.44943340944419,"#9D9691"
"4946202526_1","4946202526_1.png",1,0.6266,87.4167803805409,1.26175328968715,1.79486942351121,"#DFDAD8"
"4946202526_1","4946202526_1.png",2,0.3734,61.1767051404425,2.09128459048961,2.00335418261882,"#999290"
"4946253129_1","4946253129_1.png",1,0.5652,82.9764343470499,0.880059316350507,-2.79953104637903,"#CECED4"
"4946253129_1","4946253129_1.png",2,0.4348,57.3995143739398,1.58623820125834,-1.10751656664691,"#8C898C"
"4946583884_1","4946583884_1.png",1,0.6288,71.3812380698188,-2.79829098538458,4.78106871728774,"#ADB0A6"
"4946583884_1","4946583884_1.png",2,0.3712,34.4507937083396,-2.86867245011528,16.2610359578405,"#565237"
"4946714667_1","4946714667_1.png",1,0.715,90.4175400215758,-2.49000138003113,-1.02012116506187,"#DEE5E5"
"4946714667_1","4946714667_1.png",2,0.285,55.5333567359077,-0.357351987593781,-0.0366901623448213,"#848585"
"4946714667_2","4946714667_2.png",1,0.6342,89.4863017418373,-0.926506868876557,-2.84348098384551,"#DCE2E6"
"4946714667_2","4946714667_2.png",2,0.3658,68.9912434793246,0.321321895759756,-1.4279719222391,"#A8A8AB"
"4949956454_1","4949956454_1.png",1,0.6582,90.9110469492568,-0.171806428695781,-0.421557326697209,"#E4E5E6"
"4949956454_1","4949956454_1.png",2,0.3418,74.8692360763573,0.357946207201149,2.08572651387953,"#BBB8B4"
"4950005241_1","4950005241_1.png",1,0.4998,79.8997527117136,-3.40258103901028,-2.1151247286379,"#BDC8CA"
"4950005241_1","4950005241_1.png",2,0.5002,43.3728363558847,-3.10622189085209,-0.962173043278007,"#606868"
"4950042938_1","4950042938_1.png",1,0.597,89.6332347453026,-1.08953081873933,10.920162660195,"#E8E1CD"
"4950042938_1","4950042938_1.png",2,0.403,45.8771243992107,4.77103032263794,7.56938983364949,"#7A6A60"
"4950105597_1","4950105597_1.png",1,0.725,90.4037454651977,-1.70306275838705,-0.97578602275072,"#DFE5E5"
"4950105597_1","4950105597_1.png",2,0.275,66.244191357057,-0.677334336825806,1.52802231477879,"#A1A19E"
"4950228631_1","4950228631_1.png",1,0.632,81.3128136252483,0.804281938703249,9.28823154611539,"#D3C9B9"
"4950228631_1","4950228631_1.png",2,0.368,53.0364348217796,0.982930934748818,13.640808958845,"#897D67"
"4950228631_2","4950228631_2.png",1,0.4602,81.93362888777,1.30159350613994,6.28601046764542,"#D3CAC0"
"4950228631_2","4950228631_2.png",2,0.5398,67.5904750416302,0.936916930266441,6.50060084251081,"#ABA499"
"4950356205_1","4950356205_1.png",1,0.4182,81.2881743184193,1.09225843740935,6.20296515071164,"#D1C9BE"
"4950356205_1","4950356205_1.png",2,0.5818,50.6683715726063,2.83429597478568,4.89871811138191,"#817770"
"4950356205_2","4950356205_2.png",1,0.3816,81.2572933280535,1.50119550857551,2.98332123443257,"#CFC9C4"
"4950356205_2","4950356205_2.png",2,0.6184,66.5521805699065,2.36383745183779,4.23825641628414,"#A9A09A"
"4950356205_3","4950356205_3.png",1,0.4876,64.1829324170401,0.215382856494413,4.0151824059266,"#9F9B94"
"4950356205_3","4950356205_3.png",2,0.5124,47.0187205805294,0.131225919200825,-1.28683042686758,"#6F6F72"
"4952195710_1","4952195710_1.png",1,0.5242,78.4657973789861,-0.746732315729681,2.4520654993401,"#C3C2BE"
"4952195710_1","4952195710_1.png",2,0.4758,44.8007168965144,2.07096569017205,17.025921749759,"#78684E"
"4952195710_2","4952195710_2.png",1,0.5858,77.8959599797444,0.0979082860809618,0.287703324121355,"#C1C0C0"
"4952195710_2","4952195710_2.png",2,0.4142,38.9936469309969,0.997295321773069,3.43523849513438,"#605B56"
"4952195710_3","4952195710_3.png",1,0.5274,88.4678689337327,-0.970448019802409,0.798915533557612,"#DDDFDC"
"4952195710_3","4952195710_3.png",2,0.4726,52.070862550257,0.857427181372037,6.82165069170628,"#837B71"
"4952712408_1","4952712408_1.png",1,0.579343971631206,86.209509925167,0.380117739040088,4.77322081605504,"#DCD7CF"
"4952712408_1","4952712408_1.png",2,0.420656028368794,60.7814334163973,1.81973719621335,13.9687505354316,"#9F917A"
"4953061212_1","4953061212_1.png",1,0.558028616852146,85.7806388233245,1.67190090731935,3.2488509983986,"#DCD5D0"
"4953061212_1","4953061212_1.png",2,0.441971383147854,57.1388508160222,7.61743552954759,14.7735616936448,"#A08470"
"4953061212_2","4953061212_2.png",1,0.533717834960071,78.2441323973997,2.31541590298854,4.34891339156333,"#C9C0BA"
"4953061212_2","4953061212_2.png",2,0.466282165039929,45.2902720522282,9.17151486222412,23.6341547920801,"#866544"
"4953061212_4","4953061212_4.png",1,0.508757961783439,81.1534003052362,1.88446548834815,5.73786948888326,"#D2C8BF"
"4953061212_4","4953061212_4.png",2,0.49124203821656,53.735620392205,6.01307608484011,24.1871824226875,"#987C57"
"4954258094_1","4954258094_1.png",1,0.6258,76.7411302825293,2.90816964050486,-3.84082300821926,"#C0BCC4"
"4954258094_1","4954258094_1.png",2,0.3742,50.1237000747724,6.56407747037971,-6.70193488299635,"#7D7483"
"4954258094_2","4954258094_2.png",1,0.6254,76.7850604501693,2.53015143424217,-4.16380166193302,"#BFBCC5"
"4954258094_2","4954258094_2.png",2,0.3746,51.1996566490296,4.86116845203501,-7.79087205757301,"#7C7887"
"4954258094_3","4954258094_3.png",1,0.6724,79.4743359579521,3.28689653037399,-3.6854374106693,"#C8C3CC"
"4954258094_3","4954258094_3.png",2,0.3276,51.277378786523,8.09719059653753,-7.62675139303206,"#827687"
"4954258094_4","4954258094_4.png",1,0.5686,79.799984050331,2.35774158431215,-3.68279589064586,"#C7C5CD"
"4954258094_4","4954258094_4.png",2,0.4314,54.2177222572913,5.97514555495709,-6.90882282154575,"#877F8E"
"4954258094_5","4954258094_5.png",1,0.5502,80.0611078200829,2.17421385733732,-3.41419976287991,"#C8C5CD"
"4954258094_5","4954258094_5.png",2,0.4498,56.1759827470254,5.81387276961244,-6.63816994697559,"#8C8492"
"4954258094_6","4954258094_6.png",1,0.6124,82.2979869777938,2.29813529067016,-1.83883509169045,"#D0CBD0"
"4954258094_6","4954258094_6.png",2,0.3876,56.8477551490919,5.08304065084936,-5.76624466449738,"#8D8692"
"4954265234_1","4954265234_1.png",1,0.5398,67.4847126965268,3.52696666725672,10.8576658549151,"#B3A291"
"4954265234_1","4954265234_1.png",2,0.4602,54.112809644641,5.87015762106151,10.4366428688727,"#927D70"
"4954265234_2","4954265234_2.png",1,0.4818,75.7493597474326,3.52844741414404,8.63952281897999,"#C8B8AB"
"4954265234_2","4954265234_2.png",2,0.5182,61.2622288223405,6.05704427431122,9.43910564501464,"#A59084"
"4954332485_1","4954332485_1.png",1,0.4554,71.4449729525544,2.27789181299135,10.2604373110525,"#BBAD9C"
"4954332485_1","4954332485_1.png",2,0.5446,54.2407861216763,2.09951176330916,13.9190866723214,"#8F806A"
"4954368218_1","4954368218_1.png",1,0.5244,78.9044719364895,3.31854093832419,8.59368106986918,"#D0C1B4"
"4954368218_1","4954368218_1.png",2,0.4756,54.6241314921481,4.51326691135018,10.2830982426668,"#917F71"
"4954368218_2","4954368218_2.png",1,0.5896,68.1671249185084,3.6302190903308,10.9465948152888,"#B5A393"
"4954368218_2","4954368218_2.png",2,0.4104,46.5899739217678,4.14908933993317,11.1116569577868,"#7C6B5C"
"4954368218_3","4954368218_3.png",1,0.5446,75.0028022994986,2.29697405343367,8.4767352940116,"#C3B7A9"
"4954368218_3","4954368218_3.png",2,0.4554,51.8055351726809,3.0603187571007,7.75170139787384,"#86796E"
"4954368218_4","4954368218_4.png",1,0.5142,77.2638088963714,3.54674203473563,7.5637667896497,"#CBBCB1"
"4954368218_4","4954368218_4.png",2,0.4858,49.6287917318935,5.55565337448658,11.0751835597112,"#867264"
"4956053959_1","4956053959_1.png",1,0.5556,80.756900410266,1.40630280749479,-0.831339051787816,"#CAC8CA"
"4956053959_1","4956053959_1.png",2,0.4444,33.4224668747841,13.0883347478003,-3.73953541356547,"#604755"
"4956083618_1","4956083618_1.png",1,0.6446,89.5849509050299,6.57681847607415,3.47189666660977,"#F1DDDB"
"4956083618_1","4956083618_1.png",2,0.3554,71.0274404189301,9.02943673752681,6.61418721619039,"#C3A8A2"
"4956455967_1","4956455967_1.png",1,0.426,74.5568147370381,-0.538597587990916,-6.79857635224586,"#B0B8C4"
"4956455967_1","4956455967_1.png",2,0.574,42.8070942033351,-4.17057961757383,0.513022987702337,"#5E6764"
"4956492340_1","4956492340_1.png",1,0.443,74.6769863564842,-3.72153468977826,-4.848380433743,"#ACBAC0"
"4956492340_1","4956492340_1.png",2,0.557,44.8686821567704,-8.2719423955645,3.79429531760066,"#5E6E64"
"4956492340_2","4956492340_2.png",1,0.4024,81.817888518235,-1.54746674019509,-5.85734908487527,"#C3CDD6"
"4956492340_2","4956492340_2.png",2,0.5976,44.6453018057848,-3.67509280690062,-6.0052394856416,"#5E6C73"
"4956580011_1","4956580011_1.png",1,0.5808,69.0303928672339,0.161768585777972,1.52260745613232,"#AAA8A6"
"4956580011_1","4956580011_1.png",2,0.4192,46.0546320563555,1.08873141529121,5.40593990001012,"#736C64"
"4956676252_1","4956676252_1.png",1,0.6416,83.4007756275039,4.36538745341942,2.8234702693815,"#DBCDCB"
"4956676252_1","4956676252_1.png",2,0.3584,61.8813239363614,10.1532971364227,8.04198386451181,"#AD8F88"
"4956676252_2","4956676252_2.png",1,0.6328,74.2995641113757,2.49861284917576,6.72282990873538,"#C1B5AB"
"4956676252_2","4956676252_2.png",2,0.3672,47.4868837791284,6.35453694455308,15.7182003498009,"#846C57"
"4956874845_1","4956874845_1.png",1,0.3758,95.9045989438075,3.2055330433593,-3.83988952999136,"#F6F1FB"
"4956874845_1","4956874845_1.png",2,0.6242,62.2256327085611,9.02922791691702,-12.2176525925741,"#9D92AC"
"4956889504_1","4956889504_1.png",1,0.49,74.3219778782323,0.148395852264271,-0.740197289594728,"#B6B7B8"
"4956889504_1","4956889504_1.png",2,0.51,34.6277881722956,1.58901755647556,-2.85610505519197,"#525156"
"4956898469_1","4956898469_1.png",1,0.7574,92.1741469417245,1.02852465805601,2.96510169985516,"#EDE8E3"
"4956898469_1","4956898469_1.png",2,0.2426,68.4527664976644,-2.04307588521111,27.0738014095312,"#B5A676"
"4957189543_1","4957189543_1.png",1,0.7394,84.1640278098654,2.62649901488685,-1.40253803838061,"#D6D0D5"
"4957189543_1","4957189543_1.png",2,0.2606,56.4746037643351,6.88204505190798,4.79305440848598,"#97837F"
"4957318822_1","4957318822_1.png",1,0.543,94.2408162625185,3.16512528067532,-1.98700775006602,"#F3EDF2"
"4957318822_1","4957318822_1.png",2,0.457,64.485318894723,6.01777456999825,-5.63132763625437,"#A399A6"
"4957362176_1","4957362176_1.png",1,0.4156,71.0269675565806,-0.0817826665094789,1.4475712761539,"#AFAEAB"
"4957362176_1","4957362176_1.png",2,0.5844,47.1291524507524,0.0198255525674747,2.68639632149084,"#72706B"
"4957466563_1","4957466563_1.png",1,0.3032,74.1040681864891,2.12127104841176,3.19591315000608,"#BDB5B0"
"4957466563_1","4957466563_1.png",2,0.6968,47.6495569281147,6.60651956840246,4.40741136845519,"#7F6D6A"
"4957511060_1","4957511060_1.png",1,0.7828,84.2281876734067,-2.23940106932963,5.05513930784546,"#D2D3C9"
"4957511060_1","4957511060_1.png",2,0.2172,53.1064167997582,-3.05683810142084,13.0655098290444,"#828068"
"4957696194_1","4957696194_1.png",1,0.5668,83.5920125608235,-1.09471860121842,6.49939773430203,"#D4D1C4"
"4957696194_1","4957696194_1.png",2,0.4332,53.9152594414905,-1.49789667760585,14.7064166297704,"#888168"
"4957699809_1","4957699809_1.png",1,0.6292,75.4197581747041,5.49080288670811,9.49593068450927,"#CBB6A9"
"4957699809_1","4957699809_1.png",2,0.3708,22.2305521695794,14.8747833091909,11.9625902249881,"#4E2C24"
"4957762936_1","4957762936_1.png",1,0.7116,92.2978830276395,1.11282282123827,-5.38891221884005,"#E6E9F3"
"4957762936_1","4957762936_1.png",2,0.2884,80.7782776911726,1.79591256741376,-4.69252091249905,"#C8C8D1"
"4973813804_1","4973813804_1.png",1,0.4322,86.9774033397241,0.25099423218302,1.96709656151449,"#DCD9D6"
"4973813804_1","4973813804_1.png",2,0.5678,77.3929804780554,0.00320505284501872,0.304713673729511,"#BFBFBF"
"4973859492_1","4973859492_1.png",1,0.3328,61.4376031615547,1.03753779887314,3.64292095048849,"#99938E"
"4973859492_1","4973859492_1.png",2,0.6672,49.4340816590157,-2.63666958633672,6.19934365394822,"#75776B"
"4974031663_1","4974031663_1.png",1,0.579,73.2671449428107,0.452262905042726,0.820451318865633,"#B5B4B2"
"4974031663_1","4974031663_1.png",2,0.421,44.9777352081472,0.516265881620463,2.88676828437991,"#6D6A66"
"4974110145_1","4974110145_1.png",1,0.5402,82.6619119140588,-0.824226877900471,1.18295451476142,"#CDCECB"
"4974110145_1","4974110145_1.png",2,0.4598,65.4547274799334,-0.0796673760460149,2.32979637194618,"#A19F9B"
"4974173021_1","4974173021_1.png",1,0.6038,78.864735602062,0.775350511727488,5.55823151939755,"#C9C2B9"
"4974173021_1","4974173021_1.png",2,0.3962,54.2156372500799,1.41878466578214,4.51599030564515,"#87817A"
"4976411509_1","4976411509_1.png",1,0.59,78.9246780145684,3.65575945242972,0.889303455083407,"#CBC1C2"
"4976411509_1","4976411509_1.png",2,0.41,61.0714474350459,2.85769032657665,7.44543734388061,"#9E9186"
"4978215162_1","4978215162_1.png",1,0.7334,86.5635524559321,1.61170463847791,2.6799250139408,"#DED7D4"
"4978215162_1","4978215162_1.png",2,0.2666,52.1658208911743,1.94706435326153,4.50909573613261,"#837B75"
"4978335791_1","4978335791_1.png",1,0.6672,83.2770743917213,-0.518154345666713,0.0550508279664402,"#CED0CF"
"4978335791_1","4978335791_1.png",2,0.3328,58.3336262519209,1.08043381624434,1.79076145663767,"#908B89"
"4978335791_2","4978335791_2.png",1,0.6368,84.1703064792188,-0.274724571963302,0.763705433577847,"#D2D2D0"
"4978335791_2","4978335791_2.png",2,0.3632,62.2440980444145,0.760495955298234,3.12807135321981,"#9A9691"
"4978601493_1","4978601493_1.png",1,0.431,86.8874543136755,-0.305351368028043,0.929377145793762,"#DADAD8"
"4978601493_1","4978601493_1.png",2,0.569,65.907516751255,1.81220468676283,1.93842316432371,"#A59F9D"
"4982087764_1","4982087764_1.png",1,0.6376,76.5565631166496,1.869926163207,3.7925828307563,"#C3BBB6"
"4982087764_1","4982087764_1.png",2,0.3624,45.6106089227692,3.46235508729157,5.74105762304508,"#766A63"
"4985439634_1","4985439634_1.png",1,0.559,75.0818221728187,-0.0216253134313031,0.155583693358064,"#B9B9B9"
"4985439634_1","4985439634_1.png",2,0.441,55.7845228958647,0.752338425819175,-0.381341770970206,"#878586"
"4985973568_1","4985973568_1.png",1,0.3068,76.8369351454304,-0.116223517307992,2.16922182007745,"#BFBEBA"
"4985973568_1","4985973568_1.png",2,0.6932,55.1726889366651,-0.116561828065005,0.629577311079358,"#848483"
"4985979095_1","4985979095_1.png",1,0.3966,79.6297381249962,2.5208962639992,8.86694908456316,"#D1C3B5"
"4985979095_1","4985979095_1.png",2,0.6034,54.7996107369341,4.72605284868488,15.1792588585711,"#958069"
"4986118225_1","4986118225_1.png",1,0.5754,80.406729751841,4.94106152068934,6.68490044035286,"#D6C4BB"
"4986118225_1","4986118225_1.png",2,0.4246,48.4138206993468,5.9550809580873,1.116561031647,"#7E7071"
"4986120591_1","4986120591_1.png",1,0.5586,83.8873112832028,-0.202692468004632,-0.323404400915213,"#D0D1D2"
"4986120591_1","4986120591_1.png",2,0.4414,61.5382715335625,0.262696592942952,-3.1882331731942,"#92959A"
"4986191741_1","4986191741_1.png",1,0.244,61.9963259664128,39.0067893722775,16.6895404824577,"#DD797A"
"4986191741_1","4986191741_1.png",2,0.756,58.8187897557214,6.03584571306966,12.5386935130908,"#A08978"
"4986497087_1","4986497087_1.png",1,0.5846,79.7609470670428,-0.399923373844312,0.379576455583254,"#C5C6C5"
"4986497087_1","4986497087_1.png",2,0.4154,65.5472247491937,-0.457852989430699,1.6188242062312,"#A09F9C"
"4986537048_1","4986537048_1.png",1,0.4626,77.9308623787921,-0.560060949843359,-0.474934643420462,"#BFC1C1"
"4986537048_1","4986537048_1.png",2,0.5374,49.6389404476112,0.661507317767161,1.13729041928996,"#787674"
"4986544971_1","4986544971_1.png",1,0.5684,85.8468806487416,2.38411998946332,13.6326873563037,"#E6D4BD"
"4986544971_1","4986544971_1.png",2,0.4316,54.0887673942707,16.3688784547864,14.7439178575111,"#A57669"
"4986684575_1","4986684575_1.png",1,0.3938,72.2620795952123,-0.330386297500829,-1.73464276679628,"#AFB1B4"
"4986684575_1","4986684575_1.png",2,0.6062,45.6554616158049,1.19714197446976,-5.13227874428802,"#6A6C75"
"4995576946_1","4995576946_1.png",1,0.5168,86.8611666939257,0.531315781217545,-3.05390179524154,"#D8D9DF"
"4995576946_1","4995576946_1.png",2,0.4832,52.2518449386669,1.75974687281159,-2.86734933633279,"#7D7C82"
"4995593871_1","4995593871_1.png",1,0.6962,85.2607391222079,-0.0220263083125792,-0.670672094665966,"#D4D5D6"
"4995593871_1","4995593871_1.png",2,0.3038,54.934127834728,-1.26214361611228,2.49491554073551,"#83847F"
"4995593871_2","4995593871_2.png",1,0.665,77.6640003160186,-0.403557176591447,2.70999060547398,"#C1C0BB"
"4995593871_2","4995593871_2.png",2,0.335,47.0829526566282,-1.31348268846871,3.18593069467353,"#70706A"
"4995593871_3","4995593871_3.png",1,0.7142,87.4655283704408,0.0738624623531822,-0.0392650179284708,"#DBDBDB"
"4995593871_3","4995593871_3.png",2,0.2858,70.1235923379658,2.6805557189132,0.959211116586,"#B1AAAA"
"4995618738_1","4995618738_1.png",1,0.5066,80.5742396796948,-0.256287596208606,2.4192941331843,"#C9C8C3"
"4995618738_1","4995618738_1.png",2,0.4934,58.9162144278486,0.152907344839767,1.04309105921722,"#8F8E8C"
"4995676696_1","4995676696_1.png",1,0.449,88.7831066044922,-2.87631116331239,-2.32935884250348,"#D7E1E3"
"4995676696_1","4995676696_1.png",2,0.551,54.8906061298919,-1.59701165176473,1.40601443543249,"#828481"
"5005183157_1","5005183157_1.png",1,0.7206,87.9753088100161,-1.14254331507083,-7.04845886174879,"#D4DEEA"
"5005183157_1","5005183157_1.png",2,0.2794,60.9389672471267,4.46443354220523,-4.76929157437605,"#97919B"
"5006824207_1","5006824207_1.png",1,0.8196,91.7698917813613,-1.26528788763457,-0.554531407182629,"#E4E8E8"
"5006824207_1","5006824207_1.png",2,0.1804,59.8236984854691,0.70748449127242,4.87415087215702,"#958F88"
"5006824207_2","5006824207_2.png",1,0.7418,89.7134589175534,-0.544955127705608,-0.18856768622437,"#E0E2E2"
"5006824207_2","5006824207_2.png",2,0.2582,56.9304974784971,0.67625333982758,1.05918529074927,"#8B8887"
"5007751877_1","5007751877_1.png",1,0.4582,87.1194468378669,-0.232157231296478,-2.61105625127268,"#D7DBDF"
"5007751877_1","5007751877_1.png",2,0.5418,47.5265171158405,2.01922938527994,-5.64032095730085,"#70707A"
"5007751877_2","5007751877_2.png",1,0.481,87.0495785574658,-0.480855726525568,-1.88793147920891,"#D7DADE"
"5007751877_2","5007751877_2.png",2,0.519,47.1574672767283,1.84129212496534,-5.04566796957155,"#6F6F78"
"5007751877_3","5007751877_3.png",1,0.758,85.4895858446892,0.377753330408201,-4.10276930543054,"#D3D6DD"
"5007751877_3","5007751877_3.png",2,0.242,45.8617040520332,1.10132829113347,-3.82970204183497,"#6B6C73"
"5007751877_4","5007751877_4.png",1,0.5126,86.3231247032043,-0.270140405598726,-2.49517917883768,"#D5D8DD"
"5007751877_4","5007751877_4.png",2,0.4874,41.1361789362993,2.08665303698675,-4.53296638932212,"#616068"
"5007751877_5","5007751877_5.png",1,0.5488,88.0636407536717,-0.210156071955033,-3.42461348711813,"#D9DDE3"
"5007751877_5","5007751877_5.png",2,0.4512,48.4707695077541,1.63831691724664,-5.48388209723139,"#72737C"
"5007751877_6","5007751877_6.png",1,0.5606,86.3959145690792,0.260740623373626,-4.47568632318287,"#D5D8E1"
"5007751877_6","5007751877_6.png",2,0.4394,46.6471544103316,2.72687026023337,-8.3855919815753,"#6C6E7D"
"5007751877_7","5007751877_7.png",1,0.4566,87.3570150926978,-0.556450934146619,-2.78162285129794,"#D7DBE0"
"5007751877_7","5007751877_7.png",2,0.5434,46.0732144853732,2.05024948374963,-6.35600300580667,"#6C6C78"
"5007996731_1","5007996731_1.png",1,0.6044,84.9459225981628,-2.22450867360262,-0.0589494558723661,"#D0D5D4"
"5007996731_1","5007996731_1.png",2,0.3956,62.4237410209906,-1.13495164764617,6.20185409553331,"#9A978C"
"5007996731_2","5007996731_2.png",1,0.4864,74.451936757828,-2.99002154884546,-0.635258539994662,"#B1B9B8"
"5007996731_2","5007996731_2.png",2,0.5136,55.5610967581235,-3.67699915740262,5.60935228699329,"#83877B"
"5007996731_3","5007996731_3.png",1,0.4886,73.7490241381984,-2.63856567836524,0.122119988163165,"#B0B7B5"
"5007996731_3","5007996731_3.png",2,0.5114,44.4828059974016,-1.28768557887859,7.50017444624333,"#6C695D"
"5008258085_1","5008258085_1.png",1,0.5136,64.2144811576891,3.85138657862046,6.77581358054661,"#A89990"
"5008258085_1","5008258085_1.png",2,0.4864,45.5739990622103,3.87632957269639,4.96409706613979,"#766964"
"5016495283_1","5016495283_1.png",1,0.5594,77.6607049058335,0.688164966513626,-0.711644329244636,"#C1C0C1"
"5016495283_1","5016495283_1.png",2,0.4406,50.788154983229,1.97463590934548,-0.433813081486418,"#7C787A"
"5016495283_2","5016495283_2.png",1,0.4784,79.837789993626,0.458760980881752,-0.139898054487237,"#C7C6C6"
"5016495283_2","5016495283_2.png",2,0.5216,59.634610193375,1.69467559595843,-1.12175728005068,"#928F92"
"5016556400_1","5016556400_1.png",1,0.5508,85.5664947525388,1.08661548380433,-1.82850982703037,"#D6D5D9"
"5016556400_1","5016556400_1.png",2,0.4492,70.7590523578065,1.65595762775635,-2.87433226155056,"#AEACB2"
"5016929681_1","5016929681_1.png",1,0.746,87.7748571610113,0.882415310963495,0.398339487285397,"#DEDBDB"
"5016929681_1","5016929681_1.png",2,0.254,65.3251732228697,2.46433889120349,-0.788987880671346,"#A39DA0"
"5018281699_1","5018281699_1.png",1,0.5782,90.4617414916113,3.91021398851741,-4.14669270563016,"#E8E2EC"
"5018281699_1","5018281699_1.png",2,0.4218,66.0673561381308,5.99153525574884,-2.43924267554084,"#AA9DA5"
"5018281699_2","5018281699_2.png",1,0.6934,90.2020986143644,6.21416235146332,-4.3730342654926,"#EBDFEB"
"5018281699_2","5018281699_2.png",2,0.3066,66.1728456982366,7.58285370198931,0.0624379415904715,"#AF9CA1"
"5020081131_1","5020081131_1.png",1,0.5712,74.5974360424069,3.51540464695303,2.39507673071599,"#C0B5B3"
"5020081131_1","5020081131_1.png",2,0.4288,34.7785699330668,12.4974210739038,5.90355086607358,"#684A49"
"5021171679_1","5021171679_1.png",1,0.4708,68.2511552440165,4.92675510361257,5.14776802433692,"#B3A39D"
"5021171679_1","5021171679_1.png",2,0.5292,49.1611018725569,6.51657732916322,8.40625034444762,"#857167"
"5026258552_1","5026258552_1.png",1,0.5168,75.3521222650893,3.91374841136358,7.81028445536104,"#C7B7AB"
"5026258552_1","5026258552_1.png",2,0.4832,54.7365997912397,8.2997786984922,12.2171633679306,"#997D6E"
"5028539267_1","5028539267_1.png",1,0.6828,87.781296096596,0.606323385894152,-1.02928749868484,"#DCDCDE"
"5028539267_1","5028539267_1.png",2,0.3172,70.6374686696376,-1.00851403919102,8.16237635050765,"#B1AD9E"
"5061605535_1","5061605535_1.png",1,0.551,88.5832501634078,0.23485900220831,-0.35567225119191,"#DEDEDF"
"5061605535_1","5061605535_1.png",2,0.449,65.1123643395917,0.722369148028225,-2.75266449327867,"#9D9EA3"
"5061605535_2","5061605535_2.png",1,0.5686,87.0468423292374,0.202525687342608,-0.271492711999469,"#DADADB"
"5061605535_2","5061605535_2.png",2,0.4314,62.1112093281382,1.21391085870918,-2.92101899251657,"#96969B"
"5062523032_1","5062523032_1.png",1,0.4836,71.6046316417735,2.72235959745759,5.43724840980918,"#B9ADA6"
"5062523032_1","5062523032_1.png",2,0.5164,48.8817675477737,5.36848555262579,13.9597989479427,"#86705D"
"5062560123_1","5062560123_1.png",1,0.6522,83.223625024058,3.47249536490947,6.36804610813238,"#DBCDC4"
"5062560123_1","5062560123_1.png",2,0.3478,50.4435406566025,8.00483638953717,10.7676967789582,"#8C7366"
"5063948675_1","5063948675_1.png",1,0.6504,88.7403258244187,1.67006132175894,-4.60224953940054,"#DEDEE8"
"5063948675_1","5063948675_1.png",2,0.3496,62.9483381221138,2.53824424362207,-4.5559089884471,"#9997A0"
"5063954572_1","5063954572_1.png",1,0.6374,77.8900840372313,1.50150413428471,0.164771889844085,"#C4C0C0"
"5063954572_1","5063954572_1.png",2,0.3626,49.9643176293447,0.453709660588823,3.62354761795523,"#7A7671"
"5064005850_1","5064005850_1.png",1,0.3662,80.3399154269785,0.200442006776778,1.08846958242013,"#C9C7C5"
"5064005850_1","5064005850_1.png",2,0.6338,62.3199516032799,0.434141009529155,0.563113685759999,"#989696"
"5069833284_1","5069833284_1.png",1,0.592,79.9180578434648,-4.00510547514675,-7.69590709761578,"#B7C9D4"
"5069833284_1","5069833284_1.png",2,0.408,60.1565435604666,-3.62046518522827,-6.65106241704318,"#84939C"
"5069911288_1","5069911288_1.png",1,0.5146,81.2240483805847,-3.99368391676471,-2.89820722853294,"#BFCCCF"
"5069911288_1","5069911288_1.png",2,0.4854,56.9456983684063,-3.92644431878075,-2.14695519573742,"#7F8B8C"
"5087176113_1","5087176113_1.png",1,0.6606,80.8851701938516,0.693274138416335,1.56073934898771,"#CBC8C6"
"5087176113_1","5087176113_1.png",2,0.3394,48.5702470302663,0.0613542151850102,3.01950639223956,"#76736E"
"5087382775_1","5087382775_1.png",1,0.447,78.1126599654794,3.1432831529673,4.38828984739537,"#CBBFB9"
"5087382775_1","5087382775_1.png",2,0.553,55.3953917556839,3.44577709633642,6.5483417645976,"#8F827A"
"5087402357_1","5087402357_1.png",1,0.4728,77.1871097193154,1.0113737796693,4.80966575504542,"#C4BEB6"
"5087402357_1","5087402357_1.png",2,0.5272,49.7676301632679,1.92153975732942,1.5504340016212,"#7B7574"
"5087482017_1","5087482017_1.png",1,0.6416,82.6997651381962,-0.19985569868006,-2.24878114816439,"#CBCED2"
"5087482017_1","5087482017_1.png",2,0.3584,51.5852331793873,-0.23386336485158,1.87735669093264,"#7C7B78"
"5087526257_1","5087526257_1.png",1,0.5406,85.4202911065643,-0.251257443325655,0.408990831324188,"#D5D6D5"
"5087526257_1","5087526257_1.png",2,0.4594,31.2016709774603,1.74510600031713,2.53553516165021,"#4E4846"
"5087733816_1","5087733816_1.png",1,0.6218,90.5863193142655,2.47121915356895,4.08922745138371,"#ECE2DC"
"5087733816_1","5087733816_1.png",2,0.3782,70.7859379133003,7.3995867940419,11.6995426577115,"#C3A898"
"5087919917_1","5087919917_1.png",1,0.83,83.9996081607323,1.05250917379836,1.29957854393651,"#D5D1CF"
"5087919917_1","5087919917_1.png",2,0.17,50.9623519876247,4.80038337778188,9.50886488629198,"#887669"
"5087977940_1","5087977940_1.png",1,0.4872,91.0709813366745,0.840961227815504,5.3433199363585,"#ECE4DB"
"5087977940_1","5087977940_1.png",2,0.5128,66.3998173060924,0.249808132698778,8.77214780938245,"#A8A192"
"5087977940_2","5087977940_2.png",1,0.3072,71.1696957057112,4.11388798284964,6.02802025056886,"#BAABA3"
"5087977940_2","5087977940_2.png",2,0.6928,41.4469492466756,0.281363086434715,3.38132931270994,"#65615C"
"5104567049_1","5104567049_1.png",1,0.5412,86.2109717488932,-0.318555227616827,0.12611654082595,"#D7D8D7"
"5104567049_1","5104567049_1.png",2,0.4588,60.9976969132337,0.998769467934522,0.336614867222135,"#959393"
"5104567049_2","5104567049_2.png",1,0.6194,85.8717664492379,-0.0276278739878506,0.397185694706033,"#D7D7D6"
"5104567049_2","5104567049_2.png",2,0.3806,62.1765390021288,0.966074615517389,0.590459466437101,"#999695"
"5104567049_3","5104567049_3.png",1,0.5518,87.1427023700018,-0.086499307002431,0.527964194534432,"#DBDAD9"
"5104567049_3","5104567049_3.png",2,0.4482,62.9511597699938,1.37824794457446,1.33246235346115,"#9C9796"
"5108046115_1","5108046115_1.png",1,0.604742268041237,91.5437181461331,3.70742171355389,2.91788827329868,"#F1E4E1"
"5108046115_1","5108046115_1.png",2,0.395257731958763,66.547718689472,6.73044089546041,11.940075798806,"#B69D8D"
"5108069107_1","5108069107_1.png",1,0.4256,79.2918791811508,2.58843075984847,5.50202716651017,"#CEC2BA"
"5108069107_1","5108069107_1.png",2,0.5744,64.5031450069515,2.21891453401038,2.78887124479069,"#A39B98"
"5108079157_1","5108079157_1.png",1,0.587,84.0668178024596,4.24165575013045,11.7885076616555,"#E3CEBC"
"5108079157_1","5108079157_1.png",2,0.413,62.6516513046541,5.72130391533499,15.2369757622211,"#AC937D"
"5133353011_1","5133353011_1.png",1,0.6696,83.2564136489187,0.450089756611736,-3.4734783395096,"#CDCFD6"
"5133353011_1","5133353011_1.png",2,0.3304,43.7735556400811,3.38576328288864,0.38527403743901,"#6D6667"
"5133420425_1","5133420425_1.png",1,0.6268,84.2800184908641,-0.0560826732583456,0.983278278782353,"#D3D2D0"
"5133420425_1","5133420425_1.png",2,0.3732,57.7451480455575,1.35562157751678,2.91354397655818,"#8F8A86"
"5133463005_1","5133463005_1.png",1,0.8438,83.2878005637226,2.63092410058059,0.759672542665176,"#D5CECE"
"5133463005_1","5133463005_1.png",2,0.1562,39.3429180497799,5.74610291571558,12.247795911251,"#6D5949"
"5133668516_1","5133668516_1.png",1,0.752,88.1232709512379,-0.737256163459073,-2.0802311896375,"#DADEE1"
"5133668516_1","5133668516_1.png",2,0.248,61.4943725907931,0.998314612784389,-0.248587713801855,"#969495"
"5133865056_1","5133865056_1.png",1,0.6366,82.801110590213,4.19874513325797,-4.30054101747427,"#D3CCD6"
"5133865056_1","5133865056_1.png",2,0.3634,50.6262317029407,4.64485731173187,2.5878013353466,"#827674"
"5133865056_2","5133865056_2.png",1,0.6926,83.3872070351212,3.99922065262189,-4.18089538313383,"#D4CED8"
"5133865056_2","5133865056_2.png",2,0.3074,53.8597552206087,5.09071400231386,3.64586920173227,"#8C7E7B"
"5134013769_1","5134013769_1.png",1,0.558,87.0827239934963,0.344037023043567,-0.0860469200971783,"#DBDADA"
"5134013769_1","5134013769_1.png",2,0.442,53.4363261520853,2.14257299679875,4.2156392702345,"#877E79"
"5134013769_2","5134013769_2.png",1,0.5462,87.0791746565022,0.996841563679921,-1.40086126257742,"#DBDADD"
"5134013769_2","5134013769_2.png",2,0.4538,52.8203661827578,2.78201245988204,2.934820388776,"#857C79"
"5134027681_1","5134027681_1.png",1,0.514,88.4459976194649,1.55883393897942,-1.45740679546008,"#E0DDE1"
"5134027681_1","5134027681_1.png",2,0.486,56.9176797825859,3.15160893543615,1.31495334828643,"#8F8786"
"5134146908_1","5134146908_1.png",1,0.5364,72.7564915797253,1.18812974373844,5.31191827771391,"#B9B1A9"
"5134146908_1","5134146908_1.png",2,0.4636,51.023183945534,1.00494574180807,11.9350173121193,"#837865"
"5134146908_2","5134146908_2.png",1,0.655,79.8194175298301,2.24160283848647,4.31336512255064,"#CEC4BE"
"5134146908_2","5134146908_2.png",2,0.345,59.6777891395676,1.44214338386333,8.11604842912494,"#988E82"
"5134317478_1","5134317478_1.png",1,0.5246,86.3633487535047,-2.13863426296141,2.18479349148527,"#D6D9D4"
"5134317478_1","5134317478_1.png",2,0.4754,51.9067470117325,2.02743920267567,-2.54628753743212,"#7D7B80"
"5134327075_1","5134327075_1.png",1,0.6638,79.5012135060922,2.23400637937915,6.24553670689545,"#CEC3BA"
"5134327075_1","5134327075_1.png",2,0.3362,52.1719593574614,5.18998419689974,14.1863494215811,"#8E7964"
"5134327075_2","5134327075_2.png",1,0.611,80.4975880489782,2.90438407684696,6.49163151196049,"#D2C5BC"
"5134327075_2","5134327075_2.png",2,0.389,53.5399772187319,5.97191469753222,17.1495312003566,"#957B63"
"5134435921_1","5134435921_1.png",1,0.5444,64.0991068180538,0.855171390338478,1.37646198328382,"#9E9B99"
"5134435921_1","5134435921_1.png",2,0.4556,45.3397258529766,1.65591305844642,2.63054889266035,"#706A67"
"5134513450_1","5134513450_1.png",1,0.5984,87.0286409004605,-0.594648808736155,-1.58428966875193,"#D7DADD"
"5134513450_1","5134513450_1.png",2,0.4016,47.0969269101247,-0.00687717743040711,0.203389665883605,"#70706F"
"5134519241_1","5134519241_1.png",1,0.3962,75.4434396548434,2.42212208368472,3.50877064283752,"#C1B8B3"
"5134519241_1","5134519241_1.png",2,0.6038,40.3119580631128,2.60934611187001,3.77287722045432,"#665D59"
"5134519241_2","5134519241_2.png",1,0.4418,62.0675415054064,2.04956929540046,-4.17352997612334,"#96959D"
"5134519241_2","5134519241_2.png",2,0.5582,42.9630325792198,1.30251041610835,-3.76556378964708,"#65656C"
"5134519241_3","5134519241_3.png",1,0.4882,59.2574563116056,1.80149793539569,-1.57715309701443,"#918E91"
"5134519241_3","5134519241_3.png",2,0.5118,38.5336399925193,1.55895875580206,-1.7779554802698,"#5C5A5E"
"5134519241_4","5134519241_4.png",1,0.4672,73.8355398066697,1.95696112677601,3.11972468740461,"#BCB4B0"
"5134519241_4","5134519241_4.png",2,0.5328,46.5536390300717,2.74680522103822,2.41649329779935,"#756D6A"
"5134519241_5","5134519241_5.png",1,0.4198,61.8999065737962,1.58024052391758,-3.24860880912627,"#96959B"
"5134519241_5","5134519241_5.png",2,0.5802,42.8213999192282,0.941614749712791,-3.10892232765228,"#64656A"
"5134629967_1","5134629967_1.png",1,0.7324,89.5467896118204,1.84606412926136,0.764498706806502,"#E5E0E0"
"5134629967_1","5134629967_1.png",2,0.2676,63.232411551969,1.97013628968261,-0.339465182797961,"#9C989A"
"5134629968_1","5134629968_1.png",1,0.6354,83.5071780299659,0.259964597062722,-0.201772047470502,"#D0D0D0"
"5134629968_1","5134629968_1.png",2,0.3646,54.8003554294277,0.872335039697419,-1.22097847016756,"#848385"
"5134664123_1","5134664123_1.png",1,0.7926,85.1420778054071,1.58612982022977,1.80415929409994,"#D9D4D1"
"5134664123_1","5134664123_1.png",2,0.2074,60.0191594951851,4.16334863322479,6.10648812608878,"#9C8E86"
"5134664123_2","5134664123_2.png",1,0.7976,84.0752069433505,1.79001321055084,2.12746513530991,"#D7D0CE"
"5134664123_2","5134664123_2.png",2,0.2024,58.8526113696202,4.25872939148328,6.26052135730655,"#9A8B83"
"5134664123_3","5134664123_3.png",1,0.8726,81.9090138517922,1.75721898372825,2.40387954705717,"#D1CAC7"
"5134664123_3","5134664123_3.png",2,0.1274,50.6468705035413,5.31076669092683,7.6027048619196,"#87756C"
"5134697908_1","5134697908_1.png",1,0.426,82.3669761036731,1.00895690603508,-3.10910186946678,"#CCCDD3"
"5134697908_1","5134697908_1.png",2,0.574,65.2490886587071,2.43293482834406,-3.02008757255809,"#A09DA4"
"5134785590_1","5134785590_1.png",1,0.5352,80.3918112665545,0.96328158137695,1.51047637339433,"#CBC7C5"
"5134785590_1","5134785590_1.png",2,0.4648,50.9921037861103,0.477469327165811,0.593237982699644,"#7B7978"
"5134856882_1","5134856882_1.png",1,0.9032,88.5862876301317,1.24024094752881,2.21002705996036,"#E3DDDA"
"5134856882_1","5134856882_1.png",2,0.0968,66.4128914401442,2.76560551477329,4.23682608818341,"#AAA09A"
"5138886098_1","5138886098_1.png",1,0.673,86.603138414374,1.99405050658794,-1.10068805991029,"#DCD8DB"
"5138886098_1","5138886098_1.png",2,0.327,60.9833706670169,2.49442107270776,0.655298906580808,"#989292"
"5138886098_2","5138886098_2.png",1,0.6642,85.1699572526577,0.834282180315572,-0.821363275648649,"#D6D4D6"
"5138886098_2","5138886098_2.png",2,0.3358,53.8272206392519,1.04325336420407,1.71656824536634,"#84807E"
"5138886098_3","5138886098_3.png",1,0.4576,87.0752009587432,1.83149490397503,-1.94999867491041,"#DCD9DE"
"5138886098_3","5138886098_3.png",2,0.5424,64.2954281305465,3.147348030367,-1.7732133033359,"#A09A9F"
"5140039734_1","5140039734_1.png",1,0.4244,86.1764253729863,0.351167126273836,4.49120793580327,"#DCD7CF"
"5140039734_1","5140039734_1.png",2,0.5756,52.0982882771067,1.84954343841548,2.50727143374598,"#817B78"
"5140072876_1","5140072876_1.png",1,0.638,82.3395646219132,0.148456474254728,2.35964109818834,"#CFCDC8"
"5140072876_1","5140072876_1.png",2,0.362,52.9001467669894,1.26435675755354,3.32859133795234,"#837D79"
"5140096129_1","5140096129_1.png",1,0.7306,89.8019390261517,-0.304655615917744,12.1470240607615,"#EBE1CB"
"5140096129_1","5140096129_1.png",2,0.2694,68.6055502841385,2.98746189859932,21.7744654624697,"#BBA480"
"5140117341_1","5140117341_1.png",1,0.6778,93.8031017612557,4.79303236572343,-6.73047582737048,"#F1EBFA"
"5140117341_1","5140117341_1.png",2,0.3222,73.2254162569176,5.40034741565401,-8.11394421485788,"#B7B1C3"
"5140118216_1","5140118216_1.png",1,0.6624,83.8012723575118,0.405071767753005,0.221879720958667,"#D2D1D0"
"5140118216_1","5140118216_1.png",2,0.3376,58.0823457602406,1.47882359099665,-0.819937874651389,"#8E8B8D"
"5140123397_1","5140123397_1.png",1,0.6276,82.1673992640488,0.405851418661068,12.1908683906147,"#D7CBB6"
"5140123397_1","5140123397_1.png",2,0.3724,56.7574859111177,2.24247553851205,10.2623233439854,"#938677"
"5140141631_1","5140141631_1.png",1,0.743,82.3265901741321,-0.0576638032715075,-0.576392665342813,"#CCCDCE"
"5140141631_1","5140141631_1.png",2,0.257,62.4305336545306,1.13659984462347,2.52824005324595,"#9B9693"
"5140150255_1","5140150255_1.png",1,0.6112,80.5453150213891,-0.221240471834933,3.47426454832926,"#CAC8C1"
"5140150255_1","5140150255_1.png",2,0.3888,60.6091432473712,0.245941005987655,6.68318745135766,"#989286"
"5140150255_2","5140150255_2.png",1,0.5254,85.2723327269048,-0.213319655215401,1.46162112653118,"#D6D5D2"
"5140150255_2","5140150255_2.png",2,0.4746,64.7512005498043,-1.39578658382186,10.6205667341801,"#A29D8A"
"5140187662_1","5140187662_1.png",1,0.5872,90.896637287512,-0.487245193114574,2.55347931176281,"#E6E5E0"
"5140187662_1","5140187662_1.png",2,0.4128,64.8464608226537,1.57551612061955,5.02329898314905,"#A49C94"
"5140206286_1","5140206286_1.png",1,0.593,68.5010343517364,3.3812896022208,7.42009735548499,"#B3A59A"
"5140206286_1","5140206286_1.png",2,0.407,46.7133181957404,2.43034870606367,12.8443044881505,"#7B6D59"
"5140206286_2","5140206286_2.png",1,0.7216,66.9865284085433,3.18114722053632,4.04591662764328,"#ACA19C"
"5140206286_2","5140206286_2.png",2,0.2784,34.7504969361131,4.2819254361246,10.6068455413811,"#5F4F41"
"5140206286_3","5140206286_3.png",1,0.558,77.2827786659145,0.915373709098088,3.75391844256484,"#C4BEB8"
"5140206286_3","5140206286_3.png",2,0.442,48.7813416039708,1.4462671430839,5.70494683886256,"#7A736A"
"5140251383_1","5140251383_1.png",1,0.6118,81.5619819613664,1.61010515469841,3.3152212229667,"#D1C9C5"
"5140251383_1","5140251383_1.png",2,0.3882,45.185486173338,5.37730364116658,8.62685925979897,"#79675D"
"5140251383_2","5140251383_2.png",1,0.5158,75.8171307914981,1.0798935810858,3.72506608251486,"#C0BAB4"
"5140251383_2","5140251383_2.png",2,0.4842,44.2415905361039,3.45469798071917,10.2553210139607,"#756658"
"5140251383_3","5140251383_3.png",1,0.4572,82.4594496649109,0.200001931255961,3.01023365020435,"#D0CDC8"
"5140251383_3","5140251383_3.png",2,0.5428,52.6762616465118,1.56617472328253,8.71578873485589,"#877C6F"
"5140251383_4","5140251383_4.png",1,0.5864,75.0525524266026,2.43182084961891,7.96407827004849,"#C3B7AA"
"5140251383_4","5140251383_4.png",2,0.4136,52.5673301570293,4.31180234347572,12.2151428521417,"#8D7A69"
"5140331255_1","5140331255_1.png",1,0.5538,76.4456611204699,0.922535329493911,3.74846088835247,"#C1BCB6"
"5140331255_1","5140331255_1.png",2,0.4462,43.7665380898482,2.79940224138333,8.25485261791989,"#72655A"
"5140743561_1","5140743561_1.png",1,0.7314,66.4549904386521,3.19515568373833,4.28768751525023,"#AB9F9A"
"5140743561_1","5140743561_1.png",2,0.2686,33.7965977876063,4.22438297513325,10.4261215208434,"#5C4D3F"
"5140841355_1","5140841355_1.png",1,0.4936,84.8946520615561,-0.0657137458877126,-0.423204203456617,"#D3D4D5"
"5140841355_1","5140841355_1.png",2,0.5064,63.6821296840265,0.711245521688015,-3.24293547518101,"#999AA0"
"5140880337_1","5140880337_1.png",1,0.6782,78.7376220406676,1.44744379323206,3.33065811147704,"#C8C2BD"
"5140880337_1","5140880337_1.png",2,0.3218,20.7519651145813,10.2520454855493,-9.76179847603431,"#3A2D40"
"5140880337_2","5140880337_2.png",1,0.6968,78.0263995710725,1.52391599691008,3.42612646628007,"#C7C0BB"
"5140880337_2","5140880337_2.png",2,0.3032,19.2259479366095,10.307957013973,-8.21840456707521,"#382A3B"
"5140980228_1","5140980228_1.png",1,0.763,91.3525560062634,-0.760954819070429,-1.22417462234443,"#E4E7E8"
"5140980228_1","5140980228_1.png",2,0.237,74.6023720221694,-0.321398431666357,1.43738684931925,"#B8B8B5"
"5141002117_1","5141002117_1.png",1,0.8784,84.5309493525652,2.01696814422659,6.07167281410704,"#DCD1C8"
"5141002117_1","5141002117_1.png",2,0.1216,57.4421993835713,2.86007833002069,8.39739430990996,"#95887B"
"5141446988_1","5141446988_1.png",1,0.491961414790997,89.1345791583755,1.70950383726446,-7.54344535143787,"#DCDFEE"
"5141446988_1","5141446988_1.png",2,0.508038585209003,80.6080663358741,0.801962042292752,-5.52744687231355,"#C5C8D2"
"5141446988_2","5141446988_2.png",1,0.4564,77.236146934499,-0.551030622679271,-8.80622014982114,"#B5C0CF"
"5141446988_2","5141446988_2.png",2,0.5436,60.6474937150756,-2.78206820219203,-8.05833082638751,"#8594A0"
"5141446988_3","5141446988_3.png",1,0.3566,80.7030342613063,-0.692310320953574,-3.61096178513221,"#C4C9CF"
"5141446988_3","5141446988_3.png",2,0.6434,49.0427109486123,-0.700521665051214,-5.62878265024062,"#6E757E"
"5141495216_1","5141495216_1.png",1,0.7178,74.9914319452741,3.19033363079538,4.8148450499224,"#C2B6B0"
"5141495216_1","5141495216_1.png",2,0.2822,41.8460381825067,4.24104890381848,8.91797485549986,"#6F6054"
"5153318845_1","5153318845_1.png",1,0.592762153913233,57.4645795710525,-0.57155721300687,0.37358374982607,"#898A89"
"5153318845_1","5153318845_1.png",2,0.407237846086767,31.1779751174299,1.75948738899678,4.46483889547236,"#4F4842"
"5153318845_2","5153318845_2.png",1,0.6428,61.9022220696539,-0.980921313223225,-0.311623424748528,"#939696"
"5153318845_2","5153318845_2.png",2,0.3572,29.3874320466133,-0.131453301969301,4.22849046356856,"#48453F"
"5153318845_3","5153318845_3.png",1,0.6194,61.9731099286619,-1.74587140112866,-2.21918708191785,"#91979A"
"5153318845_3","5153318845_3.png",2,0.3806,31.0491164225888,0.793291313731494,3.09723804445544,"#4C4844"
"5153396830_1","5153396830_1.png",1,0.4674,70.1059937075193,0.182516727650916,0.855603717810973,"#ACABAA"
"5153396830_1","5153396830_1.png",2,0.5326,32.2449466493646,1.75080953905026,-1.56396387111745,"#4E4B4E"
"5153396830_2","5153396830_2.png",1,0.5352,74.6595101966503,0.102999802105792,0.693354663310411,"#B8B8B6"
"5153396830_2","5153396830_2.png",2,0.4648,39.1935717216464,3.40021173029702,1.19554238782236,"#635A5A"
"5153462498_1","5153462498_1.png",1,0.7816,85.1009740717957,0.868790220520657,0.277415406629602,"#D6D4D4"
"5153462498_1","5153462498_1.png",2,0.2184,64.1646507373395,1.71584950847483,1.98673811598665,"#A09A98"
"5153462498_2","5153462498_2.png",1,0.6716,77.828528404895,0.360696817745614,1.44270453899494,"#C2C0BE"
"5153462498_2","5153462498_2.png",2,0.3284,57.3810853538679,1.25272533389246,3.74739691323468,"#8F8983"
"5153462498_3","5153462498_3.png",1,0.6682,74.836364481175,0.355334193759912,1.76967264454515,"#BAB8B5"
"5153462498_3","5153462498_3.png",2,0.3318,51.9803541151367,1.60186239505662,5.01222483782029,"#827B73"
"5153975027_1","5153975027_1.png",1,0.5904,93.6935495204891,-2.12213067782519,0.713503488152762,"#E9EEEB"
"5153975027_1","5153975027_1.png",2,0.4096,76.8446081695949,-1.19028878519674,3.86355294020397,"#BFBEB7"
"5154000080_1","5154000080_1.png",1,0.5964,79.8133327519145,3.09636645854858,-4.59185175765211,"#C8C4CE"
"5154000080_1","5154000080_1.png",2,0.4036,43.0642452216167,5.33200695641541,-6.83879130938753,"#696371"
"5154000080_2","5154000080_2.png",1,0.442,86.9385161751612,0.325300505894057,-0.631126229007523,"#DADADB"
"5154000080_2","5154000080_2.png",2,0.558,52.780743556797,1.6145911659628,5.72306338935506,"#857D74"
"5154000080_3","5154000080_3.png",1,0.4826,71.1613052582211,1.66809969432921,-0.585723442396003,"#B1ADAF"
"5154000080_3","5154000080_3.png",2,0.5174,46.5490810310858,1.19762943984112,2.07193146164539,"#726E6B"
"5154004963_1","5154004963_1.png",1,0.756,83.9739114978392,0.694892815830814,4.79672830184403,"#D7D1C8"
"5154004963_1","5154004963_1.png",2,0.244,52.4184012615869,2.77984895276874,8.33064128051494,"#887B6F"
"5154004963_2","5154004963_2.png",1,0.5872,79.3010059810953,0.817341781083231,2.5974586904751,"#C8C4C0"
"5154004963_2","5154004963_2.png",2,0.4128,52.0788443233318,1.85560647171005,6.95002388540565,"#847B70"
"5154004963_3","5154004963_3.png",1,0.5648,85.1716508042649,0.602477655137204,3.54551970664486,"#D9D4CE"
"5154004963_3","5154004963_3.png",2,0.4352,58.6548807091067,2.18051102334886,2.58125522300889,"#938C89"
"5154311011_1","5154311011_1.png",1,0.293,84.6217765923826,-0.379253792342235,-2.38787470984739,"#D0D4D8"
"5154311011_1","5154311011_1.png",2,0.707,51.4835419946288,-2.09980898087355,-3.4611354411683,"#747C80"
"5154564024_1","5154564024_1.png",1,0.4626,81.5213845530926,2.83866803024977,-4.23799882229954,"#CCC9D2"
"5154564024_1","5154564024_1.png",2,0.5374,38.2284636512197,3.56717477326522,4.04246032117725,"#635854"
"5154564024_2","5154564024_2.png",1,0.6616,86.8343849342262,2.97376802289579,-5.1183084743722,"#DBD8E3"
"5154564024_2","5154564024_2.png",2,0.3384,44.966091047852,6.85550147661295,-0.858538196347635,"#75676C"
"5154564024_3","5154564024_3.png",1,0.5084,81.0114190901895,3.14260336209358,-4.52855461897169,"#CBC8D2"
"5154564024_3","5154564024_3.png",2,0.4916,35.14594939073,4.66840220330776,1.79941966354131,"#5B5050"
"5154564024_4","5154564024_4.png",1,0.634,86.7125971342554,2.38805462585073,-4.27938350236255,"#DAD8E1"
"5154564024_4","5154564024_4.png",2,0.366,48.3760859062434,6.59481539635614,0.108809718669314,"#7E6F73"
"5154576531_1","5154576531_1.png",1,0.5314,75.7465026401463,0.377149652963564,2.64684107953624,"#BEBAB6"
"5154576531_1","5154576531_1.png",2,0.4686,39.4407301248137,1.69659306820261,7.80787859248948,"#655C50"
"5154636063_1","5154636063_1.png",1,0.6014,78.2542534601063,-1.37610023988294,1.37207267547838,"#C0C2BF"
"5154636063_1","5154636063_1.png",2,0.3986,52.2120322683606,-2.02116661520754,5.38966731034262,"#7D7D73"
"5154657403_1","5154657403_1.png",1,0.6466,81.6109063349078,-0.346990191807684,0.799568103890411,"#CBCBC9"
"5154657403_1","5154657403_1.png",2,0.3534,51.2928753889924,0.0477457145090243,0.716699484831617,"#7B7A79"
"5154835930_1","5154835930_1.png",1,0.4442,91.8173383574094,-1.87651288799173,-3.83404220306864,"#E0E9EF"
"5154835930_1","5154835930_1.png",2,0.5558,66.6156557174761,0.875882275162215,-2.12725262531332,"#A2A2A6"
"5154835930_2","5154835930_2.png",1,0.4484,91.8209524863746,-1.88786179530139,-4.24790804961933,"#E0E9F0"
"5154835930_2","5154835930_2.png",2,0.5516,66.1022326309174,0.981782379905799,-2.92431794549951,"#A0A0A6"
"5154936450_1","5154936450_1.png",1,0.7442,89.7270381808036,-3.4792958345721,-5.55967902587342,"#D5E4EC"
"5154936450_1","5154936450_1.png",2,0.2558,66.6057119722797,-1.53718842825635,-1.82626604173605,"#9DA3A5"
"5154936450_2","5154936450_2.png",1,0.8584,79.3410143859547,-1.68574353988906,0.530077967974071,"#C2C5C3"
"5154936450_2","5154936450_2.png",2,0.1416,61.4804213954185,-0.330533588639519,3.04121328577418,"#96948F"
"5154936450_3","5154936450_3.png",1,0.6516,83.8525503264499,-2.02612112761893,-5.31606374695076,"#C8D3DB"
"5154936450_3","5154936450_3.png",2,0.3484,59.3786358796134,-0.682744360104286,1.38116834529389,"#8F8F8D"
"5157849436_1","5157849436_1.png",1,0.508110936682365,50.0663407863755,1.2465982223258,-0.241216802378255,"#797678"
"5157849436_1","5157849436_1.png",2,0.491889063317635,33.869311631228,0.559206370588644,0.63467719296434,"#514F4F"
"5157895428_1","5157895428_1.png",1,0.5964,73.5712687634985,3.12766316017147,6.26965788834319,"#BFB2A9"
"5157895428_1","5157895428_1.png",2,0.4036,58.2053455714756,4.87577700443441,4.32138077937632,"#988985"
"5157895428_2","5157895428_2.png",1,0.6216,70.0397319751361,2.71528474001325,4.45446147771047,"#B4A9A3"
"5157895428_2","5157895428_2.png",2,0.3784,46.3170567501041,5.80972365195118,5.0420513925771,"#7B6A66"
"5157895428_3","5157895428_3.png",1,0.5856,75.5066678143448,2.67599330148833,5.35522478427929,"#C3B8B0"
"5157895428_3","5157895428_3.png",2,0.4144,48.2523648672375,6.67467264035888,5.14834874803392,"#816E6A"
"5157895428_4","5157895428_4.png",1,0.7022,74.9164417810669,2.40009779543175,3.99120308176554,"#C0B7B1"
"5157895428_4","5157895428_4.png",2,0.2978,50.2989327927484,6.17892647783116,4.47369421989748,"#857470"
"5157945567_1","5157945567_1.png",1,0.4732,77.8893557226988,0.236332723416902,6.53493040538223,"#C6C0B5"
"5157945567_1","5157945567_1.png",2,0.5268,42.706307929686,3.07041389908782,14.8422990838704,"#73624D"
"5158011451_1","5158011451_1.png",1,0.5244,80.0033450781196,-0.306168949021323,-1.32710004978642,"#C5C7C9"
"5158011451_1","5158011451_1.png",2,0.4756,50.5617849511995,1.70326587153902,-2.44720238680039,"#79787D"
"5158011451_2","5158011451_2.png",1,0.493,79.634955690343,-0.171381080410451,-1.32565436256174,"#C4C6C8"
"5158011451_2","5158011451_2.png",2,0.507,57.9817763136434,1.9665294104398,-3.30758593041548,"#8C8A91"
"5158015184_1","5158015184_1.png",1,0.6346,87.253145901038,-1.28410592787676,2.38183229812984,"#DADBD6"
"5158015184_1","5158015184_1.png",2,0.3654,61.1810653580342,0.26297408279307,6.88087864622989,"#999388"
"5158047905_1","5158047905_1.png",1,0.778,92.8872604393898,2.24507734925773,1.26220257867877,"#F0E9E8"
"5158047905_1","5158047905_1.png",2,0.222,78.8756578270038,-2.07960886857009,14.8460030125326,"#CBC3A8"
"5158059433_1","5158059433_1.png",1,0.5176,74.4757013558456,0.19512144364959,-0.0109481483909694,"#B8B7B7"
"5158059433_1","5158059433_1.png",2,0.4824,49.7158370462943,3.67505419042998,-1.68740006126406,"#7B7479"
"5158191376_1","5158191376_1.png",1,0.5736,78.1998495334622,1.28451183195154,1.52250363599639,"#C5C0BF"
"5158191376_1","5158191376_1.png",2,0.4264,46.0035718602799,5.2657369231268,2.23279087212179,"#776A69"
"5158214444_1","5158214444_1.png",1,0.5864,80.4781944928166,-0.394889205025389,-5.69641670807069,"#C2C8D2"
"5158214444_1","5158214444_1.png",2,0.4136,53.0830130768061,-0.502536159439041,-5.97534008891013,"#797F89"
"5158299080_1","5158299080_1.png",1,0.6342,85.1212157070446,-2.31703039743093,5.79901239087171,"#D5D6CA"
"5158299080_1","5158299080_1.png",2,0.3658,68.2792854792772,-4.68413234517575,9.31972527804344,"#A5A896"
"5158378575_1","5158378575_1.png",1,0.6642,79.9889147866755,-1.75127975708635,-7.42362962485141,"#BCC8D4"
"5158378575_1","5158378575_1.png",2,0.3358,64.995791485784,0.479411883323651,-4.33627792523164,"#9B9EA5"
"5158390450_1","5158390450_1.png",1,0.6302,82.2920128232007,3.48747242365872,-3.83635981632296,"#D0CBD4"
"5158390450_1","5158390450_1.png",2,0.3698,42.5593219036036,11.6342373279986,-4.11400869835862,"#755E6C"
"5158418397_1","5158418397_1.png",1,0.3184,80.0143655425643,-0.0132981502955006,0.118683604622786,"#C6C6C6"
"5158418397_1","5158418397_1.png",2,0.6816,48.7333784371073,-0.749150192557994,-0.215765235323294,"#727474"
"5158456417_1","5158456417_1.png",1,0.5282,85.3563929474926,0.553256102674619,2.43654010819229,"#D8D5D1"
"5158456417_1","5158456417_1.png",2,0.4718,53.4557500847299,1.50983393067276,3.7918308347562,"#857F79"
"5158478448_1","5158478448_1.png",1,0.656,71.1790491007542,0.234342417765131,1.02090954958493,"#B0AEAC"
"5158478448_1","5158478448_1.png",2,0.344,38.4344622229484,2.14668572795576,2.98002179776024,"#605956"
"5158478448_2","5158478448_2.png",1,0.7336,67.9278125790307,0.332620529005199,1.21662864939261,"#A7A5A3"
"5158478448_2","5158478448_2.png",2,0.2664,28.3420861670443,3.0100118926516,3.48878132006703,"#4A413E"
"5158478448_3","5158478448_3.png",1,0.7358,84.0337841107834,0.0981340611962421,-1.1056108808983,"#D1D2D4"
"5158478448_3","5158478448_3.png",2,0.2642,54.2304324928207,0.703381803981426,-1.26622242544227,"#828184"
"5158503080_1","5158503080_1.png",1,0.5814,76.9835771912687,1.60276262223513,2.25109377821122,"#C3BDBA"
"5158503080_1","5158503080_1.png",2,0.4186,34.4487464312922,5.28336529562019,-1.34634093059303,"#594E53"
"5158617463_1","5158617463_1.png",1,0.6598,78.250858944206,2.19646085496606,2.54028685458886,"#C8C0BD"
"5158617463_1","5158617463_1.png",2,0.3402,60.0046060257512,3.85151841650689,3.67248607626749,"#9A8E8A"
"5158625119_1","5158625119_1.png",1,0.8648,72.6384106378803,-7.65065362409515,24.0990679001135,"#B5B586"
"5158625119_1","5158625119_1.png",2,0.1352,28.6036835187764,-2.70221174817843,18.6175468736335,"#494426"
"5158675445_1","5158675445_1.png",1,0.1158,81.0477352146156,0.595842322753938,1.36411516704613,"#CCC9C7"
"5158675445_1","5158675445_1.png",2,0.8842,57.4002635169829,-0.557012716732978,-3.16263373182892,"#868A8F"
"5158700406_1","5158700406_1.png",1,0.548,90.8890843089338,-0.717816088975013,9.63102157405369,"#EBE5D3"
"5158700406_1","5158700406_1.png",2,0.452,73.8296657306219,1.67589116022725,8.98225128658115,"#BFB4A5"
"5167055118_1","5167055118_1.png",1,0.537,79.7172916249339,-1.72867191300317,-8.52449125409595,"#BAC7D5"
"5167055118_1","5167055118_1.png",2,0.463,47.3467957899453,0.207870612042756,-15.7124249146321,"#61718A"
"5167635963_1","5167635963_1.png",1,0.7092,87.6620343815253,0.385743885253464,1.73718703967527,"#DEDBD8"
"5167635963_1","5167635963_1.png",2,0.2908,59.6041897635232,1.96929550054637,3.00297969410858,"#958E8A"
"5167635963_2","5167635963_2.png",1,0.5846,81.209479348977,1.09562235697266,2.32289011730885,"#CEC9C5"
"5167635963_2","5167635963_2.png",2,0.4154,57.3505142236416,2.76216409636507,3.19877176333652,"#918884"
"5167635963_3","5167635963_3.png",1,0.746,89.3555787812193,0.462060349895953,1.62486791753929,"#E3E0DD"
"5167635963_3","5167635963_3.png",2,0.254,59.6362265916147,2.29750076319019,2.72441437280102,"#968E8B"
"5167664357_1","5167664357_1.png",1,0.5528,86.8180756917674,0.241304369888245,2.48702600670106,"#DCD9D5"
"5167664357_1","5167664357_1.png",2,0.4472,67.7583988574327,1.51189578170594,1.16061426542473,"#A9A4A3"
"5167904511_1","5167904511_1.png",1,0.7732,92.8509361842253,-1.0173471477284,0.976088967752064,"#E9EBE9"
"5167904511_1","5167904511_1.png",2,0.2268,66.6446075086955,-0.0648339934665274,5.64923359053288,"#A6A298"
"5168163164_1","5168163164_1.png",1,0.5664,83.0174315000164,2.5587696444975,-8.24557701874351,"#CCCEDE"
"5168163164_1","5168163164_1.png",2,0.4336,58.0912330567337,3.4997722464103,-7.85355999961504,"#8B8A99"
"5168163164_2","5168163164_2.png",1,0.723,76.3317989568113,3.15452243689669,-0.194952776842344,"#C2BABD"
"5168163164_2","5168163164_2.png",2,0.277,58.9326520761596,3.89753701936786,-6.76694624844212,"#8F8C9A"
"5168544492_1","5168544492_1.png",1,0.5192,77.6560598851924,2.33605274953288,3.82734707389809,"#C7BEB9"
"5168544492_1","5168544492_1.png",2,0.4808,51.2623234798718,2.77129647044615,3.3681711571411,"#817874"
"5171629757_1","5171629757_1.png",1,0.5528,84.9488664264185,2.83159130454252,4.69518634711835,"#DDD2CB"
"5171629757_1","5171629757_1.png",2,0.4472,73.4434108413095,3.59225046096686,6.72531046637109,"#C0B2A8"
"5171629757_2","5171629757_2.png",1,0.8136,79.315412252789,2.20294467427038,4.1683196850279,"#CCC3BD"
"5171629757_2","5171629757_2.png",2,0.1864,58.1454961883658,3.55671362271867,6.79643299432191,"#978980"
"5171629757_3","5171629757_3.png",1,0.5538,77.593519732877,2.02441211267631,3.09771294334463,"#C6BEBA"
"5171629757_3","5171629757_3.png",2,0.4462,62.7845177992901,2.74377652841784,4.80040517433984,"#A09690"
"5171629757_4","5171629757_4.png",1,0.456,72.5650917058709,2.38162060350459,3.82749237468084,"#BAB0AB"
"5171629757_4","5171629757_4.png",2,0.544,48.6850178471507,3.83922594577344,5.98536932485471,"#7E716A"
"5176372116_1","5176372116_1.png",1,0.4218,75.1590231651981,3.40590916724283,5.95746861782637,"#C4B7AE"
"5176372116_1","5176372116_1.png",2,0.5782,32.8848919569831,8.66860109449569,11.8937537975641,"#61483B"
"5176412920_1","5176412920_1.png",1,0.6002,82.7577998107295,4.5033480037367,-10.2342094080613,"#CECCE1"
"5176412920_1","5176412920_1.png",2,0.3998,48.4476586546285,7.9507204538686,-13.6803758468176,"#76708A"
"5176819847_1","5176819847_1.png",1,0.5616,70.228980789719,3.05393215065241,3.95540409894988,"#B4AAA5"
"5176819847_1","5176819847_1.png",2,0.4384,49.9824078771534,5.72350245324492,8.59464906651823,"#867369"
"5176831869_1","5176831869_1.png",1,0.6732,83.7443946865611,0.603979961760821,0.393129893941141,"#D2D0D0"
"5176831869_1","5176831869_1.png",2,0.3268,59.9668246633973,4.47337000284935,3.19090605674061,"#9B8E8B"
"5176831869_2","5176831869_2.png",1,0.747,87.1722714596993,0.350909930258296,0.826473299294212,"#DCDAD9"
"5176831869_2","5176831869_2.png",2,0.253,61.7938381814161,4.34920034396006,4.56959748772399,"#A0928D"
"5176831869_3","5176831869_3.png",1,0.6122,89.5068700761241,0.118681433424176,0.230173098876953,"#E1E1E1"
"5176831869_3","5176831869_3.png",2,0.3878,67.8937616375343,3.49925888880964,1.62757165079948,"#ADA3A3"
"5176843353_1","5176843353_1.png",1,0.5884,79.5874632154041,-1.9336674123054,3.77484672805379,"#C5C6BE"
"5176843353_1","5176843353_1.png",2,0.4116,53.9201876572003,-0.000745996549896267,5.01390343279753,"#858178"
"5176843353_2","5176843353_2.png",1,0.52,73.1256187591247,0.570883347163508,3.96854826178577,"#B8B3AC"
"5176843353_2","5176843353_2.png",2,0.48,42.8669135413642,2.59996892244257,2.66133813847879,"#6B6461"
"5176843353_3","5176843353_3.png",1,0.5986,84.1632722912255,-1.01925452467914,7.1873945261692,"#D6D2C4"
"5176843353_3","5176843353_3.png",2,0.4014,57.673960978975,1.25938174064267,8.04740533059811,"#93897D"
"5176882319_1","5176882319_1.png",1,0.5748,80.1951943475654,-1.31095298322445,-5.62244713362669,"#BFC8D1"
"5176882319_1","5176882319_1.png",2,0.4252,61.8100589783662,-0.249106412635202,-4.5073153107142,"#91969D"
"5176882319_2","5176882319_2.png",1,0.7056,86.0896309162888,-1.25349432063028,-3.89035920443947,"#D1D8DF"
"5176882319_2","5176882319_2.png",2,0.2944,67.8630067857722,1.47314398731737,-3.10021265301021,"#A5A5AB"
"5176882319_3","5176882319_3.png",1,0.668,76.6113967047901,-0.420619730774779,-4.97447329487682,"#B8BEC6"
"5176882319_3","5176882319_3.png",2,0.332,52.7049019643348,0.176171397696269,-5.95684101177564,"#797E88"
"5176882319_4","5176882319_4.png",1,0.6154,77.4374206063398,-0.101170342964905,-5.68710566311144,"#BAC0CA"
"5176882319_4","5176882319_4.png",2,0.3846,55.6550079380203,0.632929676930969,-4.41573924226778,"#83858D"
"5176882319_5","5176882319_5.png",1,0.524,83.0806704808555,-0.362264188235525,-2.57182907914742,"#CCCFD4"
"5176882319_5","5176882319_5.png",2,0.476,66.9419114686756,0.391057472873282,-3.89135309315149,"#A0A3AA"
"5176882319_6","5176882319_6.png",1,0.585,84.8683686844335,-1.23287290917879,-3.17513503702336,"#CFD5DA"
"5176882319_6","5176882319_6.png",2,0.415,66.3405963855476,-0.143096714166938,-3.00789873738726,"#9EA2A7"
"5176972348_1","5176972348_1.png",1,0.6962,86.3990724608352,-1.26300972640967,-0.0126189002472618,"#D6D9D8"
"5176972348_1","5176972348_1.png",2,0.3038,62.5217501710753,-0.243090649250039,0.508543153137402,"#979796"
"5176972348_2","5176972348_2.png",1,0.6856,79.4771492321611,0.329119358447196,-1.37793181375581,"#C4C5C7"
"5176972348_2","5176972348_2.png",2,0.3144,53.8652864932576,0.972005462635565,-0.305420470378624,"#828081"
"5176973533_1","5176973533_1.png",1,0.4102,78.2532779602422,2.51329344623398,-4.76416193786984,"#C2C0CA"
"5176973533_1","5176973533_1.png",2,0.5898,49.8692319895613,1.91802266067856,-1.80847758191675,"#79767A"
"5177007065_1","5177007065_1.png",1,0.6496,84.9565721013568,3.00868934857351,10.2696838358599,"#E2D2C1"
"5177007065_1","5177007065_1.png",2,0.3504,47.7162290357706,6.15123227151217,16.8984732185078,"#856D55"
"5177007065_2","5177007065_2.png",1,0.7072,85.3545253268933,3.64502261321023,8.38920521524437,"#E3D2C6"
"5177007065_2","5177007065_2.png",2,0.2928,64.0170234282113,5.84331205278887,14.88134729362,"#AF9781"
"5177007065_3","5177007065_3.png",1,0.6588,83.004074499548,3.84764102207697,8.56103024758009,"#DDCCBF"
"5177007065_3","5177007065_3.png",2,0.3412,63.5900474560997,6.80012192707324,15.4062794004233,"#B0957F"
"5177105797_1","5177105797_1.png",1,0.5616,82.8622745777116,2.59828601156141,5.16818392120149,"#D8CCC5"
"5177105797_1","5177105797_1.png",2,0.4384,63.4766332085128,6.82030325071591,5.48613180423762,"#AA9590"
"5177180032_1","5177180032_1.png",1,0.559,77.0211874843793,1.39498526279927,6.15280386546734,"#C6BDB3"
"5177180032_1","5177180032_1.png",2,0.441,46.7349007205342,1.30150047688342,9.71592487642791,"#776D5F"
"5177180032_2","5177180032_2.png",1,0.549,76.4689328406158,1.51051350399946,6.1850814256372,"#C4BBB1"
"5177180032_2","5177180032_2.png",2,0.451,47.0515890388696,1.37124289900659,8.40095144007819,"#786E62"
"5177180032_3","5177180032_3.png",1,0.5326,76.4535311349523,1.21880318365249,5.81003846227329,"#C4BBB2"
"5177180032_3","5177180032_3.png",2,0.4674,45.0039665635306,1.6779758915262,10.2652725999199,"#74695A"
"5177352969_1","5177352969_1.png",1,0.5622,82.5685844909406,0.120643841558005,-1.20768706656281,"#CDCDD0"
"5177352969_1","5177352969_1.png",2,0.4378,61.6531432752429,1.0489701986456,-3.5850012121492,"#94959B"
"5187909005_1","5187909005_1.png",1,0.3876,81.3418417346298,-0.24201345647473,2.24770870522102,"#CBCAC6"
"5187909005_1","5187909005_1.png",2,0.6124,44.4232775208215,2.45731669326533,5.80312201763816,"#716760"
"5187909005_2","5187909005_2.png",1,0.4352,77.5930993313587,-0.177724316929951,2.37920494958792,"#C1C0BB"
"5187909005_2","5187909005_2.png",2,0.5648,40.5574087133589,1.90915653292244,4.18496260835386,"#665E59"
"5187909005_3","5187909005_3.png",1,0.3452,71.9000128625892,-1.17015640937555,1.78190382179906,"#AFB1AD"
"5187909005_3","5187909005_3.png",2,0.6548,35.9413717979685,-0.990451896367561,6.84321912238967,"#57554A"
"5187957202_1","5187957202_1.png",1,0.6362,87.7988686637509,3.46549216090316,-3.00252022612648,"#E0DAE2"
"5187957202_1","5187957202_1.png",2,0.3638,55.3121087211004,9.63486338659759,-8.61195959426742,"#8F7F93"
"5188455481_1","5188455481_1.png",1,0.2894,70.2269892754907,0.617912345012706,4.80564883246096,"#B1ABA3"
"5188455481_1","5188455481_1.png",2,0.7106,42.7205413940946,0.0734875600603839,4.56200630957682,"#68655D"
"5188455481_2","5188455481_2.png",1,0.2248,80.4459992013396,0.461160028237996,-0.169462478408702,"#C8C7C8"
"5188455481_2","5188455481_2.png",2,0.7752,44.5814154686581,-1.60918708142157,-2.0669692746513,"#656A6D"
"5198299810_1","5198299810_1.png",1,0.42,96.0421919066054,0.309018188963782,1.62859256867831,"#F6F3F0"
"5198299810_1","5198299810_1.png",2,0.58,59.7007547874552,-2.12249234584535,-0.20058449310132,"#8C9190"
"5198843636_1","5198843636_1.png",1,0.7562,90.3346959768747,-0.480234116375151,-3.10266996157611,"#DFE4E9"
"5198843636_1","5198843636_1.png",2,0.2438,60.7884207496909,0.270674553773008,1.13678487104214,"#949291"
"5198843636_2","5198843636_2.png",1,0.795,86.6226790493549,2.40928659379125,-6.11766533866275,"#D8D8E4"
"5198843636_2","5198843636_2.png",2,0.205,59.207691010876,1.49849828309153,-3.24964366176575,"#8F8E94"
"5198872392_1","5198872392_1.png",1,0.6036,72.7586965013158,2.43744362114498,2.50403807982562,"#B9B1AE"
"5198872392_1","5198872392_1.png",2,0.3964,56.1774357547126,4.17134814901822,1.62251627324318,"#8F8484"
"5198872392_2","5198872392_2.png",1,0.6398,74.4172976262482,2.39912895854976,5.93263492413259,"#C0B5AC"
"5198872392_2","5198872392_2.png",2,0.3602,50.8226110484963,2.24056677582781,1.63960898992417,"#7E7876"
"5198918746_1","5198918746_1.png",1,0.5014,90.3605108131814,2.8124725496827,0.9809726522149,"#EAE2E2"
"5198918746_1","5198918746_1.png",2,0.4986,57.8314135184033,2.75817601530101,7.03972148548293,"#95897F"
"5198919766_1","5198919766_1.png",1,0.5742,82.2281902468006,0.998155443432554,3.14829648007313,"#D1CCC7"
"5198919766_1","5198919766_1.png",2,0.4258,47.6738654103756,0.556204592641372,-1.53738312597831,"#717174"
"5198919766_2","5198919766_2.png",1,0.6138,79.8982636168735,1.02074333622133,3.10401739864979,"#CBC5C0"
"5198919766_2","5198919766_2.png",2,0.3862,47.0111257620454,-0.0645501541590199,-2.11886149749844,"#6E7073"
"5198919766_3","5198919766_3.png",1,0.4956,77.0627777183105,0.500850398569649,2.61479382710238,"#C1BEB9"
"5198919766_3","5198919766_3.png",2,0.5044,51.0998229283608,1.44232926498665,1.73852147993427,"#7E7977"
"5198919766_4","5198919766_4.png",1,0.7104,64.7087801949684,1.1931668205303,3.04932798258806,"#A29C98"
"5198919766_4","5198919766_4.png",2,0.2896,48.4934987097285,2.29924918931184,2.88315495688152,"#79726E"
"5198919766_5","5198919766_5.png",1,0.591,73.7784144142533,0.733779154184781,3.97679519724844,"#BAB5AE"
"5198919766_5","5198919766_5.png",2,0.409,58.7554806045669,3.05628782574064,1.78420888272647,"#948B8A"
"5199077392_1","5199077392_1.png",1,0.534,76.1661939668091,0.727850714515298,2.61313823555045,"#BFBBB7"
"5199077392_1","5199077392_1.png",2,0.466,54.0208059691509,1.98456904473959,3.56902715111922,"#87807B"
"5205934572_1","5205934572_1.png",1,0.4678,84.2884320973557,0.558177719701568,3.27113715372779,"#D6D2CC"
"5205934572_1","5205934572_1.png",2,0.5322,54.664774020478,2.32420491508275,4.47932862441962,"#8A817B"
"5205934572_2","5205934572_2.png",1,0.632,75.4563517542716,0.990404154718228,3.06454414580086,"#BEB9B4"
"5205934572_2","5205934572_2.png",2,0.368,34.1367179393772,0.562516512290135,0.122163444367631,"#515050"
"5205934572_3","5205934572_3.png",1,0.492,82.3986671184238,1.26481643931627,3.51256507876606,"#D2CCC6"
"5205934572_3","5205934572_3.png",2,0.508,52.41132006146,3.43142953916104,5.31162052835378,"#877B74"
"5206010349_1","5206010349_1.png",1,0.6828,80.164943852692,5.56145086922597,2.582947270769,"#D3C3C2"
"5206010349_1","5206010349_1.png",2,0.3172,51.2024787299897,8.0513749167886,9.30037383922284,"#8E756B"
"5206010349_2","5206010349_2.png",1,0.6682,77.3558964009727,5.87147084808337,5.59046217316558,"#CEBBB5"
"5206010349_2","5206010349_2.png",2,0.3318,51.6072651762954,7.86443202530671,7.33687642105344,"#8D766F"
"5206011449_1","5206011449_1.png",1,0.8184,63.9680277134783,2.45824048941808,5.71744178677967,"#A49991"
"5206011449_1","5206011449_1.png",2,0.1816,27.5727816037997,4.76710817427887,7.5489281938984,"#4D3E36"
"5206590749_1","5206590749_1.png",1,0.4378,80.4624500565923,0.863026964083367,-1.13408559789865,"#C8C7CA"
"5206590749_1","5206590749_1.png",2,0.5622,52.4097788795721,2.32321760179124,1.45352234012862,"#827C7B"
"5215695204_1","5215695204_1.png",1,0.1392,78.7487048428102,5.12708484709487,5.36473216478941,"#D1BFB9"
"5215695204_1","5215695204_1.png",2,0.8608,57.2797590130343,6.02584350728354,5.44572033107928,"#988680"
"5215820290_1","5215820290_1.png",1,0.5826,85.6678374963306,1.75440737162688,-1.56182298790276,"#D8D5D9"
"5215820290_1","5215820290_1.png",2,0.4174,62.0347510645864,3.6839695173977,-0.854483493811226,"#9C9497"
"5215820290_2","5215820290_2.png",1,0.613,84.6818078836974,1.64060932181525,-2.10210237616486,"#D5D3D7"
"5215820290_2","5215820290_2.png",2,0.387,61.930295583443,4.21848049497104,-1.38044241639738,"#9C9398"
"5216025893_1","5216025893_1.png",1,0.7318,86.4654902916231,2.4600986483363,7.780135431834,"#E3D6CA"
"5216025893_1","5216025893_1.png",2,0.2682,28.4011716443153,5.74391683114842,-2.18762084165393,"#4A4046"
"5217207649_1","5217207649_1.png",1,0.5274,87.0561190545359,0.690762162279825,2.72616734173194,"#DED9D5"
"5217207649_1","5217207649_1.png",2,0.4726,69.0870836525199,3.70472725217953,7.50366811231645,"#B5A69B"
"5217207649_2","5217207649_2.png",1,0.5698,94.0624173983604,-1.18853128900496,0.722490842597953,"#ECEFEC"
"5217207649_2","5217207649_2.png",2,0.4302,76.6157300465307,1.09761340110671,3.01125133586906,"#C2BCB8"
"5217538464_1","5217538464_1.png",1,0.4862,89.4736946048544,-0.524128833256576,-2.93284789753104,"#DDE1E6"
"5217538464_1","5217538464_1.png",2,0.5138,65.7993094170796,-1.54805721183577,0.907992793566281,"#9EA19E"
"5218800483_1","5218800483_1.png",1,0.5692,85.4450066330376,1.24754296315271,1.55665062965082,"#D9D5D3"
"5218800483_1","5218800483_1.png",2,0.4308,47.9172562372411,3.83776742562975,3.16244323181299,"#7B6F6D"
"5218865352_1","5218865352_1.png",1,0.4378,87.0809331053352,0.826718741032712,4.65601717321066,"#E0D9D1"
"5218865352_1","5218865352_1.png",2,0.5622,66.53702365354,3.98184468418049,4.90230295774577,"#AD9F99"
"5218865352_2","5218865352_2.png",1,0.6666,85.4758378880641,1.2117403880835,2.91157538618225,"#DAD5D0"
"5218865352_2","5218865352_2.png",2,0.3334,62.1368855992831,4.71414175306939,5.94914495823983,"#A3938C"
"5218868378_1","5218868378_1.png",1,0.7824,86.2830414761699,2.22753460197492,8.11478913607975,"#E3D6C9"
"5218868378_1","5218868378_1.png",2,0.2176,52.5840295546988,8.09065193245076,16.1207254650494,"#957862"
"5218868378_2","5218868378_2.png",1,0.821,83.102755244209,3.74478306046209,8.51353226937247,"#DDCCBF"
"5218868378_2","5218868378_2.png",2,0.179,46.1966980243271,10.2735292005593,14.5902060870935,"#866756"
"5218868378_3","5218868378_3.png",1,0.4394,87.7203954470759,1.37275699191519,1.32051216852429,"#E0DBD9"
"5218868378_3","5218868378_3.png",2,0.5606,75.9302210832005,3.5653610392826,3.1182098926383,"#C4B9B6"
"5218868378_4","5218868378_4.png",1,0.535,81.1501279446579,1.88051140004082,0.224913557668512,"#CDC8C9"
"5218868378_4","5218868378_4.png",2,0.465,68.3173749122044,3.23188747366242,-2.32988425314125,"#ABA5AB"
"5218868378_5","5218868378_5.png",1,0.5642,83.8427194179687,1.97930840573026,4.12970390917835,"#D8D0C9"
"5218868378_5","5218868378_5.png",2,0.4358,65.8245209224118,5.88346054873681,6.71457179412957,"#AF9C94"
"5219205336_1","5219205336_1.png",1,0.6264,88.8382355074021,-1.07649530170237,-1.09887718506912,"#DCE0E1"
"5219205336_1","5219205336_1.png",2,0.3736,70.3623552400367,-0.385456464039313,-1.09633702793627,"#AAACAE"
"5219205336_2","5219205336_2.png",1,0.6176,86.9928252179758,-1.30012670099528,-3.72748321605791,"#D4DBE1"
"5219205336_2","5219205336_2.png",2,0.3824,65.7774208314806,-1.02508767554336,-4.55876548642698,"#9AA1A8"
"5219224467_1","5219224467_1.png",1,0.6358,90.0995766231389,1.41162691373529,6.28788578129757,"#EBE1D7"
"5219224467_1","5219224467_1.png",2,0.3642,70.3210067045462,4.81745738863865,12.1528153621025,"#BDA896"
"5219224467_2","5219224467_2.png",1,0.5148,79.873607943145,1.11975304742961,4.35593720434864,"#CCC5BE"
"5219224467_2","5219224467_2.png",2,0.4852,65.4934733198785,2.67291796254117,5.42119903215528,"#A89D95"
"5219234396_1","5219234396_1.png",1,0.5368,70.9368505419145,3.28467513859509,-1.65387522940189,"#B2ACB1"
"5219234396_1","5219234396_1.png",2,0.4632,45.5996720940699,8.07498808758016,-4.92438324286562,"#766874"
"5219234396_2","5219234396_2.png",1,0.5742,72.553555420106,2.93646964094357,-3.58025093207519,"#B5B0B9"
"5219234396_2","5219234396_2.png",2,0.4258,42.6454001852962,9.60520490252776,-7.83157841920375,"#6F6072"
"5219234396_3","5219234396_3.png",1,0.568,70.9667440944509,2.7215725370805,-2.37191700265829,"#B1ACB2"
"5219234396_3","5219234396_3.png",2,0.432,44.023423748851,8.23748456903268,-5.85141167854051,"#726472"
"5219263474_1","5219263474_1.png",1,0.717,90.5505142864285,-2.52265937225683,0.147949973418686,"#DFE5E4"
"5219263474_1","5219263474_1.png",2,0.283,63.6741487463421,-1.77375919383486,1.98170092904664,"#989B97"
"5219263474_2","5219263474_2.png",1,0.7484,89.5375678563027,-1.07740548570531,-0.167574025944966,"#DFE2E1"
"5219263474_2","5219263474_2.png",2,0.2516,53.6711843564358,-0.31219722805132,4.4518868843546,"#838079"
"5219316458_1","5219316458_1.png",1,0.7852,91.6409103805884,1.36627229789979,0.454825167462266,"#EAE6E6"
"5219316458_1","5219316458_1.png",2,0.2148,72.8253501647209,1.52272122577694,0.492190463056781,"#B6B2B2"
"5219316458_2","5219316458_2.png",1,0.7242,88.998251146528,0.729866979203306,0.824215698428495,"#E2DFDE"
"5219316458_2","5219316458_2.png",2,0.2758,63.8105247878418,1.43837697693105,3.77209192363686,"#A09994"
"5219319352_1","5219319352_1.png",1,0.6714,82.8050582648156,0.317716855286681,-0.634076222710828,"#CECECF"
"5219319352_1","5219319352_1.png",2,0.3286,58.9763433729036,2.38874029107974,-1.38798835565753,"#918D90"
"5219319352_2","5219319352_2.png",1,0.6348,80.9720434272943,-0.195662456128293,0.575754069958146,"#C9C9C8"
"5219319352_2","5219319352_2.png",2,0.3652,61.1574442212409,1.5817081203102,1.15548835402034,"#979392"
"5219319352_3","5219319352_3.png",1,0.591,82.3282044484944,0.0992234557874771,0.898712036175304,"#CECDCB"
"5219319352_3","5219319352_3.png",2,0.409,62.2229722027058,2.62820639204148,2.1168554719351,"#9D9593"
"5219319352_4","5219319352_4.png",1,0.6852,85.5579100170255,0.030239015998346,-1.10180157756991,"#D5D6D8"
"5219319352_4","5219319352_4.png",2,0.3148,66.7211983168477,1.54715837556242,-2.44448436296367,"#A3A2A7"
"5219327343_1","5219327343_1.png",1,0.5038,86.5333773156702,-0.368074972175628,-0.400081830535109,"#D7D9D9"
"5219327343_1","5219327343_1.png",2,0.4962,59.2875818725992,0.134754894461137,-0.396033741827129,"#8F8F8F"
"5219382372_1","5219382372_1.png",1,0.4806,83.3609870393312,2.0236153041938,0.627626801542596,"#D4CECF"
"5219382372_1","5219382372_1.png",2,0.5194,54.3254392233232,2.49079018281946,10.1910220033292,"#8D8071"
"5219412384_1","5219412384_1.png",1,0.7138,88.4572368697223,1.16592917738827,1.06008170451147,"#E1DDDC"
"5219412384_1","5219412384_1.png",2,0.2862,68.3704628841297,1.96280693551189,3.66887005495189,"#ADA5A0"
"5219414416_1","5219414416_1.png",1,0.405,77.5796272361652,3.35895565267546,3.82177030565437,"#C9BDB9"
"5219414416_1","5219414416_1.png",2,0.595,43.1896596779256,0.272050944780786,0.829178900529242,"#676665"
"5219414416_2","5219414416_2.png",1,0.3856,52.625870796388,3.66627702932222,-1.92318056812581,"#837C81"
"5219414416_2","5219414416_2.png",2,0.6144,40.4286060135264,3.04133454890262,-0.923529347274025,"#645E61"
"5230083305_1","5230083305_1.png",1,0.7462,91.4818508640767,0.80783741234427,-4.09094568097892,"#E4E6EE"
"5230083305_1","5230083305_1.png",2,0.2538,74.624803425597,1.8607292917025,-2.17337838727675,"#B9B7BC"
"5230476693_1","5230476693_1.png",1,0.6182,90.177312771492,2.78370676452093,-2.94650160947859,"#E6E1E9"
"5230476693_1","5230476693_1.png",2,0.3818,60.7900619230884,2.49477880266522,4.88055076399916,"#9B918A"
"5230476693_2","5230476693_2.png",1,0.39,85.5921571249119,1.77960727573863,0.0261161289425119,"#D9D5D6"
"5230476693_2","5230476693_2.png",2,0.61,56.4403670740461,0.0282857412627206,5.81044447694686,"#8C877D"
"5230476693_3","5230476693_3.png",1,0.4206,91.264014378278,2.97746642586481,-2.49566625986931,"#EAE4EB"
"5230476693_3","5230476693_3.png",2,0.5794,70.6196524129751,1.614134446162,-0.120255838616062,"#B0ACAD"
"5230486727_1","5230486727_1.png",1,0.5128,80.5951066518566,-1.5378583236693,-3.49380539473224,"#C2C9CE"
"5230486727_1","5230486727_1.png",2,0.4872,46.9340798220725,-3.82453571491295,-3.04248069453294,"#667174"
"5230714712_1","5230714712_1.png",1,0.591,82.3109963084995,1.48577877859077,-4.81022258787861,"#CBCCD6"
"5230714712_1","5230714712_1.png",2,0.409,53.1602934942948,3.4433085419561,-6.18435839986305,"#807D8A"
"5230902787_1","5230902787_1.png",1,0.4374,75.6966828659584,-1.72064280438728,-0.623748368191045,"#B7BCBC"
"5230902787_1","5230902787_1.png",2,0.5626,54.9698530401649,-1.50823015514635,-0.95320562629935,"#808485"
"5230958326_1","5230958326_1.png",1,0.565,83.3333385009216,1.43907073827316,4.29379754184821,"#D6CEC8"
"5230958326_1","5230958326_1.png",2,0.435,51.2850422223934,3.31722226268177,-0.388127986027337,"#80787B"
"5230958326_2","5230958326_2.png",1,0.6084,85.093824561218,1.56571194093269,6.90799116627355,"#DDD3C8"
"5230958326_2","5230958326_2.png",2,0.3916,57.0297413533924,2.9445131088172,6.09589641142578,"#93877E"
"5231249032_1","5231249032_1.png",1,0.5128,84.5740340775772,0.729813736151486,1.54498196156251,"#D6D2D0"
"5231249032_1","5231249032_1.png",2,0.4872,61.48102685701,1.98091373755817,9.17436791902352,"#9F9384"
"5231353998_1","5231353998_1.png",1,0.5002,84.9982757563793,0.619500604449005,1.56831402661735,"#D7D4D1"
"5231353998_1","5231353998_1.png",2,0.4998,61.8876202168556,1.8331570582355,9.13455227494614,"#9F9486"
"5231433128_1","5231433128_1.png",1,0.509,86.9876981463572,-2.65002904853101,1.78516034825672,"#D6DBD6"
"5231433128_1","5231433128_1.png",2,0.491,69.6705957210373,-4.29698857662291,5.10109489853615,"#A6ACA1"
"5231547921_1","5231547921_1.png",1,0.4494,83.5997454898284,-0.645009814262932,-2.53935652601155,"#CDD1D5"
"5231547921_1","5231547921_1.png",2,0.5506,46.5081206826663,-1.64986469985746,-1.95562361893904,"#6A6F71"
"5231773059_1","5231773059_1.png",1,0.5646,76.8957747505026,-0.778014496952203,-0.970167073059829,"#BBBEC0"
"5231773059_1","5231773059_1.png",2,0.4354,51.3354713944586,-0.407429769785697,-0.904668965286202,"#797B7C"
"5231773059_2","5231773059_2.png",1,0.6632,74.6603825992356,-0.958256103121501,-1.86278849383402,"#B4B8BB"
"5231773059_2","5231773059_2.png",2,0.3368,45.5333335456839,0.582995169804972,-3.35181660066666,"#6A6C71"
"5231773059_3","5231773059_3.png",1,0.6382,66.9321655867896,-1.13894151167049,-1.75907554096931,"#9FA4A6"
"5231773059_3","5231773059_3.png",2,0.3618,44.8466408777962,-0.813525683123162,-0.203220418069511,"#686B6A"
"5231773059_4","5231773059_4.png",1,0.542,72.1306788891745,-0.445363816019355,-0.203740869016574,"#B0B1B1"
"5231773059_4","5231773059_4.png",2,0.458,50.226385183802,-0.0407486980781092,-0.48599095429301,"#777878"
"5231773059_5","5231773059_5.png",1,0.538461538461538,81.7209092540324,-1.59603133770749,-2.86625687210288,"#C5CCD0"
"5231773059_5","5231773059_5.png",2,0.461538461538462,72.893895632643,-1.39766205593657,-1.84717939973523,"#AFB4B6"
"5234179485_1","5234179485_1.png",1,0.7444,92.1475515004782,-1.40211543786332,-0.507652295141466,"#E5E9E9"
"5234179485_1","5234179485_1.png",2,0.2556,57.689135233895,0.277172771056807,0.824888485296377,"#8C8A89"
"5237765054_1","5237765054_1.png",1,0.4838,65.5887847072645,0.130083186652803,-0.94487177184103,"#9F9FA1"
"5237765054_1","5237765054_1.png",2,0.5162,44.694095406328,0.426378486446512,-0.748205398989579,"#6A6A6B"
"5237765054_2","5237765054_2.png",1,0.5086,63.5905124047901,-0.0535165457734161,-0.976607634631942,"#999A9C"
"5237765054_2","5237765054_2.png",2,0.4914,43.205328533697,0.492972381322546,-0.502795108797738,"#676667"
"5237765054_3","5237765054_3.png",1,0.4872,65.0181782692968,-0.0296129625746285,-0.8726241205485,"#9D9E9F"
"5237765054_3","5237765054_3.png",2,0.5128,45.0538999134171,0.39979262823897,-0.735586010927445,"#6B6A6C"
"5237887907_1","5237887907_1.png",1,0.6926,78.0276230619262,3.76963753345657,-3.99903345206134,"#C5BFC8"
"5237887907_1","5237887907_1.png",2,0.3074,44.9106651996078,5.61827063164991,-4.71503491325096,"#706772"
"5237988830_1","5237988830_1.png",1,0.796803652968037,81.0780607912919,0.371203546684039,2.56484077169082,"#CCC9C5"
"5237988830_1","5237988830_1.png",2,0.203196347031963,46.0131994376258,1.66050924942607,9.07877520726267,"#766C5E"
"5237988830_2","5237988830_2.png",1,0.682,77.0960770942056,0.919149154110172,5.58576642046647,"#C5BDB4"
"5237988830_2","5237988830_2.png",2,0.318,55.1992781665077,2.05138498911016,12.2615235978088,"#90826F"
"5238097172_1","5238097172_1.png",1,0.7408,82.8669438766184,-2.77502897434821,-2.49165774459687,"#C6D0D3"
"5238097172_1","5238097172_1.png",2,0.2592,18.4197651727121,9.83980923040727,-9.98298809785829,"#34283B"
"5238451703_1","5238451703_1.png",1,0.764,96.2747748211245,1.34198184291436,-1.88945934657976,"#F5F4F8"
"5238451703_1","5238451703_1.png",2,0.236,82.9548118242992,2.52330777774536,2.0040518504022,"#D5CDCB"
"5282143943_1","5282143943_1.png",1,0.4826,80.7576513002564,-1.1846866787798,1.97328789783341,"#C8C9C5"
"5282143943_1","5282143943_1.png",2,0.5174,43.9046040582978,0.262840073783556,9.58786441087986,"#6F6758"
"5282403850_1","5282403850_1.png",1,0.3792,63.1790763961362,3.18530520551847,0.303485648689873,"#9F9798"
"5282403850_1","5282403850_1.png",2,0.6208,35.7937631025901,-0.354085776986899,23.0133775905334,"#60532F"
"5282403850_2","5282403850_2.png",1,0.336,35.5047738601724,-1.21575004534683,17.8191768145885,"#5C5337"
"5282403850_2","5282403850_2.png",2,0.664,32.5242539817148,-0.134684869416882,37.0231816237819,"#5B4B0B"
"5282412860_1","5282412860_1.png",1,0.3036,87.5083853007455,0.387700020844108,1.13219206731193,"#DDDBD9"
"5282412860_1","5282412860_1.png",2,0.6964,53.410777772553,5.18742926467983,3.03225894454931,"#8B7C7B"
"5282692994_1","5282692994_1.png",1,0.616449511400652,77.4987192390251,1.88740251738244,1.84429577401593,"#C5BEBC"
"5282692994_1","5282692994_1.png",2,0.383550488599349,39.5170923792698,4.69128758586762,11.2971474699983,"#6B5A4B"
"5282692994_2","5282692994_2.png",1,0.731132075471698,84.2040899993114,-0.115246952317483,-3.58791045262094,"#CFD2D9"
"5282692994_2","5282692994_2.png",2,0.268867924528302,53.7934735812921,0.446281285264077,-3.24007650374006,"#7F8186"
"5283331151_1","5283331151_1.png",1,0.4324,64.6126630242702,8.25468990958199,9.37402499054012,"#B2978C"
"5283331151_1","5283331151_1.png",2,0.5676,51.7675245429934,10.0387466957558,8.71344018653686,"#92756D"
"5283425387_1","5283425387_1.png",1,0.5548,90.489108008427,-0.00220340071550466,0.675549838483597,"#E4E4E2"
"5283425387_1","5283425387_1.png",2,0.4452,57.0118118251659,1.1179632454679,7.58041625184971,"#90887C"
"5288724742_1","5288724742_1.png",1,0.6624,73.3707221486483,4.82825807191802,4.04329842228493,"#C0B1AD"
"5288724742_1","5288724742_1.png",2,0.3376,47.5004465440097,6.20573691702674,3.08808108283946,"#7D6D6C"
"5288727788_1","5288727788_1.png",1,0.6438,73.7914706484281,4.79580412306891,3.94184613394453,"#C1B2AE"
"5288727788_1","5288727788_1.png",2,0.3562,48.3257545774139,6.18558941383002,2.97161230534046,"#7F6F6E"
"5288728243_1","5288728243_1.png",1,0.6624,73.3707221486483,4.82825807191802,4.04329842228493,"#C0B1AD"
"5288728243_1","5288728243_1.png",2,0.3376,47.5004465440097,6.20573691702674,3.08808108283946,"#7D6D6C"
"5292011687_1","5292011687_1.png",1,0.4544,77.0211643418736,0.464282123799548,0.780026914489162,"#C0BEBD"
"5292011687_1","5292011687_1.png",2,0.5456,50.1052260862248,2.68754204207954,4.24232142930315,"#7F7570"
"5292045292_1","5292045292_1.png",1,0.777,88.2500249584182,0.886840015875227,3.79220403346447,"#E2DDD6"
"5292045292_1","5292045292_1.png",2,0.223,64.8224124479364,2.35200132061293,10.4633591679862,"#A99B8B"
"5292169546_1","5292169546_1.png",1,0.5434,65.0924534967864,-0.243885580173772,2.53761424466356,"#A09E99"
"5292169546_1","5292169546_1.png",2,0.4566,39.9399598586752,0.837358142459254,6.53828937413341,"#645D54"
"5292169546_2","5292169546_2.png",1,0.5286,67.5421689407045,-0.836017888863131,1.85408254250461,"#A4A5A1"
"5292169546_2","5292169546_2.png",2,0.4714,41.1690660696351,-0.176740359731686,7.33849843534911,"#666155"
"5292169546_3","5292169546_3.png",1,0.4746,61.2749150795637,-0.218418682801025,3.12612760107133,"#96948E"
"5292169546_3","5292169546_3.png",2,0.5254,38.4978301625634,0.337296282017487,3.71910475678819,"#5E5A55"
"5292169546_4","5292169546_4.png",1,0.5836,64.3170356400915,-0.382990088948952,2.72007712074521,"#9D9C97"
"5292169546_4","5292169546_4.png",2,0.4164,40.8392375223315,0.952846913081677,4.58191725236928,"#655F59"
"5292441114_1","5292441114_1.png",1,0.2708,83.1347700438378,-4.0343256338532,-3.70148684139931,"#C3D2D6"
"5292441114_1","5292441114_1.png",2,0.7292,53.062705806265,-0.570556310437627,2.79545716414478,"#807F7A"
"5292519006_1","5292519006_1.png",1,0.5002,62.2649814713657,3.68489073313434,-10.3108296286205,"#9495A9"
"5292519006_1","5292519006_1.png",2,0.4998,32.9332812646712,4.41215718805653,-8.92258848059563,"#4E4C5B"
"5292956216_1","5292956216_1.png",1,0.5298,67.9935921970811,5.61142373022404,4.61416563238037,"#B3A29E"
"5292956216_1","5292956216_1.png",2,0.4702,53.8641138386136,5.60091925114382,4.54895382530225,"#8E7D79"
"5292956216_2","5292956216_2.png",1,0.5246,68.558404654706,5.31874228138769,4.25151476675598,"#B4A4A0"
"5292956216_2","5292956216_2.png",2,0.4754,54.1870633845238,5.37101050717108,5.88114216187278,"#8F7E78"
"5292956216_3","5292956216_3.png",1,0.6602,60.4841986672164,5.62998501725492,8.24516130158938,"#A28E84"
"5292956216_3","5292956216_3.png",2,0.3398,46.5292096858018,5.06573857176544,19.4212662421479,"#826A4E"
"5292956216_4","5292956216_4.png",1,0.5504,65.9477762422657,4.85480850142575,4.02988829952721,"#AC9D99"
"5292956216_4","5292956216_4.png",2,0.4496,53.1085458004149,4.78082653396724,4.23280663296393,"#8A7C78"
"5292956216_5","5292956216_5.png",1,0.5198,67.0230655488989,5.06567053546381,2.50351965783912,"#AEA09F"
"5292956216_5","5292956216_5.png",2,0.4802,54.6094924263752,5.35769855018617,3.33790695919013,"#8E7F7D"
"5292956216_6","5292956216_6.png",1,0.484,66.1587289935011,6.58441472578814,2.60719554266287,"#AF9D9C"
"5292956216_6","5292956216_6.png",2,0.516,52.3203915883014,5.77575404272075,4.49791144239354,"#8A7975"
"5293136705_1","5293136705_1.png",1,0.5318,74.9093580148415,-1.03194889020385,-1.74781778285863,"#B5B9BB"
"5293136705_1","5293136705_1.png",2,0.4682,40.7054195285366,-0.834183757776398,-0.705466030070139,"#5E6061"
"5293163515_1","5293163515_1.png",1,0.5318,79.9607050098184,4.07150206085636,-0.576481328242261,"#CEC4C7"
"5293163515_1","5293163515_1.png",2,0.4682,48.8333044454097,0.698753030997356,4.92034892328649,"#79736C"
"5759582337_1","5759582337_1.png",1,0.4404,83.48266385451,-2.09739477644682,-3.11010013916748,"#C9D1D6"
"5759582337_1","5759582337_1.png",2,0.5596,49.0369281682678,-1.2461028837496,4.26894994089394,"#75756D"
"5759606962_1","5759606962_1.png",1,0.5068,89.2035340033593,1.05191247124992,3.23514882750614,"#E5DFDA"
"5759606962_1","5759606962_1.png",2,0.4932,68.8243211357427,3.21852845422555,9.53790743569315,"#B5A597"
"5759606962_2","5759606962_2.png",1,0.5808,91.4697973974964,0.72481534367337,4.12970591219718,"#EBE6DF"
"5759606962_2","5759606962_2.png",2,0.4192,75.4490700399929,2.54306820761354,10.3795855388254,"#C6B8A7"
"5759633295_1","5759633295_1.png",1,0.6072,77.9360659455001,-1.66067963075212,7.47010232479688,"#C3C1B3"
"5759633295_1","5759633295_1.png",2,0.3928,51.3419832302775,-0.464011960060581,7.42869823186983,"#7F7A6E"
"5759633295_2","5759633295_2.png",1,0.5652,50.065058401815,0.743370276768162,-0.647551108273734,"#787778"
"5759633295_2","5759633295_2.png",2,0.4348,29.5209438849875,1.34077766268711,-2.66075649965197,"#46454A"
"5759704069_1","5759704069_1.png",1,0.4798,76.5941192976313,0.555524745375678,3.66615787051254,"#C1BCB6"
"5759704069_1","5759704069_1.png",2,0.5202,46.0427033351127,2.67384510216857,10.6037222700642,"#786B5C"
"5759760838_1","5759760838_1.png",1,0.5054,84.8392475443642,3.81750295572125,4.88087080234963,"#DFD1CB"
"5759760838_1","5759760838_1.png",2,0.4946,55.4099104728867,7.62682371110863,12.1291520352015,"#9A7F70"
"5759760838_2","5759760838_2.png",1,0.4984,87.1372130928595,1.55662193074653,5.35525421570043,"#E2D9D0"
"5759760838_2","5759760838_2.png",2,0.5016,69.6249742223701,-0.823626229674544,21.9621663591216,"#B8A982"
"5759909003_1","5759909003_1.png",1,0.499111111111111,75.4257221286648,2.5277813417342,-14.8041185400741,"#B1B9D5"
"5759909003_1","5759909003_1.png",2,0.500888888888889,45.8707298917625,2.55430837151721,-15.5208919066132,"#636C86"
"5759909003_2","5759909003_2.png",1,0.5436,71.8314572946959,3.2495134572177,-4.00085490917769,"#B3AEB7"
"5759909003_2","5759909003_2.png",2,0.4564,40.4448403786499,5.11455953272988,-3.60462703064365,"#655D65"
"5759909003_3","5759909003_3.png",1,0.51,70.3520201323126,2.25724368824624,-7.43409875482505,"#AAABB9"
"5759909003_3","5759909003_3.png",2,0.49,38.1333431656859,3.19016141769972,-5.20486050792146,"#5B5862"
"5759909003_4","5759909003_4.png",1,0.3438,70.4717005177757,2.61689582052882,-7.45138246140483,"#ABABBA"
"5759909003_4","5759909003_4.png",2,0.6562,41.8955276446167,1.24918487959263,-7.43328393088121,"#5F636F"
"5760071696_1","5760071696_1.png",1,0.772522522522523,93.3402128659906,0.877451084922843,-0.212647701902417,"#EDEBEC"
"5760071696_1","5760071696_1.png",2,0.227477477477477,83.7151864514707,-3.76397859158851,8.68136123795804,"#D0D2C0"
"5760071696_2","5760071696_2.png",1,0.5625,93.5445761568202,0.143518693096785,-0.220970304797062,"#EDECED"
"5760071696_2","5760071696_2.png",2,0.4375,91.6239439077175,-1.03782820719249,1.83295988169336,"#E6E7E3"
"5760130498_1","5760130498_1.png",1,0.507,77.9278125226782,0.403685582217729,2.71959139758903,"#C4C0BC"
"5760130498_1","5760130498_1.png",2,0.493,45.1064371797613,1.06674431513408,3.58299400181414,"#6F6A65"
"5760193419_1","5760193419_1.png",1,0.7778,83.9800094203693,3.79144183044498,-6.60912112120166,"#D3D0DE"
"5760193419_1","5760193419_1.png",2,0.2222,59.4455847234411,6.84415245236319,-9.78583290987823,"#938CA0"
"5760311548_1","5760311548_1.png",1,0.572,80.6839626024992,1.63376061524685,0.284807017989933,"#CCC7C8"
"5760311548_1","5760311548_1.png",2,0.428,50.0278161741673,2.51220474062504,1.74543364281036,"#7D7574"
"5760311548_2","5760311548_2.png",1,0.5998,77.0967951833118,2.30653932993331,0.0173693422092461,"#C3BDBE"
"5760311548_2","5760311548_2.png",2,0.4002,52.725147472771,3.80348346023995,3.81949471734894,"#877B77"
"5760311548_3","5760311548_3.png",1,0.5176,77.5064377779484,2.30144857774324,6.43437710143374,"#C9BEB4"
"5760311548_3","5760311548_3.png",2,0.4824,52.7965726106421,2.89366129165617,5.97341330952498,"#877C74"
"5760352527_1","5760352527_1.png",1,0.5728,82.3226000384928,-0.753845572647275,-1.09502328447649,"#CACDCF"
"5760352527_1","5760352527_1.png",2,0.4272,37.9557993042769,2.59932956995057,-1.267553077356,"#5D585B"
"5760376449_1","5760376449_1.png",1,0.5384,82.1161802079087,1.0666704697024,0.332756354279385,"#CFCCCC"
"5760376449_1","5760376449_1.png",2,0.4616,44.7285080847642,5.21317795372916,4.47263099461176,"#766763"
"5760376449_2","5760376449_2.png",1,0.5344,80.7608925419062,-5.1605593889536,4.50997424933526,"#C2CBC0"
"5760376449_2","5760376449_2.png",2,0.4656,46.3632890508934,-6.51157172832943,9.76449083178773,"#69715D"
"5760542413_1","5760542413_1.png",1,0.74,83.9699449804945,0.189514047701152,-2.35688752313997,"#D0D1D6"
"5760542413_1","5760542413_1.png",2,0.26,53.5942484210141,1.74831528392236,-2.99634170847969,"#817F85"
"5760752381_1","5760752381_1.png",1,0.738,87.8965582233098,-0.866771646551891,0.769151674673137,"#DBDDDB"
"5760752381_1","5760752381_1.png",2,0.262,57.339481893468,0.544699392689572,6.53053269697898,"#8F897E"
"5760752381_2","5760752381_2.png",1,0.7194,85.7823332569459,-1.41827985989907,-2.46322938833698,"#D1D7DB"
"5760752381_2","5760752381_2.png",2,0.2806,53.6453577059957,0.763266510713974,0.151977578607437,"#828080"
"5760752381_3","5760752381_3.png",1,0.6844,89.503983815027,-0.914931523382626,0.944600733095295,"#E0E1DF"
"5760752381_3","5760752381_3.png",2,0.3156,51.2402219763529,2.97047040368076,9.20610453618681,"#85786B"
"5760752381_4","5760752381_4.png",1,0.826,89.9212009235537,0.51740171904404,3.5159243900103,"#E6E2DB"
"5760752381_4","5760752381_4.png",2,0.174,69.8315218565405,1.87112977291164,5.63745905401939,"#B2A9A1"
"5760924342_1","5760924342_1.png",1,0.6108,74.9104226669213,0.696699389995748,-3.17651822799225,"#B7B8BE"
"5760924342_1","5760924342_1.png",2,0.3892,46.5414311707135,1.83723087245421,-4.00830393654056,"#6E6E75"
"5760924342_2","5760924342_2.png",1,0.7016,93.814070409065,0.384655155162726,1.62042398387735,"#EFEDEA"
"5760924342_2","5760924342_2.png",2,0.2984,73.3030333742005,3.37904420879754,-0.822901111598132,"#BAB2B6"
"5760924342_3","5760924342_3.png",1,0.8182,97.4341986251491,-0.0988246231750727,2.05280834636118,"#F9F7F4"
"5760924342_3","5760924342_3.png",2,0.1818,79.5675722044512,2.93489683465297,5.68877458877059,"#CFC3BB"
"5761065861_1","5761065861_1.png",1,0.3886,77.2051258142546,4.74892307547087,7.17379900684162,"#CDBBB2"
"5761065861_1","5761065861_1.png",2,0.6114,40.4703821254602,3.22445619062526,4.08354780313642,"#675D59"
"5761065861_2","5761065861_2.png",1,0.446,75.2029949318639,7.08066682153002,4.40898126758934,"#CAB5B1"
"5761065861_2","5761065861_2.png",2,0.554,39.1763416905176,8.22121501800901,5.92046772400207,"#6D5753"
"5761065861_3","5761065861_3.png",1,0.4746,82.2236042298575,6.16936906708234,5.69537521666006,"#DDC8C2"
"5761065861_3","5761065861_3.png",2,0.5254,54.7762349125428,11.009100159713,11.5030707725133,"#9D7C70"
"5761065861_4","5761065861_4.png",1,0.5082,82.827974159482,6.75224175246441,3.45023011037399,"#DECAC8"
"5761065861_4","5761065861_4.png",2,0.4918,54.7374352295579,10.6444637755124,9.16812758697034,"#9B7C74"
"5761163917_1","5761163917_1.png",1,0.6334,85.3477674792971,-1.79055277760997,-3.81327149456163,"#CED7DC"
"5761163917_1","5761163917_1.png",2,0.3666,52.8887863066453,0.549460859189498,1.35845765538641,"#807E7C"
"5761163917_2","5761163917_2.png",1,0.66,86.8100247268231,-1.82212332742391,0.441529393971462,"#D6DAD8"
"5761163917_2","5761163917_2.png",2,0.34,55.9322748493419,-0.690270713761746,3.12070306779275,"#878681"
"5761163917_3","5761163917_3.png",1,0.572,87.3129924279999,-2.05488580790226,-2.17829009898724,"#D5DCDF"
"5761163917_3","5761163917_3.png",2,0.428,54.5809911387137,-1.28547197941575,0.968874619555589,"#818381"
"5762091731_1","5762091731_1.png",1,0.5628,79.1051997622,1.17033117892426,3.50050400810544,"#C9C3BD"
"5762091731_1","5762091731_1.png",2,0.4372,63.3018760403106,1.04282763069478,-0.659112629343146,"#9B999A"
"5762191385_1","5762191385_1.png",1,0.5344,77.0293847882309,0.0364716721730565,2.70073516200312,"#C0BEB9"
"5762191385_1","5762191385_1.png",2,0.4656,45.0235048055291,1.04515337932471,4.09444161459952,"#6F6A64"
"5827391035_1","5827391035_1.png",1,0.6728,83.6143788301294,0.37808498556524,-4.11332994345756,"#CDD0D8"
"5827391035_1","5827391035_1.png",2,0.3272,55.497083943668,3.32125044980946,-4.76936262291515,"#87838D"
"5827406270_1","5827406270_1.png",1,0.5642,78.9769983415495,-1.21593044581355,0.690375089866675,"#C2C4C2"
"5827406270_1","5827406270_1.png",2,0.4358,53.0233188104608,-1.42471146296459,1.38621326280393,"#7D7F7C"
"5827501347_1","5827501347_1.png",1,0.6976,80.0632823709514,0.869773461807433,-0.305705422633472,"#C8C6C7"
"5827501347_1","5827501347_1.png",2,0.3024,37.5120725136375,6.04198294749231,1.22676381905344,"#635556"
"5827566716_1","5827566716_1.png",1,0.5896,74.9256808743347,-0.795795581691579,3.18223100230561,"#B9B9B3"
"5827566716_1","5827566716_1.png",2,0.4104,44.4401485711425,-2.32847177992156,4.81777665106961,"#696A61"
"5827566716_2","5827566716_2.png",1,0.611,81.9290312859071,-0.421123115589911,2.11128610141996,"#CDCCC8"
"5827566716_2","5827566716_2.png",2,0.389,47.6850078555043,-1.91439370032667,3.99915604804808,"#71726A"
"5827566716_3","5827566716_3.png",1,0.5652,81.8528023672895,-0.216436381684143,0.955907430698855,"#CCCCCA"
"5827566716_3","5827566716_3.png",2,0.4348,48.4854951889556,-1.9094065248589,2.46596836377222,"#72746F"
"5827566716_4","5827566716_4.png",1,0.5558,78.5907892370241,-0.364801105937898,1.67469454484037,"#C3C3BF"
"5827566716_4","5827566716_4.png",2,0.4442,47.4540608216312,-1.70927486215323,2.39364518483952,"#6F716C"
"5827567264_1","5827567264_1.png",1,0.1424,82.0430192288767,0.971623794011556,4.4657922029763,"#D2CBC4"
"5827567264_1","5827567264_1.png",2,0.8576,72.6693969821694,-3.19760333524321,-7.55060743311684,"#A5B5C0"
"5827624342_1","5827624342_1.png",1,0.5142,87.6986227113666,-0.398173906992194,1.85462251717954,"#DDDCD8"
"5827624342_1","5827624342_1.png",2,0.4858,65.6842392235622,0.253431681615064,4.61118790493228,"#A49F97"
"5827626716_1","5827626716_1.png",1,0.400684931506849,83.7830990334229,0.903998844582709,7.79667171412056,"#D9D0C2"
"5827626716_1","5827626716_1.png",2,0.599315068493151,70.6108055872921,2.33712469244022,11.8396381035359,"#BAAB97"
"5827935994_1","5827935994_1.png",1,0.4896,75.9748299855066,2.84276827773744,7.09740912777432,"#C6B9AE"
"5827935994_1","5827935994_1.png",2,0.5104,35.0093274528347,2.53767642279152,2.38665197149737,"#58514F"
"5827942807_1","5827942807_1.png",1,0.488,83.854846935031,1.51199275553517,7.53454073474749,"#DAD0C3"
"5827942807_1","5827942807_1.png",2,0.512,66.7319530995484,3.64110327958546,10.5173943198689,"#B19F90"
"5828079267_1","5828079267_1.png",1,0.3952,83.2128760054263,0.0912689387843281,8.10115261863214,"#D6CFC0"
"5828079267_1","5828079267_1.png",2,0.6048,65.1198028399351,2.44089271501035,12.4881552910754,"#AB9C88"
"5828255665_1","5828255665_1.png",1,0.4664,88.3702599926752,1.71391546337979,5.40281719554425,"#E6DCD4"
"5828255665_1","5828255665_1.png",2,0.5336,68.5984160792201,3.31835968387364,6.92353909058581,"#B3A59B"
"5828264888_1","5828264888_1.png",1,0.4634,80.6729716199036,0.505135964178266,7.0000759719661,"#CFC7BB"
"5828264888_1","5828264888_1.png",2,0.5366,65.2137512105438,2.50059868192759,10.241725902505,"#AA9C8C"
"5828719974_1","5828719974_1.png",1,0.5202,78.1723747992806,0.848326238208874,6.15795400324616,"#C8C0B6"
"5828719974_1","5828719974_1.png",2,0.4798,50.9403865158796,1.41337384011191,13.3212404820941,"#847863"
"5828719974_2","5828719974_2.png",1,0.4098,78.8431369625147,0.820848927559958,5.32405088484269,"#C9C2B9"
"5828719974_2","5828719974_2.png",2,0.5902,53.2466625640728,1.96168970155118,10.65060045518,"#8A7D6D"
"5828719974_3","5828719974_3.png",1,0.5494,76.4420469766979,0.869743501880416,6.34480374923849,"#C3BCB1"
"5828719974_3","5828719974_3.png",2,0.4506,47.8156166087772,2.08661159006663,13.0178491147318,"#7D705C"
"5830300429_1","5830300429_1.png",1,0.6088,77.4089879022344,0.52093635664278,4.4183095145617,"#C4BFB7"
"5830300429_1","5830300429_1.png",2,0.3912,49.9099474069898,3.29629407284651,9.35088244149198,"#837467"
"5830391127_1","5830391127_1.png",1,0.6476,82.9440170574978,1.6908177468183,5.16951975150918,"#D6CDC5"
"5830391127_1","5830391127_1.png",2,0.3524,62.1161099056064,2.77807869811149,9.99271939706301,"#A29485"
"5830391127_2","5830391127_2.png",1,0.6426,78.5741390343513,0.518142596327366,4.96332563363791,"#C7C2B9"
"5830391127_2","5830391127_2.png",2,0.3574,51.5753206471761,1.57315847178286,7.27489510656548,"#837A6F"
"5830391127_3","5830391127_3.png",1,0.6324,75.8876660013312,1.22831995287081,5.19754240136117,"#C2BAB2"
"5830391127_3","5830391127_3.png",2,0.3676,51.0811115816047,1.80463077843199,6.42545012406303,"#81786F"
"5830391127_4","5830391127_4.png",1,0.6452,74.9105546346585,1.27033687498685,5.26987363706191,"#BFB7AF"
"5830391127_4","5830391127_4.png",2,0.3548,48.4634350556411,1.44637331341639,6.05091876616915,"#7A7269"
"5830391127_5","5830391127_5.png",1,0.624,72.3989485330192,0.479808591895838,5.41112650359679,"#B7B1A8"
"5830391127_5","5830391127_5.png",2,0.376,36.8031202224966,-0.491363637477994,3.67297398508062,"#585751"
"5830391127_6","5830391127_6.png",1,0.6236,72.8289019950379,0.697353006049608,5.15196887893772,"#B8B2A9"
"5830391127_6","5830391127_6.png",2,0.3764,47.6267122084106,0.495166779047362,4.96064407316895,"#757069"
"5830391127_7","5830391127_7.png",1,0.6348,72.744884802058,0.452925892231753,4.25295911369216,"#B7B2AB"
"5830391127_7","5830391127_7.png",2,0.3652,37.5457627943917,0.422048997813604,3.18661269127127,"#5B5853"
"5830391127_8","5830391127_8.png",1,0.639,78.8557028135717,0.422233528860212,4.23916210488894,"#C7C3BB"
"5830391127_8","5830391127_8.png",2,0.361,36.8480908755747,1.50286380501929,6.63470407735525,"#5D564C"
"5830391127_9","5830391127_9.png",1,0.674,80.3822597408959,0.851296167228451,5.23090649932504,"#CDC7BE"
"5830391127_9","5830391127_9.png",2,0.326,47.0633629090408,2.33090708894443,8.33083205920567,"#796E62"
"5830494027_1","5830494027_1.png",1,0.5558,82.0193740067572,1.80380699495346,5.11509532279627,"#D4CAC2"
"5830494027_1","5830494027_1.png",2,0.4442,43.2555961933231,4.36565080932304,9.7711898183174,"#746356"
"5830746910_1","5830746910_1.png",1,0.4342,76.5006572011416,0.71833625996246,-0.701804710418348,"#BDBCBE"
"5830746910_1","5830746910_1.png",2,0.5658,57.3841462143126,1.60223791806955,1.07677227138508,"#8E8988"
"5830746910_2","5830746910_2.png",1,0.4568,78.4417968794081,1.52414619604054,1.72001705358768,"#C6C1BF"
"5830746910_2","5830746910_2.png",2,0.5432,60.2467236415794,3.11402271520967,2.06034559375651,"#988F8E"
"5830746910_3","5830746910_3.png",1,0.4812,80.8344364945806,1.03243221347666,-0.0251779088417673,"#CBC8C9"
"5830746910_3","5830746910_3.png",2,0.5188,61.9377006300111,2.14411864307743,-1.38442967994717,"#989498"
"5830746910_4","5830746910_4.png",1,0.624,85.5342215381323,0.399815324778363,1.20932100328942,"#D8D5D3"
"5830746910_4","5830746910_4.png",2,0.376,68.4403825294109,1.14162394624302,1.63464273967484,"#AAA6A4"
"5830817017_1","5830817017_1.png",1,0.4326,48.5553589557138,-1.41875087445822,11.0455745225386,"#787361"
"5830817017_1","5830817017_1.png",2,0.5674,35.4418111104835,-1.09411009999772,8.74751549731302,"#575345"
"5830853596_1","5830853596_1.png",1,0.7128,75.1353593956119,-0.415553511925468,-0.382401319862878,"#B8B9BA"
"5830853596_1","5830853596_1.png",2,0.2872,41.4861432808792,2.05759223784345,-5.85279941697419,"#61616B"
"5830868574_1","5830868574_1.png",1,0.5228,82.0790961286338,0.897742851661895,7.05945036047334,"#D4CBBF"
"5830868574_1","5830868574_1.png",2,0.4772,53.3555305954601,6.16988029438366,13.8863426754248,"#937B68"
"5830868574_2","5830868574_2.png",1,0.5256,80.7452585985899,-0.449253265151798,3.97841675758066,"#CBC8C1"
"5830868574_2","5830868574_2.png",2,0.4744,48.5164216499427,3.86077571287358,10.9423929058199,"#817061"
"5830907674_1","5830907674_1.png",1,0.5802,72.9930137487251,3.19860239170369,13.1486753313413,"#C3B09B"
"5830907674_1","5830907674_1.png",2,0.4198,36.0844608901778,3.51541930179638,6.90314315937414,"#5F534A"
"5830907674_2","5830907674_2.png",1,0.6212,74.5627165957744,2.6951417534697,13.3459776609721,"#C6B59F"
"5830907674_2","5830907674_2.png",2,0.3788,36.0497434982844,2.99666689457625,8.19485842886688,"#5F5348"
"5830907674_3","5830907674_3.png",1,0.5788,73.1402958211761,3.36148880295276,14.4121671238015,"#C4B199"
"5830907674_3","5830907674_3.png",2,0.4212,34.9301798796364,3.96590239446899,7.61233559673857,"#5D5046"
"5830907674_4","5830907674_4.png",1,0.5974,77.2320857231917,3.27596857083128,13.1725875726827,"#CFBCA7"
"5830907674_4","5830907674_4.png",2,0.4026,37.8618701284582,6.56795791708032,9.35528115357609,"#69554A"
"5830907674_5","5830907674_5.png",1,0.5294,73.9175011024311,3.1308520706322,15.1679341640154,"#C6B39A"
"5830907674_5","5830907674_5.png",2,0.4706,36.3941452855947,3.9695747323876,6.80284378727137,"#60534B"
"5830907674_6","5830907674_6.png",1,0.5834,76.1698885709222,2.00122608552272,12.997890484675,"#C9BAA4"
"5830907674_6","5830907674_6.png",2,0.4166,43.9561842054142,4.24924096387686,8.88899181774838,"#756559"
"5830907674_7","5830907674_7.png",1,0.5672,75.9418189990106,2.22330195526442,12.3775281335467,"#C9B9A5"
"5830907674_7","5830907674_7.png",2,0.4328,42.8016691172641,4.85009408355899,9.1515757443445,"#736256"
"5830907674_8","5830907674_8.png",1,0.6372,76.9743286259802,2.06562124996075,13.0403284042958,"#CCBCA6"
"5830907674_8","5830907674_8.png",2,0.3628,43.9463967880274,4.40511903886834,8.35573817705982,"#75655A"
"5830907674_9","5830907674_9.png",1,0.6468,74.4469477919126,2.20113184198189,12.4969323389564,"#C4B5A0"
"5830907674_9","5830907674_9.png",2,0.3532,32.536277818741,2.41608040298676,8.2137704452759,"#554B40"
"5830953813_1","5830953813_1.png",1,0.7112,78.7113754800401,0.171147989222796,-3.38982065250187,"#C0C3C9"
"5830953813_1","5830953813_1.png",2,0.2888,43.2662089361719,2.27372858366124,-6.77691723656567,"#656571"
"5837725160_1","5837725160_1.png",1,0.5218,83.6784575360196,3.07826924431176,2.28797161102576,"#D8CFCC"
"5837725160_1","5837725160_1.png",2,0.4782,45.4529392632894,6.4964099109903,17.7151891663159,"#80674E"
"5837739671_1","5837739671_1.png",1,0.4596,84.0736124416111,1.71125199773866,3.07815129874271,"#D8D0CC"
"5837739671_1","5837739671_1.png",2,0.5404,47.4373515494662,5.87503359532872,10.1132149575469,"#816D60"
"5837739671_2","5837739671_2.png",1,0.4436,81.9893059294727,2.17615245589727,2.13608628523251,"#D2CAC8"
"5837739671_2","5837739671_2.png",2,0.5564,47.9917707239184,5.76561961838371,8.01250265651552,"#816E65"
"5837739671_3","5837739671_3.png",1,0.4558,72.699966276388,3.58479444476183,9.28254098137703,"#C0B0A2"
"5837739671_3","5837739671_3.png",2,0.5442,37.8974947814563,5.54639950790495,14.2462140177198,"#6A5543"
"5837863600_1","5837863600_1.png",1,0.4914,80.6551436109379,2.1968105389911,5.34370571930645,"#D1C6BE"
"5837863600_1","5837863600_1.png",2,0.5086,60.448988271551,4.22248608553512,9.06833241627154,"#A08F82"
"5837896803_1","5837896803_1.png",1,0.5864,84.8130517876481,-0.237386125142695,-2.52549292254914,"#D1D4D8"
"5837896803_1","5837896803_1.png",2,0.4136,61.6123953537092,-0.453341450502415,1.60674612576127,"#959592"
"5837958843_1","5837958843_1.png",1,0.4902,81.6038876787532,1.47180436435883,2.52283626817076,"#D0CAC6"
"5837958843_1","5837958843_1.png",2,0.5098,47.8122169889509,1.43597318577303,-10.0655937755109,"#6B7182"
"5837969866_1","5837969866_1.png",1,0.2908,78.7515802019633,4.17502696891057,9.14512462471163,"#D2C0B2"
"5837969866_1","5837969866_1.png",2,0.7092,53.0508021383937,3.21701777865812,6.85312748044514,"#897C73"
"5837969866_2","5837969866_2.png",1,0.3652,85.8879428865741,0.960338316390511,6.97671897887075,"#DED6CA"
"5837969866_2","5837969866_2.png",2,0.6348,49.84276148693,3.84270545795652,12.984222022512,"#857461"
"5838155379_1","5838155379_1.png",1,0.56,83.9014107253973,-6.73230629332596,-4.69582188270828,"#BFD5DA"
"5838155379_1","5838155379_1.png",2,0.44,45.040532260662,1.03345885742881,3.63369904113985,"#6F6A65"
"5838157443_1","5838157443_1.png",1,0.615,83.5790506907693,-2.58619553065607,-4.10604390139455,"#C7D2D8"
"5838157443_1","5838157443_1.png",2,0.385,54.1104932836354,-1.75030458108815,-0.319323013978539,"#7E8282"
"5838167452_1","5838167452_1.png",1,0.2906,72.2292115895761,-0.335511745534966,4.87999721827052,"#B4B1A8"
"5838167452_1","5838167452_1.png",2,0.7094,47.0291099455286,-0.472459557875071,7.8542436593827,"#746F62"
"5840284160_1","5840284160_1.png",1,0.4958,81.0080566826528,-0.0178222035742872,7.6256129568317,"#CFC9BB"
"5840284160_1","5840284160_1.png",2,0.5042,49.9483088827233,1.10134504525754,7.25758884613573,"#7E766B"
"5840417724_1","5840417724_1.png",1,0.4996,85.9368245080811,2.63367026733611,14.0910792616465,"#E7D4BD"
"5840417724_1","5840417724_1.png",2,0.5004,56.7685408542786,3.82421805645946,10.7106410170394,"#968576"
"5840417724_2","5840417724_2.png",1,0.4732,86.5150953376395,1.54762364252115,8.99591440141075,"#E3D7C8"
"5840417724_2","5840417724_2.png",2,0.5268,59.8885763382903,2.95178558736539,9.85588150915075,"#9C8E7F"
"5840417724_3","5840417724_3.png",1,0.539,88.9257070744734,1.63235858259425,7.98655801112756,"#E9DED0"
"5840417724_3","5840417724_3.png",2,0.461,66.416564183928,3.0012609462945,8.23463823633402,"#AD9F93"
"5840417724_4","5840417724_4.png",1,0.5144,84.1695912190123,1.89245566982766,7.71404705846557,"#DCD0C4"
"5840417724_4","5840417724_4.png",2,0.4856,57.5247971849368,3.02384894932208,9.84350690108197,"#968879"
"5840885042_1","5840885042_1.png",1,0.5904,69.6313867504122,-0.0872896689743329,0.510802443291656,"#AAAAA9"
"5840885042_1","5840885042_1.png",2,0.4096,40.5854359015421,1.37952869541885,4.88456050250074,"#655F58"
"5843961845_1","5843961845_1.png",1,0.6458,87.5464977536273,-0.556038685194612,-2.75180805603248,"#D8DCE1"
"5843961845_1","5843961845_1.png",2,0.3542,67.7731033182823,2.07101958295438,-5.1198741351164,"#A5A4AE"
"5844097974_1","5844097974_1.png",1,0.5338,75.2553595005461,2.69395185073689,6.14977855256131,"#C3B7AE"
"5844097974_1","5844097974_1.png",2,0.4662,56.6296938146786,4.41782597914269,12.8955249723643,"#988472"
"5844158665_1","5844158665_1.png",1,0.776,88.8573366131446,0.204734623615187,4.10935828657967,"#E3DFD7"
"5844158665_1","5844158665_1.png",2,0.224,61.7699638328326,1.40308485054559,7.73191961856596,"#9D9488"
"5844158665_2","5844158665_2.png",1,0.6658,90.9688617845808,0.0113059584447027,2.44015127831805,"#E7E5E0"
"5844158665_2","5844158665_2.png",2,0.3342,69.1134703049754,1.23165635918552,4.8743571653534,"#AFA8A0"
"5844257660_1","5844257660_1.png",1,0.4494,81.7219905725222,0.904685211612621,-2.4638766717245,"#CBCBD0"
"5844257660_1","5844257660_1.png",2,0.5506,54.9213106856083,4.28427039832109,-3.73248143889538,"#88818A"
"5844276345_1","5844276345_1.png",1,0.7306,81.2665890116972,1.22418726874974,6.03848748832473,"#D1C9BF"
"5844276345_1","5844276345_1.png",2,0.2694,32.5473468674513,0.929958201192693,1.79622663836259,"#4F4C4A"
"5844314007_1","5844314007_1.png",1,0.7726,83.1506010197623,0.789585872652434,5.62545269104174,"#D5CEC5"
"5844314007_1","5844314007_1.png",2,0.2274,57.3342094672581,2.65169217833139,7.40806054612474,"#94887D"
"5844349928_1","5844349928_1.png",1,0.6286,76.3948529347641,-2.10770287715598,-8.20489678912864,"#B1BECB"
"5844349928_1","5844349928_1.png",2,0.3714,50.4156676308181,-1.02559913492986,-4.06062802301049,"#73797F"
"5844612873_1","5844612873_1.png",1,0.421,77.896407084688,0.763172087829779,-1.32270408839634,"#C1C0C3"
"5844612873_1","5844612873_1.png",2,0.579,51.7836828609623,1.88375198741117,-0.17170789559045,"#7F7A7C"
"5844612873_2","5844612873_2.png",1,0.797761194029851,68.2592504392992,0.700883246917943,-0.591618687608716,"#A7A6A7"
"5844612873_2","5844612873_2.png",2,0.202238805970149,32.1336382203769,4.07958107249362,7.67821690009732,"#574940"
"5867779150_1","5867779150_1.png",1,0.8408,91.8947922701723,1.43830867692374,-2.16996797172205,"#E9E7EC"
"5867779150_1","5867779150_1.png",2,0.1592,65.6877518446709,2.43398267114354,1.46434721494123,"#A59E9D"
"5867779150_2","5867779150_2.png",1,0.8166,93.3041569174552,-0.648740842245554,-0.170423287526926,"#EAECEC"
"5867779150_2","5867779150_2.png",2,0.1834,78.1271731352599,-0.0426914714726427,1.55904006442423,"#C2C1BE"
"5867779150_3","5867779150_3.png",1,0.858,94.0638247681577,-0.0516567165650195,-0.685050334114633,"#EDEEEF"
"5867779150_3","5867779150_3.png",2,0.142,77.8610653179212,0.784405320900187,1.41303031418997,"#C3C0BE"
"5867906571_1","5867906571_1.png",1,0.729,88.3102303859592,1.8493532884138,-2.1975118418211,"#DFDDE2"
"5867906571_1","5867906571_1.png",2,0.271,55.0365003561879,1.17235681549461,-1.28463822922767,"#858386"
"5867923553_1","5867923553_1.png",1,0.641,88.3967957964338,1.3340223743613,-1.29078042252041,"#DFDDE0"
"5867923553_1","5867923553_1.png",2,0.359,63.779477304607,8.37979068280853,-1.04585912706,"#A9969D"
"5867923553_2","5867923553_2.png",1,0.7432,83.8419737777293,2.52562035456225,-2.95822278345969,"#D3D0D7"
"5867923553_2","5867923553_2.png",2,0.2568,51.9627780169742,10.4131458311392,-14.6894784495287,"#827795"
"5867923553_3","5867923553_3.png",1,0.5282,79.035333973091,1.25903597507296,-7.35876564783106,"#BFC3D1"
"5867923553_3","5867923553_3.png",2,0.4718,52.5874005966841,8.51923412359768,-12.1679839215884,"#837992"
"5867923553_4","5867923553_4.png",1,0.5692,71.466096053685,1.25214822787817,-9.78505821875501,"#A8AFC1"
"5867923553_4","5867923553_4.png",2,0.4308,42.440284416804,13.3004726048299,-24.7384260956278,"#655F8D"
"5867923553_5","5867923553_5.png",1,0.4766,76.6103608915146,2.61458367794152,-6.77968681715637,"#BCBCC9"
"5867923553_5","5867923553_5.png",2,0.5234,51.983396206271,8.05552929950323,-12.2085578097677,"#807891"
"5889320980_1","5889320980_1.png",1,0.6338,79.561367154212,1.85985774574645,6.07441192958646,"#CEC4BA"
"5889320980_1","5889320980_1.png",2,0.3662,52.463561216949,3.75827407425509,8.86362598787154,"#8A7A6E"
"5889429658_1","5889429658_1.png",1,0.5906,73.7136457722519,-3.28459463555259,3.37123973933939,"#B2B7AF"
"5889429658_1","5889429658_1.png",2,0.4094,55.3067936130672,-2.36154131441471,11.2792890746626,"#888571"
"5889429658_2","5889429658_2.png",1,0.685,84.86694400939,-0.983935678888258,-1.00299449384115,"#D1D5D6"
"5889429658_2","5889429658_2.png",2,0.315,64.1353179806864,-1.23874058123437,2.00195338349808,"#9B9C98"
"5889556351_1","5889556351_1.png",1,0.414,59.1401047394937,-0.373656907739612,4.04502822856817,"#918E87"
"5889556351_1","5889556351_1.png",2,0.586,46.7546760358087,-0.226919639657889,1.93153100657756,"#706F6C"
"5889796279_1","5889796279_1.png",1,0.5042,82.3933863467387,0.34497732187476,3.40558422172499,"#D0CDC7"
"5889796279_1","5889796279_1.png",2,0.4958,53.385876027304,1.84569290605716,2.82839786047701,"#857E7B"
"5890028920_1","5890028920_1.png",1,0.5844,80.1481727264002,3.67731914988762,3.51675172606196,"#D1C4C0"
"5890028920_1","5890028920_1.png",2,0.4156,46.7096737393628,1.55368687710993,4.77263051655909,"#756E67"
"5890057759_1","5890057759_1.png",1,0.6284,91.2108425539548,-0.671650595935885,3.52368639534326,"#E7E6DF"
"5890057759_1","5890057759_1.png",2,0.3716,50.6965246357593,0.100557021414379,15.913380109732,"#83785E"
"5890324474_1","5890324474_1.png",1,0.4498,64.3840771489134,-0.0833302807018896,-2.11544521734144,"#9A9CA0"
"5890324474_1","5890324474_1.png",2,0.5502,51.3593955943689,0.414430848394029,-3.22131765354966,"#787A80"
"5892467579_1","5892467579_1.png",1,0.5268,88.619421142854,0.236578791934492,3.59418154131343,"#E2DED8"
"5892467579_1","5892467579_1.png",2,0.4732,45.5911546219859,-1.13553143339067,1.12482777561126,"#6B6C6A"
"5892547376_1","5892547376_1.png",1,0.7304,73.7374943408031,-0.214312406794512,0.575937339432831,"#B5B5B4"
"5892547376_1","5892547376_1.png",2,0.2696,32.9506944026471,0.697832522915562,3.50097126258132,"#514D48"
"5892818497_1","5892818497_1.png",1,0.626,89.1432768505076,1.60941213598361,-1.38985488079306,"#E2DFE3"
"5892818497_1","5892818497_1.png",2,0.374,60.2657012642739,2.19047758355499,-4.54937062250594,"#929099"
"5897310089_1","5897310089_1.png",1,0.318,93.5885589546881,1.56905400920585,2.40408995968002,"#F2EBE8"
"5897310089_1","5897310089_1.png",2,0.682,65.7207905351687,2.19149748942238,-3.04094477348659,"#A19FA5"
"5897367788_1","5897367788_1.png",1,0.789,92.3857134862028,-1.05852454139838,-4.15188892980478,"#E3EAF1"
"5897367788_1","5897367788_1.png",2,0.211,47.5004395628071,-0.253763492575227,-8.30937336394186,"#69717E"
"5897374902_1","5897374902_1.png",1,0.6496,88.6695391441779,6.06619126360918,5.27467019109459,"#EFDAD5"
"5897374902_1","5897374902_1.png",2,0.3504,56.7955107227068,12.2923954333011,11.970598680271,"#A58074"
"5897374902_2","5897374902_2.png",1,0.5402,83.9674400677282,5.08538222821612,5.41504872585034,"#DFCEC7"
"5897374902_2","5897374902_2.png",2,0.4598,50.1265917176239,7.06372929494993,7.692362355142,"#88736B"
"5901248438_1","5901248438_1.png",1,0.6686,88.0773403322355,0.202857650359749,9.73690529811862,"#E5DCCB"
"5901248438_1","5901248438_1.png",2,0.3314,55.6723434142134,7.26309178901165,19.8090072154466,"#9D8063"
"5901248438_2","5901248438_2.png",1,0.5468,83.3083034551151,1.1461678679557,9.06085053511369,"#D9CEBF"
"5901248438_2","5901248438_2.png",2,0.4532,61.6004085628652,3.61712769055626,9.45990730381209,"#A29284"
"5902584179_1","5902584179_1.png",1,0.5354,71.5424770085593,0.784643162430669,2.63823515768163,"#B3AFAA"
"5902584179_1","5902584179_1.png",2,0.4646,43.910964877017,1.66956143916452,11.8004234314537,"#726654"
"5902584179_2","5902584179_2.png",1,0.4762,76.7289040481242,0.450192556917326,0.858863344393171,"#BFBDBC"
"5902584179_2","5902584179_2.png",2,0.5238,47.1088409159056,2.34129085207224,9.96287569939179,"#7A6E5F"
"5902584179_3","5902584179_3.png",1,0.4948,77.7087294087737,0.48839866708361,0.161553819732577,"#C1C0C0"
"5902584179_3","5902584179_3.png",2,0.5052,47.9219122815279,2.56543198214891,9.40640458605195,"#7C7062"
"5904083348_1","5904083348_1.png",1,0.4912,90.2115744266137,0.927678964470778,-1.19399897175889,"#E4E2E5"
"5904083348_1","5904083348_1.png",2,0.5088,69.3135648839732,2.94632516015487,0.917774322038072,"#AFA7A8"
"5908642857_1","5908642857_1.png",1,0.5068,79.6301759424852,0.45587333826845,2.9199648410448,"#C9C5C0"
"5908642857_1","5908642857_1.png",2,0.4932,48.7719354110822,1.57931868274133,3.99444701331868,"#79736D"
"5908939063_1","5908939063_1.png",1,0.7072,88.6062796594754,1.90995773838386,3.18982047256375,"#E5DDD8"
"5908939063_1","5908939063_1.png",2,0.2928,58.5170565234305,3.94429486200337,3.30689391828068,"#968A87"
"5909251651_1","5909251651_1.png",1,0.6788,75.6624846160548,1.5260895104334,2.60906357242483,"#BFB9B6"
"5909251651_1","5909251651_1.png",2,0.3212,55.1875716345917,4.24272390303803,0.480080167944309,"#8C8283"
"5909263547_1","5909263547_1.png",1,0.381619937694704,69.1341466203392,-9.97019781289797,16.4847505452602,"#A2AD8B"
"5909263547_1","5909263547_1.png",2,0.618380062305296,46.4013058861634,-11.1772631987994,21.2756185874044,"#68724A"
"5909391621_1","5909391621_1.png",1,0.8678,83.5292365677755,1.33548562407784,7.96106133894177,"#D9CFC1"
"5909391621_1","5909391621_1.png",2,0.1322,51.1397642367704,4.87187812388887,12.9706491969682,"#8A7664"
"5909391621_2","5909391621_2.png",1,0.8286,88.6254137132843,1.58627844327567,7.11364432365916,"#E7DDD1"
"5909391621_2","5909391621_2.png",2,0.1714,50.7097914987136,5.88298784421388,3.6556029270839,"#857573"
"5909391621_3","5909391621_3.png",1,0.7606,84.3914271152173,0.502794846410248,10.4500226107164,"#DCD2BF"
"5909391621_3","5909391621_3.png",2,0.2394,48.2201520664687,2.4161076244685,13.4088628088582,"#7F705C"
"5909391621_4","5909391621_4.png",1,0.6574,80.0735273789365,1.58231468742832,8.02070134911469,"#D0C5B8"
"5909391621_4","5909391621_4.png",2,0.3426,42.6148741206171,3.26316962988742,9.61405965892178,"#706255"
"5909391621_5","5909391621_5.png",1,0.8552,88.1845491518912,1.01316764777588,4.49276711580917,"#E3DCD5"
"5909391621_5","5909391621_5.png",2,0.1448,51.9191070881153,2.04033006319373,11.6917633380703,"#877A68"
"5920116057_1","5920116057_1.png",1,0.6164,78.3406218357983,2.06488362766939,-0.172854381920715,"#C6C1C2"
"5920116057_1","5920116057_1.png",2,0.3836,55.2361809821344,1.71243993160774,2.26090749678096,"#898380"
"5920116057_2","5920116057_2.png",1,0.4784,73.4854414598939,0.290655308646463,-0.439537693938781,"#B5B4B5"
"5920116057_2","5920116057_2.png",2,0.5216,50.2956609401573,-0.489514648933505,1.30823536586292,"#787875"
"5920136873_1","5920136873_1.png",1,0.5966,88.7531308495808,0.584652914149606,5.47252595694969,"#E5DED4"
"5920136873_1","5920136873_1.png",2,0.4034,45.5372712987799,2.13572368304582,8.03847181018098,"#756A5F"
"5932218748_1","5932218748_1.png",1,0.9212,91.101207877743,-0.689114301357897,-1.68781588418747,"#E3E6E9"
"5932218748_1","5932218748_1.png",2,0.0788,58.4377469242656,5.40008634486333,-1.08652056849627,"#95898F"
"5935317103_1","5935317103_1.png",1,0.3778,82.0800964062668,-0.421867986612604,0.504955277044408,"#CCCCCB"
"5935317103_1","5935317103_1.png",2,0.6222,49.8859822378364,-0.582237788545985,4.88887891051087,"#79776E"
"5935381996_1","5935381996_1.png",1,0.5554,85.6598801690113,-0.150293656654255,-3.36110032485887,"#D3D6DC"
"5935381996_1","5935381996_1.png",2,0.4446,60.9233932199074,0.880574079936147,-2.62514891604554,"#929398"
"5935381996_2","5935381996_2.png",1,0.512,81.5487799276523,-0.70711637185334,-7.02624009796379,"#C3CCD8"
"5935381996_2","5935381996_2.png",2,0.488,55.6933799519721,0.344347422803698,-8.11072669449842,"#7F8693"
"5935395217_1","5935395217_1.png",1,0.5878,73.6154155635416,-3.04823372850815,3.91357052451344,"#B2B6AE"
"5935395217_1","5935395217_1.png",2,0.4122,57.4140429902683,-5.2235222247873,7.77217180013634,"#868C7C"
"5935400144_1","5935400144_1.png",1,0.3898,70.4555328183996,1.23319287228302,0.66567991668248,"#AFACAB"
"5935400144_1","5935400144_1.png",2,0.6102,52.7230080295633,1.31279528026823,-0.421856517109518,"#807D7F"
"5935535087_1","5935535087_1.png",1,0.5626,69.0092499285004,3.14907704612012,-0.22027928877524,"#AEA7A9"
"5935535087_1","5935535087_1.png",2,0.4374,33.3998942912279,8.07738106387828,2.22425422974332,"#5D4A4B"
"5936002832_1","5936002832_1.png",1,0.4282,76.6829378495532,0.449419427395341,3.27896351780429,"#C1BDB7"
"5936002832_1","5936002832_1.png",2,0.5718,52.3689794754836,0.419734682631267,2.56828277517014,"#807D79"
"5938311177_1","5938311177_1.png",1,0.573,84.861510002865,2.83330097565236,1.10999022483124,"#DAD2D2"
"5938311177_1","5938311177_1.png",2,0.427,58.8293770004784,2.91687591428704,5.08892398340523,"#978C85"
"5938398546_1","5938398546_1.png",1,0.585,71.6419870524743,1.72736068642131,0.0376915036169497,"#B3AEAF"
"5938398546_1","5938398546_1.png",2,0.415,54.0642312495168,3.16609657836199,1.14625057135135,"#887F7F"
"5938500810_1","5938500810_1.png",1,0.5898,88.2661352640147,1.93301342957604,-1.40586087307211,"#E0DCE0"
"5938500810_1","5938500810_1.png",2,0.4102,58.7276400359983,3.66702339152718,-0.413185387407738,"#948B8E"
"6129963470_1","6129963470_1.png",1,0.6412,73.9264148055953,0.569233204265498,1.54156340832754,"#B8B5B3"
"6129963470_1","6129963470_1.png",2,0.3588,51.3943607028113,0.830223576532595,6.00638843365885,"#807A70"
"6130018268_1","6130018268_1.png",1,0.743,85.4587644273567,-0.286797044725756,0.208242225436924,"#D5D6D5"
"6130018268_1","6130018268_1.png",2,0.257,56.708246662966,0.239586172529646,-1.14681537437573,"#88888A"
"6130158334_1","6130158334_1.png",1,0.688,79.3183264303601,0.95950313710531,1.84886231306532,"#C8C4C1"
"6130158334_1","6130158334_1.png",2,0.312,43.4765601547477,1.58355714511528,3.92100526401264,"#6C6660"
"6130182430_1","6130182430_1.png",1,0.696,82.6236928100644,0.80129897778632,8.18609798829063,"#D6CDBE"
"6130182430_1","6130182430_1.png",2,0.304,55.7611328973336,3.25579348409025,19.3808580405067,"#978364"
"6131109270_1","6131109270_1.png",1,0.6242,75.8768318474047,0.162479434204913,-2.48417954189817,"#B9BBC0"
"6131109270_1","6131109270_1.png",2,0.3758,46.2268838236875,1.59402943678194,2.25062434388132,"#726C6A"
"6131161103_1","6131161103_1.png",1,0.5614,76.3458395245021,1.18412807505624,6.10671922206834,"#C3BBB1"
"6131161103_1","6131161103_1.png",2,0.4386,49.901093609304,2.0285119906625,8.82612140037378,"#807568"
"6131161103_2","6131161103_2.png",1,0.514,74.5413524298333,1.65379339376181,6.8520870224497,"#C0B6AB"
"6131161103_2","6131161103_2.png",2,0.486,43.6780553743937,1.60053825176867,3.28603597012331,"#6C6662"
"6133223497_1","6133223497_1.png",1,0.7808,72.041403852459,1.93295613168261,-3.04241503353023,"#B2B0B6"
"6133223497_1","6133223497_1.png",2,0.2192,39.5096484673569,1.32115582394294,-0.413327094193182,"#5F5C5E"
"6147724004_1","6147724004_1.png",1,0.4276,82.9627352324375,-1.21948557950585,4.66208271083954,"#D0CFC6"
"6147724004_1","6147724004_1.png",2,0.5724,58.5584752443257,0.127090378708033,6.36847714709302,"#928C82"
"6147724004_2","6147724004_2.png",1,0.4698,85.9257828198285,-4.13912304014293,-0.114809484331299,"#CED9D7"
"6147724004_2","6147724004_2.png",2,0.5302,61.6475082741001,-1.80188717709635,5.31424705405032,"#96968B"
"6150412536_1","6150412536_1.png",1,0.6036,82.2125746599039,1.66423668641177,6.08168316022587,"#D5CBC1"
"6150412536_1","6150412536_1.png",2,0.3964,51.3732514710227,1.1440898673687,2.19940659102176,"#7E7A77"
"6150602557_1","6150602557_1.png",1,0.4044,83.8505042782043,0.58396114896813,0.211534253306801,"#D2D1D1"
"6150602557_1","6150602557_1.png",2,0.5956,36.268657051963,8.29390291019445,5.38234187356985,"#66504D"
"6150602751_1","6150602751_1.png",1,0.4864,80.4820193886853,-1.1081167537668,-2.81976302506038,"#C3C9CD"
"6150602751_1","6150602751_1.png",2,0.5136,52.42154722765,0.103132258133907,0.897109736619885,"#7E7D7C"
"6150602751_2","6150602751_2.png",1,0.4804,79.9644013423731,-1.131864311464,-2.67541841150602,"#C2C7CB"
"6150602751_2","6150602751_2.png",2,0.5196,54.6973863435804,-0.187959772775196,1.59463262029089,"#848380"
"6150602751_3","6150602751_3.png",1,0.891223733003708,42.7336322755162,2.38240660565336,-2.95756956717373,"#67646A"
"6150602751_3","6150602751_3.png",2,0.108776266996292,35.4381158933912,0.153331910501508,12.7367907925,"#5B533F"
"6150602751_4","6150602751_4.png",1,0.7776,85.4134787560224,0.0439942502937368,9.52454291647262,"#DDD5C4"
"6150602751_4","6150602751_4.png",2,0.2224,43.7171280541499,1.69703863200363,4.68652616883055,"#6D6660"
"6150602751_5","6150602751_5.png",1,0.5486,73.7891373346513,0.834561794756647,6.72286130181487,"#BCB4A9"
"6150602751_5","6150602751_5.png",2,0.4514,48.3553501949239,2.25108981356236,9.1759389568171,"#7D7164"
"6150602751_6","6150602751_6.png",1,0.4854,80.2330527323175,1.05375554425203,8.77887497127444,"#D0C6B7"
"6150602751_6","6150602751_6.png",2,0.5146,42.8598979974959,3.45234092137681,15.1976009407794,"#74624C"
"6150602751_7","6150602751_7.png",1,0.5864,88.0038352439186,0.0793195673964634,7.77486845300581,"#E3DCCE"
"6150602751_7","6150602751_7.png",2,0.4136,46.7670269108021,3.34202035314611,14.7490622962098,"#7D6C56"
"6150602751_8","6150602751_8.png",1,0.4636,80.1729164953704,-1.17403845449154,-3.01244316696521,"#C2C8CC"
"6150602751_8","6150602751_8.png",2,0.5364,55.1486002472,-0.186866795465028,1.68452587864417,"#858481"
"6150621276_1","6150621276_1.png",1,0.4256,81.1425297160773,2.49065710045875,2.49684109611367,"#D0C8C5"
"6150621276_1","6150621276_1.png",2,0.5744,57.4128713622281,3.5031809299634,3.23643305891933,"#938884"
"6150670333_1","6150670333_1.png",1,0.5338,88.5698692269497,1.95720531592662,-0.0115171002479503,"#E2DDDE"
"6150670333_1","6150670333_1.png",2,0.4662,59.4913998190265,6.87866926323156,1.8188529153066,"#9D8B8C"
"6150813528_1","6150813528_1.png",1,0.3838,66.2986120185784,4.28945777532812,27.752042568081,"#BA9D70"
"6150813528_1","6150813528_1.png",2,0.6162,45.0055846198586,3.41383966286909,29.0937213350818,"#7F673A"
"6150813528_2","6150813528_2.png",1,0.423,55.7111432423031,1.8325518802964,26.5462245296475,"#988357"
"6150813528_2","6150813528_2.png",2,0.577,49.1695639362843,0.488105453712326,10.5294910236155,"#7D7463"
"6150913584_1","6150913584_1.png",1,0.6534,83.5925877035586,2.37874327681467,6.36005632014557,"#DACEC5"
"6150913584_1","6150913584_1.png",2,0.3466,59.3858605829208,5.0768339282203,10.4038969855776,"#9F8B7D"
"6151403679_1","6151403679_1.png",1,0.4332,74.2128933775202,-0.0901669403629377,3.96347329024977,"#BAB6AF"
"6151403679_1","6151403679_1.png",2,0.5668,64.2527465340039,0.237157824135791,2.04236955305355,"#9E9B98"
"6151480753_1","6151480753_1.png",1,0.797,93.4532088023303,-1.04099195067105,-0.259905490888479,"#EAEDED"
"6151480753_1","6151480753_1.png",2,0.203,65.6366985860868,-0.328718691797017,1.77007976027441,"#A09F9C"
"6151519769_1","6151519769_1.png",1,0.6186,70.6554272575059,-0.406701719876494,1.44376999063668,"#ADADAA"
"6151519769_1","6151519769_1.png",2,0.3814,51.0265898187766,-0.670608620242296,4.5714892989699,"#7C7A72"
"6151519769_2","6151519769_2.png",1,0.6048,72.0052949136897,-0.247253453365389,1.25143831548308,"#B1B1AE"
"6151519769_2","6151519769_2.png",2,0.3952,49.3450661857422,-1.02769481334929,4.65655994661818,"#77766D"
"6151558734_1","6151558734_1.png",1,0.4116,88.013445013237,0.959186517311865,-7.36938035034326,"#D8DDEB"
"6151558734_1","6151558734_1.png",2,0.5884,53.5266975234308,-4.01597600474819,-6.8683529017153,"#72828B"
"6151726643_1","6151726643_1.png",1,0.6272,84.955166274876,0.35554737257114,4.03821101642613,"#D8D4CD"
"6151726643_1","6151726643_1.png",2,0.3728,66.6573541189673,2.00720804128783,6.27681550464287,"#ABA197"
"6151781517_1","6151781517_1.png",1,0.8106,95.3970234063376,1.02425592135065,-0.136068343871449,"#F4F1F2"
"6151781517_1","6151781517_1.png",2,0.1894,69.9880111766991,4.90381312993047,6.22784470627893,"#B9A8A0"
"6151938103_1","6151938103_1.png",1,0.6278,87.1571813832112,1.78816550737303,3.27282888327095,"#E1D9D4"
"6151938103_1","6151938103_1.png",2,0.3722,52.9628098436029,2.59248297050551,14.4387802040718,"#8C7C66"
"6151997183_1","6151997183_1.png",1,0.6188,82.3798325409023,4.57206833815591,1.20753153969069,"#D7CACB"
"6151997183_1","6151997183_1.png",2,0.3812,60.2415698438606,7.03052569640499,6.64718844457501,"#A28D86"
"6151997183_2","6151997183_2.png",1,0.6214,75.9547811820887,3.69943970051545,8.20822314535985,"#C8B8AC"
"6151997183_2","6151997183_2.png",2,0.3786,52.9546541707038,6.98639413945471,12.6422371621879,"#927A69"
"6152101012_1","6152101012_1.png",1,0.5638,83.1198811518863,0.308985329984422,13.3405474968287,"#DACEB6"
"6152101012_1","6152101012_1.png",2,0.4362,62.448267753334,3.11511161281454,13.6459215753658,"#A6947F"
"6152101012_2","6152101012_2.png",1,0.5048,84.9621545089962,-1.67343836199519,11.775620940096,"#DAD4BE"
"6152101012_2","6152101012_2.png",2,0.4952,66.9198033274385,-0.346766176062828,12.0753023451253,"#ABA28D"
"6152101012_3","6152101012_3.png",1,0.4706,79.9238378798676,-2.18900995028798,18.045327846615,"#CFC6A5"
"6152101012_3","6152101012_3.png",2,0.5294,59.8590882731094,0.33987855974135,16.2670730343236,"#9C8F74"
"6152261957_1","6152261957_1.png",1,0.5982,83.7934856497631,-2.36271056478714,2.21929400489161,"#CED2CD"
"6152261957_1","6152261957_1.png",2,0.4018,67.6819721971893,-0.168285123911978,3.92211640798715,"#A8A59E"
"6152304468_1","6152304468_1.png",1,0.6902,86.0377703850517,-0.358047482338712,-2.31043323920243,"#D4D8DB"
"6152304468_1","6152304468_1.png",2,0.3098,62.3606222376636,0.615576803956693,-0.799636679253284,"#979698"
"6152304468_2","6152304468_2.png",1,0.664,88.1312801435152,-0.434074718875805,-2.16221045620419,"#DADDE1"
"6152304468_2","6152304468_2.png",2,0.336,64.9958038668507,0.73443526507111,-0.206555323528614,"#9F9D9E"
"6152304468_3","6152304468_3.png",1,0.6612,86.8803833179229,0.0993823545457798,-1.77701005357079,"#D8DADD"
"6152304468_3","6152304468_3.png",2,0.3388,60.0555024499598,0.776186247978818,-1.0513021899405,"#919093"
"6159260307_1","6159260307_1.png",1,0.6114,85.7184606206609,-0.092042362469877,2.43059527491387,"#D8D6D2"
"6159260307_1","6159260307_1.png",2,0.3886,57.153751882895,0.0455344707156863,5.83849507972132,"#8E897F"
"6171372651_1","6171372651_1.png",1,0.6558,82.5589512540522,-0.447680368517569,1.84719898125352,"#CECECA"
"6171372651_1","6171372651_1.png",2,0.3442,58.3209923595906,3.46367838139184,1.3611035470591,"#938A8A"
"6178721260_1","6178721260_1.png",1,0.4902,58.1976961767698,-1.25813395816473,0.575532444480399,"#8A8D8B"
"6178721260_1","6178721260_1.png",2,0.5098,44.6522514162384,-1.1340084266009,1.26480538032674,"#696A67"
"6179151293_1","6179151293_1.png",1,0.4194,88.9045009173516,2.41767502466748,5.11758232758296,"#E8DDD6"
"6179151293_1","6179151293_1.png",2,0.5806,73.9703286316086,3.3117235461792,4.5624589959925,"#C0B4AE"
"6179358265_1","6179358265_1.png",1,0.6278,83.1988085764281,-1.57780307155152,-0.62169868091058,"#CCD0D0"
"6179358265_1","6179358265_1.png",2,0.3722,51.1057652390696,-0.818490005738589,-2.75702272408217,"#767A7E"
"6182487623_1","6182487623_1.png",1,0.5148,75.7205539831812,1.82256185037998,-1.42005820822929,"#BDBABD"
"6182487623_1","6182487623_1.png",2,0.4852,45.5235210892163,2.00219065215802,-4.58176354440724,"#6C6B73"
"6182678477_1","6182678477_1.png",1,0.5642,75.6325276285419,1.13048010295508,-2.39239000577595,"#BABABF"
"6182678477_1","6182678477_1.png",2,0.4358,42.7230536519008,1.58485700064363,-5.77428468509166,"#63646E"
"6182924222_1","6182924222_1.png",1,0.4768,80.3433420256414,2.46183053172746,3.16838374435178,"#CFC6C2"
"6182924222_1","6182924222_1.png",2,0.5232,66.2457308617431,3.75716041871364,5.0663287365813,"#AC9E98"
"6184766865_1","6184766865_1.png",1,0.8408,84.7581610819158,2.24587378277389,13.243167417462,"#E2D1BB"
"6184766865_1","6184766865_1.png",2,0.1592,50.3224123249003,8.42984915161781,23.6790798590611,"#927250"
"6185011949_1","6185011949_1.png",1,0.6216,74.5727578700697,0.447704788108051,2.31326155726027,"#BAB7B3"
"6185011949_1","6185011949_1.png",2,0.3784,37.3882558147761,0.587726485635014,4.38853557234789,"#5C5751"
"6185605820_1","6185605820_1.png",1,0.422,86.2509369900827,2.38970548091911,9.08356322433248,"#E4D6C7"
"6185605820_1","6185605820_1.png",2,0.578,62.5821163106007,6.15877628858764,13.0994680278477,"#AB9380"
"6185605820_2","6185605820_2.png",1,0.5024,84.788452639574,3.11670851944403,10.4651448307153,"#E2D1C0"
"6185605820_2","6185605820_2.png",2,0.4976,60.7823818531502,7.41721166986865,14.5296660614747,"#A98D79"
"6185605820_3","6185605820_3.png",1,0.4442,88.25117375322,2.32127241622659,9.10281146421816,"#E9DBCC"
"6185605820_3","6185605820_3.png",2,0.5558,67.7782138092665,6.18109768656749,13.7659294248993,"#BAA18D"
"6186037016_1","6186037016_1.png",1,0.3754,68.9019628447824,1.49395216491722,1.16998998651811,"#ACA7A6"
"6186037016_1","6186037016_1.png",2,0.6246,36.3945014390375,3.90128717290257,2.5161543744895,"#5E5352"
"6186037016_2","6186037016_2.png",1,0.3822,72.0634213653536,1.69828981284739,0.734011500222597,"#B4B0AF"
"6186037016_2","6186037016_2.png",2,0.6178,38.7744567581091,3.94862589894142,3.35343736786761,"#645956"
"6186037016_3","6186037016_3.png",1,0.6544,63.8118013639062,1.20161168406246,3.66705498154621,"#A09A94"
"6186037016_3","6186037016_3.png",2,0.3456,15.8985698757892,3.28140197526492,3.49332075854941,"#2E2623"
"6186037016_4","6186037016_4.png",1,0.679,64.5520047796082,1.04712175871547,3.74932973349597,"#A19C96"
"6186037016_4","6186037016_4.png",2,0.321,21.5335087956117,2.27745806725779,4.47029038560192,"#3A322D"
"6187979153_1","6187979153_1.png",1,0.6156,73.0644054985076,2.66915162896971,-2.78233102895395,"#B6B2B8"
"6187979153_1","6187979153_1.png",2,0.3844,52.3237878323734,2.04864526893452,-0.491656002709027,"#807C7E"
"6188389987_1","6188389987_1.png",1,0.548507462686567,41.7585387619607,-0.119620945076224,-7.63883287492278,"#5C636F"
"6188389987_1","6188389987_1.png",2,0.451492537313433,37.1304228286644,0.267900017097097,-8.34824747290716,"#515865"
"6188507246_1","6188507246_1.png",1,0.7452,77.2870687467309,2.56741804226034,1.86553422086725,"#C5BDBC"
"6188507246_1","6188507246_1.png",2,0.2548,50.1823115936071,1.62629692275593,5.19103444994375,"#7E766F"
"6188507246_2","6188507246_2.png",1,0.7888,79.2913305148508,1.67369111113049,3.24585791368841,"#CAC3BE"
"6188507246_2","6188507246_2.png",2,0.2112,57.4645757570593,3.67260708040054,8.64374035171165,"#97877B"
"6188625864_1","6188625864_1.png",1,0.7568,85.3670910845234,1.27622448949209,2.62759247737694,"#DAD4D0"
"6188625864_1","6188625864_1.png",2,0.2432,57.6809033316408,2.9285682445573,6.43471468627126,"#948880"
"6188625864_2","6188625864_2.png",1,0.8262,83.0783628045426,1.49145931501836,3.34225557200089,"#D5CEC9"
"6188625864_2","6188625864_2.png",2,0.1738,47.7158036146747,3.67575843076655,8.3014003661936,"#7D6F63"
"6195224495_1","6195224495_1.png",1,0.555,86.8112780795753,-0.132222692355587,1.52393184001856,"#DAD9D6"
"6195224495_1","6195224495_1.png",2,0.445,56.7075467097376,-0.281223500459266,8.41286639030365,"#8E8879"
"6195244291_1","6195244291_1.png",1,0.6148,69.6672172081198,-0.477549623857911,-0.449530685462831,"#A9AAAB"
"6195244291_1","6195244291_1.png",2,0.3852,41.2546346839482,-0.0308879480063242,-4.5984019099653,"#5D6269"
"6195244291_2","6195244291_2.png",1,0.4656,86.0805832914457,-0.841948054772674,-1.61264198109366,"#D4D8DA"
"6195244291_2","6195244291_2.png",2,0.5344,55.6794861481522,-0.252617151313417,-0.482696903980696,"#858686"
"6195244291_3","6195244291_3.png",1,0.6136,71.8241485587351,-0.520436002717626,-0.156539162921319,"#AFB0B0"
"6195244291_3","6195244291_3.png",2,0.3864,38.0974377844325,-0.937907024582039,-1.19180259001079,"#575A5C"
"6195360396_1","6195360396_1.png",1,0.5814,80.9167583956929,1.75460681929458,-0.687827724882028,"#CCC8CA"
"6195360396_1","6195360396_1.png",2,0.4186,43.4070990762197,4.37376896755102,-4.82093172954666,"#6A646F"
"6195555284_1","6195555284_1.png",1,0.6534,85.9933806896827,2.92496167847611,-1.93739885055634,"#DBD5DB"
"6195555284_1","6195555284_1.png",2,0.3466,49.7863756577631,5.21638744865227,2.46952208316588,"#817372"
"6195827532_1","6195827532_1.png",1,0.7372,89.1706731969126,1.72278641597211,4.70911619362234,"#E7DFD7"
"6195827532_1","6195827532_1.png",2,0.2628,74.7252312233264,4.33030311375549,7.35869986226777,"#C6B5AB"
"6195827532_2","6195827532_2.png",1,0.8078,85.7165723925505,2.09881193905181,5.41658450815188,"#DFD5CC"
"6195827532_2","6195827532_2.png",2,0.1922,64.9757971004451,6.32292311504167,9.96117498365567,"#B0998C"
"6195845107_1","6195845107_1.png",1,0.58,86.3132815694132,1.09551544829238,1.96671040071637,"#DCD7D4"
"6195845107_1","6195845107_1.png",2,0.42,54.9496246737332,1.90958755850851,3.6463281783176,"#8A827D"
"6195893840_1","6195893840_1.png",1,0.6074,83.8866821003434,0.358226450974185,0.463760530889668,"#D2D1D0"
"6195893840_1","6195893840_1.png",2,0.3926,51.1263788688198,4.97371840852938,8.27905260300416,"#88766C"
"6195893840_2","6195893840_2.png",1,0.4556,84.4557221389617,1.75190808940017,3.09423343472344,"#D9D1CD"
"6195893840_2","6195893840_2.png",2,0.5444,50.4903855325894,6.36988861433946,9.35692398195055,"#897469"
"6195893840_3","6195893840_3.png",1,0.5104,85.918002951594,0.897862557619283,-0.0770085072010796,"#D9D6D7"
"6195893840_3","6195893840_3.png",2,0.4896,57.6654965185056,4.52327112407701,3.24942012266515,"#958885"
"6196022717_1","6196022717_1.png",1,0.733333333333333,43.6101686992254,0.797799466584701,2.34094866413385,"#6A6663"
"6196022717_1","6196022717_1.png",2,0.266666666666667,16.4294200068648,2.16417998724023,3.91594934244587,"#2E2723"
"6234203876_1","6234203876_1.png",1,0.6818,85.2643699428109,1.81993492003557,4.38177816860608,"#DCD4CD"
"6234203876_1","6234203876_1.png",2,0.3182,63.9810379756311,2.89517708703342,6.25705018116512,"#A59990"
"6234204376_1","6234204376_1.png",1,0.5514,82.0481805982265,2.10753361640142,0.303604232375458,"#D0CBCC"
"6234204376_1","6234204376_1.png",2,0.4486,48.1210216875538,7.89578297004432,-1.4329333222189,"#7F6E75"
"6234204376_2","6234204376_2.png",1,0.7022,66.5507786072763,1.43216250016652,-2.43383726998928,"#A2A1A6"
"6234204376_2","6234204376_2.png",2,0.2978,31.451466132788,9.0326915729435,-12.2182990649553,"#4F465D"
"6234204376_3","6234204376_3.png",1,0.5364,79.284613314864,1.65797354155027,0.11606223222928,"#C8C3C4"
"6234204376_3","6234204376_3.png",2,0.4636,47.3627187848317,6.48087172468465,-1.86682310644355,"#7A6D74"
"6234204376_4","6234204376_4.png",1,0.4838,79.3812870449819,0.487226235065793,-2.03399158283441,"#C4C4C8"
"6234204376_4","6234204376_4.png",2,0.5162,52.6108112462506,1.41735171106708,-3.94954950526507,"#7D7D84"
"6234204376_5","6234204376_5.png",1,0.761,76.7108963941755,1.4557888267226,-1.44215009305601,"#BFBDC0"
"6234204376_5","6234204376_5.png",2,0.239,48.999569867674,5.97258041616171,-6.13243526621782,"#7A717F"
"6234204376_6","6234204376_6.png",1,0.6156,85.4642909190602,-0.336058658307376,1.51881972391224,"#D6D6D3"
"6234204376_6","6234204376_6.png",2,0.3844,60.4624403778647,4.47703366624641,-3.71194420525134,"#978F98"
"6234204376_7","6234204376_7.png",1,0.5516,86.4658444810979,1.43949002768569,-0.41591888330749,"#DBD8D9"
"6234204376_7","6234204376_7.png",2,0.4484,41.3438501635277,4.90828884266215,-2.77751690472714,"#685F66"
"6234204376_8","6234204376_8.png",1,0.4874,75.1413093557232,0.517878697508545,-0.728180539509588,"#B9B9BA"
"6234204376_8","6234204376_8.png",2,0.5126,48.3084382958162,2.24938961230878,1.24156136375384,"#787171"
"6234204376_9","6234204376_9.png",1,0.7902,73.1695402841904,0.884101540640639,-1.49330999819845,"#B4B3B6"
"6234204376_9","6234204376_9.png",2,0.2098,40.5659849006613,8.06963089312443,-9.85323562332045,"#665C70"
"6234359675_1","6234359675_1.png",1,0.6228,84.0318293539141,2.67454791242401,1.59987277594619,"#D8D0CF"
"6234359675_1","6234359675_1.png",2,0.3772,50.0741579503043,3.1029323662165,8.56024367566057,"#827569"
"6234359675_2","6234359675_2.png",1,0.623,81.9795600083727,2.12276387651049,1.06027682973277,"#D1CACA"
"6234359675_2","6234359675_2.png",2,0.377,47.9028705068553,1.88225883753208,7.21146474910682,"#7A7066"
"6234429324_1","6234429324_1.png",1,0.4114,87.83944202032,0.277276441321138,1.7115183720358,"#DEDCD9"
"6234429324_1","6234429324_1.png",2,0.5886,62.4129893896857,3.50811090582054,9.04592636183152,"#A49487"
"6234429324_2","6234429324_2.png",1,0.4844,86.7929861425066,0.356140894069773,1.89277966061367,"#DCD9D6"
"6234429324_2","6234429324_2.png",2,0.5156,62.4438808384833,3.65970979532719,8.11187748525946,"#A39489"
"6234429324_3","6234429324_3.png",1,0.4664,85.8184276094202,0.781224547896498,1.68337110247384,"#DAD6D3"
"6234429324_3","6234429324_3.png",2,0.5336,60.0419524040965,4.58212848704661,9.27367321152782,"#9F8D81"
"6234523724_1","6234523724_1.png",1,0.5034,88.5501476367602,0.465316644244927,1.88824172660316,"#E1DEDB"
"6234523724_1","6234523724_1.png",2,0.4966,59.2991112090404,1.0861321406538,-0.170289438652872,"#918E8F"
"6234549922_1","6234549922_1.png",1,0.4284,79.1838847956953,2.78302800302363,3.94422804741624,"#CDC2BD"
"6234549922_1","6234549922_1.png",2,0.5716,65.4160226741725,2.55943038266915,1.44981384458029,"#A59D9C"
"6234689323_1","6234689323_1.png",1,0.5354,83.1171121400399,-2.33629822378242,-3.97345944538766,"#C7D1D6"
"6234689323_1","6234689323_1.png",2,0.4646,64.3349008238307,-1.58044194643489,-4.29603970782298,"#959DA3"
"6234805142_1","6234805142_1.png",1,0.6144,79.7765889650373,-0.7395477776545,-5.44697836697819,"#BFC7D0"
"6234805142_1","6234805142_1.png",2,0.3856,56.2212443024338,3.38279345789853,-9.58935953237621,"#858697"
"6234805142_2","6234805142_2.png",1,0.5908,82.2108354221626,-0.922059766635349,-5.88195657382654,"#C5CDD7"
"6234805142_2","6234805142_2.png",2,0.4092,58.7427834333446,2.28231462500632,-9.33007590027892,"#898D9E"
"6234805142_3","6234805142_3.png",1,0.5952,82.6683570586211,-0.0110237006526682,-5.5893010862513,"#C9CED8"
"6234805142_3","6234805142_3.png",2,0.4048,56.4873749432052,3.82448649438935,-9.43336696746637,"#868698"
"6235047642_1","6235047642_1.png",1,0.7516,75.3238886463964,5.1480692293992,4.52516486881271,"#C7B6B1"
"6235047642_1","6235047642_1.png",2,0.2484,46.228023125766,4.96354305614497,-1.04124021346678,"#756B6F"
"6235047642_2","6235047642_2.png",1,0.7118,81.7022777881636,6.52572400430025,6.21516735535662,"#DCC7C0"
"6235047642_2","6235047642_2.png",2,0.2882,57.3295437155579,6.11752838437876,3.98209204888169,"#978683"
"6235116701_1","6235116701_1.png",1,0.511,83.1921352959804,3.43402603240631,-1.25341891988263,"#D5CDD2"
"6235116701_1","6235116701_1.png",2,0.489,64.5831112039372,4.02170355530986,-3.30657869374023,"#A19AA3"
"6235134506_1","6235134506_1.png",1,0.7046,90.7511980636889,0.373433029740863,0.668246375843046,"#E6E4E3"
"6235134506_1","6235134506_1.png",2,0.2954,72.721923012788,1.74417400987708,0.786259221840198,"#B6B1B1"
"6235225665_1","6235225665_1.png",1,0.486,81.6429587704116,0.802222993902315,-0.352430936751136,"#CCCACC"
"6235225665_1","6235225665_1.png",2,0.514,57.0125782532198,0.583215677337706,-3.77362342864603,"#87898F"
"6235333637_1","6235333637_1.png",1,0.8926,86.6399157007142,-1.69312114132055,5.54520829854299,"#DAD9CE"
"6235333637_1","6235333637_1.png",2,0.1074,29.5578138443777,5.13332412153843,8.4268784101094,"#524239"
"6235582306_1","6235582306_1.png",1,0.5444,82.2097031209879,-0.415959934946622,6.59701790074751,"#D1CCC0"
"6235582306_1","6235582306_1.png",2,0.4556,67.7553434225277,-3.47230918210086,15.6646788326448,"#AAA689"
"6235588047_1","6235588047_1.png",1,0.5096,75.3499939830338,-0.0443758839614045,-4.20959155443861,"#B6BAC1"
"6235588047_1","6235588047_1.png",2,0.4904,43.944212246766,-0.359175366736804,-0.777432925585616,"#676869"
"6235731444_1","6235731444_1.png",1,0.5332,79.711961241874,-0.615009381967794,-2.59632146374216,"#C2C6CA"
"6235731444_1","6235731444_1.png",2,0.4668,46.3075807129874,1.19340445247031,-0.823542564536136,"#6F6D6F"
"6235798149_1","6235798149_1.png",1,0.7114,85.3005904580319,1.12828014517526,2.33968208379649,"#D9D4D1"
"6235798149_1","6235798149_1.png",2,0.2886,61.1400116081448,2.33351207553741,6.26817369984168,"#9C9289"
"6235973787_1","6235973787_1.png",1,0.7576,94.5618979475339,1.95776305246264,-1.85739739077717,"#F2EEF3"
"6235973787_1","6235973787_1.png",2,0.2424,74.3007735908876,3.46251730568908,-0.0620534411741943,"#BDB5B7"
"6236036967_1","6236036967_1.png",1,0.6302,86.9487271109674,3.90022636302997,12.0121597438136,"#EBD6C3"
"6236036967_1","6236036967_1.png",2,0.3698,52.2537704034663,9.52479540147099,16.2199248796063,"#967661"
"6236206157_1","6236206157_1.png",1,0.553,90.1867271191449,2.30417979878168,0.08335041852246,"#E8E1E3"
"6236206157_1","6236206157_1.png",2,0.447,65.5533059020147,4.38480710173166,3.05951859600592,"#AA9C9A"
"6236316255_1","6236316255_1.png",1,0.6358,81.0738191072067,1.23285405245838,2.69364293545035,"#CEC8C4"
"6236316255_1","6236316255_1.png",2,0.3642,46.8584488800682,3.03499327118671,4.8879576118583,"#786D67"
"6236316255_2","6236316255_2.png",1,0.6064,85.4647043716531,-0.0268186576011653,-0.899202367628707,"#D5D6D7"
"6236316255_2","6236316255_2.png",2,0.3936,53.2452070477716,0.890915830171339,4.63339233000819,"#847E77"
"6236316255_3","6236316255_3.png",1,0.598,82.5678131754688,1.02064633982017,0.69675801041123,"#D0CDCC"
"6236316255_3","6236316255_3.png",2,0.402,53.2585301962066,2.96834486144877,3.23981902564696,"#877D7A"
"6236404779_1","6236404779_1.png",1,0.4738,77.8350539203393,0.220121910578581,1.18797143475875,"#C2C0BE"
"6236404779_1","6236404779_1.png",2,0.5262,42.2921735353578,2.98059833306631,4.53530274845407,"#6C625D"
"6236445573_1","6236445573_1.png",1,0.349,70.7475278423712,1.28315896666112,1.40807883849045,"#B1ACAB"
"6236445573_1","6236445573_1.png",2,0.651,51.6150715444697,1.40350488633806,2.05483990621603,"#7F7A78"
"6236445573_2","6236445573_2.png",1,0.3876,60.0739040272648,1.20869635063422,1.43110893756258,"#94908E"
"6236445573_2","6236445573_2.png",2,0.6124,42.4870519617927,0.137285686764649,1.96175509721662,"#666461"
"6251613650_1","6251613650_1.png",1,0.7816,81.5812704193223,1.74211442562961,4.28435097946995,"#D2C9C3"
"6251613650_1","6251613650_1.png",2,0.2184,45.9245521037634,1.77519144671255,4.46630907714575,"#736B65"
"6252049351_1","6252049351_1.png",1,0.64409984871407,75.4457291152979,1.47362210539865,2.99863669826233,"#BFB9B4"
"6252049351_1","6252049351_1.png",2,0.35590015128593,53.0703544146206,3.13375282484999,2.52039572754857,"#867D7B"
"6252049351_2","6252049351_2.png",1,0.5278,74.9967170545017,2.3641599842483,-3.60490884014387,"#BAB7BF"
"6252049351_2","6252049351_2.png",2,0.4722,43.2289891997204,3.17623610304295,-4.02365157819744,"#68656D"
"6252512850_1","6252512850_1.png",1,0.5064,83.7126780255156,-3.17375813150298,19.3618244423409,"#D9D1AC"
"6252512850_1","6252512850_1.png",2,0.4936,62.9433979801691,-3.42563698831973,44.0768169240593,"#AA9848"
"6252512850_3","6252512850_3.png",1,0.4698,56.6180507411694,-4.93077717565143,19.3526241717445,"#8C8966"
"6252512850_3","6252512850_3.png",2,0.5302,37.4197235486793,-3.31995005932337,15.8583742745283,"#5C593E"
"6252512850_5","6252512850_5.png",1,0.449916177703269,77.3961422342398,-0.656401136725932,7.71163392285391,"#C4BFB1"
"6252512850_5","6252512850_5.png",2,0.550083822296731,62.2294541492782,-3.32233352914138,24.3687151036522,"#A0976B"
"6252512850_6","6252512850_6.png",1,0.339924670433145,70.5832737108833,15.3554619175118,19.0582078263221,"#D3A28B"
"6252512850_6","6252512850_6.png",2,0.660075329566855,54.4311657596425,73.5351420694735,37.0916190103118,"#F72E47"
"6252512850_8","6252512850_8.png",1,0.3586,89.2768521978823,-6.5108175620503,24.4719911862839,"#E6E3B2"
"6252512850_8","6252512850_8.png",2,0.6414,63.7287891510369,-0.370503701636761,54.8622331562487,"#B49832"
"6253029940_1","6253029940_1.png",1,0.5202,88.7493203646382,-1.57418979226895,2.85166856984039,"#DEE0D9"
"6253029940_1","6253029940_1.png",2,0.4798,56.9289273451968,1.01060276502562,24.3376176077334,"#99875E"
"6253029940_3","6253029940_3.png",1,0.390782828282828,79.1920234434852,-3.44650938840039,8.88350414769033,"#C5C6B4"
"6253029940_3","6253029940_3.png",2,0.609217171717172,58.7469857158109,-2.74042365346245,11.9312056417778,"#918E78"
"6253029940_4","6253029940_4.png",1,0.423,84.6843300847665,-2.66427532263118,1.93716202432888,"#D0D5D0"
"6253029940_4","6253029940_4.png",2,0.577,65.2027106609023,-1.2252078194003,0.889031169076731,"#9D9F9D"
"6253029940_5","6253029940_5.png",1,0.3354,77.5253229192521,-0.685358789945884,7.66359947415446,"#C4BFB1"
"6253029940_5","6253029940_5.png",2,0.6646,48.8157198177005,-1.41823618432355,14.6114544610766,"#7B745B"
"6253029940_6","6253029940_6.png",1,0.4288,76.4608509164176,-0.310208443465193,2.08529418059122,"#BEBDB9"
"6253029940_6","6253029940_6.png",2,0.5712,49.6763347747871,1.70750056848767,7.45092268409458,"#7E756A"
"6253029940_7","6253029940_7.png",1,0.5014,87.6752773925834,0.445124287606178,1.82379275663052,"#DEDBD8"
"6253029940_7","6253029940_7.png",2,0.4986,60.1862824009595,2.33698171927318,12.0332629634176,"#9E8F7C"
"6253166839_1","6253166839_1.png",1,0.6648,76.3957679642436,3.70089432316304,-9.28787901358265,"#BBBBCE"
"6253166839_1","6253166839_1.png",2,0.3352,56.8420936237784,5.34164390364611,-8.76050739091492,"#8B8698"
"6253237997_1","6253237997_1.png",1,0.3922,86.1088234350935,2.73980706304136,-2.17793970466101,"#DBD6DC"
"6253237997_1","6253237997_1.png",2,0.6078,49.8775623435035,6.60239118011887,-1.66912943232547,"#81737A"
"6253318016_1","6253318016_1.png",1,0.6722,90.5525103763206,2.64739208981871,-2.95850226168366,"#E7E2EA"
"6253318016_1","6253318016_1.png",2,0.3278,56.2151334397657,3.46215976055619,1.60275483614887,"#8E8584"
"6273437537_1","6273437537_1.png",1,0.7526,83.3655251393008,0.488186903530852,5.00361284753325,"#D5CFC6"
"6273437537_1","6273437537_1.png",2,0.2474,37.2036543942075,7.91091398302549,-0.770734877554077,"#645359"
"6273665794_1","6273665794_1.png",1,0.3592,86.4525342015453,-0.0510222719310885,1.94070902651701,"#DAD8D5"
"6273665794_1","6273665794_1.png",2,0.6408,57.9024825212,0.948815862243739,1.83615962892743,"#8E8A88"
"6273757475_1","6273757475_1.png",1,0.5856,91.3200569846651,0.154477803835903,0.0649950144128063,"#E6E6E6"
"6273757475_1","6273757475_1.png",2,0.4144,69.3740030833035,2.60224205744155,7.45321438180529,"#B4A79C"
"6273766836_1","6273766836_1.png",1,0.4664,84.2632521613936,0.0267615005328579,-0.724034376007046,"#D2D2D4"
"6273766836_1","6273766836_1.png",2,0.5336,51.7336889565701,1.16351007345839,-2.71607364755923,"#7B7B80"
"6273785859_1","6273785859_1.png",1,0.584,74.2805156277726,0.544049328278935,8.70541821863817,"#BEB6A7"
"6273785859_1","6273785859_1.png",2,0.416,59.9946638807895,1.58024983424216,10.3298131483432,"#9B8F7F"
"6273785859_2","6273785859_2.png",1,0.5622,76.1140468899052,0.883107789552192,8.4626677237205,"#C4BBAC"
"6273785859_2","6273785859_2.png",2,0.4378,62.1563786115165,2.35545404578853,9.96588791747953,"#A29485"
"6273785859_3","6273785859_3.png",1,0.7308,97.966243824186,0.628913279259627,2.07066827426315,"#FCF9F5"
"6273785859_3","6273785859_3.png",2,0.2692,81.1870617963965,5.25371458106705,11.488493210972,"#DCC6B5"
"6273795727_1","6273795727_1.png",1,0.683,82.9882431856175,-0.26513771303538,-1.04989086174455,"#CDCFD1"
"6273795727_1","6273795727_1.png",2,0.317,50.3366460648174,0.10797929930253,-0.285811250731095,"#787878"
"6273919964_1","6273919964_1.png",1,0.5948,83.2997018584303,-1.30835662011626,-0.436902213850149,"#CDD0D0"
"6273919964_1","6273919964_1.png",2,0.4052,59.8793218919726,-1.25530987054147,0.421436045671884,"#8E918F"
"6273997988_1","6273997988_1.png",1,0.663,82.8178012281457,0.75759797270263,2.86620217597175,"#D2CDC9"
"6273997988_1","6273997988_1.png",2,0.337,62.6457556075687,2.07480754225049,6.53153759514262,"#A0968C"
"6273997988_2","6273997988_2.png",1,0.6044,73.6761753249713,2.43583089796797,5.58759857162219,"#BEB3AB"
"6273997988_2","6273997988_2.png",2,0.3956,58.3310560476248,3.52839962264998,8.3416289776519,"#988A7E"
"6273997988_3","6273997988_3.png",1,0.6464,80.605414148057,0.0812367160696143,-2.03367146808259,"#C6C8CC"
"6273997988_3","6273997988_3.png",2,0.3536,65.6074526186,1.03673807291577,0.603409681130013,"#A29F9E"
"6273997988_4","6273997988_4.png",1,0.7378,75.1042474842679,2.54738517309095,5.24102446844771,"#C2B7AF"
"6273997988_4","6273997988_4.png",2,0.2622,52.0420626900302,2.59949996016353,8.43957803069018,"#867A6E"
"6274066790_1","6274066790_1.png",1,0.3594,77.7983439126018,-0.185194109324074,0.811731162968318,"#C1C0BF"
"6274066790_1","6274066790_1.png",2,0.6406,53.7524096435102,1.52419486476789,-0.285241631691164,"#838081"
"6274066790_2","6274066790_2.png",1,0.3226,77.4008047244125,-0.515461885737773,0.00168409345978078,"#BEBFBF"
"6274066790_2","6274066790_2.png",2,0.6774,46.3247835387605,2.20845701785221,-4.43675922512235,"#6E6D75"
"6274066790_3","6274066790_3.png",1,0.6438,65.2686270078657,0.478085484368138,1.16640819918597,"#A09E9C"
"6274066790_3","6274066790_3.png",2,0.3562,36.7729109484358,4.65530228975856,-3.21500990012461,"#5C545C"
"6274066790_4","6274066790_4.png",1,0.389,60.3856435283484,1.34908869712482,-1.51073536050402,"#939194"
"6274066790_4","6274066790_4.png",2,0.611,38.4720355355422,4.03122443213496,-2.76671606076451,"#5F595F"
"6274066790_5","6274066790_5.png",1,0.3496,78.39331688137,0.359250285136094,1.52020631677315,"#C4C2BF"
"6274066790_5","6274066790_5.png",2,0.6504,49.0603059376038,3.46381561125354,0.0733927687757941,"#7B7375"
"6274163574_1","6274163574_1.png",1,0.6538,83.6483330366792,1.51474913806053,11.8614098306091,"#DDCFBA"
"6274163574_1","6274163574_1.png",2,0.3462,50.2116524939343,4.75251343445859,19.1827941566883,"#8B7457"
"6320063847_1","6320063847_1.png",1,0.5888,82.0050306273874,0.825353995194886,7.99949529075143,"#D4CBBD"
"6320063847_1","6320063847_1.png",2,0.4112,58.0648459348697,1.82693621859303,13.8315901706666,"#988A74"
"6320162773_1","6320162773_1.png",1,0.5328,83.8743057337559,0.344004171117118,4.46550033604937,"#D5D1C9"
"6320162773_1","6320162773_1.png",2,0.4672,66.3435453088429,1.07803366230171,14.1113627038002,"#ADA088"
"6320162773_2","6320162773_2.png",1,0.6386,74.1250760825271,-0.877360020937843,1.63346067775004,"#B6B7B3"
"6320162773_2","6320162773_2.png",2,0.3614,49.6650844566637,-1.13451966395276,9.06882818266596,"#7A7667"
"6320273853_1","6320273853_1.png",1,0.6364,83.0628690387365,1.56689072918506,3.17999299143619,"#D5CEC9"
"6320273853_1","6320273853_1.png",2,0.3636,49.2567219603877,3.32942967140532,19.1667463992318,"#867255"
"6320341847_1","6320341847_1.png",1,0.497,82.9127585481943,1.95898708142844,2.56730064097149,"#D4CDCA"
"6320341847_1","6320341847_1.png",2,0.503,43.3023651856623,2.67187286078698,7.54805711590549,"#70645A"
"6320341847_2","6320341847_2.png",1,0.5296,82.7969305528247,2.08115859997274,3.5641699108862,"#D5CDC8"
"6320341847_2","6320341847_2.png",2,0.4704,47.8459431064441,3.01697270295629,8.85978285969106,"#7D6F63"
"6320373829_1","6320373829_1.png",1,0.4414,81.6500976049556,0.110780643480992,0.859171093412295,"#CCCBC9"
"6320373829_1","6320373829_1.png",2,0.5586,51.4513244563428,1.58532394711537,2.36175715945496,"#7F7A77"
"6320380487_1","6320380487_1.png",1,0.5994,79.6283074574582,3.91084337850221,3.65875572523178,"#D0C3BF"
"6320380487_1","6320380487_1.png",2,0.4006,54.562540168629,7.69511867026343,3.00155431456187,"#927E7E"
"6320382055_1","6320382055_1.png",1,0.5206,78.1902190743066,6.11189219240142,-4.06049989681711,"#CABEC9"
"6320382055_1","6320382055_1.png",2,0.4794,53.6288889667017,4.62223835908566,-1.52442220449677,"#877E83"
"6320382055_2","6320382055_2.png",1,0.5876,85.2177839882266,6.77600819998866,-4.4137501650326,"#DED1DD"
"6320382055_2","6320382055_2.png",2,0.4124,55.4040000631694,4.01375477141917,0.0275477479101564,"#8C8285"
"6320382055_3","6320382055_3.png",1,0.693,82.3903397293959,7.93901024481546,-5.99575835369432,"#D7C9D8"
"6320382055_3","6320382055_3.png",2,0.307,55.9357690133111,5.68022709243538,-1.54906846910974,"#8F8389"
"6320382055_4","6320382055_4.png",1,0.6372,81.9683324361196,5.56477371257187,0.355251583771615,"#D7C8CB"
"6320382055_4","6320382055_4.png",2,0.3628,52.18304069257,2.92938686823392,6.86791282147265,"#867A71"
"6320384399_1","6320384399_1.png",1,0.7788,76.4402328157721,2.4039888852488,-1.57771134533035,"#C0BBBF"
"6320384399_1","6320384399_1.png",2,0.2212,50.3587792981823,0.771150058331536,2.08578661933502,"#7B7774"
"6320406745_1","6320406745_1.png",1,0.372,77.2648073924889,2.09580046071653,5.31652543439456,"#C7BDB5"
"6320406745_1","6320406745_1.png",2,0.628,41.0197115957928,3.32845268700092,14.1058123548265,"#6E5E4A"
"6320418353_1","6320418353_1.png",1,0.6832,76.1439690846497,0.936900364894677,27.9907993112205,"#D0B988"
"6320418353_1","6320418353_1.png",2,0.3168,57.0236526432564,-0.380833179705368,26.6361075233529,"#98885A"
"6320722496_1","6320722496_1.png",1,0.4396,77.5394401973521,0.724616237902368,-2.23760981053778,"#BFBFC4"
"6320722496_1","6320722496_1.png",2,0.5604,54.5900286402615,0.799642494966767,-2.49861718775329,"#828287"
"6320748578_1","6320748578_1.png",1,0.618,81.4260108868479,7.43704695188421,8.37139824183889,"#DFC5BB"
"6320748578_1","6320748578_1.png",2,0.382,59.3525649143708,7.99181391695157,11.3918133843697,"#A4897B"
"6320781356_1","6320781356_1.png",1,0.7346,90.7652902665598,0.580681692635705,3.73249256262294,"#E9E4DD"
"6320781356_1","6320781356_1.png",2,0.2654,57.3876971609776,6.85708417827021,12.0960376143576,"#9E8575"
"6320781356_2","6320781356_2.png",1,0.7142,88.5995656137922,1.08764984752408,3.32811633492308,"#E3DDD8"
"6320781356_2","6320781356_2.png",2,0.2858,66.5498791043602,2.92577134968523,8.58611868026235,"#AEA093"
"6320781356_3","6320781356_3.png",1,0.6148,86.1721121404487,3.44532701856751,0.369071853313606,"#DFD5D7"
"6320781356_3","6320781356_3.png",2,0.3852,51.2588186540682,1.98073945539675,4.06997648457991,"#817973"
"6320822987_1","6320822987_1.png",1,0.5748,91.1165668204487,3.9813731873109,3.19267005725961,"#F0E3E0"
"6320822987_1","6320822987_1.png",2,0.4252,70.0473032056341,7.67169545576675,7.62296394986139,"#BFA69E"
"6320822987_2","6320822987_2.png",1,0.6632,93.3745910679059,-2.07657009386752,8.8605053371396,"#EFEDDB"
"6320822987_2","6320822987_2.png",2,0.3368,65.2507724446951,-1.21857783854129,8.59653163308265,"#A39E8F"
"6320822987_3","6320822987_3.png",1,0.6602,96.1588275477759,-1.43362788592995,7.96709392505121,"#F8F4E5"
"6320822987_3","6320822987_3.png",2,0.3398,67.8579520163381,0.667664977030259,9.9908397689572,"#AEA493"
"6320822987_4","6320822987_4.png",1,0.4758,84.3829941705516,0.586998465387189,4.77778124195586,"#D8D2CA"
"6320822987_4","6320822987_4.png",2,0.5242,61.4257942103975,1.94828247360545,2.89209912708892,"#9A938F"
"6320965822_1","6320965822_1.png",1,0.8234,90.9247783301125,0.0928220438178886,0.0589307672080962,"#E5E5E5"
"6320965822_1","6320965822_1.png",2,0.1766,57.2173478258137,1.5780352836566,5.42001554003848,"#908880"
"6320965822_2","6320965822_2.png",1,0.4586,83.9338204324853,-0.640434211533037,2.92388240629086,"#D2D1CC"
"6320965822_2","6320965822_2.png",2,0.5414,53.5734677217695,0.45252611182203,7.03357389503747,"#867F74"
"6320965822_3","6320965822_3.png",1,0.7214,86.7749508339592,-4.82968833981473,1.86688157124125,"#D1DCD6"
"6320965822_3","6320965822_3.png",2,0.2786,62.2085491618153,-8.13464882295136,8.8344198479652,"#8E9A87"
"6320972044_1","6320972044_1.png",1,0.5618,93.2011622801375,-0.694466417814166,0.439818512812059,"#EAECEB"
"6320972044_1","6320972044_1.png",2,0.4382,73.7263524763951,0.61761710692582,4.74416257272591,"#BAB4AD"
"6320972044_2","6320972044_2.png",1,0.5346,95.3371956364039,-0.49424152206417,1.09247029932514,"#F2F2EF"
"6320972044_2","6320972044_2.png",2,0.4654,76.693618877012,0.663734954509947,6.3465052660222,"#C4BCB2"
"6320972044_3","6320972044_3.png",1,0.5812,94.009266108813,-0.513784805698042,-0.250145562997978,"#ECEEEE"
"6320972044_3","6320972044_3.png",2,0.4188,74.7228705144931,0.887827057561064,3.59322883685803,"#BCB7B1"
"6320972044_4","6320972044_4.png",1,0.5424,93.5926462916548,0.752761141732861,-0.621654396217661,"#EEECEE"
"6320972044_4","6320972044_4.png",2,0.4576,73.4081350489098,2.02418311077835,6.0073107751897,"#BDB3A9"
"6320972044_5","6320972044_5.png",1,0.5356,92.7508296784669,-0.0804158552763802,0.50211914726681,"#EAEAE9"
"6320972044_5","6320972044_5.png",2,0.4644,72.983943246993,1.11712802146461,5.44645911400596,"#BAB2A9"
"6321182935_1","6321182935_1.png",1,0.5484,88.135208913299,1.15412990121776,1.61257896653311,"#E1DCDA"
"6321182935_1","6321182935_1.png",2,0.4516,52.2904949716436,1.06653786138924,3.28699029347863,"#817C77"
"6321210968_1","6321210968_1.png",1,0.6944,83.59678942892,-0.655217802424852,4.60299016846767,"#D3D0C8"
"6321210968_1","6321210968_1.png",2,0.3056,61.7023699774209,-0.308054388316772,6.92715584153274,"#9A9589"
"6333856362_1","6333856362_1.png",1,0.624,76.4473237350877,2.50711815292099,-3.74864909915292,"#BEBBC3"
"6333856362_1","6333856362_1.png",2,0.376,55.8365535755214,2.84001578022655,-1.44317652120459,"#8A8488"
"6333856362_2","6333856362_2.png",1,0.5308,78.8557911724681,2.25678652133297,-1.24904665675789,"#C6C2C6"
"6333856362_2","6333856362_2.png",2,0.4692,57.318841760194,5.09968929461337,3.99272900182051,"#968683"
"6333856362_3","6333856362_3.png",1,0.6022,73.8200333472587,0.762360271446488,-0.713568288029492,"#B6B5B7"
"6333856362_3","6333856362_3.png",2,0.3978,54.2721191644123,0.985732309968028,1.3760845737117,"#85817F"
"6333913466_1","6333913466_1.png",1,0.716,68.1037405120473,0.296644794099696,0.0744960107500433,"#A7A6A6"
"6333913466_1","6333913466_1.png",2,0.284,40.0527505836663,1.5474282508088,2.47717265329387,"#635D5A"
"6333940037_1","6333940037_1.png",1,0.6306,79.1037699911604,0.417425250429968,13.4510547590945,"#CFC3AB"
"6333940037_1","6333940037_1.png",2,0.3694,66.4547305654338,2.81415799458524,20.1023754419465,"#B49F7E"
"6333981873_1","6333981873_1.png",1,0.5328,76.2585988790864,1.90959674023237,1.61186111561883,"#C1BBB9"
"6333981873_1","6333981873_1.png",2,0.4672,39.3717690140537,3.23935257826275,0.352959966018637,"#625B5C"
"6334095884_1","6334095884_1.png",1,0.6226,80.5436278105485,2.06435272524445,4.00106433551671,"#CFC6C1"
"6334095884_1","6334095884_1.png",2,0.3774,48.6734342864835,2.2626054456143,6.02325045912471,"#7C726A"
"6334123901_1","6334123901_1.png",1,0.6556,74.0756031783739,5.4940097335645,11.9507423056226,"#C9B2A1"
"6334123901_1","6334123901_1.png",2,0.3444,43.7741733463972,10.1563250195218,21.6805179977893,"#836044"
"6334123901_2","6334123901_2.png",1,0.6448,71.1710218644689,5.29246561318078,11.0083500672814,"#C0AA9B"
"6334123901_2","6334123901_2.png",2,0.3552,41.6748691372254,7.99523660627847,15.9364628929797,"#785D49"
"6334248302_1","6334248302_1.png",1,0.9324,74.3022255816589,1.00468806387964,-2.22601651923183,"#B7B6BB"
"6334248302_1","6334248302_1.png",2,0.0676,48.2485179254969,-0.0648666144355283,0.566247891419218,"#737372"
"6334291537_1","6334291537_1.png",1,0.5476,82.2880637843867,3.35589870686565,1.25280729083839,"#D4CBCA"
"6334291537_1","6334291537_1.png",2,0.4524,59.9596778483289,3.66199549162026,3.04719307536119,"#998E8B"
"6334361330_1","6334361330_1.png",1,0.6656,78.7041683906464,2.10018732786384,9.25673210305777,"#CEC1B2"
"6334361330_1","6334361330_1.png",2,0.3344,49.4311121252764,1.34634807149648,5.60371160524034,"#7C746C"
"6334546589_1","6334546589_1.png",1,0.7104,76.6929424393157,0.949155722055735,-4.09981137629333,"#BBBDC5"
"6334546589_1","6334546589_1.png",2,0.2896,51.7920049281362,0.672831060800458,2.05021244760734,"#7E7B78"
"6334546589_2","6334546589_2.png",1,0.633,80.127566851239,1.41324410187565,-3.54640961826503,"#C6C6CD"
"6334546589_2","6334546589_2.png",2,0.367,49.5798641186937,1.01023646975104,3.99973457536506,"#7B756F"
"6334596350_1","6334596350_1.png",1,0.676,74.8148415327303,-0.515779345765527,-1.60336869082143,"#B6B9BB"
"6334596350_1","6334596350_1.png",2,0.324,46.3476698244554,0.682716116132088,6.94492947177426,"#746D62"
"6334596350_2","6334596350_2.png",1,0.6106,67.5939800584357,-0.706836740003859,1.21592428501355,"#A4A5A2"
"6334596350_2","6334596350_2.png",2,0.3894,46.8986102456713,0.188558129157259,7.42735939971729,"#756F63"
"6334661500_1","6334661500_1.png",1,0.4936,87.3176085703348,1.50236448190694,-0.850659549691932,"#DDDADC"
"6334661500_1","6334661500_1.png",2,0.5064,60.0501891071722,2.44094549893222,-2.72419263259686,"#938F96"
"6334661500_2","6334661500_2.png",1,0.5666,83.5937661873787,1.17263943199846,-0.562977257466652,"#D2D0D1"
"6334661500_2","6334661500_2.png",2,0.4334,54.8547649642859,2.33518311893,3.86303340642513,"#8A827D"
"6334671456_1","6334671456_1.png",1,0.5058,92.2095441347997,-0.0586484649834097,0.427111344592418,"#E9E9E8"
"6334671456_1","6334671456_1.png",2,0.4942,68.5415687193703,0.135305489231194,0.476853150199591,"#A8A7A6"
"6334733783_1","6334733783_1.png",1,0.4906,65.0035383992791,0.200994928362157,3.50814456222966,"#A19D98"
"6334733783_1","6334733783_1.png",2,0.5094,47.86103324106,1.72762826073374,-0.115653721011032,"#747172"
"6334820306_1","6334820306_1.png",1,0.6844,82.7801790332822,2.06923781267346,-2.72827621927126,"#D0CDD3"
"6334820306_1","6334820306_1.png",2,0.3156,48.7978997007949,6.82012349838268,-6.67898338052215,"#7B717F"
"6334981926_1","6334981926_1.png",1,0.5236,86.3243246117332,0.548479928482362,3.37375332377007,"#DCD7D2"
"6334981926_1","6334981926_1.png",2,0.4764,59.8653554508709,3.21870904349836,13.2240633567866,"#9F8E79"
"6335033820_1","6335033820_1.png",1,0.415,77.3478570179594,0.926510040814937,1.90704886340473,"#C2BEBC"
"6335033820_1","6335033820_1.png",2,0.585,44.2229048405398,3.00188622752272,3.01171984948455,"#706764"
"6341868524_1","6341868524_1.png",1,0.5732,79.0765103065588,0.313720270230745,3.92505472666969,"#C8C3BD"
"6341868524_1","6341868524_1.png",2,0.4268,44.3649979016979,2.52117812299808,7.34278167704287,"#72675D"
"6342269568_1","6342269568_1.png",1,0.4502,88.8679121874623,1.56389524208557,10.3312317984289,"#EADDCC"
"6342269568_1","6342269568_1.png",2,0.5498,64.7294194503711,8.68678367159351,16.5850840628812,"#B79780"
"6342317321_1","6342317321_1.png",1,0.5332,86.5430723529945,1.21872464447964,5.15983091911018,"#DFD7CF"
"6342317321_1","6342317321_1.png",2,0.4668,61.5168035576697,2.76043614396521,7.40467012406897,"#9F9288"
"6342398785_1","6342398785_1.png",1,0.5442,77.5909038171986,0.356735191118234,-2.30521456269563,"#BEC0C4"
"6342398785_1","6342398785_1.png",2,0.4558,46.1432152836941,0.361440539404665,-1.18966605846308,"#6D6D6F"
"6342521482_1","6342521482_1.png",1,0.7178,86.2971113668905,-0.0556880170642807,4.72940306711698,"#DCD8CF"
"6342521482_1","6342521482_1.png",2,0.2822,70.6156570444432,0.136942517733615,6.95866311558072,"#B2ACA0"
"6342521482_2","6342521482_2.png",1,0.4602,88.5472859895867,-0.479044874250878,3.87915666796889,"#E1DED7"
"6342521482_2","6342521482_2.png",2,0.5398,74.6198060195416,-0.0297185774707517,3.24542377129682,"#BAB7B2"
"6342521482_3","6342521482_3.png",1,0.7548,86.0225636927842,-0.480544437246874,3.49202252530406,"#D9D7D1"
"6342521482_3","6342521482_3.png",2,0.2452,58.8005109182365,-1.0836433217819,3.72512158267981,"#8E8E87"
"6342643774_1","6342643774_1.png",1,0.4718,80.424250313253,1.49399053971267,0.321977768436467,"#CBC7C7"
"6342643774_1","6342643774_1.png",2,0.5282,61.8443707549984,2.02221403222467,4.23471184497496,"#9C948E"
"6342697842_1","6342697842_1.png",1,0.539,72.1404371883816,0.451142668681269,0.430200720198526,"#B2B1B0"
"6342697842_1","6342697842_1.png",2,0.461,26.0917295495482,2.23215489682807,-3.79979084786256,"#3F3D44"
"6342697842_2","6342697842_2.png",1,0.4788,70.2269767983441,0.258619459541188,0.0218665382172184,"#ACACAC"
"6342697842_2","6342697842_2.png",2,0.5212,30.8140310730282,0.711170015176785,-1.84919073526467,"#48484B"
"6342697842_3","6342697842_3.png",1,0.4084,76.614487906876,0.362031548431243,2.04109997103013,"#BFBDB9"
"6342697842_3","6342697842_3.png",2,0.5916,47.7019893658846,1.05181450648463,0.850376695800471,"#747170"
"6342710474_1","6342710474_1.png",1,0.4998,74.502614613926,1.40417953072381,1.28388486190666,"#BBB6B5"
"6342710474_1","6342710474_1.png",2,0.5002,47.2478151282877,2.25294298277003,2.56367633587862,"#766F6C"
"6342710474_2","6342710474_2.png",1,0.4944,77.0318782284967,0.774434239133447,1.63387886032881,"#C1BEBB"
"6342710474_2","6342710474_2.png",2,0.5056,50.6035766238388,1.41054857217042,2.6346871437666,"#7D7774"
"6342710474_3","6342710474_3.png",1,0.466,73.3409269969661,-0.101890424825983,1.50936533202566,"#B5B4B1"
"6342710474_3","6342710474_3.png",2,0.534,47.3874947290586,-0.246908415736769,4.5219848993176,"#737069"
"6342710474_4","6342710474_4.png",1,0.463,85.8779650908546,0.11995915821764,0.522761971769819,"#D7D7D6"
"6342710474_4","6342710474_4.png",2,0.537,57.2065823335158,1.49894232711437,1.87573939690247,"#8D8886"
"6342710474_5","6342710474_5.png",1,0.4748,76.703157567563,0.259284536055524,2.39807990257242,"#C0BDB9"
"6342710474_5","6342710474_5.png",2,0.5252,50.9977926885008,0.388083203596285,3.85716192249821,"#7D7973"
"6342714272_1","6342714272_1.png",1,0.5708,84.7786187917951,1.26164561622988,0.0767716745890925,"#D6D3D4"
"6342714272_1","6342714272_1.png",2,0.4292,40.1508794306269,6.26157654468872,9.32102564083086,"#6E5B50"
"6342731628_1","6342731628_1.png",1,0.5774,87.6658502179081,1.72772885340375,6.63922058851442,"#E5DACF"
"6342731628_1","6342731628_1.png",2,0.4226,74.5491027134298,3.30972102690591,10.3739509108975,"#C5B5A5"
"6342731628_2","6342731628_2.png",1,0.6574,87.0768566558244,1.54707152512736,5.31050585217408,"#E2D9D0"
"6342731628_2","6342731628_2.png",2,0.3426,74.5464196506819,2.58026009612853,7.2226839432203,"#C2B5AA"
"6342894225_1","6342894225_1.png",1,0.4984,69.1724031288516,1.9888549068445,-5.52583373380495,"#A8A8B3"
"6342894225_1","6342894225_1.png",2,0.5016,41.7495659974018,1.58584821213699,-4.86095765875577,"#61626A"
"6344625496_1","6344625496_1.png",1,0.4708,67.0640881921739,2.20876358343036,0.355860014217409,"#A8A2A3"
"6344625496_1","6344625496_1.png",2,0.5292,50.6285566066627,2.44747490644558,1.4401471618312,"#7E7776"
"6344625496_2","6344625496_2.png",1,0.4824,74.2952402091152,4.29061552854044,-4.4059782616466,"#BBB4BF"
"6344625496_2","6344625496_2.png",2,0.5176,62.6806233854921,5.61724127893155,-3.82160735829828,"#9F959E"
"6344756845_1","6344756845_1.png",1,0.6054,84.677036581635,3.3745039219287,-1.06411853802225,"#D9D1D5"
"6344756845_1","6344756845_1.png",2,0.3946,47.9165726265825,1.84911346476662,3.41449084627197,"#77706C"
"6344756845_2","6344756845_2.png",1,0.6328,86.096262116168,5.57439268830574,-3.34201094962682,"#DFD4DE"
"6344756845_2","6344756845_2.png",2,0.3672,54.4299544478139,9.40592467405777,-0.00732280836371342,"#927D82"
"6344756845_3","6344756845_3.png",1,0.596,86.9665288125009,5.34489244008797,-4.82822000941138,"#E0D7E3"
"6344756845_3","6344756845_3.png",2,0.404,50.2679015379628,9.42634435116724,-3.2363440022495,"#85727D"
"6352241363_1","6352241363_1.png",1,0.4624,70.4881707036261,0.779020097521379,-0.920279972035974,"#ADACAE"
"6352241363_1","6352241363_1.png",2,0.5376,54.0827422169705,1.2309623300016,-2.83682167292192,"#818186"
"6352428682_1","6352428682_1.png",1,0.4296,85.0489091895214,4.16490006527842,-1.79915941288679,"#DBD2D8"
"6352428682_1","6352428682_1.png",2,0.5704,64.2279612923238,2.61650935916478,2.08326382433834,"#A29A98"
"6352488848_1","6352488848_1.png",1,0.6834,77.0982692703002,2.81940608956683,4.19293384120111,"#C7BCB7"
"6352488848_1","6352488848_1.png",2,0.3166,42.7548302163831,4.60285475653882,9.62602468776086,"#736255"
"6352488848_2","6352488848_2.png",1,0.2462,74.6075312932375,2.37983095185603,2.93328304801358,"#BEB6B2"
"6352488848_2","6352488848_2.png",2,0.7538,49.1958051117986,4.79849098129654,8.11008920328082,"#827267"
"6352505109_1","6352505109_1.png",1,0.5696,74.9905552184503,-0.17740750806085,-3.32098137456469,"#B5B9BF"
"6352505109_1","6352505109_1.png",2,0.4304,44.0375285563374,-2.20842614590314,0.401402279409387,"#646967"
"6352544485_1","6352544485_1.png",1,0.5694,75.0516566243176,-0.0496712078761049,-3.4475484344698,"#B6B9BF"
"6352544485_1","6352544485_1.png",2,0.4306,44.2225086068178,-2.21229682651868,0.411091941971161,"#656A68"
"6352544485_2","6352544485_2.png",1,0.5746,82.1100943354818,-1.80369816646704,-0.312910521208054,"#C8CDCD"
"6352544485_2","6352544485_2.png",2,0.4254,49.5901564374035,-2.2287447932485,1.65736465572708,"#737773"
"6352565401_1","6352565401_1.png",1,0.6518,81.4783562765709,1.05738746262899,5.31643230348019,"#D1C9C1"
"6352565401_1","6352565401_1.png",2,0.3482,50.3913164704531,4.34598558846069,12.0492180028929,"#877564"
"6352696602_1","6352696602_1.png",1,0.6602,73.3286439629285,1.13277836055433,-4.24835169754522,"#B3B4BC"
"6352696602_1","6352696602_1.png",2,0.3398,48.0351074248,2.96242015068766,-3.17569995554004,"#757177"
"6352696602_2","6352696602_2.png",1,0.6144,79.3132635672325,1.20422666244938,-1.58887010017041,"#C5C4C7"
"6352696602_2","6352696602_2.png",2,0.3856,49.8818021356074,3.91038813948903,-0.404676864922454,"#7D7477"
"6352696602_3","6352696602_3.png",1,0.5682,72.9091026855667,0.84854292200878,4.2720954200644,"#B8B2AB"
"6352696602_3","6352696602_3.png",2,0.4318,50.5893539474287,3.94226196310861,2.42114405411061,"#817674"
"6352702109_1","6352702109_1.png",1,0.6372,81.5344748402095,0.44317120400452,2.09448514143586,"#CDCAC7"
"6352702109_1","6352702109_1.png",2,0.3628,44.9078186749429,3.62924083989254,3.06969294625693,"#736865"
"6352702109_2","6352702109_2.png",1,0.5884,81.0816289662076,1.57341388030108,2.74503068295894,"#CFC8C4"
"6352702109_2","6352702109_2.png",2,0.4116,48.1388429775263,2.92895605595111,7.48552353097897,"#7C7066"
"6352748437_1","6352748437_1.png",1,0.8128,87.7036983972823,0.305416905147948,3.97433055703719,"#E0DBD4"
"6352748437_1","6352748437_1.png",2,0.1872,59.4963289581228,1.3070185031913,11.1194262891033,"#998E7C"
"6352748437_2","6352748437_2.png",1,0.599,83.1901288702676,1.71086880833721,2.85405577982854,"#D5CECA"
"6352748437_2","6352748437_2.png",2,0.401,58.6829547736307,2.35736303562392,11.7571008541697,"#998B79"
"6352865004_1","6352865004_1.png",1,0.5604,58.5872728254655,3.73715830521283,7.42866292522016,"#998A80"
"6352865004_1","6352865004_1.png",2,0.4396,37.7129496289819,3.61984044474404,16.9297395428367,"#68563E"
"6352865004_2","6352865004_2.png",1,0.4498,51.2799370485457,3.19178400169655,0.0843423153287682,"#80787A"
"6352865004_2","6352865004_2.png",2,0.5502,28.9406863060409,5.80949124770653,-1.3695603502952,"#4C4146"
"6352865004_3","6352865004_3.png",1,0.5526,52.8262324138718,4.20022244861958,3.38990209443863,"#887B78"
"6352865004_3","6352865004_3.png",2,0.4474,29.3037534425371,4.82241585114653,9.91524353015381,"#524236"
"6352865004_4","6352865004_4.png",1,0.604,47.8058887853497,2.98973185647161,3.25385833506517,"#79706C"
"6352865004_4","6352865004_4.png",2,0.396,22.3716387535362,2.77920255382802,4.5861295067476,"#3C342F"
"6352980664_1","6352980664_1.png",1,0.326732673267327,60.1149009175781,-0.215416411703189,-1.52190895801422,"#8F9193"
"6352980664_1","6352980664_1.png",2,0.673267326732673,49.9261004555976,-0.28890195979672,-1.02371108255512,"#757778"
"6353078562_1","6353078562_1.png",1,0.7548,86.9336135224138,2.35474538521946,-2.55267220770251,"#DCD8DF"
"6353078562_1","6353078562_1.png",2,0.2452,58.4790730173609,2.49806431593633,3.20339800674882,"#948B87"
"6353078562_2","6353078562_2.png",1,0.7444,85.8674672050211,3.54979184634685,-3.84344328334133,"#DAD5DE"
"6353078562_2","6353078562_2.png",2,0.2556,57.525979198788,3.95139017295604,-0.510465634629293,"#91888B"
"6353078562_3","6353078562_3.png",1,0.5576,87.2805995177711,0.98638695860411,10.3750520717691,"#E5D9C7"
"6353078562_3","6353078562_3.png",2,0.4424,57.4197365336546,2.7585414175613,15.3511663690106,"#99876F"
"6353167598_1","6353167598_1.png",1,0.667,76.6378134604838,4.50644333570361,9.47401658546397,"#CDBAAC"
"6353167598_1","6353167598_1.png",2,0.333,41.6550555774294,11.7277219795226,18.3315474029216,"#7E5A45"
"6353167598_2","6353167598_2.png",1,0.6248,76.9298734637842,4.37906195913177,8.16512894508138,"#CCBBAF"
"6353167598_2","6353167598_2.png",2,0.3752,41.6995890567959,9.43033679741621,13.4817100293954,"#795C4D"
"6353167598_3","6353167598_3.png",1,0.6486,77.4453099874692,6.41133872585946,7.70426919612425,"#D1BBB1"
"6353167598_3","6353167598_3.png",2,0.3514,40.2053964910846,13.6706689723629,17.3880818665487,"#7C5643"
"6353322963_1","6353322963_1.png",1,0.4454,81.3357124419531,0.251895776277416,12.5091814745341,"#D4C9B3"
"6353322963_1","6353322963_1.png",2,0.5546,50.3875968662917,0.246614416004246,12.2433348134541,"#817763"
"6398666460_1","6398666460_1.png",1,0.5464,79.943172946998,-3.22815689759116,-2.40206358342242,"#BEC8CB"
"6398666460_1","6398666460_1.png",2,0.4536,35.7817787058895,-5.43157399201407,0.436020680255967,"#4B5753"
"6398666460_2","6398666460_2.png",1,0.6224,85.3854698453062,-0.34664673284616,2.26190566611153,"#D7D5D1"
"6398666460_2","6398666460_2.png",2,0.3776,44.2877912035208,4.48462601457212,2.55250117447894,"#726665"
"6398666460_3","6398666460_3.png",1,0.5842,85.995873463033,0.465161794197623,-0.775218597667421,"#D7D7D9"
"6398666460_3","6398666460_3.png",2,0.4158,47.7370535095512,9.3758154105743,-3.84577889494011,"#7E6C78"
"6398666460_4","6398666460_4.png",1,0.6804,86.8625223993792,1.20402792236835,-2.15021310086053,"#DAD9DE"
"6398666460_4","6398666460_4.png",2,0.3196,38.5626956936761,5.41729993858237,-1.90394283465419,"#62585E"
"6398666460_5","6398666460_5.png",1,0.3932,83.3358459353107,1.46551715797996,0.510178257381457,"#D3CFCF"
"6398666460_5","6398666460_5.png",2,0.6068,48.9925577428201,3.62838257377697,5.22719952951492,"#7E726C"
"6398688300_1","6398688300_1.png",1,0.7308,79.722583453746,1.86755358336097,5.03555600922944,"#CDC4BC"
"6398688300_1","6398688300_1.png",2,0.2692,52.5663196170803,2.08781499053183,9.70369872851396,"#887C6D"
"6398688300_2","6398688300_2.png",1,0.6746,87.0319999995261,-0.547649230370043,7.06966147424107,"#DFDACD"
"6398688300_2","6398688300_2.png",2,0.3254,69.3897347413112,-0.836988121386979,13.0024474417169,"#B1A992"
"6398688300_3","6398688300_3.png",1,0.4886,74.4747566259939,-0.352428089068885,1.67010007827692,"#B8B7B4"
"6398688300_3","6398688300_3.png",2,0.5114,61.9482694809122,-1.867125170102,6.70471848577148,"#97968A"
"6398688300_4","6398688300_4.png",1,0.7158,84.6461993005449,1.51760148562257,6.05812446329716,"#DBD2C8"
"6398688300_4","6398688300_4.png",2,0.2842,61.6171431960964,2.06417104384012,10.712936286797,"#A09382"
"6398773432_1","6398773432_1.png",1,0.6526,65.7975160916724,-2.25146933448444,-7.22881779278337,"#95A2AD"
"6398773432_1","6398773432_1.png",2,0.3474,36.7753907207386,-2.33570574547584,-9.75429177973402,"#495866"
"6398773432_2","6398773432_2.png",1,0.585,68.9317310386146,-1.17923340858241,-5.11304549579338,"#A1A9B1"
"6398773432_2","6398773432_2.png",2,0.415,41.8546561249106,-0.486417955430213,-5.86883170058174,"#5D636C"
"6398773432_3","6398773432_3.png",1,0.6338,86.6361748809373,2.68322424443165,-1.66117767387918,"#DDD7DC"
"6398773432_3","6398773432_3.png",2,0.3662,47.9588305201333,0.877014163149439,-0.756807551026198,"#737173"
"6398885804_1","6398885804_1.png",1,0.9012,67.6390756156473,-0.532645201786359,6.82844597884264,"#A9A599"
"6398885804_1","6398885804_1.png",2,0.0988,30.520951904099,6.8242991298181,10.8900764031387,"#584437"
"6399070439_1","6399070439_1.png",1,0.6624,82.2198859639817,1.19807592516583,2.56374636727761,"#D1CCC8"
"6399070439_1","6399070439_1.png",2,0.3376,53.261962759606,3.6749635899026,6.58345041766297,"#8A7D74"
"6399070439_2","6399070439_2.png",1,0.5844,80.4442855492162,1.14585429833128,3.87872068410423,"#CDC7C0"
"6399070439_2","6399070439_2.png",2,0.4156,50.5412743977049,3.26291207367576,8.00679728869798,"#83766B"
"6399070439_3","6399070439_3.png",1,0.1178,75.2671416828011,12.4009611344158,4.71899795215711,"#D4B1B1"
"6399070439_3","6399070439_3.png",2,0.8822,63.7429989519718,57.8755708042493,17.2376191350737,"#FC697F"
"6399077874_1","6399077874_1.png",1,0.653,72.1726194342015,3.14898424874569,9.41891622706229,"#BEAEA0"
"6399077874_1","6399077874_1.png",2,0.347,38.7033306118756,8.22534821058961,14.2335580658097,"#705644"
"6399077874_2","6399077874_2.png",1,0.6824,74.2847869234977,3.1059574717685,10.746157289049,"#C4B4A3"
"6399077874_2","6399077874_2.png",2,0.3176,43.3522245620915,6.64891400101294,13.0556920837363,"#796251"
"6399077874_3","6399077874_3.png",1,0.6054,80.0752751640965,2.22853918529088,6.13503563028045,"#D0C5BB"
"6399077874_3","6399077874_3.png",2,0.3946,48.898139790313,6.53474764198584,6.83203502517718,"#847069"
"6399077874_4","6399077874_4.png",1,0.768,77.7998024139811,1.36604450111557,8.56449099381265,"#CABFB1"
"6399077874_4","6399077874_4.png",2,0.232,55.7760994016566,4.40845888353291,15.5429886271436,"#97826B"
"6399111507_1","6399111507_1.png",1,0.6244,77.1288525889636,0.0728087628533053,-1.06516757645225,"#BEBEC0"
"6399111507_1","6399111507_1.png",2,0.3756,47.5077878187306,-0.360897280907141,2.46752974354009,"#72716D"
"6399111507_2","6399111507_2.png",1,0.683,82.2560683588064,-0.815893916854232,-0.12706662318456,"#CBCDCD"
"6399111507_2","6399111507_2.png",2,0.317,51.4205715702617,-0.724132863772061,1.41735414863503,"#7A7B78"
"6399815327_1","6399815327_1.png",1,0.521,88.3729768934826,-0.883505450118003,5.21825604485869,"#E0DED4"
"6399815327_1","6399815327_1.png",2,0.479,60.0030657955297,1.01991784957142,7.77503525095691,"#988F83"
"6399815327_2","6399815327_2.png",1,0.5422,81.0567269991283,2.16887132677251,6.23646975468097,"#D2C8BE"
"6399815327_2","6399815327_2.png",2,0.4578,52.7853439475523,4.77090773070037,6.96047552505112,"#8B7B72"
"6399815327_3","6399815327_3.png",1,0.5284,80.8797002646207,1.26400514720269,6.12043348630617,"#D0C8BD"
"6399815327_3","6399815327_3.png",2,0.4716,51.0452864198861,4.31724859421465,8.88784875115262,"#87776B"
"6399815327_4","6399815327_4.png",1,0.4838,83.773804440744,-0.460559111446926,1.80215458972952,"#D1D1CD"
"6399815327_4","6399815327_4.png",2,0.5162,55.0752765858798,1.45959012881361,3.71715971380319,"#89837D"
"6399987473_1","6399987473_1.png",1,0.713930348258706,93.2935870172728,-0.996927819414198,-1.42151244977465,"#E8ECEE"
"6399987473_1","6399987473_1.png",2,0.286069651741294,77.512579570929,-4.77346180599555,3.16910864334638,"#B9C2B9"
"6399987473_2","6399987473_2.png",1,0.647,81.7447023091157,0.234502043332373,-9.70579888038341,"#C3CCDD"
"6399987473_2","6399987473_2.png",2,0.353,56.1750401096933,0.979278329582938,0.0552153602886223,"#888687"
"6400020600_1","6400020600_1.png",1,0.5628,88.2582834598226,-0.0212436621310035,-4.17103177372519,"#DADEE5"
"6400020600_1","6400020600_1.png",2,0.4372,68.6667076738036,3.81777232894268,5.19895523971675,"#B3A59E"
"6400358740_1","6400358740_1.png",1,0.5938,81.1324128443531,0.840593669591161,9.5311772436716,"#D3C8B8"
"6400358740_1","6400358740_1.png",2,0.4062,66.4555286932251,2.63709061808495,17.6619120225739,"#B29F82"
"6400358740_2","6400358740_2.png",1,0.6878,82.717625779437,0.530409540836504,12.3565582434056,"#D8CDB7"
"6400358740_2","6400358740_2.png",2,0.3122,66.5403621912757,1.96766160115001,21.9903746491335,"#B49F7B"
"6400358740_3","6400358740_3.png",1,0.7468,83.5549848947438,-0.45553632575778,10.460756401344,"#D8D0BD"
"6400358740_3","6400358740_3.png",2,0.2532,61.9145213554146,1.53006397230708,20.3239465332903,"#A69372"
"6400680929_1","6400680929_1.png",1,0.779,84.5737330735784,-3.19419410203982,-1.49356567009208,"#CBD5D6"
"6400680929_1","6400680929_1.png",2,0.221,46.3153519260985,-3.2830206323037,-4.11363252604299,"#647074"
"6400680929_2","6400680929_2.png",1,0.8116,88.0901611033179,-2.77888840663241,-0.837813856105504,"#D7DFDE"
"6400680929_2","6400680929_2.png",2,0.1884,62.8284132160977,-2.1830923812794,-0.332210118686767,"#949998"
"6400680929_3","6400680929_3.png",1,0.846,86.1287770328413,-3.14329781527725,-0.785412212133968,"#D0D9D9"
"6400680929_3","6400680929_3.png",2,0.154,50.861691178638,-3.08387651287442,-0.35111237807327,"#737B7A"
"6400717755_1","6400717755_1.png",1,0.4982,83.4390941177895,-3.4950888773622,4.38188181677217,"#CDD2C8"
"6400717755_1","6400717755_1.png",2,0.5018,55.3632718890885,1.33638196794872,1.3465422733716,"#888482"
"6410619610_1","6410619610_1.png",1,0.5634,85.1128973199877,0.625060609351695,-0.662173102077575,"#D5D4D6"
"6410619610_1","6410619610_1.png",2,0.4366,46.9858771555332,2.34189709164185,2.4911417258068,"#756E6B"
"6410619610_2","6410619610_2.png",1,0.6028,87.2278480883565,0.624239588920167,-0.760959785642309,"#DBDADC"
"6410619610_2","6410619610_2.png",2,0.3972,42.9848486584104,2.32382237223575,3.34417017393986,"#6C6460"
"6410619610_3","6410619610_3.png",1,0.5702,85.1891459594969,0.995399110803313,-1.43793772466042,"#D5D4D7"
"6410619610_3","6410619610_3.png",2,0.4298,46.5822359118353,2.22130964027429,2.26145000599159,"#746D6B"
"6410619610_4","6410619610_4.png",1,0.6542,90.8734265452859,0.776998437972303,-1.0230882937895,"#E5E4E7"
"6410619610_4","6410619610_4.png",2,0.3458,44.4026498868491,3.27247001556536,3.95236938525926,"#716763"
"6410619610_5","6410619610_5.png",1,0.5798,86.1271635705165,0.879608140576804,1.53364287447158,"#DAD7D5"
"6410619610_5","6410619610_5.png",2,0.4202,47.3407291482916,1.94779139348181,5.0827680914261,"#776F68"
"6410643296_1","6410643296_1.png",1,0.4574,91.6564703563818,2.1642787582526,-0.733696535308401,"#EBE6E9"
"6410643296_1","6410643296_1.png",2,0.5426,64.5695297928248,3.69734425293331,4.86518769821176,"#A79A94"
"6410685470_1","6410685470_1.png",1,0.4678,72.7822649978784,2.18453017591258,7.28077059100782,"#BCB1A5"
"6410685470_1","6410685470_1.png",2,0.5322,52.3190299278986,5.07791345520197,9.404729147706,"#8C796D"
"6410685470_2","6410685470_2.png",1,0.5628,73.9847064254028,2.06205887706068,9.25067096896149,"#C1B4A5"
"6410685470_2","6410685470_2.png",2,0.4372,54.4951403113065,5.84509830229413,12.9647722097019,"#957E6C"
"6410685470_3","6410685470_3.png",1,0.4458,78.2353873957962,5.19665955178037,10.6286276700593,"#D3BEAE"
"6410685470_3","6410685470_3.png",2,0.5542,53.9311979222299,10.4576961581957,14.2414345095007,"#9B7A69"
"6410685470_4","6410685470_4.png",1,0.6366,75.0593468844226,3.54818748084484,8.45104502664164,"#C6B6A9"
"6410685470_4","6410685470_4.png",2,0.3634,52.1499464527755,6.47401983652259,10.9636820797673,"#8E786A"
"6410685470_5","6410685470_5.png",1,0.5886,77.9610542877817,4.07280665509594,9.31377456730303,"#CFBEB0"
"6410685470_5","6410685470_5.png",2,0.4114,56.9503224979599,9.29577164514001,14.1696742143528,"#A18271"
"6410714943_1","6410714943_1.png",1,0.7454,66.5637242631794,1.76336889003049,9.91581355153413,"#ACA090"
"6410714943_1","6410714943_1.png",2,0.2546,37.2872106080021,2.01640275297847,10.9357194603685,"#625646"
"6410714943_2","6410714943_2.png",1,0.7616,65.2507444943854,1.64722684134363,10.049408349476,"#A99D8D"
"6410714943_2","6410714943_2.png",2,0.2384,36.7169255806403,1.56740447773906,10.8210978368911,"#605545"
"6410714943_3","6410714943_3.png",1,0.6948,68.2644418360844,2.43398135235303,12.435553146874,"#B4A490"
"6410714943_3","6410714943_3.png",2,0.3052,48.0442739377983,2.06390767770626,14.5232771257489,"#7F705A"
"6410714943_4","6410714943_4.png",1,0.7448,68.3613339265119,1.83871033113907,8.42842483296886,"#B0A598"
"6410714943_4","6410714943_4.png",2,0.2552,42.2530616953754,2.13198938326548,11.2970905851181,"#6E6251"
"6410714943_5","6410714943_5.png",1,0.7228,68.2762645860434,1.7914286577865,8.64178251647291,"#B0A597"
"6410714943_5","6410714943_5.png",2,0.2772,41.689260923488,2.17869926872601,11.2878029299498,"#6D6150"
"6410714943_6","6410714943_6.png",1,0.7212,68.1000500313248,2.00545437687134,8.7447711081209,"#B0A496"
"6410714943_6","6410714943_6.png",2,0.2788,40.5876138345094,2.54562289741729,11.2123172836875,"#6B5E4E"
"6410714943_7","6410714943_7.png",1,0.7618,68.1048161528897,1.9331591960342,9.1349157007069,"#B0A496"
"6410714943_7","6410714943_7.png",2,0.2382,40.469874916575,2.52712192744363,11.4158849019496,"#6B5D4D"
"6410714943_8","6410714943_8.png",1,0.7022,68.5061942010372,1.85305164661931,8.16395570381606,"#B1A598"
"6410714943_8","6410714943_8.png",2,0.2978,41.6979797390577,2.33249727648477,11.26061510488,"#6D6050"
"6410714943_9","6410714943_9.png",1,0.754,67.4665697104492,1.73482122328208,9.44693185058025,"#AEA393"
"6410714943_9","6410714943_9.png",2,0.246,41.1873503888483,2.12674985342277,11.8131408312189,"#6C5F4E"
"6410818710_1","6410818710_1.png",1,0.749,92.876572533748,-0.555285934600506,1.44748363133657,"#EBEBE8"
"6410818710_1","6410818710_1.png",2,0.251,78.4951903112826,0.596904249687886,3.47961145146134,"#C6C2BC"
"6410818710_2","6410818710_2.png",1,0.784,91.0929656418226,0.936897600120829,-3.08166762032103,"#E5E5EB"
"6410818710_2","6410818710_2.png",2,0.216,76.782909170884,2.78249736913772,-0.628742732351739,"#C2BCBF"
"6411092713_1","6411092713_1.png",1,0.650300601202405,78.7613471915441,2.27137134086917,2.05447136410524,"#C9C1BF"
"6411092713_1","6411092713_1.png",2,0.349699398797595,59.2586494631566,2.38157524099722,3.7747348896963,"#968D88"
"6411568019_1","6411568019_1.png",1,0.5714,85.523656586817,1.39264667881299,5.43768707365779,"#DDD4CC"
"6411568019_1","6411568019_1.png",2,0.4286,62.2784161484518,4.17854351139807,11.2086719558099,"#A69383"
"6411651304_1","6411651304_1.png",1,0.4402,87.1852310778021,0.958654290853007,0.913135996382386,"#DDDAD9"
"6411651304_1","6411651304_1.png",2,0.5598,58.3611605893483,1.40491692049095,1.71364876946356,"#908B89"
"6411651304_2","6411651304_2.png",1,0.4912,76.9021487257397,1.21024013291457,0.676869264013688,"#C1BDBD"
"6411651304_2","6411651304_2.png",2,0.5088,27.5888035892983,13.2912193064539,2.04559242915514,"#563A3E"
"6411651304_3","6411651304_3.png",1,0.4174,81.0023417238923,0.618671646010156,-0.654839908064569,"#CAC9CA"
"6411651304_3","6411651304_3.png",2,0.5826,43.0452890214799,7.37933726784319,0.441061601935314,"#726265"
"6411651304_4","6411651304_4.png",1,0.5936,82.6811854030476,2.10941316673347,-2.39359113700437,"#D0CDD2"
"6411651304_4","6411651304_4.png",2,0.4064,54.1501156433979,4.73618169370624,-2.09163838221496,"#887F85"
"6412869460_1","6412869460_1.png",1,0.435565819861432,86.3383426613909,-0.981857908654687,2.27978986166826,"#D8D8D4"
"6412869460_1","6412869460_1.png",2,0.564434180138568,35.371314358259,0.426278416777309,7.36625505396256,"#595348"
"6412978642_1","6412978642_1.png",1,0.5306,76.4175728628356,1.03882528214066,3.40552866362268,"#C1BCB6"
"6412978642_1","6412978642_1.png",2,0.4694,60.8172753840592,1.98453738297406,5.83608945850678,"#9B9189"
"6413081523_1","6413081523_1.png",1,0.6172,90.5079270597104,0.525579447213091,2.7238752835546,"#E7E3DF"
"6413081523_1","6413081523_1.png",2,0.3828,42.413775815275,4.07538409426029,5.71881033533522,"#6F625B"
"6413272140_1","6413272140_1.png",1,0.5614,85.7949391369382,0.867995012048891,-2.13858272296686,"#D6D6DB"
"6413272140_1","6413272140_1.png",2,0.4386,63.1171338343288,-1.72899653688625,2.94184859474,"#989993"
"6413288554_1","6413288554_1.png",1,0.5586,86.6541690528246,4.9346742520777,10.2667863946377,"#EAD5C6"
"6413288554_1","6413288554_1.png",2,0.4414,69.2641881470296,6.88049731201708,16.3939683924049,"#C0A48C"
"6413311702_1","6413311702_1.png",1,0.515,72.6476379249677,-4.48315875337217,4.95666409699526,"#AEB4A9"
"6413311702_1","6413311702_1.png",2,0.485,50.2288053059027,-3.25998189549847,5.41923003968003,"#76796E"
"6413401780_1","6413401780_1.png",1,0.5754,86.286243453511,-0.263232661782853,7.62313736247793,"#DED7CA"
"6413401780_1","6413401780_1.png",2,0.4246,47.3427044734671,2.19221523506516,2.71555731567925,"#766F6C"
"6413401780_2","6413401780_2.png",1,0.5762,82.5513568935222,0.893006581180562,10.6687021611567,"#D8CCBA"
"6413401780_2","6413401780_2.png",2,0.4238,50.3243534812707,3.05408307861267,7.64165388611241,"#82766B"
"6413401780_3","6413401780_3.png",1,0.4188,76.140845118071,2.0957579180399,6.85149860948569,"#C5BAAF"
"6413401780_3","6413401780_3.png",2,0.5812,59.9559026681091,3.27980209725476,1.18208139621963,"#978E8E"
"6413491089_1","6413491089_1.png",1,0.5154,57.9919268152502,5.35750366756314,-0.686110378141858,"#94888D"
"6413491089_1","6413491089_1.png",2,0.4846,40.8189327644111,4.96054746224234,-3.37641040271058,"#665E66"
"6413652625_1","6413652625_1.png",1,0.5042,86.8799182563848,1.64945842163274,-2.9836206869075,"#DAD9DF"
"6413652625_1","6413652625_1.png",2,0.4958,61.3774302474645,0.0541177344930726,-0.597743844581889,"#949495"
"6413670379_1","6413670379_1.png",1,0.8176,82.299719932397,0.575650123156334,4.01112306950976,"#D1CCC5"
"6413670379_1","6413670379_1.png",2,0.1824,54.7663563530892,3.59973417455214,12.2108152684451,"#91806E"
"6413670379_2","6413670379_2.png",1,0.799,86.6150439310889,1.51112135671701,3.21863564705252,"#DED8D3"
"6413670379_2","6413670379_2.png",2,0.201,59.2169173068887,4.23837401068004,2.96047015539974,"#988C8A"
"6413823525_1","6413823525_1.png",1,0.4828,81.0833595354413,1.37961481013649,1.8903822299549,"#CEC8C6"
"6413823525_1","6413823525_1.png",2,0.5172,44.5035873707442,5.19519830675657,0.759631297252551,"#736668"
"6414098047_1","6414098047_1.png",1,0.742215568862275,81.918303033947,0.0322683403986554,-5.02184065217523,"#C7CCD5"
"6414098047_1","6414098047_1.png",2,0.257784431137725,50.415298239913,1.61306171181584,-1.34599120566659,"#7A777A"
"6414102750_1","6414102750_1.png",1,0.4418,79.4547697615854,1.10666143825683,8.13171990397724,"#CDC4B6"
"6414102750_1","6414102750_1.png",2,0.5582,46.8588164910176,0.448305043595984,-0.276042259997083,"#706F70"
"6414102750_2","6414102750_2.png",1,0.498,70.1165897377169,1.3959204055419,9.03091073063114,"#B5AA9B"
"6414102750_2","6414102750_2.png",2,0.502,41.2387070710927,1.8294532226528,5.30219404283104,"#686059"
"6422069814_1","6422069814_1.png",1,0.5952,87.1583317904659,1.97716429888689,-1.33437641595376,"#DDD9DD"
"6422069814_1","6422069814_1.png",2,0.4048,54.6806732097164,7.93786913865018,-7.08995390100666,"#8B7F8F"
"6422491046_1","6422491046_1.png",1,0.5378,79.4259729084948,0.283472075085108,3.65309318112445,"#C8C4BE"
"6422491046_1","6422491046_1.png",2,0.4622,54.1950681731832,1.79926126534382,3.72423632611906,"#88807B"
"6422729645_1","6422729645_1.png",1,0.6878,92.2999292638169,0.33862747419012,1.00786603704119,"#EAE9E7"
"6422729645_1","6422729645_1.png",2,0.3122,78.9457131980782,1.36284911713528,3.11978034085202,"#C9C2BE"
"6422805694_1","6422805694_1.png",1,0.7158,66.3772099052508,0.907555505242132,0.663650744132264,"#A4A1A0"
"6422805694_1","6422805694_1.png",2,0.2842,31.5199693445924,2.33074002263757,0.914174414200644,"#4F4949"
"6422805694_2","6422805694_2.png",1,0.35801393728223,84.3045700557249,-0.471500992233708,-0.966377464905482,"#D1D3D4"
"6422805694_2","6422805694_2.png",2,0.64198606271777,64.5844464337157,-0.582296830357765,-0.500088204405726,"#9B9D9D"
"6422824845_1","6422824845_1.png",1,0.549,64.0311908476649,0.502710233919167,-1.02350295564675,"#9B9B9D"
"6422824845_1","6422824845_1.png",2,0.451,35.2547832140449,1.66896149186616,-0.118361994437044,"#565253"
"6422927952_1","6422927952_1.png",1,0.463,75.9559836316946,-1.27077296054994,1.06941980817094,"#BABCB9"
"6422927952_1","6422927952_1.png",2,0.537,49.3096949938217,-1.53266072476745,2.65799365660136,"#747671"
"6422931928_1","6422931928_1.png",1,0.4456,82.2078986528672,1.06795951779128,-3.81482556564385,"#CBCCD4"
"6422931928_1","6422931928_1.png",2,0.5544,61.7920191581713,2.53128829743607,-4.05620692982936,"#97949C"
"6422931928_2","6422931928_2.png",1,0.44,38.126316914771,-1.60953762967683,11.473480974535,"#5E5A47"
"6422931928_2","6422931928_2.png",2,0.56,17.9910194248951,-4.09992896991385,9.43271722966347,"#2B2D1E"
"6422931928_3","6422931928_3.png",1,0.4852,90.9450723536159,-0.00887067587401763,0.591142664471143,"#E6E5E4"
"6422931928_3","6422931928_3.png",2,0.5148,58.7454104145981,0.200019983892853,0.55502129699035,"#8E8D8C"
"6422931928_4","6422931928_4.png",1,0.436,88.6142396894063,1.08539123327514,1.16186681929172,"#E2DEDC"
"6422931928_4","6422931928_4.png",2,0.564,54.9800680081086,1.19740874825806,0.535787586351336,"#868383"
"6422978883_1","6422978883_1.png",1,0.3946,82.0848452883391,0.571558785167842,2.75651204706679,"#D0CCC7"
"6422978883_1","6422978883_1.png",2,0.6054,50.0191026209022,1.22980934370311,-0.347292719884409,"#797678"
"6422978883_2","6422978883_2.png",1,0.5312,74.9946598523242,0.642671126833252,1.30128811974275,"#BBB8B6"
"6422978883_2","6422978883_2.png",2,0.4688,40.6172458144472,1.98921132741623,-1.55389636278893,"#625F62"
"6423165331_1","6423165331_1.png",1,0.6794,89.976469576217,0.654928493325993,-2.25683707682553,"#E2E2E7"
"6423165331_1","6423165331_1.png",2,0.3206,58.8256149193928,1.79631693738417,-3.83274830772024,"#8E8D94"
"6430908832_1","6430908832_1.png",1,0.4996,90.9246346033771,-0.186839401551688,0.983529988876003,"#E5E5E3"
"6430908832_1","6430908832_1.png",2,0.5004,60.5027695595785,-1.11576715356812,4.87101986144913,"#949289"
"6431064094_1","6431064094_1.png",1,0.697,85.9585651729617,1.97997402463373,1.78209971693622,"#DCD6D4"
"6431064094_1","6431064094_1.png",2,0.303,68.1668752828753,3.18373172877597,2.8853482628607,"#AEA4A1"
"6431064094_2","6431064094_2.png",1,0.5848,40.0763513216539,0.626420867910222,1.96639946178474,"#615E5B"
"6431064094_2","6431064094_2.png",2,0.4152,11.0452584105285,0.708225321381534,3.16999195672133,"#201D19"
"6431064094_3","6431064094_3.png",1,0.5056,86.9367125469898,0.544556200114522,2.49820961467519,"#DDD9D5"
"6431064094_3","6431064094_3.png",2,0.4944,54.0678440778482,0.902369701044163,-0.471108579501714,"#828182"
"6431064094_4","6431064094_4.png",1,0.6512,84.1785849689291,2.12127863873975,1.49106275598306,"#D7D1CF"
"6431064094_4","6431064094_4.png",2,0.3488,66.8772495944787,3.13045107755441,1.92853264996613,"#AAA19F"
"6431304318_1","6431304318_1.png",1,0.5118,67.8174093929743,1.01686465332604,-1.38130477426407,"#A6A5A8"
"6431304318_1","6431304318_1.png",2,0.4882,37.3934333019338,3.69306809624801,-4.50836669825646,"#5B565F"
"6431358077_1","6431358077_1.png",1,0.4958,85.7827422117197,0.391751019206247,3.33184581949418,"#DAD6D0"
"6431358077_1","6431358077_1.png",2,0.5042,65.6692168152394,1.46277717294021,3.58534284134939,"#A59E99"
"6431361019_1","6431361019_1.png",1,0.3874,81.4006639057676,0.843862402281299,2.59362400905461,"#CECAC5"
"6431361019_1","6431361019_1.png",2,0.6126,58.4695623131276,1.6604008100245,2.85687325280153,"#928B88"
"6440956421_1","6440956421_1.png",1,0.4246,77.3433104254,-3.05627879675131,13.1261934309076,"#C3C0A7"
"6440956421_1","6440956421_1.png",2,0.5754,63.2102614736596,-4.66944201138936,28.0832644370076,"#A39A67"
"6440959369_1","6440959369_1.png",1,0.517,86.9783400258762,0.577783503460825,-1.64451948281421,"#D9DADD"
"6440959369_1","6440959369_1.png",2,0.483,64.3606914585114,3.42947165540645,0.450492529804797,"#A39A9B"
"6441011127_1","6441011127_1.png",1,0.557,90.2194483022356,-0.571456989423364,-1.53276277300105,"#E0E3E6"
"6441011127_1","6441011127_1.png",2,0.443,66.488288007401,-0.188579264441263,-0.393205385785601,"#A1A2A2"
"6441520321_1","6441520321_1.png",1,0.406,69.5521221475276,-4.14933541549451,4.92142492691602,"#A6ACA1"
"6441520321_1","6441520321_1.png",2,0.594,37.2172141250014,-4.58991575408794,8.38039676915785,"#56594A"
"6441520321_2","6441520321_2.png",1,0.4154,73.1276806101865,-4.0340429440921,4.43450386916666,"#AFB6AB"
"6441520321_2","6441520321_2.png",2,0.5846,40.0151896772536,-4.53931672335931,7.72510788592625,"#5C6052"
"6441520321_3","6441520321_3.png",1,0.4062,60.5550919658406,-3.60371311182955,8.39528264178303,"#929383"
"6441520321_3","6441520321_3.png",2,0.5938,36.4101948603192,-4.296490437454,15.3462163063007,"#58573D"
"6441544834_1","6441544834_1.png",1,0.5874,81.3311108968008,2.03432898072028,4.45678101406349,"#D2C8C2"
"6441544834_1","6441544834_1.png",2,0.4126,55.4563485740677,4.92477764179529,6.27747255094574,"#92827A"
"6441600557_1","6441600557_1.png",1,0.5188,88.2932000112751,0.68966109024585,0.392590548297548,"#DFDDDD"
"6441600557_1","6441600557_1.png",2,0.4812,52.4971695123655,3.17521404527198,2.92067304591515,"#857B78"
"6441608806_1","6441608806_1.png",1,0.4358,83.0221503915103,2.58074104983684,7.58125738141355,"#DACDC1"
"6441608806_1","6441608806_1.png",2,0.5642,65.0479419224544,3.55998038016447,12.9707064792112,"#AD9B87"
"6441754617_1","6441754617_1.png",1,0.5616,79.3533700899064,1.40725589452678,-2.06898205409197,"#C6C4C8"
"6441754617_1","6441754617_1.png",2,0.4384,48.8055029570679,2.48989471788205,0.747197508009965,"#797373"
"6441798465_1","6441798465_1.png",1,0.523672883787661,95.2529134221845,-1.5101426390878,-1.22149535307194,"#EDF2F4"
"6441798465_1","6441798465_1.png",2,0.476327116212339,84.7622916618618,-1.58492279081873,-1.21458726712728,"#CFD5D6"
"6441904438_1","6441904438_1.png",1,0.5854,74.033943005164,-5.42872091938183,11.4156330525858,"#B5B8A1"
"6441904438_1","6441904438_1.png",2,0.4146,18.9861138268847,-3.72527763511612,10.0630995515499,"#2E2F1F"
"6441904438_2","6441904438_2.png",1,0.4348,67.7383801482202,-7.46604075344474,10.0088688875322,"#9FA893"
"6441904438_2","6441904438_2.png",2,0.5652,30.0451333103602,-11.1185602469601,16.0388801750808,"#3E4B2D"
"6442057940_1","6442057940_1.png",1,0.607594936708861,50.6199657352334,-3.00271708038421,-6.02598341461269,"#6E7A83"
"6442057940_1","6442057940_1.png",2,0.392405063291139,36.2936780127465,-3.74696616652456,-7.2991398596988,"#485861"
"6442057940_2","6442057940_2.png",1,0.5966,83.6462002966443,-3.45505629659964,-2.91754725755413,"#C7D3D6"
"6442057940_2","6442057940_2.png",2,0.4034,61.2534166029914,-3.96255289251378,1.87147970392372,"#8E9690"
"6447779876_1","6447779876_1.png",1,0.5272,85.6706885126208,0.630588243288611,5.00562382194068,"#DCD5CD"
"6447779876_1","6447779876_1.png",2,0.4728,63.3801081306763,2.98850519974851,9.15551711580837,"#A59789"
"6449710188_1","6449710188_1.png",1,0.5982,69.1571057304766,2.77924525215214,5.16753754140814,"#B2A7A0"
"6449710188_1","6449710188_1.png",2,0.4018,53.7369972718511,3.73055687605012,12.3008546804475,"#8F7E6C"
"6452049957_1","6452049957_1.png",1,0.5686,81.9095864588858,-3.70885439125541,-3.7541419485704,"#C1CED2"
"6452049957_1","6452049957_1.png",2,0.4314,69.4471029038336,-3.58559957623867,-2.38744832371316,"#A0ACAE"
"6452049957_2","6452049957_2.png",1,0.657,83.3083797335168,-3.03617375314539,-3.00744912008223,"#C7D2D5"
"6452049957_2","6452049957_2.png",2,0.343,68.2914271855254,-3.08217817259127,-1.06460723569154,"#A0A8A8"
"6452054690_1","6452054690_1.png",1,0.4912,84.5188860494976,0.770215687500067,0.642511616047205,"#D5D2D2"
"6452054690_1","6452054690_1.png",2,0.5088,55.6708954312707,-0.409823835042492,2.83535447416283,"#878580"
"6452116915_1","6452116915_1.png",1,0.8536,96.1741115990709,0.00062123450879754,-0.86937185211426,"#F3F4F6"
"6452116915_1","6452116915_1.png",2,0.1464,80.1801574255767,0.573739982418394,-0.929257913432835,"#C7C7C9"
"6452116915_2","6452116915_2.png",1,0.7054,91.2811709978867,-1.78679726747944,-1.82511829927868,"#E1E7E9"
"6452116915_2","6452116915_2.png",2,0.2946,66.7883124067831,-1.15211797556995,-1.6531848526169,"#9FA3A5"
"6452116915_3","6452116915_3.png",1,0.652,87.4893078012287,-0.0868440457758258,-0.883423843601178,"#DADBDD"
"6452116915_3","6452116915_3.png",2,0.348,59.3235999805166,0.894115012796117,1.11457588777678,"#918E8D"
"6452216955_1","6452216955_1.png",1,0.607,87.5414846124841,0.436672943568613,-0.721558349121961,"#DCDBDD"
"6452216955_1","6452216955_1.png",2,0.393,57.9242612783266,0.117739957353412,4.16780751851625,"#8F8B84"
"6452216955_2","6452216955_2.png",1,0.6596,87.2441825551131,0.893438899717958,-0.221657810809911,"#DCDADB"
"6452216955_2","6452216955_2.png",2,0.3404,48.1301622826096,0.537380969565134,5.64412516017476,"#777269"
"6452216955_3","6452216955_3.png",1,0.7096,85.1743051703256,1.31885891727358,0.453735829379998,"#D8D4D4"
"6452216955_3","6452216955_3.png",2,0.2904,52.6091949572042,1.24676350300604,5.44045448457438,"#847C74"
"6452216955_4","6452216955_4.png",1,0.7558,84.0565149072442,0.891980723995242,0.249728785398261,"#D4D1D1"
"6452216955_4","6452216955_4.png",2,0.2442,49.8308305052162,0.81069788017647,6.33780343008661,"#7C766C"
"6452505707_1","6452505707_1.png",1,0.9302,77.7938344629542,7.92122853424471,10.335288500325,"#D7BBAE"
"6452505707_1","6452505707_1.png",2,0.0698,41.6908386885248,9.10131993112788,11.3753875541115,"#775D50"
"6452505707_2","6452505707_2.png",1,0.7358,77.8362935266695,5.79119975245257,10.7601720698249,"#D3BCAD"
"6452505707_2","6452505707_2.png",2,0.2642,58.5305171580125,7.33290923499807,16.8839040821849,"#A48770"
"6469793932_1","6469793932_1.png",1,0.6414,78.9274340561974,2.93672932736596,6.76495245581899,"#CEC1B7"
"6469793932_1","6469793932_1.png",2,0.3586,57.856655413911,4.77715370599289,8.76322462691481,"#99887C"
"6469793932_2","6469793932_2.png",1,0.5924,74.9763312698769,3.89794065202058,8.30889548183683,"#C6B6AA"
"6469793932_2","6469793932_2.png",2,0.4076,52.0285675252813,5.52089682443038,11.6918217068843,"#8D7868"
"6469793932_3","6469793932_3.png",1,0.6248,82.9172918561461,4.2698453445872,14.2040398346234,"#E1CBB4"
"6469793932_3","6469793932_3.png",2,0.3752,57.9436790318929,7.87201825537073,18.6823271395293,"#A4856B"
"6469904308_1","6469904308_1.png",1,0.6348,79.1446623840836,0.884536763783228,-0.000633831318719659,"#C6C3C4"
"6469904308_1","6469904308_1.png",2,0.3652,53.8189261679515,3.43762548286838,2.6535593916297,"#897E7C"
"6469951871_1","6469951871_1.png",1,0.5718,55.6293689131488,2.72644680912028,3.55802452968539,"#8D837F"
"6469951871_1","6469951871_1.png",2,0.4282,39.664511697739,2.77098928294114,16.2110346050512,"#6B5B43"
"6470153735_1","6470153735_1.png",1,0.4512,81.9254740594044,-0.909846755129969,1.3133650685021,"#CBCCC9"
"6470153735_1","6470153735_1.png",2,0.5488,44.9925492264207,0.103203103150548,10.3519510778745,"#716A59"
"6470153735_2","6470153735_2.png",1,0.4058,83.0412769004809,-0.750294764018553,-0.588542546275971,"#CDCFD0"
"6470153735_2","6470153735_2.png",2,0.5942,48.2822653940767,0.566593390005318,10.6420910417933,"#7B7261"
"6470549858_1","6470549858_1.png",1,0.337,72.1167000486509,-1.82663282363746,5.99125907206164,"#B2B1A6"
"6470549858_1","6470549858_1.png",2,0.663,70.2678324213597,-18.590123559936,-35.8570092939736,"#31B9EC"
"6470573456_1","6470573456_1.png",1,0.5762,88.2317423802394,-2.60346876171717,3.55751200310506,"#DBDFD7"
"6470573456_1","6470573456_1.png",2,0.4238,52.4238800413527,-4.87394113106523,7.05959293306006,"#7A7F71"
"6470593581_1","6470593581_1.png",1,0.4794,74.9154030021563,-2.08603234803348,-1.54398058533973,"#B3BABB"
"6470593581_1","6470593581_1.png",2,0.5206,42.3859077726871,-2.38605185785708,4.00719394412813,"#63655D"
"6479238873_1","6479238873_1.png",1,0.6912,66.5188301837654,1.27382205606816,0.756545039992308,"#A5A1A0"
"6479238873_1","6479238873_1.png",2,0.3088,43.3144303451176,4.10052594073304,-3.29769819286229,"#6B646C"
"6479238873_2","6479238873_2.png",1,0.654,69.0810006863054,1.1407569950902,1.04146661875149,"#ACA8A7"
"6479238873_2","6479238873_2.png",2,0.346,45.5745324043425,4.12294429202261,-3.22194138771641,"#716A71"
"6479238873_3","6479238873_3.png",1,0.6588,63.4350630517663,1.57869305650804,1.47408040015351,"#9E9997"
"6479238873_3","6479238873_3.png",2,0.3412,29.8882225463926,6.45433252126119,-11.3499102106813,"#484458"
"6479238873_4","6479238873_4.png",1,0.699,62.4331209930492,1.35367501242605,1.12800145805004,"#9A9695"
"6479238873_4","6479238873_4.png",2,0.301,39.0597248680032,3.77193807297176,-3.64022472388429,"#605A62"
"6479298968_1","6479298968_1.png",1,0.5494,69.5442208360284,-0.435408224981228,3.07273655141994,"#ABAAA4"
"6479298968_1","6479298968_1.png",2,0.4506,44.2083355015649,-0.830733692555493,3.45333945764318,"#6A6963"
"6479486931_1","6479486931_1.png",1,0.4224,79.1581710989962,0.538914246672878,1.78969263503351,"#C7C4C1"
"6479486931_1","6479486931_1.png",2,0.5776,40.1133709334289,3.5314735590278,6.9979958183818,"#695C53"
"6479684350_1","6479684350_1.png",1,0.7392,88.427266222101,1.36344405163659,-2.42581566646498,"#DEDDE3"
"6479684350_1","6479684350_1.png",2,0.2608,51.2289865089847,2.43129637531057,2.31282305490445,"#807976"
"6479696769_1","6479696769_1.png",1,0.6088,81.163506951692,-1.55031174309983,0.455377449492542,"#C7CAC9"
"6479696769_1","6479696769_1.png",2,0.3912,57.4314592636378,-0.277458358371386,4.88444719473597,"#8D8A81"
"6479979797_1","6479979797_1.png",1,0.69,79.7812795396854,0.5007344065171,0.177856886471611,"#C7C5C5"
"6479979797_1","6479979797_1.png",2,0.31,41.168366760353,2.39928350909845,0.886864802992922,"#666060"
"6480245252_1","6480245252_1.png",1,0.565,82.5641251186333,-1.83898791361633,0.240050038687003,"#CACFCD"
"6480245252_1","6480245252_1.png",2,0.435,59.5034421464429,-0.578161961595896,4.19467941210532,"#918F88"
"6480334622_1","6480334622_1.png",1,0.291,76.5990518202015,-0.463149582400726,-1.18535206873201,"#BBBDBF"
"6480334622_1","6480334622_1.png",2,0.709,61.1998562976097,-2.29322627146507,-0.134609038314575,"#8F9594"
"6480350685_1","6480350685_1.png",1,0.6072,86.768824818543,3.55109366692314,-6.56478081013893,"#DAD8E6"
"6480350685_1","6480350685_1.png",2,0.3928,55.5995173973082,3.88801969251232,-4.81048233818136,"#88838E"
"6480519571_1","6480519571_1.png",1,0.518581081081081,67.7644935724773,0.216054021971397,1.45664724864341,"#A7A5A2"
"6480519571_1","6480519571_1.png",2,0.481418918918919,51.1993339048924,-2.6317117020848,-4.29397227206784,"#717C81"
"6480633423_1","6480633423_1.png",1,0.4908,64.5026132789211,9.75216743526954,7.05125548587994,"#B39690"
"6480633423_1","6480633423_1.png",2,0.5092,41.3012981781919,6.73582311413056,1.86752563806381,"#6E5E5F"
"6480633423_2","6480633423_2.png",1,0.5616,78.7230869921209,6.35936474265191,8.09862437984475,"#D5BEB4"
"6480633423_2","6480633423_2.png",2,0.4384,52.0149630991096,7.07440907720061,4.27366567329843,"#8B7875"
"6480879937_1","6480879937_1.png",1,0.3924,62.1017799358348,1.18199181173503,4.78535534263791,"#9C958E"
"6480879937_1","6480879937_1.png",2,0.6076,45.027956898509,0.928884725787324,3.03983349800635,"#6E6A66"
"6480879937_2","6480879937_2.png",1,0.436,70.9748605108848,1.55532577758367,6.58160675101099,"#B6ACA2"
"6480879937_2","6480879937_2.png",2,0.564,46.2320931681339,2.42308966208634,4.94415053370798,"#756C65"
"6485560195_1","6485560195_1.png",1,0.6288,65.2847480348663,1.27435959938314,1.07136236259275,"#A29E9D"
"6485560195_1","6485560195_1.png",2,0.3712,19.7651600215834,6.6462852973784,0.136927533340791,"#392C30"
"6485896403_1","6485896403_1.png",1,0.6922,84.3907657982174,2.36664668895503,-6.53630111603716,"#D1D2DF"
"6485896403_1","6485896403_1.png",2,0.3078,27.9979979931054,4.34999157266419,-11.3765485587397,"#404153"
"6486418022_1","6486418022_1.png",1,0.7952,91.6330891391447,-0.418897565736226,-1.26705601941589,"#E5E7E9"
"6486418022_1","6486418022_1.png",2,0.2048,53.0712333044626,0.012903664213769,-0.381119619166968,"#7E7F7F"
"6498307916_1","6498307916_1.png",1,0.331,84.6131704694385,1.59730793741592,3.05539787597844,"#D9D2CE"
"6498307916_1","6498307916_1.png",2,0.669,43.3658869678486,2.18076233556097,3.21423193454584,"#6C6561"
"6498307916_2","6498307916_2.png",1,0.4144,71.4161415720751,2.11516010926789,2.22100364565565,"#B5ADAB"
"6498307916_2","6498307916_2.png",2,0.5856,16.5778622323726,-0.06255371065966,2.00333854322565,"#2A2926"
"6498307916_3","6498307916_3.png",1,0.3642,78.6713231982944,1.47289211206702,3.13022090912865,"#C8C2BD"
"6498307916_3","6498307916_3.png",2,0.6358,34.9410178948172,1.45779577393532,4.39414814776436,"#57514B"
"6498432814_1","6498432814_1.png",1,0.5664,76.1322059869378,3.81191501666251,15.5498531503049,"#CEB89F"
"6498432814_1","6498432814_1.png",2,0.4336,33.2836190013236,3.43371616938816,6.43484262594281,"#584C44"
"6498553607_1","6498553607_1.png",1,0.856,70.7708050784428,-0.162952468002724,2.53775872106483,"#AFADA9"
"6498553607_1","6498553607_1.png",2,0.144,30.1170327084952,5.20456795517681,2.98407598328515,"#514442"
"6498553607_2","6498553607_2.png",1,0.7544,82.0403788596766,2.43393926656128,-5.82463929042876,"#CCCBD7"
"6498553607_2","6498553607_2.png",2,0.2456,50.2551862807085,8.599851097213,-2.69633222901495,"#84737C"
"6498602420_1","6498602420_1.png",1,0.4114,81.3577668292902,1.42651461217693,0.0825966403843458,"#CDC9CA"
"6498602420_1","6498602420_1.png",2,0.5886,45.0128356075933,1.57165156830957,1.93024796035969,"#6F6A67"
"6498602420_2","6498602420_2.png",1,0.2932,85.1622541891232,1.35502280289249,0.00946129459688374,"#D7D4D5"
"6498602420_2","6498602420_2.png",2,0.7068,43.8231615922093,0.901628030307131,0.277780636073641,"#696767"
"6498656042_1","6498656042_1.png",1,0.5354,79.8480575726567,3.03999835874306,8.50001369289063,"#D2C3B6"
"6498656042_1","6498656042_1.png",2,0.4646,42.0453434095905,8.2773962081002,21.7334287568585,"#7B5D40"
"6498656042_2","6498656042_2.png",1,0.4724,78.86622862545,2.8685104614092,7.97710042953631,"#CFC1B5"
"6498656042_2","6498656042_2.png",2,0.5276,38.935615264696,8.5443273145588,20.9653727140835,"#73563A"
"6498656042_3","6498656042_3.png",1,0.4516,77.002758708207,1.47631017759713,8.62111830395394,"#C8BDAE"
"6498656042_3","6498656042_3.png",2,0.5484,52.1849421712524,4.57091863375384,17.4070771325607,"#8F795F"
"6498656042_4","6498656042_4.png",1,0.5802,76.7971300846283,0.543529011378629,9.30069851816457,"#C6BDAC"
"6498656042_4","6498656042_4.png",2,0.4198,51.7239248535915,3.49497730042645,17.9462345425378,"#8C785D"
"6498708806_1","6498708806_1.png",1,0.6912,82.3777180332678,2.76473775575345,-4.21364191070015,"#CFCCD5"
"6498708806_1","6498708806_1.png",2,0.3088,52.7024759672565,3.99449927894014,-9.96499645186137,"#7C7C8F"
"6498793915_1","6498793915_1.png",1,0.6504,86.4956907209075,-0.0069914306804009,-2.58224764252017,"#D6D9DD"
"6498793915_1","6498793915_1.png",2,0.3496,68.619577884153,-1.22735180436575,-0.602802848648904,"#A4A8A8"
"6499088891_1","6499088891_1.png",1,0.55,84.7969613899365,-0.142776711040712,-2.03381059630569,"#D2D4D7"
"6499088891_1","6499088891_1.png",2,0.45,52.108858427305,1.95727237883212,-0.0379240951831317,"#807B7C"
"6499132111_1","6499132111_1.png",1,0.7338,78.8184985221258,2.7590811254748,-2.77206865381244,"#C6C2C8"
"6499132111_1","6499132111_1.png",2,0.2662,51.2223887486505,4.53928962962493,0.456560304790036,"#827779"
"6499673891_1","6499673891_1.png",1,0.7324,79.8226238699754,1.07296659254213,1.19785273778475,"#C9C5C4"
"6499673891_1","6499673891_1.png",2,0.2676,49.4780933780983,5.34509984911383,-2.31042670657011,"#7D737A"
"6499834630_1","6499834630_1.png",1,0.6454,81.8884427373283,-0.930887778836573,0.709311025657999,"#CACCCA"
"6499834630_1","6499834630_1.png",2,0.3546,57.6542968143343,1.15867984371086,5.8930013699945,"#918980"
"6499834630_2","6499834630_2.png",1,0.6822,83.381688407606,-0.761324757330694,-0.230131234486491,"#CED0D0"
"6499834630_2","6499834630_2.png",2,0.3178,59.6057209394555,0.021703978926728,2.74925537515358,"#928F8B"
"6499834630_3","6499834630_3.png",1,0.7252,82.0409131937224,-0.688912847354709,-0.153278499108296,"#CACCCC"
"6499834630_3","6499834630_3.png",2,0.2748,53.8957529290319,0.48190624439681,2.95037778241269,"#84807C"
"6499834630_4","6499834630_4.png",1,0.771,86.3115766735618,-0.202181770083841,-0.210487972807509,"#D7D8D8"
"6499834630_4","6499834630_4.png",2,0.229,57.0539524442989,-0.266987402421716,2.82703802197861,"#8B8984"
"6500100225_1","6500100225_1.png",1,0.5774,79.0435712036915,3.84129203572767,12.1851888918845,"#D4C1AD"
"6500100225_1","6500100225_1.png",2,0.4226,39.2588657687934,10.1358446089315,22.6156774038827,"#775638"
"6500376737_1","6500376737_1.png",1,0.4328,82.5143802134914,0.313713363863026,1.63332345560638,"#CFCDCA"
"6500376737_1","6500376737_1.png",2,0.5672,53.0878817515129,1.19152605513243,8.81425893685988,"#877E70"
"6500415631_1","6500415631_1.png",1,0.849,88.5559249827676,-1.21823695204894,-1.71662907154204,"#DADFE1"
"6500415631_1","6500415631_1.png",2,0.151,72.4035351368467,-0.345777701912496,2.14211291734268,"#B3B2AE"
"6500415631_2","6500415631_2.png",1,0.8068,86.7371617935268,-0.265381335952037,-0.781916085821617,"#D8D9DB"
"6500415631_2","6500415631_2.png",2,0.1932,67.2161870729842,0.929520024043314,-0.304626853872908,"#A5A3A4"
"891151578_1","891151578_1.png",1,0.5382,87.3276045810377,-0.0618001308132958,0.321723405129186,"#DBDBDA"
"891151578_1","891151578_1.png",2,0.4618,50.9126829111509,1.13687073749279,4.15296705451135,"#7E7872"
"891151578_2","891151578_2.png",1,0.5904,82.3763227743466,0.589531744835216,5.22607118051224,"#D2CCC3"
"891151578_2","891151578_2.png",2,0.4096,43.500485947864,0.772599620652959,11.0129012633794,"#6F6655"
"891151578_3","891151578_3.png",1,0.5958,85.4611081151837,-1.65485413335888,4.48258303930451,"#D6D6CD"
"891151578_3","891151578_3.png",2,0.4042,49.5794801839886,0.932310973966747,21.0247702651811,"#847452"
"891151578_4","891151578_4.png",1,0.5816,82.9030340643146,1.74039265444374,5.87088311761619,"#D7CDC4"
"891151578_4","891151578_4.png",2,0.4184,47.16720158219,3.95870513704348,13.8735965521243,"#7F6D59"
"891151578_5","891151578_5.png",1,0.7224,88.2520228092325,3.14861370636241,0.316254801762482,"#E4DBDD"
"891151578_5","891151578_5.png",2,0.2776,60.438517881747,5.66622305041251,12.1792600364541,"#A48E7D"
"891151578_6","891151578_6.png",1,0.4854,87.2865547972263,-0.610601954169041,5.90240534835744,"#DEDBD0"
"891151578_6","891151578_6.png",2,0.5146,40.7385368490106,-0.176209534371675,8.96538778574717,"#666051"
