gbif_id,latitude,longitude,observation_date,photo_ids,photos
6171372651,42.661358,21.210937,2026-03-01T12:44:57,['6171372651_1'],['https://inaturalist-open-data.s3.amazonaws.com/photos/620182696/original.jpg']
6178721260,46.128086,16.464867,2026-03-13T21:39:53,['6178721260_1'],['https://inaturalist-open-data.s3.amazonaws.com/photos/624300634/original.jpg']
6182487623,36.900405,22.241798,2026-03-26,['6182487623_1'],['https://observation.org/photos/145981835.jpg']
6182678477,36.900337,22.241827,2026-03-26,['6182678477_1'],['https://observation.org/photos/145981868.jpg']
6185605820,42.381023,18.911397,2026-03-19T12:18:26,"['6185605820_1', '6185605820_2', '6185605820_3']","['https://inaturalist-open-data.s3.amazonaws.com/photos/626322528/original.jpg', 'https://inaturalist-open-data.s3.amazonaws.com/photos/626322558/original.jpg', 'https://inaturalist-open-data.s3.amazonaws.com/photos/626322577/original.jpg']"
6499132111,45.924589,14.584564,2026-03-15T15:12,['6499132111_1'],['https://inaturalist-open-data.s3.amazonaws.com/photos/719110256/original.jpg']
6187979153,45.647954,15.482623,2026-04-04T16:12,['6187979153_1'],['https://inaturalist-open-data.s3.amazonaws.com/photos/633761664/original.jpg']
6188389987,46.27845,13.898175,2026-04-05T18:13:01,['6188389987_1'],['https://inaturalist-open-data.s3.amazonaws.com/photos/633809810/original.jpg']
6188507246,45.647874,15.482421,2026-04-04T15:50,"['6188507246_1', '6188507246_2']","['https://inaturalist-open-data.s3.amazonaws.com/photos/633761614/original.jpg', 'https://inaturalist-open-data.s3.amazonaws.com/photos/633761625/original.jpg']"
6188625864,44.501288,22.352696,2026-04-06T11:09:04,"['6188625864_1', '6188625864_2']","['https://inaturalist-open-data.s3.amazonaws.com/photos/634166485/original.jpg', 'https://inaturalist-open-data.s3.amazonaws.com/photos/634166516/original.jpg']"
6195224495,45.632363,13.89392,2026-04-11T11:55:47,['6195224495_1'],['https://inaturalist-open-data.s3.amazonaws.com/photos/636447860/original.jpg']
6195244291,44.072456,15.981563,2026-04-13T16:19:14,"['6195244291_1', '6195244291_2', '6195244291_3']","['https://inaturalist-open-data.s3.amazonaws.com/photos/637634710/original.jpg', 'https://inaturalist-open-data.s3.amazonaws.com/photos/637634705/original.jpg', 'https://inaturalist-open-data.s3.amazonaws.com/photos/637635061/original.jpg']"
6195360396,45.8721,13.613163,2026-04-06T15:58:56,['6195360396_1'],['https://inaturalist-open-data.s3.amazonaws.com/photos/634760284/original.jpg']
6195555284,45.634126,13.890891,2026-04-11T10:46:56,['6195555284_1'],['https://inaturalist-open-data.s3.amazonaws.com/photos/636448253/original.jpg']
6195827532,44.612003,22.275727,2026-04-10T17:11:55,"['6195827532_1', '6195827532_2']","['https://inaturalist-open-data.s3.amazonaws.com/photos/636053481/original.jpg', 'https://inaturalist-open-data.s3.amazonaws.com/photos/636053411/original.jpg']"
6195893840,46.349381,13.604731,2026-04-12T13:47:27,"['6195893840_1', '6195893840_2', '6195893840_3']","['https://inaturalist-open-data.s3.amazonaws.com/photos/637272557/original.jpg', 'https://inaturalist-open-data.s3.amazonaws.com/photos/637272624/original.jpg', 'https://inaturalist-open-data.s3.amazonaws.com/photos/637272673/original.jpg']"
6196022717,45.63164,13.895439,2026-04-11T11:49:11,['6196022717_1'],['https://inaturalist-open-data.s3.amazonaws.com/photos/636448041/original.jpg']
6234203876,43.973847,15.765248,2026-04-22T22:07:09,['6234203876_1'],['https://inaturalist-open-data.s3.amazonaws.com/photos/642574163/original.jpg']
6234204376,45.815011,15.981919,2026-04-19T12:36,"['6234204376_1', '6234204376_2', '6234204376_3', '6234204376_4', '6234204376_5', '6234204376_6', '6234204376_7', '6234204376_8', '6234204376_9']","['https://inaturalist-open-data.s3.amazonaws.com/photos/641356398/original.jpg', 'https://inaturalist-open-data.s3.amazonaws.com/photos/641356439/original.jpg', 'https://inaturalist-open-data.s3.amazonaws.com/photos/641356396/original.jpg', 'https://inaturalist-open-data.s3.amazonaws.com/photos/641356299/original.jpg', 'https://inaturalist-open-data.s3.amazonaws.com/photos/641356498/original.jpg', 'https://inaturalist-open-data.s3.amazonaws.com/photos/641356502/original.jpg', 'https://inaturalist-open-data.s3.amazonaws.com/photos/641356294/original.jpg', 'https://inaturalist-open-data.s3.amazonaws.com/photos/641356296/original.jpg', 'https://inaturalist-open-data.s3.amazonaws.com/photos/641356532/original.jpg']"
6234359675,46.333625,16.142542,2026-04-25T10:40:26,"['6234359675_1', '6234359675_2']","['https://inaturalist-open-data.s3.amazonaws.com/photos/644908800/original.jpg', 'https://inaturalist-open-data.s3.amazonaws.com/photos/646166348/original.jpg']"
6234429324,44.97687,22.497715,2026-04-13T11:26,"['6234429324_1', '6234429324_2', '6234429324_3']","['https://inaturalist-open-data.s3.amazonaws.com/photos/639162053/original.jpg', 'https://inaturalist-open-data.s3.amazonaws.com/photos/639162034/original.jpg', 'https://inaturalist-open-data.s3.amazonaws.com/photos/639162047/original.jpg']"
6234523724,46.429573,13.69098,2026-04-06T17:03,['6234523724_1'],['https://inaturalist-open-data.s3.amazonaws.com/photos/638021732/original.jpg']
6234549922,44.838389,15.757399,2026-04-25T19:39:41,['6234549922_1'],['https://inaturalist-open-data.s3.amazonaws.com/photos/646485697/original.jpg']
6234689323,44.229491,15.595487,2026-04-21T15:23:10,['6234689323_1'],['https://inaturalist-open-data.s3.amazonaws.com/photos/647661332/original.jpg']
6234805142,45.815011,15.981919,2026-04-19T12:40,"['6234805142_1', '6234805142_2', '6234805142_3']","['https://inaturalist-open-data.s3.amazonaws.com/photos/641356599/original.jpg', 'https://inaturalist-open-data.s3.amazonaws.com/photos/641356648/original.jpg', 'https://inaturalist-open-data.s3.amazonaws.com/photos/641356592/original.jpg']"
6235047642,46.567573,15.652765,2026-04-11T18:11:47,"['6235047642_1', '6235047642_2']","['https://inaturalist-open-data.s3.amazonaws.com/photos/639230791/original.jpg', 'https://inaturalist-open-data.s3.amazonaws.com/photos/639230777/original.jpg']"
6235116701,46.382081,23.852071,2026-04-17T13:04,['6235116701_1'],['https://inaturalist-open-data.s3.amazonaws.com/photos/639593899/original.jpg']
6235134506,45.193231,21.842202,2026-04-19T20:03:50,['6235134506_1'],['https://inaturalist-open-data.s3.amazonaws.com/photos/641225114/original.jpg']
6235225665,43.711156,19.578783,2026-04-27T14:28:59,['6235225665_1'],['https://inaturalist-open-data.s3.amazonaws.com/photos/648313784/original.jpg']
6235333637,44.197952,16.184373,2026-04-22T13:50:12,['6235333637_1'],['https://inaturalist-open-data.s3.amazonaws.com/photos/642587596/original.jpg']
6235582306,44.268045,15.625853,2026-04-25T10:00,['6235582306_1'],['https://inaturalist-open-data.s3.amazonaws.com/photos/647655729/original.jpg']
6235588047,44.029625,21.955205,2026-04-19T13:25:08,['6235588047_1'],['https://inaturalist-open-data.s3.amazonaws.com/photos/641367843/original.jpg']
6235798149,44.518934,22.331578,2026-04-06T15:14,['6235798149_1'],['https://inaturalist-open-data.s3.amazonaws.com/photos/639524750/original.jpg']
6235973787,46.499153,11.333824,2026-04-12T14:13,['6235973787_1'],['https://inaturalist-open-data.s3.amazonaws.com/photos/638021737/original.jpg']
6236036967,41.993177,19.183097,2026-04-10T14:42:21,['6236036967_1'],['https://inaturalist-open-data.s3.amazonaws.com/photos/640792913/original.jpg']
6236206157,46.275549,13.439231,2026-04-03T10:26,['6236206157_1'],['https://inaturalist-open-data.s3.amazonaws.com/photos/638021730/original.jpg']
6236316255,46.567731,15.652372,2026-04-22T15:32,"['6236316255_1', '6236316255_2', '6236316255_3']","['https://inaturalist-open-data.s3.amazonaws.com/photos/647953418/original.jpg', 'https://inaturalist-open-data.s3.amazonaws.com/photos/647954355/original.jpg', 'https://inaturalist-open-data.s3.amazonaws.com/photos/647957315/original.jpg']"
6236404779,45.183442,14.198316,2026-04-04,['6236404779_1'],['https://inaturalist-open-data.s3.amazonaws.com/photos/646799359/original.jpg']
6236445573,46.401925,14.275102,2026-04-17T17:06:22,"['6236445573_1', '6236445573_2']","['https://inaturalist-open-data.s3.amazonaws.com/photos/639761715/original.jpg', 'https://inaturalist-open-data.s3.amazonaws.com/photos/639761791/original.jpg']"
6251613650,45.082289,14.547973,2026-04-18T09:56,['6251613650_1'],['https://inaturalist-open-data.s3.amazonaws.com/photos/653093934/original.jpg']
6252049351,44.229681,15.947669,2026-04-17T12:13:11,"['6252049351_1', '6252049351_2']","['https://inaturalist-open-data.s3.amazonaws.com/photos/639502599/original.jpg', 'https://inaturalist-open-data.s3.amazonaws.com/photos/639502620/original.jpg']"
6252512850,42.99198,21.401502,2026-04-25T12:10,"['6252512850_1', '6252512850_2', '6252512850_3', '6252512850_4', '6252512850_5', '6252512850_6', '6252512850_7', '6252512850_8']","['https://inaturalist-open-data.s3.amazonaws.com/photos/650073745/original.jpg', 'https://inaturalist-open-data.s3.amazonaws.com/photos/650073792/original.jpg', 'https://inaturalist-open-data.s3.amazonaws.com/photos/650055397/original.jpg', 'https://inaturalist-open-data.s3.amazonaws.com/photos/650055431/original.jpg', 'https://inaturalist-open-data.s3.amazonaws.com/photos/650055364/original.jpg', 'https://inaturalist-open-data.s3.amazonaws.com/photos/650073748/original.jpg', 'https://inaturalist-open-data.s3.amazonaws.com/photos/650073746/original.jpg', 'https://inaturalist-open-data.s3.amazonaws.com/photos/650073688/original.jpg']"
6253029940,42.989317,21.395042,2026-04-25T12:58,"['6253029940_1', '6253029940_2', '6253029940_3', '6253029940_4', '6253029940_5', '6253029940_6', '6253029940_7']","['https://inaturalist-open-data.s3.amazonaws.com/photos/650083603/original.jpg', 'https://inaturalist-open-data.s3.amazonaws.com/photos/650083536/original.jpg', 'https://inaturalist-open-data.s3.amazonaws.com/photos/650083557/original.jpg', 'https://inaturalist-open-data.s3.amazonaws.com/photos/650083567/original.jpg', 'https://inaturalist-open-data.s3.amazonaws.com/photos/650083589/original.jpg', 'https://inaturalist-open-data.s3.amazonaws.com/photos/650083607/original.jpg', 'https://inaturalist-open-data.s3.amazonaws.com/photos/650083652/original.jpg']"
6253166839,42.548348,18.801043,2026-04-26T15:00,['6253166839_1'],['https://inaturalist-open-data.s3.amazonaws.com/photos/653803380/original.jpg']
6273757475,44.629037,22.24753,2026-04-19T14:41,['6273757475_1'],['https://inaturalist-open-data.s3.amazonaws.com/photos/656026247/original.jpg']
6320341847,42.600773,23.418461,2026-04-06T17:06:12,"['6320341847_1', '6320341847_2']","['https://inaturalist-open-data.s3.amazonaws.com/photos/662186022/original.jpg', 'https://inaturalist-open-data.s3.amazonaws.com/photos/662186062/original.jpg']"
6320781356,42.707378,23.609018,2026-04-08T17:55:58,"['6320781356_1', '6320781356_2', '6320781356_3']","['https://inaturalist-open-data.s3.amazonaws.com/photos/662185800/original.jpg', 'https://inaturalist-open-data.s3.amazonaws.com/photos/662185862/original.jpg', 'https://inaturalist-open-data.s3.amazonaws.com/photos/662185860/original.jpg']"
6342398785,38.126932,21.378895,2026-04-19,['6342398785_1'],['https://observation.org/photos/148212499.jpg']
6342521482,41.220985,19.975483,2026-04-05,"['6342521482_1', '6342521482_2', '6342521482_3']","['https://observation.org/photos/146644747.jpg', 'https://observation.org/photos/146644749.jpg', 'https://observation.org/photos/146644750.jpg']"
6342697842,43.064825,18.903522,2026-04-25,"['6342697842_1', '6342697842_2', '6342697842_3']","['https://observation.org/photos/150247998.jpg', 'https://observation.org/photos/150247999.jpg', 'https://observation.org/photos/150248000.jpg']"
6412869460,45.030643,14.726336,2026-04-08,['6412869460_1'],['https://observation.org/photos/147028882.jpg']
6431064094,43.277758,22.068086,2026-04-06T11:25,"['6431064094_1', '6431064094_2', '6431064094_3', '6431064094_4']","['https://inaturalist-open-data.s3.amazonaws.com/photos/688955892/original.jpg', 'https://inaturalist-open-data.s3.amazonaws.com/photos/688955890/original.jpg', 'https://inaturalist-open-data.s3.amazonaws.com/photos/688955891/original.jpg', 'https://inaturalist-open-data.s3.amazonaws.com/photos/688955911/original.jpg']"
6452216955,45.878401,16.001545,2026-04-12T12:42:04,"['6452216955_1', '6452216955_2', '6452216955_3', '6452216955_4']","['https://inaturalist-open-data.s3.amazonaws.com/photos/697807034/original.jpg', 'https://inaturalist-open-data.s3.amazonaws.com/photos/697807083/original.jpg', 'https://inaturalist-open-data.s3.amazonaws.com/photos/697807131/original.jpg', 'https://inaturalist-open-data.s3.amazonaws.com/photos/697807179/original.jpg']"
6499088891,46.279912,13.912688,2026-04-04T14:16:42,['6499088891_1'],['https://inaturalist-open-data.s3.amazonaws.com/photos/720311558/original.jpg']
6253237997,44.204361,16.070385,2026-05-02T13:33:40,['6253237997_1'],['https://inaturalist-open-data.s3.amazonaws.com/photos/652127622/original.jpg']
6253318016,46.361353,14.079936,2026-05-03T14:10:07,['6253318016_1'],['https://inaturalist-open-data.s3.amazonaws.com/photos/652780887/original.jpg']
6273437537,44.966727,13.838541,2026-05-03T17:03:10,['6273437537_1'],['https://inaturalist-open-data.s3.amazonaws.com/photos/652877495/original.jpg']
6273665794,43.207103,19.165228,2026-05-06T08:49:27,['6273665794_1'],['https://inaturalist-open-data.s3.amazonaws.com/photos/654689746/original.jpg']
6273766836,45.034097,14.715013,2026-05-04T11:09:20,['6273766836_1'],['https://inaturalist-open-data.s3.amazonaws.com/photos/656796681/original.jpg']
6273785859,45.023741,13.700582,2026-05-03T16:13,"['6273785859_1', '6273785859_2', '6273785859_3']","['https://inaturalist-open-data.s3.amazonaws.com/photos/654410597/original.jpg', 'https://inaturalist-open-data.s3.amazonaws.com/photos/654410631/original.jpg', 'https://inaturalist-open-data.s3.amazonaws.com/photos/654410646/original.jpg']"
6273795727,45.172224,14.603812,2026-05-04T10:39:35,['6273795727_1'],['https://inaturalist-open-data.s3.amazonaws.com/photos/654435828/original.jpg']
6273997988,45.828885,15.836717,2026-05-04T14:29,"['6273997988_1', '6273997988_2', '6273997988_3', '6273997988_4']","['https://inaturalist-open-data.s3.amazonaws.com/photos/654950271/original.jpg', 'https://inaturalist-open-data.s3.amazonaws.com/photos/654950429/original.jpg', 'https://inaturalist-open-data.s3.amazonaws.com/photos/654950516/original.jpg', 'https://inaturalist-open-data.s3.amazonaws.com/photos/654950598/original.jpg']"
6274066790,41.810903,20.221841,2026-05-07T21:43:59,"['6274066790_1', '6274066790_2', '6274066790_3', '6274066790_4', '6274066790_5']","['https://inaturalist-open-data.s3.amazonaws.com/photos/655544238/original.jpg', 'https://inaturalist-open-data.s3.amazonaws.com/photos/655544290/original.jpg', 'https://inaturalist-open-data.s3.amazonaws.com/photos/655544378/original.jpg', 'https://inaturalist-open-data.s3.amazonaws.com/photos/655544430/original.jpg', 'https://inaturalist-open-data.s3.amazonaws.com/photos/655544480/original.jpg']"
6320063847,45.839197,15.860348,2026-05-10T10:59:52,['6320063847_1'],['https://inaturalist-open-data.s3.amazonaws.com/photos/659054249/original.jpg']
6320162773,41.809264,19.337533,2026-05-14T12:58:35,"['6320162773_1', '6320162773_2']","['https://inaturalist-open-data.s3.amazonaws.com/photos/659685355/original.jpg', 'https://inaturalist-open-data.s3.amazonaws.com/photos/659685418/original.jpg']"
6320273853,41.87295,19.358399,2026-05-14T08:00:08,['6320273853_1'],['https://inaturalist-open-data.s3.amazonaws.com/photos/659669651/original.jpg']
6320373829,41.995925,19.260994,2026-05-15T10:56:06,['6320373829_1'],['https://inaturalist-open-data.s3.amazonaws.com/photos/660089279/original.jpg']
6320380487,41.977541,19.315558,2026-05-14T11:12:34,['6320380487_1'],['https://inaturalist-open-data.s3.amazonaws.com/photos/659973370/original.jpg']
6320382055,42.707378,23.609018,2026-05-15T16:28:23,"['6320382055_1', '6320382055_2', '6320382055_3', '6320382055_4']","['https://inaturalist-open-data.s3.amazonaws.com/photos/662182378/original.jpg', 'https://inaturalist-open-data.s3.amazonaws.com/photos/662182379/original.jpg', 'https://inaturalist-open-data.s3.amazonaws.com/photos/662182386/original.jpg', 'https://inaturalist-open-data.s3.amazonaws.com/photos/662182384/original.jpg']"
6320384399,41.966781,19.364329,2026-05-15T09:45:42,['6320384399_1'],['https://inaturalist-open-data.s3.amazonaws.com/photos/660088863/original.jpg']
6320406745,44.796428,15.683858,2026-05-18T10:32:08,['6320406745_1'],['https://inaturalist-open-data.s3.amazonaws.com/photos/662133235/original.jpg']
6320418353,42.157222,20.609792,2026-05-14,['6320418353_1'],['https://inaturalist-open-data.s3.amazonaws.com/photos/660000958/original.jpg']
6320722496,41.847838,19.374037,2026-05-14T13:16:36,['6320722496_1'],['https://inaturalist-open-data.s3.amazonaws.com/photos/659687148/original.jpg']
6320822987,46.1771,15.939278,2026-05-09T11:50:08,"['6320822987_1', '6320822987_2', '6320822987_3', '6320822987_4']","['https://inaturalist-open-data.s3.amazonaws.com/photos/658970368/original.jpg', 'https://inaturalist-open-data.s3.amazonaws.com/photos/658970635/original.jpg', 'https://inaturalist-open-data.s3.amazonaws.com/photos/658970646/original.jpg', 'https://inaturalist-open-data.s3.amazonaws.com/photos/658970656/original.jpg']"
6320972044,45.846694,22.878213,2026-05-16T13:48:18,"['6320972044_1', '6320972044_2', '6320972044_3', '6320972044_4', '6320972044_5']","['https://inaturalist-open-data.s3.amazonaws.com/photos/660648794/original.jpg', 'https://inaturalist-open-data.s3.amazonaws.com/photos/661213514/original.jpg', 'https://inaturalist-open-data.s3.amazonaws.com/photos/661213548/original.jpg', 'https://inaturalist-open-data.s3.amazonaws.com/photos/661213586/original.jpg', 'https://inaturalist-open-data.s3.amazonaws.com/photos/661213632/original.jpg']"
6321182935,41.808478,19.272814,2026-05-14T09:32:46,['6321182935_1'],['https://inaturalist-open-data.s3.amazonaws.com/photos/659683005/original.jpg']
6321210968,41.953291,19.335551,2026-05-15T08:54:32,['6321210968_1'],['https://inaturalist-open-data.s3.amazonaws.com/photos/660088574/original.jpg']
6333856362,43.093967,18.484183,2026-05-09T15:10:46,"['6333856362_1', '6333856362_2', '6333856362_3']","['https://inaturalist-open-data.s3.amazonaws.com/photos/664423773/original.jpg', 'https://inaturalist-open-data.s3.amazonaws.com/photos/664423844/original.jpg', 'https://inaturalist-open-data.s3.amazonaws.com/photos/664423898/original.jpg']"
6333913466,42.771137,18.532337,2026-05-24T12:01:44,['6333913466_1'],['https://inaturalist-open-data.s3.amazonaws.com/photos/666292890/original.jpg']
6333940037,42.350363,18.814778,2026-05-24T13:57:38,['6333940037_1'],['https://inaturalist-open-data.s3.amazonaws.com/photos/665874127/original.jpg']
6333981873,41.893007,19.330938,2026-05-18T11:04:23,['6333981873_1'],['https://inaturalist-open-data.s3.amazonaws.com/photos/665882681/original.jpg']
6334095884,41.812787,19.348309,2026-05-15T11:31,['6334095884_1'],['https://inaturalist-open-data.s3.amazonaws.com/photos/662696463/original.jpg']
6334123901,41.986856,19.22444,2026-05-14T10:52,"['6334123901_1', '6334123901_2']","['https://inaturalist-open-data.s3.amazonaws.com/photos/662695876/original.jpg', 'https://inaturalist-open-data.s3.amazonaws.com/photos/670868975/original.jpg']"
6334248302,41.971993,19.389282,2026-05-21T09:20:28,['6334248302_1'],['https://inaturalist-open-data.s3.amazonaws.com/photos/665876983/original.jpg']
6334291537,41.822512,19.326327,2026-05-15T10:42,['6334291537_1'],['https://inaturalist-open-data.s3.amazonaws.com/photos/662696457/original.jpg']
6334361330,41.400918,20.418612,2026-05-22T14:13:11,['6334361330_1'],['https://inaturalist-open-data.s3.amazonaws.com/photos/664944811/original.jpg']
6334546589,41.94314,19.308257,2026-05-14T14:10,"['6334546589_1', '6334546589_2']","['https://inaturalist-open-data.s3.amazonaws.com/photos/662696063/original.jpg', 'https://inaturalist-open-data.s3.amazonaws.com/photos/662696089/original.jpg']"
6334596350,41.856029,19.341175,2026-05-14T13:51,"['6334596350_1', '6334596350_2']","['https://inaturalist-open-data.s3.amazonaws.com/photos/662696018/original.jpg', 'https://inaturalist-open-data.s3.amazonaws.com/photos/662696027/original.jpg']"
6334661500,43.806267,15.912479,2026-05-22T15:39:02,"['6334661500_1', '6334661500_2']","['https://inaturalist-open-data.s3.amazonaws.com/photos/664443650/original.jpg', 'https://inaturalist-open-data.s3.amazonaws.com/photos/664443709/original.jpg']"
6334671456,44.169007,20.459906,2026-05-24T10:33:33,['6334671456_1'],['https://inaturalist-open-data.s3.amazonaws.com/photos/665597661/original.jpg']
6334733783,42.771195,18.532308,2026-05-24T12:03:55,['6334733783_1'],['https://inaturalist-open-data.s3.amazonaws.com/photos/666296288/original.jpg']
6334820306,41.85043,19.218002,2026-05-21T09:50:34,['6334820306_1'],['https://inaturalist-open-data.s3.amazonaws.com/photos/665878489/original.jpg']
6334981926,41.983593,19.383549,2026-05-14T08:54,['6334981926_1'],['https://inaturalist-open-data.s3.amazonaws.com/photos/662695683/original.jpg']
6335033820,41.83304,19.235717,2026-05-15T11:52,['6335033820_1'],['https://inaturalist-open-data.s3.amazonaws.com/photos/662696458/original.jpg']
6341868524,40.67479,19.562822,2026-05-23,['6341868524_1'],['https://observation.org/photos/152944983.jpg']
6342269568,42.36,18.87,2026-05-13,['6342269568_1'],['https://observation.org/photos/151465793.jpg']
6342317321,44.896791,15.611157,2026-05-03,['6342317321_1'],['https://observation.org/photos/149981634.jpg']
6342643774,40.261415,24.245123,2026-05-13,['6342643774_1'],['https://observation.org/photos/151407600.jpg']
6342710474,42.385067,19.782598,2026-05-14,"['6342710474_1', '6342710474_2', '6342710474_3', '6342710474_4', '6342710474_5']","['https://observation.org/photos/151747569.jpg', 'https://observation.org/photos/151747570.jpg', 'https://observation.org/photos/151747571.jpg', 'https://observation.org/photos/151747573.jpg', 'https://observation.org/photos/151747574.jpg']"
6342714272,39.540177,19.886246,2026-05-07,['6342714272_1'],['https://observation.org/photos/150493603.jpg']
6342894225,41.208253,23.096089,2026-05-05,['6342894225_1'],['https://observation.org/photos/150346414.jpg']
6344625496,42.361176,18.874061,2026-05-13,"['6344625496_1', '6344625496_2']","['https://observation.org/photos/151465188.jpg', 'https://observation.org/photos/151465189.jpg']"
6344756845,44.888508,22.423212,2026-05-22,"['6344756845_1', '6344756845_2', '6344756845_3']","['https://observation.org/photos/152812864.jpg', 'https://observation.org/photos/152812865.jpg', 'https://observation.org/photos/152812866.jpg']"
6352241363,44.997114,13.752144,2026-05-28T12:37:15,['6352241363_1'],['https://inaturalist-open-data.s3.amazonaws.com/photos/668273636/original.jpg']
6352428682,42.431335,19.766513,2026-05-27,['6352428682_1'],['https://inaturalist-open-data.s3.amazonaws.com/photos/670576289/original.jpg']
6352488848,41.835151,19.215503,2026-05-27T22:48:59,"['6352488848_1', '6352488848_2']","['https://inaturalist-open-data.s3.amazonaws.com/photos/668371691/original.jpg', 'https://inaturalist-open-data.s3.amazonaws.com/photos/668371736/original.jpg']"
6352505109,46.407151,13.723014,2026-05-29T19:53:38,['6352505109_1'],['https://inaturalist-open-data.s3.amazonaws.com/photos/669698348/original.jpg']
6352544485,46.407457,13.611955,2026-05-30T11:41,"['6352544485_1', '6352544485_2']","['https://inaturalist-open-data.s3.amazonaws.com/photos/669756951/original.jpg', 'https://inaturalist-open-data.s3.amazonaws.com/photos/695647799/original.jpg']"
6352565401,41.95645,19.39727,2026-05-19T14:47:37,['6352565401_1'],['https://inaturalist-open-data.s3.amazonaws.com/photos/667812547/original.jpg']
6352696602,41.94035,19.342577,2026-05-20T12:09:19,"['6352696602_1', '6352696602_2', '6352696602_3']","['https://inaturalist-open-data.s3.amazonaws.com/photos/668370347/original.jpg', 'https://inaturalist-open-data.s3.amazonaws.com/photos/668370310/original.jpg', 'https://inaturalist-open-data.s3.amazonaws.com/photos/668370262/original.jpg']"
6352702109,41.944832,19.378982,2026-05-19T11:26:25,"['6352702109_1', '6352702109_2']","['https://inaturalist-open-data.s3.amazonaws.com/photos/667810126/original.jpg', 'https://inaturalist-open-data.s3.amazonaws.com/photos/667810076/original.jpg']"
6352748437,41.922316,19.248332,2026-05-20T11:13:30,"['6352748437_1', '6352748437_2']","['https://inaturalist-open-data.s3.amazonaws.com/photos/668369035/original.jpg', 'https://inaturalist-open-data.s3.amazonaws.com/photos/668369608/original.jpg']"
6352865004,46.389093,14.17547,2026-05-31T09:53:07,"['6352865004_1', '6352865004_2', '6352865004_3', '6352865004_4']","['https://inaturalist-open-data.s3.amazonaws.com/photos/670123004/original.jpg', 'https://inaturalist-open-data.s3.amazonaws.com/photos/670123003/original.jpg', 'https://inaturalist-open-data.s3.amazonaws.com/photos/670123008/original.jpg', 'https://inaturalist-open-data.s3.amazonaws.com/photos/670123006/original.jpg']"
6352980664,42.3565,19.765483,2026-05-26T14:47,['6352980664_1'],['https://inaturalist-open-data.s3.amazonaws.com/photos/667338133/original.jpg']
6353078562,41.874946,19.307475,2026-05-18T12:06:10,"['6353078562_1', '6353078562_2', '6353078562_3']","['https://inaturalist-open-data.s3.amazonaws.com/photos/667802738/original.jpg', 'https://inaturalist-open-data.s3.amazonaws.com/photos/667802682/original.jpg', 'https://inaturalist-open-data.s3.amazonaws.com/photos/667802778/original.jpg']"
6353167598,41.810379,19.233893,2026-05-19T14:17:34,"['6353167598_1', '6353167598_2', '6353167598_3']","['https://inaturalist-open-data.s3.amazonaws.com/photos/667814359/original.jpg', 'https://inaturalist-open-data.s3.amazonaws.com/photos/667811440/original.jpg', 'https://inaturalist-open-data.s3.amazonaws.com/photos/667814434/original.jpg']"
6353322963,46.200579,13.486084,2026-05-29T17:13:08,['6353322963_1'],['https://inaturalist-open-data.s3.amazonaws.com/photos/669613596/original.jpg']
6398688300,42.671502,21.414174,2026-05-11,"['6398688300_1', '6398688300_2', '6398688300_3', '6398688300_4']","['https://inaturalist-open-data.s3.amazonaws.com/photos/675833829/original.jpg', 'https://inaturalist-open-data.s3.amazonaws.com/photos/675833843/original.jpg', 'https://inaturalist-open-data.s3.amazonaws.com/photos/675833856/original.jpg', 'https://inaturalist-open-data.s3.amazonaws.com/photos/675833875/original.jpg']"
6398773432,45.886299,13.962216,2026-05-23T13:38,"['6398773432_1', '6398773432_2', '6398773432_3']","['https://inaturalist-open-data.s3.amazonaws.com/photos/673952957/original.jpg', 'https://inaturalist-open-data.s3.amazonaws.com/photos/673953621/original.jpg', 'https://inaturalist-open-data.s3.amazonaws.com/photos/673954413/original.jpg']"
6399111507,41.869784,19.294166,2026-05-21T09:48,"['6399111507_1', '6399111507_2']","['https://inaturalist-open-data.s3.amazonaws.com/photos/672592485/original.jpg', 'https://inaturalist-open-data.s3.amazonaws.com/photos/672592514/original.jpg']"
6400358740,42.497786,18.936142,2026-05-24T13:23:13,"['6400358740_1', '6400358740_2', '6400358740_3']","['https://inaturalist-open-data.s3.amazonaws.com/photos/672834142/original.jpg', 'https://inaturalist-open-data.s3.amazonaws.com/photos/672834205/original.jpg', 'https://inaturalist-open-data.s3.amazonaws.com/photos/672834271/original.jpg']"
6400717755,44.528778,15.196791,2026-05-29T15:06,['6400717755_1'],['https://inaturalist-open-data.s3.amazonaws.com/photos/672035234/original.jpg']
6410619610,39.784426,20.073017,2026-05-27,"['6410619610_1', '6410619610_2', '6410619610_3', '6410619610_4', '6410619610_5']","['https://observation.org/photos/153817698.jpg', 'https://observation.org/photos/153817699.jpg', 'https://observation.org/photos/153817702.jpg', 'https://observation.org/photos/153817703.jpg', 'https://observation.org/photos/153817704.jpg']"
6410714943,40.615739,20.190385,2026-05-24,"['6410714943_1', '6410714943_2', '6410714943_3', '6410714943_4', '6410714943_5', '6410714943_6', '6410714943_7', '6410714943_8', '6410714943_9']","['https://observation.org/photos/153335606.jpg', 'https://observation.org/photos/153335607.jpg', 'https://observation.org/photos/153335609.jpg', 'https://observation.org/photos/153335610.jpg', 'https://observation.org/photos/153335611.jpg', 'https://observation.org/photos/153335612.jpg', 'https://observation.org/photos/153335613.jpg', 'https://observation.org/photos/153335614.jpg', 'https://observation.org/photos/153335615.jpg']"
6410818710,43.334517,18.554386,2026-05-26,"['6410818710_1', '6410818710_2']","['https://observation.org/photos/153596247.jpg', 'https://observation.org/photos/153596248.jpg']"
6411568019,45.701313,14.208741,2026-05-28,['6411568019_1'],['https://observation.org/photos/154128475.jpg']
6422978883,45.296361,24.290683,2026-05-18T18:40:21,"['6422978883_1', '6422978883_2']","['https://inaturalist-open-data.s3.amazonaws.com/photos/687258150/original.jpg', 'https://inaturalist-open-data.s3.amazonaws.com/photos/687258118/original.jpg']"
6430908832,44.385765,15.321409,2026-05-26T10:53,['6430908832_1'],['https://inaturalist-open-data.s3.amazonaws.com/photos/691909139/original.jpg']
6431361019,44.408916,15.319154,2026-05-25T17:59,['6431361019_1'],['https://inaturalist-open-data.s3.amazonaws.com/photos/691043607/original.jpg']
6479298968,43.949483,16.507103,2026-05-21T13:45:41,['6479298968_1'],['https://inaturalist-open-data.s3.amazonaws.com/photos/706621664/original.jpg']
6485560195,37.829431,24.8178,2026-05-26,['6485560195_1'],['https://observation.org/photos/153667855.jpg']
6398666460,44.251171,16.084781,2026-06-07T15:13:53,"['6398666460_1', '6398666460_2', '6398666460_3', '6398666460_4', '6398666460_5']","['https://inaturalist-open-data.s3.amazonaws.com/photos/674996599/original.jpg', 'https://inaturalist-open-data.s3.amazonaws.com/photos/674996679/original.jpg', 'https://inaturalist-open-data.s3.amazonaws.com/photos/674996745/original.jpg', 'https://inaturalist-open-data.s3.amazonaws.com/photos/674996828/original.jpg', 'https://inaturalist-open-data.s3.amazonaws.com/photos/674996890/original.jpg']"
6398885804,42.381478,19.785555,2026-06-03T17:30:25,['6398885804_1'],['https://inaturalist-open-data.s3.amazonaws.com/photos/674100926/original.jpg']
6399070439,46.408419,14.23082,2026-06-09T18:00:54,"['6399070439_1', '6399070439_2', '6399070439_3']","['https://inaturalist-open-data.s3.amazonaws.com/photos/676073015/original.jpg', 'https://inaturalist-open-data.s3.amazonaws.com/photos/676073059/original.jpg', 'https://inaturalist-open-data.s3.amazonaws.com/photos/676073112/original.jpg']"
6399077874,44.258495,16.074325,2026-06-07T12:26:29,"['6399077874_1', '6399077874_2', '6399077874_3', '6399077874_4']","['https://inaturalist-open-data.s3.amazonaws.com/photos/674888165/original.jpg', 'https://inaturalist-open-data.s3.amazonaws.com/photos/674888074/original.jpg', 'https://inaturalist-open-data.s3.amazonaws.com/photos/674888316/original.jpg', 'https://inaturalist-open-data.s3.amazonaws.com/photos/674888317/original.jpg']"
6399815327,46.544034,13.71452,2026-06-06T15:04:50,"['6399815327_1', '6399815327_2', '6399815327_3', '6399815327_4']","['https://inaturalist-open-data.s3.amazonaws.com/photos/673887538/original.jpg', 'https://inaturalist-open-data.s3.amazonaws.com/photos/673887546/original.jpg', 'https://inaturalist-open-data.s3.amazonaws.com/photos/673887551/original.jpg', 'https://inaturalist-open-data.s3.amazonaws.com/photos/673887564/original.jpg']"
6399987473,44.555762,15.106784,2026-06-08T08:37:11,"['6399987473_1', '6399987473_2']","['https://inaturalist-open-data.s3.amazonaws.com/photos/675260628/original.jpg', 'https://inaturalist-open-data.s3.amazonaws.com/photos/675261038/original.jpg']"
6400020600,44.246733,19.930547,2026-06-08T12:23:29,['6400020600_1'],['https://inaturalist-open-data.s3.amazonaws.com/photos/675402917/original.jpg']
6400680929,44.357171,15.480661,2026-06-06T18:40:57,"['6400680929_1', '6400680929_2', '6400680929_3']","['https://inaturalist-open-data.s3.amazonaws.com/photos/674965804/original.jpg', 'https://inaturalist-open-data.s3.amazonaws.com/photos/674965917/original.jpg', 'https://inaturalist-open-data.s3.amazonaws.com/photos/674966022/original.jpg']"
6410643296,42.356044,19.780064,2026-06-02,['6410643296_1'],['https://observation.org/photos/154909611.jpg']
6410685470,42.99086,19.41461,2026-06-03,"['6410685470_1', '6410685470_2', '6410685470_3', '6410685470_4', '6410685470_5']","['https://observation.org/photos/156226979.jpg', 'https://observation.org/photos/156226980.jpg', 'https://observation.org/photos/156226981.jpg', 'https://observation.org/photos/156226982.jpg', 'https://observation.org/photos/156226983.jpg']"
6411092713,45.2,14.56,2026-06-06,['6411092713_1'],['https://observation.org/photos/155770300.jpg']
6411651304,42.31388,19.35345,2026-06-05,"['6411651304_1', '6411651304_2', '6411651304_3', '6411651304_4']","['https://observation.org/photos/156345441.jpg', 'https://observation.org/photos/156345442.jpg', 'https://observation.org/photos/156345443.jpg', 'https://observation.org/photos/156345444.jpg']"
6413272140,45.831293,16.021548,2026-06-13T09:13:58,['6413272140_1'],['https://inaturalist-open-data.s3.amazonaws.com/photos/682871508/original.jpg']
6413288554,44.136528,16.24612,2026-06-15T10:59:43,['6413288554_1'],['https://inaturalist-open-data.s3.amazonaws.com/photos/681673087/original.jpg']
6413311702,44.34381,15.484047,2026-06-02T12:05,['6413311702_1'],['https://inaturalist-open-data.s3.amazonaws.com/photos/681407802/original.jpg']
6413401780,44.26165,16.104031,2026-06-22T07:53:48,"['6413401780_1', '6413401780_2', '6413401780_3']","['https://inaturalist-open-data.s3.amazonaws.com/photos/684249610/original.jpg', 'https://inaturalist-open-data.s3.amazonaws.com/photos/684249680/original.jpg', 'https://inaturalist-open-data.s3.amazonaws.com/photos/684249732/original.jpg']"
6413491089,44.580365,15.096582,2026-06-21T13:12:02,['6413491089_1'],['https://inaturalist-open-data.s3.amazonaws.com/photos/684369939/original.jpg']
6413652625,45.804054,16.299333,2026-06-13T16:45:01,['6413652625_1'],['https://inaturalist-open-data.s3.amazonaws.com/photos/682872259/original.jpg']
6413670379,44.751675,15.375273,2026-06-16T20:56:41,"['6413670379_1', '6413670379_2']","['https://inaturalist-open-data.s3.amazonaws.com/photos/680455747/original.jpg', 'https://inaturalist-open-data.s3.amazonaws.com/photos/680455826/original.jpg']"
6413823525,46.387167,13.219431,2026-06-20T17:51,['6413823525_1'],['https://inaturalist-open-data.s3.amazonaws.com/photos/682778413/original.jpg']
6414098047,43.909069,15.976104,2026-06-16T10:52,['6414098047_1'],['https://inaturalist-open-data.s3.amazonaws.com/photos/681920037/original.jpg']
6414102750,44.261561,16.103326,2026-06-22T09:50,"['6414102750_1', '6414102750_2']","['https://inaturalist-open-data.s3.amazonaws.com/photos/684249827/original.jpg', 'https://inaturalist-open-data.s3.amazonaws.com/photos/684249879/original.jpg']"
6422729645,41.906048,19.273217,2026-06-24T06:15:27,['6422729645_1'],['https://inaturalist-open-data.s3.amazonaws.com/photos/685136539/original.jpg']
6422805694,44.030142,22.376039,2026-06-12T14:55:48,"['6422805694_1', '6422805694_2']","['https://inaturalist-open-data.s3.amazonaws.com/photos/688011418/original.jpg', 'https://inaturalist-open-data.s3.amazonaws.com/photos/688011504/original.jpg']"
6422927952,45.823696,16.075144,2026-06-13T10:46:23,['6422927952_1'],['https://inaturalist-open-data.s3.amazonaws.com/photos/685534030/original.jpg']
6423165331,44.85017,14.965636,2026-06-25T15:41:59,['6423165331_1'],['https://inaturalist-open-data.s3.amazonaws.com/photos/686073125/original.jpg']
6431358077,46.278658,13.831222,2026-06-24T21:38:38,['6431358077_1'],['https://inaturalist-open-data.s3.amazonaws.com/photos/685563939/original.jpg']
6452505707,45.635114,14.387412,2026-06-01T13:56:08,"['6452505707_1', '6452505707_2']","['https://inaturalist-open-data.s3.amazonaws.com/photos/698231505/original.jpg', 'https://inaturalist-open-data.s3.amazonaws.com/photos/704083783/original.jpg']"
6480879937,46.363425,14.658292,2026-06-30T09:09,"['6480879937_1', '6480879937_2']","['https://inaturalist-open-data.s3.amazonaws.com/photos/688983974/original.jpg', 'https://inaturalist-open-data.s3.amazonaws.com/photos/688983967/original.jpg']"
6431304318,46.455424,14.462322,2026-07-04T10:59:08,['6431304318_1'],['https://inaturalist-open-data.s3.amazonaws.com/photos/691299548/original.jpg']
6440956421,44.673387,22.286056,2026-07-13T14:17:51,['6440956421_1'],['https://inaturalist-open-data.s3.amazonaws.com/photos/697095669/original.jpg']
6441520321,44.519079,14.502527,2026-07-06T13:15:51,"['6441520321_1', '6441520321_2', '6441520321_3']","['https://inaturalist-open-data.s3.amazonaws.com/photos/693588648/original.jpg', 'https://inaturalist-open-data.s3.amazonaws.com/photos/693588701/original.jpg', 'https://inaturalist-open-data.s3.amazonaws.com/photos/693588742/original.jpg']"
6441544834,44.760336,22.242879,2026-07-12T22:05:37,['6441544834_1'],['https://inaturalist-open-data.s3.amazonaws.com/photos/696716205/original.jpg']
6441600557,44.643415,22.291342,2026-07-12T17:08,['6441600557_1'],['https://inaturalist-open-data.s3.amazonaws.com/photos/696715907/original.jpg']
6441608806,44.757931,22.244705,2026-07-13T14:16:45,['6441608806_1'],['https://inaturalist-open-data.s3.amazonaws.com/photos/697095522/original.jpg']
6441754617,45.458661,15.329816,2026-07-03T17:06,['6441754617_1'],['https://inaturalist-open-data.s3.amazonaws.com/photos/696711819/original.jpg']
6441798465,42.994192,18.96417,2026-07-07T16:23:55,['6441798465_1'],['https://inaturalist-open-data.s3.amazonaws.com/photos/693590268/original.jpg']
6441904438,44.634684,15.023715,2026-07-06T13:14:39,"['6441904438_1', '6441904438_2']","['https://inaturalist-open-data.s3.amazonaws.com/photos/694397142/original.jpg', 'https://inaturalist-open-data.s3.amazonaws.com/photos/694397248/original.jpg']"
6442057940,42.994131,18.964261,2026-07-07T10:45:07,"['6442057940_1', '6442057940_2']","['https://inaturalist-open-data.s3.amazonaws.com/photos/693374404/original.jpg', 'https://inaturalist-open-data.s3.amazonaws.com/photos/693374670/original.jpg']"
6447779876,42.45,19.89,2026-07-07,['6447779876_1'],['https://observation.org/photos/160515905.jpg']
6449710188,39.331592,20.635953,2026-07-10,['6449710188_1'],['https://observation.org/photos/161239222.jpg']
6452049957,45.465704,14.541267,2026-07-14T07:16,"['6452049957_1', '6452049957_2']","['https://inaturalist-open-data.s3.amazonaws.com/photos/697808928/original.jpg', 'https://inaturalist-open-data.s3.amazonaws.com/photos/697809891/original.jpg']"
6452054690,46.58156,14.301081,2026-07-06T18:00,['6452054690_1'],['https://inaturalist-open-data.s3.amazonaws.com/photos/700108998/original.jpg']
6452116915,46.276888,12.373337,2026-07-15T11:12,"['6452116915_1', '6452116915_2', '6452116915_3']","['https://inaturalist-open-data.s3.amazonaws.com/photos/698299449/original.jpg', 'https://inaturalist-open-data.s3.amazonaws.com/photos/698299446/original.jpg', 'https://inaturalist-open-data.s3.amazonaws.com/photos/698299447/original.jpg']"
6469793932,44.726433,22.385466,2026-07-14T15:42:34,"['6469793932_1', '6469793932_2', '6469793932_3']","['https://inaturalist-open-data.s3.amazonaws.com/photos/702578312/original.jpg', 'https://inaturalist-open-data.s3.amazonaws.com/photos/702578344/original.jpg', 'https://inaturalist-open-data.s3.amazonaws.com/photos/702578388/original.jpg']"
6469904308,44.652462,22.223227,2026-07-13T18:20:08,['6469904308_1'],['https://inaturalist-open-data.s3.amazonaws.com/photos/702578633/original.jpg']
6470153735,43.011725,18.931736,2026-07-10T15:20:05,"['6470153735_1', '6470153735_2']","['https://inaturalist-open-data.s3.amazonaws.com/photos/702072680/original.jpg', 'https://inaturalist-open-data.s3.amazonaws.com/photos/702072722/original.jpg']"
6470549858,43.128802,20.415881,2026-07-12T16:06,['6470549858_1'],['https://inaturalist-open-data.s3.amazonaws.com/photos/703435005/original.jpg']
6470573456,44.974757,21.738771,2026-07-25T21:23,['6470573456_1'],['https://inaturalist-open-data.s3.amazonaws.com/photos/705479904/original.jpg']
6470593581,44.683111,22.363266,2026-07-15T15:03:06,['6470593581_1'],['https://inaturalist-open-data.s3.amazonaws.com/photos/702577860/original.jpg']
6479238873,46.496822,14.742225,2026-07-13T19:09:48,"['6479238873_1', '6479238873_2', '6479238873_3', '6479238873_4']","['https://inaturalist-open-data.s3.amazonaws.com/photos/712160065/original.jpg', 'https://inaturalist-open-data.s3.amazonaws.com/photos/712160125/original.jpg', 'https://inaturalist-open-data.s3.amazonaws.com/photos/712160169/original.jpg', 'https://inaturalist-open-data.s3.amazonaws.com/photos/712160229/original.jpg']"
6479486931,45.196238,14.188834,2026-07-30T12:32:08,['6479486931_1'],['https://inaturalist-open-data.s3.amazonaws.com/photos/707795780/original.jpg']
6479684350,45.781255,13.601752,2026-07-27T09:28,['6479684350_1'],['https://inaturalist-open-data.s3.amazonaws.com/photos/713781439/original.jpg']
6479696769,46.352334,13.941516,2026-07-31T19:07:38,['6479696769_1'],['https://inaturalist-open-data.s3.amazonaws.com/photos/708475480/original.jpg']
6480245252,46.279205,13.889057,2026-07-31T19:07:38,['6480245252_1'],['https://inaturalist-open-data.s3.amazonaws.com/photos/709132317/original.jpg']
6480334622,46.43294,14.225612,2026-07-27T16:39,['6480334622_1'],['https://inaturalist-open-data.s3.amazonaws.com/photos/711911565/original.jpg']
6480350685,45.743739,14.380575,2026-07-01T11:08:52,['6480350685_1'],['https://inaturalist-open-data.s3.amazonaws.com/photos/714134743/original.jpg']
6480633423,45.707486,14.207064,2026-07-22T10:08:56,"['6480633423_1', '6480633423_2']","['https://inaturalist-open-data.s3.amazonaws.com/photos/707938499/original.jpg', 'https://inaturalist-open-data.s3.amazonaws.com/photos/707938508/original.jpg']"
6485896403,46.6,13.45,2026-07-26,['6485896403_1'],['https://observation.org/photos/163741848.jpg']
6486418022,46.6,13.45,2026-07-26,['6486418022_1'],['https://observation.org/photos/163742191.jpg']
6498708806,46.408003,15.556035,2026-07-15T17:13,['6498708806_1'],['https://inaturalist-open-data.s3.amazonaws.com/photos/721176133/original.jpg']
6479979797,46.275923,12.836328,2026-08-02T15:57:26,['6479979797_1'],['https://inaturalist-open-data.s3.amazonaws.com/photos/710921815/original.jpg']
6480519571,42.691373,19.718922,2026-08-05T20:40:17,['6480519571_1'],['https://inaturalist-open-data.s3.amazonaws.com/photos/713315727/original.jpg']
6498307916,46.292592,13.90928,2026-08-20T10:59:56,"['6498307916_1', '6498307916_2', '6498307916_3']","['https://inaturalist-open-data.s3.amazonaws.com/photos/720095619/original.jpg', 'https://inaturalist-open-data.s3.amazonaws.com/photos/720095564/original.jpg', 'https://inaturalist-open-data.s3.amazonaws.com/photos/720095665/original.jpg']"
6498432814,45.578733,14.720065,2026-08-15,['6498432814_1'],['https://inaturalist-open-data.s3.amazonaws.com/photos/722383537/original.jpg']
6498553607,44.643071,15.358151,2026-08-18T10:18:41,"['6498553607_1', '6498553607_2']","['https://inaturalist-open-data.s3.amazonaws.com/photos/718984476/original.jpg', 'https://inaturalist-open-data.s3.amazonaws.com/photos/718984507/original.jpg']"
6498602420,44.331879,15.555095,2026-08-07T10:01,"['6498602420_1', '6498602420_2']","['https://inaturalist-open-data.s3.amazonaws.com/photos/719638812/original.jpg', 'https://inaturalist-open-data.s3.amazonaws.com/photos/719639224/original.jpg']"
6498656042,42.376122,19.802946,2026-08-15T12:10:31,"['6498656042_1', '6498656042_2', '6498656042_3', '6498656042_4']","['https://inaturalist-open-data.s3.amazonaws.com/photos/717274023/original.jpg', 'https://inaturalist-open-data.s3.amazonaws.com/photos/717274109/original.jpg', 'https://inaturalist-open-data.s3.amazonaws.com/photos/717274351/original.jpg', 'https://inaturalist-open-data.s3.amazonaws.com/photos/717274405/original.jpg']"
6499673891,43.102751,19.247191,2026-08-19T11:15:19,['6499673891_1'],['https://inaturalist-open-data.s3.amazonaws.com/photos/719636122/original.jpg']
6499834630,44.336558,15.53677,2026-08-07T19:34,"['6499834630_1', '6499834630_2', '6499834630_3', '6499834630_4']","['https://inaturalist-open-data.s3.amazonaws.com/photos/719646278/original.jpg', 'https://inaturalist-open-data.s3.amazonaws.com/photos/719646342/original.jpg', 'https://inaturalist-open-data.s3.amazonaws.com/photos/719646395/original.jpg', 'https://inaturalist-open-data.s3.amazonaws.com/photos/719646444/original.jpg']"
6500100225,42.376155,19.802755,2026-08-15T12:10:40,['6500100225_1'],['https://inaturalist-open-data.s3.amazonaws.com/photos/717289339/original.jpg']
6500376737,46.281128,12.376461,2026-08-16T15:11,['6500376737_1'],['https://inaturalist-open-data.s3.amazonaws.com/photos/717998469/original.jpg']
5087402357,45.156887,14.229218,2025-02-28T12:02,['5087402357_1'],['https://inaturalist-open-data.s3.amazonaws.com/photos/473867665/original.jpg']
5087733816,43.985483,16.081183,2025-03-06T20:51,['5087733816_1'],['https://inaturalist-open-data.s3.amazonaws.com/photos/474593458/original.jpeg']
5087919917,42.66142,21.210953,2025-03-15T14:15:58,['5087919917_1'],['https://inaturalist-open-data.s3.amazonaws.com/photos/476708223/original.jpg']
5104567049,43.988175,16.048075,2025-03-22T08:30:35,"['5104567049_1', '5104567049_2', '5104567049_3']","['https://inaturalist-open-data.s3.amazonaws.com/photos/479287150/original.jpg', 'https://inaturalist-open-data.s3.amazonaws.com/photos/479287168/original.jpg', 'https://inaturalist-open-data.s3.amazonaws.com/photos/479287186/original.jpg']"
5133353011,47.800451,16.038858,2025-04-12T12:45,['5133353011_1'],['https://inaturalist-open-data.s3.amazonaws.com/photos/485776752/original.jpeg']
5133420425,44.288445,15.644846,2025-04-13T13:19:45,['5133420425_1'],['https://inaturalist-open-data.s3.amazonaws.com/photos/485906063/original.jpeg']
5133463005,44.894333,15.607808,2025-04-12T12:57:40,['5133463005_1'],['https://inaturalist-open-data.s3.amazonaws.com/photos/485760598/original.jpeg']
5133668516,44.018478,16.018496,2025-04-15T12:36:32,['5133668516_1'],['https://inaturalist-open-data.s3.amazonaws.com/photos/486670450/original.jpeg']
5133865056,44.659404,21.676297,2025-04-17T17:11:23,"['5133865056_1', '5133865056_2']","['https://inaturalist-open-data.s3.amazonaws.com/photos/487506121/original.jpg', 'https://inaturalist-open-data.s3.amazonaws.com/photos/487506161/original.jpg']"
5134013769,44.724495,22.329322,2025-04-17T14:27:49,"['5134013769_1', '5134013769_2']","['https://inaturalist-open-data.s3.amazonaws.com/photos/487496953/original.jpg', 'https://inaturalist-open-data.s3.amazonaws.com/photos/487497024/original.jpg']"
5134027681,44.659212,22.323528,2025-04-17T13:26:12,['5134027681_1'],['https://inaturalist-open-data.s3.amazonaws.com/photos/487898614/original.jpg']
5134146908,44.65944,21.676422,2025-04-17T17:07:40,"['5134146908_1', '5134146908_2']","['https://inaturalist-open-data.s3.amazonaws.com/photos/487505834/original.jpg', 'https://inaturalist-open-data.s3.amazonaws.com/photos/487505866/original.jpg']"
5134317478,44.995924,15.635822,2025-04-17T10:32,['5134317478_1'],['https://inaturalist-open-data.s3.amazonaws.com/photos/488900251/original.jpeg']
5134327075,44.606684,22.274589,2025-04-17T14:46:13,"['5134327075_1', '5134327075_2']","['https://inaturalist-open-data.s3.amazonaws.com/photos/487549782/original.jpg', 'https://inaturalist-open-data.s3.amazonaws.com/photos/487549816/original.jpg']"
5134435921,44.659375,21.675737,2025-04-17T17:05:21,['5134435921_1'],['https://inaturalist-open-data.s3.amazonaws.com/photos/488410142/original.jpg']
5134513450,43.911591,15.946773,2025-04-16T08:37,['5134513450_1'],['https://inaturalist-open-data.s3.amazonaws.com/photos/488899825/original.jpeg']
5134519241,45.921145,14.503235,2025-04-05T14:46,"['5134519241_1', '5134519241_2', '5134519241_3', '5134519241_4', '5134519241_5']","['https://inaturalist-open-data.s3.amazonaws.com/photos/483889994/original.jpg', 'https://inaturalist-open-data.s3.amazonaws.com/photos/483890331/original.jpg', 'https://inaturalist-open-data.s3.amazonaws.com/photos/483890333/original.jpg', 'https://inaturalist-open-data.s3.amazonaws.com/photos/483890334/original.jpg', 'https://inaturalist-open-data.s3.amazonaws.com/photos/483890336/original.jpg']"
5134629967,45.227757,14.705437,2025-04-10T15:32,['5134629967_1'],['https://inaturalist-open-data.s3.amazonaws.com/photos/488898544/original.jpeg']
5134629968,44.466251,15.048377,2025-04-12T09:32,['5134629968_1'],['https://inaturalist-open-data.s3.amazonaws.com/photos/488898878/original.jpeg']
5134664123,44.142011,16.135317,2025-04-22T18:11:08,"['5134664123_1', '5134664123_2', '5134664123_3']","['https://inaturalist-open-data.s3.amazonaws.com/photos/489780031/original.jpg', 'https://inaturalist-open-data.s3.amazonaws.com/photos/489780831/original.jpg', 'https://inaturalist-open-data.s3.amazonaws.com/photos/489780865/original.jpg']"
5134785590,46.420711,13.633146,2025-04-19T12:14,['5134785590_1'],['https://inaturalist-open-data.s3.amazonaws.com/photos/488900574/original.jpeg']
5134856882,44.995924,15.635822,2025-04-17T10:58,['5134856882_1'],['https://inaturalist-open-data.s3.amazonaws.com/photos/488900292/original.jpeg']
5138886098,41.11,26.02,2025-04-12,"['5138886098_1', '5138886098_2', '5138886098_3']","['https://observation.org/photos/114758548.jpg', 'https://observation.org/photos/114758549.jpg', 'https://observation.org/photos/114758550.jpg']"
5140039734,44.995445,15.63911,2025-04-16T11:52,['5140039734_1'],['https://inaturalist-open-data.s3.amazonaws.com/photos/490082015/original.jpeg']
5140072876,44.288574,15.644631,2025-04-11T11:23,['5140072876_1'],['https://inaturalist-open-data.s3.amazonaws.com/photos/490075919/original.jpeg']
5140096129,45.193708,14.595364,2025-04-18T16:17:28,['5140096129_1'],['https://inaturalist-open-data.s3.amazonaws.com/photos/490592089/original.jpeg']
5140117341,45.614936,13.884368,2025-04-22T10:57,['5140117341_1'],['https://inaturalist-open-data.s3.amazonaws.com/photos/490269093/original.jpeg']
5140118216,45.037735,14.580337,2025-04-21T19:40,['5140118216_1'],['https://inaturalist-open-data.s3.amazonaws.com/photos/490588347/original.jpeg']
5140123397,42.871001,20.805188,2025-04-23T22:20:29,['5140123397_1'],['https://inaturalist-open-data.s3.amazonaws.com/photos/490297460/original.jpeg']
5140141631,44.019072,16.018764,2025-04-15T09:25,['5140141631_1'],['https://inaturalist-open-data.s3.amazonaws.com/photos/490054062/original.jpeg']
5140150255,44.341864,15.47875,2025-04-23T14:32:02,"['5140150255_1', '5140150255_2']","['https://inaturalist-open-data.s3.amazonaws.com/photos/490223804/original.jpeg', 'https://inaturalist-open-data.s3.amazonaws.com/photos/490223899/original.jpeg']"
5140206286,43.103989,23.448437,2025-04-21T11:32,"['5140206286_1', '5140206286_2', '5140206286_3']","['https://inaturalist-open-data.s3.amazonaws.com/photos/490637901/original.jpg', 'https://inaturalist-open-data.s3.amazonaws.com/photos/490637898/original.jpg', 'https://inaturalist-open-data.s3.amazonaws.com/photos/490637903/original.jpg']"
5140251383,42.600892,23.410291,2025-04-23T15:40,"['5140251383_1', '5140251383_2', '5140251383_3', '5140251383_4']","['https://inaturalist-open-data.s3.amazonaws.com/photos/490631988/original.jpg', 'https://inaturalist-open-data.s3.amazonaws.com/photos/490632008/original.jpg', 'https://inaturalist-open-data.s3.amazonaws.com/photos/490632012/original.jpg', 'https://inaturalist-open-data.s3.amazonaws.com/photos/490631985/original.jpg']"
5140331255,42.594207,23.42028,2025-04-22T15:42:28,['5140331255_1'],['https://inaturalist-open-data.s3.amazonaws.com/photos/492233980/original.jpg']
5140743561,43.103961,23.448445,2025-04-21T10:57:30,['5140743561_1'],['https://inaturalist-open-data.s3.amazonaws.com/photos/493542877/original.jpg']
5140841355,45.014922,13.665435,2025-04-26T10:49,['5140841355_1'],['https://inaturalist-open-data.s3.amazonaws.com/photos/495264373/original.jpeg']
5140880337,46.975733,14.28656,2025-04-16T16:23:54,"['5140880337_1', '5140880337_2']","['https://inaturalist-open-data.s3.amazonaws.com/photos/496455460/original.jpg', 'https://inaturalist-open-data.s3.amazonaws.com/photos/495969002/original.jpeg']"
5140980228,46.335797,13.215359,2025-04-27T12:44,['5140980228_1'],['https://inaturalist-open-data.s3.amazonaws.com/photos/496743896/original.jpg']
5141002117,42.562913,18.639775,2025-04-23T10:08:46,['5141002117_1'],['https://inaturalist-open-data.s3.amazonaws.com/photos/495735982/original.jpeg']
5141446988,41.045039,19.459024,2025-04-24,"['5141446988_1', '5141446988_2', '5141446988_3']","['https://observation.org/photos/114873111.jpg', 'https://observation.org/photos/114873112.jpg', 'https://observation.org/photos/114873113.jpg']"
5141495216,38.13,21.37,2025-04-17,['5141495216_1'],['https://observation.org/photos/114865210.jpg']
5153318845,43.178003,17.669272,2025-04-28T16:12:41,"['5153318845_1', '5153318845_2', '5153318845_3']","['https://inaturalist-open-data.s3.amazonaws.com/photos/499532162/original.jpeg', 'https://inaturalist-open-data.s3.amazonaws.com/photos/499532218/original.jpeg', 'https://inaturalist-open-data.s3.amazonaws.com/photos/499532269/original.jpeg']"
5153396830,42.393125,19.777595,2025-04-29T15:42:06,"['5153396830_1', '5153396830_2']","['https://inaturalist-open-data.s3.amazonaws.com/photos/499239603/original.jpg', 'https://inaturalist-open-data.s3.amazonaws.com/photos/499239643/original.jpg']"
5154636063,44.922551,21.773557,2025-04-20,['5154636063_1'],['https://inaturalist-open-data.s3.amazonaws.com/photos/503889920/original.jpeg']
5158390450,40.539114,19.377491,2025-04-20,['5158390450_1'],['https://observation.org/photos/116079538.jpg']
5158456417,46.350995,15.166222,2025-04-12,['5158456417_1'],['https://observation.org/photos/114315043.jpg']
5158700406,44.362217,15.640506,2025-04-14,['5158700406_1'],['https://observation.org/photos/114192897.jpg']
5938398546,44.659382,21.67582,2025-04-17T17:08,['5938398546_1'],['https://inaturalist-open-data.s3.amazonaws.com/photos/605050964/original.jpg']
5938500810,44.659253,22.323813,2025-04-17T14:30,['5938500810_1'],['https://inaturalist-open-data.s3.amazonaws.com/photos/605050885/original.jpg']
6235731444,46.752805,14.370126,2025-04-17T12:45:08,['6235731444_1'],['https://inaturalist-open-data.s3.amazonaws.com/photos/645523685/original.jpg']
5153462498,44.258689,15.011124,2025-05-09T15:00:11,"['5153462498_1', '5153462498_2', '5153462498_3']","['https://inaturalist-open-data.s3.amazonaws.com/photos/502659772/original.jpg', 'https://inaturalist-open-data.s3.amazonaws.com/photos/502759295/original.jpg', 'https://inaturalist-open-data.s3.amazonaws.com/photos/502759205/original.jpg']"
5153975027,45.145027,14.224179,2025-05-01T14:13:44,['5153975027_1'],['https://inaturalist-open-data.s3.amazonaws.com/photos/498006000/original.jpeg']
5154000080,46.058157,14.827798,2025-05-01T11:50,"['5154000080_1', '5154000080_2', '5154000080_3']","['https://inaturalist-open-data.s3.amazonaws.com/photos/498010966/original.jpeg', 'https://inaturalist-open-data.s3.amazonaws.com/photos/498011012/original.jpeg', 'https://inaturalist-open-data.s3.amazonaws.com/photos/498011052/original.jpeg']"
5154004963,45.998076,15.826383,2025-05-07T10:40:30,"['5154004963_1', '5154004963_2', '5154004963_3']","['https://inaturalist-open-data.s3.amazonaws.com/photos/501311735/original.jpg', 'https://inaturalist-open-data.s3.amazonaws.com/photos/501559193/original.jpg', 'https://inaturalist-open-data.s3.amazonaws.com/photos/501559242/original.jpg']"
5154311011,45.168089,14.098777,2025-05-02,['5154311011_1'],['https://inaturalist-open-data.s3.amazonaws.com/photos/498766770/original.jpeg']
5154564024,43.196317,19.095869,2025-05-03T13:07:42,"['5154564024_1', '5154564024_2', '5154564024_3', '5154564024_4']","['https://inaturalist-open-data.s3.amazonaws.com/photos/499217519/original.jpeg', 'https://inaturalist-open-data.s3.amazonaws.com/photos/499262835/original.jpeg', 'https://inaturalist-open-data.s3.amazonaws.com/photos/499262893/original.jpeg', 'https://inaturalist-open-data.s3.amazonaws.com/photos/499262944/original.jpeg']"
5154576531,45.083339,14.546525,2025-05-09T13:28:12,['5154576531_1'],['https://inaturalist-open-data.s3.amazonaws.com/photos/503889376/original.jpg']
5154657403,46.406422,13.049361,2025-05-03T17:33:26,['5154657403_1'],['https://inaturalist-open-data.s3.amazonaws.com/photos/499498793/original.jpg']
5154835930,42.407757,19.840536,2025-05-05T16:37:57,"['5154835930_1', '5154835930_2']","['https://inaturalist-open-data.s3.amazonaws.com/photos/501551038/original.jpeg', 'https://inaturalist-open-data.s3.amazonaws.com/photos/501551109/original.jpeg']"
5154936450,44.334817,15.031123,2025-05-09T16:26:06,"['5154936450_1', '5154936450_2', '5154936450_3']","['https://inaturalist-open-data.s3.amazonaws.com/photos/502659844/original.jpg', 'https://inaturalist-open-data.s3.amazonaws.com/photos/502659801/original.jpg', 'https://inaturalist-open-data.s3.amazonaws.com/photos/502659820/original.jpg']"
5157849436,46.359594,14.100991,2025-05-01,['5157849436_1'],['https://observation.org/photos/115870771.jpg']
5157895428,41.286674,23.046434,2025-05-01,"['5157895428_1', '5157895428_2', '5157895428_3', '5157895428_4']","['https://observation.org/photos/115862403.jpg', 'https://observation.org/photos/115862404.jpg', 'https://observation.org/photos/115862405.jpg', 'https://observation.org/photos/115862406.jpg']"
5157945567,40.870826,20.987687,2025-05-13,['5157945567_1'],['https://observation.org/photos/117340754.jpg']
5158011451,44.251483,15.6485,2025-05-01,"['5158011451_1', '5158011451_2']","['https://observation.org/photos/115876744.jpg', 'https://observation.org/photos/115876745.jpg']"
5158015184,42.937592,22.951868,2025-05-10,['5158015184_1'],['https://observation.org/photos/117000307.jpg']
5158047905,44.352211,15.476398,2025-05-07,['5158047905_1'],['https://observation.org/photos/116742317.jpg']
5158059433,36.957185,21.673373,2025-05-02,['5158059433_1'],['https://observation.org/photos/115900257.jpg']
5158191376,38.43154,21.250197,2025-05-12,['5158191376_1'],['https://observation.org/photos/117217890.jpg']
5158214444,44.882881,15.61365,2025-05-01,['5158214444_1'],['https://observation.org/photos/115946034.jpg']
5158299080,39.964215,20.662372,2025-05-10,['5158299080_1'],['https://observation.org/photos/116896753.jpg']
5158478448,39.710463,21.655107,2025-05-03,"['5158478448_1', '5158478448_2', '5158478448_3']","['https://observation.org/photos/116148163.jpg', 'https://observation.org/photos/116148165.jpg', 'https://observation.org/photos/116148166.jpg']"
5158503080,39.061655,21.05965,2025-05-10,['5158503080_1'],['https://observation.org/photos/116900587.jpg']
5158617463,40.572408,23.282626,2025-05-04,['5158617463_1'],['https://observation.org/photos/116300415.jpg']
5158625119,39.964182,20.66239,2025-05-10,['5158625119_1'],['https://observation.org/photos/116969067.jpg']
5158675445,42.488346,18.695406,2025-05-02,['5158675445_1'],['https://observation.org/photos/115994720.jpg']
5167635963,44.418014,15.841668,2025-05-20T12:39:58,"['5167635963_1', '5167635963_2', '5167635963_3']","['https://inaturalist-open-data.s3.amazonaws.com/photos/507782162/original.jpg', 'https://inaturalist-open-data.s3.amazonaws.com/photos/507782190/original.jpg', 'https://inaturalist-open-data.s3.amazonaws.com/photos/507782226/original.jpg']"
5167664357,45.503719,13.986911,2025-05-14T13:03:22,['5167664357_1'],['https://inaturalist-open-data.s3.amazonaws.com/photos/504723917/original.jpg']
5167904511,42.704088,19.388588,2025-05-23T11:31:58,['5167904511_1'],['https://inaturalist-open-data.s3.amazonaws.com/photos/509156593/original.jpg']
5171629757,41.115286,23.234325,2025-05-24,"['5171629757_1', '5171629757_2', '5171629757_3', '5171629757_4']","['https://observation.org/photos/119213811.jpg', 'https://observation.org/photos/119213812.jpg', 'https://observation.org/photos/119213813.jpg', 'https://observation.org/photos/119213814.jpg']"
5176372116,45.086468,14.633606,2025-05-28T08:44:35,['5176372116_1'],['https://inaturalist-open-data.s3.amazonaws.com/photos/511872597/original.jpg']
5176412920,45.363364,14.53501,2025-05-29T20:14:25,['5176412920_1'],['https://inaturalist-open-data.s3.amazonaws.com/photos/512569203/original.jpg']
5176819847,44.913305,15.705427,2025-05-25T14:31,['5176819847_1'],['https://inaturalist-open-data.s3.amazonaws.com/photos/512086413/original.jpg']
5176843353,43.65759,20.0409,2025-05-31T12:06,"['5176843353_1', '5176843353_2', '5176843353_3']","['https://inaturalist-open-data.s3.amazonaws.com/photos/513962765/original.jpg', 'https://inaturalist-open-data.s3.amazonaws.com/photos/513963816/original.jpg', 'https://inaturalist-open-data.s3.amazonaws.com/photos/513963817/original.jpg']"
5176882319,46.617443,13.45852,2025-05-31T16:24,"['5176882319_1', '5176882319_2', '5176882319_3', '5176882319_4', '5176882319_5', '5176882319_6']","['https://inaturalist-open-data.s3.amazonaws.com/photos/513438284/original.jpg', 'https://inaturalist-open-data.s3.amazonaws.com/photos/513438276/original.jpg', 'https://inaturalist-open-data.s3.amazonaws.com/photos/513438273/original.jpg', 'https://inaturalist-open-data.s3.amazonaws.com/photos/513438279/original.jpg', 'https://inaturalist-open-data.s3.amazonaws.com/photos/513438274/original.jpg', 'https://inaturalist-open-data.s3.amazonaws.com/photos/513438270/original.jpg']"
5176972348,45.274097,14.59035,2025-05-31T21:04:02,"['5176972348_1', '5176972348_2']","['https://inaturalist-open-data.s3.amazonaws.com/photos/513668312/original.jpg', 'https://inaturalist-open-data.s3.amazonaws.com/photos/513668378/original.jpg']"
5176973533,44.894659,15.610168,2025-05-31T15:20:54,['5176973533_1'],['https://inaturalist-open-data.s3.amazonaws.com/photos/513926689/original.jpg']
5177007065,42.707378,23.609018,2025-05-11T17:39:08,"['5177007065_1', '5177007065_2', '5177007065_3']","['https://inaturalist-open-data.s3.amazonaws.com/photos/512377247/original.jpg', 'https://inaturalist-open-data.s3.amazonaws.com/photos/512377244/original.jpg', 'https://inaturalist-open-data.s3.amazonaws.com/photos/512377245/original.jpg']"
5177105797,45.041777,14.644679,2025-05-28T08:28:54,['5177105797_1'],['https://inaturalist-open-data.s3.amazonaws.com/photos/511872442/original.jpg']
5177180032,45.23968,15.30328,2025-05-25T10:08:02,"['5177180032_1', '5177180032_2', '5177180032_3']","['https://inaturalist-open-data.s3.amazonaws.com/photos/513065324/original.jpg', 'https://inaturalist-open-data.s3.amazonaws.com/photos/513065439/original.jpg', 'https://inaturalist-open-data.s3.amazonaws.com/photos/513065559/original.jpg']"
5199077392,43.642489,21.876999,2025-05-03T16:48:35,['5199077392_1'],['https://inaturalist-open-data.s3.amazonaws.com/photos/521220819/original.jpg']
5218865352,42.357341,19.77917,2025-05-18,"['5218865352_1', '5218865352_2']","['https://observation.org/photos/118083343.jpg', 'https://observation.org/photos/118083344.jpg']"
5218868378,39.43913,19.904147,2025-05-28,"['5218868378_1', '5218868378_2', '5218868378_3', '5218868378_4', '5218868378_5']","['https://observation.org/photos/119263588.jpg', 'https://observation.org/photos/119263589.jpg', 'https://observation.org/photos/119263590.jpg', 'https://observation.org/photos/119263591.jpg', 'https://observation.org/photos/119263592.jpg']"
5219319352,39.710474,21.655073,2025-05-03,"['5219319352_1', '5219319352_2', '5219319352_3', '5219319352_4']","['https://observation.org/photos/116148241.jpg', 'https://observation.org/photos/116148243.jpg', 'https://observation.org/photos/116148244.jpg', 'https://observation.org/photos/116148246.jpg']"
5219382372,40.63,20.04,2025-05-27,['5219382372_1'],['https://observation.org/photos/119215160.jpg']
5230714712,44.896182,15.611326,2025-05-31T14:39:47,['5230714712_1'],['https://inaturalist-open-data.s3.amazonaws.com/photos/538878352/original.jpg']
5282692994,44.99218,14.694684,2025-05-25,"['5282692994_1', '5282692994_2']","['https://observation.org/photos/119994231.jpg', 'https://observation.org/photos/119994232.jpg']"
5830494027,43.61625,20.550847,2025-05-01T12:52:18,['5830494027_1'],['https://inaturalist-open-data.s3.amazonaws.com/photos/571062498/original.jpg']
6130018268,46.335712,11.368577,2025-05-02T13:20,['6130018268_1'],['https://inaturalist-open-data.s3.amazonaws.com/photos/609983497/original.jpg']
6179358265,46.315633,12.982588,2025-05-20,['6179358265_1'],['https://inaturalist-open-data.s3.amazonaws.com/photos/621112278/original.jpg']
6185011949,46.567695,15.652833,2025-05-19T12:00:20,['6185011949_1'],['https://inaturalist-open-data.s3.amazonaws.com/photos/625495552/original.jpg']
6320965822,46.284419,12.369722,2025-05-31T11:07:59,"['6320965822_1', '6320965822_2', '6320965822_3']","['https://inaturalist-open-data.s3.amazonaws.com/photos/658433046/original.jpg', 'https://inaturalist-open-data.s3.amazonaws.com/photos/658433041/original.jpg', 'https://inaturalist-open-data.s3.amazonaws.com/photos/658433042/original.jpg']"
6440959369,45.022428,16.584099,2025-05-15T09:57,['6440959369_1'],['https://inaturalist-open-data.s3.amazonaws.com/photos/695634534/original.jpg']
5176831869,42.897682,18.895636,2025-06-02T15:13:23,"['5176831869_1', '5176831869_2', '5176831869_3']","['https://inaturalist-open-data.s3.amazonaws.com/photos/514748531/original.jpg', 'https://inaturalist-open-data.s3.amazonaws.com/photos/514748588/original.jpg', 'https://inaturalist-open-data.s3.amazonaws.com/photos/514748622/original.jpg']"
5177352969,42.071203,19.401711,2025-06-03T05:40:52,['5177352969_1'],['https://inaturalist-open-data.s3.amazonaws.com/photos/515322164/original.jpg']
5187909005,43.711917,16.92993,2025-06-08T07:57:36,"['5187909005_1', '5187909005_2', '5187909005_3']","['https://inaturalist-open-data.s3.amazonaws.com/photos/517836641/original.jpg', 'https://inaturalist-open-data.s3.amazonaws.com/photos/517836797/original.jpg', 'https://inaturalist-open-data.s3.amazonaws.com/photos/517837001/original.jpg']"
5187957202,45.91694,14.503296,2025-06-08T14:45:04,['5187957202_1'],['https://inaturalist-open-data.s3.amazonaws.com/photos/518665621/original.jpg']
5188455481,45.029865,13.697509,2025-06-10T11:17,"['5188455481_1', '5188455481_2']","['https://inaturalist-open-data.s3.amazonaws.com/photos/518977602/original.jpg', 'https://inaturalist-open-data.s3.amazonaws.com/photos/518974855/original.jpg']"
5198299810,42.989903,21.395681,2025-06-08T15:01,['5198299810_1'],['https://inaturalist-open-data.s3.amazonaws.com/photos/519356958/original.jpg']
5198361273,42.046911,19.652511,2025-06-14T17:58:28,"['5198361273_1', '5198361273_2']","['https://inaturalist-open-data.s3.amazonaws.com/photos/520846567/original.jpg', 'https://inaturalist-open-data.s3.amazonaws.com/photos/520846623/original.jpg']"
5198872392,45.028492,13.69641,2025-06-10T11:14,"['5198872392_1', '5198872392_2']","['https://inaturalist-open-data.s3.amazonaws.com/photos/521218756/original.jpg', 'https://inaturalist-open-data.s3.amazonaws.com/photos/521218769/original.jpg']"
5198918746,44.910782,15.970758,2025-06-10T11:17:24,['5198918746_1'],['https://inaturalist-open-data.s3.amazonaws.com/photos/519183561/original.jpg']
5198919766,46.598191,13.662464,2025-06-08T13:10,"['5198919766_1', '5198919766_2', '5198919766_3', '5198919766_4', '5198919766_5']","['https://inaturalist-open-data.s3.amazonaws.com/photos/519401444/original.jpg', 'https://inaturalist-open-data.s3.amazonaws.com/photos/519401279/original.jpg', 'https://inaturalist-open-data.s3.amazonaws.com/photos/519401723/original.jpg', 'https://inaturalist-open-data.s3.amazonaws.com/photos/519401763/original.jpg', 'https://inaturalist-open-data.s3.amazonaws.com/photos/519401789/original.jpg']"
5205934572,42.859938,19.773633,2025-06-22T10:26:07,"['5205934572_1', '5205934572_2', '5205934572_3']","['https://inaturalist-open-data.s3.amazonaws.com/photos/525435697/original.jpg', 'https://inaturalist-open-data.s3.amazonaws.com/photos/525435729/original.jpg', 'https://inaturalist-open-data.s3.amazonaws.com/photos/525435730/original.jpg']"
5206010349,45.647935,15.482568,2025-06-21T11:08:20,"['5206010349_1', '5206010349_2']","['https://inaturalist-open-data.s3.amazonaws.com/photos/524616812/original.jpg', 'https://inaturalist-open-data.s3.amazonaws.com/photos/524616895/original.jpg']"
5206011449,42.353547,19.772228,2025-06-04T11:07:12,['5206011449_1'],['https://inaturalist-open-data.s3.amazonaws.com/photos/524858151/original.jpg']
5206590749,45.192908,23.37625,2025-06-04T12:04:43,['5206590749_1'],['https://inaturalist-open-data.s3.amazonaws.com/photos/522798242/original.jpg']
5215695204,43.259409,17.870416,2025-06-26T08:25:10,['5215695204_1'],['https://inaturalist-open-data.s3.amazonaws.com/photos/526998114/original.jpg']
5216025893,42.43926,19.915223,2025-06-21T11:30:55,['5216025893_1'],['https://inaturalist-open-data.s3.amazonaws.com/photos/524558613/original.jpg']
5217207649,45.647933,15.482552,2025-06-28T20:25:23,"['5217207649_1', '5217207649_2']","['https://inaturalist-open-data.s3.amazonaws.com/photos/528255240/original.jpg', 'https://inaturalist-open-data.s3.amazonaws.com/photos/528255298/original.jpg']"
5218800483,46.2869,13.8432,2025-06-27,['5218800483_1'],['https://observation.org/photos/124193222.jpg']
5219234396,45.91483,14.504198,2025-06-19,"['5219234396_1', '5219234396_2', '5219234396_3']","['https://observation.org/photos/123002906.jpg', 'https://observation.org/photos/123002907.jpg', 'https://observation.org/photos/123002908.jpg']"
5219327343,43.455548,28.549115,2025-06-02,['5219327343_1'],['https://observation.org/photos/120212051.jpg']
5219412384,43.015611,23.207787,2025-06-02,['5219412384_1'],['https://observation.org/photos/120281371.jpg']
5219414416,42.25248,21.257677,2025-06-18,"['5219414416_1', '5219414416_2']","['https://observation.org/photos/123024877.jpg', 'https://observation.org/photos/123024878.jpg']"
5230902787,44.101728,21.561262,2025-06-21T13:09:38,['5230902787_1'],['https://inaturalist-open-data.s3.amazonaws.com/photos/538934882/original.jpg']
5283331151,44.896199,15.60943,2025-06-18,['5283331151_1'],['https://observation.org/photos/122801700.jpg']
5292045292,44.903174,22.454712,2025-06-17T14:20,['5292045292_1'],['https://inaturalist-open-data.s3.amazonaws.com/photos/552688663/original.jpg']
5827626716,42.397689,18.843341,2025-06-11T12:41,['5827626716_1'],['https://inaturalist-open-data.s3.amazonaws.com/photos/561784869/original.jpg']
5827942807,42.397713,18.843416,2025-06-11T12:41,['5827942807_1'],['https://inaturalist-open-data.s3.amazonaws.com/photos/561784842/original.jpg']
5828079267,42.397729,18.843427,2025-06-11T12:39,['5828079267_1'],['https://inaturalist-open-data.s3.amazonaws.com/photos/561784829/original.jpg']
5828255665,42.397607,18.843266,2025-06-11T12:42,['5828255665_1'],['https://inaturalist-open-data.s3.amazonaws.com/photos/561784823/original.jpg']
5828264888,42.397697,18.84333,2025-06-11T12:41,['5828264888_1'],['https://inaturalist-open-data.s3.amazonaws.com/photos/561784857/original.jpg']
5909251651,45.193921,23.37418,2025-06-20T09:48:01,['5909251651_1'],['https://inaturalist-open-data.s3.amazonaws.com/photos/595513192/original.jpg']
6441011127,44.651667,22.385004,2025-06-08,['6441011127_1'],['https://inaturalist-open-data.s3.amazonaws.com/photos/697024019/original.jpg']
5217538464,44.605943,22.264348,2025-07-03T11:50:52,['5217538464_1'],['https://inaturalist-open-data.s3.amazonaws.com/photos/530714857/original.jpg']
5219205336,44.333407,15.475268,2025-07-03,"['5219205336_1', '5219205336_2']","['https://observation.org/photos/125381683.jpg', 'https://observation.org/photos/125381684.jpg']"
5219224467,40.052386,23.985125,2025-07-01,"['5219224467_1', '5219224467_2']","['https://observation.org/photos/125066766.jpg', 'https://observation.org/photos/125066767.jpg']"
5219263474,46.36,11.31,2025-07-05,"['5219263474_1', '5219263474_2']","['https://observation.org/photos/126030809.jpg', 'https://observation.org/photos/126030810.jpg']"
5219316458,46.363421,11.319837,2025-07-05,"['5219316458_1', '5219316458_2']","['https://observation.org/photos/125636934.jpg', 'https://observation.org/photos/125908485.jpg']"
5230083305,45.779113,14.241645,2025-07-10T14:07,['5230083305_1'],['https://inaturalist-open-data.s3.amazonaws.com/photos/666366692/original.jpg']
5230476693,43.015087,18.661192,2025-07-04T13:25:45,"['5230476693_1', '5230476693_2', '5230476693_3']","['https://inaturalist-open-data.s3.amazonaws.com/photos/535615752/original.jpg', 'https://inaturalist-open-data.s3.amazonaws.com/photos/535615802/original.jpg', 'https://inaturalist-open-data.s3.amazonaws.com/photos/535615863/original.jpg']"
5230486727,46.349189,12.468094,2025-07-11T15:39:33,['5230486727_1'],['https://inaturalist-open-data.s3.amazonaws.com/photos/538624380/original.jpg']
5230958326,44.556792,15.117142,2025-07-13T17:22,"['5230958326_1', '5230958326_2']","['https://inaturalist-open-data.s3.amazonaws.com/photos/537447077/original.jpg', 'https://inaturalist-open-data.s3.amazonaws.com/photos/537446839/original.jpg']"
5231249032,44.596733,22.255472,2025-07-14T15:58:24,['5231249032_1'],['https://inaturalist-open-data.s3.amazonaws.com/photos/536540396/original.jpg']
5231353998,44.596733,22.255472,2025-07-14T15:58:24,['5231353998_1'],['https://inaturalist-open-data.s3.amazonaws.com/photos/539559837/original.jpg']
5231433128,44.615766,22.263025,2025-07-14T16:30:53,['5231433128_1'],['https://inaturalist-open-data.s3.amazonaws.com/photos/537027542/original.jpg']
5231547921,42.441253,19.956137,2025-07-19T14:39:53,['5231547921_1'],['https://inaturalist-open-data.s3.amazonaws.com/photos/541334059/original.jpg']
5231773059,43.635253,18.187063,2025-07-20T10:02,"['5231773059_1', '5231773059_2', '5231773059_3', '5231773059_4', '5231773059_5']","['https://inaturalist-open-data.s3.amazonaws.com/photos/539585824/original.jpg', 'https://inaturalist-open-data.s3.amazonaws.com/photos/539585853/original.jpg', 'https://inaturalist-open-data.s3.amazonaws.com/photos/539585892/original.jpg', 'https://inaturalist-open-data.s3.amazonaws.com/photos/539585927/original.jpg', 'https://inaturalist-open-data.s3.amazonaws.com/photos/539585951/original.jpg']"
5234179485,42.396375,19.775259,2025-07-14,['5234179485_1'],['https://observation.org/photos/127161855.jpg']
5237765054,43.646663,18.379337,2025-07-25T08:58:12,"['5237765054_1', '5237765054_2', '5237765054_3']","['https://inaturalist-open-data.s3.amazonaws.com/photos/542154712/original.jpg', 'https://inaturalist-open-data.s3.amazonaws.com/photos/542154732/original.jpg', 'https://inaturalist-open-data.s3.amazonaws.com/photos/542154751/original.jpg']"
5237887907,43.988227,21.005859,2025-07-17T15:46:39,['5237887907_1'],['https://inaturalist-open-data.s3.amazonaws.com/photos/541651195/original.jpg']
5238451703,44.909821,22.433557,2025-07-28T17:49,['5238451703_1'],['https://inaturalist-open-data.s3.amazonaws.com/photos/544085380/original.jpg']
5282412860,42.087031,20.61662,2025-07-27T13:12,['5282412860_1'],['https://inaturalist-open-data.s3.amazonaws.com/photos/546641732/original.jpg']
5283425387,46.65,13.85,2025-07-30,['5283425387_1'],['https://observation.org/photos/131430829.jpg']
5288724742,60.488827,22.158395,2025-07-26T00:00Z,['5288724742_1'],['https://image.laji.fi/MM.3678537/IMG_1814.jpeg']
5288727788,60.488827,22.158395,2025-07-26T00:00Z,['5288727788_1'],['https://image.laji.fi/MM.3678536/IMG_1814.jpeg']
5288728243,60.488827,22.158395,2025-07-26T00:00Z,['5288728243_1'],['https://image.laji.fi/MM.3678535/IMG_1814.jpeg']
5292011687,44.736216,14.97775,2025-07-25T12:02,['5292011687_1'],['https://inaturalist-open-data.s3.amazonaws.com/photos/549767328/original.jpg']
5292519006,43.912112,16.169562,2025-07-26T10:35:54,['5292519006_1'],['https://inaturalist-open-data.s3.amazonaws.com/photos/553925876/original.jpg']
5293136705,43.859203,18.447895,2025-07-02T19:18:42,['5293136705_1'],['https://inaturalist-open-data.s3.amazonaws.com/photos/551398452/original.jpg']
6150602751,37.030581,25.501493,2025-07-01,"['6150602751_1', '6150602751_2', '6150602751_3', '6150602751_4', '6150602751_5', '6150602751_6', '6150602751_7', '6150602751_8']","['https://observation.org/photos/138898557.jpg', 'https://observation.org/photos/138898558.jpg', 'https://observation.org/photos/138898559.jpg', 'https://observation.org/photos/138898560.jpg', 'https://observation.org/photos/138898561.jpg', 'https://observation.org/photos/138898562.jpg', 'https://observation.org/photos/138898563.jpg', 'https://observation.org/photos/138898564.jpg']"
6151558734,46.326736,13.516286,2025-07-14,['6151558734_1'],['https://observation.org/photos/127171066.jpg']
5292169546,43.020503,23.240636,2025-08-08T18:37:23,"['5292169546_1', '5292169546_2', '5292169546_3', '5292169546_4']","['https://inaturalist-open-data.s3.amazonaws.com/photos/551832272/original.jpg', 'https://inaturalist-open-data.s3.amazonaws.com/photos/551832310/original.jpg', 'https://inaturalist-open-data.s3.amazonaws.com/photos/551832360/original.jpg', 'https://inaturalist-open-data.s3.amazonaws.com/photos/551832410/original.jpg']"
5292956216,43.794055,19.508097,2025-08-19T16:27:56,"['5292956216_1', '5292956216_2', '5292956216_3', '5292956216_4', '5292956216_5', '5292956216_6']","['https://inaturalist-open-data.s3.amazonaws.com/photos/554700751/original.jpg', 'https://inaturalist-open-data.s3.amazonaws.com/photos/554700820/original.jpg', 'https://inaturalist-open-data.s3.amazonaws.com/photos/554700903/original.jpg', 'https://inaturalist-open-data.s3.amazonaws.com/photos/554700971/original.jpg', 'https://inaturalist-open-data.s3.amazonaws.com/photos/554701011/original.jpg', 'https://inaturalist-open-data.s3.amazonaws.com/photos/554701064/original.jpg']"
5293163515,45.16259,21.85394,2025-08-17T14:18:54,['5293163515_1'],['https://inaturalist-open-data.s3.amazonaws.com/photos/553744499/original.jpg']
5759582337,44.5797,15.961349,2025-08-27T18:08,['5759582337_1'],['https://inaturalist-open-data.s3.amazonaws.com/photos/558616946/original.jpg']
5759606962,45.776944,14.228731,2025-08-16T09:34,"['5759606962_1', '5759606962_2']","['https://inaturalist-open-data.s3.amazonaws.com/photos/559084232/original.jpg', 'https://inaturalist-open-data.s3.amazonaws.com/photos/559084278/original.jpg']"
5759633295,45.060221,14.037711,2025-08-19T12:48:56,"['5759633295_1', '5759633295_2']","['https://inaturalist-open-data.s3.amazonaws.com/photos/554887857/original.jpg', 'https://inaturalist-open-data.s3.amazonaws.com/photos/554887912/original.jpg']"
5759704069,41.372468,20.596776,2025-08-22T20:54:33,['5759704069_1'],['https://inaturalist-open-data.s3.amazonaws.com/photos/556312347/original.jpg']
5759760838,45.776944,14.228731,2025-08-16T08:57,"['5759760838_1', '5759760838_2']","['https://inaturalist-open-data.s3.amazonaws.com/photos/559083974/original.jpg', 'https://inaturalist-open-data.s3.amazonaws.com/photos/559084113/original.jpg']"
5759909003,44.759461,14.989228,2025-08-26T15:40:29,"['5759909003_1', '5759909003_2', '5759909003_3', '5759909003_4']","['https://inaturalist-open-data.s3.amazonaws.com/photos/559303845/original.jpg', 'https://inaturalist-open-data.s3.amazonaws.com/photos/559303868/original.jpg', 'https://inaturalist-open-data.s3.amazonaws.com/photos/559303887/original.jpg', 'https://inaturalist-open-data.s3.amazonaws.com/photos/559303908/original.jpg']"
5760071696,43.616216,17.772126,2025-08-27T11:15:54,"['5760071696_1', '5760071696_2']","['https://inaturalist-open-data.s3.amazonaws.com/photos/560304178/original.jpg', 'https://inaturalist-open-data.s3.amazonaws.com/photos/560304234/original.jpg']"
5760130498,46.496576,13.710565,2025-08-31T12:39,['5760130498_1'],['https://inaturalist-open-data.s3.amazonaws.com/photos/560621903/original.jpg']
5760193419,43.885452,16.745535,2025-08-22T09:37:49,['5760193419_1'],['https://inaturalist-open-data.s3.amazonaws.com/photos/555897197/original.jpg']
5760311548,45.776679,14.21754,2025-08-16T09:26:39,"['5760311548_1', '5760311548_2', '5760311548_3']","['https://inaturalist-open-data.s3.amazonaws.com/photos/555913120/original.jpg', 'https://inaturalist-open-data.s3.amazonaws.com/photos/555913136/original.jpg', 'https://inaturalist-open-data.s3.amazonaws.com/photos/555913169/original.jpg']"
5760352527,44.290367,15.050289,2025-08-21T09:28:14,['5760352527_1'],['https://inaturalist-open-data.s3.amazonaws.com/photos/555463546/original.jpg']
5760542413,45.198582,21.86059,2025-08-30T12:00:58,['5760542413_1'],['https://inaturalist-open-data.s3.amazonaws.com/photos/559953577/original.jpg']
5760752381,45.082345,14.54909,2025-08-12T07:14,"['5760752381_1', '5760752381_2', '5760752381_3', '5760752381_4']","['https://inaturalist-open-data.s3.amazonaws.com/photos/559078422/original.jpg', 'https://inaturalist-open-data.s3.amazonaws.com/photos/559078518/original.jpg', 'https://inaturalist-open-data.s3.amazonaws.com/photos/559078605/original.jpg', 'https://inaturalist-open-data.s3.amazonaws.com/photos/559078674/original.jpg']"
5760924342,42.975828,17.502287,2025-08-24T18:55:43,"['5760924342_1', '5760924342_2', '5760924342_3']","['https://inaturalist-open-data.s3.amazonaws.com/photos/557118488/original.jpg', 'https://inaturalist-open-data.s3.amazonaws.com/photos/557118583/original.jpg', 'https://inaturalist-open-data.s3.amazonaws.com/photos/557118731/original.jpg']"
5761065861,45.60367,14.204704,2025-08-16T08:33:57,"['5761065861_1', '5761065861_2', '5761065861_3', '5761065861_4']","['https://inaturalist-open-data.s3.amazonaws.com/photos/555910995/original.jpg', 'https://inaturalist-open-data.s3.amazonaws.com/photos/555910906/original.jpg', 'https://inaturalist-open-data.s3.amazonaws.com/photos/555911013/original.jpg', 'https://inaturalist-open-data.s3.amazonaws.com/photos/555911031/original.jpg']"
5761163917,45.130077,14.569689,2025-08-12T07:49:38,"['5761163917_1', '5761163917_2', '5761163917_3']","['https://inaturalist-open-data.s3.amazonaws.com/photos/555607509/original.jpg', 'https://inaturalist-open-data.s3.amazonaws.com/photos/555607565/original.jpg', 'https://inaturalist-open-data.s3.amazonaws.com/photos/555607602/original.jpg']"
5762191385,46.55,13.7,2025-08-31,['5762191385_1'],['https://observation.org/photos/134076196.jpg']
5901248438,41.285056,20.355177,2025-08-26,"['5901248438_1', '5901248438_2']","['https://observation.org/photos/141267482.jpg', 'https://observation.org/photos/141267483.jpg']"
5902584179,41.324516,20.42238,2025-08-22,"['5902584179_1', '5902584179_2', '5902584179_3']","['https://observation.org/photos/133010371.jpg', 'https://observation.org/photos/133010372.jpg', 'https://observation.org/photos/133010373.jpg']"
5904083348,42.36776,19.847785,2025-08-27T16:59:28,['5904083348_1'],['https://inaturalist-open-data.s3.amazonaws.com/photos/594438130/original.jpg']
6150412536,41.285018,20.350466,2025-08-26,['6150412536_1'],['https://observation.org/photos/133475013.jpg']
6151938103,46.358074,14.088443,2025-08-01,['6151938103_1'],['https://observation.org/photos/129989571.jpg']
6152101012,43.369927,18.701586,2025-08-28,"['6152101012_1', '6152101012_2', '6152101012_3']","['https://observation.org/photos/133713203.jpg', 'https://observation.org/photos/133713204.jpg', 'https://observation.org/photos/133713205.jpg']"
6152261957,46.359732,14.08022,2025-08-17,['6152261957_1'],['https://observation.org/photos/132321737.jpg']
6273919964,43.611467,20.555258,2025-08-28T11:17:10,['6273919964_1'],['https://inaturalist-open-data.s3.amazonaws.com/photos/653932133/original.jpg']
5827391035,46.486816,13.832417,2025-09-07T13:58:12,['5827391035_1'],['https://inaturalist-open-data.s3.amazonaws.com/photos/563585453/original.jpg']
5827567264,43.376911,22.000692,2025-09-12,['5827567264_1'],['https://inaturalist-open-data.s3.amazonaws.com/photos/566746072/original.jpg']
5827935994,42.471778,19.885512,2025-09-13T09:47:29,['5827935994_1'],['https://inaturalist-open-data.s3.amazonaws.com/photos/566321955/original.jpg']
5828719974,42.524972,18.536597,2025-09-13T17:06:37,"['5828719974_1', '5828719974_2', '5828719974_3']","['https://inaturalist-open-data.s3.amazonaws.com/photos/566499792/original.jpg', 'https://inaturalist-open-data.s3.amazonaws.com/photos/566499823/original.jpg', 'https://inaturalist-open-data.s3.amazonaws.com/photos/566499799/original.jpg']"
5830391127,47.920413,16.019179,2025-09-21T10:49,"['5830391127_1', '5830391127_2', '5830391127_3', '5830391127_4', '5830391127_5', '5830391127_6', '5830391127_7', '5830391127_8', '5830391127_9']","['https://inaturalist-open-data.s3.amazonaws.com/photos/570094749/original.jpg', 'https://inaturalist-open-data.s3.amazonaws.com/photos/570094846/original.jpg', 'https://inaturalist-open-data.s3.amazonaws.com/photos/570094512/original.jpg', 'https://inaturalist-open-data.s3.amazonaws.com/photos/570094526/original.jpg', 'https://inaturalist-open-data.s3.amazonaws.com/photos/570094536/original.jpg', 'https://inaturalist-open-data.s3.amazonaws.com/photos/570094449/original.jpg', 'https://inaturalist-open-data.s3.amazonaws.com/photos/570094622/original.jpg', 'https://inaturalist-open-data.s3.amazonaws.com/photos/570094634/original.jpg', 'https://inaturalist-open-data.s3.amazonaws.com/photos/570094653/original.jpg']"
5830746910,46.187766,15.773761,2025-09-20T16:01:25,"['5830746910_1', '5830746910_2', '5830746910_3', '5830746910_4']","['https://inaturalist-open-data.s3.amazonaws.com/photos/569473145/original.jpg', 'https://inaturalist-open-data.s3.amazonaws.com/photos/569473197/original.jpg', 'https://inaturalist-open-data.s3.amazonaws.com/photos/569473256/original.jpg', 'https://inaturalist-open-data.s3.amazonaws.com/photos/569473313/original.jpg']"
5830817017,45.183319,14.702905,2025-09-12T18:20:59,['5830817017_1'],['https://inaturalist-open-data.s3.amazonaws.com/photos/568109148/original.jpg']
5830907674,47.931534,16.052576,2025-09-21T12:49,"['5830907674_1', '5830907674_2', '5830907674_3', '5830907674_4', '5830907674_5', '5830907674_6', '5830907674_7', '5830907674_8', '5830907674_9']","['https://inaturalist-open-data.s3.amazonaws.com/photos/570095431/original.jpg', 'https://inaturalist-open-data.s3.amazonaws.com/photos/570095331/original.jpg', 'https://inaturalist-open-data.s3.amazonaws.com/photos/570095175/original.jpg', 'https://inaturalist-open-data.s3.amazonaws.com/photos/570095219/original.jpg', 'https://inaturalist-open-data.s3.amazonaws.com/photos/570095552/original.jpg', 'https://inaturalist-open-data.s3.amazonaws.com/photos/570095458/original.jpg', 'https://inaturalist-open-data.s3.amazonaws.com/photos/570095463/original.jpg', 'https://inaturalist-open-data.s3.amazonaws.com/photos/570095291/original.jpg', 'https://inaturalist-open-data.s3.amazonaws.com/photos/570095347/original.jpg']"
5830953813,43.30846,17.030373,2025-09-17T10:07:03,['5830953813_1'],['https://inaturalist-open-data.s3.amazonaws.com/photos/568224914/original.jpg']
5837725160,41.863195,19.359218,2025-09-24T11:20:58,['5837725160_1'],['https://inaturalist-open-data.s3.amazonaws.com/photos/572348179/original.jpg']
5837739671,41.86292,19.358562,2025-09-27T12:00,"['5837739671_1', '5837739671_2', '5837739671_3']","['https://inaturalist-open-data.s3.amazonaws.com/photos/572717516/original.jpg', 'https://inaturalist-open-data.s3.amazonaws.com/photos/572717576/original.jpg', 'https://inaturalist-open-data.s3.amazonaws.com/photos/572717596/original.jpg']"
5837863600,42.415131,19.854369,2025-09-28T13:56:53,['5837863600_1'],['https://inaturalist-open-data.s3.amazonaws.com/photos/573207849/original.jpg']
5837896803,44.353988,15.431459,2025-09-17T08:52,['5837896803_1'],['https://inaturalist-open-data.s3.amazonaws.com/photos/571822322/original.jpg']
5837958843,45.75031,22.88788,2025-09-24T16:14:32,['5837958843_1'],['https://inaturalist-open-data.s3.amazonaws.com/photos/571579860/original.jpg']
5837969866,41.956942,19.291031,2025-09-26T10:09:46,"['5837969866_1', '5837969866_2']","['https://inaturalist-open-data.s3.amazonaws.com/photos/572354796/original.jpg', 'https://inaturalist-open-data.s3.amazonaws.com/photos/572354834/original.jpg']"
5838155379,41.861937,19.359525,2025-09-24T12:08:05,['5838155379_1'],['https://inaturalist-open-data.s3.amazonaws.com/photos/572349057/original.jpg']
5838157443,45.329796,14.542101,2025-09-12T17:02,['5838157443_1'],['https://inaturalist-open-data.s3.amazonaws.com/photos/571801465/original.jpg']
5838167452,44.302797,15.563229,2025-09-19T10:37,['5838167452_1'],['https://inaturalist-open-data.s3.amazonaws.com/photos/572368146/original.jpg']
5840885042,45.286653,13.93233,2025-09-19,['5840885042_1'],['https://observation.org/photos/135580213.jpg']
5844097974,44.909817,21.606311,2025-09-28T17:46,['5844097974_1'],['https://inaturalist-open-data.s3.amazonaws.com/photos/580182653/original.jpg']
5867923553,42.570982,23.418554,2025-09-21T11:14,"['5867923553_1', '5867923553_2', '5867923553_3', '5867923553_4', '5867923553_5']","['https://inaturalist-open-data.s3.amazonaws.com/photos/580953680/original.jpg', 'https://inaturalist-open-data.s3.amazonaws.com/photos/580953830/original.jpg', 'https://inaturalist-open-data.s3.amazonaws.com/photos/580953727/original.jpg', 'https://inaturalist-open-data.s3.amazonaws.com/photos/580953749/original.jpg', 'https://inaturalist-open-data.s3.amazonaws.com/photos/580954007/original.jpg']"
5889429658,44.788739,14.941274,2025-09-20,"['5889429658_1', '5889429658_2']","['https://inaturalist-open-data.s3.amazonaws.com/photos/586640767/original.jpg', 'https://inaturalist-open-data.s3.amazonaws.com/photos/586640801/original.jpg']"
5892547376,44.811353,14.935938,2025-09-03T13:08,['5892547376_1'],['https://inaturalist-open-data.s3.amazonaws.com/photos/588263357/original.jpg']
5897374902,41.93444,19.276037,2025-09-26T10:12,"['5897374902_1', '5897374902_2']","['https://inaturalist-open-data.s3.amazonaws.com/photos/591951498/original.jpg', 'https://inaturalist-open-data.s3.amazonaws.com/photos/591951523/original.jpg']"
6150602557,43.145653,18.918103,2025-09-08,['6150602557_1'],['https://observation.org/photos/134790639.jpg']
6150621276,42.519489,19.864476,2025-09-07,['6150621276_1'],['https://observation.org/photos/134675778.jpg']
6150813528,42.403977,19.817828,2025-09-16,"['6150813528_1', '6150813528_2']","['https://observation.org/photos/135792985.jpg', 'https://observation.org/photos/135792986.jpg']"
6151403679,42.408073,19.800837,2025-09-16,['6151403679_1'],['https://observation.org/photos/135356466.jpg']
6151781517,46.343658,13.670483,2025-09-18,['6151781517_1'],['https://observation.org/photos/135527814.jpg']
6342731628,42.410564,19.82452,2025-09-05,"['6342731628_1', '6342731628_2']","['https://observation.org/photos/134449444.jpg', 'https://observation.org/photos/134449445.jpg']"
5840284160,46.269878,13.549128,2025-10-04T11:46:06,['5840284160_1'],['https://inaturalist-open-data.s3.amazonaws.com/photos/575884670/original.jpg']
5840417724,46.237355,13.568694,2025-10-04T13:01,"['5840417724_1', '5840417724_2', '5840417724_3', '5840417724_4']","['https://inaturalist-open-data.s3.amazonaws.com/photos/576765289/original.jpg', 'https://inaturalist-open-data.s3.amazonaws.com/photos/576765305/original.jpg', 'https://inaturalist-open-data.s3.amazonaws.com/photos/576765303/original.jpg', 'https://inaturalist-open-data.s3.amazonaws.com/photos/576765324/original.jpg']"
5889556351,46.570432,15.633884,2025-10-11T10:19:57,['5889556351_1'],['https://inaturalist-open-data.s3.amazonaws.com/photos/585242267/original.jpg']
5890324474,46.570771,15.635055,2025-10-11T09:59:22,['5890324474_1'],['https://inaturalist-open-data.s3.amazonaws.com/photos/585242687/original.jpg']
6150670333,42.357437,19.762806,2025-10-19,['6150670333_1'],['https://observation.org/photos/138405528.jpg']
6152304468,43.27,17.09,2025-10-21,"['6152304468_1', '6152304468_2', '6152304468_3']","['https://observation.org/photos/138625263.jpg', 'https://observation.org/photos/138625264.jpg', 'https://observation.org/photos/138625265.jpg']"
6186037016,45.765856,14.879035,2025-10-03T12:18:31,"['6186037016_1', '6186037016_2', '6186037016_3', '6186037016_4']","['https://inaturalist-open-data.s3.amazonaws.com/photos/575425392/original.jpg', 'https://inaturalist-open-data.s3.amazonaws.com/photos/575425415/original.jpg', 'https://inaturalist-open-data.s3.amazonaws.com/photos/577608620/original.jpg', 'https://inaturalist-open-data.s3.amazonaws.com/photos/577608641/original.jpg']"
5889320980,46.35375,13.670465,2025-11-03T13:45:10,['5889320980_1'],['https://inaturalist-open-data.s3.amazonaws.com/photos/587746567/original.jpg']
5932218748,44.674749,21.700091,2025-12-13T15:36:41,['5932218748_1'],['https://inaturalist-open-data.s3.amazonaws.com/photos/599593009/original.jpg']
4599978624,43.609384,21.485682,2024-03-22,['4599978624_1'],['https://inaturalist-open-data.s3.amazonaws.com/photos/360284759/original.jpeg']
4600077836,43.945376,15.548808,2024-03-23T12:03:35,['4600077836_1'],['https://inaturalist-open-data.s3.amazonaws.com/photos/359726185/original.jpeg']
4600165830,43.945376,15.548808,2024-03-23T12:03:35,['4600165830_1'],['https://inaturalist-open-data.s3.amazonaws.com/photos/359724745/original.jpeg']
4606708469,43.609299,21.474577,2024-03-30T06:32:58,['4606708469_1'],['https://inaturalist-open-data.s3.amazonaws.com/photos/361554931/original.jpeg']
4606891389,43.775265,21.935846,2024-03-30T16:34:30,"['4606891389_1', '4606891389_2', '4606891389_3']","['https://inaturalist-open-data.s3.amazonaws.com/photos/361625692/original.jpg', 'https://inaturalist-open-data.s3.amazonaws.com/photos/361625654/original.jpg', 'https://inaturalist-open-data.s3.amazonaws.com/photos/361625588/original.jpg']"
4872075855,43.879731,18.436415,2024-03-23T13:00,"['4872075855_1', '4872075855_2', '4872075855_3']","['https://inaturalist-open-data.s3.amazonaws.com/photos/385589084/original.jpg', 'https://inaturalist-open-data.s3.amazonaws.com/photos/385589172/original.jpg', 'https://inaturalist-open-data.s3.amazonaws.com/photos/385591750/original.jpg']"
6274163574,43.614688,20.553573,2024-03-31T13:31:56,['6274163574_1'],['https://inaturalist-open-data.s3.amazonaws.com/photos/657413375/original.jpg']
4847186578,45.839242,15.861715,2024-04-09T11:36,['4847186578_1'],['https://inaturalist-open-data.s3.amazonaws.com/photos/365322129/original.jpg']
4847206523,44.883635,21.802249,2024-04-14,['4847206523_1'],['https://inaturalist-open-data.s3.amazonaws.com/photos/367124518/original.jpeg']
4852108450,44.13109,20.515372,2024-04-13T16:42:17,"['4852108450_1', '4852108450_2']","['https://inaturalist-open-data.s3.amazonaws.com/photos/368183491/original.jpeg', 'https://inaturalist-open-data.s3.amazonaws.com/photos/368183564/original.jpeg']"
4852176170,42.377772,19.794916,2024-04-27T17:40:41,"['4852176170_1', '4852176170_2']","['https://inaturalist-open-data.s3.amazonaws.com/photos/372138837/original.jpeg', 'https://inaturalist-open-data.s3.amazonaws.com/photos/372138970/original.jpeg']"
4852250214,41.867615,19.356149,2024-04-28T11:58:11,['4852250214_1'],['https://inaturalist-open-data.s3.amazonaws.com/photos/374959201/original.jpeg']
4852496476,45.184129,14.766452,2024-04-17T11:22:17,['4852496476_1'],['https://inaturalist-open-data.s3.amazonaws.com/photos/367546744/original.jpeg']
4852554083,41.868371,19.3547,2024-04-28T11:41:31,"['4852554083_1', '4852554083_2', '4852554083_3']","['https://inaturalist-open-data.s3.amazonaws.com/photos/374958679/original.jpeg', 'https://inaturalist-open-data.s3.amazonaws.com/photos/374958768/original.jpeg', 'https://inaturalist-open-data.s3.amazonaws.com/photos/374958826/original.jpeg']"
4852566881,45.181083,14.179988,2024-04-30T10:27:55,['4852566881_1'],['https://inaturalist-open-data.s3.amazonaws.com/photos/375016164/original.jpg']
4852748446,43.613406,20.556192,2024-04-28T12:51:35,"['4852748446_1', '4852748446_2']","['https://inaturalist-open-data.s3.amazonaws.com/photos/374254783/original.jpeg', 'https://inaturalist-open-data.s3.amazonaws.com/photos/374254977/original.jpeg']"
4855069078,45.648254,15.482703,2024-04-30T18:17,['4855069078_1'],['https://inaturalist-open-data.s3.amazonaws.com/photos/378121775/original.jpeg']
4855119501,43.914861,15.898862,2024-04-29T19:34:57,['4855119501_1'],['https://inaturalist-open-data.s3.amazonaws.com/photos/375411964/original.jpeg']
4872198892,44.209798,15.445343,2024-04-25T15:42,['4872198892_1'],['https://inaturalist-open-data.s3.amazonaws.com/photos/385842483/original.jpg']
4875241004,45.088762,14.73302,2024-04-27T17:24,['4875241004_1'],['https://inaturalist-open-data.s3.amazonaws.com/photos/387781520/original.jpg']
4875319417,45.190462,14.659684,2024-04-27T17:08,['4875319417_1'],['https://inaturalist-open-data.s3.amazonaws.com/photos/387781455/original.jpg']
4880856637,39.370701,20.113169,2024-04-10,['4880856637_1'],['https://observation.org/photos/87480915.jpg']
4880857075,46.293446,13.910213,2024-04-12,"['4880857075_1', '4880857075_2']","['https://observation.org/photos/87589286.jpg', 'https://observation.org/photos/87589287.jpg']"
4881223356,46.293434,13.910362,2024-04-11,['4881223356_1'],['https://observation.org/photos/87516342.jpg']
4881512097,36.97,21.85,2024-04-28,"['4881512097_1', '4881512097_2']","['https://observation.org/photos/94701732.jpg', 'https://observation.org/photos/94701733.jpg']"
4881916945,46.293541,13.91034,2024-04-11,['4881916945_1'],['https://observation.org/photos/87516248.jpg']
4882220112,37.654075,25.050128,2024-04-23,['4882220112_1'],['https://observation.org/photos/89147925.jpg']
4886594565,46.293449,13.910211,2024-04-12,['4886594565_1'],['https://observation.org/photos/87589274.jpg']
4886732633,46.293598,13.910257,2024-04-11,['4886732633_1'],['https://observation.org/photos/87516249.jpg']
4887429596,43.152586,21.347812,2024-04-15,['4887429596_1'],['https://observation.org/photos/87904743.jpg']
4888684856,41.14005,20.647931,2024-04-27,['4888684856_1'],['https://observation.org/photos/88530881.jpg']
4888962037,43.192539,19.455385,2024-04-10,"['4888962037_1', '4888962037_2', '4888962037_3', '4888962037_4']","['https://observation.org/photos/87596520.jpg', 'https://observation.org/photos/87596521.jpg', 'https://observation.org/photos/87596522.jpg', 'https://observation.org/photos/87596523.jpg']"
4889194827,46.293472,13.910267,2024-04-13,"['4889194827_1', '4889194827_2']","['https://observation.org/photos/87652144.jpg', 'https://observation.org/photos/87652145.jpg']"
4889219099,39.819052,19.848407,2024-04-06,"['4889219099_1', '4889219099_2']","['https://observation.org/photos/86880680.jpg', 'https://observation.org/photos/86880681.jpg']"
4889230092,46.293755,13.910666,2024-04-09,"['4889230092_1', '4889230092_2', '4889230092_3']","['https://observation.org/photos/87356218.jpg', 'https://observation.org/photos/87356219.jpg', 'https://observation.org/photos/87356220.jpg']"
4937146836,46.214175,13.54036,2024-04-12T11:18:16,['4937146836_1'],['https://inaturalist-open-data.s3.amazonaws.com/photos/365723188/original.jpg']
4946202526,46.29514,11.310837,2024-04-04T11:50,['4946202526_1'],['https://inaturalist-open-data.s3.amazonaws.com/photos/427410687/original.jpg']
4952195710,44.101758,19.319167,2024-04-15T16:17:55,"['4952195710_1', '4952195710_2', '4952195710_3']","['https://inaturalist-open-data.s3.amazonaws.com/photos/435728305/original.jpeg', 'https://inaturalist-open-data.s3.amazonaws.com/photos/435728351/original.jpeg', 'https://inaturalist-open-data.s3.amazonaws.com/photos/435728375/original.jpeg']"
4956889504,43.964223,15.868359,2024-04-30,['4956889504_1'],['https://observation.org/photos/88933916.jpg']
4982087764,42.509722,19.833861,2024-04-29T12:46:15,['4982087764_1'],['https://inaturalist-open-data.s3.amazonaws.com/photos/451665351/original.jpeg']
5021171679,38.849918,21.164427,2024-04-16T00:00,['5021171679_1'],['https://live.staticflickr.com/65535/53659928895_7a634f6d2e_b.jpg']
5158418397,39.599182,19.800283,2024-04-13,['5158418397_1'],['https://observation.org/photos/115006736.jpg']
5167055118,45.426787,14.394961,2024-04-29T15:29,['5167055118_1'],['https://inaturalist-open-data.s3.amazonaws.com/photos/508652556/original.jpg']
4854949921,42.756039,18.82099,2024-05-01T11:00:04,['4854949921_1'],['https://inaturalist-open-data.s3.amazonaws.com/photos/375906368/original.jpeg']
4855211739,43.770863,21.934255,2024-05-07T14:05:19,"['4855211739_1', '4855211739_2', '4855211739_3', '4855211739_4']","['https://inaturalist-open-data.s3.amazonaws.com/photos/378604616/original.jpg', 'https://inaturalist-open-data.s3.amazonaws.com/photos/378604647/original.jpg', 'https://inaturalist-open-data.s3.amazonaws.com/photos/378604673/original.jpg', 'https://inaturalist-open-data.s3.amazonaws.com/photos/378604698/original.jpg']"
4855266821,44.138403,15.644972,2024-05-01T10:59,['4855266821_1'],['https://inaturalist-open-data.s3.amazonaws.com/photos/378628147/original.jpg']
4855513471,42.535165,19.686065,2024-05-05T15:02,['4855513471_1'],['https://inaturalist-open-data.s3.amazonaws.com/photos/377757492/original.jpeg']
4863450976,44.344468,15.401789,2024-05-11T12:25:52,['4863450976_1'],['https://inaturalist-open-data.s3.amazonaws.com/photos/380253135/original.jpeg']
4863515867,44.132939,15.675495,2024-05-02T11:32,"['4863515867_1', '4863515867_2']","['https://inaturalist-open-data.s3.amazonaws.com/photos/378854825/original.jpg', 'https://inaturalist-open-data.s3.amazonaws.com/photos/378854868/original.jpeg']"
4863596184,42.064287,19.59795,2024-05-01,['4863596184_1'],['https://inaturalist-open-data.s3.amazonaws.com/photos/378855043/original.jpeg']
4863689059,46.31765,13.488247,2024-05-11T11:22:14,['4863689059_1'],['https://inaturalist-open-data.s3.amazonaws.com/photos/380027471/original.jpeg']
4868043545,45.043579,14.670562,2024-05-18T18:19:22,['4868043545_1'],['https://inaturalist-open-data.s3.amazonaws.com/photos/383005219/original.jpeg']
4872103201,46.436973,13.66661,2024-05-18T16:00,"['4872103201_1', '4872103201_2', '4872103201_3']","['https://inaturalist-open-data.s3.amazonaws.com/photos/385551890/original.jpeg', 'https://inaturalist-open-data.s3.amazonaws.com/photos/385551867/original.jpeg', 'https://inaturalist-open-data.s3.amazonaws.com/photos/385551898/original.jpeg']"
4872120646,46.522788,13.785226,2024-05-18T16:12,"['4872120646_1', '4872120646_2', '4872120646_3', '4872120646_4', '4872120646_5', '4872120646_6', '4872120646_7', '4872120646_8', '4872120646_9', '4872120646_10', '4872120646_11', '4872120646_12', '4872120646_13', '4872120646_14', '4872120646_15', '4872120646_16', '4872120646_17', '4872120646_18', '4872120646_19', '4872120646_20']","['https://inaturalist-open-data.s3.amazonaws.com/photos/384934620/original.jpg', 'https://inaturalist-open-data.s3.amazonaws.com/photos/384934549/original.jpg', 'https://inaturalist-open-data.s3.amazonaws.com/photos/384934509/original.jpg', 'https://inaturalist-open-data.s3.amazonaws.com/photos/384934482/original.jpg', 'https://inaturalist-open-data.s3.amazonaws.com/photos/384934438/original.jpg', 'https://inaturalist-open-data.s3.amazonaws.com/photos/384934455/original.jpg', 'https://inaturalist-open-data.s3.amazonaws.com/photos/384934517/original.jpg', 'https://inaturalist-open-data.s3.amazonaws.com/photos/384934603/original.jpg', 'https://inaturalist-open-data.s3.amazonaws.com/photos/384934599/original.jpg', 'https://inaturalist-open-data.s3.amazonaws.com/photos/384934489/original.jpg', 'https://inaturalist-open-data.s3.amazonaws.com/photos/384934502/original.jpg', 'https://inaturalist-open-data.s3.amazonaws.com/photos/384934472/original.jpg', 'https://inaturalist-open-data.s3.amazonaws.com/photos/384934430/original.jpg', 'https://inaturalist-open-data.s3.amazonaws.com/photos/384934414/original.jpg', 'https://inaturalist-open-data.s3.amazonaws.com/photos/384934376/original.jpg', 'https://inaturalist-open-data.s3.amazonaws.com/photos/384934367/original.jpg', 'https://inaturalist-open-data.s3.amazonaws.com/photos/384934350/original.jpg', 'https://inaturalist-open-data.s3.amazonaws.com/photos/384934563/original.jpg', 'https://inaturalist-open-data.s3.amazonaws.com/photos/384934404/original.jpg', 'https://inaturalist-open-data.s3.amazonaws.com/photos/384934546/original.jpg']"
4872138516,46.475048,13.707187,2024-05-18T16:28,"['4872138516_1', '4872138516_2', '4872138516_3', '4872138516_4', '4872138516_5']","['https://inaturalist-open-data.s3.amazonaws.com/photos/385552045/original.jpeg', 'https://inaturalist-open-data.s3.amazonaws.com/photos/385552116/original.jpeg', 'https://inaturalist-open-data.s3.amazonaws.com/photos/385552014/original.jpeg', 'https://inaturalist-open-data.s3.amazonaws.com/photos/385552008/original.jpeg', 'https://inaturalist-open-data.s3.amazonaws.com/photos/385551993/original.jpeg']"
4872247586,44.677489,22.402827,2024-05-24T14:03:50,"['4872247586_1', '4872247586_2']","['https://inaturalist-open-data.s3.amazonaws.com/photos/385522020/original.jpeg', 'https://inaturalist-open-data.s3.amazonaws.com/photos/385522084/original.jpeg']"
4872332141,44.731481,14.970021,2024-05-22T12:49:10,['4872332141_1'],['https://inaturalist-open-data.s3.amazonaws.com/photos/384875531/original.jpeg']
4872332240,46.456721,13.797396,2024-05-18T16:26,"['4872332240_1', '4872332240_2', '4872332240_3', '4872332240_4', '4872332240_5', '4872332240_6', '4872332240_7', '4872332240_8', '4872332240_9', '4872332240_10', '4872332240_11', '4872332240_12', '4872332240_13', '4872332240_14', '4872332240_15']","['https://inaturalist-open-data.s3.amazonaws.com/photos/384934646/original.jpg', 'https://inaturalist-open-data.s3.amazonaws.com/photos/384934654/original.jpg', 'https://inaturalist-open-data.s3.amazonaws.com/photos/384934672/original.jpg', 'https://inaturalist-open-data.s3.amazonaws.com/photos/384934740/original.jpg', 'https://inaturalist-open-data.s3.amazonaws.com/photos/384934734/original.jpg', 'https://inaturalist-open-data.s3.amazonaws.com/photos/384934771/original.jpg', 'https://inaturalist-open-data.s3.amazonaws.com/photos/384934680/original.jpg', 'https://inaturalist-open-data.s3.amazonaws.com/photos/384934703/original.jpg', 'https://inaturalist-open-data.s3.amazonaws.com/photos/384934739/original.jpg', 'https://inaturalist-open-data.s3.amazonaws.com/photos/384934705/original.jpg', 'https://inaturalist-open-data.s3.amazonaws.com/photos/384934702/original.jpg', 'https://inaturalist-open-data.s3.amazonaws.com/photos/384934676/original.jpg', 'https://inaturalist-open-data.s3.amazonaws.com/photos/384934658/original.jpg', 'https://inaturalist-open-data.s3.amazonaws.com/photos/384934634/original.jpg', 'https://inaturalist-open-data.s3.amazonaws.com/photos/384934630/original.jpg']"
4872367371,45.157527,16.974504,2024-05-19T14:48,"['4872367371_1', '4872367371_2']","['https://inaturalist-open-data.s3.amazonaws.com/photos/384673951/original.jpeg', 'https://inaturalist-open-data.s3.amazonaws.com/photos/384673959/original.jpeg']"
4872423941,46.575331,13.649283,2024-05-20T12:38,"['4872423941_1', '4872423941_2', '4872423941_3', '4872423941_4', '4872423941_5', '4872423941_6', '4872423941_7', '4872423941_8']","['https://inaturalist-open-data.s3.amazonaws.com/photos/385642453/original.jpg', 'https://inaturalist-open-data.s3.amazonaws.com/photos/385642474/original.jpg', 'https://inaturalist-open-data.s3.amazonaws.com/photos/385642446/original.jpg', 'https://inaturalist-open-data.s3.amazonaws.com/photos/385642429/original.jpg', 'https://inaturalist-open-data.s3.amazonaws.com/photos/385642490/original.jpg', 'https://inaturalist-open-data.s3.amazonaws.com/photos/385642427/original.jpg', 'https://inaturalist-open-data.s3.amazonaws.com/photos/385642421/original.jpg', 'https://inaturalist-open-data.s3.amazonaws.com/photos/385642404/original.jpg']"
4872564052,43.95938,15.987826,2024-05-28T13:15:55,['4872564052_1'],['https://inaturalist-open-data.s3.amazonaws.com/photos/387539511/original.jpeg']
4875021848,43.418198,19.926051,2024-05-30T11:22:38,['4875021848_1'],['https://inaturalist-open-data.s3.amazonaws.com/photos/388897595/original.jpeg']
4875094755,45.581228,13.880789,2024-05-31T11:27:51,['4875094755_1'],['https://inaturalist-open-data.s3.amazonaws.com/photos/389633745/original.jpeg']
4875126677,42.35633,19.76695,2024-05-29T11:59:24,"['4875126677_1', '4875126677_2', '4875126677_3']","['https://inaturalist-open-data.s3.amazonaws.com/photos/387738541/original.jpg', 'https://inaturalist-open-data.s3.amazonaws.com/photos/387738581/original.jpg', 'https://inaturalist-open-data.s3.amazonaws.com/photos/387738609/original.jpg']"
4875416014,45.539123,13.991264,2024-05-27T14:05,['4875416014_1'],['https://inaturalist-open-data.s3.amazonaws.com/photos/388569551/original.jpg']
4881628500,38.12,21.38,2024-05-02,"['4881628500_1', '4881628500_2']","['https://observation.org/photos/94704439.jpg', 'https://observation.org/photos/94704440.jpg']"
4881833866,42.406455,19.77343,2024-05-07,['4881833866_1'],['https://observation.org/photos/89617030.jpg']
4882315279,36.84,21.72,2024-05-17,['4882315279_1'],['https://observation.org/photos/90687894.jpg']
4883662978,42.45,19.89,2024-05-02,['4883662978_1'],['https://observation.org/photos/90123588.jpg']
4884245229,39.9,20.18,2024-05-06,['4884245229_1'],['https://observation.org/photos/90126269.jpg']
4885201318,44.89447,15.608053,2024-05-19,['4885201318_1'],['https://observation.org/photos/90945673.jpg']
4885302879,36.85,21.7,2024-05-17,['4885302879_1'],['https://observation.org/photos/91029461.jpg']
4887822305,40.082368,23.968645,2024-05-13,['4887822305_1'],['https://observation.org/photos/90292687.jpg']
4887902287,43.083167,17.436182,2024-05-14,['4887902287_1'],['https://observation.org/photos/90395814.jpg']
4888141363,43.554255,18.076642,2024-05-11,['4888141363_1'],['https://observation.org/photos/90053576.jpg']
4888142623,40.082345,23.968585,2024-05-13,['4888142623_1'],['https://observation.org/photos/90292632.jpg']
4889489021,37.591145,25.187227,2024-05-21,"['4889489021_1', '4889489021_2']","['https://observation.org/photos/91270439.jpg', 'https://observation.org/photos/91270440.jpg']"
4891662976,42.461944,19.853611,2024-05-17T16:02,['4891662976_1'],['https://inaturalist-open-data.s3.amazonaws.com/photos/391435521/original.jpg']
4919130720,45.030759,13.808211,2024-05-27T10:51,['4919130720_1'],['https://inaturalist-open-data.s3.amazonaws.com/photos/411066932/original.jpg']
4921742071,45.714978,15.127243,2024-05-28T15:44,['4921742071_1'],['https://inaturalist-open-data.s3.amazonaws.com/photos/414519287/original.jpeg']
4930807026,45.08,14.54,2024-05-09,['4930807026_1'],['https://observation.org/photos/94600043.jpg']
4931005309,42.92488,19.563389,2024-05-21,['4931005309_1'],['https://observation.org/photos/92074086.jpg']
4933717849,39.9,20.18,2024-05-06,['4933717849_1'],['https://observation.org/photos/93900917.jpg']
4933886815,41.916534,19.34486,2024-05-11,"['4933886815_1', '4933886815_2']","['https://observation.org/photos/94474997.jpg', 'https://observation.org/photos/94474998.jpg']"
4933996725,42.416867,18.809967,2024-05-16,['4933996725_1'],['https://observation.org/photos/91876746.jpg']
4934402644,45.77,14.22,2024-05-04,['4934402644_1'],['https://observation.org/photos/94600127.jpg']
4934612244,42.384189,19.754747,2024-05-30,"['4934612244_1', '4934612244_2', '4934612244_3']","['https://observation.org/photos/92179529.jpg', 'https://observation.org/photos/92179530.jpg', 'https://observation.org/photos/92179531.jpg']"
4934887656,42.365013,18.883567,2024-05-18,['4934887656_1'],['https://observation.org/photos/91984098.jpg']
4950228631,44.900138,15.611925,2024-05-24T11:45:01,"['4950228631_1', '4950228631_2']","['https://inaturalist-open-data.s3.amazonaws.com/photos/385470361/original.jpg', 'https://inaturalist-open-data.s3.amazonaws.com/photos/385470393/original.jpg']"
4957699809,46.341528,13.584578,2024-05-06,['4957699809_1'],['https://observation.org/photos/105631330.jpg']
4973859492,41.863371,19.393546,2024-05-02T12:23:09,['4973859492_1'],['https://inaturalist-open-data.s3.amazonaws.com/photos/442986050/original.jpeg']
4978215162,46.493933,13.799022,2024-05-20T12:39,['4978215162_1'],['https://inaturalist-open-data.s3.amazonaws.com/photos/447125751/original.jpg']
4978335791,46.448634,13.777659,2024-05-18T15:51,"['4978335791_1', '4978335791_2']","['https://inaturalist-open-data.s3.amazonaws.com/photos/447116571/original.jpg', 'https://inaturalist-open-data.s3.amazonaws.com/photos/447116630/original.jpg']"
4891781100,43.620132,18.171689,2024-06-05T16:14:14,"['4891781100_1', '4891781100_2']","['https://inaturalist-open-data.s3.amazonaws.com/photos/390837562/original.jpeg', 'https://inaturalist-open-data.s3.amazonaws.com/photos/390837633/original.jpeg']"
4891953350,45.026667,14.574877,2024-06-01T09:43,"['4891953350_1', '4891953350_2']","['https://inaturalist-open-data.s3.amazonaws.com/photos/390785215/original.jpg', 'https://inaturalist-open-data.s3.amazonaws.com/photos/390785196/original.jpg']"
4891983605,43.965941,18.485217,2024-06-07T20:03:22,['4891983605_1'],['https://inaturalist-open-data.s3.amazonaws.com/photos/391659493/original.jpeg']
4892130531,43.700871,18.348371,2024-06-06T10:40:23,"['4892130531_1', '4892130531_2']","['https://inaturalist-open-data.s3.amazonaws.com/photos/392337905/original.jpeg', 'https://inaturalist-open-data.s3.amazonaws.com/photos/392337935/original.jpeg']"
4892236775,42.76071,20.575902,2024-06-04T11:11,['4892236775_1'],['https://inaturalist-open-data.s3.amazonaws.com/photos/393231237/original.jpg']
4900951928,44.896664,22.428102,2024-06-14T17:45:27,"['4900951928_1', '4900951928_2']","['https://inaturalist-open-data.s3.amazonaws.com/photos/394425966/original.jpeg', 'https://inaturalist-open-data.s3.amazonaws.com/photos/396080090/original.jpeg']"
4901088109,42.595208,18.429047,2024-06-09T11:46:46,['4901088109_1'],['https://inaturalist-open-data.s3.amazonaws.com/photos/394109386/original.jpg']
4901287728,46.359028,13.590388,2024-06-18T10:13:57,['4901287728_1'],['https://inaturalist-open-data.s3.amazonaws.com/photos/396148119/original.jpeg']
4901365571,43.990381,16.05013,2024-06-25T13:48:57,['4901365571_1'],['https://inaturalist-open-data.s3.amazonaws.com/photos/399034987/original.jpeg']
4901374931,43.988623,16.047535,2024-06-25T12:40:04,['4901374931_1'],['https://inaturalist-open-data.s3.amazonaws.com/photos/399035475/original.jpeg']
4901507859,42.595222,18.429025,2024-06-09T11:46:21,['4901507859_1'],['https://inaturalist-open-data.s3.amazonaws.com/photos/394109671/original.jpg']
4901574901,46.356655,14.081445,2024-06-18T14:25:30,"['4901574901_1', '4901574901_2']","['https://inaturalist-open-data.s3.amazonaws.com/photos/396263410/original.jpg', 'https://inaturalist-open-data.s3.amazonaws.com/photos/396263429/original.jpg']"
4901598964,44.274339,17.629049,2024-06-21T15:42:45,['4901598964_1'],['https://inaturalist-open-data.s3.amazonaws.com/photos/397457551/original.jpeg']
4901749055,43.936478,16.054964,2024-06-11T18:45:41,['4901749055_1'],['https://inaturalist-open-data.s3.amazonaws.com/photos/393758058/original.jpeg']
4902062814,46.504256,13.747988,2024-06-15T13:32,['4902062814_1'],['https://inaturalist-open-data.s3.amazonaws.com/photos/395310102/original.jpeg']
4904010060,46.250546,12.452043,2024-06-29T10:44,['4904010060_1'],['https://inaturalist-open-data.s3.amazonaws.com/photos/400997279/original.jpg']
4904216159,43.929002,16.153062,2024-06-30T23:02:23,['4904216159_1'],['https://inaturalist-open-data.s3.amazonaws.com/photos/401786101/original.jpeg']
4908581559,45.722177,14.3055,2024-06-30T11:15:24,['4908581559_1'],['https://inaturalist-open-data.s3.amazonaws.com/photos/408117640/original.jpeg']
4909342596,42.452413,19.88166,2024-06-19T16:18,"['4909342596_1', '4909342596_2']","['https://inaturalist-open-data.s3.amazonaws.com/photos/405504330/original.jpeg', 'https://inaturalist-open-data.s3.amazonaws.com/photos/405504333/original.jpeg']"
4923822712,45.776889,14.228532,2024-06-09T05:53,['4923822712_1'],['https://inaturalist-open-data.s3.amazonaws.com/photos/418145716/original.jpeg']
4924034936,45.776545,14.228492,2024-06-09T07:03,['4924034936_1'],['https://inaturalist-open-data.s3.amazonaws.com/photos/418146025/original.jpeg']
4924075953,45.776557,14.230116,2024-06-09T06:34,"['4924075953_1', '4924075953_2', '4924075953_3', '4924075953_4']","['https://inaturalist-open-data.s3.amazonaws.com/photos/418145836/original.jpeg', 'https://inaturalist-open-data.s3.amazonaws.com/photos/418145866/original.jpeg', 'https://inaturalist-open-data.s3.amazonaws.com/photos/418145875/original.jpeg', 'https://inaturalist-open-data.s3.amazonaws.com/photos/418145882/original.jpeg']"
4930654982,44.810687,14.974989,2024-06-20,"['4930654982_1', '4930654982_2']","['https://observation.org/photos/94470441.jpg', 'https://observation.org/photos/94470442.jpg']"
4930713069,46.285325,13.832088,2024-06-22,"['4930713069_1', '4930713069_2', '4930713069_3']","['https://observation.org/photos/94724347.jpg', 'https://observation.org/photos/94724348.jpg', 'https://observation.org/photos/94724349.jpg']"
4931902769,46.295567,13.864667,2024-06-05,['4931902769_1'],['https://observation.org/photos/92944391.jpg']
4932312900,36.845117,21.802578,2024-06-04,['4932312900_1'],['https://observation.org/photos/92860245.jpg']
4932482575,42.373117,18.840258,2024-06-06,"['4932482575_1', '4932482575_2']","['https://observation.org/photos/93054424.jpg', 'https://observation.org/photos/93054425.jpg']"
4934115016,42.40006,19.770765,2024-06-06,"['4934115016_1', '4934115016_2']","['https://observation.org/photos/93109618.jpg', 'https://observation.org/photos/93109619.jpg']"
4934390572,42.361789,19.752456,2024-06-12,['4934390572_1'],['https://observation.org/photos/93734618.jpg']
4950356205,46.696515,14.113166,2024-06-02,"['4950356205_1', '4950356205_2', '4950356205_3']","['https://inaturalist-open-data.s3.amazonaws.com/photos/389474267/original.jpeg', 'https://inaturalist-open-data.s3.amazonaws.com/photos/389474339/original.jpeg', 'https://inaturalist-open-data.s3.amazonaws.com/photos/389474389/original.jpeg']"
4956898469,42.997742,18.961441,2024-06-19,['4956898469_1'],['https://observation.org/photos/106091157.jpg']
4957511060,42.982394,19.060836,2024-06-19,['4957511060_1'],['https://observation.org/photos/103189896.jpg']
5007996731,42.919959,18.766484,2024-06-09T13:16,"['5007996731_1', '5007996731_2', '5007996731_3']","['https://inaturalist-open-data.s3.amazonaws.com/photos/457217691/original.jpg', 'https://inaturalist-open-data.s3.amazonaws.com/photos/457217685/original.jpg', 'https://inaturalist-open-data.s3.amazonaws.com/photos/457217712/original.jpg']"
5069911288,44.331961,15.482025,2024-06-14T11:22,['5069911288_1'],['https://inaturalist-open-data.s3.amazonaws.com/photos/469862907/original.jpeg']
5760376449,42.429322,19.866511,2024-06-19T08:27:07,"['5760376449_1', '5760376449_2']","['https://inaturalist-open-data.s3.amazonaws.com/photos/560780329/original.jpg', 'https://inaturalist-open-data.s3.amazonaws.com/photos/560780343/original.jpg']"
5909263547,43.638325,18.200417,2024-06-06T09:54,['5909263547_1'],['https://inaturalist-open-data.s3.amazonaws.com/photos/595822046/original.jpg']
6151997183,45.77,14.22,2024-06-17,"['6151997183_1', '6151997183_2']","['https://observation.org/photos/109901346.jpg', 'https://observation.org/photos/109901347.jpg']"
4907982596,45.62112,13.876264,2024-07-03T10:13:46,['4907982596_1'],['https://inaturalist-open-data.s3.amazonaws.com/photos/402374454/original.jpeg']
4908736618,46.377824,11.369001,2024-07-08T13:08,['4908736618_1'],['https://inaturalist-open-data.s3.amazonaws.com/photos/405481619/original.jpg']
4908775518,42.396514,19.694286,2024-07-10T15:03,"['4908775518_1', '4908775518_2']","['https://inaturalist-open-data.s3.amazonaws.com/photos/408259201/original.jpg', 'https://inaturalist-open-data.s3.amazonaws.com/photos/408259567/original.jpg']"
4910725007,44.90375,14.95233,2024-07-21T23:14:36,['4910725007_1'],['https://inaturalist-open-data.s3.amazonaws.com/photos/410340007/original.jpeg']
4910727666,43.841798,16.094269,2024-07-19T22:35,['4910727666_1'],['https://inaturalist-open-data.s3.amazonaws.com/photos/409036885/original.jpeg']
4910798320,44.90422,14.951953,2024-07-21T23:01:28,['4910798320_1'],['https://inaturalist-open-data.s3.amazonaws.com/photos/410340098/original.jpeg']
4910852089,44.831038,15.044714,2024-07-20T12:03:31,['4910852089_1'],['https://inaturalist-open-data.s3.amazonaws.com/photos/409459002/original.jpeg']
4910890311,44.91216,14.881221,2024-07-21T23:25:37,['4910890311_1'],['https://inaturalist-open-data.s3.amazonaws.com/photos/410147542/original.jpeg']
4910910936,46.313661,13.277179,2024-07-15T17:45:34,['4910910936_1'],['https://inaturalist-open-data.s3.amazonaws.com/photos/408840009/original.jpeg']
4910939480,44.966515,14.978542,2024-07-21T23:04:53,"['4910939480_1', '4910939480_2', '4910939480_3']","['https://inaturalist-open-data.s3.amazonaws.com/photos/410140153/original.jpeg', 'https://inaturalist-open-data.s3.amazonaws.com/photos/410140178/original.jpeg', 'https://inaturalist-open-data.s3.amazonaws.com/photos/410140197/original.jpeg']"
4911004706,44.958808,15.065869,2024-07-20T11:53:18,['4911004706_1'],['https://inaturalist-open-data.s3.amazonaws.com/photos/409261532/original.jpeg']
4911073442,43.877338,16.095574,2024-07-19T22:22,['4911073442_1'],['https://inaturalist-open-data.s3.amazonaws.com/photos/409036469/original.jpeg']
4911129716,44.260259,15.845651,2024-07-20T15:04:35,['4911129716_1'],['https://inaturalist-open-data.s3.amazonaws.com/photos/409719201/original.jpeg']
4911143927,44.812559,14.98306,2024-07-21T22:56:04,['4911143927_1'],['https://inaturalist-open-data.s3.amazonaws.com/photos/410147363/original.jpeg']
4919383096,43.439869,21.356168,2024-07-24T12:56:39,"['4919383096_1', '4919383096_2', '4919383096_3', '4919383096_4']","['https://inaturalist-open-data.s3.amazonaws.com/photos/411093504/original.jpeg', 'https://inaturalist-open-data.s3.amazonaws.com/photos/411093614/original.jpeg', 'https://inaturalist-open-data.s3.amazonaws.com/photos/411093689/original.jpeg', 'https://inaturalist-open-data.s3.amazonaws.com/photos/411093847/original.jpeg']"
4919726494,43.988102,16.047707,2024-07-27T18:31:26,['4919726494_1'],['https://inaturalist-open-data.s3.amazonaws.com/photos/412584731/original.jpeg']
4921533795,46.580497,13.775278,2024-07-31T12:22,"['4921533795_1', '4921533795_2', '4921533795_3']","['https://inaturalist-open-data.s3.amazonaws.com/photos/413909814/original.jpeg', 'https://inaturalist-open-data.s3.amazonaws.com/photos/413909847/original.jpeg', 'https://inaturalist-open-data.s3.amazonaws.com/photos/413909898/original.jpeg']"
4921535533,46.479324,13.614312,2024-07-31T13:00,"['4921535533_1', '4921535533_2', '4921535533_3']","['https://inaturalist-open-data.s3.amazonaws.com/photos/413908793/original.jpeg', 'https://inaturalist-open-data.s3.amazonaws.com/photos/413902885/original.jpeg', 'https://inaturalist-open-data.s3.amazonaws.com/photos/413902890/original.jpeg']"
4923659518,42.411003,19.839295,2024-07-08T14:09:29,"['4923659518_1', '4923659518_2']","['https://inaturalist-open-data.s3.amazonaws.com/photos/418526915/original.jpeg', 'https://inaturalist-open-data.s3.amazonaws.com/photos/418526943/original.jpeg']"
4924047070,44.345067,15.482704,2024-07-27T20:18:59,"['4924047070_1', '4924047070_2']","['https://inaturalist-open-data.s3.amazonaws.com/photos/418266395/original.jpeg', 'https://inaturalist-open-data.s3.amazonaws.com/photos/418266441/original.jpeg']"
4930858134,44.397113,15.31285,2024-07-10,['4930858134_1'],['https://observation.org/photos/97253811.jpg']
4932137899,46.363096,13.586787,2024-07-07,['4932137899_1'],['https://observation.org/photos/96789377.jpg']
4933924436,42.979136,18.979078,2024-07-27,['4933924436_1'],['https://observation.org/photos/99649216.jpg']
4935148541,44.814306,14.975866,2024-07-15,"['4935148541_1', '4935148541_2', '4935148541_3', '4935148541_4', '4935148541_5']","['https://observation.org/photos/98250824.jpg', 'https://observation.org/photos/98250825.jpg', 'https://observation.org/photos/98250826.jpg', 'https://observation.org/photos/98252652.jpg', 'https://observation.org/photos/98252768.jpg']"
4935394469,45.496117,14.80395,2024-07-31,['4935394469_1'],['https://observation.org/photos/99920917.jpg']
4995618738,46.341561,12.219019,2024-07-31,['4995618738_1'],['https://observation.org/photos/103407633.jpg']
5108046115,43.811047,16.053387,2024-07-02,['5108046115_1'],['https://inaturalist-open-data.s3.amazonaws.com/photos/402370944/original.jpeg']
5108069107,43.930066,16.172544,2024-07-08,['5108069107_1'],['https://inaturalist-open-data.s3.amazonaws.com/photos/405143641/original.jpeg']
5108079157,43.920495,16.161079,2024-07-11,['5108079157_1'],['https://inaturalist-open-data.s3.amazonaws.com/photos/406554101/original.jpeg']
5134697908,46.190877,12.560164,2024-07-20T15:02:26,['5134697908_1'],['https://inaturalist-open-data.s3.amazonaws.com/photos/489136850/original.jpeg']
5198843636,46.328846,12.926252,2024-07-26,"['5198843636_1', '5198843636_2']","['https://inaturalist-open-data.s3.amazonaws.com/photos/522088162/original.jpg', 'https://inaturalist-open-data.s3.amazonaws.com/photos/522088233/original.jpg']"
5215820290,43.299423,22.098836,2024-07-17T08:11:56,"['5215820290_1', '5215820290_2']","['https://inaturalist-open-data.s3.amazonaws.com/photos/530282569/original.jpg', 'https://inaturalist-open-data.s3.amazonaws.com/photos/530282628/original.jpg']"
5920116057,46.125577,14.453185,2024-07-25T20:23,"['5920116057_1', '5920116057_2']","['https://inaturalist-open-data.s3.amazonaws.com/photos/597481777/original.jpg', 'https://inaturalist-open-data.s3.amazonaws.com/photos/597481793/original.jpg']"
4921570398,44.15465,16.045197,2024-08-02T21:11:06,['4921570398_1'],['https://inaturalist-open-data.s3.amazonaws.com/photos/414888670/original.jpeg']
4921740504,45.234411,22.387428,2024-08-03T14:58:34,"['4921740504_1', '4921740504_2']","['https://inaturalist-open-data.s3.amazonaws.com/photos/414940503/original.jpeg', 'https://inaturalist-open-data.s3.amazonaws.com/photos/414940566/original.jpeg']"
4921819518,43.989019,16.047483,2024-08-01T00:14:25,['4921819518_1'],['https://inaturalist-open-data.s3.amazonaws.com/photos/414133221/original.jpeg']
4923717476,45.411024,14.48304,2024-08-02T18:27,"['4923717476_1', '4923717476_2']","['https://inaturalist-open-data.s3.amazonaws.com/photos/418248485/original.jpeg', 'https://inaturalist-open-data.s3.amazonaws.com/photos/418248477/original.jpeg']"
4924018948,46.312825,13.020024,2024-08-06T12:13,"['4924018948_1', '4924018948_2']","['https://inaturalist-open-data.s3.amazonaws.com/photos/416971771/original.jpeg', 'https://inaturalist-open-data.s3.amazonaws.com/photos/416972036/original.jpeg']"
4926135872,42.306377,18.880075,2024-08-20T14:51:58,['4926135872_1'],['https://inaturalist-open-data.s3.amazonaws.com/photos/421558702/original.jpeg']
4935503566,45.23,14.58,2024-08-07,['4935503566_1'],['https://observation.org/photos/101001804.jpg']
4936654252,42.667179,21.220055,2024-08-22T16:45:53,['4936654252_1'],['https://inaturalist-open-data.s3.amazonaws.com/photos/422351840/original.jpeg']
4936732991,44.257459,15.168961,2024-08-25T11:17,['4936732991_1'],['https://inaturalist-open-data.s3.amazonaws.com/photos/425212224/original.jpeg']
4937206229,44.309828,15.05873,2024-08-27T22:19,['4937206229_1'],['https://inaturalist-open-data.s3.amazonaws.com/photos/425212755/original.jpeg']
4937250321,41.89472,20.420118,2024-08-30T15:52:59,['4937250321_1'],['https://inaturalist-open-data.s3.amazonaws.com/photos/425991619/original.jpeg']
4945736563,45.51499,13.907116,2024-08-19T16:08,['4945736563_1'],['https://inaturalist-open-data.s3.amazonaws.com/photos/428533714/original.jpeg']
4956083618,43.320975,18.707638,2024-08-17,['4956083618_1'],['https://observation.org/photos/101982135.jpg']
4956874845,43.321075,18.707867,2024-08-21,['4956874845_1'],['https://observation.org/photos/102481842.jpg']
4957318822,43.320913,18.707683,2024-08-17,['4957318822_1'],['https://observation.org/photos/101982033.jpg']
4957762936,46.55,13.75,2024-08-30,['4957762936_1'],['https://observation.org/photos/103659397.jpg']
4995593871,42.698725,20.106414,2024-08-22,"['4995593871_1', '4995593871_2', '4995593871_3']","['https://observation.org/photos/104365766.jpg', 'https://observation.org/photos/104365767.jpg', 'https://observation.org/photos/104365768.jpg']"
5087526257,46.319592,13.497867,2024-08-09T20:14:35,['5087526257_1'],['https://inaturalist-open-data.s3.amazonaws.com/photos/474824669/original.jpg']
5890057759,44.002281,16.039567,2024-08-02T21:11:21,['5890057759_1'],['https://inaturalist-open-data.s3.amazonaws.com/photos/583530422/original.jpg']
6413081523,46.337104,13.613242,2024-08-04T08:42:24,['6413081523_1'],['https://inaturalist-open-data.s3.amazonaws.com/photos/683444109/original.jpg']
6500415631,44.59994,15.168621,2024-08-31T13:36,"['6500415631_1', '6500415631_2']","['https://inaturalist-open-data.s3.amazonaws.com/photos/716814621/original.jpg', 'https://inaturalist-open-data.s3.amazonaws.com/photos/716814624/original.jpg']"
4936768458,46.429488,14.333471,2024-09-01T18:50:01,['4936768458_1'],['https://inaturalist-open-data.s3.amazonaws.com/photos/426003045/original.jpeg']
4936857657,44.285992,21.537291,2024-09-01T17:26:39,['4936857657_1'],['https://inaturalist-open-data.s3.amazonaws.com/photos/425964304/original.jpeg']
4945966158,45.083583,14.544707,2024-09-08,['4945966158_1'],['https://inaturalist-open-data.s3.amazonaws.com/photos/428517293/original.jpeg']
4946253129,42.4353,19.76915,2024-09-12T15:15:30,['4946253129_1'],['https://inaturalist-open-data.s3.amazonaws.com/photos/430125535/original.jpeg']
4949956454,45.351035,14.505999,2024-09-20,['4949956454_1'],['https://inaturalist-open-data.s3.amazonaws.com/photos/433620143/original.jpeg']
4950005241,42.96016,17.341935,2024-09-17T23:19,['4950005241_1'],['https://inaturalist-open-data.s3.amazonaws.com/photos/432267099/original.jpeg']
4950105597,46.359029,11.218992,2024-09-21T10:43:06,['4950105597_1'],['https://inaturalist-open-data.s3.amazonaws.com/photos/433481413/original.jpeg']
4956053959,42.37319,18.840629,2024-09-16,['4956053959_1'],['https://observation.org/photos/104646134.jpg']
4956455967,45.049869,15.620981,2024-09-10,['4956455967_1'],['https://observation.org/photos/104263527.jpg']
4956492340,45.049869,15.620981,2024-09-10,"['4956492340_1', '4956492340_2']","['https://observation.org/photos/104263310.jpg', 'https://observation.org/photos/104263311.jpg']"
4956580011,43.555908,18.022109,2024-09-13,['4956580011_1'],['https://observation.org/photos/104403201.jpg']
4956676252,41.045845,19.477337,2024-09-17,"['4956676252_1', '4956676252_2']","['https://observation.org/photos/105200138.jpg', 'https://observation.org/photos/105200139.jpg']"
4957189543,41.045849,19.477333,2024-09-17,['4957189543_1'],['https://observation.org/photos/105200137.jpg']
4957362176,42.373182,18.840674,2024-09-16,['4957362176_1'],['https://observation.org/photos/104646230.jpg']
4957466563,42.094127,27.447592,2024-09-19,['4957466563_1'],['https://observation.org/photos/104945621.jpg']
4957696194,40.246033,20.438169,2024-09-08,['4957696194_1'],['https://observation.org/photos/104144405.jpg']
5063948675,44.904785,15.109376,2024-09-29T12:39,['5063948675_1'],['https://inaturalist-open-data.s3.amazonaws.com/photos/468620784/original.jpg']
5897367788,44.272678,15.05501,2024-09-09T18:34:42,['5897367788_1'],['https://inaturalist-open-data.s3.amazonaws.com/photos/592562598/original.jpg']
4954258094,45.877741,22.790645,2024-10-10T14:16:49,"['4954258094_1', '4954258094_2', '4954258094_3', '4954258094_4', '4954258094_5', '4954258094_6']","['https://inaturalist-open-data.s3.amazonaws.com/photos/440309972/original.jpeg', 'https://inaturalist-open-data.s3.amazonaws.com/photos/440310005/original.jpeg', 'https://inaturalist-open-data.s3.amazonaws.com/photos/440310045/original.jpeg', 'https://inaturalist-open-data.s3.amazonaws.com/photos/440310082/original.jpeg', 'https://inaturalist-open-data.s3.amazonaws.com/photos/440310198/original.jpeg', 'https://inaturalist-open-data.s3.amazonaws.com/photos/440310243/original.jpeg']"
4954332485,42.387157,19.780103,2024-10-05T22:31:11,['4954332485_1'],['https://inaturalist-open-data.s3.amazonaws.com/photos/440268454/original.jpeg']
4954368218,46.584662,13.757979,2024-10-06T13:48:31,"['4954368218_1', '4954368218_2', '4954368218_3', '4954368218_4']","['https://inaturalist-open-data.s3.amazonaws.com/photos/440393709/original.jpg', 'https://inaturalist-open-data.s3.amazonaws.com/photos/440393891/original.jpg', 'https://inaturalist-open-data.s3.amazonaws.com/photos/440394088/original.jpg', 'https://inaturalist-open-data.s3.amazonaws.com/photos/440394413/original.jpg']"
4974031663,45.052807,14.64572,2024-10-11T12:45,['4974031663_1'],['https://inaturalist-open-data.s3.amazonaws.com/photos/442934021/original.jpeg']
4978601493,43.608307,21.473806,2024-10-24T16:48:59,['4978601493_1'],['https://inaturalist-open-data.s3.amazonaws.com/photos/447369295/original.jpeg']
4985439634,44.77644,14.929962,2024-10-23,['4985439634_1'],['https://observation.org/photos/107334385.jpg']
4985973568,42.158472,19.166343,2024-10-12,['4985973568_1'],['https://observation.org/photos/107174051.jpg']
4985979095,46.55,13.7,2024-10-06,['4985979095_1'],['https://observation.org/photos/106291938.jpg']
4986120591,45.432914,14.474014,2024-10-16,['4986120591_1'],['https://observation.org/photos/106760818.jpg']
4986191741,42.403072,18.825224,2024-10-12,['4986191741_1'],['https://observation.org/photos/106414904.jpg']
4986497087,44.776429,14.929991,2024-10-23,['4986497087_1'],['https://observation.org/photos/107920889.jpg']
4986537048,44.77597,14.92903,2024-10-23,['4986537048_1'],['https://observation.org/photos/107332803.jpg']
4986544971,42.399053,18.796253,2024-10-12,['4986544971_1'],['https://observation.org/photos/106415318.jpg']
4986684575,44.775991,14.928866,2024-10-23,['4986684575_1'],['https://observation.org/photos/107332663.jpg']
5889796279,44.269281,15.677231,2024-10-13T13:16,['5889796279_1'],['https://inaturalist-open-data.s3.amazonaws.com/photos/586615108/original.jpg']
6182924222,40.769353,20.903408,2024-10-21,['6182924222_1'],['https://observation.org/photos/107217593.jpg']
4995676696,45.16918,13.825475,2024-11-01,['4995676696_1'],['https://observation.org/photos/108093146.jpg']
4995576946,36.831755,22.279188,2024-12-07,['4995576946_1'],['https://observation.org/photos/109385157.jpg']
4080659089,44.893325,15.602192,2023-04-08T12:42:25,"['4080659089_1', '4080659089_2', '4080659089_3']","['https://inaturalist-open-data.s3.amazonaws.com/photos/265903010/original.jpeg', 'https://inaturalist-open-data.s3.amazonaws.com/photos/265903027/original.jpeg', 'https://inaturalist-open-data.s3.amazonaws.com/photos/265903046/original.jpeg']"
4096659434,44.02803,21.95255,2023-04-22T13:58,['4096659434_1'],['https://inaturalist-open-data.s3.amazonaws.com/photos/270076097/original.jpeg']
4096791861,45.017445,14.674783,2023-04-19T14:23:01,['4096791861_1'],['https://inaturalist-open-data.s3.amazonaws.com/photos/269105278/original.jpeg']
4102807855,42.68886,18.089889,2023-04-30T14:47:06,"['4102807855_1', '4102807855_2', '4102807855_3', '4102807855_4', '4102807855_5', '4102807855_6']","['https://inaturalist-open-data.s3.amazonaws.com/photos/273240047/original.jpeg', 'https://inaturalist-open-data.s3.amazonaws.com/photos/273240117/original.jpeg', 'https://inaturalist-open-data.s3.amazonaws.com/photos/273240193/original.jpeg', 'https://inaturalist-open-data.s3.amazonaws.com/photos/273240270/original.jpeg', 'https://inaturalist-open-data.s3.amazonaws.com/photos/273240360/original.jpeg', 'https://inaturalist-open-data.s3.amazonaws.com/photos/273240438/original.jpeg']"
4103304983,43.360308,18.315238,2023-04-28T13:30:55,"['4103304983_1', '4103304983_2']","['https://inaturalist-open-data.s3.amazonaws.com/photos/273608888/original.jpeg', 'https://inaturalist-open-data.s3.amazonaws.com/photos/281589434/original.jpeg']"
4157152050,46.65,13.85,2023-04-07,['4157152050_1'],['https://observation.org/photos/63924882.jpg']
4157464536,46.65,13.85,2023-04-07,['4157464536_1'],['https://observation.org/photos/63924886.jpg']
4159383492,43.084099,17.421242,2023-04-28,['4159383492_1'],['https://observation.org/photos/65978251.jpg']
4159759896,46.65,13.85,2023-04-07,['4159759896_1'],['https://observation.org/photos/63924881.jpg']
4160068799,46.22,13.01,2023-04-04,['4160068799_1'],['https://observation.org/photos/63877809.jpg']
4461589234,43.968834,15.94341,2023-04-30,"['4461589234_1', '4461589234_2']","['https://observation.org/photos/65266569.jpg', 'https://observation.org/photos/65266570.jpg']"
4852683441,45.04022,14.135658,2023-04-29T18:46:59,['4852683441_1'],['https://inaturalist-open-data.s3.amazonaws.com/photos/373964602/original.jpg']
4852683443,44.991375,14.146667,2023-04-28T11:17:07,['4852683443_1'],['https://inaturalist-open-data.s3.amazonaws.com/photos/373965957/original.jpg']
4884643869,46.227017,13.022897,2023-04-09,['4884643869_1'],['https://observation.org/photos/64008071.jpg']
5007751877,44.031917,16.905413,2023-04-28T17:03:53,"['5007751877_1', '5007751877_2', '5007751877_3', '5007751877_4', '5007751877_5', '5007751877_6', '5007751877_7']","['https://inaturalist-open-data.s3.amazonaws.com/photos/271841317/original.jpg', 'https://inaturalist-open-data.s3.amazonaws.com/photos/271841583/original.jpg', 'https://inaturalist-open-data.s3.amazonaws.com/photos/271842295/original.jpg', 'https://inaturalist-open-data.s3.amazonaws.com/photos/271842644/original.jpg', 'https://inaturalist-open-data.s3.amazonaws.com/photos/271846357/original.jpg', 'https://inaturalist-open-data.s3.amazonaws.com/photos/271846641/original.jpg', 'https://inaturalist-open-data.s3.amazonaws.com/photos/271846921/original.jpg']"
4102773285,45.181722,14.612664,2023-05-01T12:50,['4102773285_1'],['https://inaturalist-open-data.s3.amazonaws.com/photos/274342014/original.jpeg']
4103314201,43.948132,22.32325,2023-05-01T14:31:56,['4103314201_1'],['https://inaturalist-open-data.s3.amazonaws.com/photos/274116540/original.jpeg']
4111899997,42.214608,19.002039,2023-05-07T10:52:47,['4111899997_1'],['https://inaturalist-open-data.s3.amazonaws.com/photos/277380393/original.jpeg']
4116307953,44.906772,15.616083,2023-05-15T14:36:54,['4116307953_1'],['https://inaturalist-open-data.s3.amazonaws.com/photos/279754696/original.jpg']
4116508679,42.442753,19.346111,2023-05-10T11:55:36,['4116508679_1'],['https://inaturalist-open-data.s3.amazonaws.com/photos/278050614/original.jpeg']
4121032182,42.052202,19.135061,2023-05-21T20:28,"['4121032182_1', '4121032182_2', '4121032182_3', '4121032182_4', '4121032182_5']","['https://inaturalist-open-data.s3.amazonaws.com/photos/281784985/original.jpg', 'https://inaturalist-open-data.s3.amazonaws.com/photos/281786686/original.jpg', 'https://inaturalist-open-data.s3.amazonaws.com/photos/281786702/original.jpg', 'https://inaturalist-open-data.s3.amazonaws.com/photos/281786707/original.jpg', 'https://inaturalist-open-data.s3.amazonaws.com/photos/281786710/original.jpg']"
4121131826,42.053911,19.136357,2023-05-21T19:56,"['4121131826_1', '4121131826_2', '4121131826_3', '4121131826_4', '4121131826_5']","['https://inaturalist-open-data.s3.amazonaws.com/photos/281771284/original.jpg', 'https://inaturalist-open-data.s3.amazonaws.com/photos/281771972/original.jpg', 'https://inaturalist-open-data.s3.amazonaws.com/photos/281771992/original.jpg', 'https://inaturalist-open-data.s3.amazonaws.com/photos/281771997/original.jpg', 'https://inaturalist-open-data.s3.amazonaws.com/photos/281772003/original.jpg']"
4121481795,42.40848,19.791444,2023-05-22T14:10,['4121481795_1'],['https://inaturalist-open-data.s3.amazonaws.com/photos/282412079/original.jpg']
4126997634,45.838123,22.865345,2023-05-28T05:25:41,['4126997634_1'],['https://inaturalist-open-data.s3.amazonaws.com/photos/283946119/original.jpeg']
4127305536,45.336182,24.167257,2023-05-28T04:02:01,['4127305536_1'],['https://inaturalist-open-data.s3.amazonaws.com/photos/283923132/original.jpeg']
4129962816,42.463546,19.865406,2023-05-19T16:18,['4129962816_1'],['https://inaturalist-open-data.s3.amazonaws.com/photos/285582586/original.jpg']
4156237237,45.879971,15.998497,2023-05-08,"['4156237237_1', '4156237237_2']","['https://observation.org/photos/66155372.jpg', 'https://observation.org/photos/66155373.jpg']"
4157420758,45.880008,15.998862,2023-05-10,"['4157420758_1', '4157420758_2']","['https://observation.org/photos/66157031.jpg', 'https://observation.org/photos/66157032.jpg']"
4177268133,44.843097,13.978478,2023-05-25T00:20,['4177268133_1'],['https://inaturalist-open-data.s3.amazonaws.com/photos/310443836/original.jpeg']
4416956324,45.34696,21.90858,2023-05-05T15:46,['4416956324_1'],['https://inaturalist-open-data.s3.amazonaws.com/photos/322832216/original.jpg']
4459331251,45.181722,14.612664,2023-05-01,['4459331251_1'],['https://observation.org/photos/65340640.jpg']
4459420154,41.221512,22.696344,2023-05-11,['4459420154_1'],['https://observation.org/photos/66038651.jpg']
4460311989,44.642305,15.361825,2023-05-07,"['4460311989_1', '4460311989_2', '4460311989_3', '4460311989_4']","['https://observation.org/photos/65764118.jpg', 'https://observation.org/photos/65764120.jpg', 'https://observation.org/photos/65764121.jpg', 'https://observation.org/photos/65764123.jpg']"
4460397197,45.57,14.7,2023-05-27,['4460397197_1'],['https://observation.org/photos/67422724.jpg']
4460589351,45.57,14.7,2023-05-27,['4460589351_1'],['https://observation.org/photos/67478357.jpg']
4460712614,45.880195,15.998797,2023-05-10,"['4460712614_1', '4460712614_2']","['https://observation.org/photos/66156936.jpg', 'https://observation.org/photos/66156937.jpg']"
4461107627,36.830292,22.288159,2023-05-06,['4461107627_1'],['https://observation.org/photos/65681081.jpg']
4506264743,46.229657,11.259322,2023-05-31T18:45,['4506264743_1'],['https://inaturalist-open-data.s3.amazonaws.com/photos/341829119/original.jpeg']
4506297656,46.257865,11.292464,2023-05-31T18:36,['4506297656_1'],['https://inaturalist-open-data.s3.amazonaws.com/photos/341829112/original.jpeg']
4524948939,45.77317,14.271085,2023-05-20T14:53,"['4524948939_1', '4524948939_2', '4524948939_3', '4524948939_4', '4524948939_5', '4524948939_6', '4524948939_7']","['https://inaturalist-open-data.s3.amazonaws.com/photos/285114021/original.jpeg', 'https://inaturalist-open-data.s3.amazonaws.com/photos/285114264/original.jpeg', 'https://inaturalist-open-data.s3.amazonaws.com/photos/285114089/original.jpeg', 'https://inaturalist-open-data.s3.amazonaws.com/photos/285114106/original.jpeg', 'https://inaturalist-open-data.s3.amazonaws.com/photos/285114135/original.jpeg', 'https://inaturalist-open-data.s3.amazonaws.com/photos/285114213/original.jpeg', 'https://inaturalist-open-data.s3.amazonaws.com/photos/285114035/original.jpeg']"
4524997906,45.777991,14.224506,2023-05-18T17:03,"['4524997906_1', '4524997906_2', '4524997906_3', '4524997906_4', '4524997906_5']","['https://inaturalist-open-data.s3.amazonaws.com/photos/284868926/original.jpeg', 'https://inaturalist-open-data.s3.amazonaws.com/photos/284869043/original.jpeg', 'https://inaturalist-open-data.s3.amazonaws.com/photos/284869123/original.jpeg', 'https://inaturalist-open-data.s3.amazonaws.com/photos/284869313/original.jpeg', 'https://inaturalist-open-data.s3.amazonaws.com/photos/284871639/original.jpeg']"
4525011910,45.774405,14.272085,2023-05-20T15:29,['4525011910_1'],['https://inaturalist-open-data.s3.amazonaws.com/photos/285114447/original.jpeg']
4525123281,44.620147,21.905364,2023-05-05T13:02,['4525123281_1'],['https://inaturalist-open-data.s3.amazonaws.com/photos/351751379/original.jpg']
4889930075,45.0,14.67,2023-05-30,['4889930075_1'],['https://observation.org/photos/67774620.jpg']
4953061212,45.879134,22.818808,2023-05-23,"['4953061212_1', '4953061212_2', '4953061212_3', '4953061212_4']","['https://inaturalist-open-data.s3.amazonaws.com/photos/436430202/original.jpeg', 'https://inaturalist-open-data.s3.amazonaws.com/photos/436430233/original.jpeg', 'https://inaturalist-open-data.s3.amazonaws.com/photos/436430257/original.jpeg', 'https://inaturalist-open-data.s3.amazonaws.com/photos/436430280/original.jpeg']"
4974110145,45.196464,14.576161,2023-05-20T13:14,['4974110145_1'],['https://inaturalist-open-data.s3.amazonaws.com/photos/442948316/original.jpeg']
4976411509,45.019182,14.673683,2023-05-28T10:04:16,['4976411509_1'],['https://inaturalist-open-data.s3.amazonaws.com/photos/284044058/original.jpeg']
6179151293,44.621845,22.015242,2023-05-26T16:04:06,['6179151293_1'],['https://inaturalist-open-data.s3.amazonaws.com/photos/283433994/original.jpeg']
4129720725,44.704743,14.959058,2023-06-01T16:02:40,['4129720725_1'],['https://inaturalist-open-data.s3.amazonaws.com/photos/285579093/original.jpeg']
4130043636,44.69116,14.963127,2023-06-02T10:44:41,"['4130043636_1', '4130043636_2', '4130043636_3']","['https://inaturalist-open-data.s3.amazonaws.com/photos/285940749/original.jpeg', 'https://inaturalist-open-data.s3.amazonaws.com/photos/285940787/original.jpeg', 'https://inaturalist-open-data.s3.amazonaws.com/photos/285940824/original.jpeg']"
4130105462,43.415,18.419764,2023-06-02T11:14:45,['4130105462_1'],['https://inaturalist-open-data.s3.amazonaws.com/photos/285827759/original.jpg']
4130139600,45.77781,14.224435,2023-06-03T12:31:23,"['4130139600_1', '4130139600_2', '4130139600_3']","['https://inaturalist-open-data.s3.amazonaws.com/photos/286272905/original.jpg', 'https://inaturalist-open-data.s3.amazonaws.com/photos/286272932/original.jpg', 'https://inaturalist-open-data.s3.amazonaws.com/photos/286272967/original.jpg']"
4134056124,44.305912,21.503669,2023-06-11T07:59:54,['4134056124_1'],['https://inaturalist-open-data.s3.amazonaws.com/photos/288779757/original.jpeg']
4134181591,45.762434,14.286959,2023-06-13T15:20:37,['4134181591_1'],['https://inaturalist-open-data.s3.amazonaws.com/photos/496668583/original.jpg']
4138195070,45.662976,14.311662,2023-06-16T12:14:55,['4138195070_1'],['https://inaturalist-open-data.s3.amazonaws.com/photos/496674142/original.jpg']
4138510114,44.780165,15.592704,2023-06-21T22:14:11,['4138510114_1'],['https://inaturalist-open-data.s3.amazonaws.com/photos/294309545/original.jpg']
4138598437,42.215539,18.993125,2023-06-26T16:50:08,['4138598437_1'],['https://inaturalist-open-data.s3.amazonaws.com/photos/294462670/original.jpeg']
4138738448,46.343497,13.507559,2023-06-22T08:27:43,"['4138738448_1', '4138738448_2']","['https://inaturalist-open-data.s3.amazonaws.com/photos/292565391/original.jpeg', 'https://inaturalist-open-data.s3.amazonaws.com/photos/294286948/original.jpeg']"
4145181962,45.573573,14.698173,2023-06-17T20:08:19,"['4145181962_1', '4145181962_2']","['https://inaturalist-open-data.s3.amazonaws.com/photos/296694027/original.jpg', 'https://inaturalist-open-data.s3.amazonaws.com/photos/296694171/original.jpg']"
4145237834,46.902247,14.580016,2023-06-25T09:37,"['4145237834_1', '4145237834_2', '4145237834_3']","['https://inaturalist-open-data.s3.amazonaws.com/photos/294751631/original.jpeg', 'https://inaturalist-open-data.s3.amazonaws.com/photos/294751420/original.jpeg', 'https://inaturalist-open-data.s3.amazonaws.com/photos/294751428/original.jpeg']"
4145582236,44.897758,15.611772,2023-06-26T12:35,['4145582236_1'],['https://inaturalist-open-data.s3.amazonaws.com/photos/294982349/original.jpg']
4165722700,46.860703,14.528186,2023-06-25T10:32,"['4165722700_1', '4165722700_2']","['https://inaturalist-open-data.s3.amazonaws.com/photos/302495483/original.jpeg', 'https://inaturalist-open-data.s3.amazonaws.com/photos/302495548/original.jpeg']"
4407397545,44.23805,16.089423,2023-06-02T12:59,"['4407397545_1', '4407397545_2', '4407397545_3']","['https://inaturalist-open-data.s3.amazonaws.com/photos/316036141/original.jpeg', 'https://inaturalist-open-data.s3.amazonaws.com/photos/316036476/original.jpeg', 'https://inaturalist-open-data.s3.amazonaws.com/photos/316036580/original.jpeg']"
4407404892,44.234797,16.103814,2023-06-02T13:48,['4407404892_1'],['https://inaturalist-open-data.s3.amazonaws.com/photos/316037070/original.jpeg']
4407539784,44.238812,16.085867,2023-06-01T11:53,"['4407539784_1', '4407539784_2']","['https://inaturalist-open-data.s3.amazonaws.com/photos/316036668/original.jpeg', 'https://inaturalist-open-data.s3.amazonaws.com/photos/316036931/original.jpeg']"
4413517702,44.707073,15.0658,2023-06-22T09:59:15,['4413517702_1'],['https://inaturalist-open-data.s3.amazonaws.com/photos/292618613/original.jpeg']
4430673084,42.389378,19.77747,2023-06-21T09:39:38,['4430673084_1'],['https://inaturalist-open-data.s3.amazonaws.com/photos/328661264/original.jpg']
4459584477,43.921497,16.997753,2023-06-06,"['4459584477_1', '4459584477_2']","['https://observation.org/photos/68978517.jpg', 'https://observation.org/photos/68978519.jpg']"
4461373308,43.009444,18.934444,2023-06-14,"['4461373308_1', '4461373308_2']","['https://observation.org/photos/72761147.jpg', 'https://observation.org/photos/72761520.jpg']"
4524900872,46.949014,14.527127,2023-06-25T10:35,"['4524900872_1', '4524900872_2']","['https://inaturalist-open-data.s3.amazonaws.com/photos/294002287/original.jpeg', 'https://inaturalist-open-data.s3.amazonaws.com/photos/294002335/original.jpeg']"
4524929073,45.777777,14.224351,2023-06-03T12:30:15,"['4524929073_1', '4524929073_2', '4524929073_3']","['https://inaturalist-open-data.s3.amazonaws.com/photos/286828190/original.jpg', 'https://inaturalist-open-data.s3.amazonaws.com/photos/286828204/original.jpg', 'https://inaturalist-open-data.s3.amazonaws.com/photos/286828217/original.jpg']"
4524932053,45.777493,14.224306,2023-06-03T14:00:40,"['4524932053_1', '4524932053_2']","['https://inaturalist-open-data.s3.amazonaws.com/photos/286816842/original.jpg', 'https://inaturalist-open-data.s3.amazonaws.com/photos/286818798/original.jpg']"
5140187662,44.442987,15.312267,2023-06-04T10:41:45,['5140187662_1'],['https://inaturalist-open-data.s3.amazonaws.com/photos/490742232/original.jpg']
5908642857,45.447086,14.478936,2023-06-08T14:41,['5908642857_1'],['https://inaturalist-open-data.s3.amazonaws.com/photos/595592275/original.jpg']
6151480753,45.786953,13.783763,2023-06-08,['6151480753_1'],['https://observation.org/photos/141363430.jpg']
4145207731,43.975603,16.048822,2023-07-01T10:07:41,['4145207731_1'],['https://inaturalist-open-data.s3.amazonaws.com/photos/295751595/original.jpeg']
4153530777,42.70959,19.321163,2023-07-05T12:34,['4153530777_1'],['https://inaturalist-open-data.s3.amazonaws.com/photos/298053701/original.jpg']
4162136156,46.583205,13.682784,2023-07-13T13:16,"['4162136156_1', '4162136156_2', '4162136156_3', '4162136156_4', '4162136156_5']","['https://inaturalist-open-data.s3.amazonaws.com/photos/299863091/original.jpeg', 'https://inaturalist-open-data.s3.amazonaws.com/photos/299863150/original.jpeg', 'https://inaturalist-open-data.s3.amazonaws.com/photos/299863210/original.jpeg', 'https://inaturalist-open-data.s3.amazonaws.com/photos/299863267/original.jpeg', 'https://inaturalist-open-data.s3.amazonaws.com/photos/299863327/original.jpeg']"
4165612939,46.571445,15.632841,2023-07-20T11:55:27,['4165612939_1'],['https://inaturalist-open-data.s3.amazonaws.com/photos/302389287/original.jpeg']
4165888938,46.455024,13.608863,2023-07-13T12:47:03,['4165888938_1'],['https://inaturalist-open-data.s3.amazonaws.com/photos/302823241/original.jpeg']
4165958683,46.187248,12.716984,2023-07-23T09:42,['4165958683_1'],['https://inaturalist-open-data.s3.amazonaws.com/photos/303829271/original.jpg']
4165971560,46.128819,12.736498,2023-07-23T11:05,['4165971560_1'],['https://inaturalist-open-data.s3.amazonaws.com/photos/303829299/original.jpg']
4172108920,43.752296,18.115717,2023-07-26T14:00,"['4172108920_1', '4172108920_2', '4172108920_3']","['https://inaturalist-open-data.s3.amazonaws.com/photos/307166162/original.jpg', 'https://inaturalist-open-data.s3.amazonaws.com/photos/307166286/original.jpg', 'https://inaturalist-open-data.s3.amazonaws.com/photos/307165636/original.jpg']"
4177394159,45.776364,14.225354,2023-07-31T09:39,['4177394159_1'],['https://inaturalist-open-data.s3.amazonaws.com/photos/309921008/original.jpg']
4409181011,44.530839,15.198692,2023-07-10,['4409181011_1'],['https://observation.org/photos/71616832.jpg']
4409586037,45.285995,14.202137,2023-07-20,['4409586037_1'],['https://observation.org/photos/73194012.jpg']
4430774302,44.687765,15.85892,2023-07-10T10:59,['4430774302_1'],['https://inaturalist-open-data.s3.amazonaws.com/photos/329490031/original.jpg']
4460589929,46.318681,13.492365,2023-07-06,"['4460589929_1', '4460589929_2', '4460589929_3', '4460589929_4', '4460589929_5']","['https://observation.org/photos/72337688.jpg', 'https://observation.org/photos/72337689.jpg', 'https://observation.org/photos/72337690.jpg', 'https://observation.org/photos/72337691.jpg', 'https://observation.org/photos/72337693.jpg']"
4461478642,46.289285,13.537513,2023-07-20,"['4461478642_1', '4461478642_2']","['https://observation.org/photos/72632394.jpg', 'https://observation.org/photos/72632395.jpg']"
4886951069,46.466339,13.717993,2023-07-24,['4886951069_1'],['https://observation.org/photos/72942560.jpg']
4908829922,42.45878,19.935899,2023-07-11T10:11:05,"['4908829922_1', '4908829922_2']","['https://inaturalist-open-data.s3.amazonaws.com/photos/403643720/original.jpg', 'https://inaturalist-open-data.s3.amazonaws.com/photos/403643794/original.jpg']"
6150913584,40.869808,20.98818,2023-07-18,['6150913584_1'],['https://observation.org/photos/140661185.jpg']
6498793915,45.933166,13.79764,2023-07-27T09:14,['6498793915_1'],['https://inaturalist-open-data.s3.amazonaws.com/photos/717720323/original.jpg']
4400156035,46.269441,12.586166,2023-08-17,"['4400156035_1', '4400156035_2']","['https://inaturalist-open-data.s3.amazonaws.com/photos/311797115/original.jpg', 'https://inaturalist-open-data.s3.amazonaws.com/photos/311797126/original.jpg']"
4407080623,45.961647,13.721355,2023-08-27T10:01:04,"['4407080623_1', '4407080623_2', '4407080623_3']","['https://inaturalist-open-data.s3.amazonaws.com/photos/315217325/original.jpeg', 'https://inaturalist-open-data.s3.amazonaws.com/photos/315217352/original.jpeg', 'https://inaturalist-open-data.s3.amazonaws.com/photos/315217375/original.jpeg']"
4460125390,45.65,14.23,2023-08-08,"['4460125390_1', '4460125390_2']","['https://observation.org/photos/79630400.jpg', 'https://observation.org/photos/79630401.jpg']"
4460519179,43.152572,21.346908,2023-08-11,"['4460519179_1', '4460519179_2']","['https://observation.org/photos/74536356.jpg', 'https://observation.org/photos/74536357.jpg']"
4460579117,42.457443,19.938944,2023-08-16,['4460579117_1'],['https://observation.org/photos/76027002.jpg']
4460603128,39.680805,19.686913,2023-08-04,['4460603128_1'],['https://observation.org/photos/76851003.jpg']
4460771467,40.073353,20.605308,2023-08-21,['4460771467_1'],['https://observation.org/photos/75661083.jpg']
4462491649,45.66,14.29,2023-08-12,['4462491649_1'],['https://observation.org/photos/79665769.jpg']
4863414147,43.092648,18.465971,2023-08-17T08:51,['4863414147_1'],['https://inaturalist-open-data.s3.amazonaws.com/photos/379416659/original.jpg']
4935961066,46.421547,11.346092,2023-08-19T09:06:09,['4935961066_1'],['https://inaturalist-open-data.s3.amazonaws.com/photos/313164105/original.jpg']
4413578082,44.267089,15.651824,2023-09-12T10:32:31,"['4413578082_1', '4413578082_2']","['https://inaturalist-open-data.s3.amazonaws.com/photos/319066466/original.jpeg', 'https://inaturalist-open-data.s3.amazonaws.com/photos/319094404/original.jpeg']"
4413958567,42.731262,19.34567,2023-09-09T18:54:49,['4413958567_1'],['https://inaturalist-open-data.s3.amazonaws.com/photos/318434547/original.jpg']
4416942725,44.26179,16.08863,2023-09-26T12:54:50,"['4416942725_1', '4416942725_2', '4416942725_3']","['https://inaturalist-open-data.s3.amazonaws.com/photos/323119393/original.jpeg', 'https://inaturalist-open-data.s3.amazonaws.com/photos/323119430/original.jpeg', 'https://inaturalist-open-data.s3.amazonaws.com/photos/323119468/original.jpeg']"
4420898286,44.019726,16.41026,2023-09-29T16:05:27,"['4420898286_1', '4420898286_2', '4420898286_3']","['https://inaturalist-open-data.s3.amazonaws.com/photos/323869460/original.jpeg', 'https://inaturalist-open-data.s3.amazonaws.com/photos/323869528/original.jpeg', 'https://inaturalist-open-data.s3.amazonaws.com/photos/323869714/original.jpeg']"
4421029190,44.045117,16.45804,2023-09-28T16:56:39,"['4421029190_1', '4421029190_2', '4421029190_3', '4421029190_4', '4421029190_5', '4421029190_6']","['https://inaturalist-open-data.s3.amazonaws.com/photos/323607418/original.jpeg', 'https://inaturalist-open-data.s3.amazonaws.com/photos/323607442/original.jpeg', 'https://inaturalist-open-data.s3.amazonaws.com/photos/323607463/original.jpeg', 'https://inaturalist-open-data.s3.amazonaws.com/photos/323607484/original.jpeg', 'https://inaturalist-open-data.s3.amazonaws.com/photos/323607508/original.jpeg', 'https://inaturalist-open-data.s3.amazonaws.com/photos/323607535/original.jpeg']"
4424412293,44.606125,22.283028,2023-09-20T10:33,"['4424412293_1', '4424412293_2']","['https://inaturalist-open-data.s3.amazonaws.com/photos/326451800/original.jpg', 'https://inaturalist-open-data.s3.amazonaws.com/photos/326458675/original.jpg']"
4424492598,43.191918,17.180386,2023-09-28T16:51,"['4424492598_1', '4424492598_2', '4424492598_3', '4424492598_4']","['https://inaturalist-open-data.s3.amazonaws.com/photos/326940260/original.jpg', 'https://inaturalist-open-data.s3.amazonaws.com/photos/326940262/original.jpg', 'https://inaturalist-open-data.s3.amazonaws.com/photos/326940267/original.jpg', 'https://inaturalist-open-data.s3.amazonaws.com/photos/327641192/original.jpg']"
4424568237,44.606441,22.282099,2023-09-20T16:01,['4424568237_1'],['https://inaturalist-open-data.s3.amazonaws.com/photos/326452090/original.jpg']
4431003690,44.605918,22.282125,2023-09-22T09:25,['4431003690_1'],['https://inaturalist-open-data.s3.amazonaws.com/photos/327016673/original.jpg']
4460270976,44.3091,15.48142,2023-09-05,"['4460270976_1', '4460270976_2']","['https://observation.org/photos/76767877.jpg', 'https://observation.org/photos/76767878.jpg']"
4460919199,44.33242,15.474754,2023-09-05,['4460919199_1'],['https://observation.org/photos/76770358.jpg']
4516680906,46.257004,13.534742,2023-09-23T11:49,['4516680906_1'],['https://inaturalist-open-data.s3.amazonaws.com/photos/348865508/original.jpg']
4973813804,42.887163,17.44928,2023-09-23T10:02:47,['4973813804_1'],['https://inaturalist-open-data.s3.amazonaws.com/photos/442641619/original.jpeg']
4986118225,38.894789,22.431327,2023-09-08,['4986118225_1'],['https://observation.org/photos/106538857.jpg']
4420931908,45.209551,21.865033,2023-10-01T11:47:02,['4420931908_1'],['https://inaturalist-open-data.s3.amazonaws.com/photos/324466801/original.jpeg']
4424445126,43.33861,17.048371,2023-10-03T10:30:03,"['4424445126_1', '4424445126_2', '4424445126_3', '4424445126_4']","['https://inaturalist-open-data.s3.amazonaws.com/photos/325239259/original.jpeg', 'https://inaturalist-open-data.s3.amazonaws.com/photos/325239303/original.jpeg', 'https://inaturalist-open-data.s3.amazonaws.com/photos/325239360/original.jpeg', 'https://inaturalist-open-data.s3.amazonaws.com/photos/325239400/original.jpeg']"
4458421651,43.288878,17.217168,2023-10-02T09:46,['4458421651_1'],['https://inaturalist-open-data.s3.amazonaws.com/photos/338008324/original.jpeg']
4460560556,42.444207,19.760641,2023-10-01,"['4460560556_1', '4460560556_2', '4460560556_3']","['https://observation.org/photos/78315448.jpg', 'https://observation.org/photos/78315449.jpg', 'https://observation.org/photos/78315450.jpg']"
4461468018,42.5,25.89,2023-10-07,['4461468018_1'],['https://observation.org/photos/78753006.jpg']
4597373149,42.400364,19.784606,2023-10-08T12:58,"['4597373149_1', '4597373149_2', '4597373149_3', '4597373149_4']","['https://inaturalist-open-data.s3.amazonaws.com/photos/356994584/original.jpeg', 'https://inaturalist-open-data.s3.amazonaws.com/photos/356994606/original.jpeg', 'https://inaturalist-open-data.s3.amazonaws.com/photos/356994548/original.jpeg', 'https://inaturalist-open-data.s3.amazonaws.com/photos/356994579/original.jpeg']"
4867948128,42.404645,19.775429,2023-10-20T12:35:48,['4867948128_1'],['https://inaturalist-open-data.s3.amazonaws.com/photos/382012955/original.jpg']
4868050877,42.40465,19.776406,2023-10-20T12:34:59,"['4868050877_1', '4868050877_2']","['https://inaturalist-open-data.s3.amazonaws.com/photos/382013237/original.jpg', 'https://inaturalist-open-data.s3.amazonaws.com/photos/382013279/original.jpg']"
4440911350,42.274257,19.132506,2023-11-02,['4440911350_1'],['https://inaturalist-open-data.s3.amazonaws.com/photos/332696965/original.jpeg']
4516845722,46.567701,15.651629,2023-11-04T12:50:08,['4516845722_1'],['https://inaturalist-open-data.s3.amazonaws.com/photos/348879568/original.jpg']
3823023012,46.65,13.85,2022-04-17,"['3823023012_1', '3823023012_2']","['https://observation.org/photos/54837562.jpg', 'https://observation.org/photos/54837563.jpg']"
3826992990,46.65,13.85,2022-04-17,"['3826992990_1', '3826992990_2', '3826992990_3']","['https://observation.org/photos/54837501.jpg', 'https://observation.org/photos/54837503.jpg', 'https://observation.org/photos/54837504.jpg']"
3873784731,45.50923,13.9353,2022-04-28T21:50,"['3873784731_1', '3873784731_2']","['https://inaturalist-open-data.s3.amazonaws.com/photos/213130335/original.jpg', 'https://inaturalist-open-data.s3.amazonaws.com/photos/213130379/original.jpg']"
3903980712,45.12,13.81,2022-04-16,"['3903980712_1', '3903980712_2', '3903980712_3', '3903980712_4']","['https://observation.org/photos/54836894.jpg', 'https://observation.org/photos/54836895.jpg', 'https://observation.org/photos/54836896.jpg', 'https://observation.org/photos/54836897.jpg']"
3905540102,45.02,13.69,2022-04-15,"['3905540102_1', '3905540102_2']","['https://observation.org/photos/54836121.jpg', 'https://observation.org/photos/54836122.jpg']"
3906620001,45.02,13.7,2022-04-15,"['3906620001_1', '3906620001_2', '3906620001_3']","['https://observation.org/photos/54835955.jpg', 'https://observation.org/photos/54835956.jpg', 'https://observation.org/photos/54835957.jpg']"
4018343432,43.469739,16.866461,2022-04-15T11:37,['4018343432_1'],['https://inaturalist-open-data.s3.amazonaws.com/photos/252374256/original.jpeg']
4018414466,43.47158,16.896555,2022-04-15T18:45,['4018414466_1'],['https://inaturalist-open-data.s3.amazonaws.com/photos/252374373/original.jpeg']
4018506424,43.469488,16.863435,2022-04-15T12:16,['4018506424_1'],['https://inaturalist-open-data.s3.amazonaws.com/photos/252374053/original.jpeg']
4018645448,43.473217,16.899958,2022-04-15T19:02,['4018645448_1'],['https://inaturalist-open-data.s3.amazonaws.com/photos/252374331/original.jpeg']
4018647469,43.471823,16.863096,2022-04-15T11:51,['4018647469_1'],['https://inaturalist-open-data.s3.amazonaws.com/photos/252374303/original.jpeg']
4599770647,45.055308,14.71869,2022-04-17T14:06,['4599770647_1'],['https://inaturalist-open-data.s3.amazonaws.com/photos/190900209/original.jpeg']
4881092148,38.13,21.38,2022-04-15,['4881092148_1'],['https://observation.org/photos/87345131.jpg']
4952712408,45.884077,22.825923,2022-04-12,"['4952712408_1', '4952712408_2', '4952712408_3']","['https://inaturalist-open-data.s3.amazonaws.com/photos/436418014/original.jpeg', 'https://inaturalist-open-data.s3.amazonaws.com/photos/436418028/original.jpeg', 'https://inaturalist-open-data.s3.amazonaws.com/photos/436418049/original.jpeg']"
5827501347,44.973914,22.75817,2022-04-16T10:28,['5827501347_1'],['https://inaturalist-open-data.s3.amazonaws.com/photos/564640727/original.jpg']
3773110530,45.030065,13.701489,2022-05-01T10:37,"['3773110530_1', '3773110530_2', '3773110530_3', '3773110530_4', '3773110530_5']","['https://inaturalist-open-data.s3.amazonaws.com/photos/194630843/original.jpeg', 'https://inaturalist-open-data.s3.amazonaws.com/photos/194630040/original.jpeg', 'https://inaturalist-open-data.s3.amazonaws.com/photos/194631681/original.jpeg', 'https://inaturalist-open-data.s3.amazonaws.com/photos/194632669/original.jpeg', 'https://inaturalist-open-data.s3.amazonaws.com/photos/194632258/original.jpeg']"
3773413073,45.030065,13.701489,2022-05-01T10:33,"['3773413073_1', '3773413073_2', '3773413073_3', '3773413073_4', '3773413073_5', '3773413073_6']","['https://inaturalist-open-data.s3.amazonaws.com/photos/194350454/original.jpeg', 'https://inaturalist-open-data.s3.amazonaws.com/photos/194353774/original.jpeg', 'https://inaturalist-open-data.s3.amazonaws.com/photos/194357788/original.jpeg', 'https://inaturalist-open-data.s3.amazonaws.com/photos/194362629/original.jpeg', 'https://inaturalist-open-data.s3.amazonaws.com/photos/194365378/original.jpeg', 'https://inaturalist-open-data.s3.amazonaws.com/photos/194360455/original.jpeg']"
3773697646,46.406597,13.300483,2022-05-10T12:43:44,['3773697646_1'],['https://inaturalist-open-data.s3.amazonaws.com/photos/196564182/original.jpg']
3802738748,43.609437,21.485681,2022-05-18,['3802738748_1'],['https://inaturalist-open-data.s3.amazonaws.com/photos/200453929/original.jpeg']
3826818537,45.0,14.68,2022-05-02,"['3826818537_1', '3826818537_2', '3826818537_3']","['https://observation.org/photos/49042803.jpg', 'https://observation.org/photos/49042804.jpg', 'https://observation.org/photos/49042805.jpg']"
3827257634,45.0,14.68,2022-05-03,['3827257634_1'],['https://observation.org/photos/49042570.jpg']
3827281337,45.0,14.68,2022-05-02,['3827281337_1'],['https://observation.org/photos/49294396.jpg']
3858477973,42.803655,19.0,2022-05-07T14:47:07,['3858477973_1'],['https://inaturalist-open-data.s3.amazonaws.com/photos/206644821/original.jpeg']
3860606956,42.803655,19.0,2022-05-22T14:38:52,['3860606956_1'],['https://inaturalist-open-data.s3.amazonaws.com/photos/206631263/original.jpeg']
3860608983,42.811102,18.993125,2022-05-15T13:50:20,['3860608983_1'],['https://inaturalist-open-data.s3.amazonaws.com/photos/206633504/original.jpeg']
3903908802,45.083233,14.544923,2022-05-14,['3903908802_1'],['https://observation.org/photos/49734587.jpg']
3903909605,45.082264,14.549641,2022-05-14,['3903909605_1'],['https://observation.org/photos/49734588.jpg']
3904180667,41.65456,23.36673,2022-05-21,"['3904180667_1', '3904180667_2', '3904180667_3']","['https://observation.org/photos/50774112.jpg', 'https://observation.org/photos/50774113.jpg', 'https://observation.org/photos/50774114.jpg']"
3905048588,41.589593,23.222491,2022-05-21,"['3905048588_1', '3905048588_2']","['https://observation.org/photos/50772389.jpg', 'https://observation.org/photos/50772390.jpg']"
3905680740,40.807476,21.997238,2022-05-13,['3905680740_1'],['https://observation.org/photos/49541866.jpg']
3906011798,42.400429,27.433999,2022-05-28,"['3906011798_1', '3906011798_2', '3906011798_3']","['https://observation.org/photos/51134339.jpg', 'https://observation.org/photos/51134609.jpg', 'https://observation.org/photos/51134610.jpg']"
3906169902,42.214008,27.225838,2022-05-25,['3906169902_1'],['https://observation.org/photos/50909101.jpg']
3906802723,41.605863,23.208232,2022-05-21,"['3906802723_1', '3906802723_2', '3906802723_3']","['https://observation.org/photos/50769237.jpg', 'https://observation.org/photos/50769238.jpg', 'https://observation.org/photos/50769239.jpg']"
3995518777,41.91,25.91,2022-05-04,"['3995518777_1', '3995518777_2']","['https://observation.org/photos/51599690.jpg', 'https://observation.org/photos/51599695.jpg']"
3995653261,41.46,23.25,2022-05-01,"['3995653261_1', '3995653261_2', '3995653261_3', '3995653261_4']","['https://observation.org/photos/51366614.jpg', 'https://observation.org/photos/51366619.jpg', 'https://observation.org/photos/51366629.jpg', 'https://observation.org/photos/51366648.jpg']"
3995960817,45.995378,13.627208,2022-05-29,"['3995960817_1', '3995960817_2', '3995960817_3', '3995960817_4', '3995960817_5']","['https://observation.org/photos/51439997.jpg', 'https://observation.org/photos/51439999.jpg', 'https://observation.org/photos/51440000.jpg', 'https://observation.org/photos/51440001.jpg', 'https://observation.org/photos/51440002.jpg']"
3996000357,39.719,21.641797,2022-05-22,['3996000357_1'],['https://observation.org/photos/50128663.jpg']
3996198984,39.713291,19.750857,2022-05-15,['3996198984_1'],['https://observation.org/photos/50313561.jpg']
3996662996,46.31,13.87,2022-05-26,['3996662996_1'],['https://observation.org/photos/50850413.jpg']
3996701858,40.336609,23.972424,2022-05-26,['3996701858_1'],['https://observation.org/photos/50465508.jpg']
3996958968,41.46,23.25,2022-05-01,"['3996958968_1', '3996958968_2', '3996958968_3', '3996958968_4']","['https://observation.org/photos/51366293.jpg', 'https://observation.org/photos/51366301.jpg', 'https://observation.org/photos/51366312.jpg', 'https://observation.org/photos/51366315.jpg']"
3997170389,41.46,23.25,2022-05-01,"['3997170389_1', '3997170389_2', '3997170389_3', '3997170389_4']","['https://observation.org/photos/51367068.jpg', 'https://observation.org/photos/51367078.jpg', 'https://observation.org/photos/51367088.jpg', 'https://observation.org/photos/51367094.jpg']"
4116247787,46.254225,13.53246,2022-05-05T09:15,['4116247787_1'],['https://inaturalist-open-data.s3.amazonaws.com/photos/278023096/original.jpg']
4158038600,40.956718,21.356318,2022-05-09,['4158038600_1'],['https://observation.org/photos/49278873.jpg']
5237988830,44.770086,14.988094,2022-05-22T17:32,"['5237988830_1', '5237988830_2']","['https://inaturalist-open-data.s3.amazonaws.com/photos/541439362/original.jpg', 'https://inaturalist-open-data.s3.amazonaws.com/photos/541298394/original.jpg']"
5827624342,44.980808,22.61284,2022-05-01T11:00,['5827624342_1'],['https://inaturalist-open-data.s3.amazonaws.com/photos/564639682/original.jpg']
3858756714,43.394988,18.357196,2022-06-27T13:16:14,['3858756714_1'],['https://inaturalist-open-data.s3.amazonaws.com/photos/210426552/original.jpg']
3905753760,46.55,13.7,2022-06-06,['3905753760_1'],['https://observation.org/photos/51390105.jpg']
3905781232,46.55,13.7,2022-06-06,['3905781232_1'],['https://observation.org/photos/51390104.jpg']
6147724004,42.546507,19.825673,2022-06-28T13:44,"['6147724004_1', '6147724004_2']","['https://inaturalist-open-data.s3.amazonaws.com/photos/614545476/original.jpg', 'https://inaturalist-open-data.s3.amazonaws.com/photos/614545478/original.jpg']"
3873821377,43.872269,19.210009,2022-07-09T12:14,['3873821377_1'],['https://inaturalist-open-data.s3.amazonaws.com/photos/212750527/original.jpeg']
3873914516,43.609437,21.485682,2022-07-10T13:07:16,['3873914516_1'],['https://inaturalist-open-data.s3.amazonaws.com/photos/213005433/original.jpeg']
3904343170,43.033382,19.045212,2022-07-28,['3904343170_1'],['https://observation.org/photos/55424296.jpg']
3905146885,45.2,14.56,2022-07-30,"['3905146885_1', '3905146885_2']","['https://observation.org/photos/55666659.jpg', 'https://observation.org/photos/55666660.jpg']"
5282143943,43.323147,22.112247,2022-07-14T14:08:32,['5282143943_1'],['https://inaturalist-open-data.s3.amazonaws.com/photos/545943966/original.jpg']
6159260307,42.519308,19.864924,2022-07-02T17:21,['6159260307_1'],['https://inaturalist-open-data.s3.amazonaws.com/photos/615043246/original.jpg']
3903036270,44.859717,14.733731,2022-08-20T14:24:34,['3903036270_1'],['https://inaturalist-open-data.s3.amazonaws.com/photos/223931650/original.jpeg']
3997378664,42.472245,19.886541,2022-08-08,"['3997378664_1', '3997378664_2', '3997378664_3', '3997378664_4']","['https://observation.org/photos/57480647.jpg', 'https://observation.org/photos/57480648.jpg', 'https://observation.org/photos/57480649.jpg', 'https://observation.org/photos/57489776.jpg']"
4056266261,43.321005,18.707705,2022-08-07,['4056266261_1'],['https://observation.org/photos/56486163.jpg']
4156181632,43.321063,18.70773,2022-08-01,"['4156181632_1', '4156181632_2']","['https://observation.org/photos/55696573.jpg', 'https://observation.org/photos/55696574.jpg']"
4525178356,43.152101,19.2879,2022-08-15T14:19,['4525178356_1'],['https://inaturalist-open-data.s3.amazonaws.com/photos/351586748/original.jpg']
4886919586,41.636246,24.351088,2022-08-25,"['4886919586_1', '4886919586_2', '4886919586_3', '4886919586_4', '4886919586_5']","['https://observation.org/photos/86269893.jpg', 'https://observation.org/photos/86269894.jpg', 'https://observation.org/photos/86269895.jpg', 'https://observation.org/photos/86269896.jpg', 'https://observation.org/photos/86269897.jpg']"
3902358263,46.186055,13.716199,2022-09-03T17:33,"['3902358263_1', '3902358263_2', '3902358263_3', '3902358263_4']","['https://inaturalist-open-data.s3.amazonaws.com/photos/228499695/original.jpg', 'https://inaturalist-open-data.s3.amazonaws.com/photos/228499878/original.png', 'https://inaturalist-open-data.s3.amazonaws.com/photos/228499914/original.jpg', 'https://inaturalist-open-data.s3.amazonaws.com/photos/228500022/original.jpg']"
3903386042,44.606076,22.282217,2022-09-04T15:27,['3903386042_1'],['https://inaturalist-open-data.s3.amazonaws.com/photos/227853809/original.jpg']
3903461568,44.605938,22.282228,2022-09-04T15:31:50,['3903461568_1'],['https://inaturalist-open-data.s3.amazonaws.com/photos/229130994/original.jpeg']
3915493024,42.078648,20.643313,2022-09-25T13:48,['3915493024_1'],['https://inaturalist-open-data.s3.amazonaws.com/photos/232958601/original.jpeg']
3923264222,44.549597,16.073566,2022-09-30T11:51:19,"['3923264222_1', '3923264222_2']","['https://inaturalist-open-data.s3.amazonaws.com/photos/234405917/original.jpg', 'https://inaturalist-open-data.s3.amazonaws.com/photos/234405947/original.jpg']"
3961455914,44.899516,15.611245,2022-09-13,['3961455914_1'],['https://inaturalist-open-data.s3.amazonaws.com/photos/239942774/original.jpeg']
3986382390,42.996481,17.091962,2022-09-27T12:46:09,['3986382390_1'],['https://inaturalist-open-data.s3.amazonaws.com/photos/245666599/original.jpeg']
3995412756,45.04,13.82,2022-09-28,['3995412756_1'],['https://observation.org/photos/58545905.jpg']
3995938661,45.04,13.82,2022-09-28,['3995938661_1'],['https://observation.org/photos/58625294.jpg']
3996939330,42.668703,27.496719,2022-09-22,"['3996939330_1', '3996939330_2']","['https://observation.org/photos/58678802.jpg', 'https://observation.org/photos/58678803.jpg']"
4056396637,45.678806,13.786651,2022-09-15,['4056396637_1'],['https://observation.org/photos/58086431.jpg']
4056438662,39.332995,20.293984,2022-09-21,['4056438662_1'],['https://observation.org/photos/58262260.jpg']
4056675737,42.663578,27.483446,2022-09-22,"['4056675737_1', '4056675737_2', '4056675737_3']","['https://observation.org/photos/61339937.jpg', 'https://observation.org/photos/61339938.jpg', 'https://observation.org/photos/61339939.jpg']"
4157413454,46.36,11.32,2022-09-20,"['4157413454_1', '4157413454_2']","['https://observation.org/photos/63521979.jpg', 'https://observation.org/photos/63521980.jpg']"
4405409978,42.345439,19.100723,2022-09-15T11:03,['4405409978_1'],['https://inaturalist-open-data.s3.amazonaws.com/photos/313969506/original.jpeg']
4506273024,44.900067,15.611126,2022-09-10T22:47,['4506273024_1'],['https://inaturalist-open-data.s3.amazonaws.com/photos/342057192/original.jpeg']
4516890123,44.476556,15.006235,2022-09-26T16:04,['4516890123_1'],['https://inaturalist-open-data.s3.amazonaws.com/photos/348840196/original.jpeg']
5016556400,39.329948,20.302179,2022-09-21T00:00,['5016556400_1'],['https://live.staticflickr.com/65535/52713110046_3ce2ef98fe_b.jpg']
5062523032,44.606159,22.282243,2022-09-04T15:29:35,['5062523032_1'],['https://inaturalist-open-data.s3.amazonaws.com/photos/227720850/original.jpeg']
5062560123,44.606214,22.282198,2022-09-04T15:42:51,['5062560123_1'],['https://inaturalist-open-data.s3.amazonaws.com/photos/227830760/original.jpeg']
5087977940,43.026214,19.401194,2022-09-15T13:43:21,"['5087977940_1', '5087977940_2']","['https://inaturalist-open-data.s3.amazonaws.com/photos/476971688/original.jpeg', 'https://inaturalist-open-data.s3.amazonaws.com/photos/476971705/original.jpeg']"
3925261578,43.330698,16.825861,2022-10-10T11:35,"['3925261578_1', '3925261578_2']","['https://inaturalist-open-data.s3.amazonaws.com/photos/236298420/original.jpeg', 'https://inaturalist-open-data.s3.amazonaws.com/photos/236299135/original.jpeg']"
3947138318,42.543026,23.550194,2022-10-08T12:00,"['3947138318_1', '3947138318_2', '3947138318_3']","['https://inaturalist-open-data.s3.amazonaws.com/photos/237027237/original.jpg', 'https://inaturalist-open-data.s3.amazonaws.com/photos/237027289/original.jpg', 'https://inaturalist-open-data.s3.amazonaws.com/photos/237027513/original.jpg']"
3947601703,42.566894,19.133307,2022-10-19T12:00:33,"['3947601703_1', '3947601703_2']","['https://inaturalist-open-data.s3.amazonaws.com/photos/239383867/original.jpeg', 'https://inaturalist-open-data.s3.amazonaws.com/photos/239383877/original.jpeg']"
3961211912,45.400253,14.053878,2022-10-27T13:36:56,"['3961211912_1', '3961211912_2', '3961211912_3']","['https://inaturalist-open-data.s3.amazonaws.com/photos/239845322/original.jpg', 'https://inaturalist-open-data.s3.amazonaws.com/photos/239845359/original.jpg', 'https://inaturalist-open-data.s3.amazonaws.com/photos/239881724/original.jpg']"
3963460776,44.345988,15.484048,2022-10-23T13:11,"['3963460776_1', '3963460776_2']","['https://inaturalist-open-data.s3.amazonaws.com/photos/241378971/original.jpeg', 'https://inaturalist-open-data.s3.amazonaws.com/photos/241378980/original.jpeg']"
4067519408,43.726925,22.585791,2022-10-14T16:36:30,['4067519408_1'],['https://inaturalist-open-data.s3.amazonaws.com/photos/261698736/original.jpeg']
3994140653,45.207516,21.897544,2022-12-03,['3994140653_1'],['https://inaturalist-open-data.s3.amazonaws.com/photos/246250827/original.jpeg']
3044851285,45.839201,15.861691,2021-02-25T13:13,['3044851285_1'],['https://inaturalist-open-data.s3.amazonaws.com/photos/114005698/original.jpg']
5935381996,45.385678,14.340039,2021-03-26T11:48,"['5935381996_1', '5935381996_2']","['https://inaturalist-open-data.s3.amazonaws.com/photos/600492892/original.jpg', 'https://inaturalist-open-data.s3.amazonaws.com/photos/600493139/original.jpg']"
6422491046,45.165499,13.74397,2021-03-28T12:06,['6422491046_1'],['https://inaturalist-open-data.s3.amazonaws.com/photos/687683148/original.jpg']
6320992985,45.022134,13.712988,2021-04-01T13:10:24,['6320992985_1'],['https://inaturalist-open-data.s3.amazonaws.com/photos/661734222/original.jpg']
3112453337,46.293953,11.256147,2021-05-01T12:12:17,['3112453337_1'],['https://inaturalist-open-data.s3.amazonaws.com/photos/125075975/original.jpeg']
3112649315,46.322367,11.228432,2021-05-01T12:11:58,['3112649315_1'],['https://inaturalist-open-data.s3.amazonaws.com/photos/125063696/original.jpg']
3112874793,43.299095,22.18473,2021-05-03T12:05Z,"['3112874793_1', '3112874793_2']","['https://inaturalist-open-data.s3.amazonaws.com/photos/125779599/original.jpeg', 'https://inaturalist-open-data.s3.amazonaws.com/photos/125779616/original.jpeg']"
3113375708,46.33606,11.273091,2021-05-06T13:42,"['3113375708_1', '3113375708_2', '3113375708_3']","['https://inaturalist-open-data.s3.amazonaws.com/photos/128460138/original.jpg', 'https://inaturalist-open-data.s3.amazonaws.com/photos/128460605/original.jpg', 'https://inaturalist-open-data.s3.amazonaws.com/photos/128460638/original.jpg']"
3124703533,46.384872,13.180663,2021-05-20T14:50:28,['3124703533_1'],['https://inaturalist-open-data.s3.amazonaws.com/photos/130412016/original.jpeg']
3302438199,44.631418,15.690198,2021-06-07T10:00,"['3302438199_1', '3302438199_2']","['https://inaturalist-open-data.s3.amazonaws.com/photos/134906951/original.jpg', 'https://inaturalist-open-data.s3.amazonaws.com/photos/134907145/original.jpg']"
3307218149,46.102476,14.387176,2021-06-12T11:36,"['3307218149_1', '3307218149_2', '3307218149_3']","['https://inaturalist-open-data.s3.amazonaws.com/photos/136236396/original.jpg', 'https://inaturalist-open-data.s3.amazonaws.com/photos/136237055/original.jpg', 'https://inaturalist-open-data.s3.amazonaws.com/photos/136237056/original.jpg']"
3705681526,46.399966,11.255217,2021-06-07T16:06,['3705681526_1'],['https://inaturalist-open-data.s3.amazonaws.com/photos/180700145/original.jpeg']
3705715498,46.39331,11.206167,2021-06-07T15:56,['3705715498_1'],['https://inaturalist-open-data.s3.amazonaws.com/photos/180700123/original.jpeg']
3705740505,46.356309,11.300555,2021-06-07T17:22,"['3705740505_1', '3705740505_2']","['https://inaturalist-open-data.s3.amazonaws.com/photos/180700181/original.jpeg', 'https://inaturalist-open-data.s3.amazonaws.com/photos/180702509/original.jpeg']"
3759707557,42.476323,23.567629,2021-06-18T16:42Z,"['3759707557_1', '3759707557_2', '3759707557_3']","['https://inaturalist-open-data.s3.amazonaws.com/photos/185696003/original.jpg', 'https://inaturalist-open-data.s3.amazonaws.com/photos/185696111/original.jpg', 'https://inaturalist-open-data.s3.amazonaws.com/photos/185696215/original.jpg']"
6422069814,44.843361,14.970311,2021-06-28T21:49,['6422069814_1'],['https://inaturalist-open-data.s3.amazonaws.com/photos/686071654/original.jpg']
3325557966,42.569067,19.595185,2021-07-04T18:02:48,['3325557966_1'],['https://inaturalist-open-data.s3.amazonaws.com/photos/140945180/original.jpeg']
3327981655,44.8978,22.425864,2021-07-09T15:11:59,['3327981655_1'],['https://inaturalist-open-data.s3.amazonaws.com/photos/142107772/original.jpeg']
3333438570,44.280417,16.08627,2021-07-16T12:20,['3333438570_1'],['https://inaturalist-open-data.s3.amazonaws.com/photos/147057767/original.jpg']
3903058908,45.092064,14.539856,2021-07-28T06:51:24,['3903058908_1'],['https://inaturalist-open-data.s3.amazonaws.com/photos/227277658/original.jpg']
4458406227,45.978149,22.913746,2021-07-09T20:41,['4458406227_1'],['https://inaturalist-open-data.s3.amazonaws.com/photos/338375695/original.jpg']
6133223497,42.500343,19.819023,2021-07-04T15:52,['6133223497_1'],['https://inaturalist-open-data.s3.amazonaws.com/photos/611697801/original.jpg']
6320748578,41.892733,19.376256,2021-07-28T21:37:05,['6320748578_1'],['https://inaturalist-open-data.s3.amazonaws.com/photos/661726854/original.jpg']
6422931928,44.819979,15.062168,2021-07-09T11:28,"['6422931928_1', '6422931928_2', '6422931928_3', '6422931928_4']","['https://inaturalist-open-data.s3.amazonaws.com/photos/686176831/original.jpg', 'https://inaturalist-open-data.s3.amazonaws.com/photos/686179704/original.jpg', 'https://inaturalist-open-data.s3.amazonaws.com/photos/686179735/original.jpg', 'https://inaturalist-open-data.s3.amazonaws.com/photos/686179848/original.jpg']"
3355784665,44.630101,15.559876,2021-08-29T21:57Z,['3355784665_1'],['https://inaturalist-open-data.s3.amazonaws.com/photos/154819963/original.jpg']
3415504583,44.893566,22.427387,2021-08-27,['3415504583_1'],['https://inaturalist-open-data.s3.amazonaws.com/photos/169372843/original.jpeg']
3873331215,43.002384,19.460074,2021-08-21T17:13,"['3873331215_1', '3873331215_2', '3873331215_3', '3873331215_4', '3873331215_5']","['https://inaturalist-open-data.s3.amazonaws.com/photos/215272788/original.jpeg', 'https://inaturalist-open-data.s3.amazonaws.com/photos/215272835/original.jpeg', 'https://inaturalist-open-data.s3.amazonaws.com/photos/215272863/original.jpeg', 'https://inaturalist-open-data.s3.amazonaws.com/photos/215272907/original.jpeg', 'https://inaturalist-open-data.s3.amazonaws.com/photos/215272941/original.jpeg']"
3904022758,45.11,14.61,2021-08-09,['3904022758_1'],['https://observation.org/photos/53619820.jpg']
6151726643,42.400074,19.647993,2021-08-10,['6151726643_1'],['https://observation.org/photos/124396333.jpg']
3355132670,43.078926,16.692633,2021-09-02T16:07:12,['3355132670_1'],['https://inaturalist-open-data.s3.amazonaws.com/photos/154773385/original.jpg']
3399483528,44.992945,14.676694,2021-09-18T13:53,['3399483528_1'],['https://inaturalist-open-data.s3.amazonaws.com/photos/164463186/original.jpg']
3995518927,43.329286,17.065869,2021-09-08,"['3995518927_1', '3995518927_2']","['https://observation.org/photos/51651782.jpg', 'https://observation.org/photos/51651783.jpg']"
4430702136,42.871649,17.504298,2021-09-18T17:18,"['4430702136_1', '4430702136_2']","['https://inaturalist-open-data.s3.amazonaws.com/photos/329440933/original.jpg', 'https://inaturalist-open-data.s3.amazonaws.com/photos/329440981/original.jpg']"
3723184074,41.649794,25.104623,2021-10-27,"['3723184074_1', '3723184074_2']","['https://observation.org/photos/45530711.jpg', 'https://observation.org/photos/45530876.jpg']"
3923652276,42.881966,23.374996,2021-10-03T19:03:24,['3923652276_1'],['https://inaturalist-open-data.s3.amazonaws.com/photos/234291678/original.jpeg']
2596186097,46.278319,13.031575,2020-03-17T15:42,['2596186097_1'],['https://inaturalist-open-data.s3.amazonaws.com/photos/64588477/original.jpg']
2596414004,46.235152,13.012653,2020-03-31T14:31,['2596414004_1'],['https://inaturalist-open-data.s3.amazonaws.com/photos/65184715/original.jpg']
3822459736,42.93145,27.21648,2020-04-19,"['3822459736_1', '3822459736_2', '3822459736_3']","['https://observation.org/photos/25915053.jpg', 'https://observation.org/photos/25915054.jpg', 'https://observation.org/photos/25915055.jpg']"
2626232098,46.458666,11.339832,2020-05-20T19:53:32,"['2626232098_1', '2626232098_2', '2626232098_3']","['https://inaturalist-open-data.s3.amazonaws.com/photos/74058744/original.jpg', 'https://inaturalist-open-data.s3.amazonaws.com/photos/74058752/original.jpg', 'https://inaturalist-open-data.s3.amazonaws.com/photos/74058757/original.jpg']"
2634225844,46.30842,11.226155,2020-05-22T13:06:15,['2634225844_1'],['https://inaturalist-open-data.s3.amazonaws.com/photos/74282198/original.jpg']
2803141586,42.770733,23.566422,2020-05-11T14:14,['2803141586_1'],['https://inaturalist-open-data.s3.amazonaws.com/photos/80955441/original.jpeg']
2862644347,43.251065,22.131228,2020-05-01T11:04:32,['2862644347_1'],['https://inaturalist-open-data.s3.amazonaws.com/photos/94435396/original.jpeg']
3822489617,42.380508,26.163027,2020-05-09,['3822489617_1'],['https://observation.org/photos/26598329.jpg']
3825245697,42.39077,26.252615,2020-05-02,['3825245697_1'],['https://observation.org/photos/26265071.jpg']
3825372705,42.60656,25.643698,2020-05-10,['3825372705_1'],['https://observation.org/photos/26598328.jpg']
5935317103,42.386266,18.916884,2020-05-31,['5935317103_1'],['https://inaturalist-open-data.s3.amazonaws.com/photos/603303467/original.jpg']
2802651884,42.619821,18.593742,2020-06-23T09:07:54,['2802651884_1'],['https://inaturalist-open-data.s3.amazonaws.com/photos/80465481/original.jpeg']
2803128081,46.06297,14.289353,2020-06-15T17:58:38,"['2803128081_1', '2803128081_2']","['https://inaturalist-open-data.s3.amazonaws.com/photos/78994448/original.jpg', 'https://inaturalist-open-data.s3.amazonaws.com/photos/79436218/original.jpeg']"
2813931993,42.604154,19.164374,2020-06-29T08:09:56,['2813931993_1'],['https://inaturalist-open-data.s3.amazonaws.com/photos/81639958/original.jpeg']
2814443594,46.070498,14.299054,2020-06-26T19:12,['2814443594_1'],['https://inaturalist-open-data.s3.amazonaws.com/photos/81562356/original.jpeg']
3005105101,42.572717,19.230804,2020-06-29T08:13:20,['3005105101_1'],['https://inaturalist-open-data.s3.amazonaws.com/photos/107518593/original.jpeg']
3079623517,46.308966,13.28888,2020-06-30T14:20,"['3079623517_1', '3079623517_2', '3079623517_3', '3079623517_4', '3079623517_5', '3079623517_6']","['https://inaturalist-open-data.s3.amazonaws.com/photos/118819616/original.jpg', 'https://inaturalist-open-data.s3.amazonaws.com/photos/118820624/original.jpg', 'https://inaturalist-open-data.s3.amazonaws.com/photos/118820634/original.jpg', 'https://inaturalist-open-data.s3.amazonaws.com/photos/118820644/original.jpg', 'https://inaturalist-open-data.s3.amazonaws.com/photos/118820655/original.jpg', 'https://inaturalist-open-data.s3.amazonaws.com/photos/118820661/original.jpg']"
3455608008,44.193811,16.050776,2020-06-18T02:06,"['3455608008_1', '3455608008_2']","['https://inaturalist-open-data.s3.amazonaws.com/photos/173092791/original.jpg', 'https://inaturalist-open-data.s3.amazonaws.com/photos/173092903/original.jpg']"
4399908433,46.53958,13.732608,2020-06-13T10:20,"['4399908433_1', '4399908433_2', '4399908433_3']","['https://inaturalist-open-data.s3.amazonaws.com/photos/312543787/original.jpg', 'https://inaturalist-open-data.s3.amazonaws.com/photos/312543795/original.jpg', 'https://inaturalist-open-data.s3.amazonaws.com/photos/312543783/original.jpg']"
5935535087,42.374219,18.925381,2020-06-08,['5935535087_1'],['https://inaturalist-open-data.s3.amazonaws.com/photos/603303461/original.jpg']
6131161103,46.070492,14.298945,2020-06-26T19:12:36,"['6131161103_1', '6131161103_2']","['https://inaturalist-open-data.s3.amazonaws.com/photos/490378883/original.jpg', 'https://inaturalist-open-data.s3.amazonaws.com/photos/490378911/original.jpg']"
6184766865,44.505387,22.100349,2020-06-08T15:31,['6184766865_1'],['https://inaturalist-open-data.s3.amazonaws.com/photos/626660009/original.jpg']
2814451974,43.339386,22.174592,2020-07-04T00:00,"['2814451974_1', '2814451974_2']","['https://inaturalist-open-data.s3.amazonaws.com/photos/82844690/original.jpeg', 'https://inaturalist-open-data.s3.amazonaws.com/photos/82844724/original.jpeg']"
2826388751,46.338319,13.579974,2020-07-24T12:02,"['2826388751_1', '2826388751_2', '2826388751_3']","['https://inaturalist-open-data.s3.amazonaws.com/photos/86149275/original.jpeg', 'https://inaturalist-open-data.s3.amazonaws.com/photos/86149501/original.jpeg', 'https://inaturalist-open-data.s3.amazonaws.com/photos/86149792/original.jpeg']"
3090977905,43.322924,18.706836,2020-07-28T09:27,['3090977905_1'],['https://inaturalist-open-data.s3.amazonaws.com/photos/120934080/original.jpg']
3415388117,43.291769,20.630125,2020-07-19T13:41:21,['3415388117_1'],['https://inaturalist-open-data.s3.amazonaws.com/photos/167562300/original.jpeg']
3728755145,43.152617,21.347081,2020-07-22,"['3728755145_1', '3728755145_2', '3728755145_3']","['https://observation.org/photos/35368490.jpg', 'https://observation.org/photos/35368491.jpg', 'https://observation.org/photos/35368492.jpg']"
4506264687,46.504872,13.682278,2020-07-05T09:50,['4506264687_1'],['https://inaturalist-open-data.s3.amazonaws.com/photos/341794000/original.jpg']
5008258085,44.866422,22.414752,2020-07-13T13:52,['5008258085_1'],['https://inaturalist-open-data.s3.amazonaws.com/photos/458625189/original.jpg']
2850803450,44.990264,13.818156,2020-08-06T19:17,['2850803450_1'],['https://inaturalist-open-data.s3.amazonaws.com/photos/89603104/original.jpeg']
2851107170,46.070544,14.29895,2020-08-10T18:38,"['2851107170_1', '2851107170_2', '2851107170_3']","['https://inaturalist-open-data.s3.amazonaws.com/photos/89288256/original.jpeg', 'https://inaturalist-open-data.s3.amazonaws.com/photos/89288276/original.jpeg', 'https://inaturalist-open-data.s3.amazonaws.com/photos/89288288/original.jpeg']"
2856844481,45.784432,14.256756,2020-08-14T10:27,['2856844481_1'],['https://inaturalist-open-data.s3.amazonaws.com/photos/92148452/original.jpg']
2856861475,45.061291,14.740906,2020-08-15T09:47,['2856861475_1'],['https://inaturalist-open-data.s3.amazonaws.com/photos/92148609/original.jpg']
2860061539,42.734975,19.333207,2020-08-22T11:02:06,['2860061539_1'],['https://inaturalist-open-data.s3.amazonaws.com/photos/91423297/original.jpg']
4516253120,45.694603,14.307676,2020-08-07T12:13,['4516253120_1'],['https://inaturalist-open-data.s3.amazonaws.com/photos/347911901/original.jpg']
5282403850,44.486189,15.191745,2020-08-22T10:15,"['5282403850_1', '5282403850_2', '5282403850_3']","['https://inaturalist-open-data.s3.amazonaws.com/photos/545989514/original.jpg', 'https://inaturalist-open-data.s3.amazonaws.com/photos/545989516/original.jpg', 'https://inaturalist-open-data.s3.amazonaws.com/photos/545989541/original.jpg']"
6422824845,44.049655,16.424798,2020-08-08T12:31,['6422824845_1'],['https://inaturalist-open-data.s3.amazonaws.com/photos/685544338/original.jpg']
3925474690,44.839256,22.729193,2020-09-14T15:13,"['3925474690_1', '3925474690_2', '3925474690_3', '3925474690_4']","['https://inaturalist-open-data.s3.amazonaws.com/photos/236527133/original.jpg', 'https://inaturalist-open-data.s3.amazonaws.com/photos/236527151/original.jpg', 'https://inaturalist-open-data.s3.amazonaws.com/photos/236527163/original.jpg', 'https://inaturalist-open-data.s3.amazonaws.com/photos/236527176/original.jpg']"
2883042165,44.21735,19.631836,2020-10-04T15:21:33,"['2883042165_1', '2883042165_2', '2883042165_3']","['https://inaturalist-open-data.s3.amazonaws.com/photos/98761988/original.jpg', 'https://inaturalist-open-data.s3.amazonaws.com/photos/98761985/original.jpg', 'https://inaturalist-open-data.s3.amazonaws.com/photos/98761979/original.jpg']"
2883146572,43.848381,19.459444,2020-10-04,['2883146572_1'],['https://inaturalist-open-data.s3.amazonaws.com/photos/98923850/original.jpeg']
3825352913,42.217484,26.150091,2020-10-24,['3825352913_1'],['https://observation.org/photos/31748138.jpg']
2331915344,44.644875,17.132883,2019-03-25T10:23,['2331915344_1'],['https://inaturalist-open-data.s3.amazonaws.com/photos/47242993/original.jpeg']
2366117516,44.749709,17.184109,2019-03-23T11:20,['2366117516_1'],['https://inaturalist-open-data.s3.amazonaws.com/photos/48769297/original.jpeg']
3005220057,44.701469,17.188026,2019-03-23T11:20,['3005220057_1'],['https://inaturalist-open-data.s3.amazonaws.com/photos/107452079/original.jpeg']
2236258449,43.281701,22.064032,2019-04-07T12:02,['2236258449_1'],['https://inaturalist-open-data.s3.amazonaws.com/photos/34376336/original.jpeg']
2833524631,46.36,11.31,2019-04-20,"['2833524631_1', '2833524631_2', '2833524631_3', '2833524631_4', '2833524631_5']","['https://observation.org/photos/20308206.jpg', 'https://observation.org/photos/20308215.jpg', 'https://observation.org/photos/20308217.jpg', 'https://observation.org/photos/20308220.jpg', 'https://observation.org/photos/20308221.jpg']"
2837530780,46.36,11.32,2019-04-20,['2837530780_1'],['https://observation.org/photos/20308183.jpg']
2841934220,46.42,11.35,2019-04-17,"['2841934220_1', '2841934220_2', '2841934220_3']","['https://observation.org/photos/20285611.jpg', 'https://observation.org/photos/20285618.jpg', 'https://observation.org/photos/20285627.jpg']"
3455786439,44.202074,15.860753,2019-04-20T12:00Z,['3455786439_1'],['https://inaturalist-open-data.s3.amazonaws.com/photos/175608550/original.jpg']
4054908746,43.493225,22.799353,2019-04-04T13:44:10,['4054908746_1'],['https://inaturalist-open-data.s3.amazonaws.com/photos/258674197/original.jpeg']
4416723093,44.634465,22.008892,2019-04-27T10:25,['4416723093_1'],['https://inaturalist-open-data.s3.amazonaws.com/photos/322833155/original.jpeg']
4458471604,44.824692,21.556531,2019-04-26T15:21,['4458471604_1'],['https://inaturalist-open-data.s3.amazonaws.com/photos/338571232/original.jpeg']
4458473607,44.907325,21.681947,2019-04-26T14:30,['4458473607_1'],['https://inaturalist-open-data.s3.amazonaws.com/photos/338578325/original.jpeg']
2833678504,41.934482,26.1165,2019-05-16,"['2833678504_1', '2833678504_2', '2833678504_3']","['https://observation.org/photos/20946682.jpg', 'https://observation.org/photos/20946686.jpg', 'https://observation.org/photos/20946688.jpg']"
2834004674,46.55,13.7,2019-05-31,['2834004674_1'],['https://observation.org/photos/21068928.jpg']
2834287499,42.015002,26.188585,2019-05-16,"['2834287499_1', '2834287499_2', '2834287499_3']","['https://observation.org/photos/20946778.jpg', 'https://observation.org/photos/20946779.jpg', 'https://observation.org/photos/20946780.jpg']"
3718752198,38.626616,20.92701,2019-05-09,['3718752198_1'],['https://observation.org/photos/32572470.jpg']
3923592079,46.50368,13.68298,2019-05-24T10:01,"['3923592079_1', '3923592079_2', '3923592079_3', '3923592079_4']","['https://inaturalist-open-data.s3.amazonaws.com/photos/233931721/original.jpeg', 'https://inaturalist-open-data.s3.amazonaws.com/photos/233932262/original.jpeg', 'https://inaturalist-open-data.s3.amazonaws.com/photos/233932787/original.jpeg', 'https://inaturalist-open-data.s3.amazonaws.com/photos/233933232/original.jpeg']"
4516733615,45.084503,14.682631,2019-05-31T20:22,['4516733615_1'],['https://inaturalist-open-data.s3.amazonaws.com/photos/347911864/original.jpg']
2294623070,46.228761,11.281321,2019-06-12T15:00,"['2294623070_1', '2294623070_2']","['https://inaturalist-open-data.s3.amazonaws.com/photos/45717431/original.jpg', 'https://inaturalist-open-data.s3.amazonaws.com/photos/45717963/original.jpg']"
2834024011,43.729233,15.837339,2019-06-05,['2834024011_1'],['https://observation.org/photos/21251673.jpg']
2841444526,46.65,13.85,2019-06-01,['2841444526_1'],['https://observation.org/photos/21093312.jpg']
2843102479,42.375116,18.839164,2019-06-06,['2843102479_1'],['https://observation.org/photos/23583321.jpg']
2844668949,39.708088,19.819513,2019-06-18,['2844668949_1'],['https://observation.org/photos/21485007.jpg']
3825430437,42.391945,26.127222,2019-06-09,"['3825430437_1', '3825430437_2']","['https://observation.org/photos/21377417.jpg', 'https://observation.org/photos/21377418.jpg']"
5168544492,46.498123,13.718311,2019-06-17,['5168544492_1'],['https://inaturalist-open-data.s3.amazonaws.com/photos/510190312/original.jpg']
2311351179,43.278343,22.571689,2019-07-20T11:35,"['2311351179_1', '2311351179_2', '2311351179_3']","['https://inaturalist-open-data.s3.amazonaws.com/photos/46361459/original.jpg', 'https://inaturalist-open-data.s3.amazonaws.com/photos/46361812/original.jpg', 'https://inaturalist-open-data.s3.amazonaws.com/photos/46361889/original.jpg']"
2836142680,42.429504,19.971022,2019-07-08,['2836142680_1'],['https://observation.org/photos/63961491.jpg']
2838003582,42.44,27.46,2019-07-12,"['2838003582_1', '2838003582_2', '2838003582_3']","['https://observation.org/photos/22815820.jpg', 'https://observation.org/photos/22815821.jpg', 'https://observation.org/photos/22815822.jpg']"
2331856825,43.556972,19.072617,2019-08-02T08:23:53,"['2331856825_1', '2331856825_2']","['https://inaturalist-open-data.s3.amazonaws.com/photos/46900435/original.jpg', 'https://inaturalist-open-data.s3.amazonaws.com/photos/46900521/original.jpg']"
2838708573,46.65,13.85,2019-08-12,"['2838708573_1', '2838708573_2', '2838708573_3']","['https://observation.org/photos/30408016.jpg', 'https://observation.org/photos/30408019.jpg', 'https://observation.org/photos/30408020.jpg']"
3718504225,46.65,13.85,2019-08-12,['3718504225_1'],['https://observation.org/photos/31988864.jpg']
4946583884,45.603501,14.888351,2019-08-14T13:02,['4946583884_1'],['https://inaturalist-open-data.s3.amazonaws.com/photos/427086082/original.jpg']
6469951871,46.683031,13.818476,2019-08-12T10:03,['6469951871_1'],['https://inaturalist-open-data.s3.amazonaws.com/photos/703864991/original.jpg']
2423170381,46.282303,11.317457,2019-09-21T10:38:24,['2423170381_1'],['https://inaturalist-open-data.s3.amazonaws.com/photos/52002603/original.jpeg']
2429533552,42.701716,18.304851,2019-09-27,['2429533552_1'],['https://inaturalist-open-data.s3.amazonaws.com/photos/53725673/original.jpg']
2842202957,44.962705,22.479818,2019-09-04,['2842202957_1'],['https://observation.org/photos/23293982.jpg']
3873557967,42.727649,19.341191,2019-09-29T11:54,['3873557967_1'],['https://inaturalist-open-data.s3.amazonaws.com/photos/213417025/original.jpeg']
4430676776,42.873136,17.504923,2019-09-25T11:18,"['4430676776_1', '4430676776_2']","['https://inaturalist-open-data.s3.amazonaws.com/photos/329153823/original.jpeg', 'https://inaturalist-open-data.s3.amazonaws.com/photos/329153869/original.jpeg']"
3456008879,46.338183,13.507462,2019-10-10T14:50,['3456008879_1'],['https://inaturalist-open-data.s3.amazonaws.com/photos/170955559/original.jpg']
3925068492,45.305672,14.536638,2019-11-02T15:43:06,['3925068492_1'],['https://inaturalist-open-data.s3.amazonaws.com/photos/223891642/original.jpg']
1841222086,46.400717,11.20629,2018-04-28T12:00,"['1841222086_1', '1841222086_2', '1841222086_3']","['https://inaturalist-open-data.s3.amazonaws.com/photos/16577665/original.jpg', 'https://inaturalist-open-data.s3.amazonaws.com/photos/16578159/original.jpg', 'https://inaturalist-open-data.s3.amazonaws.com/photos/16578402/original.jpg']"
1841222284,46.502873,11.234389,2018-04-28T12:13,"['1841222284_1', '1841222284_2']","['https://inaturalist-open-data.s3.amazonaws.com/photos/16579273/original.jpg', 'https://inaturalist-open-data.s3.amazonaws.com/photos/16579504/original.jpg']"
2294556564,46.081567,14.330811,2018-04-14T17:54,['2294556564_1'],['https://inaturalist-open-data.s3.amazonaws.com/photos/45307623/original.jpg']
3997342840,41.730368,23.148943,2018-04-19,['3997342840_1'],['https://observation.org/photos/59320015.jpg']
4156552682,41.730612,23.148563,2018-04-20,['4156552682_1'],['https://observation.org/photos/63220551.jpg']
4596868998,43.912786,20.190719,2018-04-10,['4596868998_1'],['https://inaturalist-open-data.s3.amazonaws.com/photos/356175588/original.jpg']
1847509866,46.366664,11.319264,2018-05-13T11:59,['1847509866_1'],['https://inaturalist-open-data.s3.amazonaws.com/photos/17910568/original.jpg']
2834396240,36.490084,23.068464,2018-05-04,"['2834396240_1', '2834396240_2', '2834396240_3']","['https://observation.org/photos/24325341.jpg', 'https://observation.org/photos/24325342.jpg', 'https://observation.org/photos/24325343.jpg']"
2836698957,41.331764,22.047886,2018-05-24,['2836698957_1'],['https://observation.org/photos/17443802.jpg']
2999077922,42.170538,20.829087,2018-05-09T11:29,['2999077922_1'],['https://inaturalist-open-data.s3.amazonaws.com/photos/106768235/original.jpeg']
3005184041,41.862209,19.351037,2018-05-11T15:11,['3005184041_1'],['https://inaturalist-open-data.s3.amazonaws.com/photos/107439157/original.jpg']
3124507660,42.265017,21.089264,2018-05-10T11:34,['3124507660_1'],['https://inaturalist-open-data.s3.amazonaws.com/photos/130451671/original.jpeg']
3124751433,42.170564,20.829182,2018-05-09T11:28,['3124751433_1'],['https://inaturalist-open-data.s3.amazonaws.com/photos/131737050/original.jpeg']
5005183157,40.878272,26.015067,2018-05-23,['5005183157_1'],['https://observation.org/photos/109333358.jpg']
5909391621,42.396562,18.800866,2018-05-19T15:49:40,"['5909391621_1', '5909391621_2', '5909391621_3', '5909391621_4', '5909391621_5']","['https://inaturalist-open-data.s3.amazonaws.com/photos/596133412/original.jpg', 'https://inaturalist-open-data.s3.amazonaws.com/photos/596133443/original.jpg', 'https://inaturalist-open-data.s3.amazonaws.com/photos/596133473/original.jpg', 'https://inaturalist-open-data.s3.amazonaws.com/photos/596133514/original.jpg', 'https://inaturalist-open-data.s3.amazonaws.com/photos/596133533/original.jpg']"
5936002832,45.244175,14.205675,2018-05-12T15:15,['5936002832_1'],['https://inaturalist-open-data.s3.amazonaws.com/photos/600950313/original.jpg']
1914350345,44.016521,21.005859,2018-06-01T09:38,['1914350345_1'],['https://inaturalist-open-data.s3.amazonaws.com/photos/25939854/original.jpeg']
2540877950,43.364226,19.730245,2018-06-20T11:17,['2540877950_1'],['https://inaturalist-open-data.s3.amazonaws.com/photos/58498074/original.jpeg']
2836488013,40.869131,20.989238,2018-06-18,['2836488013_1'],['https://observation.org/photos/19074038.jpg']
4006554006,46.30851,12.776765,2018-07-04T23:54,['4006554006_1'],['https://inaturalist-open-data.s3.amazonaws.com/photos/248143458/original.jpg']
4006628308,45.071459,13.880038,2018-07-04T08:21:06Z,['4006628308_1'],['https://inaturalist-open-data.s3.amazonaws.com/photos/21008840/original.jpeg']
5018281699,46.284027,13.85994,2018-07-25T00:00,"['5018281699_1', '5018281699_2']","['https://live.staticflickr.com/4857/46207779491_284590f934_b.jpg', 'https://live.staticflickr.com/940/28747215407_8a47a8a785_b.jpg']"
2843755663,42.653889,18.112223,2018-08-16,['2843755663_1'],['https://observation.org/photos/18141386.jpg']
4867717019,44.779645,15.014313,2018-08-05T16:13,"['4867717019_1', '4867717019_2', '4867717019_3', '4867717019_4']","['https://inaturalist-open-data.s3.amazonaws.com/photos/382691209/original.jpg', 'https://inaturalist-open-data.s3.amazonaws.com/photos/382691924/original.jpg', 'https://inaturalist-open-data.s3.amazonaws.com/photos/382692246/original.jpg', 'https://inaturalist-open-data.s3.amazonaws.com/photos/382692814/original.jpg']"
5063954572,41.942016,19.341404,2018-08-03T10:09,['5063954572_1'],['https://inaturalist-open-data.s3.amazonaws.com/photos/468620731/original.jpg']
5064005850,42.406669,19.829158,2018-08-10T14:44,['5064005850_1'],['https://inaturalist-open-data.s3.amazonaws.com/photos/468670257/original.jpeg']
5920136873,46.347226,13.600658,2018-08-27T15:24,['5920136873_1'],['https://inaturalist-open-data.s3.amazonaws.com/photos/598251293/original.jpg']
2833408887,44.331928,15.500569,2018-09-02,"['2833408887_1', '2833408887_2']","['https://observation.org/photos/18640295.jpg', 'https://observation.org/photos/18640296.jpg']"
5016495283,41.10471,24.740181,2018-09-19T00:00,"['5016495283_1', '5016495283_2']","['https://live.staticflickr.com/1927/30937453118_91e012c9dd_b.jpg', 'https://live.staticflickr.com/1892/30937454888_a52973a2d1_b.jpg']"
1920828637,43.418302,16.760086,2018-10-02T14:04:58,['1920828637_1'],['https://inaturalist-open-data.s3.amazonaws.com/photos/26346629/original.jpg']
2242876293,43.231095,22.100572,2018-10-27T13:29,"['2242876293_1', '2242876293_2', '2242876293_3']","['https://inaturalist-open-data.s3.amazonaws.com/photos/38184689/original.jpeg', 'https://inaturalist-open-data.s3.amazonaws.com/photos/38184754/original.jpeg', 'https://inaturalist-open-data.s3.amazonaws.com/photos/38184887/original.jpeg']"
4881661855,43.305814,17.034186,2018-10-03,['4881661855_1'],['https://observation.org/photos/87931959.jpg']
5168163164,43.14085,16.752964,2018-10-03T12:11:22,"['5168163164_1', '5168163164_2']","['https://inaturalist-open-data.s3.amazonaws.com/photos/507773495/original.jpg', 'https://inaturalist-open-data.s3.amazonaws.com/photos/507773537/original.jpg']"
5938311177,46.283816,13.857563,2018-10-09T09:40,['5938311177_1'],['https://inaturalist-open-data.s3.amazonaws.com/photos/603771883/original.jpg']
1453525831,46.265211,13.065127,2017-03-18T16:59,['1453525831_1'],['https://inaturalist-open-data.s3.amazonaws.com/photos/6634845/original.png']
2265841504,46.661746,14.185522,2017-04-10T13:17,['2265841504_1'],['https://inaturalist-open-data.s3.amazonaws.com/photos/41418781/original.jpeg']
2840030899,39.8143,19.849,2017-04-22,"['2840030899_1', '2840030899_2']","['https://observation.org/photos/13322292.jpg', 'https://observation.org/photos/13322293.jpg']"
2840273568,42.14,24.34,2017-04-28,"['2840273568_1', '2840273568_2', '2840273568_3']","['https://observation.org/photos/13371275.jpg', 'https://observation.org/photos/13371276.jpg', 'https://observation.org/photos/13371277.jpg']"
2843416624,42.14,24.34,2017-04-28,"['2843416624_1', '2843416624_2', '2843416624_3', '2843416624_4', '2843416624_5']","['https://observation.org/photos/13371295.jpg', 'https://observation.org/photos/13371296.jpg', 'https://observation.org/photos/13371297.jpg', 'https://observation.org/photos/13371298.jpg', 'https://observation.org/photos/13371299.jpg']"
3903619386,45.318911,24.261895,2017-04-01T11:05,"['3903619386_1', '3903619386_2']","['https://inaturalist-open-data.s3.amazonaws.com/photos/228226731/original.jpg', 'https://inaturalist-open-data.s3.amazonaws.com/photos/228227397/original.jpg']"
3904579342,45.99,13.63,2017-04-14,"['3904579342_1', '3904579342_2']","['https://observation.org/photos/51527023.jpg', 'https://observation.org/photos/51527024.jpg']"
4408587033,42.242625,19.104092,2017-04-30,['4408587033_1'],['https://observation.org/photos/70547607.jpg']
5061605535,46.0,13.61,2017-04-14,"['5061605535_1', '5061605535_2']","['https://observation.org/photos/110856140.jpg', 'https://observation.org/photos/110856141.jpg']"
5087176113,43.94558,15.549816,2017-04-29T16:06,['5087176113_1'],['https://inaturalist-open-data.s3.amazonaws.com/photos/472776362/original.jpeg']
6412978642,45.170782,13.998505,2017-04-13T17:13,['6412978642_1'],['https://inaturalist-open-data.s3.amazonaws.com/photos/683330907/original.jpg']
1562948321,46.201914,11.216973,2017-05-17T09:10:29,['1562948321_1'],['https://inaturalist-open-data.s3.amazonaws.com/photos/7851690/original.jpg']
1562948422,46.325417,11.233242,2017-05-17T09:02:34,['1562948422_1'],['https://inaturalist-open-data.s3.amazonaws.com/photos/7851667/original.jpg']
1914344688,45.15227,14.172733,2017-05-17T12:30:49,['1914344688_1'],['https://inaturalist-open-data.s3.amazonaws.com/photos/25893909/original.jpg']
2596345329,46.271865,12.343219,2017-05-26,['2596345329_1'],['https://inaturalist-open-data.s3.amazonaws.com/photos/64687029/original.jpg']
2845040397,46.31,13.49,2017-05-17,"['2845040397_1', '2845040397_2']","['https://observation.org/photos/20549239.jpg', 'https://observation.org/photos/20549261.jpg']"
4127402527,46.256837,13.546645,2017-05-04T12:00,['4127402527_1'],['https://inaturalist-open-data.s3.amazonaws.com/photos/282715605/original.jpg']
4974173021,45.222757,14.582174,2017-05-23T09:35,['4974173021_1'],['https://inaturalist-open-data.s3.amazonaws.com/photos/442952528/original.jpeg']
5935395217,42.37777,18.919373,2017-05-13,['5935395217_1'],['https://inaturalist-open-data.s3.amazonaws.com/photos/603303463/original.jpg']
4127070176,46.355709,13.586871,2017-06-21T10:37,['4127070176_1'],['https://inaturalist-open-data.s3.amazonaws.com/photos/283002641/original.jpg']
1838333413,43.913823,19.358638,2017-07-09,['1838333413_1'],['https://inaturalist-open-data.s3.amazonaws.com/photos/15367225/original.jpg']
6129963470,46.422168,13.867881,2017-07-29T10:09,['6129963470_1'],['https://inaturalist-open-data.s3.amazonaws.com/photos/606844334/original.jpg']
2835954585,39.1,20.63,2016-04-28,['2835954585_1'],['https://observation.org/photos/12012442.jpg']
5843961845,43.858354,15.725923,2016-04-23T14:55,['5843961845_1'],['https://inaturalist-open-data.s3.amazonaws.com/photos/578112751/original.jpg']
5844158665,44.50222,16.135926,2016-04-20T16:33,"['5844158665_1', '5844158665_2', '5844158665_3']","['https://inaturalist-open-data.s3.amazonaws.com/photos/577824202/original.jpg', 'https://inaturalist-open-data.s3.amazonaws.com/photos/577824446/original.jpg', 'https://inaturalist-open-data.s3.amazonaws.com/photos/577825069/original.jpg']"
5844257660,44.382788,16.068302,2016-04-18T12:17,['5844257660_1'],['https://inaturalist-open-data.s3.amazonaws.com/photos/577783034/original.jpg']
5844349928,44.544576,16.122669,2016-04-20T17:46,['5844349928_1'],['https://inaturalist-open-data.s3.amazonaws.com/photos/577824705/original.jpg']
5844612873,44.389668,16.001464,2016-04-18T12:17,"['5844612873_1', '5844612873_2']","['https://inaturalist-open-data.s3.amazonaws.com/photos/577783091/original.jpg', 'https://inaturalist-open-data.s3.amazonaws.com/photos/577784976/original.jpg']"
3097169034,44.192285,17.865734,2016-05-14T15:17,['3097169034_1'],['https://inaturalist-open-data.s3.amazonaws.com/photos/121584806/original.jpeg']
5020081131,40.977955,25.017757,2016-05-08T00:00,['5020081131_1'],['http://live.staticflickr.com/7536/28076728221_989914fc51_b.jpg']
1273855712,44.46568,15.0484,2016-06-19T20:52:49,"['1273855712_1', '1273855712_2', '1273855712_3']","['https://inaturalist-open-data.s3.amazonaws.com/photos/4073989/original.JPG', 'https://inaturalist-open-data.s3.amazonaws.com/photos/4073990/original.JPG', 'https://inaturalist-open-data.s3.amazonaws.com/photos/4073991/original.JPG']"
1273855736,44.65477,14.77231,2016-06-20T00:09:55,['1273855736_1'],['https://inaturalist-open-data.s3.amazonaws.com/photos/4074003/original.JPG']
1291094995,44.615339,15.631088,2016-06-23T16:13:25,['1291094995_1'],['https://inaturalist-open-data.s3.amazonaws.com/photos/4131457/original.JPG']
1291105271,44.29413,15.67107,2016-06-30T11:01:13,['1291105271_1'],['https://inaturalist-open-data.s3.amazonaws.com/photos/4177258/original.JPG']
5935400144,42.378514,18.838841,2016-06-29,['5935400144_1'],['https://inaturalist-open-data.s3.amazonaws.com/photos/603303465/original.jpg']
6130158334,46.484325,13.873461,2016-06-25T11:35,['6130158334_1'],['https://inaturalist-open-data.s3.amazonaws.com/photos/606844315/original.jpg']
6130182430,46.595865,13.932523,2016-06-25T10:29,['6130182430_1'],['https://inaturalist-open-data.s3.amazonaws.com/photos/606844355/original.jpg']
6131109270,46.458895,13.967644,2016-06-25T11:46,['6131109270_1'],['https://inaturalist-open-data.s3.amazonaws.com/photos/606844276/original.jpg']
1883514716,42.721288,18.076262,2016-07-02T16:26,['1883514716_1'],['https://inaturalist-open-data.s3.amazonaws.com/photos/21261224/original.jpeg']
2839578149,42.46,19.92,2016-07-17,['2839578149_1'],['https://observation.org/photos/11587763.jpg']
3822191791,38.841131,20.846084,2016-07-10,['3822191791_1'],['https://observation.org/photos/11416200.jpg']
3915611154,43.613898,18.48536,2016-07-01T17:31,"['3915611154_1', '3915611154_2']","['https://inaturalist-open-data.s3.amazonaws.com/photos/232931772/original.jpeg', 'https://inaturalist-open-data.s3.amazonaws.com/photos/232931849/original.jpeg']"
4901569538,46.351746,13.67368,2016-07-04T09:11,"['4901569538_1', '4901569538_2', '4901569538_3', '4901569538_4', '4901569538_5']","['https://inaturalist-open-data.s3.amazonaws.com/photos/395687000/original.jpeg', 'https://inaturalist-open-data.s3.amazonaws.com/photos/395687053/original.jpeg', 'https://inaturalist-open-data.s3.amazonaws.com/photos/395687055/original.jpeg', 'https://inaturalist-open-data.s3.amazonaws.com/photos/395687063/original.jpeg', 'https://inaturalist-open-data.s3.amazonaws.com/photos/395687110/original.jpeg']"
4923744585,45.127776,13.815237,2016-07-22T07:41,"['4923744585_1', '4923744585_2']","['https://inaturalist-open-data.s3.amazonaws.com/photos/417239852/original.jpg', 'https://inaturalist-open-data.s3.amazonaws.com/photos/417239854/original.jpg']"
5016929681,41.041363,22.578621,2016-07-05T00:00,['5016929681_1'],['http://live.staticflickr.com/7753/27704809624_ca7f5a1286_b.jpg']
1913675512,46.570182,15.634593,2016-08-03T17:59,"['1913675512_1', '1913675512_2']","['https://inaturalist-open-data.s3.amazonaws.com/photos/24938133/original.jpeg', 'https://inaturalist-open-data.s3.amazonaws.com/photos/24938555/original.jpeg']"
3008384698,44.9482,14.88452,2016-08-09T13:25:10,['3008384698_1'],['https://inaturalist-open-data.s3.amazonaws.com/photos/107745062/original.jpg']
6195845107,44.950676,14.859331,2016-08-09T13:25,['6195845107_1'],['https://inaturalist-open-data.s3.amazonaws.com/photos/636464079/original.jpg']
2814207285,45.463559,14.850979,2016-09-07T15:49,['2814207285_1'],['https://inaturalist-open-data.s3.amazonaws.com/photos/81582629/original.jpg']
2839977756,39.65574,19.748591,2016-10-18,['2839977756_1'],['https://observation.org/photos/12327445.jpg']
3068100612,45.239258,13.943729,2015-04-02T10:07,['3068100612_1'],['https://inaturalist-open-data.s3.amazonaws.com/photos/116521474/original.jpeg']
3963399901,44.287289,15.507364,2015-04-27T12:09,['3963399901_1'],['https://inaturalist-open-data.s3.amazonaws.com/photos/241538973/original.jpg']
3418862249,39.786847,19.876151,2015-05-31,['3418862249_1'],['https://files.spotteron.com/images/spots/000002/2015/06/bdaf5dd2d5-556c04a971a90-kreuzotter.jpg']
4034630571,45.082784,14.55143,2015-05-14T10:42,['4034630571_1'],['https://inaturalist-open-data.s3.amazonaws.com/photos/216488963/original.jpeg']
4535909415,42.379881,18.841724,2015-05-19T11:15,['4535909415_1'],['https://inaturalist-open-data.s3.amazonaws.com/photos/354197517/original.jpeg']
5844276345,43.966112,15.539375,2015-05-28T14:15,['5844276345_1'],['https://inaturalist-open-data.s3.amazonaws.com/photos/579474776/original.jpg']
5844314007,43.947708,15.515342,2015-05-28T12:06,['5844314007_1'],['https://inaturalist-open-data.s3.amazonaws.com/photos/579473141/original.jpg']
2832638250,40.87,20.988,2015-06-10,"['2832638250_1', '2832638250_2']","['https://observation.org/photos/10174854.jpg', 'https://observation.org/photos/10174855.jpg']"
2839444181,44.901347,15.611429,2015-06-24,['2839444181_1'],['https://observation.org/photos/9992198.jpg']
2840076011,44.901301,15.609913,2015-06-23,['2840076011_1'],['https://observation.org/photos/9992197.jpg']
5158378575,40.967144,20.79684,2015-06-11,['5158378575_1'],['https://observation.org/photos/117415219.jpg']
5762091731,41.00458,21.244961,2015-06-05,['5762091731_1'],['https://observation.org/photos/117411654.jpg']
5830300429,44.653974,15.089996,2015-06-03T12:52,['5830300429_1'],['https://inaturalist-open-data.s3.amazonaws.com/photos/568294019/original.jpg']
5830853596,44.75521,15.19529,2015-06-03T12:20,['5830853596_1'],['https://inaturalist-open-data.s3.amazonaws.com/photos/568293993/original.jpg']
5830868574,44.696995,15.087043,2015-06-04T13:38,"['5830868574_1', '5830868574_2']","['https://inaturalist-open-data.s3.amazonaws.com/photos/568294032/original.jpg', 'https://inaturalist-open-data.s3.amazonaws.com/photos/568295058/original.jpg']"
3408014420,44.546158,15.233569,2015-08-22T16:05,['3408014420_1'],['https://inaturalist-open-data.s3.amazonaws.com/photos/107284480/original.jpg']
4067724425,44.608684,22.26025,2014-04-26T15:57,['4067724425_1'],['https://inaturalist-open-data.s3.amazonaws.com/photos/261808981/original.jpg']
5026258552,46.334572,13.644878,2014-04-26T00:00,['5026258552_1'],['http://live.staticflickr.com/5224/14016720812_4db4688fa2_b.jpg']
2838990528,37.93839,24.818895,2014-05-03,"['2838990528_1', '2838990528_2']","['https://observation.org/photos/6532597.jpg', 'https://observation.org/photos/6539906.jpg']"
2843773558,44.72,22.39,2014-05-18,"['2843773558_1', '2843773558_2']","['https://observation.org/photos/23639473.jpg', 'https://observation.org/photos/23639483.jpg']"
3005157102,45.261091,15.2017,2014-05-20T11:50,"['3005157102_1', '3005157102_2']","['https://inaturalist-open-data.s3.amazonaws.com/photos/107533316/original.jpeg', 'https://inaturalist-open-data.s3.amazonaws.com/photos/107533321/original.jpeg']"
3881605006,42.251264,19.081836,2014-05-12T09:44,['3881605006_1'],['https://inaturalist-open-data.s3.amazonaws.com/photos/218487518/original.jpg']
4056054414,41.400042,25.989342,2014-05-20,"['4056054414_1', '4056054414_2']","['https://observation.org/photos/58245452.jpg', 'https://observation.org/photos/58245453.jpg']"
4424379536,43.802004,19.495106,2014-06-23T17:02,"['4424379536_1', '4424379536_2']","['https://inaturalist-open-data.s3.amazonaws.com/photos/276263408/original.jpeg', 'https://inaturalist-open-data.s3.amazonaws.com/photos/276263350/original.jpeg']"
5087382775,44.876962,15.610176,2014-07-20T13:01,['5087382775_1'],['https://inaturalist-open-data.s3.amazonaws.com/photos/473683325/original.jpeg']
5087482017,44.315552,15.474472,2014-07-16T05:11,['5087482017_1'],['https://inaturalist-open-data.s3.amazonaws.com/photos/473698424/original.jpeg']
1024219297,44.900921,15.609984,2014-08-29,['1024219297_1'],['https://inaturalist-open-data.s3.amazonaws.com/photos/1086447/original.JPG']
6151519769,46.180021,13.813745,2014-08-11,"['6151519769_1', '6151519769_2']","['https://observation.org/photos/143147929.jpg', 'https://observation.org/photos/143147931.jpg']"
2862371844,44.343797,15.479333,2014-09-07T12:42,['2862371844_1'],['https://inaturalist-open-data.s3.amazonaws.com/photos/93757949/original.jpeg']
2862374888,44.343797,15.479333,2014-09-07T12:41,"['2862374888_1', '2862374888_2']","['https://inaturalist-open-data.s3.amazonaws.com/photos/93757915/original.jpeg', 'https://inaturalist-open-data.s3.amazonaws.com/photos/93757886/original.jpeg']"
2862489856,44.343797,15.479333,2014-09-07T16:43,['2862489856_1'],['https://inaturalist-open-data.s3.amazonaws.com/photos/93758062/original.jpeg']
3090706643,44.331415,15.471613,2014-09-07T12:51,"['3090706643_1', '3090706643_2']","['https://inaturalist-open-data.s3.amazonaws.com/photos/67789327/original.jpeg', 'https://inaturalist-open-data.s3.amazonaws.com/photos/67789511/original.jpeg']"
2839018597,41.707644,25.707822,2013-04-30,['2839018597_1'],['https://observation.org/photos/4675646.jpg']
4029170772,45.004132,21.85481,2013-04-28,['4029170772_1'],['https://inaturalist-open-data.s3.amazonaws.com/photos/254579577/original.jpeg']
5867779150,44.246537,15.55383,2013-04-28T11:55,"['5867779150_1', '5867779150_2', '5867779150_3']","['https://inaturalist-open-data.s3.amazonaws.com/photos/580470921/original.jpg', 'https://inaturalist-open-data.s3.amazonaws.com/photos/580470933/original.jpg', 'https://inaturalist-open-data.s3.amazonaws.com/photos/580470924/original.jpg']"
891151578,45.849369,22.875595,2013-05-04,"['891151578_1', '891151578_2', '891151578_3', '891151578_4', '891151578_5', '891151578_6']","['https://inaturalist-open-data.s3.amazonaws.com/photos/327615/original.jpg', 'https://inaturalist-open-data.s3.amazonaws.com/photos/327616/original.jpg', 'https://inaturalist-open-data.s3.amazonaws.com/photos/327617/original.jpg', 'https://inaturalist-open-data.s3.amazonaws.com/photos/327618/original.jpg', 'https://inaturalist-open-data.s3.amazonaws.com/photos/327619/original.jpg', 'https://inaturalist-open-data.s3.amazonaws.com/photos/327620/original.jpg']"
3337924498,46.318077,13.492646,2013-06-12T11:57,['3337924498_1'],['https://inaturalist-open-data.s3.amazonaws.com/photos/149497428/original.jpeg']
2999069096,45.27207,15.393878,2013-08-22T18:22,['2999069096_1'],['https://inaturalist-open-data.s3.amazonaws.com/photos/106918365/original.jpeg']
5238097172,43.117665,16.879938,2013-08-02T08:09,['5238097172_1'],['https://inaturalist-open-data.s3.amazonaws.com/photos/542447640/original.jpg']
3005147582,45.310915,15.185041,2013-10-19T12:24,['3005147582_1'],['https://inaturalist-open-data.s3.amazonaws.com/photos/106925932/original.jpeg']
4926051708,41.871941,19.360068,2012-04-30T13:22:32,['4926051708_1'],['https://inaturalist-open-data.s3.amazonaws.com/photos/2683450/original.jpg']
4926117008,41.872757,19.359627,2012-04-30,['4926117008_1'],['https://inaturalist-open-data.s3.amazonaws.com/photos/118291/original.jpg']
2838410839,39.737736,19.836738,2012-05-05,['2838410839_1'],['https://observation.org/photos/3353079.jpg']
3032010935,44.268655,15.477143,2012-05-08T09:58,"['3032010935_1', '3032010935_2']","['https://inaturalist-open-data.s3.amazonaws.com/photos/110307877/original.jpeg', 'https://inaturalist-open-data.s3.amazonaws.com/photos/110307978/original.jpeg']"
4926103654,42.414454,18.823824,2012-05-02,['4926103654_1'],['https://inaturalist-open-data.s3.amazonaws.com/photos/117851/original.jpg']
3384535795,45.149946,13.605258,2012-06-25T07:25,['3384535795_1'],['https://inaturalist-open-data.s3.amazonaws.com/photos/160620782/original.jpeg']
3904961483,46.65,13.85,2012-06-15,"['3904961483_1', '3904961483_2']","['https://observation.org/photos/53306053.jpg', 'https://observation.org/photos/53306054.jpg']"
5292441114,45.329071,13.91823,2012-06-13T21:57,['5292441114_1'],['https://inaturalist-open-data.s3.amazonaws.com/photos/550914497/original.jpg']
4926202831,42.355952,19.77912,2012-09-10T11:19,['4926202831_1'],['https://inaturalist-open-data.s3.amazonaws.com/photos/419459893/original.jpeg']
4954265234,42.122859,19.587872,2012-09-12T16:18,"['4954265234_1', '4954265234_2']","['https://inaturalist-open-data.s3.amazonaws.com/photos/441831839/original.jpeg', 'https://inaturalist-open-data.s3.amazonaws.com/photos/441832299/original.jpeg']"
5897310089,43.970165,16.351927,2012-10-20T11:37,['5897310089_1'],['https://inaturalist-open-data.s3.amazonaws.com/photos/590713532/original.jpg']
4458454559,44.966569,22.511359,2011-04-18,['4458454559_1'],['https://inaturalist-open-data.s3.amazonaws.com/photos/338570468/original.jpg']
4597573215,44.310093,15.474588,2011-04-20T14:41,['4597573215_1'],['https://inaturalist-open-data.s3.amazonaws.com/photos/358322892/original.jpeg']
5908939063,44.054905,20.181791,2011-04-24T10:49,['5908939063_1'],['https://inaturalist-open-data.s3.amazonaws.com/photos/597033279/original.jpg']
2838590780,38.779246,20.643654,2011-05-08,"['2838590780_1', '2838590780_2']","['https://observation.org/photos/22470075.jpg', 'https://observation.org/photos/22470076.jpg']"
3070536884,45.61965,13.883536,2011-06-12T10:33,"['3070536884_1', '3070536884_2']","['https://inaturalist-open-data.s3.amazonaws.com/photos/117782941/original.jpeg', 'https://inaturalist-open-data.s3.amazonaws.com/photos/117783817/original.jpeg']"
1305145619,45.828107,15.837049,2011-07-02T15:57,"['1305145619_1', '1305145619_2', '1305145619_3', '1305145619_4', '1305145619_5']","['https://inaturalist-open-data.s3.amazonaws.com/photos/4600405/original.jpeg', 'https://inaturalist-open-data.s3.amazonaws.com/photos/4600496/original.jpeg', 'https://inaturalist-open-data.s3.amazonaws.com/photos/4600497/original.jpeg', 'https://inaturalist-open-data.s3.amazonaws.com/photos/4600498/original.jpeg', 'https://inaturalist-open-data.s3.amazonaws.com/photos/4600499/original.jpeg']"
1305145712,45.827868,15.836878,2011-07-02T07:50,"['1305145712_1', '1305145712_2', '1305145712_3', '1305145712_4']","['https://inaturalist-open-data.s3.amazonaws.com/photos/4600506/original.jpeg', 'https://inaturalist-open-data.s3.amazonaws.com/photos/4600602/original.jpeg', 'https://inaturalist-open-data.s3.amazonaws.com/photos/4600603/original.jpeg', 'https://inaturalist-open-data.s3.amazonaws.com/photos/4600604/original.jpeg']"
1305145750,45.827766,15.837307,2011-07-02T15:47,"['1305145750_1', '1305145750_2', '1305145750_3', '1305145750_4', '1305145750_5']","['https://inaturalist-open-data.s3.amazonaws.com/photos/4600510/original.jpeg', 'https://inaturalist-open-data.s3.amazonaws.com/photos/4600615/original.jpeg', 'https://inaturalist-open-data.s3.amazonaws.com/photos/4600616/original.jpeg', 'https://inaturalist-open-data.s3.amazonaws.com/photos/4600617/original.jpeg', 'https://inaturalist-open-data.s3.amazonaws.com/photos/4600618/original.jpeg']"
2832244388,42.262793,27.065516,2011-07-19,"['2832244388_1', '2832244388_2']","['https://observation.org/photos/2601156.jpg', 'https://observation.org/photos/2601157.jpg']"
5006824207,43.322569,16.585353,2010-05-16T13:34,"['5006824207_1', '5006824207_2']","['https://inaturalist-open-data.s3.amazonaws.com/photos/457684964/original.jpeg', 'https://inaturalist-open-data.s3.amazonaws.com/photos/457685273/original.jpeg']"
5892818497,45.377362,14.152205,2010-05-01T17:22,['5892818497_1'],['https://inaturalist-open-data.s3.amazonaws.com/photos/589692181/original.jpg']
5892467579,44.530139,15.19024,2010-06-06T12:03,['5892467579_1'],['https://inaturalist-open-data.s3.amazonaws.com/photos/589293696/original.jpg']
4058098494,45.742802,14.235809,2010-07-19,"['4058098494_1', '4058098494_2']","['https://observation.org/photos/62271469.jpg', 'https://observation.org/photos/62271470.jpg']"
4058174390,45.987865,13.633937,2010-07-20,['4058174390_1'],['https://observation.org/photos/62385426.jpg']
5069833284,45.694953,15.328005,2009-04-13T14:00,['5069833284_1'],['https://inaturalist-open-data.s3.amazonaws.com/photos/467158650/original.jpeg']
5867906571,44.344379,15.479918,2009-04-10T17:31,['5867906571_1'],['https://inaturalist-open-data.s3.amazonaws.com/photos/580497159/original.jpg']
4881388731,44.85477,15.65157,2009-05-26,"['4881388731_1', '4881388731_2']","['https://observation.org/photos/83194200.jpg', 'https://observation.org/photos/83194201.jpg']"
4946714667,43.305271,17.035386,2009-06-03T10:13,"['4946714667_1', '4946714667_2']","['https://inaturalist-open-data.s3.amazonaws.com/photos/431237365/original.jpeg', 'https://inaturalist-open-data.s3.amazonaws.com/photos/431237369/original.jpeg']"
2835481418,40.909638,21.157265,2009-07-15,['2835481418_1'],['https://observation.org/photos/1949817.jpg']
2832297733,41.863041,19.35894,2008-04-27,"['2832297733_1', '2832297733_2', '2832297733_3']","['https://observation.org/photos/3211809.jpg', 'https://observation.org/photos/3211810.jpg', 'https://observation.org/photos/3211813.jpg']"
2835575781,42.220965,19.207984,2008-04-29,['2835575781_1'],['https://observation.org/photos/3211990.jpg']
5890028920,45.145258,15.079246,2008-04-27T14:30,['5890028920_1'],['https://inaturalist-open-data.s3.amazonaws.com/photos/583268364/original.jpg']
2840293658,42.783011,19.422301,2008-05-01,['2840293658_1'],['https://observation.org/photos/3212136.jpg']
4431169974,43.2937,16.875043,2008-06-18T13:24,['4431169974_1'],['https://inaturalist-open-data.s3.amazonaws.com/photos/329319714/original.jpeg']
3415735295,41.979773,20.541493,2008-08-03T16:04,"['3415735295_1', '3415735295_2', '3415735295_3']","['https://inaturalist-open-data.s3.amazonaws.com/photos/168224742/original.jpg', 'https://inaturalist-open-data.s3.amazonaws.com/photos/168225236/original.jpg', 'https://inaturalist-open-data.s3.amazonaws.com/photos/168225248/original.jpg']"
4919212339,46.359852,13.173823,2007-04-30T19:05,"['4919212339_1', '4919212339_2']","['https://inaturalist-open-data.s3.amazonaws.com/photos/410913960/original.jpeg', 'https://inaturalist-open-data.s3.amazonaws.com/photos/410913963/original.jpeg']"
2832771397,44.365434,16.372476,2007-05-11,['2832771397_1'],['https://observation.org/photos/11724966.jpg']
2833006422,44.365434,16.372476,2007-06-15,['2833006422_1'],['https://observation.org/photos/11725102.jpg']
2988641597,45.274174,15.209045,2007-09-30T10:34,"['2988641597_1', '2988641597_2']","['https://inaturalist-open-data.s3.amazonaws.com/photos/105152116/original.jpeg', 'https://inaturalist-open-data.s3.amazonaws.com/photos/105152127/original.jpeg']"
1944415979,45.114671,14.156364,2006-07-23T10:35,['1944415979_1'],['https://inaturalist-open-data.s3.amazonaws.com/photos/28135545/original.jpg']
2988602000,45.259951,15.199451,2006-07-11T11:43,"['2988602000_1', '2988602000_2']","['https://inaturalist-open-data.s3.amazonaws.com/photos/104365914/original.jpeg', 'https://inaturalist-open-data.s3.amazonaws.com/photos/104365935/original.jpeg']"
4525123743,44.117841,16.356173,2006-08-11T18:44,['4525123743_1'],['https://inaturalist-open-data.s3.amazonaws.com/photos/351636320/original.jpeg']
5827406270,43.083445,17.43017,2005-05-24T12:06,['5827406270_1'],['https://inaturalist-open-data.s3.amazonaws.com/photos/564340541/original.jpg']
5827566716,42.950731,17.566618,2005-05-25T15:22,"['5827566716_1', '5827566716_2', '5827566716_3', '5827566716_4']","['https://inaturalist-open-data.s3.amazonaws.com/photos/564342562/original.jpg', 'https://inaturalist-open-data.s3.amazonaws.com/photos/564342886/original.jpg', 'https://inaturalist-open-data.s3.amazonaws.com/photos/564342891/original.jpg', 'https://inaturalist-open-data.s3.amazonaws.com/photos/564342899/original.jpg']"
4950042938,44.865397,15.582012,2004-09-18T16:51,['4950042938_1'],['https://inaturalist-open-data.s3.amazonaws.com/photos/432237250/original.jpeg']
2838360225,39.650376,19.815753,2004-10-01,"['2838360225_1', '2838360225_2']","['https://observation.org/photos/4064648.jpg', 'https://observation.org/photos/4064649.jpg']"
3399430425,45.208281,15.302462,2003-08-17T09:10,['3399430425_1'],['https://inaturalist-open-data.s3.amazonaws.com/photos/166016410/original.jpeg']
5028539267,40.089596,22.481632,2000-05-10T00:00,['5028539267_1'],['http://live.staticflickr.com/7163/6816253083_a5f06697fb_b.jpg']
4156495100,44.977533,14.659761,1991-04-28,['4156495100_1'],['https://observation.org/photos/63056308.jpg']
2838720486,37.159443,22.711544,1988-05-05,['2838720486_1'],['https://observation.org/photos/4561509.jpg']
